synthetic_loan_id,branch_id,branch_name,brand,model_code,vehicle_category,base_price,down_payment,down_payment_pct,principal,term_months,monthly_amortization,dti_ratio,monthly_income,employment_type,residential_ownership,civil_status,length_of_stay_years,paid_terms_count,term_progress_ratio,rebate_streak,late_penalty_streak,overdue_count,total_arrears,partial_payment_ratio,on_time_reliability,ci_negative_flags,has_phone_bounce,current_status,avg_days_on_lot,season_month,trailing_sales_count,monthly_sales_velocity,realization_rate,early_settlement_target,will_default_90d,lifecycle_outcome
SYNTH-00001,3,TUBOD,HONDA,ADV160,Adventure Scooter,166900.0,50070.0,0.3,116830.0,12,12467.15,0.3466,35973.71,Employed (Private/Gov),Living with Parents/Relatives,Married,6.1,0,0.1667,1,1,4,49868.6,0.197,0.469,1,1,defaulted,48.9,10,2,2.35,0.5,0,1,defaulted
SYNTH-00002,1,LALA,SUZUKI,SMASH 115,Underbone,62400.0,9360.0,0.15,53040.0,24,3470.8,0.1,34713.68,Public School Teacher,Rented (Apartment/House),Married,9.1,0,0.0417,1,2,1,3470.8,0.046,0.646,0,0,delinquent,26.0,6,3,3.33,0.5,0,1,defaulted
SYNTH-00003,1,LALA,HONDA,PCX160,Maxi-Scooter,134900.0,33725.0,0.25,101175.0,36,5033.92,0.2104,23923.01,BPO / Call Center Agent,Owned (Clean Title),Married,8.0,16,0.4722,0,2,1,5033.92,0.068,0.692,0,0,delinquent,38.3,7,3,3.21,0.6731,0,0,completed
SYNTH-00004,1,LALA,SUZUKI,SMASH 115,Underbone,62400.0,6240.0,0.1,56160.0,36,2883.2,0.065,44378.64,OFW Remittance / Dependent,Living with Parents/Relatives,Married,7.1,15,0.4167,5,0,0,0.0,0.0,0.876,0,0,active,47.6,4,4,3.9,0.9018,0,0,completed
SYNTH-00005,1,LALA,YAMAHA,MIO FAZZIO,Retro Scooter,93900.0,14085.0,0.15,79815.0,12,8580.57,0.2276,37698.27,OFW Remittance / Dependent,Rented (Apartment/House),Married,6.0,3,0.3333,1,3,1,8580.57,0.423,0.215,0,1,delinquent,27.1,3,3,2.57,0.5,0,1,defaulted
SYNTH-00006,2,KAPATAGAN,YAMAHA,MIO FAZZIO,Retro Scooter,93900.0,9390.0,0.1,84510.0,36,4237.7,0.0466,90896.38,OFW Remittance / Dependent,Owned (Inherited/Tax Dec),Married,12.8,15,0.4167,1,0,0,0.0,0.0,0.995,0,0,active,60.7,6,3,3.31,0.8822,0,0,completed
SYNTH-00007,2,KAPATAGAN,KAWASAKI,CT100B,Backbone/Utility,54000.0,10800.0,0.2,43200.0,12,4736.0,0.1524,31074.81,Employed (Private/Gov),Owned (Inherited/Tax Dec),Married,5.5,6,0.5833,3,0,1,4736.0,0.124,0.668,0,0,delinquent,39.8,12,4,3.69,0.7278,0,0,completed
SYNTH-00008,3,TUBOD,YAMAHA,NMAX 155,Maxi-Scooter,151900.0,18228.0,0.12,133672.0,12,14235.56,0.5556,25620.42,Sari-Sari / Small Retail,Rented (Apartment/House),Married,5.2,8,0.75,0,1,1,14235.56,0.382,0.644,0,1,delinquent,50.1,11,3,3.31,0.7581,0,1,defaulted
SYNTH-00009,2,KAPATAGAN,HONDA,PCX160,Maxi-Scooter,134900.0,33725.0,0.25,101175.0,24,6439.12,0.2579,24964.69,BPO / Call Center Agent,Rented (Apartment/House),Widowed,5.5,0,0.0417,1,1,3,19317.36,0.249,0.48,0,0,defaulted,27.9,3,3,2.86,0.5,0,1,defaulted
SYNTH-00010,2,KAPATAGAN,HONDA,CLICK 125I,Scooter,81400.0,8140.0,0.1,73260.0,24,4717.7,0.2029,23250.1,Tricycle / PUV Operator,Living with Parents/Relatives,Married,13.9,19,0.875,0,2,2,9435.4,0.186,0.412,0,1,defaulted,40.9,9,4,4.28,0.5,0,0,defaulted
SYNTH-00011,1,LALA,YAMAHA,MIO SPORTY,Scooter,73900.0,11085.0,0.15,62815.0,36,3201.16,0.1075,29785.04,BPO / Call Center Agent,Owned (Clean Title),Single,15.3,16,0.4444,1,0,0,0.0,0.0,0.914,0,0,active,27.3,4,5,4.9,0.9623,0,0,completed
SYNTH-00012,3,TUBOD,HONDA,PCX160,Maxi-Scooter,134900.0,33725.0,0.25,101175.0,36,5033.92,0.1283,39228.26,Employed (Private/Gov),Rented (Apartment/House),Single,6.7,7,0.25,0,4,2,10067.84,0.377,0.385,1,0,defaulted,61.1,4,2,1.82,0.5,0,1,defaulted
SYNTH-00013,3,TUBOD,HONDA,WAVE RSX,Underbone,64900.0,19470.0,0.3,45430.0,36,2370.54,0.1077,22005.79,Tricycle / PUV Operator,Living with Parents/Relatives,Widowed,12.6,23,0.6667,0,4,1,2370.54,0.206,0.562,1,1,delinquent,54.4,9,3,3.34,0.5649,0,1,defaulted
SYNTH-00014,1,LALA,SUZUKI,BURGMAN STREET 125,Maxi-Scooter,83400.0,8340.0,0.1,75060.0,36,3786.2,0.1057,35834.98,Public School Teacher,Owned (Clean Title),Single,9.8,15,0.4167,2,0,0,0.0,0.0,0.884,0,0,active,57.3,1,3,2.9,0.8161,0,0,completed
SYNTH-00015,2,KAPATAGAN,HONDA,PCX160,Maxi-Scooter,134900.0,16188.0,0.12,118712.0,36,5871.8,0.2444,24025.57,Sari-Sari / Small Retail,Owned (Inherited/Tax Dec),Married,5.8,33,0.9722,0,4,2,11743.6,0.186,0.3,0,0,defaulted,27.8,2,2,1.94,0.5,0,1,defaulted
SYNTH-00016,3,TUBOD,YAMAHA,NMAX 155,Maxi-Scooter,151900.0,45570.0,0.3,106330.0,24,6757.02,0.0862,78406.6,OFW Remittance / Dependent,Rented (Apartment/House),Widowed,7.4,1,0.0833,0,0,1,6757.02,0.144,0.843,0,0,delinquent,26.5,2,3,2.41,0.8424,0,0,completed
SYNTH-00017,1,LALA,HONDA,WAVE RSX,Underbone,64900.0,9735.0,0.15,55165.0,24,3601.84,0.0937,38421.61,Public School Teacher,Rented (Apartment/House),Married,22.6,14,0.625,1,0,1,3601.84,0.136,0.67,0,0,delinquent,36.9,2,4,3.85,0.6528,0,0,completed
SYNTH-00018,1,LALA,SUZUKI,SMASH 115,Underbone,62400.0,7488.0,0.12,54912.0,36,2823.57,0.122,23142.7,Agri / Farmer / Fisherfolk,Owned (Clean Title),Single,10.2,7,0.3056,0,4,4,11294.28,0.26,0.528,1,0,defaulted,39.5,7,4,4.49,0.5702,0,1,defaulted
SYNTH-00019,1,LALA,YAMAHA,MIO FAZZIO,Retro Scooter,93900.0,28170.0,0.3,65730.0,24,4253.35,0.1115,38132.49,OFW Remittance / Dependent,Rented (Apartment/House),Married,4.6,16,0.75,1,4,2,8506.7,0.353,0.466,1,1,defaulted,22.5,12,5,4.87,0.5362,0,1,defaulted
SYNTH-00020,3,TUBOD,HONDA,CLICK 160,Scooter,122900.0,24580.0,0.2,98320.0,12,10523.6,0.6681,15750.79,Tricycle / PUV Operator,Living with Parents/Relatives,Single,8.8,8,0.75,1,2,1,10523.6,0.431,0.374,0,1,delinquent,16.2,10,4,3.69,0.5,0,1,defaulted
SYNTH-00021,1,LALA,KAWASAKI,P24KK (BARAKO II),Backbone/Tricycle,68500.0,6850.0,0.1,61650.0,24,4001.75,0.1147,34881.1,BPO / Call Center Agent,Owned (Clean Title),Married,2.8,19,0.8333,0,1,1,4001.75,0.079,0.739,0,0,delinquent,59.3,12,5,4.93,0.8401,0,0,completed
SYNTH-00022,2,KAPATAGAN,KAWASAKI,P24KK (BARAKO II),Backbone/Tricycle,68500.0,10275.0,0.15,58225.0,36,2981.86,0.0536,55638.36,OFW Remittance / Dependent,Rented (Apartment/House),Married,10.4,30,0.8333,2,0,0,0.0,0.109,0.687,0,0,active,14.6,2,5,5.43,0.7055,0,0,completed
SYNTH-00023,1,LALA,SUZUKI,SMASH 115,Underbone,62400.0,6240.0,0.1,56160.0,36,2883.2,0.072,40051.51,Public School Teacher,Living with Parents/Relatives,Married,4.2,16,0.4444,2,1,0,0.0,0.082,0.64,0,0,active,22.3,5,5,5.46,0.6715,0,0,completed
SYNTH-00024,3,TUBOD,SUZUKI,RAIDER 150 FI,Sport Underbone,119900.0,14388.0,0.12,105512.0,36,5241.13,0.2166,24202.55,Employed (Private/Gov),Living with Parents/Relatives,Single,10.4,15,0.4722,0,1,2,10482.26,0.345,0.536,1,0,defaulted,41.3,4,2,2.33,0.5755,0,1,defaulted
SYNTH-00025,3,TUBOD,KAWASAKI,CT100B,Backbone/Utility,54000.0,5400.0,0.1,48600.0,36,2522.0,0.1107,22773.06,Sari-Sari / Small Retail,Rented (Apartment/House),Married,4.0,3,0.1667,1,4,3,7566.0,0.442,0.31,1,0,defaulted,44.7,5,3,2.92,0.5,0,1,defaulted
SYNTH-00026,1,LALA,YAMAHA,AEROX 155,Sport Scooter,125400.0,37620.0,0.3,87780.0,12,9416.9,0.3913,24065.01,Sari-Sari / Small Retail,Rented (Apartment/House),Single,14.5,0,0.25,1,1,3,28250.7,0.209,0.422,0,1,defaulted,11.3,5,4,4.34,0.5,0,1,defaulted
SYNTH-00027,2,KAPATAGAN,HONDA,CLICK 160,Scooter,122900.0,18435.0,0.15,104465.0,36,5191.11,0.1403,37007.51,OFW Remittance / Dependent,Owned (Inherited/Tax Dec),Married,8.8,36,1.0,7,0,0,0.0,0.0,0.993,0,0,active,10.9,12,6,6.25,1.1,0,0,completed
SYNTH-00028,1,LALA,KAWASAKI,P24KK (BARAKO II),Backbone/Tricycle,68500.0,6850.0,0.1,61650.0,36,3145.5,0.1803,17441.4,Agri / Farmer / Fisherfolk,Owned (Inherited/Tax Dec),Married,10.2,8,0.3333,1,3,4,12582.0,0.406,0.634,0,0,defaulted,56.8,5,4,3.47,0.6086,0,1,defaulted
SYNTH-00029,1,LALA,HONDA,ADV160,Adventure Scooter,166900.0,33380.0,0.2,133520.0,12,14219.6,0.5817,24443.72,BPO / Call Center Agent,Owned (Clean Title),Widowed,4.8,4,0.5,0,2,2,28439.2,0.359,0.621,1,1,defaulted,43.8,2,2,2.05,0.5945,0,1,defaulted
SYNTH-00030,2,KAPATAGAN,YAMAHA,MIO GEAR 125,Scooter,79400.0,7940.0,0.1,71460.0,36,3614.2,0.1492,24229.69,Tricycle / PUV Operator,Rented (Apartment/House),Married,6.9,16,0.4722,0,3,1,3614.2,0.361,0.514,1,0,delinquent,54.5,6,3,2.67,0.5,0,1,defaulted
SYNTH-00031,2,KAPATAGAN,SUZUKI,RAIDER 150 FI,Sport Underbone,119900.0,35970.0,0.3,83930.0,12,9012.65,0.2617,34435.59,Employed (Private/Gov),Rented (Apartment/House),Married,7.8,4,0.5833,0,2,3,27037.95,0.3,0.43,0,0,defaulted,48.6,10,3,3.4,0.5,0,0,defaulted
SYNTH-00032,2,KAPATAGAN,HONDA,ADV160,Adventure Scooter,166900.0,25035.0,0.15,141865.0,36,6977.99,0.3334,20929.18,Tricycle / PUV Operator,Living with Parents/Relatives,Married,7.4,24,0.7222,1,3,2,13955.98,0.178,0.369,1,0,defaulted,35.6,12,2,2.03,0.5,0,1,defaulted
SYNTH-00033,1,LALA,SUZUKI,BURGMAN STREET 125,Maxi-Scooter,83400.0,10008.0,0.12,73392.0,24,4725.84,0.1753,26961.05,OFW Remittance / Dependent,Rented (Apartment/House),Single,8.2,10,0.5833,1,3,4,18903.36,0.161,0.214,0,0,defaulted,17.0,12,5,5.38,0.5,0,1,defaulted
SYNTH-00034,1,LALA,HONDA,PCX160,Maxi-Scooter,134900.0,16188.0,0.12,118712.0,36,5871.8,0.0795,73845.32,OFW Remittance / Dependent,Living with Parents/Relatives,Single,7.2,20,0.5556,4,0,0,0.0,0.0,0.943,0,0,active,45.1,3,3,3.65,1.0618,0,0,completed
SYNTH-00035,1,LALA,HONDA,CLICK 160,Scooter,122900.0,36870.0,0.3,86030.0,24,5505.18,0.2311,23824.0,Public School Teacher,Rented (Apartment/House),Single,7.5,15,0.7917,0,4,4,22020.72,0.282,0.322,0,1,defaulted,19.5,2,5,5.58,0.5,0,1,defaulted
SYNTH-00036,2,KAPATAGAN,KAWASAKI,P24KK (BARAKO II),Backbone/Tricycle,68500.0,6850.0,0.1,61650.0,24,4001.75,0.1154,34675.38,Public School Teacher,Rented (Apartment/House),Single,4.3,12,0.625,0,4,3,12005.25,0.348,0.522,0,0,defaulted,43.6,12,4,4.58,0.6116,0,1,defaulted
SYNTH-00037,3,TUBOD,YAMAHA,NMAX 155,Maxi-Scooter,151900.0,30380.0,0.2,121520.0,36,6005.96,0.5005,12000.0,Agri / Farmer / Fisherfolk,Rented (Apartment/House),Married,4.9,26,0.8056,0,2,3,18017.88,0.154,0.541,0,0,defaulted,15.4,5,3,3.66,0.5339,0,1,defaulted
SYNTH-00038,2,KAPATAGAN,HONDA,PCX160,Maxi-Scooter,134900.0,20235.0,0.15,114665.0,12,12239.82,1.02,12000.0,Tricycle / PUV Operator,Living with Parents/Relatives,Married,3.3,7,0.75,0,2,2,24479.64,0.27,0.395,1,0,defaulted,12.5,2,3,3.46,0.5,0,1,defaulted
SYNTH-00039,2,KAPATAGAN,YAMAHA,NMAX 155,Maxi-Scooter,151900.0,30380.0,0.2,121520.0,12,12959.6,0.1796,72177.83,OFW Remittance / Dependent,Rented (Apartment/House),Widowed,2.4,3,0.5833,1,1,4,51838.4,0.348,0.585,0,0,defaulted,42.2,7,3,3.02,0.5789,0,1,defaulted
SYNTH-00040,2,KAPATAGAN,SUZUKI,SMASH 115,Underbone,62400.0,12480.0,0.2,49920.0,12,5441.6,0.266,20454.07,Tricycle / PUV Operator,Owned (Inherited/Tax Dec),Widowed,9.8,5,0.6667,0,4,3,16324.8,0.287,0.489,0,0,defaulted,31.2,8,4,4.02,0.5096,0,1,defaulted
SYNTH-00041,1,LALA,SUZUKI,SMASH 115,Underbone,62400.0,12480.0,0.2,49920.0,12,5441.6,0.1589,34247.93,Employed (Private/Gov),Rented (Apartment/House),Single,4.4,2,0.25,0,2,1,5441.6,0.403,0.344,1,0,delinquent,48.3,6,3,2.88,0.5,0,1,defaulted
SYNTH-00042,2,KAPATAGAN,KAWASAKI,CT100B,Backbone/Utility,54000.0,10800.0,0.2,43200.0,36,2264.0,0.1027,22048.2,Agri / Farmer / Fisherfolk,Rented (Apartment/House),Married,8.0,0,0.0556,1,1,3,6792.0,0.235,0.562,1,1,defaulted,54.4,1,3,2.75,0.5111,0,0,defaulted
SYNTH-00043,1,LALA,KAWASAKI,P24KK (BARAKO II),Backbone/Tricycle,68500.0,13700.0,0.2,54800.0,12,5954.0,0.1573,37853.69,Public School Teacher,Owned (Clean Title),Married,7.2,11,0.9167,2,0,0,0.0,0.0,0.966,0,0,active,57.2,10,4,3.93,0.9824,0,0,completed
SYNTH-00044,1,LALA,YAMAHA,AEROX 155,Sport Scooter,125400.0,31350.0,0.25,94050.0,12,10075.25,0.3844,26211.44,Tricycle / PUV Operator,Living with Parents/Relatives,Married,5.0,10,1.0,1,1,2,20150.5,0.421,0.246,0,1,defaulted,27.6,5,3,3.01,0.5,0,1,defaulted
SYNTH-00045,3,TUBOD,YAMAHA,MIO FAZZIO,Retro Scooter,93900.0,28170.0,0.3,65730.0,24,4253.35,0.1489,28564.65,BPO / Call Center Agent,Owned (Inherited/Tax Dec),Single,10.8,7,0.3333,0,2,1,4253.35,0.014,0.826,0,0,delinquent,62.3,2,2,1.95,0.8357,0,0,completed
SYNTH-00046,3,TUBOD,HONDA,CLICK 160,Scooter,122900.0,36870.0,0.3,86030.0,12,9233.15,0.1172,78772.45,OFW Remittance / Dependent,Rented (Apartment/House),Married,12.0,5,0.5,0,1,1,9233.15,0.049,0.673,0,0,delinquent,53.5,11,3,3.28,0.8087,0,0,completed
SYNTH-00047,2,KAPATAGAN,HONDA,BEAT PREMIUM,Scooter,72400.0,18100.0,0.25,54300.0,24,3548.5,0.1375,25805.12,BPO / Call Center Agent,Owned (Inherited/Tax Dec),Married,6.6,15,0.6667,3,1,1,3548.5,0.133,0.71,0,0,delinquent,17.9,5,6,5.89,0.6852,0,0,completed
SYNTH-00048,2,KAPATAGAN,KAWASAKI,P24KK (BARAKO II),Backbone/Tricycle,68500.0,13700.0,0.2,54800.0,24,3579.33,0.1724,20762.29,Agri / Farmer / Fisherfolk,Rented (Apartment/House),Widowed,13.9,9,0.4583,0,4,2,7158.66,0.36,0.238,0,0,defaulted,14.7,10,5,5.08,0.5,0,1,defaulted
SYNTH-00049,3,TUBOD,KAWASAKI,CT100B,Backbone/Utility,54000.0,16200.0,0.3,37800.0,12,4169.0,0.14,29771.77,Sari-Sari / Small Retail,Owned (Clean Title),Married,4.9,3,0.5833,0,2,4,16676.0,0.376,0.644,0,0,defaulted,52.7,2,3,2.93,0.6224,0,1,defaulted
SYNTH-00050,2,KAPATAGAN,KAWASAKI,P24KK (BARAKO II),Backbone/Tricycle,68500.0,10275.0,0.15,58225.0,36,2981.86,0.1677,17777.54,BPO / Call Center Agent,Owned (Inherited/Tax Dec),Married,15.3,30,0.8611,2,1,1,2981.86,0.074,0.628,0,0,delinquent,13.1,5,5,4.9,0.6274,0,0,completed
SYNTH-00051,2,KAPATAGAN,KAWASAKI,P24KK (BARAKO II),Backbone/Tricycle,68500.0,17125.0,0.25,51375.0,12,5594.38,0.1327,42169.11,Employed (Private/Gov),Owned (Inherited/Tax Dec),Married,10.3,12,1.0,3,0,0,0.0,0.0,0.994,0,0,active,57.8,4,4,3.7,1.0003,0,0,completed
SYNTH-00052,1,LALA,YAMAHA,SNIPER 155,Sport Underbone,123900.0,18585.0,0.15,105315.0,36,5231.72,0.0949,55137.29,OFW Remittance / Dependent,Living with Parents/Relatives,Single,6.7,15,0.4167,6,0,0,0.0,0.0,0.933,0,0,active,44.6,1,3,3.17,0.8218,1,0,early_settled
SYNTH-00053,3,TUBOD,SUZUKI,SMASH 115,Underbone,62400.0,15600.0,0.25,46800.0,36,2436.0,0.0696,34976.4,Public School Teacher,Living with Parents/Relatives,Single,17.5,19,0.5278,12,0,0,0.0,0.0,0.938,0,0,active,44.1,11,3,3.34,1.0754,0,0,completed
SYNTH-00054,2,KAPATAGAN,HONDA,ADV160,Adventure Scooter,166900.0,33380.0,0.2,133520.0,24,8433.73,0.593,14221.25,Agri / Farmer / Fisherfolk,Owned (Clean Title),Married,4.5,8,0.4583,0,1,3,25301.19,0.325,0.359,0,0,defaulted,54.8,7,2,2.13,0.5,0,0,defaulted
SYNTH-00055,2,KAPATAGAN,HONDA,PCX160,Maxi-Scooter,134900.0,33725.0,0.25,101175.0,12,10823.38,0.5548,19507.93,Sari-Sari / Small Retail,Owned (Clean Title),Married,8.9,4,0.4167,0,2,1,10823.38,0.435,0.57,0,0,delinquent,33.0,10,2,2.52,0.5923,0,1,defaulted
SYNTH-00056,1,LALA,SUZUKI,RAIDER 150 FI,Sport Underbone,119900.0,29975.0,0.25,89925.0,12,9642.12,0.2601,37076.64,BPO / Call Center Agent,Rented (Apartment/House),Widowed,4.9,6,0.5833,0,1,1,9642.12,0.328,0.268,0,1,delinquent,56.3,11,4,3.97,0.5,0,1,defaulted
SYNTH-00057,1,LALA,HONDA,TMX125 ALPHA,Backbone/Utility,57900.0,11580.0,0.2,46320.0,12,5063.6,0.1361,37198.22,Public School Teacher,Owned (Inherited/Tax Dec),Single,13.1,8,0.6667,8,0,0,0.0,0.0,0.891,0,0,active,52.3,4,5,5.02,0.9357,1,0,early_settled
SYNTH-00058,2,KAPATAGAN,KAWASAKI,ROUSER NS125,Sport Backbone,82000.0,12300.0,0.15,69700.0,36,3530.11,0.1883,18747.91,Tricycle / PUV Operator,Rented (Apartment/House),Single,2.0,11,0.3611,0,1,2,7060.22,0.332,0.629,0,0,defaulted,44.0,2,2,1.61,0.6503,0,0,defaulted
SYNTH-00059,1,LALA,HONDA,TMX125 ALPHA,Backbone/Utility,57900.0,11580.0,0.2,46320.0,24,3056.4,0.2141,14274.48,Agri / Farmer / Fisherfolk,Living with Parents/Relatives,Married,5.5,20,0.9583,0,4,3,9169.2,0.382,0.434,0,0,defaulted,40.4,1,4,4.02,0.5,0,1,defaulted
SYNTH-00060,2,KAPATAGAN,YAMAHA,MIO SPORTY,Scooter,73900.0,22170.0,0.3,51730.0,12,5631.65,0.1933,29132.9,Sari-Sari / Small Retail,Living with Parents/Relatives,Single,7.4,7,0.8333,1,1,3,16894.95,0.159,0.26,0,0,defaulted,48.7,9,4,4.48,0.5,0,1,defaulted
SYNTH-00061,3,TUBOD,YAMAHA,AEROX 155,Sport Scooter,125400.0,25080.0,0.2,100320.0,24,6386.4,0.139,45928.9,OFW Remittance / Dependent,Owned (Inherited/Tax Dec),Widowed,5.4,3,0.125,2,0,0,0.0,0.0,0.903,0,0,active,34.1,6,2,2.51,0.7427,0,0,completed
SYNTH-00062,2,KAPATAGAN,YAMAHA,MIO SPORTY,Scooter,73900.0,22170.0,0.3,51730.0,24,3390.02,0.0703,48228.3,OFW Remittance / Dependent,Owned (Clean Title),Married,10.0,16,0.6667,5,0,0,0.0,0.0,0.968,0,0,active,57.4,7,4,3.52,1.0169,0,0,completed
SYNTH-00063,3,TUBOD,HONDA,CLICK 160,Scooter,122900.0,12290.0,0.1,110610.0,12,11814.05,0.395,29911.69,BPO / Call Center Agent,Owned (Clean Title),Married,10.5,3,0.5833,1,1,4,47256.2,0.444,0.407,0,1,defaulted,44.8,8,3,2.97,0.5,0,1,defaulted
SYNTH-00064,3,TUBOD,YAMAHA,AEROX 155,Sport Scooter,125400.0,15048.0,0.12,110352.0,12,11786.96,0.6756,17446.9,Agri / Farmer / Fisherfolk,Owned (Clean Title),Married,6.4,4,0.4167,0,4,1,11786.96,0.196,0.258,1,0,delinquent,20.0,12,4,3.67,0.5,0,1,defaulted
SYNTH-00065,1,LALA,KAWASAKI,ROUSER NS125,Sport Backbone,82000.0,8200.0,0.1,73800.0,12,7949.0,0.2866,27736.84,Sari-Sari / Small Retail,Owned (Clean Title),Widowed,5.5,4,0.6667,0,2,4,31796.0,0.202,0.5,0,0,defaulted,19.7,7,3,2.72,0.5,0,1,defaulted
SYNTH-00066,2,KAPATAGAN,YAMAHA,SNIPER 155,Sport Underbone,123900.0,30975.0,0.25,92925.0,24,5930.38,0.2121,27961.38,Public School Teacher,Rented (Apartment/House),Married,5.9,16,0.7083,1,2,1,5930.38,0.357,0.427,1,0,delinquent,58.0,9,3,3.07,0.5,0,1,defaulted
SYNTH-00067,2,KAPATAGAN,HONDA,CLICK 125I,Scooter,81400.0,16280.0,0.2,65120.0,36,3311.29,0.0518,63918.96,OFW Remittance / Dependent,Living with Parents/Relatives,Widowed,4.4,34,0.9722,3,1,1,3311.29,0.031,0.646,0,0,delinquent,44.0,6,4,3.19,0.5602,0,0,completed
SYNTH-00068,1,LALA,KAWASAKI,P24KK (BARAKO II),Backbone/Tricycle,68500.0,13700.0,0.2,54800.0,36,2818.22,0.1351,20867.38,Sari-Sari / Small Retail,Rented (Apartment/House),Married,1.1,0,0.0833,0,4,4,11272.88,0.226,0.217,0,0,defaulted,38.1,3,4,4.11,0.5,0,0,defaulted
SYNTH-00069,2,KAPATAGAN,HONDA,CLICK 160,Scooter,122900.0,24580.0,0.2,98320.0,36,4897.51,0.157,31194.12,Public School Teacher,Living with Parents/Relatives,Single,7.0,7,0.1944,3,0,0,0.0,0.036,0.733,0,0,active,11.1,8,5,4.5,0.7103,1,0,completed
SYNTH-00070,2,KAPATAGAN,YAMAHA,MIO SPORTY,Scooter,73900.0,22170.0,0.3,51730.0,36,2671.54,0.1429,18693.69,Sari-Sari / Small Retail,Rented (Apartment/House),Single,4.3,31,0.9722,0,3,4,10686.16,0.417,0.254,0,1,defaulted,53.4,11,5,5.31,0.5,0,1,defaulted
SYNTH-00071,3,TUBOD,KAWASAKI,ROUSER NS125,Sport Backbone,82000.0,24600.0,0.3,57400.0,36,2942.44,0.0923,31882.18,Public School Teacher,Owned (Clean Title),Widowed,6.7,7,0.1944,4,0,0,0.0,0.0,0.938,0,0,active,17.0,5,2,2.55,0.9248,1,0,early_settled
SYNTH-00072,1,LALA,HONDA,CLICK 160,Scooter,122900.0,24580.0,0.2,98320.0,24,6263.07,0.1576,39741.34,OFW Remittance / Dependent,Owned (Clean Title),Married,2.5,4,0.2083,1,2,1,6263.07,0.053,0.743,0,0,delinquent,23.0,3,6,6.04,0.781,0,0,completed
SYNTH-00073,1,LALA,HONDA,PCX160,Maxi-Scooter,134900.0,33725.0,0.25,101175.0,24,6439.12,0.3104,20746.79,Sari-Sari / Small Retail,Rented (Apartment/House),Married,4.9,2,0.2083,0,4,3,19317.36,0.202,0.328,0,0,defaulted,64.0,8,3,3.24,0.5,0,0,defaulted
SYNTH-00074,2,KAPATAGAN,SUZUKI,SMASH 115,Underbone,62400.0,15600.0,0.25,46800.0,36,2436.0,0.0671,36327.36,Public School Teacher,Owned (Clean Title),Widowed,3.6,20,0.5556,11,0,0,0.0,0.0,0.98,0,0,active,19.4,12,6,6.26,1.1,0,0,completed
SYNTH-00075,2,KAPATAGAN,YAMAHA,AEROX 155,Sport Scooter,125400.0,25080.0,0.2,100320.0,36,4993.07,0.245,20377.42,Agri / Farmer / Fisherfolk,Living with Parents/Relatives,Married,7.6,4,0.1944,0,4,3,14979.21,0.234,0.457,0,0,defaulted,27.8,11,3,3.2,0.5057,0,1,defaulted
SYNTH-00076,2,KAPATAGAN,KAWASAKI,CT100B,Backbone/Utility,54000.0,8100.0,0.15,45900.0,36,2393.0,0.0699,34238.06,Employed (Private/Gov),Owned (Clean Title),Widowed,1.0,15,0.4167,2,0,0,0.0,0.092,0.629,0,0,active,18.5,12,5,4.42,0.7425,0,0,completed
SYNTH-00077,3,TUBOD,HONDA,BEAT PREMIUM,Scooter,72400.0,14480.0,0.2,57920.0,24,3771.73,0.1211,31135.11,Tricycle / PUV Operator,Owned (Clean Title),Single,2.0,0,0.0833,1,3,2,7543.46,0.19,0.351,1,0,defaulted,24.0,3,5,4.8,0.5,0,1,defaulted
SYNTH-00078,1,LALA,HONDA,BEAT PREMIUM,Scooter,72400.0,10860.0,0.15,61540.0,36,3140.24,0.1367,22978.48,Agri / Farmer / Fisherfolk,Living with Parents/Relatives,Married,10.3,30,0.8611,0,3,1,3140.24,0.274,0.412,0,1,delinquent,55.7,4,5,4.93,0.5,0,1,defaulted
SYNTH-00079,3,TUBOD,YAMAHA,MIO FAZZIO,Retro Scooter,93900.0,9390.0,0.1,84510.0,36,4237.7,0.2258,18763.78,Agri / Farmer / Fisherfolk,Living with Parents/Relatives,Single,7.0,13,0.4722,1,1,4,16950.8,0.372,0.23,0,0,defaulted,17.7,7,3,3.09,0.5,0,1,defaulted
SYNTH-00080,3,TUBOD,YAMAHA,MIO GEAR 125,Scooter,79400.0,19850.0,0.25,59550.0,12,6452.75,0.2369,27243.87,Employed (Private/Gov),Owned (Inherited/Tax Dec),Widowed,9.4,6,0.5,1,2,0,0.0,0.122,0.641,0,0,active,29.7,12,3,3.73,0.7458,0,0,completed
SYNTH-00081,2,KAPATAGAN,YAMAHA,NMAX 155,Maxi-Scooter,151900.0,22785.0,0.15,129115.0,36,6368.83,0.2134,29838.37,Employed (Private/Gov),Owned (Inherited/Tax Dec),Single,11.3,32,0.8889,0,0,0,0.0,0.057,0.71,0,0,active,51.1,8,3,2.88,0.6539,0,1,defaulted
SYNTH-00082,2,KAPATAGAN,SUZUKI,SMASH 115,Underbone,62400.0,12480.0,0.2,49920.0,36,2585.07,0.126,20518.49,BPO / Call Center Agent,Owned (Inherited/Tax Dec),Widowed,6.7,26,0.75,2,0,1,2585.07,0.082,0.696,0,0,delinquent,16.4,4,5,5.27,0.7379,0,0,completed
SYNTH-00083,2,KAPATAGAN,HONDA,ADV160,Adventure Scooter,166900.0,25035.0,0.15,141865.0,12,15095.82,0.7307,20660.78,Tricycle / PUV Operator,Living with Parents/Relatives,Married,9.3,3,0.3333,0,4,1,15095.82,0.388,0.263,0,0,delinquent,59.2,1,2,2.79,0.5,0,1,defaulted
SYNTH-00084,1,LALA,YAMAHA,MIO SPORTY,Scooter,73900.0,18475.0,0.25,55425.0,12,6019.62,0.174,34588.23,Public School Teacher,Owned (Inherited/Tax Dec),Married,8.5,4,0.3333,2,0,0,0.0,0.0,0.887,0,0,active,58.2,4,5,5.14,0.9766,0,0,completed
SYNTH-00085,2,KAPATAGAN,HONDA,BEAT PREMIUM,Scooter,72400.0,8688.0,0.12,63712.0,36,3244.02,0.1431,22668.93,Agri / Farmer / Fisherfolk,Owned (Clean Title),Married,4.8,7,0.25,1,3,2,6488.04,0.188,0.581,1,0,defaulted,18.2,6,5,4.84,0.5499,0,1,defaulted
SYNTH-00086,1,LALA,SUZUKI,BURGMAN STREET 125,Maxi-Scooter,83400.0,10008.0,0.12,73392.0,12,7906.16,0.1263,62597.84,OFW Remittance / Dependent,Owned (Clean Title),Married,3.6,12,1.0,3,2,0,0.0,0.104,0.76,0,0,active,29.0,9,4,4.1,0.711,0,0,completed
SYNTH-00087,3,TUBOD,HONDA,ADV160,Adventure Scooter,166900.0,50070.0,0.3,116830.0,36,5781.88,0.2992,19327.68,BPO / Call Center Agent,Owned (Inherited/Tax Dec),Single,14.8,33,0.9444,0,4,1,5781.88,0.196,0.626,1,0,delinquent,43.6,11,2,2.93,0.7253,0,1,defaulted
SYNTH-00088,1,LALA,YAMAHA,SNIPER 155,Sport Underbone,123900.0,18585.0,0.15,105315.0,36,5231.72,0.256,20437.58,Tricycle / PUV Operator,Rented (Apartment/House),Single,10.1,7,0.2778,0,2,3,15695.16,0.362,0.615,0,0,defaulted,43.4,7,3,2.6,0.6225,0,1,defaulted
SYNTH-00089,3,TUBOD,SUZUKI,RAIDER 150 FI,Sport Underbone,119900.0,35970.0,0.3,83930.0,12,9012.65,0.1213,74304.61,OFW Remittance / Dependent,Rented (Apartment/House),Widowed,4.8,0,0.1667,1,2,4,36050.6,0.285,0.617,0,1,defaulted,31.9,8,2,2.18,0.6932,0,1,defaulted
SYNTH-00090,2,KAPATAGAN,YAMAHA,NMAX 155,Maxi-Scooter,151900.0,45570.0,0.3,106330.0,24,6757.02,0.3489,19367.97,Tricycle / PUV Operator,Owned (Clean Title),Married,5.1,5,0.375,0,2,4,27028.08,0.25,0.202,1,0,defaulted,60.6,2,3,2.19,0.5,0,1,defaulted
SYNTH-00091,3,TUBOD,YAMAHA,MIO GEAR 125,Scooter,79400.0,19850.0,0.25,59550.0,24,3872.25,0.3175,12195.18,Agri / Farmer / Fisherfolk,Owned (Inherited/Tax Dec),Single,2.7,14,0.75,0,1,4,15489.0,0.217,0.403,0,0,defaulted,19.7,12,5,4.95,0.5,0,1,defaulted
SYNTH-00092,1,LALA,KAWASAKI,ROUSER NS125,Sport Backbone,82000.0,20500.0,0.25,61500.0,12,6657.5,0.5548,12000.0,Sari-Sari / Small Retail,Living with Parents/Relatives,Married,6.4,2,0.3333,0,4,2,13315.0,0.324,0.363,0,0,defaulted,62.9,2,2,2.18,0.5,0,1,defaulted
SYNTH-00093,2,KAPATAGAN,SUZUKI,BURGMAN STREET 125,Maxi-Scooter,83400.0,25020.0,0.3,58380.0,24,3800.1,0.1052,36117.78,Public School Teacher,Rented (Apartment/House),Single,3.1,21,0.9583,0,1,2,7600.2,0.301,0.649,1,0,defaulted,51.2,6,3,3.05,0.5508,0,0,defaulted
SYNTH-00094,1,LALA,HONDA,TMX125 ALPHA,Backbone/Utility,57900.0,17370.0,0.3,40530.0,12,4455.65,0.2359,18891.38,Agri / Farmer / Fisherfolk,Owned (Inherited/Tax Dec),Widowed,6.1,9,0.9167,0,1,2,8911.3,0.161,0.286,0,0,defaulted,13.6,5,6,5.61,0.5,0,1,defaulted
SYNTH-00095,3,TUBOD,YAMAHA,MIO SPORTY,Scooter,73900.0,18475.0,0.25,55425.0,12,6019.62,0.3572,16852.6,Agri / Farmer / Fisherfolk,Owned (Clean Title),Single,14.9,0,0.0833,1,1,3,18058.86,0.27,0.398,0,0,defaulted,20.0,7,5,5.07,0.5,0,1,defaulted
SYNTH-00096,2,KAPATAGAN,HONDA,WAVE RSX,Underbone,64900.0,9735.0,0.15,55165.0,24,3601.84,0.3002,12000.0,Agri / Farmer / Fisherfolk,Owned (Clean Title),Married,4.0,19,0.9167,1,4,3,10805.52,0.158,0.384,1,0,defaulted,46.2,1,3,2.73,0.5,0,1,defaulted
SYNTH-00097,1,LALA,KAWASAKI,ROUSER NS125,Sport Backbone,82000.0,8200.0,0.1,73800.0,12,7949.0,0.1846,43051.7,Public School Teacher,Owned (Inherited/Tax Dec),Married,3.0,0,0.0833,3,2,1,7949.0,0.12,0.626,0,0,delinquent,23.1,12,4,3.63,0.7349,0,0,completed
SYNTH-00098,1,LALA,SUZUKI,RAIDER 150 FI,Sport Underbone,119900.0,35970.0,0.3,83930.0,24,5375.68,0.2358,22798.37,Sari-Sari / Small Retail,Living with Parents/Relatives,Single,5.3,0,0.0833,0,1,4,21502.72,0.399,0.585,0,0,defaulted,21.3,10,4,3.65,0.6344,0,1,defaulted
SYNTH-00099,2,KAPATAGAN,YAMAHA,NMAX 155,Maxi-Scooter,151900.0,22785.0,0.15,129115.0,12,13757.07,0.2281,60303.42,OFW Remittance / Dependent,Owned (Clean Title),Widowed,5.5,2,0.25,3,2,1,13757.07,0.031,0.621,1,0,delinquent,59.1,4,3,3.62,0.602,0,0,completed
SYNTH-00100,2,KAPATAGAN,SUZUKI,BURGMAN STREET 125,Maxi-Scooter,83400.0,25020.0,0.3,58380.0,36,2989.27,0.1113,26863.66,BPO / Call Center Agent,Owned (Clean Title),Widowed,11.9,22,0.6111,1,1,0,0.0,0.089,0.695,1,0,active,32.5,9,3,2.51,0.7177,0,0,completed
SYNTH-00101,3,TUBOD,HONDA,WAVE RSX,Underbone,64900.0,19470.0,0.3,45430.0,36,2370.54,0.1975,12000.0,Agri / Farmer / Fisherfolk,Living with Parents/Relatives,Married,16.3,8,0.2778,0,1,2,4741.08,0.379,0.627,1,1,defaulted,54.0,11,3,2.99,0.7502,0,1,defaulted
SYNTH-00102,1,LALA,HONDA,TMX125 ALPHA,Backbone/Utility,57900.0,14475.0,0.25,43425.0,36,2274.75,0.139,16363.75,Agri / Farmer / Fisherfolk,Rented (Apartment/House),Widowed,6.4,26,0.8056,1,3,3,6824.25,0.34,0.444,1,1,defaulted,55.9,5,4,3.85,0.5,0,1,defaulted
SYNTH-00103,2,KAPATAGAN,SUZUKI,BURGMAN STREET 125,Maxi-Scooter,83400.0,16680.0,0.2,66720.0,24,4314.4,0.1342,32147.47,Employed (Private/Gov),Living with Parents/Relatives,Single,8.2,1,0.0833,0,1,1,4314.4,0.003,0.668,1,0,delinquent,40.5,2,3,3.19,0.6191,0,0,completed
SYNTH-00104,3,TUBOD,SUZUKI,RAIDER 150 FI,Sport Underbone,119900.0,29975.0,0.25,89925.0,24,5745.38,0.1588,36174.93,BPO / Call Center Agent,Rented (Apartment/House),Single,8.8,17,0.875,0,3,4,22981.52,0.191,0.205,0,0,defaulted,46.6,6,2,2.55,0.5,0,1,defaulted
SYNTH-00105,3,TUBOD,HONDA,PCX160,Maxi-Scooter,134900.0,26980.0,0.2,107920.0,12,11531.6,0.7794,14795.63,Sari-Sari / Small Retail,Owned (Inherited/Tax Dec),Single,2.7,5,0.6667,1,2,3,34594.8,0.2,0.221,0,0,defaulted,43.2,6,2,2.07,0.5,0,1,defaulted
SYNTH-00106,3,TUBOD,HONDA,CLICK 160,Scooter,122900.0,30725.0,0.25,92175.0,24,5884.12,0.3859,15248.17,Agri / Farmer / Fisherfolk,Living with Parents/Relatives,Single,2.4,19,0.9167,0,3,3,17652.36,0.366,0.36,0,0,defaulted,36.2,3,3,2.39,0.5,0,0,defaulted
SYNTH-00107,2,KAPATAGAN,HONDA,PCX160,Maxi-Scooter,134900.0,40470.0,0.3,94430.0,24,6023.18,0.2276,26466.59,Sari-Sari / Small Retail,Owned (Inherited/Tax Dec),Married,7.5,21,0.9583,1,4,2,12046.36,0.159,0.297,0,0,defaulted,12.8,7,3,2.47,0.5,0,1,defaulted
SYNTH-00108,3,TUBOD,YAMAHA,MIO SPORTY,Scooter,73900.0,14780.0,0.2,59120.0,24,3845.73,0.1303,29520.38,Agri / Farmer / Fisherfolk,Owned (Inherited/Tax Dec),Single,6.3,14,0.7083,0,1,3,11537.19,0.182,0.547,1,0,defaulted,37.3,8,4,3.88,0.5524,0,1,defaulted
SYNTH-00109,1,LALA,KAWASAKI,P24KK (BARAKO II),Backbone/Tricycle,68500.0,6850.0,0.1,61650.0,12,6673.25,0.1985,33611.23,Public School Teacher,Owned (Inherited/Tax Dec),Single,17.1,8,0.75,0,2,1,6673.25,0.12,0.805,0,0,delinquent,42.5,10,4,4.33,0.7724,0,0,completed
SYNTH-00110,2,KAPATAGAN,HONDA,BEAT PREMIUM,Scooter,72400.0,7240.0,0.1,65160.0,36,3313.2,0.1007,32910.04,Public School Teacher,Owned (Inherited/Tax Dec),Married,5.7,27,0.75,6,0,0,0.0,0.0,0.871,0,0,active,20.2,4,6,6.22,0.9123,0,0,completed
SYNTH-00111,2,KAPATAGAN,KAWASAKI,ROUSER NS125,Sport Backbone,82000.0,12300.0,0.15,69700.0,24,4498.17,0.1974,22790.56,Agri / Farmer / Fisherfolk,Rented (Apartment/House),Married,7.2,12,0.6667,0,3,4,17992.68,0.348,0.563,0,0,defaulted,23.7,9,3,3.16,0.588,0,1,defaulted
SYNTH-00112,2,KAPATAGAN,HONDA,TMX125 ALPHA,Backbone/Utility,57900.0,5790.0,0.1,52110.0,36,2689.7,0.2241,12000.0,Agri / Farmer / Fisherfolk,Owned (Inherited/Tax Dec),Married,6.4,30,0.8611,0,1,1,2689.7,0.162,0.625,1,0,delinquent,19.9,9,5,5.07,0.6379,0,1,defaulted
SYNTH-00113,1,LALA,YAMAHA,NMAX 155,Maxi-Scooter,151900.0,15190.0,0.1,136710.0,36,6731.7,0.1746,38547.88,Employed (Private/Gov),Owned (Inherited/Tax Dec),Widowed,7.2,26,0.75,0,1,1,6731.7,0.045,0.774,0,0,delinquent,57.4,6,3,3.24,0.6799,0,0,completed
SYNTH-00114,1,LALA,HONDA,CLICK 125I,Scooter,81400.0,9768.0,0.12,71632.0,36,3622.42,0.0796,45483.7,OFW Remittance / Dependent,Owned (Clean Title),Married,11.0,3,0.0833,2,0,0,0.0,0.0,0.856,0,0,active,16.6,8,6,6.18,0.8138,0,0,completed
SYNTH-00115,3,TUBOD,HONDA,BEAT PREMIUM,Scooter,72400.0,7240.0,0.1,65160.0,24,4218.2,0.222,18999.6,Agri / Farmer / Fisherfolk,Rented (Apartment/House),Widowed,4.9,0,0.0417,0,2,2,8436.4,0.17,0.526,0,0,defaulted,53.5,2,3,2.32,0.5384,0,1,defaulted
SYNTH-00116,2,KAPATAGAN,KAWASAKI,P24KK (BARAKO II),Backbone/Tricycle,68500.0,20550.0,0.3,47950.0,12,5234.75,0.0788,66445.82,OFW Remittance / Dependent,Owned (Clean Title),Single,2.3,10,0.8333,3,0,0,0.0,0.035,0.754,0,0,active,53.9,11,4,4.02,0.8885,0,0,completed
SYNTH-00117,3,TUBOD,SUZUKI,BURGMAN STREET 125,Maxi-Scooter,83400.0,20850.0,0.25,62550.0,24,4057.25,0.118,34378.98,Public School Teacher,Owned (Inherited/Tax Dec),Married,14.2,12,0.5,4,0,0,0.0,0.0,0.944,0,0,active,33.2,3,3,3.51,0.9778,0,0,completed
SYNTH-00118,3,TUBOD,HONDA,PCX160,Maxi-Scooter,134900.0,33725.0,0.25,101175.0,36,5033.92,0.2564,19636.85,Sari-Sari / Small Retail,Living with Parents/Relatives,Single,10.5,29,0.9167,1,1,4,20135.68,0.236,0.36,0,1,defaulted,12.3,6,2,1.73,0.5,0,1,defaulted
SYNTH-00119,2,KAPATAGAN,HONDA,CLICK 125I,Scooter,81400.0,24420.0,0.3,56980.0,12,6182.9,0.248,24928.5,OFW Remittance / Dependent,Owned (Clean Title),Married,2.9,9,0.9167,0,3,2,12365.8,0.435,0.298,1,0,defaulted,62.0,3,4,3.93,0.5,0,1,defaulted
SYNTH-00120,3,TUBOD,YAMAHA,AEROX 155,Sport Scooter,125400.0,12540.0,0.1,112860.0,36,5592.2,0.1913,29238.89,Tricycle / PUV Operator,Rented (Apartment/House),Married,4.3,28,0.8333,0,3,2,11184.4,0.22,0.646,1,1,defaulted,43.4,5,2,2.17,0.651,0,1,defaulted
SYNTH-00121,3,TUBOD,YAMAHA,MIO FAZZIO,Retro Scooter,93900.0,28170.0,0.3,65730.0,12,7101.65,0.5918,12000.0,Agri / Farmer / Fisherfolk,Rented (Apartment/House),Married,7.0,3,0.3333,0,3,1,7101.65,0.206,0.299,0,0,delinquent,13.2,6,3,3.42,0.5,0,1,defaulted
SYNTH-00122,2,KAPATAGAN,YAMAHA,MIO FAZZIO,Retro Scooter,93900.0,11268.0,0.12,82632.0,24,5295.64,0.2862,18506.4,Tricycle / PUV Operator,Rented (Apartment/House),Widowed,2.9,13,0.6667,1,4,3,15886.92,0.196,0.513,0,0,defaulted,22.3,12,4,4.22,0.5734,0,1,defaulted
SYNTH-00123,2,KAPATAGAN,HONDA,PCX160,Maxi-Scooter,134900.0,13490.0,0.1,121410.0,24,7686.95,0.1741,44144.26,BPO / Call Center Agent,Owned (Inherited/Tax Dec),Married,11.3,10,0.4583,2,1,1,7686.95,0.132,0.623,0,0,delinquent,58.9,12,3,2.86,0.6981,0,0,completed
SYNTH-00124,2,KAPATAGAN,YAMAHA,MIO GEAR 125,Scooter,79400.0,15880.0,0.2,63520.0,24,4117.07,0.1238,33260.99,BPO / Call Center Agent,Owned (Clean Title),Married,12.1,8,0.375,0,0,1,4117.07,0.061,0.622,0,0,delinquent,49.8,11,4,3.74,0.6739,0,0,completed
SYNTH-00125,1,LALA,HONDA,CLICK 125I,Scooter,81400.0,9768.0,0.12,71632.0,12,7721.36,0.2404,32113.64,Public School Teacher,Rented (Apartment/House),Single,6.6,7,0.9167,0,3,4,30885.44,0.173,0.507,0,1,defaulted,36.4,8,4,4.42,0.5065,0,1,defaulted
SYNTH-00126,2,KAPATAGAN,YAMAHA,MIO GEAR 125,Scooter,79400.0,15880.0,0.2,63520.0,24,4117.07,0.1106,37233.77,BPO / Call Center Agent,Owned (Clean Title),Married,8.2,11,0.4583,11,0,0,0.0,0.0,0.952,0,0,active,58.3,2,4,4.16,0.9028,0,0,completed
SYNTH-00127,1,LALA,HONDA,TMX125 ALPHA,Backbone/Utility,57900.0,8685.0,0.15,49215.0,12,5367.57,0.16,33543.93,BPO / Call Center Agent,Rented (Apartment/House),Single,12.3,9,1.0,0,2,3,16102.71,0.363,0.59,0,0,defaulted,47.4,3,5,5.3,0.6346,0,1,defaulted
SYNTH-00128,1,LALA,YAMAHA,AEROX 155,Sport Scooter,125400.0,18810.0,0.15,106590.0,36,5292.63,0.111,47675.11,Public School Teacher,Rented (Apartment/House),Single,9.7,22,0.6389,0,2,1,5292.63,0.131,0.82,0,0,delinquent,50.9,12,4,3.71,0.9319,0,0,completed
SYNTH-00129,3,TUBOD,HONDA,TMX125 ALPHA,Backbone/Utility,57900.0,6948.0,0.12,50952.0,12,5549.96,0.2823,19659.03,Agri / Farmer / Fisherfolk,Living with Parents/Relatives,Married,5.2,2,0.25,0,4,1,5549.96,0.152,0.428,0,0,delinquent,64.0,9,3,2.48,0.5,0,1,defaulted
SYNTH-00130,1,LALA,HONDA,PCX160,Maxi-Scooter,134900.0,40470.0,0.3,94430.0,36,4711.66,0.2231,21121.15,Employed (Private/Gov),Living with Parents/Relatives,Widowed,10.2,27,0.8611,1,4,4,18846.64,0.384,0.443,0,1,defaulted,39.8,11,3,2.86,0.5174,0,0,defaulted
SYNTH-00131,1,LALA,YAMAHA,AEROX 155,Sport Scooter,125400.0,31350.0,0.25,94050.0,36,4693.5,0.1595,29428.23,BPO / Call Center Agent,Living with Parents/Relatives,Married,7.9,12,0.3333,1,1,0,0.0,0.015,0.833,0,0,active,13.7,5,4,4.14,0.8383,0,0,completed
SYNTH-00132,1,LALA,HONDA,TMX125 ALPHA,Backbone/Utility,57900.0,14475.0,0.25,43425.0,36,2274.75,0.0339,67030.84,OFW Remittance / Dependent,Owned (Inherited/Tax Dec),Married,3.3,19,0.5278,2,0,0,0.0,0.0,0.937,0,0,active,12.5,5,6,5.47,0.9729,0,0,completed
SYNTH-00133,1,LALA,SUZUKI,SMASH 115,Underbone,62400.0,6240.0,0.1,56160.0,24,3663.2,0.0641,57139.43,OFW Remittance / Dependent,Owned (Inherited/Tax Dec),Married,4.7,17,0.7083,11,0,0,0.0,0.0,0.853,0,0,active,52.4,10,4,3.29,0.8491,1,0,early_settled
SYNTH-00134,1,LALA,HONDA,TMX125 ALPHA,Backbone/Utility,57900.0,5790.0,0.1,52110.0,36,2689.7,0.1513,17779.2,Tricycle / PUV Operator,Living with Parents/Relatives,Single,17.7,4,0.1667,0,3,2,5379.4,0.278,0.649,0,0,defaulted,53.7,8,4,3.94,0.6121,0,1,defaulted
SYNTH-00135,3,TUBOD,SUZUKI,SMASH 115,Underbone,62400.0,18720.0,0.3,43680.0,12,4786.4,0.127,37702.74,OFW Remittance / Dependent,Living with Parents/Relatives,Widowed,10.0,7,0.5833,2,1,0,0.0,0.098,0.77,0,0,active,61.9,7,3,2.6,0.7633,0,1,defaulted
SYNTH-00136,2,KAPATAGAN,YAMAHA,AEROX 155,Sport Scooter,125400.0,37620.0,0.3,87780.0,24,5613.1,0.1102,50926.46,Public School Teacher,Living with Parents/Relatives,Married,3.2,11,0.4583,2,1,0,0.0,0.148,0.669,0,0,active,22.6,2,4,3.93,0.6959,0,0,completed
SYNTH-00137,2,KAPATAGAN,KAWASAKI,P24KK (BARAKO II),Backbone/Tricycle,68500.0,8220.0,0.12,60280.0,24,3917.27,0.1742,22490.76,BPO / Call Center Agent,Owned (Clean Title),Married,14.5,3,0.1667,0,1,1,3917.27,0.145,0.718,0,0,delinquent,52.7,3,4,3.92,0.762,0,0,completed
SYNTH-00138,2,KAPATAGAN,SUZUKI,BURGMAN STREET 125,Maxi-Scooter,83400.0,16680.0,0.2,66720.0,36,3387.73,0.1521,22279.07,Tricycle / PUV Operator,Living with Parents/Relatives,Married,8.7,30,0.9167,0,4,3,10163.19,0.189,0.482,0,1,defaulted,36.5,8,3,3.17,0.5195,0,1,defaulted
SYNTH-00139,1,LALA,HONDA,WAVE RSX,Underbone,64900.0,12980.0,0.2,51920.0,12,5651.6,0.2741,20618.04,Sari-Sari / Small Retail,Living with Parents/Relatives,Single,17.1,7,0.8333,1,4,3,16954.8,0.169,0.421,0,0,defaulted,53.9,5,4,4.2,0.5,0,1,defaulted
SYNTH-00140,3,TUBOD,YAMAHA,MIO GEAR 125,Scooter,79400.0,7940.0,0.1,71460.0,12,7703.3,0.4817,15992.17,Agri / Farmer / Fisherfolk,Rented (Apartment/House),Married,1.5,7,0.8333,1,2,3,23109.9,0.268,0.233,0,1,defaulted,26.0,9,3,2.83,0.5,0,1,defaulted
SYNTH-00141,2,KAPATAGAN,HONDA,ADV160,Adventure Scooter,166900.0,25035.0,0.15,141865.0,24,8948.34,0.2057,43500.6,Public School Teacher,Owned (Clean Title),Widowed,8.6,18,0.75,2,0,0,0.0,0.072,0.61,0,0,active,64.3,1,2,1.86,0.5289,0,0,completed
SYNTH-00142,1,LALA,HONDA,CLICK 160,Scooter,122900.0,14748.0,0.12,108152.0,24,6869.37,0.1809,37974.78,Public School Teacher,Living with Parents/Relatives,Widowed,3.0,17,0.8333,1,2,3,20608.11,0.318,0.516,0,0,defaulted,29.3,10,4,4.01,0.5,0,1,defaulted
SYNTH-00143,3,TUBOD,KAWASAKI,ROUSER NS125,Sport Backbone,82000.0,12300.0,0.15,69700.0,36,3530.11,0.1859,18991.9,Sari-Sari / Small Retail,Living with Parents/Relatives,Widowed,5.6,28,0.8611,0,3,3,10590.33,0.39,0.51,0,0,defaulted,15.8,12,3,2.84,0.5717,0,1,defaulted
SYNTH-00144,3,TUBOD,HONDA,CLICK 125I,Scooter,81400.0,20350.0,0.25,61050.0,36,3116.83,0.1006,30996.78,Sari-Sari / Small Retail,Rented (Apartment/House),Married,11.2,11,0.4167,1,1,4,12467.32,0.166,0.621,1,0,defaulted,57.9,7,3,3.13,0.6754,0,1,defaulted
SYNTH-00145,1,LALA,KAWASAKI,P24KK (BARAKO II),Backbone/Tricycle,68500.0,10275.0,0.15,58225.0,12,6313.62,0.1612,39161.55,Employed (Private/Gov),Owned (Clean Title),Married,9.6,7,0.5833,1,1,0,0.0,0.012,0.804,0,0,active,55.0,8,4,4.33,0.8074,0,0,completed
SYNTH-00146,3,TUBOD,HONDA,CLICK 160,Scooter,122900.0,36870.0,0.3,86030.0,24,5505.18,0.1945,28301.04,Tricycle / PUV Operator,Owned (Inherited/Tax Dec),Married,4.2,13,0.6667,1,4,3,16515.54,0.174,0.529,0,0,defaulted,53.4,9,3,2.81,0.5,0,1,defaulted
SYNTH-00147,2,KAPATAGAN,KAWASAKI,CT100B,Backbone/Utility,54000.0,8100.0,0.15,45900.0,36,2393.0,0.1002,23878.23,Sari-Sari / Small Retail,Rented (Apartment/House),Married,19.8,33,1.0,0,2,3,7179.0,0.219,0.524,0,0,defaulted,47.4,8,3,3.2,0.5,0,1,defaulted
SYNTH-00148,2,KAPATAGAN,YAMAHA,SNIPER 155,Sport Underbone,123900.0,37170.0,0.3,86730.0,12,9306.65,0.1923,48396.73,OFW Remittance / Dependent,Living with Parents/Relatives,Married,1.9,6,0.75,0,4,3,27919.95,0.373,0.527,0,0,defaulted,30.4,5,3,2.68,0.5,0,1,defaulted
SYNTH-00149,3,TUBOD,HONDA,PCX160,Maxi-Scooter,134900.0,16188.0,0.12,118712.0,36,5871.8,0.1065,55142.33,OFW Remittance / Dependent,Rented (Apartment/House),Married,11.9,12,0.3611,2,2,1,5871.8,0.073,0.781,0,0,delinquent,42.6,10,2,1.8,0.732,0,0,completed
SYNTH-00150,1,LALA,KAWASAKI,P24KK (BARAKO II),Backbone/Tricycle,68500.0,13700.0,0.2,54800.0,12,5954.0,0.1359,43812.32,Employed (Private/Gov),Owned (Inherited/Tax Dec),Married,14.0,6,0.5,3,0,0,0.0,0.107,0.633,1,0,active,37.1,7,4,3.9,0.6427,0,0,completed
SYNTH-00151,3,TUBOD,YAMAHA,SNIPER 155,Sport Underbone,123900.0,37170.0,0.3,86730.0,24,5548.35,0.1668,33261.6,BPO / Call Center Agent,Owned (Inherited/Tax Dec),Married,5.3,2,0.0833,0,2,0,0.0,0.054,0.729,0,0,active,31.5,1,2,2.11,0.6069,0,0,completed
SYNTH-00152,1,LALA,YAMAHA,NMAX 155,Maxi-Scooter,151900.0,30380.0,0.2,121520.0,36,6005.96,0.4933,12173.93,Agri / Farmer / Fisherfolk,Owned (Inherited/Tax Dec),Single,12.6,31,0.8889,0,3,1,6005.96,0.441,0.259,1,0,delinquent,14.0,6,4,3.9,0.5,0,1,defaulted
SYNTH-00153,2,KAPATAGAN,YAMAHA,AEROX 155,Sport Scooter,125400.0,25080.0,0.2,100320.0,36,4993.07,0.2459,20307.29,Tricycle / PUV Operator,Rented (Apartment/House),Married,2.7,15,0.5,0,1,3,14979.21,0.279,0.573,1,0,defaulted,48.9,3,3,2.51,0.6211,0,1,defaulted
SYNTH-00154,1,LALA,YAMAHA,MIO SPORTY,Scooter,73900.0,22170.0,0.3,51730.0,12,5631.65,0.3427,16431.07,Agri / Farmer / Fisherfolk,Living with Parents/Relatives,Married,5.3,6,0.5833,0,3,1,5631.65,0.349,0.531,0,1,delinquent,54.3,8,5,4.97,0.5674,0,0,defaulted
SYNTH-00155,2,KAPATAGAN,KAWASAKI,P24KK (BARAKO II),Backbone/Tricycle,68500.0,10275.0,0.15,58225.0,12,6313.62,0.1569,40242.27,Employed (Private/Gov),Living with Parents/Relatives,Widowed,7.7,6,0.5,2,2,0,0.0,0.04,0.628,0,0,active,61.5,4,4,3.76,0.6609,0,0,completed
SYNTH-00156,1,LALA,HONDA,ADV160,Adventure Scooter,166900.0,41725.0,0.25,125175.0,24,7919.12,0.2302,34395.84,BPO / Call Center Agent,Living with Parents/Relatives,Married,6.3,20,0.9583,0,1,3,23757.36,0.162,0.428,0,1,defaulted,57.7,8,2,2.16,0.5,0,0,defaulted
SYNTH-00157,1,LALA,YAMAHA,AEROX 155,Sport Scooter,125400.0,25080.0,0.2,100320.0,36,4993.07,0.2081,23992.04,Tricycle / PUV Operator,Living with Parents/Relatives,Widowed,1.0,33,0.9722,1,2,2,9986.14,0.192,0.5,0,0,defaulted,47.0,9,3,3.23,0.5,0,1,defaulted
SYNTH-00158,2,KAPATAGAN,SUZUKI,RAIDER 150 FI,Sport Underbone,119900.0,11990.0,0.1,107910.0,36,5355.7,0.306,17504.92,Tricycle / PUV Operator,Living with Parents/Relatives,Single,17.9,2,0.1111,1,2,2,10711.4,0.358,0.28,1,0,defaulted,44.0,11,3,3.7,0.5,0,1,defaulted
SYNTH-00159,1,LALA,SUZUKI,BURGMAN STREET 125,Maxi-Scooter,83400.0,16680.0,0.2,66720.0,36,3387.73,0.1086,31206.59,BPO / Call Center Agent,Owned (Clean Title),Widowed,11.9,9,0.25,9,0,0,0.0,0.0,0.99,0,0,active,21.9,10,5,5.42,1.0232,0,0,completed
SYNTH-00160,1,LALA,SUZUKI,SMASH 115,Underbone,62400.0,6240.0,0.1,56160.0,24,3663.2,0.1561,23462.44,BPO / Call Center Agent,Living with Parents/Relatives,Single,15.8,24,1.0,1,2,0,0.0,0.099,0.627,1,0,active,57.9,2,4,4.12,0.6251,0,0,completed
SYNTH-00161,3,TUBOD,HONDA,CLICK 160,Scooter,122900.0,14748.0,0.12,108152.0,12,11555.96,0.3328,34724.8,Employed (Private/Gov),Rented (Apartment/House),Single,14.4,0,0.25,1,4,3,34667.88,0.271,0.595,0,0,defaulted,54.4,7,3,2.57,0.6307,0,0,defaulted
SYNTH-00162,2,KAPATAGAN,HONDA,PCX160,Maxi-Scooter,134900.0,33725.0,0.25,101175.0,12,10823.38,0.4729,22885.87,Tricycle / PUV Operator,Owned (Inherited/Tax Dec),Married,9.6,5,0.5833,1,2,2,21646.76,0.186,0.568,0,0,defaulted,27.9,8,2,2.01,0.5628,0,0,defaulted
SYNTH-00163,3,TUBOD,SUZUKI,SMASH 115,Underbone,62400.0,9360.0,0.15,53040.0,12,5769.2,0.2583,22331.86,BPO / Call Center Agent,Rented (Apartment/House),Married,2.0,2,0.25,0,2,1,5769.2,0.285,0.375,1,0,delinquent,22.5,1,3,2.54,0.5,0,1,defaulted
SYNTH-00164,1,LALA,HONDA,WAVE RSX,Underbone,64900.0,19470.0,0.3,45430.0,24,3001.52,0.09,33357.55,Employed (Private/Gov),Owned (Clean Title),Single,4.2,23,0.9583,0,0,0,0.0,0.07,0.755,0,0,active,38.5,4,4,3.89,0.8222,0,0,completed
SYNTH-00165,1,LALA,HONDA,BEAT PREMIUM,Scooter,72400.0,21720.0,0.3,50680.0,36,2621.38,0.1206,21728.78,Sari-Sari / Small Retail,Living with Parents/Relatives,Married,6.6,19,0.5833,1,3,2,5242.76,0.27,0.371,1,1,defaulted,43.4,4,5,5.85,0.5,0,1,defaulted
SYNTH-00166,2,KAPATAGAN,KAWASAKI,ROUSER NS125,Sport Backbone,82000.0,16400.0,0.2,65600.0,24,4245.33,0.069,61519.62,OFW Remittance / Dependent,Owned (Clean Title),Married,9.3,18,0.75,8,0,0,0.0,0.0,0.993,0,0,active,61.0,6,2,2.14,0.8663,1,0,early_settled
SYNTH-00167,3,TUBOD,YAMAHA,MIO FAZZIO,Retro Scooter,93900.0,14085.0,0.15,79815.0,24,5121.93,0.3506,14607.16,Agri / Farmer / Fisherfolk,Living with Parents/Relatives,Widowed,5.6,11,0.5417,0,4,2,10243.86,0.235,0.316,0,0,defaulted,39.7,8,2,1.78,0.5,0,1,defaulted
SYNTH-00168,1,LALA,SUZUKI,SMASH 115,Underbone,62400.0,9360.0,0.15,53040.0,24,3470.8,0.0977,35509.9,BPO / Call Center Agent,Rented (Apartment/House),Married,2.1,3,0.2917,0,1,4,13883.2,0.274,0.323,0,1,defaulted,47.5,4,4,3.94,0.5,0,1,defaulted
SYNTH-00169,1,LALA,KAWASAKI,CT100B,Backbone/Utility,54000.0,13500.0,0.25,40500.0,12,4452.5,0.1454,30632.25,BPO / Call Center Agent,Owned (Clean Title),Single,2.6,8,1.0,1,2,4,17810.0,0.32,0.248,1,0,defaulted,40.3,1,3,2.97,0.5,0,1,defaulted
SYNTH-00170,1,LALA,HONDA,WAVE RSX,Underbone,64900.0,19470.0,0.3,45430.0,36,2370.54,0.1156,20500.9,Tricycle / PUV Operator,Owned (Clean Title),Widowed,5.1,11,0.3889,0,2,3,7111.62,0.396,0.471,0,0,defaulted,21.7,6,4,4.14,0.5,0,1,defaulted
SYNTH-00171,2,KAPATAGAN,KAWASAKI,CT100B,Backbone/Utility,54000.0,16200.0,0.3,37800.0,12,4169.0,0.1288,32363.53,OFW Remittance / Dependent,Rented (Apartment/House),Widowed,16.7,5,0.6667,0,2,3,12507.0,0.256,0.605,1,1,defaulted,25.1,12,4,3.75,0.7182,0,0,defaulted
SYNTH-00172,1,LALA,HONDA,CLICK 125I,Scooter,81400.0,12210.0,0.15,69190.0,12,7464.95,0.1559,47870.7,OFW Remittance / Dependent,Rented (Apartment/House),Married,13.2,0,0.3333,0,2,4,29859.8,0.337,0.243,0,0,defaulted,19.2,8,6,5.57,0.5,0,1,defaulted
SYNTH-00173,3,TUBOD,YAMAHA,SNIPER 155,Sport Underbone,123900.0,37170.0,0.3,86730.0,12,9306.65,0.2753,33802.66,BPO / Call Center Agent,Owned (Inherited/Tax Dec),Married,8.5,8,0.75,0,2,1,9306.65,0.157,0.243,0,0,delinquent,40.1,11,2,2.57,0.5,0,1,defaulted
SYNTH-00174,1,LALA,HONDA,CLICK 125I,Scooter,81400.0,9768.0,0.12,71632.0,12,7721.36,0.2897,26655.05,BPO / Call Center Agent,Owned (Inherited/Tax Dec),Married,2.5,0,0.0833,0,4,3,23164.08,0.446,0.424,1,0,defaulted,32.2,8,4,3.73,0.5,0,0,defaulted
SYNTH-00175,3,TUBOD,YAMAHA,SNIPER 155,Sport Underbone,123900.0,30975.0,0.25,92925.0,12,9957.12,0.2192,45421.61,Employed (Private/Gov),Owned (Clean Title),Widowed,4.7,11,1.0,0,3,1,9957.12,0.189,0.646,0,0,delinquent,41.8,3,2,1.81,0.6874,0,1,defaulted
SYNTH-00176,1,LALA,HONDA,ADV160,Adventure Scooter,166900.0,41725.0,0.25,125175.0,12,13343.38,0.6037,22104.36,Sari-Sari / Small Retail,Owned (Inherited/Tax Dec),Married,5.9,1,0.4167,0,3,4,53373.52,0.208,0.602,1,0,defaulted,29.5,4,2,1.75,0.5991,0,1,defaulted
SYNTH-00177,3,TUBOD,KAWASAKI,P24KK (BARAKO II),Backbone/Tricycle,68500.0,13700.0,0.2,54800.0,12,5954.0,0.1135,52477.17,OFW Remittance / Dependent,Owned (Clean Title),Single,4.0,7,0.5833,3,0,0,0.0,0.035,0.8,0,0,active,45.8,11,3,3.04,0.9509,0,1,defaulted
SYNTH-00178,2,KAPATAGAN,SUZUKI,BURGMAN STREET 125,Maxi-Scooter,83400.0,25020.0,0.3,58380.0,12,6329.9,0.5275,12000.0,Agri / Farmer / Fisherfolk,Owned (Clean Title),Single,8.3,9,0.8333,0,3,1,6329.9,0.448,0.501,0,0,delinquent,50.2,9,3,3.68,0.5218,0,1,defaulted
SYNTH-00179,3,TUBOD,HONDA,CLICK 160,Scooter,122900.0,30725.0,0.25,92175.0,36,4603.92,0.1392,33064.92,Public School Teacher,Living with Parents/Relatives,Single,6.4,9,0.2778,3,0,1,4603.92,0.026,0.839,0,0,delinquent,39.5,7,3,3.22,0.8093,0,0,completed
SYNTH-00180,3,TUBOD,SUZUKI,SMASH 115,Underbone,62400.0,18720.0,0.3,43680.0,36,2286.93,0.0453,50442.84,OFW Remittance / Dependent,Rented (Apartment/House),Married,3.6,5,0.1667,1,3,1,2286.93,0.349,0.356,1,1,delinquent,18.4,10,4,3.51,0.5,0,1,defaulted
SYNTH-00181,3,TUBOD,YAMAHA,MIO FAZZIO,Retro Scooter,93900.0,18780.0,0.2,75120.0,24,4832.4,0.206,23458.94,Agri / Farmer / Fisherfolk,Living with Parents/Relatives,Single,7.3,12,0.6667,0,3,4,19329.6,0.177,0.481,0,0,defaulted,55.4,2,2,2.13,0.5,0,1,defaulted
SYNTH-00182,3,TUBOD,KAWASAKI,ROUSER NS125,Sport Backbone,82000.0,9840.0,0.12,72160.0,12,7776.8,0.3671,21186.49,Agri / Farmer / Fisherfolk,Owned (Inherited/Tax Dec),Single,11.4,3,0.5833,1,2,4,31107.2,0.229,0.336,1,1,defaulted,61.5,5,2,1.92,0.5,0,1,defaulted
SYNTH-00183,2,KAPATAGAN,YAMAHA,MIO GEAR 125,Scooter,79400.0,9528.0,0.12,69872.0,12,7536.56,0.628,12000.0,Agri / Farmer / Fisherfolk,Living with Parents/Relatives,Single,9.0,6,0.5833,0,4,1,7536.56,0.33,0.401,1,0,delinquent,37.3,10,4,4.01,0.5,0,1,defaulted
SYNTH-00184,2,KAPATAGAN,YAMAHA,MIO FAZZIO,Retro Scooter,93900.0,9390.0,0.1,84510.0,24,5411.45,0.1657,32654.63,Employed (Private/Gov),Living with Parents/Relatives,Widowed,6.3,24,1.0,1,2,0,0.0,0.13,0.819,0,0,active,26.8,5,3,3.21,0.8361,0,1,defaulted
SYNTH-00185,2,KAPATAGAN,KAWASAKI,CT100B,Backbone/Utility,54000.0,8100.0,0.15,45900.0,12,5019.5,0.1734,28950.24,BPO / Call Center Agent,Owned (Inherited/Tax Dec),Single,4.0,6,0.5833,0,4,1,5019.5,0.254,0.513,0,0,delinquent,55.2,8,3,3.06,0.5145,0,1,defaulted
SYNTH-00186,3,TUBOD,HONDA,WAVE RSX,Underbone,64900.0,12980.0,0.2,51920.0,24,3401.73,0.114,29849.84,BPO / Call Center Agent,Owned (Clean Title),Married,10.6,10,0.4583,3,1,1,3401.73,0.026,0.791,0,0,delinquent,18.1,10,4,4.02,0.7152,0,0,completed
SYNTH-00187,1,LALA,KAWASAKI,ROUSER NS125,Sport Backbone,82000.0,16400.0,0.2,65600.0,24,4245.33,0.0977,43466.83,OFW Remittance / Dependent,Owned (Inherited/Tax Dec),Widowed,5.9,11,0.4583,5,0,0,0.0,0.0,0.87,0,0,active,63.1,11,3,3.19,1.0022,0,0,completed
SYNTH-00188,2,KAPATAGAN,SUZUKI,BURGMAN STREET 125,Maxi-Scooter,83400.0,16680.0,0.2,66720.0,24,4314.4,0.3595,12000.0,Agri / Farmer / Fisherfolk,Owned (Inherited/Tax Dec),Married,4.4,10,0.5,0,2,2,8628.8,0.182,0.398,0,0,defaulted,44.1,8,3,3.21,0.5,0,0,defaulted
SYNTH-00189,3,TUBOD,HONDA,WAVE RSX,Underbone,64900.0,12980.0,0.2,51920.0,36,2680.62,0.1108,24200.9,BPO / Call Center Agent,Living with Parents/Relatives,Single,8.5,31,0.8889,1,2,1,2680.62,0.069,0.795,0,0,delinquent,64.1,12,3,2.88,0.9187,0,0,completed
SYNTH-00190,2,KAPATAGAN,YAMAHA,MIO FAZZIO,Retro Scooter,93900.0,23475.0,0.25,70425.0,24,4542.88,0.1653,27490.81,Employed (Private/Gov),Rented (Apartment/House),Widowed,5.1,16,0.7083,1,4,1,4542.88,0.18,0.336,0,0,delinquent,38.0,9,3,3.06,0.5,0,0,defaulted
SYNTH-00191,3,TUBOD,HONDA,PCX160,Maxi-Scooter,134900.0,33725.0,0.25,101175.0,12,10823.38,0.5487,19725.61,Employed (Private/Gov),Owned (Inherited/Tax Dec),Married,11.1,0,0.0833,1,4,3,32470.14,0.278,0.437,0,0,defaulted,30.2,5,2,1.92,0.5,0,1,defaulted
SYNTH-00192,1,LALA,SUZUKI,RAIDER 150 FI,Sport Underbone,119900.0,23980.0,0.2,95920.0,24,6115.07,0.2463,24831.24,Tricycle / PUV Operator,Owned (Inherited/Tax Dec),Widowed,5.5,19,0.9167,1,2,3,18345.21,0.153,0.546,0,0,defaulted,11.1,2,4,3.09,0.5287,0,1,defaulted
SYNTH-00193,1,LALA,HONDA,BEAT PREMIUM,Scooter,72400.0,8688.0,0.12,63712.0,24,4128.91,0.0644,64083.4,OFW Remittance / Dependent,Living with Parents/Relatives,Married,3.9,16,0.7083,3,1,1,4128.91,0.032,0.734,1,0,delinquent,16.0,2,6,6.2,0.7335,0,0,completed
SYNTH-00194,2,KAPATAGAN,HONDA,CLICK 160,Scooter,122900.0,36870.0,0.3,86030.0,36,4310.32,0.3592,12000.0,Agri / Farmer / Fisherfolk,Owned (Clean Title),Single,19.1,5,0.1944,1,2,2,8620.64,0.296,0.244,0,0,defaulted,50.6,7,4,3.69,0.5,0,1,defaulted
SYNTH-00195,2,KAPATAGAN,KAWASAKI,P24KK (BARAKO II),Backbone/Tricycle,68500.0,20550.0,0.3,47950.0,12,5234.75,0.4362,12000.0,Agri / Farmer / Fisherfolk,Rented (Apartment/House),Married,5.0,5,0.5833,0,1,2,10469.5,0.386,0.407,0,0,defaulted,47.8,4,4,4.36,0.5,0,1,defaulted
SYNTH-00196,1,LALA,KAWASAKI,CT100B,Backbone/Utility,54000.0,13500.0,0.25,40500.0,36,2135.0,0.1779,12000.0,Agri / Farmer / Fisherfolk,Owned (Clean Title),Single,5.1,10,0.3333,0,3,2,4270.0,0.421,0.217,0,0,defaulted,46.3,9,3,2.79,0.5,0,0,defaulted
SYNTH-00197,3,TUBOD,YAMAHA,MIO SPORTY,Scooter,73900.0,11085.0,0.15,62815.0,24,4073.59,0.1605,25382.72,Sari-Sari / Small Retail,Rented (Apartment/House),Widowed,10.5,9,0.5,0,2,3,12220.77,0.306,0.23,0,0,defaulted,38.2,6,3,2.76,0.5,0,1,defaulted
SYNTH-00198,1,LALA,KAWASAKI,P24KK (BARAKO II),Backbone/Tricycle,68500.0,8220.0,0.12,60280.0,24,3917.27,0.0803,48794.24,OFW Remittance / Dependent,Owned (Clean Title),Married,7.0,17,0.7083,7,0,0,0.0,0.0,0.957,0,0,active,26.3,3,4,4.45,0.9808,1,0,early_settled
SYNTH-00199,3,TUBOD,YAMAHA,MIO FAZZIO,Retro Scooter,93900.0,28170.0,0.3,65730.0,24,4253.35,0.1143,37202.48,BPO / Call Center Agent,Owned (Inherited/Tax Dec),Widowed,4.3,21,0.875,1,2,0,0.0,0.026,0.646,0,0,active,52.0,6,2,1.75,0.577,0,1,defaulted
SYNTH-00200,2,KAPATAGAN,HONDA,CLICK 160,Scooter,122900.0,14748.0,0.12,108152.0,24,6869.37,0.3055,22482.21,Agri / Farmer / Fisherfolk,Living with Parents/Relatives,Single,4.0,9,0.5417,1,4,4,27477.48,0.212,0.372,0,0,defaulted,52.6,8,4,3.68,0.5,0,0,defaulted
SYNTH-00201,1,LALA,HONDA,PCX160,Maxi-Scooter,134900.0,20235.0,0.15,114665.0,12,12239.82,0.4658,26279.44,Sari-Sari / Small Retail,Owned (Clean Title),Married,20.0,2,0.3333,1,3,2,24479.64,0.39,0.636,0,0,defaulted,51.1,8,3,3.63,0.6797,0,1,defaulted
SYNTH-00202,3,TUBOD,SUZUKI,RAIDER 150 FI,Sport Underbone,119900.0,17985.0,0.15,101915.0,36,5069.27,0.1396,36306.37,Employed (Private/Gov),Owned (Clean Title),Married,12.1,34,0.9722,0,2,1,5069.27,0.139,0.685,0,0,delinquent,33.8,2,2,1.55,0.6672,0,0,completed
SYNTH-00203,3,TUBOD,KAWASAKI,P24KK (BARAKO II),Backbone/Tricycle,68500.0,6850.0,0.1,61650.0,12,6673.25,0.0826,80786.9,OFW Remittance / Dependent,Owned (Clean Title),Widowed,3.1,8,0.6667,0,0,0,0.0,0.018,0.66,0,0,active,45.5,6,3,2.94,0.5871,0,0,completed
SYNTH-00204,3,TUBOD,YAMAHA,NMAX 155,Maxi-Scooter,151900.0,15190.0,0.1,136710.0,36,6731.7,0.1529,44023.31,Public School Teacher,Owned (Inherited/Tax Dec),Married,4.6,23,0.6389,2,2,0,0.0,0.138,0.812,0,0,active,35.3,5,3,2.72,0.8371,0,0,completed
SYNTH-00205,3,TUBOD,KAWASAKI,CT100B,Backbone/Utility,54000.0,10800.0,0.2,43200.0,36,2264.0,0.112,20209.39,Agri / Farmer / Fisherfolk,Owned (Clean Title),Married,10.1,2,0.1111,0,2,2,4528.0,0.203,0.495,1,0,defaulted,61.6,11,3,3.01,0.579,0,0,defaulted
SYNTH-00206,2,KAPATAGAN,YAMAHA,SNIPER 155,Sport Underbone,123900.0,12390.0,0.1,111510.0,24,7076.45,0.1735,40797.82,Public School Teacher,Living with Parents/Relatives,Widowed,4.3,18,0.875,0,4,3,21229.35,0.302,0.296,0,0,defaulted,39.8,8,3,3.25,0.5,0,1,defaulted
SYNTH-00207,2,KAPATAGAN,SUZUKI,BURGMAN STREET 125,Maxi-Scooter,83400.0,25020.0,0.3,58380.0,24,3800.1,0.112,33926.03,Employed (Private/Gov),Owned (Clean Title),Widowed,23.9,12,0.5,2,0,0,0.0,0.0,0.935,0,0,active,45.0,9,3,3.13,0.9576,0,0,completed
SYNTH-00208,2,KAPATAGAN,HONDA,WAVE RSX,Underbone,64900.0,9735.0,0.15,55165.0,12,5992.32,0.2281,26265.73,BPO / Call Center Agent,Owned (Inherited/Tax Dec),Widowed,8.8,2,0.5,1,2,4,23969.28,0.224,0.204,0,0,defaulted,54.0,1,3,2.7,0.5,0,1,defaulted
SYNTH-00209,1,LALA,YAMAHA,AEROX 155,Sport Scooter,125400.0,12540.0,0.1,112860.0,24,7159.7,0.2101,34085.3,Employed (Private/Gov),Owned (Clean Title),Married,2.4,11,0.5833,0,2,3,21479.1,0.206,0.477,1,0,defaulted,40.5,11,4,3.79,0.5844,0,1,defaulted
SYNTH-00210,2,KAPATAGAN,KAWASAKI,CT100B,Backbone/Utility,54000.0,16200.0,0.3,37800.0,12,4169.0,0.2044,20401.15,Employed (Private/Gov),Living with Parents/Relatives,Married,3.1,1,0.4167,1,2,4,16676.0,0.413,0.338,0,0,defaulted,58.7,8,3,2.86,0.5,0,1,defaulted
SYNTH-00211,1,LALA,HONDA,BEAT PREMIUM,Scooter,72400.0,21720.0,0.3,50680.0,12,5521.4,0.3561,15505.75,Sari-Sari / Small Retail,Owned (Inherited/Tax Dec),Widowed,14.6,4,0.5,0,4,2,11042.8,0.151,0.513,0,1,defaulted,53.7,2,5,5.44,0.5,0,1,defaulted
SYNTH-00212,1,LALA,YAMAHA,MIO SPORTY,Scooter,73900.0,8868.0,0.12,65032.0,24,4210.31,0.0772,54535.63,OFW Remittance / Dependent,Living with Parents/Relatives,Married,3.8,21,0.875,1,0,0,0.0,0.01,0.761,0,0,active,40.8,6,4,4.7,0.7159,0,1,defaulted
SYNTH-00213,3,TUBOD,HONDA,WAVE RSX,Underbone,64900.0,12980.0,0.2,51920.0,24,3401.73,0.1283,26523.72,Tricycle / PUV Operator,Owned (Inherited/Tax Dec),Widowed,11.4,5,0.2917,0,1,2,6803.46,0.398,0.321,0,0,defaulted,13.2,7,4,4.0,0.5,0,1,defaulted
SYNTH-00214,2,KAPATAGAN,HONDA,BEAT PREMIUM,Scooter,72400.0,18100.0,0.25,54300.0,12,5901.5,0.1288,45811.31,Public School Teacher,Living with Parents/Relatives,Single,4.4,10,0.8333,2,2,0,0.0,0.078,0.797,0,0,active,28.1,5,4,3.93,0.7627,0,0,completed
SYNTH-00215,1,LALA,SUZUKI,RAIDER 150 FI,Sport Underbone,119900.0,11990.0,0.1,107910.0,12,11530.55,0.5828,19783.7,Sari-Sari / Small Retail,Owned (Inherited/Tax Dec),Widowed,6.1,3,0.3333,0,4,1,11530.55,0.371,0.469,1,0,delinquent,45.0,1,3,3.65,0.5,0,1,defaulted
SYNTH-00216,2,KAPATAGAN,YAMAHA,MIO SPORTY,Scooter,73900.0,22170.0,0.3,51730.0,24,3390.02,0.0954,35552.71,Public School Teacher,Rented (Apartment/House),Widowed,7.8,6,0.25,3,0,0,0.0,0.058,0.81,0,0,active,20.1,1,5,5.54,0.7693,1,1,defaulted
SYNTH-00217,2,KAPATAGAN,SUZUKI,RAIDER 150 FI,Sport Underbone,119900.0,11990.0,0.1,107910.0,36,5355.7,0.1661,32248.46,OFW Remittance / Dependent,Rented (Apartment/House),Widowed,2.9,32,0.9722,1,2,3,16067.1,0.4,0.211,1,1,defaulted,26.4,3,3,2.38,0.5,0,0,defaulted
SYNTH-00218,3,TUBOD,YAMAHA,MIO SPORTY,Scooter,73900.0,22170.0,0.3,51730.0,36,2671.54,0.0738,36197.78,BPO / Call Center Agent,Owned (Clean Title),Married,5.9,16,0.4444,1,0,0,0.0,0.0,0.878,0,0,active,36.6,4,4,4.49,0.9161,0,0,completed
SYNTH-00219,1,LALA,YAMAHA,NMAX 155,Maxi-Scooter,151900.0,45570.0,0.3,106330.0,24,6757.02,0.2126,31779.88,Employed (Private/Gov),Rented (Apartment/House),Single,16.8,21,0.9167,1,2,1,6757.02,0.38,0.528,1,1,delinquent,17.4,8,5,4.62,0.5386,0,1,defaulted
SYNTH-00220,2,KAPATAGAN,SUZUKI,RAIDER 150 FI,Sport Underbone,119900.0,35970.0,0.3,83930.0,24,5375.68,0.1932,27830.4,Sari-Sari / Small Retail,Living with Parents/Relatives,Married,13.0,8,0.375,1,1,1,5375.68,0.167,0.231,1,0,delinquent,23.6,5,4,3.69,0.5,0,1,defaulted
SYNTH-00221,3,TUBOD,SUZUKI,BURGMAN STREET 125,Maxi-Scooter,83400.0,12510.0,0.15,70890.0,24,4571.55,0.2394,19094.08,Tricycle / PUV Operator,Owned (Clean Title),Widowed,8.3,0,0.0833,0,2,3,13714.65,0.285,0.542,1,0,defaulted,13.4,11,4,4.0,0.6075,0,0,defaulted
SYNTH-00222,3,TUBOD,HONDA,ADV160,Adventure Scooter,166900.0,16690.0,0.1,150210.0,36,7376.7,0.3508,21030.32,Public School Teacher,Owned (Clean Title),Single,11.0,13,0.4444,0,4,3,22130.1,0.157,0.605,0,1,defaulted,40.8,1,1,1.03,0.5398,0,0,defaulted
SYNTH-00223,3,TUBOD,YAMAHA,NMAX 155,Maxi-Scooter,151900.0,45570.0,0.3,106330.0,24,6757.02,0.2497,27062.18,Public School Teacher,Living with Parents/Relatives,Married,4.7,8,0.4583,0,1,3,20271.06,0.227,0.642,1,0,defaulted,41.1,4,3,3.2,0.6408,0,1,defaulted
SYNTH-00224,3,TUBOD,HONDA,CLICK 160,Scooter,122900.0,18435.0,0.15,104465.0,36,5191.11,0.1583,32798.58,BPO / Call Center Agent,Owned (Clean Title),Widowed,6.5,20,0.5833,0,2,1,5191.11,0.017,0.687,1,0,delinquent,23.8,10,4,3.81,0.6742,0,0,completed
SYNTH-00225,2,KAPATAGAN,KAWASAKI,P24KK (BARAKO II),Backbone/Tricycle,68500.0,8220.0,0.12,60280.0,36,3080.04,0.0987,31203.42,BPO / Call Center Agent,Living with Parents/Relatives,Widowed,12.5,35,0.9722,1,0,0,0.0,0.129,0.629,0,0,active,48.9,9,4,4.05,0.6201,0,1,defaulted
SYNTH-00226,2,KAPATAGAN,HONDA,CLICK 125I,Scooter,81400.0,24420.0,0.3,56980.0,36,2922.38,0.0723,40413.74,OFW Remittance / Dependent,Owned (Clean Title),Widowed,7.0,20,0.5556,2,0,0,0.0,0.0,0.923,0,0,active,35.4,4,4,4.32,0.9822,0,0,completed
SYNTH-00227,3,TUBOD,KAWASAKI,P24KK (BARAKO II),Backbone/Tricycle,68500.0,8220.0,0.12,60280.0,36,3080.04,0.0758,40619.17,BPO / Call Center Agent,Rented (Apartment/House),Single,3.3,16,0.5,0,1,2,6160.08,0.304,0.228,0,0,defaulted,12.9,6,4,4.48,0.5,0,1,defaulted
SYNTH-00228,2,KAPATAGAN,HONDA,PCX160,Maxi-Scooter,134900.0,26980.0,0.2,107920.0,24,6855.07,0.3287,20857.58,Sari-Sari / Small Retail,Owned (Clean Title),Married,9.4,0,0.125,1,1,4,27420.28,0.249,0.274,0,1,defaulted,21.3,6,3,3.57,0.5,0,1,defaulted
SYNTH-00229,2,KAPATAGAN,YAMAHA,MIO SPORTY,Scooter,73900.0,8868.0,0.12,65032.0,12,7028.36,0.1497,46953.37,OFW Remittance / Dependent,Rented (Apartment/House),Married,9.0,1,0.25,1,1,2,14056.72,0.382,0.643,1,0,defaulted,39.6,2,4,3.97,0.6695,0,1,defaulted
SYNTH-00230,3,TUBOD,YAMAHA,MIO GEAR 125,Scooter,79400.0,11910.0,0.15,67490.0,24,4361.88,0.3203,13619.49,Agri / Farmer / Fisherfolk,Owned (Inherited/Tax Dec),Widowed,6.6,1,0.1667,0,2,3,13085.64,0.264,0.57,0,0,defaulted,25.8,6,3,2.5,0.505,0,1,defaulted
SYNTH-00231,1,LALA,HONDA,PCX160,Maxi-Scooter,134900.0,13490.0,0.1,121410.0,24,7686.95,0.3584,21450.28,Tricycle / PUV Operator,Owned (Inherited/Tax Dec),Married,14.0,20,0.9167,0,3,2,15373.9,0.269,0.559,1,0,defaulted,18.7,12,4,4.3,0.6449,0,1,defaulted
SYNTH-00232,3,TUBOD,KAWASAKI,P24KK (BARAKO II),Backbone/Tricycle,68500.0,8220.0,0.12,60280.0,36,3080.04,0.0773,39860.59,Employed (Private/Gov),Rented (Apartment/House),Single,9.7,8,0.2222,0,0,0,0.0,0.136,0.814,0,0,active,20.1,6,4,3.86,0.7063,0,0,completed
SYNTH-00233,3,TUBOD,HONDA,PCX160,Maxi-Scooter,134900.0,13490.0,0.1,121410.0,12,12948.05,0.508,25489.91,Sari-Sari / Small Retail,Living with Parents/Relatives,Single,10.3,2,0.3333,1,4,2,25896.1,0.335,0.398,1,0,defaulted,63.2,2,2,2.49,0.5,0,1,defaulted
SYNTH-00234,1,LALA,YAMAHA,AEROX 155,Sport Scooter,125400.0,25080.0,0.2,100320.0,36,4993.07,0.1463,34120.45,Employed (Private/Gov),Owned (Inherited/Tax Dec),Widowed,6.5,31,0.8889,0,1,1,4993.07,0.025,0.759,0,0,delinquent,18.9,3,5,5.35,0.7913,0,0,completed
SYNTH-00235,2,KAPATAGAN,KAWASAKI,CT100B,Backbone/Utility,54000.0,13500.0,0.25,40500.0,24,2697.5,0.0893,30196.35,BPO / Call Center Agent,Owned (Inherited/Tax Dec),Single,5.6,8,0.3333,5,0,0,0.0,0.0,0.958,0,0,active,57.2,9,3,3.21,0.9338,0,0,completed
SYNTH-00236,2,KAPATAGAN,HONDA,CLICK 160,Scooter,122900.0,14748.0,0.12,108152.0,12,11555.96,0.3465,33347.69,Employed (Private/Gov),Living with Parents/Relatives,Widowed,13.6,10,0.9167,1,2,1,11555.96,0.291,0.341,0,0,delinquent,29.7,9,4,4.46,0.5,0,1,defaulted
SYNTH-00237,2,KAPATAGAN,YAMAHA,MIO GEAR 125,Scooter,79400.0,7940.0,0.1,71460.0,12,7703.3,0.2527,30484.97,Sari-Sari / Small Retail,Living with Parents/Relatives,Widowed,6.6,5,0.5,1,2,1,7703.3,0.364,0.278,0,0,delinquent,29.1,8,4,3.86,0.5,0,1,defaulted
SYNTH-00238,3,TUBOD,YAMAHA,MIO GEAR 125,Scooter,79400.0,23820.0,0.3,55580.0,12,6035.9,0.2389,25269.19,Agri / Farmer / Fisherfolk,Owned (Inherited/Tax Dec),Married,5.4,2,0.3333,0,1,2,12071.8,0.256,0.479,0,0,defaulted,63.9,3,3,3.43,0.5,0,1,defaulted
SYNTH-00239,1,LALA,KAWASAKI,P24KK (BARAKO II),Backbone/Tricycle,68500.0,6850.0,0.1,61650.0,36,3145.5,0.1615,19481.49,Sari-Sari / Small Retail,Living with Parents/Relatives,Married,8.1,21,0.6389,1,2,2,6291.0,0.356,0.346,0,0,defaulted,56.0,9,4,4.18,0.5,0,0,defaulted
SYNTH-00240,2,KAPATAGAN,HONDA,TMX125 ALPHA,Backbone/Utility,57900.0,14475.0,0.25,43425.0,12,4759.62,0.1351,35227.78,BPO / Call Center Agent,Owned (Clean Title),Single,2.5,3,0.3333,0,2,1,4759.62,0.046,0.728,1,0,delinquent,61.6,4,4,3.54,0.7953,0,0,completed
SYNTH-00241,1,LALA,YAMAHA,MIO SPORTY,Scooter,73900.0,8868.0,0.12,65032.0,12,7028.36,0.3284,21402.52,Tricycle / PUV Operator,Owned (Inherited/Tax Dec),Married,8.9,9,0.8333,1,2,1,7028.36,0.228,0.499,0,0,delinquent,40.8,6,4,4.23,0.5,0,0,defaulted
SYNTH-00242,3,TUBOD,YAMAHA,MIO FAZZIO,Retro Scooter,93900.0,11268.0,0.12,82632.0,24,5295.64,0.2269,23336.83,Sari-Sari / Small Retail,Owned (Clean Title),Married,3.4,2,0.25,1,4,4,21182.56,0.314,0.589,0,1,defaulted,16.1,12,4,3.98,0.6849,0,0,defaulted
SYNTH-00243,3,TUBOD,YAMAHA,MIO GEAR 125,Scooter,79400.0,23820.0,0.3,55580.0,24,3627.43,0.1059,34252.7,Public School Teacher,Owned (Inherited/Tax Dec),Widowed,6.3,10,0.4167,3,0,0,0.0,0.0,0.988,0,0,active,26.1,3,3,2.85,1.0587,0,0,completed
SYNTH-00244,3,TUBOD,HONDA,CLICK 125I,Scooter,81400.0,12210.0,0.15,69190.0,12,7464.95,0.3592,20783.9,Tricycle / PUV Operator,Rented (Apartment/House),Single,8.0,6,0.8333,0,1,4,29859.8,0.439,0.208,1,0,defaulted,55.6,6,3,3.38,0.5,0,1,defaulted
SYNTH-00245,1,LALA,HONDA,PCX160,Maxi-Scooter,134900.0,16188.0,0.12,118712.0,12,12664.76,0.604,20967.21,Agri / Farmer / Fisherfolk,Living with Parents/Relatives,Widowed,5.2,1,0.3333,1,1,3,37994.28,0.312,0.517,1,1,defaulted,10.7,7,4,3.88,0.5103,0,1,defaulted
SYNTH-00246,2,KAPATAGAN,YAMAHA,NMAX 155,Maxi-Scooter,151900.0,22785.0,0.15,129115.0,36,6368.83,0.2568,24803.6,Public School Teacher,Rented (Apartment/House),Widowed,5.5,31,0.9722,0,1,4,25475.32,0.24,0.334,0,0,defaulted,59.1,4,3,3.6,0.5,0,1,defaulted
SYNTH-00247,1,LALA,YAMAHA,AEROX 155,Sport Scooter,125400.0,18810.0,0.15,106590.0,12,11391.95,0.3008,37874.44,Employed (Private/Gov),Owned (Clean Title),Married,4.4,0,0.1667,0,3,2,22783.9,0.449,0.462,0,1,defaulted,13.5,2,4,4.41,0.5,0,1,defaulted
SYNTH-00248,2,KAPATAGAN,YAMAHA,SNIPER 155,Sport Underbone,123900.0,14868.0,0.12,109032.0,36,5409.31,0.2529,21390.12,Tricycle / PUV Operator,Owned (Clean Title),Widowed,12.6,27,0.7778,0,1,1,5409.31,0.423,0.242,1,0,delinquent,58.3,9,3,3.18,0.5,0,1,defaulted
SYNTH-00249,3,TUBOD,SUZUKI,SMASH 115,Underbone,62400.0,6240.0,0.1,56160.0,12,6096.8,0.0997,61145.96,OFW Remittance / Dependent,Living with Parents/Relatives,Married,24.8,7,0.5833,5,0,0,0.0,0.0,0.898,0,0,active,43.1,8,3,2.88,0.9422,0,0,completed
SYNTH-00250,1,LALA,HONDA,CLICK 160,Scooter,122900.0,36870.0,0.3,86030.0,12,9233.15,0.1844,50075.72,OFW Remittance / Dependent,Owned (Clean Title),Widowed,11.4,11,0.9167,3,0,0,0.0,0.089,0.758,1,0,active,38.2,2,4,4.27,0.7276,0,1,defaulted
SYNTH-00251,2,KAPATAGAN,HONDA,ADV160,Adventure Scooter,166900.0,50070.0,0.3,116830.0,24,7404.52,0.1525,48555.13,OFW Remittance / Dependent,Rented (Apartment/House),Widowed,3.8,7,0.375,0,4,2,14809.04,0.435,0.494,0,0,defaulted,37.8,1,2,2.21,0.5,0,1,defaulted
SYNTH-00252,2,KAPATAGAN,YAMAHA,AEROX 155,Sport Scooter,125400.0,31350.0,0.25,94050.0,36,4693.5,0.1787,26264.1,BPO / Call Center Agent,Living with Parents/Relatives,Married,7.5,3,0.1111,0,1,1,4693.5,0.292,0.363,0,0,delinquent,20.8,10,4,3.28,0.5,0,1,defaulted
SYNTH-00253,1,LALA,SUZUKI,SMASH 115,Underbone,62400.0,18720.0,0.3,43680.0,36,2286.93,0.1146,19962.24,Employed (Private/Gov),Rented (Apartment/House),Widowed,10.3,27,0.8611,1,2,4,9147.72,0.152,0.432,1,0,defaulted,41.5,1,3,2.8,0.5,0,0,defaulted
SYNTH-00254,3,TUBOD,SUZUKI,BURGMAN STREET 125,Maxi-Scooter,83400.0,16680.0,0.2,66720.0,36,3387.73,0.2317,14624.14,Sari-Sari / Small Retail,Owned (Inherited/Tax Dec),Single,7.1,10,0.3333,0,2,2,6775.46,0.176,0.379,1,0,defaulted,29.0,7,3,3.09,0.5,0,0,defaulted
SYNTH-00255,1,LALA,HONDA,BEAT PREMIUM,Scooter,72400.0,7240.0,0.1,65160.0,36,3313.2,0.145,22842.03,Agri / Farmer / Fisherfolk,Living with Parents/Relatives,Married,6.8,3,0.1667,0,4,3,9939.6,0.448,0.516,0,0,defaulted,31.7,1,4,3.77,0.5,0,0,defaulted
SYNTH-00256,3,TUBOD,SUZUKI,BURGMAN STREET 125,Maxi-Scooter,83400.0,10008.0,0.12,73392.0,24,4725.84,0.3154,14984.3,Sari-Sari / Small Retail,Rented (Apartment/House),Single,2.1,18,0.7917,1,1,1,4725.84,0.332,0.521,0,1,delinquent,62.5,9,3,2.81,0.5486,0,1,defaulted
SYNTH-00257,2,KAPATAGAN,YAMAHA,NMAX 155,Maxi-Scooter,151900.0,30380.0,0.2,121520.0,24,7693.73,0.1701,45237.15,OFW Remittance / Dependent,Rented (Apartment/House),Widowed,7.3,0,0.0833,0,3,4,30774.92,0.331,0.227,1,0,defaulted,31.1,1,3,3.12,0.5,0,1,defaulted
SYNTH-00258,2,KAPATAGAN,YAMAHA,MIO SPORTY,Scooter,73900.0,11085.0,0.15,62815.0,36,3201.16,0.2668,12000.0,Tricycle / PUV Operator,Owned (Inherited/Tax Dec),Single,4.1,21,0.6667,0,3,3,9603.48,0.375,0.389,1,0,defaulted,46.8,11,5,4.94,0.5,0,0,defaulted
SYNTH-00259,1,LALA,KAWASAKI,P24KK (BARAKO II),Backbone/Tricycle,68500.0,10275.0,0.15,58225.0,36,2981.86,0.0982,30367.21,Public School Teacher,Living with Parents/Relatives,Widowed,14.2,18,0.5,12,0,0,0.0,0.0,0.852,0,0,active,43.7,11,5,5.08,1.001,0,0,completed
SYNTH-00260,1,LALA,HONDA,WAVE RSX,Underbone,64900.0,16225.0,0.25,48675.0,36,2525.58,0.0782,32289.23,BPO / Call Center Agent,Owned (Inherited/Tax Dec),Widowed,9.6,24,0.6667,1,0,0,0.0,0.0,0.985,0,0,active,17.8,9,5,4.74,0.9868,0,0,completed
SYNTH-00261,1,LALA,HONDA,PCX160,Maxi-Scooter,134900.0,33725.0,0.25,101175.0,36,5033.92,0.0977,51534.78,OFW Remittance / Dependent,Rented (Apartment/House),Married,5.9,2,0.0556,1,0,0,0.0,0.087,0.722,0,0,active,50.1,8,3,3.26,0.6632,0,0,completed
SYNTH-00262,1,LALA,YAMAHA,MIO GEAR 125,Scooter,79400.0,15880.0,0.2,63520.0,24,4117.07,0.1724,23877.83,Tricycle / PUV Operator,Owned (Inherited/Tax Dec),Married,8.6,16,0.7083,0,1,1,4117.07,0.352,0.393,1,0,delinquent,53.4,8,4,3.62,0.5,0,1,defaulted
SYNTH-00263,3,TUBOD,SUZUKI,SMASH 115,Underbone,62400.0,9360.0,0.15,53040.0,36,2734.13,0.0382,71494.51,OFW Remittance / Dependent,Living with Parents/Relatives,Married,5.7,6,0.1667,3,0,0,0.0,0.0,0.979,0,0,active,27.5,1,3,3.28,0.8575,0,0,completed
SYNTH-00264,2,KAPATAGAN,HONDA,CLICK 160,Scooter,122900.0,36870.0,0.3,86030.0,24,5505.18,0.2189,25150.4,Public School Teacher,Owned (Inherited/Tax Dec),Married,12.7,6,0.2917,2,2,1,5505.18,0.103,0.776,0,0,delinquent,33.7,11,4,3.86,0.8597,0,0,completed
SYNTH-00265,1,LALA,YAMAHA,SNIPER 155,Sport Underbone,123900.0,30975.0,0.25,92925.0,12,9957.12,0.3186,31249.17,Public School Teacher,Owned (Inherited/Tax Dec),Single,5.1,1,0.4167,1,3,4,39828.48,0.341,0.491,0,0,defaulted,32.5,4,3,2.93,0.5,0,1,defaulted
SYNTH-00266,2,KAPATAGAN,KAWASAKI,ROUSER NS125,Sport Backbone,82000.0,24600.0,0.3,57400.0,12,6227.0,0.2548,24441.21,Tricycle / PUV Operator,Rented (Apartment/House),Single,2.9,3,0.5,1,3,3,18681.0,0.215,0.364,0,0,defaulted,47.9,5,2,2.1,0.5,0,1,defaulted
SYNTH-00267,3,TUBOD,YAMAHA,MIO SPORTY,Scooter,73900.0,22170.0,0.3,51730.0,36,2671.54,0.1501,17793.13,Agri / Farmer / Fisherfolk,Living with Parents/Relatives,Married,3.0,18,0.5556,0,2,2,5343.08,0.439,0.427,0,0,defaulted,11.7,10,5,4.96,0.5,0,1,defaulted
SYNTH-00268,2,KAPATAGAN,YAMAHA,MIO SPORTY,Scooter,73900.0,11085.0,0.15,62815.0,36,3201.16,0.2051,15607.42,Tricycle / PUV Operator,Owned (Inherited/Tax Dec),Single,5.3,13,0.4722,0,4,4,12804.64,0.288,0.54,0,0,defaulted,16.4,4,6,5.9,0.5838,0,0,defaulted
SYNTH-00269,2,KAPATAGAN,KAWASAKI,P24KK (BARAKO II),Backbone/Tricycle,68500.0,8220.0,0.12,60280.0,24,3917.27,0.1996,19626.26,Tricycle / PUV Operator,Rented (Apartment/House),Married,7.6,19,0.9167,1,2,3,11751.81,0.398,0.471,1,1,defaulted,31.2,9,4,4.16,0.5,0,1,defaulted
SYNTH-00270,1,LALA,YAMAHA,MIO SPORTY,Scooter,73900.0,22170.0,0.3,51730.0,24,3390.02,0.1533,22115.83,Tricycle / PUV Operator,Owned (Clean Title),Married,1.3,7,0.4167,0,3,3,10170.06,0.313,0.449,1,0,defaulted,34.2,8,5,5.18,0.5,0,0,defaulted
SYNTH-00271,1,LALA,SUZUKI,BURGMAN STREET 125,Maxi-Scooter,83400.0,20850.0,0.25,62550.0,36,3188.5,0.1707,18682.99,Sari-Sari / Small Retail,Owned (Clean Title),Widowed,3.7,5,0.2222,1,4,3,9565.5,0.253,0.226,0,0,defaulted,41.9,4,4,4.26,0.5,0,1,defaulted
SYNTH-00272,2,KAPATAGAN,YAMAHA,NMAX 155,Maxi-Scooter,151900.0,45570.0,0.3,106330.0,24,6757.02,0.292,23140.69,Sari-Sari / Small Retail,Rented (Apartment/House),Married,3.1,3,0.25,0,4,3,20271.06,0.271,0.42,0,1,defaulted,44.1,1,3,3.69,0.5,0,1,defaulted
SYNTH-00273,2,KAPATAGAN,KAWASAKI,CT100B,Backbone/Utility,54000.0,5400.0,0.1,48600.0,24,3197.0,0.0917,34864.6,Public School Teacher,Owned (Inherited/Tax Dec),Married,2.7,5,0.2083,5,0,0,0.0,0.0,0.921,0,0,active,63.0,7,3,3.08,0.8753,0,0,completed
SYNTH-00274,3,TUBOD,YAMAHA,NMAX 155,Maxi-Scooter,151900.0,15190.0,0.1,136710.0,24,8630.45,0.2738,31522.44,BPO / Call Center Agent,Rented (Apartment/House),Widowed,8.8,17,0.75,0,3,1,8630.45,0.189,0.591,0,0,delinquent,53.7,1,2,2.1,0.5092,0,1,defaulted
SYNTH-00275,3,TUBOD,HONDA,CLICK 125I,Scooter,81400.0,12210.0,0.15,69190.0,36,3505.74,0.1559,22486.29,Tricycle / PUV Operator,Owned (Inherited/Tax Dec),Married,5.3,16,0.5556,0,1,4,14022.96,0.289,0.267,0,0,defaulted,57.5,1,3,3.14,0.5,0,1,defaulted
SYNTH-00276,2,KAPATAGAN,KAWASAKI,ROUSER NS125,Sport Backbone,82000.0,9840.0,0.12,72160.0,36,3647.64,0.1884,19361.81,BPO / Call Center Agent,Living with Parents/Relatives,Widowed,13.3,20,0.6111,0,3,2,7295.28,0.379,0.291,1,0,defaulted,37.1,1,2,1.15,0.5,0,1,defaulted
SYNTH-00277,1,LALA,KAWASAKI,P24KK (BARAKO II),Backbone/Tricycle,68500.0,17125.0,0.25,51375.0,36,2654.58,0.1096,24224.23,Tricycle / PUV Operator,Owned (Inherited/Tax Dec),Married,7.6,32,0.9167,1,0,1,2654.58,0.124,0.702,0,0,delinquent,62.6,7,4,4.52,0.7144,0,0,completed
SYNTH-00278,3,TUBOD,KAWASAKI,CT100B,Backbone/Utility,54000.0,16200.0,0.3,37800.0,36,2006.0,0.1172,17111.98,Agri / Farmer / Fisherfolk,Owned (Clean Title),Single,6.1,0,0.0556,0,1,4,8024.0,0.404,0.398,0,1,defaulted,38.1,12,3,3.35,0.5,0,1,defaulted
SYNTH-00279,1,LALA,HONDA,WAVE RSX,Underbone,64900.0,6490.0,0.1,58410.0,24,3801.95,0.1681,22623.6,Tricycle / PUV Operator,Owned (Clean Title),Married,7.5,20,0.9167,1,3,2,7603.9,0.356,0.415,0,0,defaulted,17.4,10,5,5.39,0.5,0,1,defaulted
SYNTH-00280,1,LALA,KAWASAKI,ROUSER NS125,Sport Backbone,82000.0,9840.0,0.12,72160.0,12,7776.8,0.321,24226.75,Employed (Private/Gov),Owned (Clean Title),Widowed,2.5,2,0.4167,1,2,3,23330.4,0.213,0.325,0,0,defaulted,10.8,8,3,3.3,0.5,0,1,defaulted
SYNTH-00281,1,LALA,YAMAHA,SNIPER 155,Sport Underbone,123900.0,12390.0,0.1,111510.0,12,11908.55,0.1916,62151.34,OFW Remittance / Dependent,Owned (Inherited/Tax Dec),Single,9.0,2,0.1667,3,0,0,0.0,0.113,0.636,0,0,active,52.1,12,3,3.41,0.7523,0,1,defaulted
SYNTH-00282,1,LALA,KAWASAKI,CT100B,Backbone/Utility,54000.0,8100.0,0.15,45900.0,36,2393.0,0.1118,21405.79,Tricycle / PUV Operator,Owned (Inherited/Tax Dec),Widowed,12.1,16,0.4722,0,1,1,2393.0,0.173,0.419,0,0,delinquent,13.6,6,4,3.43,0.5,0,0,defaulted
SYNTH-00283,3,TUBOD,YAMAHA,MIO SPORTY,Scooter,73900.0,7390.0,0.1,66510.0,36,3377.7,0.1338,25245.48,BPO / Call Center Agent,Owned (Clean Title),Single,5.5,1,0.0278,1,2,0,0.0,0.011,0.837,0,0,active,26.5,10,4,4.21,0.8379,0,0,completed
SYNTH-00284,2,KAPATAGAN,HONDA,PCX160,Maxi-Scooter,134900.0,26980.0,0.2,107920.0,12,11531.6,0.2217,52016.88,OFW Remittance / Dependent,Living with Parents/Relatives,Married,3.9,4,0.6667,0,4,4,46126.4,0.165,0.518,0,0,defaulted,26.2,2,2,1.75,0.5132,0,1,defaulted
SYNTH-00285,1,LALA,HONDA,CLICK 160,Scooter,122900.0,30725.0,0.25,92175.0,24,5884.12,0.4047,14538.86,Agri / Farmer / Fisherfolk,Owned (Inherited/Tax Dec),Single,3.5,14,0.6667,1,4,2,11768.24,0.272,0.618,0,0,defaulted,36.2,11,4,4.22,0.7023,0,1,defaulted
SYNTH-00286,3,TUBOD,HONDA,BEAT PREMIUM,Scooter,72400.0,14480.0,0.2,57920.0,36,2967.29,0.0878,33812.51,BPO / Call Center Agent,Rented (Apartment/House),Single,2.8,0,0.0833,0,3,3,8901.87,0.257,0.472,1,0,defaulted,58.9,12,4,4.12,0.5172,0,1,defaulted
SYNTH-00287,3,TUBOD,SUZUKI,BURGMAN STREET 125,Maxi-Scooter,83400.0,25020.0,0.3,58380.0,24,3800.1,0.2253,16863.41,Public School Teacher,Living with Parents/Relatives,Single,7.4,7,0.3333,3,1,1,3800.1,0.011,0.756,0,0,delinquent,49.3,10,3,3.27,0.7228,0,0,completed
SYNTH-00288,1,LALA,HONDA,CLICK 125I,Scooter,81400.0,9768.0,0.12,71632.0,36,3622.42,0.1654,21905.43,Tricycle / PUV Operator,Owned (Inherited/Tax Dec),Widowed,9.0,3,0.1389,0,3,2,7244.84,0.193,0.434,1,0,defaulted,37.3,9,4,4.31,0.5,0,1,defaulted
SYNTH-00289,3,TUBOD,YAMAHA,MIO FAZZIO,Retro Scooter,93900.0,23475.0,0.25,70425.0,24,4542.88,0.1759,25831.72,BPO / Call Center Agent,Owned (Inherited/Tax Dec),Single,5.1,14,0.625,0,1,1,4542.88,0.112,0.614,0,0,delinquent,25.2,12,3,3.01,0.6873,0,0,completed
SYNTH-00290,3,TUBOD,HONDA,CLICK 125I,Scooter,81400.0,20350.0,0.25,61050.0,12,6610.25,0.225,29376.84,Employed (Private/Gov),Rented (Apartment/House),Widowed,7.3,0,0.0833,0,3,2,13220.5,0.224,0.202,0,0,defaulted,15.6,1,4,4.39,0.5,0,1,defaulted
SYNTH-00291,1,LALA,YAMAHA,AEROX 155,Sport Scooter,125400.0,12540.0,0.1,112860.0,36,5592.2,0.1687,33157.81,OFW Remittance / Dependent,Rented (Apartment/House),Married,3.9,6,0.1944,1,2,1,5592.2,0.387,0.341,1,0,delinquent,60.0,5,3,3.33,0.5,0,0,defaulted
SYNTH-00292,3,TUBOD,SUZUKI,RAIDER 150 FI,Sport Underbone,119900.0,23980.0,0.2,95920.0,36,4782.84,0.0832,57466.51,OFW Remittance / Dependent,Owned (Clean Title),Single,6.3,9,0.25,7,0,0,0.0,0.0,0.953,0,0,active,44.8,10,2,1.95,0.8798,1,0,early_settled
SYNTH-00293,1,LALA,HONDA,WAVE RSX,Underbone,64900.0,7788.0,0.12,57112.0,24,3721.91,0.1029,36177.95,Employed (Private/Gov),Rented (Apartment/House),Married,3.9,19,0.9583,0,1,4,14887.64,0.378,0.635,1,0,defaulted,26.4,2,4,4.07,0.6377,0,1,defaulted
SYNTH-00294,2,KAPATAGAN,YAMAHA,AEROX 155,Sport Scooter,125400.0,37620.0,0.3,87780.0,12,9416.9,0.4524,20813.21,Tricycle / PUV Operator,Owned (Inherited/Tax Dec),Widowed,5.6,0,0.0833,1,4,4,37667.6,0.258,0.222,0,0,defaulted,33.8,12,3,3.21,0.5,0,0,defaulted
SYNTH-00295,3,TUBOD,HONDA,TMX125 ALPHA,Backbone/Utility,57900.0,14475.0,0.25,43425.0,24,2877.88,0.2022,14234.07,Tricycle / PUV Operator,Owned (Inherited/Tax Dec),Single,5.8,16,0.8333,0,4,4,11511.52,0.166,0.366,0,0,defaulted,55.2,5,3,3.51,0.5,0,1,defaulted
SYNTH-00296,2,KAPATAGAN,YAMAHA,MIO SPORTY,Scooter,73900.0,18475.0,0.25,55425.0,12,6019.62,0.1296,46446.73,OFW Remittance / Dependent,Rented (Apartment/House),Married,8.8,9,1.0,1,3,3,18058.86,0.414,0.413,0,0,defaulted,43.4,4,5,4.62,0.5,0,1,defaulted
SYNTH-00297,1,LALA,KAWASAKI,ROUSER NS125,Sport Backbone,82000.0,24600.0,0.3,57400.0,36,2942.44,0.1728,17031.98,Tricycle / PUV Operator,Living with Parents/Relatives,Married,5.1,11,0.3333,1,3,1,2942.44,0.245,0.532,0,0,delinquent,49.2,11,3,3.57,0.5761,0,1,defaulted
SYNTH-00298,3,TUBOD,YAMAHA,NMAX 155,Maxi-Scooter,151900.0,37975.0,0.25,113925.0,36,5643.08,0.2717,20769.17,Tricycle / PUV Operator,Living with Parents/Relatives,Widowed,6.1,5,0.1944,0,4,2,11286.16,0.167,0.366,1,1,defaulted,24.7,3,4,3.65,0.5,0,1,defaulted
SYNTH-00299,2,KAPATAGAN,KAWASAKI,CT100B,Backbone/Utility,54000.0,13500.0,0.25,40500.0,12,4452.5,0.163,27322.77,Public School Teacher,Owned (Clean Title),Married,3.0,1,0.0833,2,1,0,0.0,0.062,0.631,0,0,active,39.2,9,3,2.93,0.5541,0,0,completed
SYNTH-00300,1,LALA,SUZUKI,SMASH 115,Underbone,62400.0,6240.0,0.1,56160.0,36,2883.2,0.0976,29535.77,BPO / Call Center Agent,Owned (Inherited/Tax Dec),Married,6.7,25,0.6944,7,0,0,0.0,0.0,0.995,0,0,active,27.2,11,4,4.08,1.1,0,0,completed
SYNTH-00301,2,KAPATAGAN,SUZUKI,SMASH 115,Underbone,62400.0,12480.0,0.2,49920.0,12,5441.6,0.1443,37723.05,Employed (Private/Gov),Owned (Clean Title),Married,10.0,4,0.3333,2,2,0,0.0,0.019,0.844,0,0,active,24.6,5,5,5.07,0.8369,0,0,completed
SYNTH-00302,2,KAPATAGAN,HONDA,TMX125 ALPHA,Backbone/Utility,57900.0,17370.0,0.3,40530.0,36,2136.43,0.1047,20407.43,Tricycle / PUV Operator,Owned (Clean Title),Married,15.2,33,0.9167,0,1,0,0.0,0.0,0.693,0,0,active,63.6,3,4,3.53,0.7573,0,0,completed
SYNTH-00303,1,LALA,SUZUKI,BURGMAN STREET 125,Maxi-Scooter,83400.0,25020.0,0.3,58380.0,24,3800.1,0.2023,18780.04,Agri / Farmer / Fisherfolk,Living with Parents/Relatives,Single,7.7,2,0.2083,0,2,3,11400.3,0.269,0.406,0,0,defaulted,22.6,11,5,4.94,0.5,0,1,defaulted
SYNTH-00304,2,KAPATAGAN,YAMAHA,SNIPER 155,Sport Underbone,123900.0,18585.0,0.15,105315.0,36,5231.72,0.2984,17535.35,Agri / Farmer / Fisherfolk,Living with Parents/Relatives,Single,2.0,33,0.9444,0,2,1,5231.72,0.167,0.413,0,1,delinquent,14.2,7,4,4.02,0.5,0,1,defaulted
SYNTH-00305,1,LALA,YAMAHA,MIO GEAR 125,Scooter,79400.0,11910.0,0.15,67490.0,24,4361.88,0.1495,29178.85,Public School Teacher,Owned (Inherited/Tax Dec),Married,4.5,7,0.2917,3,2,0,0.0,0.093,0.635,0,0,active,18.1,11,6,6.49,0.742,0,0,completed
SYNTH-00306,3,TUBOD,KAWASAKI,P24KK (BARAKO II),Backbone/Tricycle,68500.0,6850.0,0.1,61650.0,36,3145.5,0.0874,35985.77,Employed (Private/Gov),Living with Parents/Relatives,Widowed,12.5,24,0.6944,2,2,1,3145.5,0.039,0.769,1,0,delinquent,26.0,6,3,2.92,0.6959,0,0,completed
SYNTH-00307,3,TUBOD,SUZUKI,RAIDER 150 FI,Sport Underbone,119900.0,35970.0,0.3,83930.0,12,9012.65,0.2509,35924.01,BPO / Call Center Agent,Rented (Apartment/House),Single,6.4,3,0.3333,0,1,1,9012.65,0.194,0.228,1,0,delinquent,62.7,1,2,1.95,0.5,0,1,defaulted
SYNTH-00308,3,TUBOD,HONDA,PCX160,Maxi-Scooter,134900.0,16188.0,0.12,118712.0,36,5871.8,0.2195,26746.37,Public School Teacher,Owned (Inherited/Tax Dec),Widowed,7.4,35,0.9722,3,2,0,0.0,0.011,0.77,0,0,active,35.3,6,2,1.78,0.7028,0,1,defaulted
SYNTH-00309,1,LALA,HONDA,PCX160,Maxi-Scooter,134900.0,33725.0,0.25,101175.0,36,5033.92,0.3519,14305.1,Employed (Private/Gov),Owned (Clean Title),Married,15.1,2,0.1389,1,2,3,15101.76,0.284,0.275,0,0,defaulted,23.3,6,3,3.13,0.5,0,1,defaulted
SYNTH-00310,1,LALA,YAMAHA,MIO FAZZIO,Retro Scooter,93900.0,23475.0,0.25,70425.0,24,4542.88,0.3339,13607.5,Tricycle / PUV Operator,Owned (Clean Title),Single,8.7,2,0.125,1,1,1,4542.88,0.172,0.467,0,0,delinquent,20.5,11,5,5.01,0.5419,0,1,defaulted
SYNTH-00311,2,KAPATAGAN,HONDA,PCX160,Maxi-Scooter,134900.0,40470.0,0.3,94430.0,24,6023.18,0.1039,57962.42,OFW Remittance / Dependent,Rented (Apartment/House),Widowed,6.7,1,0.0417,3,0,0,0.0,0.072,0.64,0,0,active,45.2,9,2,2.29,0.6112,0,0,completed
SYNTH-00312,2,KAPATAGAN,HONDA,BEAT PREMIUM,Scooter,72400.0,18100.0,0.25,54300.0,24,3548.5,0.0919,38609.89,OFW Remittance / Dependent,Living with Parents/Relatives,Single,8.8,5,0.2083,1,0,0,0.0,0.0,0.966,0,0,active,10.5,1,5,5.0,0.8407,0,0,completed
SYNTH-00313,1,LALA,SUZUKI,BURGMAN STREET 125,Maxi-Scooter,83400.0,25020.0,0.3,58380.0,24,3800.1,0.1403,27092.44,Sari-Sari / Small Retail,Rented (Apartment/House),Single,5.9,22,1.0,1,3,2,7600.2,0.217,0.485,0,0,defaulted,50.1,3,4,3.84,0.5357,0,1,defaulted
SYNTH-00314,1,LALA,KAWASAKI,P24KK (BARAKO II),Backbone/Tricycle,68500.0,20550.0,0.3,47950.0,12,5234.75,0.2253,23230.87,Sari-Sari / Small Retail,Living with Parents/Relatives,Married,3.7,9,0.8333,0,4,1,5234.75,0.349,0.416,1,1,delinquent,31.9,12,5,4.77,0.5,0,1,defaulted
SYNTH-00315,3,TUBOD,YAMAHA,SNIPER 155,Sport Underbone,123900.0,14868.0,0.12,109032.0,36,5409.31,0.163,33182.4,OFW Remittance / Dependent,Living with Parents/Relatives,Married,2.0,5,0.1944,0,1,2,10818.62,0.435,0.613,1,0,defaulted,53.3,5,2,2.35,0.557,0,1,defaulted
SYNTH-00316,3,TUBOD,SUZUKI,BURGMAN STREET 125,Maxi-Scooter,83400.0,10008.0,0.12,73392.0,36,3706.51,0.0907,40845.34,Public School Teacher,Living with Parents/Relatives,Married,2.1,1,0.0278,2,0,0,0.0,0.036,0.764,0,0,active,22.1,5,4,3.67,0.7644,0,0,completed
SYNTH-00317,2,KAPATAGAN,HONDA,BEAT PREMIUM,Scooter,72400.0,10860.0,0.15,61540.0,24,3994.97,0.1916,20855.62,Tricycle / PUV Operator,Living with Parents/Relatives,Widowed,5.9,8,0.4167,0,1,2,7989.94,0.324,0.628,0,1,defaulted,38.4,3,4,3.45,0.7187,0,1,defaulted
SYNTH-00318,3,TUBOD,HONDA,WAVE RSX,Underbone,64900.0,16225.0,0.25,48675.0,36,2525.58,0.062,40728.47,OFW Remittance / Dependent,Owned (Clean Title),Single,11.4,2,0.0556,2,0,0,0.0,0.0,0.984,0,0,active,36.2,10,3,2.86,1.0263,0,0,completed
SYNTH-00319,1,LALA,HONDA,CLICK 160,Scooter,122900.0,14748.0,0.12,108152.0,36,5367.26,0.3205,16744.12,Sari-Sari / Small Retail,Living with Parents/Relatives,Widowed,6.6,21,0.6667,0,2,3,16101.78,0.249,0.284,1,0,defaulted,13.9,6,5,5.16,0.5,0,1,defaulted
SYNTH-00320,3,TUBOD,HONDA,CLICK 125I,Scooter,81400.0,9768.0,0.12,71632.0,36,3622.42,0.3019,12000.0,Tricycle / PUV Operator,Owned (Inherited/Tax Dec),Married,7.5,27,0.8056,0,2,2,7244.84,0.25,0.576,0,0,defaulted,46.0,4,3,3.26,0.6359,0,1,defaulted
SYNTH-00321,2,KAPATAGAN,KAWASAKI,P24KK (BARAKO II),Backbone/Tricycle,68500.0,20550.0,0.3,47950.0,12,5234.75,0.2946,17771.3,Employed (Private/Gov),Living with Parents/Relatives,Married,8.1,0,0.3333,1,3,4,20939.0,0.188,0.217,0,0,defaulted,13.0,11,6,5.1,0.5,0,1,defaulted
SYNTH-00322,2,KAPATAGAN,HONDA,ADV160,Adventure Scooter,166900.0,41725.0,0.25,125175.0,24,7919.12,0.506,15651.02,Tricycle / PUV Operator,Living with Parents/Relatives,Married,3.1,3,0.25,0,4,3,23757.36,0.369,0.201,0,0,defaulted,56.7,5,2,2.29,0.5,0,1,defaulted
SYNTH-00323,2,KAPATAGAN,KAWASAKI,P24KK (BARAKO II),Backbone/Tricycle,68500.0,10275.0,0.15,58225.0,36,2981.86,0.194,15370.97,Sari-Sari / Small Retail,Rented (Apartment/House),Married,4.3,30,0.8889,0,1,2,5963.72,0.395,0.521,0,1,defaulted,59.6,5,4,3.6,0.5072,0,1,defaulted
SYNTH-00324,1,LALA,HONDA,BEAT PREMIUM,Scooter,72400.0,7240.0,0.1,65160.0,24,4218.2,0.1247,33817.43,Public School Teacher,Owned (Inherited/Tax Dec),Married,14.3,22,0.9167,4,0,0,0.0,0.0,0.949,0,0,active,49.0,6,4,3.72,0.8377,0,0,completed
SYNTH-00325,3,TUBOD,HONDA,ADV160,Adventure Scooter,166900.0,20028.0,0.12,146872.0,12,15621.56,0.4751,32881.83,BPO / Call Center Agent,Rented (Apartment/House),Widowed,4.6,9,0.9167,0,1,2,31243.12,0.163,0.628,1,0,defaulted,26.3,11,2,1.47,0.7417,0,1,defaulted
SYNTH-00326,3,TUBOD,HONDA,CLICK 160,Scooter,122900.0,14748.0,0.12,108152.0,12,11555.96,0.4005,28851.97,Sari-Sari / Small Retail,Owned (Inherited/Tax Dec),Single,10.5,6,0.75,0,1,3,34667.88,0.303,0.431,0,1,defaulted,55.5,8,3,2.94,0.5,0,1,defaulted
SYNTH-00327,2,KAPATAGAN,HONDA,TMX125 ALPHA,Backbone/Utility,57900.0,6948.0,0.12,50952.0,36,2634.37,0.0578,45573.59,Public School Teacher,Rented (Apartment/House),Married,11.6,32,0.9167,2,0,1,2634.37,0.104,0.83,0,0,delinquent,25.1,2,4,4.15,0.85,0,0,completed
SYNTH-00328,1,LALA,YAMAHA,MIO FAZZIO,Retro Scooter,93900.0,23475.0,0.25,70425.0,12,7594.62,0.2835,26784.25,BPO / Call Center Agent,Owned (Inherited/Tax Dec),Single,9.1,7,0.75,1,4,2,15189.24,0.444,0.351,0,1,defaulted,50.0,10,3,3.27,0.5,0,0,defaulted
SYNTH-00329,1,LALA,SUZUKI,SMASH 115,Underbone,62400.0,7488.0,0.12,54912.0,24,3586.24,0.132,27168.06,Sari-Sari / Small Retail,Owned (Clean Title),Single,7.0,19,0.8333,0,2,1,3586.24,0.024,0.695,0,0,delinquent,31.1,1,3,3.3,0.6325,0,0,completed
SYNTH-00330,3,TUBOD,SUZUKI,RAIDER 150 FI,Sport Underbone,119900.0,23980.0,0.2,95920.0,36,4782.84,0.1614,29638.27,BPO / Call Center Agent,Owned (Inherited/Tax Dec),Widowed,8.7,23,0.6389,0,1,0,0.0,0.123,0.776,0,0,active,12.8,2,3,3.02,0.791,0,0,completed
SYNTH-00331,2,KAPATAGAN,SUZUKI,SMASH 115,Underbone,62400.0,18720.0,0.3,43680.0,12,4786.4,0.117,40915.34,BPO / Call Center Agent,Living with Parents/Relatives,Married,6.8,1,0.0833,0,2,0,0.0,0.12,0.645,0,0,active,17.2,6,4,4.38,0.503,0,0,completed
SYNTH-00332,2,KAPATAGAN,YAMAHA,MIO GEAR 125,Scooter,79400.0,11910.0,0.15,67490.0,36,3424.52,0.1485,23062.87,Employed (Private/Gov),Owned (Inherited/Tax Dec),Widowed,3.3,16,0.4722,3,2,1,3424.52,0.12,0.768,0,0,delinquent,41.4,4,4,3.52,0.8269,0,0,completed
SYNTH-00333,2,KAPATAGAN,SUZUKI,SMASH 115,Underbone,62400.0,15600.0,0.25,46800.0,24,3086.0,0.1685,18313.86,Agri / Farmer / Fisherfolk,Rented (Apartment/House),Married,4.4,13,0.6667,0,3,3,9258.0,0.256,0.338,0,0,defaulted,50.3,11,4,4.39,0.5,0,1,defaulted
SYNTH-00334,1,LALA,KAWASAKI,P24KK (BARAKO II),Backbone/Tricycle,68500.0,13700.0,0.2,54800.0,12,5954.0,0.23,25888.76,BPO / Call Center Agent,Owned (Inherited/Tax Dec),Single,6.1,4,0.5,1,1,2,11908.0,0.28,0.329,0,0,defaulted,13.1,3,6,6.43,0.5,0,1,defaulted
SYNTH-00335,2,KAPATAGAN,YAMAHA,NMAX 155,Maxi-Scooter,151900.0,15190.0,0.1,136710.0,12,14554.55,0.4006,36328.45,Employed (Private/Gov),Owned (Clean Title),Married,6.1,6,0.8333,0,4,4,58218.2,0.34,0.502,0,0,defaulted,51.3,10,3,2.54,0.5,0,1,defaulted
SYNTH-00336,1,LALA,HONDA,TMX125 ALPHA,Backbone/Utility,57900.0,17370.0,0.3,40530.0,12,4455.65,0.2367,18822.94,Tricycle / PUV Operator,Rented (Apartment/House),Widowed,4.7,8,0.75,0,2,1,4455.65,0.444,0.394,0,0,delinquent,19.9,10,6,5.73,0.5,0,1,defaulted
SYNTH-00337,1,LALA,HONDA,CLICK 160,Scooter,122900.0,12290.0,0.1,110610.0,36,5484.7,0.0749,73190.37,OFW Remittance / Dependent,Owned (Inherited/Tax Dec),Single,4.5,17,0.5,3,1,1,5484.7,0.052,0.706,0,0,delinquent,21.3,12,6,5.77,0.767,1,0,completed
SYNTH-00338,1,LALA,HONDA,PCX160,Maxi-Scooter,134900.0,20235.0,0.15,114665.0,24,7271.01,0.4764,15262.73,Sari-Sari / Small Retail,Living with Parents/Relatives,Married,6.2,4,0.3333,1,2,4,29084.04,0.441,0.496,0,0,defaulted,14.2,7,4,4.06,0.5,0,1,defaulted
SYNTH-00339,3,TUBOD,HONDA,ADV160,Adventure Scooter,166900.0,16690.0,0.1,150210.0,24,9462.95,0.4013,23583.08,Sari-Sari / Small Retail,Owned (Clean Title),Married,7.5,13,0.7083,0,3,4,37851.8,0.337,0.47,0,0,defaulted,10.8,6,2,2.29,0.5,0,1,defaulted
SYNTH-00340,2,KAPATAGAN,YAMAHA,AEROX 155,Sport Scooter,125400.0,12540.0,0.1,112860.0,12,12050.3,0.4024,29949.56,Sari-Sari / Small Retail,Owned (Clean Title),Widowed,11.7,5,0.5833,1,2,2,24100.6,0.231,0.341,0,0,defaulted,62.1,9,3,3.1,0.5,0,1,defaulted
SYNTH-00341,1,LALA,KAWASAKI,CT100B,Backbone/Utility,54000.0,16200.0,0.3,37800.0,24,2531.0,0.0694,36495.63,Public School Teacher,Living with Parents/Relatives,Single,7.9,11,0.4583,2,0,0,0.0,0.0,0.955,0,0,active,10.8,9,5,5.59,0.9291,0,0,completed
SYNTH-00342,1,LALA,YAMAHA,SNIPER 155,Sport Underbone,123900.0,18585.0,0.15,105315.0,36,5231.72,0.1712,30564.49,OFW Remittance / Dependent,Living with Parents/Relatives,Married,9.0,12,0.3333,1,1,0,0.0,0.06,0.839,0,0,active,47.0,5,3,3.15,0.8274,0,0,completed
SYNTH-00343,1,LALA,KAWASAKI,P24KK (BARAKO II),Backbone/Tricycle,68500.0,6850.0,0.1,61650.0,12,6673.25,0.1764,37835.13,Public School Teacher,Owned (Inherited/Tax Dec),Married,6.0,2,0.1667,1,0,0,0.0,0.0,0.962,0,0,active,24.2,11,6,6.29,1.1,0,0,completed
SYNTH-00344,3,TUBOD,YAMAHA,SNIPER 155,Sport Underbone,123900.0,18585.0,0.15,105315.0,36,5231.72,0.1615,32387.31,Sari-Sari / Small Retail,Owned (Clean Title),Single,4.9,17,0.5833,0,3,4,20926.88,0.334,0.465,1,0,defaulted,49.3,7,2,2.24,0.5,0,1,defaulted
SYNTH-00345,1,LALA,SUZUKI,BURGMAN STREET 125,Maxi-Scooter,83400.0,20850.0,0.25,62550.0,24,4057.25,0.1001,40514.28,Public School Teacher,Owned (Clean Title),Widowed,9.3,2,0.0833,2,0,0,0.0,0.0,0.887,0,0,active,23.6,7,5,4.7,0.866,0,0,completed
SYNTH-00346,3,TUBOD,HONDA,TMX125 ALPHA,Backbone/Utility,57900.0,5790.0,0.1,52110.0,24,3413.45,0.1153,29596.93,BPO / Call Center Agent,Owned (Clean Title),Widowed,4.2,1,0.0417,1,1,0,0.0,0.101,0.752,0,0,active,55.3,5,3,3.16,0.7642,0,0,completed
SYNTH-00347,1,LALA,SUZUKI,SMASH 115,Underbone,62400.0,15600.0,0.25,46800.0,24,3086.0,0.0582,53063.37,OFW Remittance / Dependent,Owned (Inherited/Tax Dec),Married,10.2,11,0.4583,6,0,0,0.0,0.0,0.943,0,0,active,38.7,7,4,4.31,0.9691,1,0,early_settled
SYNTH-00348,1,LALA,YAMAHA,NMAX 155,Maxi-Scooter,151900.0,22785.0,0.15,129115.0,36,6368.83,0.3307,19259.84,Tricycle / PUV Operator,Living with Parents/Relatives,Married,4.4,27,0.8056,0,2,2,12737.66,0.311,0.463,0,0,defaulted,59.2,9,3,2.52,0.5,0,1,defaulted
SYNTH-00349,2,KAPATAGAN,YAMAHA,MIO FAZZIO,Retro Scooter,93900.0,9390.0,0.1,84510.0,24,5411.45,0.1183,45748.75,Public School Teacher,Owned (Inherited/Tax Dec),Married,9.6,6,0.25,4,0,0,0.0,0.0,0.945,0,0,active,33.5,11,3,2.64,1.1,0,0,completed
SYNTH-00350,3,TUBOD,SUZUKI,SMASH 115,Underbone,62400.0,15600.0,0.25,46800.0,24,3086.0,0.1103,27970.06,Tricycle / PUV Operator,Living with Parents/Relatives,Widowed,4.0,18,0.7917,0,4,1,3086.0,0.397,0.229,0,1,delinquent,11.2,8,4,3.38,0.5,0,1,defaulted
SYNTH-00351,3,TUBOD,HONDA,ADV160,Adventure Scooter,166900.0,41725.0,0.25,125175.0,24,7919.12,0.2626,30152.33,BPO / Call Center Agent,Living with Parents/Relatives,Married,1.5,17,0.75,0,3,1,7919.12,0.428,0.421,0,0,delinquent,32.5,10,2,1.87,0.5,0,1,defaulted
SYNTH-00352,1,LALA,SUZUKI,BURGMAN STREET 125,Maxi-Scooter,83400.0,25020.0,0.3,58380.0,24,3800.1,0.2145,17717.47,Sari-Sari / Small Retail,Owned (Inherited/Tax Dec),Married,10.6,16,0.7083,0,4,1,3800.1,0.171,0.272,0,0,delinquent,58.5,3,4,3.64,0.5,0,1,defaulted
SYNTH-00353,1,LALA,YAMAHA,MIO SPORTY,Scooter,73900.0,11085.0,0.15,62815.0,12,6795.57,0.2033,33423.68,BPO / Call Center Agent,Rented (Apartment/House),Single,11.5,1,0.3333,0,3,3,20386.71,0.243,0.33,0,0,defaulted,39.5,8,5,4.42,0.5,0,1,defaulted
SYNTH-00354,2,KAPATAGAN,SUZUKI,BURGMAN STREET 125,Maxi-Scooter,83400.0,8340.0,0.1,75060.0,12,8081.3,0.4686,17244.63,Sari-Sari / Small Retail,Rented (Apartment/House),Widowed,2.6,0,0.25,1,2,3,24243.9,0.242,0.555,0,0,defaulted,37.8,3,3,2.52,0.5484,0,1,defaulted
SYNTH-00355,2,KAPATAGAN,HONDA,ADV160,Adventure Scooter,166900.0,16690.0,0.1,150210.0,24,9462.95,0.3137,30161.6,Employed (Private/Gov),Owned (Clean Title),Widowed,3.8,12,0.5417,1,1,1,9462.95,0.208,0.426,1,1,delinquent,56.1,7,2,2.3,0.5,0,1,defaulted
SYNTH-00356,2,KAPATAGAN,KAWASAKI,P24KK (BARAKO II),Backbone/Tricycle,68500.0,8220.0,0.12,60280.0,24,3917.27,0.0957,40940.66,Public School Teacher,Living with Parents/Relatives,Widowed,9.5,17,0.7083,3,0,0,0.0,0.0,0.942,0,0,active,19.9,1,4,3.68,0.8432,0,0,completed
SYNTH-00357,1,LALA,YAMAHA,MIO GEAR 125,Scooter,79400.0,19850.0,0.25,59550.0,24,3872.25,0.2904,13333.42,Agri / Farmer / Fisherfolk,Living with Parents/Relatives,Widowed,10.2,7,0.375,1,4,2,7744.5,0.151,0.274,0,0,defaulted,38.3,10,4,4.32,0.5,0,1,defaulted
SYNTH-00358,2,KAPATAGAN,SUZUKI,BURGMAN STREET 125,Maxi-Scooter,83400.0,10008.0,0.12,73392.0,24,4725.84,0.1669,28313.88,BPO / Call Center Agent,Living with Parents/Relatives,Married,8.6,0,0.125,0,3,3,14177.52,0.217,0.247,0,1,defaulted,23.5,9,4,4.15,0.5,0,1,defaulted
SYNTH-00359,1,LALA,YAMAHA,MIO GEAR 125,Scooter,79400.0,15880.0,0.2,63520.0,36,3234.84,0.0648,49954.78,OFW Remittance / Dependent,Rented (Apartment/House),Single,4.5,27,0.8611,0,1,4,12939.36,0.438,0.299,0,0,defaulted,32.9,9,4,4.73,0.5,0,1,defaulted
SYNTH-00360,2,KAPATAGAN,HONDA,WAVE RSX,Underbone,64900.0,19470.0,0.3,45430.0,12,4970.15,0.1306,38050.2,BPO / Call Center Agent,Rented (Apartment/House),Widowed,1.0,8,1.0,1,4,4,19880.6,0.202,0.516,1,1,defaulted,57.9,9,3,3.0,0.5,0,1,defaulted
SYNTH-00361,3,TUBOD,KAWASAKI,CT100B,Backbone/Utility,54000.0,5400.0,0.1,48600.0,12,5303.0,0.0889,59684.3,OFW Remittance / Dependent,Living with Parents/Relatives,Widowed,20.5,3,0.25,1,0,0,0.0,0.0,0.941,0,0,active,17.9,5,3,2.72,0.9309,0,0,completed
SYNTH-00362,1,LALA,YAMAHA,AEROX 155,Sport Scooter,125400.0,25080.0,0.2,100320.0,36,4993.07,0.2625,19020.92,Sari-Sari / Small Retail,Rented (Apartment/House),Married,9.7,11,0.3611,0,1,2,9986.14,0.211,0.603,1,0,defaulted,11.0,2,4,4.09,0.5225,0,1,defaulted
SYNTH-00363,2,KAPATAGAN,KAWASAKI,CT100B,Backbone/Utility,54000.0,6480.0,0.12,47520.0,12,5189.6,0.0921,56345.55,Public School Teacher,Rented (Apartment/House),Single,3.1,0,0.0833,0,2,3,15568.8,0.226,0.51,0,0,defaulted,55.2,6,3,3.05,0.5,0,1,defaulted
SYNTH-00364,2,KAPATAGAN,HONDA,CLICK 160,Scooter,122900.0,24580.0,0.2,98320.0,12,10523.6,0.2053,51256.31,OFW Remittance / Dependent,Owned (Clean Title),Married,13.0,2,0.1667,3,0,0,0.0,0.068,0.798,0,0,active,58.5,7,4,3.9,0.808,0,0,completed
SYNTH-00365,1,LALA,HONDA,ADV160,Adventure Scooter,166900.0,33380.0,0.2,133520.0,36,6579.29,0.4569,14399.83,Agri / Farmer / Fisherfolk,Owned (Inherited/Tax Dec),Widowed,6.4,14,0.4444,1,1,2,13158.58,0.421,0.562,0,0,defaulted,39.8,4,2,2.33,0.5818,0,1,defaulted
SYNTH-00366,2,KAPATAGAN,YAMAHA,MIO FAZZIO,Retro Scooter,93900.0,28170.0,0.3,65730.0,12,7101.65,0.4041,17573.2,Tricycle / PUV Operator,Living with Parents/Relatives,Married,7.6,0,0.0833,1,1,3,21304.95,0.28,0.562,0,0,defaulted,29.3,1,3,2.76,0.5,0,1,defaulted
SYNTH-00367,3,TUBOD,HONDA,WAVE RSX,Underbone,64900.0,7788.0,0.12,57112.0,24,3721.91,0.1378,27005.24,Employed (Private/Gov),Owned (Inherited/Tax Dec),Widowed,5.9,9,0.375,0,1,0,0.0,0.108,0.716,1,0,active,10.5,12,4,4.34,0.8621,0,1,defaulted
SYNTH-00368,2,KAPATAGAN,HONDA,BEAT PREMIUM,Scooter,72400.0,7240.0,0.1,65160.0,12,7041.8,0.1152,61121.31,OFW Remittance / Dependent,Owned (Clean Title),Married,3.0,11,0.9167,2,2,0,0.0,0.121,0.601,1,0,active,13.7,12,7,7.53,0.6992,0,0,completed
SYNTH-00369,3,TUBOD,HONDA,ADV160,Adventure Scooter,166900.0,41725.0,0.25,125175.0,24,7919.12,0.1922,41200.96,Public School Teacher,Rented (Apartment/House),Married,14.6,19,0.875,0,4,2,15838.24,0.391,0.538,1,0,defaulted,46.9,5,2,2.02,0.5037,0,1,defaulted
SYNTH-00370,1,LALA,YAMAHA,SNIPER 155,Sport Underbone,123900.0,24780.0,0.2,99120.0,24,6312.4,0.2464,25613.48,Tricycle / PUV Operator,Rented (Apartment/House),Married,9.9,4,0.2917,1,2,3,18937.2,0.417,0.288,1,0,defaulted,51.7,10,3,3.08,0.5,0,0,defaulted
SYNTH-00371,3,TUBOD,HONDA,TMX125 ALPHA,Backbone/Utility,57900.0,8685.0,0.15,49215.0,12,5367.57,0.1177,45599.66,Employed (Private/Gov),Owned (Inherited/Tax Dec),Widowed,12.1,9,0.75,6,0,0,0.0,0.0,0.937,0,0,active,36.1,11,4,4.14,1.0466,0,0,completed
SYNTH-00372,3,TUBOD,YAMAHA,MIO FAZZIO,Retro Scooter,93900.0,14085.0,0.15,79815.0,24,5121.93,0.3191,16048.68,Tricycle / PUV Operator,Owned (Inherited/Tax Dec),Single,11.2,19,0.8333,0,3,1,5121.93,0.222,0.341,0,0,delinquent,59.9,9,2,1.51,0.5,0,1,defaulted
SYNTH-00373,3,TUBOD,YAMAHA,SNIPER 155,Sport Underbone,123900.0,37170.0,0.3,86730.0,24,5548.35,0.4624,12000.0,Agri / Farmer / Fisherfolk,Owned (Inherited/Tax Dec),Married,6.8,10,0.4583,0,1,1,5548.35,0.265,0.513,1,0,delinquent,53.8,1,2,2.36,0.5,0,1,defaulted
SYNTH-00374,1,LALA,HONDA,ADV160,Adventure Scooter,166900.0,50070.0,0.3,116830.0,12,12467.15,0.3506,35559.63,BPO / Call Center Agent,Owned (Inherited/Tax Dec),Single,3.1,4,0.5833,1,4,3,37401.45,0.341,0.623,1,1,defaulted,20.5,1,3,2.69,0.513,0,1,defaulted
SYNTH-00375,1,LALA,YAMAHA,SNIPER 155,Sport Underbone,123900.0,12390.0,0.1,111510.0,36,5527.7,0.4113,13440.08,Agri / Farmer / Fisherfolk,Owned (Clean Title),Widowed,10.0,21,0.6667,1,4,3,16583.1,0.349,0.319,0,1,defaulted,51.8,9,3,3.22,0.5,0,1,defaulted
SYNTH-00376,1,LALA,HONDA,PCX160,Maxi-Scooter,134900.0,33725.0,0.25,101175.0,36,5033.92,0.3667,13727.59,Agri / Farmer / Fisherfolk,Living with Parents/Relatives,Single,14.4,3,0.1944,0,2,4,20135.68,0.228,0.214,1,0,defaulted,12.1,11,4,3.45,0.5,0,1,defaulted
SYNTH-00377,1,LALA,SUZUKI,SMASH 115,Underbone,62400.0,15600.0,0.25,46800.0,36,2436.0,0.1618,15058.62,Tricycle / PUV Operator,Rented (Apartment/House),Single,12.6,19,0.6389,1,4,4,9744.0,0.248,0.6,0,1,defaulted,23.7,7,5,5.11,0.6101,0,1,defaulted
SYNTH-00378,3,TUBOD,YAMAHA,MIO SPORTY,Scooter,73900.0,11085.0,0.15,62815.0,36,3201.16,0.1864,17170.83,Tricycle / PUV Operator,Owned (Inherited/Tax Dec),Widowed,7.2,32,1.0,0,3,4,12804.64,0.248,0.65,0,0,defaulted,57.2,10,4,4.21,0.6727,0,1,defaulted
SYNTH-00379,1,LALA,SUZUKI,BURGMAN STREET 125,Maxi-Scooter,83400.0,25020.0,0.3,58380.0,36,2989.27,0.1271,23513.32,Sari-Sari / Small Retail,Owned (Inherited/Tax Dec),Widowed,4.8,13,0.4722,0,4,4,11957.08,0.258,0.21,0,1,defaulted,27.2,5,4,4.5,0.5,0,1,defaulted
SYNTH-00380,3,TUBOD,HONDA,CLICK 125I,Scooter,81400.0,9768.0,0.12,71632.0,12,7721.36,0.4291,17993.48,Sari-Sari / Small Retail,Owned (Inherited/Tax Dec),Married,9.9,1,0.3333,0,1,3,23164.08,0.337,0.544,0,0,defaulted,41.0,10,3,3.38,0.5556,0,1,defaulted
SYNTH-00381,1,LALA,HONDA,ADV160,Adventure Scooter,166900.0,25035.0,0.15,141865.0,12,15095.82,0.3799,39734.08,Employed (Private/Gov),Rented (Apartment/House),Married,8.1,4,0.5,1,2,2,30191.64,0.447,0.461,1,0,defaulted,48.9,10,2,2.55,0.5,0,1,defaulted
SYNTH-00382,1,LALA,HONDA,PCX160,Maxi-Scooter,134900.0,40470.0,0.3,94430.0,12,10115.15,0.6936,14583.93,Tricycle / PUV Operator,Living with Parents/Relatives,Widowed,4.7,9,1.0,1,1,3,30345.45,0.429,0.618,1,0,defaulted,21.6,1,3,2.26,0.5549,0,1,defaulted
SYNTH-00383,2,KAPATAGAN,YAMAHA,MIO GEAR 125,Scooter,79400.0,7940.0,0.1,71460.0,36,3614.2,0.1569,23033.06,Agri / Farmer / Fisherfolk,Rented (Apartment/House),Widowed,9.2,11,0.4167,1,1,4,14456.8,0.166,0.467,1,0,defaulted,47.3,10,4,3.82,0.5256,0,1,defaulted
SYNTH-00384,1,LALA,YAMAHA,MIO SPORTY,Scooter,73900.0,22170.0,0.3,51730.0,12,5631.65,0.2102,26791.46,Sari-Sari / Small Retail,Owned (Inherited/Tax Dec),Married,6.0,5,0.5833,0,1,2,11263.3,0.357,0.425,0,0,defaulted,25.1,6,4,4.47,0.5,0,1,defaulted
SYNTH-00385,1,LALA,YAMAHA,SNIPER 155,Sport Underbone,123900.0,24780.0,0.2,99120.0,12,10607.6,0.4077,26020.51,Sari-Sari / Small Retail,Owned (Clean Title),Widowed,3.3,7,0.75,0,2,2,21215.2,0.362,0.281,0,1,defaulted,56.1,10,3,2.81,0.5,0,1,defaulted
SYNTH-00386,1,LALA,SUZUKI,SMASH 115,Underbone,62400.0,12480.0,0.2,49920.0,12,5441.6,0.2045,26615.4,Sari-Sari / Small Retail,Owned (Inherited/Tax Dec),Married,13.7,5,0.5,1,1,1,5441.6,0.391,0.577,0,0,delinquent,36.9,6,3,3.2,0.5091,0,1,defaulted
SYNTH-00387,2,KAPATAGAN,HONDA,CLICK 125I,Scooter,81400.0,20350.0,0.25,61050.0,36,3116.83,0.2391,13035.68,Agri / Farmer / Fisherfolk,Living with Parents/Relatives,Married,5.5,25,0.8056,1,2,4,12467.32,0.426,0.325,1,0,defaulted,29.5,6,4,4.55,0.5,0,1,defaulted
SYNTH-00388,1,LALA,HONDA,PCX160,Maxi-Scooter,134900.0,16188.0,0.12,118712.0,36,5871.8,0.2299,25540.52,Employed (Private/Gov),Owned (Clean Title),Married,6.1,19,0.5278,0,1,0,0.0,0.132,0.82,0,0,active,57.5,6,2,2.22,0.6877,0,0,completed
SYNTH-00389,1,LALA,SUZUKI,SMASH 115,Underbone,62400.0,15600.0,0.25,46800.0,24,3086.0,0.0838,36834.72,Public School Teacher,Owned (Inherited/Tax Dec),Married,7.6,24,1.0,3,0,0,0.0,0.0,0.893,0,0,active,35.6,12,4,4.03,1.0356,0,0,completed
SYNTH-00390,3,TUBOD,HONDA,CLICK 125I,Scooter,81400.0,12210.0,0.15,69190.0,12,7464.95,0.2775,26901.42,BPO / Call Center Agent,Owned (Clean Title),Married,5.9,3,0.3333,1,3,1,7464.95,0.406,0.568,0,0,delinquent,21.6,11,5,4.94,0.6332,0,1,defaulted
SYNTH-00391,2,KAPATAGAN,YAMAHA,MIO GEAR 125,Scooter,79400.0,23820.0,0.3,55580.0,12,6035.9,0.3508,17204.52,Agri / Farmer / Fisherfolk,Owned (Clean Title),Single,2.1,6,0.5833,0,4,1,6035.9,0.2,0.245,0,0,delinquent,53.9,2,4,3.84,0.5,0,1,defaulted
SYNTH-00392,1,LALA,HONDA,WAVE RSX,Underbone,64900.0,16225.0,0.25,48675.0,12,5310.88,0.2953,17984.0,Sari-Sari / Small Retail,Rented (Apartment/House),Single,3.3,1,0.4167,0,4,4,21243.52,0.227,0.258,0,1,defaulted,13.4,6,4,3.6,0.5,0,1,defaulted
SYNTH-00393,3,TUBOD,KAWASAKI,ROUSER NS125,Sport Backbone,82000.0,16400.0,0.2,65600.0,24,4245.33,0.1007,42165.21,Public School Teacher,Living with Parents/Relatives,Single,4.6,1,0.0417,2,0,0,0.0,0.13,0.686,0,0,active,41.0,3,2,1.95,0.6628,0,0,completed
SYNTH-00394,1,LALA,YAMAHA,MIO FAZZIO,Retro Scooter,93900.0,11268.0,0.12,82632.0,12,8876.36,0.3998,22201.85,Sari-Sari / Small Retail,Owned (Inherited/Tax Dec),Widowed,8.0,3,0.5833,0,3,4,35505.44,0.193,0.427,0,1,defaulted,36.8,9,3,3.27,0.5,0,1,defaulted
SYNTH-00395,3,TUBOD,HONDA,WAVE RSX,Underbone,64900.0,16225.0,0.25,48675.0,36,2525.58,0.1432,17637.3,Agri / Farmer / Fisherfolk,Owned (Inherited/Tax Dec),Married,3.8,7,0.25,0,2,2,5051.16,0.167,0.57,1,0,defaulted,49.9,2,3,2.19,0.5344,0,0,defaulted
SYNTH-00396,1,LALA,YAMAHA,MIO SPORTY,Scooter,73900.0,14780.0,0.2,59120.0,36,3024.62,0.1152,26246.51,Agri / Farmer / Fisherfolk,Owned (Inherited/Tax Dec),Single,10.6,24,0.75,0,4,3,9073.86,0.244,0.588,1,1,defaulted,64.4,1,4,4.05,0.5542,0,1,defaulted
SYNTH-00397,3,TUBOD,KAWASAKI,CT100B,Backbone/Utility,54000.0,5400.0,0.1,48600.0,12,5303.0,0.2346,22605.58,Sari-Sari / Small Retail,Owned (Inherited/Tax Dec),Married,10.7,4,0.5,0,4,2,10606.0,0.372,0.42,0,0,defaulted,56.1,6,2,1.49,0.5,0,1,defaulted
SYNTH-00398,1,LALA,YAMAHA,MIO FAZZIO,Retro Scooter,93900.0,11268.0,0.12,82632.0,12,8876.36,0.2486,35708.7,BPO / Call Center Agent,Rented (Apartment/House),Married,5.3,0,0.0833,0,1,3,26629.08,0.286,0.348,0,1,defaulted,20.8,4,4,4.12,0.5,0,1,defaulted
SYNTH-00399,1,LALA,HONDA,PCX160,Maxi-Scooter,134900.0,26980.0,0.2,107920.0,36,5356.18,0.1044,51328.96,Public School Teacher,Rented (Apartment/House),Widowed,15.8,16,0.4444,3,1,0,0.0,0.034,0.761,0,0,active,46.4,7,3,3.3,0.6981,0,0,completed
SYNTH-00400,3,TUBOD,SUZUKI,BURGMAN STREET 125,Maxi-Scooter,83400.0,8340.0,0.1,75060.0,24,4828.7,0.1925,25083.88,Sari-Sari / Small Retail,Owned (Clean Title),Single,3.1,7,0.3333,1,4,1,4828.7,0.216,0.325,0,0,delinquent,25.7,1,2,1.85,0.5,0,1,defaulted
SYNTH-00401,1,LALA,KAWASAKI,ROUSER NS125,Sport Backbone,82000.0,12300.0,0.15,69700.0,36,3530.11,0.151,23370.82,BPO / Call Center Agent,Rented (Apartment/House),Married,7.6,27,0.8333,0,4,3,10590.33,0.26,0.559,0,1,defaulted,56.5,3,2,1.7,0.5904,0,1,defaulted
SYNTH-00402,2,KAPATAGAN,YAMAHA,AEROX 155,Sport Scooter,125400.0,37620.0,0.3,87780.0,36,4393.93,0.1583,27750.29,Employed (Private/Gov),Owned (Clean Title),Married,8.8,34,0.9722,1,1,1,4393.93,0.033,0.655,0,0,delinquent,24.5,8,4,4.19,0.6442,0,1,defaulted
SYNTH-00403,3,TUBOD,HONDA,WAVE RSX,Underbone,64900.0,19470.0,0.3,45430.0,24,3001.52,0.0904,33208.9,BPO / Call Center Agent,Owned (Clean Title),Married,13.0,23,0.9583,3,0,0,0.0,0.0,0.873,0,0,active,15.2,12,4,3.8,0.9413,0,0,completed
SYNTH-00404,3,TUBOD,HONDA,ADV160,Adventure Scooter,166900.0,16690.0,0.1,150210.0,24,9462.95,0.2449,38633.04,Employed (Private/Gov),Owned (Clean Title),Widowed,6.6,15,0.7083,1,4,2,18925.9,0.212,0.331,0,0,defaulted,35.7,6,1,0.93,0.5,0,1,defaulted
SYNTH-00405,3,TUBOD,HONDA,BEAT PREMIUM,Scooter,72400.0,7240.0,0.1,65160.0,36,3313.2,0.0674,49137.14,Public School Teacher,Owned (Inherited/Tax Dec),Married,5.9,27,0.75,5,0,0,0.0,0.0,0.923,0,0,active,65.0,8,3,2.51,0.9812,1,0,early_settled
SYNTH-00406,2,KAPATAGAN,HONDA,TMX125 ALPHA,Backbone/Utility,57900.0,8685.0,0.15,49215.0,12,5367.57,0.1931,27790.02,Employed (Private/Gov),Owned (Inherited/Tax Dec),Married,14.1,0,0.0833,3,1,1,5367.57,0.005,0.643,0,0,delinquent,38.1,8,4,3.61,0.625,0,1,defaulted
SYNTH-00407,1,LALA,HONDA,WAVE RSX,Underbone,64900.0,6490.0,0.1,58410.0,24,3801.95,0.1366,27841.04,Sari-Sari / Small Retail,Rented (Apartment/House),Widowed,7.6,18,0.8333,1,1,2,7603.9,0.165,0.426,0,0,defaulted,34.1,4,4,3.82,0.5,0,1,defaulted
SYNTH-00408,1,LALA,HONDA,TMX125 ALPHA,Backbone/Utility,57900.0,5790.0,0.1,52110.0,12,5671.55,0.1576,35987.87,Public School Teacher,Owned (Clean Title),Married,7.9,11,0.9167,10,0,0,0.0,0.0,0.917,0,0,active,43.5,5,4,4.12,0.8999,0,0,completed
SYNTH-00409,2,KAPATAGAN,HONDA,PCX160,Maxi-Scooter,134900.0,16188.0,0.12,118712.0,36,5871.8,0.2304,25483.24,Employed (Private/Gov),Owned (Clean Title),Widowed,4.7,15,0.5278,1,2,4,23487.2,0.268,0.561,0,0,defaulted,52.5,5,2,2.13,0.5449,0,1,defaulted
SYNTH-00410,2,KAPATAGAN,YAMAHA,MIO GEAR 125,Scooter,79400.0,7940.0,0.1,71460.0,36,3614.2,0.1047,34524.5,BPO / Call Center Agent,Owned (Clean Title),Widowed,3.1,19,0.5278,3,0,0,0.0,0.058,0.832,0,0,active,52.6,9,4,4.45,0.8349,0,0,completed
SYNTH-00411,1,LALA,HONDA,WAVE RSX,Underbone,64900.0,19470.0,0.3,45430.0,24,3001.52,0.1465,20486.36,Sari-Sari / Small Retail,Owned (Clean Title),Single,2.9,14,0.7083,0,4,3,9004.56,0.35,0.633,0,0,defaulted,43.6,10,4,4.08,0.6295,0,1,defaulted
SYNTH-00412,3,TUBOD,YAMAHA,MIO GEAR 125,Scooter,79400.0,9528.0,0.12,69872.0,24,4508.77,0.1513,29794.18,Public School Teacher,Rented (Apartment/House),Widowed,12.5,18,0.8333,0,3,2,9017.54,0.415,0.626,1,1,defaulted,25.5,2,3,3.33,0.5993,0,1,defaulted
SYNTH-00413,3,TUBOD,HONDA,WAVE RSX,Underbone,64900.0,9735.0,0.15,55165.0,12,5992.32,0.2668,22460.66,Agri / Farmer / Fisherfolk,Rented (Apartment/House),Widowed,11.9,8,0.75,1,2,1,5992.32,0.244,0.646,0,0,delinquent,34.4,2,3,2.92,0.6279,0,1,defaulted
SYNTH-00414,2,KAPATAGAN,KAWASAKI,ROUSER NS125,Sport Backbone,82000.0,12300.0,0.15,69700.0,12,7518.5,0.3778,19899.12,Sari-Sari / Small Retail,Living with Parents/Relatives,Single,2.8,4,0.5,0,1,2,15037.0,0.206,0.621,1,0,defaulted,13.4,8,3,2.93,0.6402,0,0,defaulted
SYNTH-00415,2,KAPATAGAN,HONDA,CLICK 160,Scooter,122900.0,24580.0,0.2,98320.0,12,10523.6,0.6738,15618.4,Tricycle / PUV Operator,Owned (Inherited/Tax Dec),Widowed,8.0,5,0.75,0,4,4,42094.4,0.3,0.401,0,1,defaulted,46.4,10,4,3.43,0.5,0,1,defaulted
SYNTH-00416,3,TUBOD,YAMAHA,MIO SPORTY,Scooter,73900.0,11085.0,0.15,62815.0,24,4073.59,0.1448,28123.75,Sari-Sari / Small Retail,Owned (Clean Title),Married,10.6,11,0.5,0,0,1,4073.59,0.123,0.826,0,0,delinquent,32.1,7,4,4.61,0.7975,0,0,completed
SYNTH-00417,3,TUBOD,SUZUKI,SMASH 115,Underbone,62400.0,6240.0,0.1,56160.0,12,6096.8,0.3632,16784.28,Agri / Farmer / Fisherfolk,Owned (Inherited/Tax Dec),Widowed,9.4,4,0.4167,1,3,1,6096.8,0.207,0.322,1,1,delinquent,33.6,6,3,2.63,0.5,0,0,defaulted
SYNTH-00418,2,KAPATAGAN,KAWASAKI,ROUSER NS125,Sport Backbone,82000.0,8200.0,0.1,73800.0,12,7949.0,0.2007,39605.2,Public School Teacher,Living with Parents/Relatives,Married,16.4,4,0.3333,0,1,0,0.0,0.045,0.723,0,0,active,19.0,3,3,3.7,0.7181,0,0,completed
SYNTH-00419,1,LALA,YAMAHA,MIO SPORTY,Scooter,73900.0,7390.0,0.1,66510.0,12,7183.55,0.2337,30737.06,BPO / Call Center Agent,Living with Parents/Relatives,Married,3.3,7,0.75,1,2,2,14367.1,0.37,0.355,0,0,defaulted,55.2,9,5,5.07,0.5,0,1,defaulted
SYNTH-00420,1,LALA,HONDA,CLICK 125I,Scooter,81400.0,8140.0,0.1,73260.0,24,4717.7,0.0599,78731.86,OFW Remittance / Dependent,Owned (Clean Title),Single,10.5,4,0.1667,3,0,0,0.0,0.0,0.91,0,0,active,15.7,1,5,5.18,0.8148,0,0,completed
SYNTH-00421,3,TUBOD,KAWASAKI,ROUSER NS125,Sport Backbone,82000.0,12300.0,0.15,69700.0,12,7518.5,0.4857,15479.19,Tricycle / PUV Operator,Owned (Inherited/Tax Dec),Married,22.2,1,0.4167,1,3,4,30074.0,0.214,0.641,0,0,defaulted,50.6,2,2,1.76,0.6455,0,1,defaulted
SYNTH-00422,1,LALA,SUZUKI,SMASH 115,Underbone,62400.0,15600.0,0.25,46800.0,24,3086.0,0.1267,24360.18,Sari-Sari / Small Retail,Owned (Clean Title),Married,5.8,10,0.4583,2,0,1,3086.0,0.026,0.626,0,0,delinquent,61.6,5,4,4.2,0.5737,0,1,defaulted
SYNTH-00423,3,TUBOD,YAMAHA,MIO SPORTY,Scooter,73900.0,14780.0,0.2,59120.0,12,6407.6,0.4431,14460.96,Sari-Sari / Small Retail,Rented (Apartment/House),Single,3.7,7,0.9167,0,1,4,25630.4,0.358,0.224,1,0,defaulted,43.8,10,4,3.92,0.5,0,1,defaulted
SYNTH-00424,3,TUBOD,YAMAHA,AEROX 155,Sport Scooter,125400.0,15048.0,0.12,110352.0,24,7005.04,0.265,26430.18,Sari-Sari / Small Retail,Living with Parents/Relatives,Married,2.1,19,0.9583,1,1,4,28020.16,0.396,0.571,0,1,defaulted,29.9,12,3,2.88,0.5917,0,1,defaulted
SYNTH-00425,2,KAPATAGAN,HONDA,ADV160,Adventure Scooter,166900.0,20028.0,0.12,146872.0,24,9257.11,0.3493,26498.4,BPO / Call Center Agent,Living with Parents/Relatives,Widowed,11.9,2,0.2083,1,3,3,27771.33,0.29,0.238,0,0,defaulted,22.2,6,2,1.98,0.5,0,1,defaulted
SYNTH-00426,2,KAPATAGAN,YAMAHA,SNIPER 155,Sport Underbone,123900.0,24780.0,0.2,99120.0,12,10607.6,0.255,41602.09,Employed (Private/Gov),Owned (Clean Title),Widowed,4.9,5,0.6667,0,3,3,31822.8,0.288,0.373,0,1,defaulted,16.5,12,4,3.93,0.5,0,1,defaulted
SYNTH-00427,1,LALA,YAMAHA,MIO SPORTY,Scooter,73900.0,14780.0,0.2,59120.0,24,3845.73,0.1541,24952.12,Sari-Sari / Small Retail,Owned (Clean Title),Married,8.7,19,0.7917,3,0,0,0.0,0.071,0.608,0,0,active,46.1,6,4,3.89,0.5006,0,0,completed
SYNTH-00428,1,LALA,SUZUKI,BURGMAN STREET 125,Maxi-Scooter,83400.0,10008.0,0.12,73392.0,24,4725.84,0.1557,30353.91,BPO / Call Center Agent,Rented (Apartment/House),Married,8.7,2,0.25,1,1,4,18903.36,0.275,0.231,1,0,defaulted,61.6,2,4,3.68,0.5,0,1,defaulted
SYNTH-00429,2,KAPATAGAN,HONDA,TMX125 ALPHA,Backbone/Utility,57900.0,17370.0,0.3,40530.0,24,2699.35,0.0616,43788.56,OFW Remittance / Dependent,Rented (Apartment/House),Single,7.6,19,0.8333,3,1,1,2699.35,0.06,0.738,0,0,delinquent,43.7,3,4,4.15,0.787,1,1,defaulted
SYNTH-00430,3,TUBOD,HONDA,CLICK 125I,Scooter,81400.0,12210.0,0.15,69190.0,24,4466.72,0.3722,12000.0,Agri / Farmer / Fisherfolk,Owned (Inherited/Tax Dec),Married,4.2,11,0.5417,1,4,2,8933.44,0.274,0.36,1,0,defaulted,13.9,11,5,5.45,0.5,0,1,defaulted
SYNTH-00431,2,KAPATAGAN,YAMAHA,NMAX 155,Maxi-Scooter,151900.0,37975.0,0.25,113925.0,24,7225.38,0.4756,15191.4,Tricycle / PUV Operator,Living with Parents/Relatives,Single,5.2,14,0.7083,0,2,3,21676.14,0.163,0.572,1,0,defaulted,58.4,1,3,2.9,0.5,0,0,defaulted
SYNTH-00432,3,TUBOD,SUZUKI,SMASH 115,Underbone,62400.0,6240.0,0.1,56160.0,36,2883.2,0.2403,12000.0,Agri / Farmer / Fisherfolk,Living with Parents/Relatives,Single,8.1,13,0.4444,0,4,3,8649.6,0.437,0.529,0,0,defaulted,61.4,4,3,2.91,0.5661,0,1,defaulted
SYNTH-00433,3,TUBOD,HONDA,TMX125 ALPHA,Backbone/Utility,57900.0,8685.0,0.15,49215.0,24,3234.92,0.1032,31351.58,BPO / Call Center Agent,Owned (Inherited/Tax Dec),Married,9.9,14,0.5833,3,0,0,0.0,0.0,0.91,0,0,active,47.3,5,3,3.57,0.9161,0,0,completed
SYNTH-00434,3,TUBOD,HONDA,BEAT PREMIUM,Scooter,72400.0,8688.0,0.12,63712.0,24,4128.91,0.0836,49384.66,Public School Teacher,Owned (Clean Title),Single,4.8,24,1.0,8,0,0,0.0,0.0,0.872,0,0,active,56.5,3,4,4.44,0.9202,0,0,completed
SYNTH-00435,1,LALA,HONDA,BEAT PREMIUM,Scooter,72400.0,21720.0,0.3,50680.0,36,2621.38,0.2161,12131.72,Tricycle / PUV Operator,Rented (Apartment/House),Widowed,3.1,24,0.7778,1,2,4,10485.52,0.403,0.313,0,0,defaulted,27.0,6,4,3.07,0.5,0,1,defaulted
SYNTH-00436,1,LALA,HONDA,TMX125 ALPHA,Backbone/Utility,57900.0,6948.0,0.12,50952.0,36,2634.37,0.138,19092.12,BPO / Call Center Agent,Owned (Clean Title),Widowed,10.3,32,0.9167,2,1,1,2634.37,0.001,0.668,1,0,delinquent,29.0,8,4,3.76,0.7132,0,1,defaulted
SYNTH-00437,3,TUBOD,YAMAHA,MIO GEAR 125,Scooter,79400.0,23820.0,0.3,55580.0,12,6035.9,0.1496,40333.8,Employed (Private/Gov),Rented (Apartment/House),Single,9.3,8,0.75,0,4,1,6035.9,0.385,0.38,0,0,delinquent,46.3,11,3,2.88,0.5,0,1,defaulted
SYNTH-00438,3,TUBOD,HONDA,PCX160,Maxi-Scooter,134900.0,33725.0,0.25,101175.0,36,5033.92,0.2947,17081.59,Tricycle / PUV Operator,Living with Parents/Relatives,Single,8.3,0,0.0278,0,4,4,20135.68,0.337,0.282,0,0,defaulted,40.1,5,2,1.64,0.5,0,1,defaulted
SYNTH-00439,2,KAPATAGAN,HONDA,TMX125 ALPHA,Backbone/Utility,57900.0,11580.0,0.2,46320.0,12,5063.6,0.223,22705.73,Employed (Private/Gov),Living with Parents/Relatives,Married,5.6,7,0.8333,0,1,3,15190.8,0.377,0.388,0,0,defaulted,10.9,2,5,4.92,0.5,0,1,defaulted
SYNTH-00440,1,LALA,SUZUKI,RAIDER 150 FI,Sport Underbone,119900.0,17985.0,0.15,101915.0,12,10901.07,0.2699,40389.66,Employed (Private/Gov),Living with Parents/Relatives,Married,16.0,4,0.4167,0,1,1,10901.07,0.157,0.305,0,0,delinquent,57.8,11,4,3.82,0.5,0,1,defaulted
SYNTH-00441,2,KAPATAGAN,YAMAHA,MIO GEAR 125,Scooter,79400.0,9528.0,0.12,69872.0,36,3538.33,0.2037,17372.71,Agri / Farmer / Fisherfolk,Owned (Inherited/Tax Dec),Married,10.2,29,0.8889,0,1,3,10614.99,0.322,0.218,0,0,defaulted,42.1,3,4,3.97,0.5,0,1,defaulted
SYNTH-00442,2,KAPATAGAN,YAMAHA,NMAX 155,Maxi-Scooter,151900.0,45570.0,0.3,106330.0,36,5280.21,0.3,17598.45,Agri / Farmer / Fisherfolk,Rented (Apartment/House),Married,6.5,10,0.3056,0,3,1,5280.21,0.442,0.379,0,0,delinquent,49.0,3,3,3.12,0.5,0,1,defaulted
SYNTH-00443,2,KAPATAGAN,YAMAHA,MIO FAZZIO,Retro Scooter,93900.0,23475.0,0.25,70425.0,36,3564.75,0.1085,32840.83,BPO / Call Center Agent,Living with Parents/Relatives,Widowed,5.6,14,0.4167,3,2,1,3564.75,0.008,0.737,0,0,delinquent,54.3,1,3,2.91,0.6849,0,1,defaulted
SYNTH-00444,2,KAPATAGAN,YAMAHA,AEROX 155,Sport Scooter,125400.0,31350.0,0.25,94050.0,12,10075.25,0.3912,25754.24,BPO / Call Center Agent,Living with Parents/Relatives,Single,4.2,8,0.9167,0,4,3,30225.75,0.179,0.619,1,0,defaulted,57.9,11,3,2.79,0.6523,0,1,defaulted
SYNTH-00445,3,TUBOD,YAMAHA,MIO FAZZIO,Retro Scooter,93900.0,28170.0,0.3,65730.0,24,4253.35,0.3387,12558.07,BPO / Call Center Agent,Owned (Inherited/Tax Dec),Married,5.3,22,0.9583,0,3,1,4253.35,0.309,0.378,0,0,delinquent,54.3,2,2,1.58,0.5,0,1,defaulted
SYNTH-00446,3,TUBOD,HONDA,ADV160,Adventure Scooter,166900.0,25035.0,0.15,141865.0,12,15095.82,0.859,17573.99,Tricycle / PUV Operator,Rented (Apartment/House),Married,8.7,4,0.4167,0,1,1,15095.82,0.258,0.321,0,1,delinquent,13.1,4,2,1.7,0.5,0,1,defaulted
SYNTH-00447,3,TUBOD,HONDA,ADV160,Adventure Scooter,166900.0,20028.0,0.12,146872.0,36,7217.22,0.368,19613.51,Tricycle / PUV Operator,Owned (Clean Title),Single,5.1,24,0.6944,1,2,1,7217.22,0.342,0.287,0,0,delinquent,59.3,2,2,1.89,0.5,0,1,defaulted
SYNTH-00448,3,TUBOD,YAMAHA,AEROX 155,Sport Scooter,125400.0,12540.0,0.1,112860.0,12,12050.3,0.3174,37968.96,OFW Remittance / Dependent,Rented (Apartment/House),Married,4.0,1,0.4167,0,4,4,48201.2,0.352,0.308,1,1,defaulted,55.3,5,2,2.34,0.5,0,0,defaulted
SYNTH-00449,1,LALA,YAMAHA,AEROX 155,Sport Scooter,125400.0,15048.0,0.12,110352.0,24,7005.04,0.3023,23170.64,Employed (Private/Gov),Rented (Apartment/House),Married,5.4,19,0.875,0,1,2,14010.08,0.351,0.362,0,0,defaulted,64.6,2,3,2.93,0.5,0,1,defaulted
SYNTH-00450,2,KAPATAGAN,KAWASAKI,CT100B,Backbone/Utility,54000.0,16200.0,0.3,37800.0,12,4169.0,0.1065,39143.63,Employed (Private/Gov),Owned (Clean Title),Single,17.3,5,0.4167,4,0,0,0.0,0.0,0.893,0,0,active,32.6,1,3,2.78,0.8543,0,0,completed
SYNTH-00451,2,KAPATAGAN,HONDA,BEAT PREMIUM,Scooter,72400.0,10860.0,0.15,61540.0,36,3140.24,0.2481,12655.71,Tricycle / PUV Operator,Owned (Clean Title),Single,3.9,6,0.2778,1,3,4,12560.96,0.21,0.583,0,0,defaulted,55.3,8,4,4.15,0.5886,0,0,defaulted
SYNTH-00452,2,KAPATAGAN,YAMAHA,NMAX 155,Maxi-Scooter,151900.0,45570.0,0.3,106330.0,12,11364.65,0.2928,38817.5,BPO / Call Center Agent,Owned (Clean Title),Married,7.9,5,0.6667,0,3,3,34093.95,0.162,0.568,0,0,defaulted,52.1,11,4,3.76,0.6246,0,1,defaulted
SYNTH-00453,1,LALA,YAMAHA,MIO GEAR 125,Scooter,79400.0,11910.0,0.15,67490.0,36,3424.52,0.1272,26931.66,Sari-Sari / Small Retail,Living with Parents/Relatives,Single,5.2,9,0.3611,0,1,4,13698.08,0.444,0.257,0,0,defaulted,27.8,2,4,4.16,0.5,0,1,defaulted
SYNTH-00454,3,TUBOD,YAMAHA,MIO GEAR 125,Scooter,79400.0,9528.0,0.12,69872.0,36,3538.33,0.0999,35409.74,BPO / Call Center Agent,Owned (Clean Title),Widowed,16.2,3,0.0833,1,0,0,0.0,0.0,0.952,0,0,active,25.2,1,3,3.64,0.7861,0,0,completed
SYNTH-00455,3,TUBOD,SUZUKI,BURGMAN STREET 125,Maxi-Scooter,83400.0,20850.0,0.25,62550.0,12,6767.75,0.206,32852.88,Public School Teacher,Rented (Apartment/House),Widowed,10.1,7,0.9167,0,4,4,27071.0,0.338,0.305,0,1,defaulted,13.3,6,3,3.25,0.5,0,1,defaulted
SYNTH-00456,3,TUBOD,HONDA,CLICK 160,Scooter,122900.0,36870.0,0.3,86030.0,36,4310.32,0.136,31702.51,BPO / Call Center Agent,Owned (Clean Title),Married,3.4,34,0.9444,3,2,0,0.0,0.11,0.611,0,0,active,61.1,12,3,2.26,0.6941,1,0,completed
SYNTH-00457,1,LALA,YAMAHA,SNIPER 155,Sport Underbone,123900.0,30975.0,0.25,92925.0,36,4639.75,0.2531,18328.36,Tricycle / PUV Operator,Owned (Clean Title),Widowed,1.3,2,0.0833,0,2,1,4639.75,0.228,0.237,1,1,delinquent,33.5,2,3,2.9,0.5,0,1,defaulted
SYNTH-00458,2,KAPATAGAN,HONDA,TMX125 ALPHA,Backbone/Utility,57900.0,14475.0,0.25,43425.0,12,4759.62,0.3889,12237.95,Agri / Farmer / Fisherfolk,Owned (Clean Title),Single,7.5,8,0.8333,0,1,2,9519.24,0.44,0.499,0,0,defaulted,37.5,11,5,5.68,0.6225,0,0,defaulted
SYNTH-00459,2,KAPATAGAN,YAMAHA,MIO SPORTY,Scooter,73900.0,8868.0,0.12,65032.0,36,3307.08,0.1773,18651.21,Employed (Private/Gov),Owned (Inherited/Tax Dec),Married,12.0,3,0.0833,1,1,0,0.0,0.021,0.702,0,0,active,38.9,7,4,4.36,0.6721,0,1,defaulted
SYNTH-00460,1,LALA,YAMAHA,MIO GEAR 125,Scooter,79400.0,19850.0,0.25,59550.0,12,6452.75,0.2388,27016.24,Sari-Sari / Small Retail,Owned (Inherited/Tax Dec),Widowed,8.0,0,0.0833,0,1,4,25811.0,0.354,0.504,0,1,defaulted,10.1,1,5,5.09,0.5,0,1,defaulted
SYNTH-00461,1,LALA,HONDA,TMX125 ALPHA,Backbone/Utility,57900.0,11580.0,0.2,46320.0,36,2413.07,0.0967,24951.45,Employed (Private/Gov),Living with Parents/Relatives,Widowed,4.2,8,0.25,1,0,1,2413.07,0.089,0.758,0,0,delinquent,40.6,3,5,4.56,0.8309,0,0,completed
SYNTH-00462,3,TUBOD,HONDA,CLICK 160,Scooter,122900.0,12290.0,0.1,110610.0,24,7020.95,0.3581,19608.38,Sari-Sari / Small Retail,Owned (Inherited/Tax Dec),Widowed,5.2,17,0.875,0,3,4,28083.8,0.426,0.574,1,1,defaulted,32.1,9,3,3.1,0.5512,0,1,defaulted
SYNTH-00463,1,LALA,YAMAHA,MIO GEAR 125,Scooter,79400.0,23820.0,0.3,55580.0,36,2855.49,0.13,21966.33,Agri / Farmer / Fisherfolk,Owned (Inherited/Tax Dec),Widowed,10.1,12,0.3889,0,1,2,5710.98,0.364,0.2,1,1,defaulted,10.7,8,6,5.73,0.5,0,0,defaulted
SYNTH-00464,2,KAPATAGAN,HONDA,TMX125 ALPHA,Backbone/Utility,57900.0,8685.0,0.15,49215.0,24,3234.92,0.07,46191.39,Public School Teacher,Owned (Clean Title),Single,7.2,7,0.2917,4,0,0,0.0,0.0,0.935,0,0,active,40.2,10,4,4.01,0.9091,1,0,early_settled
SYNTH-00465,2,KAPATAGAN,HONDA,CLICK 160,Scooter,122900.0,12290.0,0.1,110610.0,12,11814.05,0.2726,43345.92,Employed (Private/Gov),Owned (Clean Title),Married,2.1,7,0.6667,1,1,1,11814.05,0.178,0.308,0,0,delinquent,19.7,6,4,3.9,0.5,0,1,defaulted
SYNTH-00466,2,KAPATAGAN,HONDA,WAVE RSX,Underbone,64900.0,9735.0,0.15,55165.0,36,2835.66,0.1427,19873.95,Tricycle / PUV Operator,Living with Parents/Relatives,Married,7.9,11,0.4167,0,2,4,11342.64,0.449,0.593,0,0,defaulted,28.0,8,3,3.12,0.6313,0,1,defaulted
SYNTH-00467,3,TUBOD,YAMAHA,SNIPER 155,Sport Underbone,123900.0,30975.0,0.25,92925.0,12,9957.12,0.3911,25458.28,Employed (Private/Gov),Rented (Apartment/House),Married,2.0,5,0.6667,0,4,3,29871.36,0.245,0.507,1,0,defaulted,17.1,5,3,2.67,0.5172,0,1,defaulted
SYNTH-00468,1,LALA,YAMAHA,MIO SPORTY,Scooter,73900.0,7390.0,0.1,66510.0,12,7183.55,0.1433,50124.35,Public School Teacher,Owned (Clean Title),Single,10.0,8,0.6667,8,0,0,0.0,0.0,0.963,0,0,active,50.2,6,4,4.38,0.8474,0,0,completed
SYNTH-00469,1,LALA,KAWASAKI,ROUSER NS125,Sport Backbone,82000.0,20500.0,0.25,61500.0,24,3992.5,0.2207,18090.63,Sari-Sari / Small Retail,Owned (Inherited/Tax Dec),Married,8.7,4,0.3333,0,4,4,15970.0,0.283,0.328,0,1,defaulted,20.8,8,3,3.12,0.5,0,1,defaulted
SYNTH-00470,2,KAPATAGAN,HONDA,CLICK 125I,Scooter,81400.0,16280.0,0.2,65120.0,12,7037.6,0.3557,19784.38,Tricycle / PUV Operator,Rented (Apartment/House),Married,3.4,9,0.8333,0,2,1,7037.6,0.176,0.444,0,1,delinquent,22.9,12,6,6.8,0.546,0,0,defaulted
SYNTH-00471,3,TUBOD,HONDA,CLICK 160,Scooter,122900.0,36870.0,0.3,86030.0,36,4310.32,0.1177,36623.26,BPO / Call Center Agent,Rented (Apartment/House),Widowed,8.8,5,0.1944,0,4,2,8620.64,0.357,0.424,1,0,defaulted,43.8,7,3,2.62,0.5,0,1,defaulted
SYNTH-00472,1,LALA,HONDA,BEAT PREMIUM,Scooter,72400.0,7240.0,0.1,65160.0,24,4218.2,0.0568,74257.75,OFW Remittance / Dependent,Living with Parents/Relatives,Married,9.3,1,0.0417,1,0,0,0.0,0.0,0.946,0,0,active,48.6,11,5,4.95,1.0469,0,0,completed
SYNTH-00473,2,KAPATAGAN,HONDA,TMX125 ALPHA,Backbone/Utility,57900.0,11580.0,0.2,46320.0,36,2413.07,0.2011,12000.0,Tricycle / PUV Operator,Rented (Apartment/House),Single,10.5,7,0.25,1,4,2,4826.14,0.245,0.209,0,0,defaulted,47.2,11,5,5.43,0.5,0,1,defaulted
SYNTH-00474,1,LALA,HONDA,PCX160,Maxi-Scooter,134900.0,20235.0,0.15,114665.0,12,12239.82,0.3175,38555.37,BPO / Call Center Agent,Living with Parents/Relatives,Single,4.6,11,1.0,1,2,1,12239.82,0.43,0.386,0,0,delinquent,42.1,9,3,2.88,0.5,0,0,defaulted
SYNTH-00475,3,TUBOD,YAMAHA,MIO GEAR 125,Scooter,79400.0,19850.0,0.25,59550.0,24,3872.25,0.1237,31295.64,Employed (Private/Gov),Owned (Clean Title),Widowed,8.1,2,0.0833,2,0,0,0.0,0.0,0.901,0,0,active,46.2,6,3,3.01,0.7554,0,0,completed
SYNTH-00476,1,LALA,SUZUKI,SMASH 115,Underbone,62400.0,9360.0,0.15,53040.0,12,5769.2,0.3749,15386.67,Tricycle / PUV Operator,Owned (Clean Title),Married,1.9,0,0.3333,1,1,4,23076.8,0.274,0.597,0,0,defaulted,34.3,12,4,3.61,0.7341,0,0,defaulted
SYNTH-00477,1,LALA,KAWASAKI,P24KK (BARAKO II),Backbone/Tricycle,68500.0,13700.0,0.2,54800.0,24,3579.33,0.0802,44637.68,OFW Remittance / Dependent,Living with Parents/Relatives,Married,7.4,9,0.375,1,0,0,0.0,0.0,0.991,0,0,active,18.3,2,6,6.05,1.003,0,0,completed
SYNTH-00478,2,KAPATAGAN,YAMAHA,MIO GEAR 125,Scooter,79400.0,19850.0,0.25,59550.0,24,3872.25,0.0867,44667.5,BPO / Call Center Agent,Rented (Apartment/House),Single,4.7,18,0.9167,1,3,4,15489.0,0.251,0.381,0,0,defaulted,18.9,2,5,4.66,0.5,0,0,defaulted
SYNTH-00479,1,LALA,YAMAHA,AEROX 155,Sport Scooter,125400.0,18810.0,0.15,106590.0,36,5292.63,0.2094,25276.87,Employed (Private/Gov),Owned (Clean Title),Widowed,9.8,4,0.1389,0,0,1,5292.63,0.089,0.738,0,0,delinquent,29.0,3,3,3.36,0.7813,0,1,defaulted
SYNTH-00480,1,LALA,SUZUKI,RAIDER 150 FI,Sport Underbone,119900.0,35970.0,0.3,83930.0,24,5375.68,0.2592,20739.47,Tricycle / PUV Operator,Owned (Clean Title),Married,14.1,15,0.75,0,4,3,16127.04,0.422,0.455,0,0,defaulted,17.9,4,4,3.72,0.5,0,1,defaulted
SYNTH-00481,1,LALA,HONDA,CLICK 125I,Scooter,81400.0,12210.0,0.15,69190.0,24,4466.72,0.2627,17002.4,Agri / Farmer / Fisherfolk,Owned (Inherited/Tax Dec),Married,3.0,17,0.875,1,3,4,17866.88,0.432,0.236,0,0,defaulted,55.6,8,4,4.52,0.5,0,0,defaulted
SYNTH-00482,2,KAPATAGAN,KAWASAKI,ROUSER NS125,Sport Backbone,82000.0,12300.0,0.15,69700.0,12,7518.5,0.3163,23770.69,Sari-Sari / Small Retail,Owned (Inherited/Tax Dec),Married,3.8,1,0.3333,0,3,3,22555.5,0.385,0.573,0,1,defaulted,16.8,8,3,2.97,0.5789,0,1,defaulted
SYNTH-00483,1,LALA,HONDA,TMX125 ALPHA,Backbone/Utility,57900.0,17370.0,0.3,40530.0,36,2136.43,0.0961,22238.31,Tricycle / PUV Operator,Living with Parents/Relatives,Married,3.9,9,0.2778,0,2,1,2136.43,0.305,0.382,1,0,delinquent,47.0,5,4,4.04,0.5,0,1,defaulted
SYNTH-00484,2,KAPATAGAN,HONDA,TMX125 ALPHA,Backbone/Utility,57900.0,6948.0,0.12,50952.0,36,2634.37,0.0553,47654.14,Public School Teacher,Owned (Clean Title),Married,6.3,24,0.6667,8,0,0,0.0,0.0,0.853,0,0,active,17.3,3,6,6.3,0.878,0,0,completed
SYNTH-00485,3,TUBOD,KAWASAKI,ROUSER NS125,Sport Backbone,82000.0,9840.0,0.12,72160.0,36,3647.64,0.0761,47932.43,Employed (Private/Gov),Owned (Clean Title),Widowed,3.8,30,0.8333,2,0,0,0.0,0.09,0.614,0,0,active,21.9,9,2,2.28,0.607,0,0,completed
SYNTH-00486,2,KAPATAGAN,KAWASAKI,ROUSER NS125,Sport Backbone,82000.0,24600.0,0.3,57400.0,36,2942.44,0.1116,26355.87,BPO / Call Center Agent,Living with Parents/Relatives,Married,6.4,29,0.8056,2,2,0,0.0,0.088,0.807,0,0,active,40.5,3,2,1.8,0.8816,0,0,completed
SYNTH-00487,3,TUBOD,SUZUKI,SMASH 115,Underbone,62400.0,7488.0,0.12,54912.0,24,3586.24,0.1009,35553.59,Employed (Private/Gov),Living with Parents/Relatives,Single,12.2,14,0.625,2,0,1,3586.24,0.062,0.75,1,0,delinquent,43.3,10,3,3.2,0.7516,0,0,completed
SYNTH-00488,3,TUBOD,KAWASAKI,P24KK (BARAKO II),Backbone/Tricycle,68500.0,17125.0,0.25,51375.0,12,5594.38,0.2718,20581.85,Agri / Farmer / Fisherfolk,Living with Parents/Relatives,Married,2.7,4,0.6667,1,1,4,22377.52,0.168,0.283,1,0,defaulted,38.8,1,3,3.19,0.5,0,1,defaulted
SYNTH-00489,3,TUBOD,YAMAHA,MIO GEAR 125,Scooter,79400.0,11910.0,0.15,67490.0,24,4361.88,0.1276,34172.41,BPO / Call Center Agent,Owned (Inherited/Tax Dec),Widowed,3.0,0,0.0417,2,1,1,4361.88,0.025,0.71,0,0,delinquent,31.3,9,3,2.81,0.6945,0,0,completed
SYNTH-00490,1,LALA,HONDA,WAVE RSX,Underbone,64900.0,9735.0,0.15,55165.0,36,2835.66,0.1455,19489.38,Tricycle / PUV Operator,Rented (Apartment/House),Widowed,4.6,7,0.3056,1,4,4,11342.64,0.265,0.417,1,0,defaulted,37.8,4,4,4.07,0.5,0,1,defaulted
SYNTH-00491,2,KAPATAGAN,YAMAHA,SNIPER 155,Sport Underbone,123900.0,30975.0,0.25,92925.0,36,4639.75,0.181,25630.75,Agri / Farmer / Fisherfolk,Living with Parents/Relatives,Single,17.8,21,0.6944,0,1,4,18559.0,0.438,0.451,0,0,defaulted,12.5,8,4,4.21,0.5141,0,1,defaulted
SYNTH-00492,3,TUBOD,SUZUKI,BURGMAN STREET 125,Maxi-Scooter,83400.0,16680.0,0.2,66720.0,12,7205.6,0.4516,15954.54,Agri / Farmer / Fisherfolk,Owned (Inherited/Tax Dec),Married,5.8,4,0.4167,1,4,1,7205.6,0.187,0.257,0,0,delinquent,29.7,8,3,3.04,0.5,0,1,defaulted
SYNTH-00493,3,TUBOD,YAMAHA,AEROX 155,Sport Scooter,125400.0,18810.0,0.15,106590.0,12,11391.95,0.254,44844.71,Public School Teacher,Owned (Clean Title),Single,1.2,10,0.9167,1,4,1,11391.95,0.351,0.202,0,0,delinquent,36.9,8,2,2.62,0.5,0,1,defaulted
SYNTH-00494,3,TUBOD,KAWASAKI,P24KK (BARAKO II),Backbone/Tricycle,68500.0,6850.0,0.1,61650.0,24,4001.75,0.1375,29109.52,Employed (Private/Gov),Owned (Clean Title),Married,6.4,19,0.8333,2,2,1,4001.75,0.015,0.644,0,0,delinquent,50.1,11,3,3.18,0.7439,0,0,completed
SYNTH-00495,3,TUBOD,YAMAHA,SNIPER 155,Sport Underbone,123900.0,30975.0,0.25,92925.0,24,5930.38,0.3638,16301.74,Tricycle / PUV Operator,Owned (Clean Title),Married,2.0,0,0.0417,0,2,1,5930.38,0.204,0.244,1,0,delinquent,40.1,6,2,2.36,0.5,0,1,defaulted
SYNTH-00496,1,LALA,HONDA,CLICK 160,Scooter,122900.0,18435.0,0.15,104465.0,24,6642.01,0.1047,63417.01,OFW Remittance / Dependent,Living with Parents/Relatives,Widowed,6.5,2,0.0833,2,1,0,0.0,0.052,0.67,0,0,active,55.7,3,4,3.88,0.7186,0,0,completed
SYNTH-00497,1,LALA,HONDA,TMX125 ALPHA,Backbone/Utility,57900.0,17370.0,0.3,40530.0,36,2136.43,0.0994,21491.08,Sari-Sari / Small Retail,Living with Parents/Relatives,Married,2.5,19,0.5556,0,3,1,2136.43,0.204,0.64,0,0,delinquent,50.2,3,5,5.38,0.6541,0,1,defaulted
SYNTH-00498,3,TUBOD,KAWASAKI,ROUSER NS125,Sport Backbone,82000.0,9840.0,0.12,72160.0,24,4649.87,0.0612,75968.56,OFW Remittance / Dependent,Rented (Apartment/House),Widowed,1.8,2,0.1667,0,2,2,9299.74,0.41,0.562,0,0,defaulted,17.7,12,3,2.87,0.6511,0,1,defaulted
SYNTH-00499,3,TUBOD,SUZUKI,SMASH 115,Underbone,62400.0,6240.0,0.1,56160.0,24,3663.2,0.1458,25118.07,Tricycle / PUV Operator,Owned (Clean Title),Widowed,1.1,0,0.1667,0,1,4,14652.8,0.449,0.434,1,0,defaulted,31.8,8,3,2.71,0.5,0,1,defaulted
SYNTH-00500,3,TUBOD,SUZUKI,RAIDER 150 FI,Sport Underbone,119900.0,11990.0,0.1,107910.0,36,5355.7,0.3482,15381.98,Agri / Farmer / Fisherfolk,Living with Parents/Relatives,Married,2.9,6,0.2222,0,2,2,10711.4,0.276,0.418,0,0,defaulted,41.7,2,2,1.39,0.5,0,1,defaulted
SYNTH-00501,2,KAPATAGAN,HONDA,ADV160,Adventure Scooter,166900.0,16690.0,0.1,150210.0,36,7376.7,0.2366,31172.55,Employed (Private/Gov),Owned (Clean Title),Widowed,2.8,12,0.3611,0,1,1,7376.7,0.213,0.457,0,0,delinquent,41.0,5,2,1.78,0.5,0,1,defaulted
SYNTH-00502,3,TUBOD,HONDA,CLICK 125I,Scooter,81400.0,9768.0,0.12,71632.0,36,3622.42,0.165,21957.38,Agri / Farmer / Fisherfolk,Owned (Clean Title),Single,3.2,12,0.3611,0,3,1,3622.42,0.371,0.558,1,0,delinquent,17.3,10,4,4.85,0.5501,0,0,defaulted
SYNTH-00503,2,KAPATAGAN,YAMAHA,MIO GEAR 125,Scooter,79400.0,19850.0,0.25,59550.0,12,6452.75,0.1882,34279.82,Public School Teacher,Owned (Inherited/Tax Dec),Single,2.1,1,0.0833,1,2,0,0.0,0.043,0.728,0,0,active,25.7,9,4,3.92,0.7279,0,1,defaulted
SYNTH-00504,1,LALA,HONDA,ADV160,Adventure Scooter,166900.0,20028.0,0.12,146872.0,36,7217.22,0.1699,42483.8,Public School Teacher,Rented (Apartment/House),Married,7.2,27,0.8056,1,1,2,14434.44,0.177,0.412,0,0,defaulted,32.4,9,2,2.74,0.5,0,1,defaulted
SYNTH-00505,1,LALA,YAMAHA,NMAX 155,Maxi-Scooter,151900.0,37975.0,0.25,113925.0,24,7225.38,0.1822,39667.09,Employed (Private/Gov),Living with Parents/Relatives,Single,6.9,4,0.2083,3,1,1,7225.38,0.129,0.606,0,0,delinquent,42.8,6,3,3.06,0.5614,0,1,defaulted
SYNTH-00506,2,KAPATAGAN,HONDA,ADV160,Adventure Scooter,166900.0,25035.0,0.15,141865.0,24,8948.34,0.3171,28215.11,BPO / Call Center Agent,Living with Parents/Relatives,Widowed,13.6,18,0.9167,0,2,4,35793.36,0.322,0.611,1,0,defaulted,20.9,2,3,2.72,0.5938,0,1,defaulted
SYNTH-00507,2,KAPATAGAN,YAMAHA,MIO GEAR 125,Scooter,79400.0,15880.0,0.2,63520.0,36,3234.84,0.1002,32292.37,Public School Teacher,Owned (Clean Title),Widowed,3.2,29,0.8056,0,0,0,0.0,0.064,0.747,0,0,active,14.8,2,5,5.07,0.7252,0,0,completed
SYNTH-00508,3,TUBOD,HONDA,TMX125 ALPHA,Backbone/Utility,57900.0,14475.0,0.25,43425.0,24,2877.88,0.0884,32570.03,Employed (Private/Gov),Living with Parents/Relatives,Married,2.7,12,0.5417,0,0,1,2877.88,0.06,0.671,0,0,delinquent,53.9,12,4,4.41,0.8118,0,0,completed
SYNTH-00509,3,TUBOD,SUZUKI,BURGMAN STREET 125,Maxi-Scooter,83400.0,20850.0,0.25,62550.0,24,4057.25,0.0482,84250.94,OFW Remittance / Dependent,Rented (Apartment/House),Married,2.3,11,0.5417,0,3,2,8114.5,0.43,0.506,0,1,defaulted,12.7,8,4,3.87,0.5255,0,1,defaulted
SYNTH-00510,1,LALA,HONDA,BEAT PREMIUM,Scooter,72400.0,14480.0,0.2,57920.0,36,2967.29,0.0855,34689.16,Employed (Private/Gov),Owned (Clean Title),Single,5.8,2,0.0556,1,0,0,0.0,0.0,0.883,0,0,active,23.1,7,6,6.0,0.9445,0,0,completed
SYNTH-00511,3,TUBOD,YAMAHA,MIO SPORTY,Scooter,73900.0,22170.0,0.3,51730.0,36,2671.54,0.0614,43542.57,Public School Teacher,Living with Parents/Relatives,Single,10.4,34,0.9444,8,0,0,0.0,0.0,0.912,0,0,active,26.7,4,4,4.07,0.9744,0,0,completed
SYNTH-00512,2,KAPATAGAN,YAMAHA,SNIPER 155,Sport Underbone,123900.0,30975.0,0.25,92925.0,36,4639.75,0.1358,34157.13,BPO / Call Center Agent,Living with Parents/Relatives,Married,10.1,34,0.9722,0,0,1,4639.75,0.059,0.841,0,0,delinquent,50.1,8,3,2.71,0.8525,0,1,defaulted
SYNTH-00513,2,KAPATAGAN,YAMAHA,MIO FAZZIO,Retro Scooter,93900.0,23475.0,0.25,70425.0,12,7594.62,0.349,21762.84,BPO / Call Center Agent,Rented (Apartment/House),Single,8.2,7,0.9167,0,2,4,30378.48,0.278,0.34,0,0,defaulted,22.8,2,4,4.27,0.5,0,1,defaulted
SYNTH-00514,3,TUBOD,YAMAHA,SNIPER 155,Sport Underbone,123900.0,14868.0,0.12,109032.0,24,6923.64,0.5007,13828.79,Tricycle / PUV Operator,Rented (Apartment/House),Widowed,4.4,14,0.7083,0,4,3,20770.92,0.423,0.553,0,0,defaulted,59.3,6,2,1.76,0.5269,0,1,defaulted
SYNTH-00515,2,KAPATAGAN,YAMAHA,MIO SPORTY,Scooter,73900.0,11085.0,0.15,62815.0,12,6795.57,0.232,29287.02,Employed (Private/Gov),Owned (Clean Title),Single,8.3,5,0.5,0,2,1,6795.57,0.051,0.694,0,0,delinquent,16.0,6,5,4.74,0.61,0,0,completed
SYNTH-00516,2,KAPATAGAN,YAMAHA,MIO GEAR 125,Scooter,79400.0,11910.0,0.15,67490.0,12,7286.45,0.2856,25511.99,Employed (Private/Gov),Owned (Inherited/Tax Dec),Married,3.1,7,0.8333,0,1,3,21859.35,0.241,0.594,1,1,defaulted,48.0,1,3,3.15,0.5058,0,1,defaulted
SYNTH-00517,2,KAPATAGAN,YAMAHA,NMAX 155,Maxi-Scooter,151900.0,30380.0,0.2,121520.0,12,12959.6,0.5237,24746.82,Sari-Sari / Small Retail,Rented (Apartment/House),Married,8.3,6,0.8333,0,3,4,51838.4,0.344,0.425,0,0,defaulted,27.2,8,3,3.01,0.5,0,1,defaulted
SYNTH-00518,1,LALA,HONDA,WAVE RSX,Underbone,64900.0,9735.0,0.15,55165.0,12,5992.32,0.1047,57226.88,OFW Remittance / Dependent,Rented (Apartment/House),Married,8.0,5,0.5,3,0,1,5992.32,0.049,0.838,0,0,delinquent,54.7,9,4,4.27,0.8741,1,0,completed
SYNTH-00519,1,LALA,KAWASAKI,ROUSER NS125,Sport Backbone,82000.0,16400.0,0.2,65600.0,36,3334.22,0.0667,50009.95,OFW Remittance / Dependent,Owned (Clean Title),Married,8.1,15,0.4167,10,0,0,0.0,0.0,0.87,0,0,active,47.3,2,2,2.31,0.9009,0,0,completed
SYNTH-00520,3,TUBOD,SUZUKI,BURGMAN STREET 125,Maxi-Scooter,83400.0,20850.0,0.25,62550.0,12,6767.75,0.1858,36426.91,Employed (Private/Gov),Living with Parents/Relatives,Married,5.3,7,0.6667,3,0,1,6767.75,0.108,0.613,0,0,delinquent,31.1,5,3,2.97,0.6488,0,0,completed
SYNTH-00521,2,KAPATAGAN,SUZUKI,SMASH 115,Underbone,62400.0,15600.0,0.25,46800.0,24,3086.0,0.0544,56744.48,OFW Remittance / Dependent,Owned (Inherited/Tax Dec),Widowed,5.4,17,0.7083,8,0,0,0.0,0.0,0.878,0,0,active,43.2,9,4,4.63,0.8807,0,0,completed
SYNTH-00522,1,LALA,HONDA,CLICK 125I,Scooter,81400.0,24420.0,0.3,56980.0,12,6182.9,0.2463,25101.56,Tricycle / PUV Operator,Owned (Inherited/Tax Dec),Widowed,6.1,7,0.6667,0,4,1,6182.9,0.182,0.519,0,0,delinquent,48.3,3,5,5.33,0.5591,0,1,defaulted
SYNTH-00523,3,TUBOD,KAWASAKI,ROUSER NS125,Sport Backbone,82000.0,8200.0,0.1,73800.0,24,4751.0,0.2167,21924.89,Agri / Farmer / Fisherfolk,Rented (Apartment/House),Widowed,5.5,18,0.875,0,4,3,14253.0,0.272,0.251,0,0,defaulted,44.7,10,2,2.07,0.5,0,1,defaulted
SYNTH-00524,1,LALA,YAMAHA,MIO FAZZIO,Retro Scooter,93900.0,11268.0,0.12,82632.0,12,8876.36,0.281,31585.75,Public School Teacher,Owned (Clean Title),Married,3.8,1,0.4167,0,4,4,35505.44,0.383,0.334,0,0,defaulted,10.6,5,4,3.89,0.5,0,1,defaulted
SYNTH-00525,1,LALA,HONDA,CLICK 125I,Scooter,81400.0,8140.0,0.1,73260.0,24,4717.7,0.0814,57936.94,OFW Remittance / Dependent,Living with Parents/Relatives,Married,6.8,24,1.0,8,0,0,0.0,0.0,0.904,0,0,active,34.2,1,4,3.25,0.804,0,0,completed
SYNTH-00526,1,LALA,YAMAHA,MIO SPORTY,Scooter,73900.0,14780.0,0.2,59120.0,36,3024.62,0.1256,24076.14,Sari-Sari / Small Retail,Living with Parents/Relatives,Single,11.9,20,0.6667,1,1,4,12098.48,0.445,0.262,0,0,defaulted,46.5,2,5,4.96,0.5,0,1,defaulted
SYNTH-00527,3,TUBOD,SUZUKI,RAIDER 150 FI,Sport Underbone,119900.0,14388.0,0.12,105512.0,36,5241.13,0.2678,19572.58,Employed (Private/Gov),Living with Parents/Relatives,Widowed,16.6,4,0.2222,0,3,4,20964.52,0.209,0.553,0,0,defaulted,33.0,4,2,2.37,0.5956,0,0,defaulted
SYNTH-00528,1,LALA,HONDA,ADV160,Adventure Scooter,166900.0,25035.0,0.15,141865.0,24,8948.34,0.3388,26412.42,Public School Teacher,Owned (Inherited/Tax Dec),Married,5.6,16,0.7917,0,4,3,26845.02,0.246,0.431,0,1,defaulted,29.0,8,2,1.96,0.5,0,1,defaulted
SYNTH-00529,3,TUBOD,KAWASAKI,P24KK (BARAKO II),Backbone/Tricycle,68500.0,10275.0,0.15,58225.0,24,3790.54,0.1175,32272.5,OFW Remittance / Dependent,Owned (Inherited/Tax Dec),Married,5.1,10,0.4167,1,0,0,0.0,0.0,0.987,0,0,active,19.2,11,5,5.24,1.1,0,0,completed
SYNTH-00530,3,TUBOD,HONDA,CLICK 160,Scooter,122900.0,24580.0,0.2,98320.0,12,10523.6,0.5411,19447.55,Agri / Farmer / Fisherfolk,Owned (Clean Title),Married,7.4,4,0.4167,1,3,1,10523.6,0.304,0.254,0,1,delinquent,44.2,1,3,2.48,0.5,0,1,defaulted
SYNTH-00531,2,KAPATAGAN,KAWASAKI,CT100B,Backbone/Utility,54000.0,6480.0,0.12,47520.0,12,5189.6,0.1185,43797.01,OFW Remittance / Dependent,Owned (Clean Title),Married,8.1,8,0.6667,6,0,0,0.0,0.0,0.999,0,0,active,28.8,11,4,3.84,1.1,0,0,completed
SYNTH-00532,2,KAPATAGAN,HONDA,CLICK 160,Scooter,122900.0,24580.0,0.2,98320.0,24,6263.07,0.0796,78662.07,OFW Remittance / Dependent,Owned (Clean Title),Widowed,4.5,11,0.4583,3,0,0,0.0,0.13,0.815,0,0,active,36.6,10,4,3.99,0.8233,0,0,completed
SYNTH-00533,3,TUBOD,SUZUKI,SMASH 115,Underbone,62400.0,6240.0,0.1,56160.0,36,2883.2,0.1373,20993.1,Tricycle / PUV Operator,Living with Parents/Relatives,Widowed,3.4,10,0.3333,1,4,2,5766.4,0.22,0.382,1,1,defaulted,55.0,10,3,3.35,0.5,0,1,defaulted
SYNTH-00534,1,LALA,HONDA,ADV160,Adventure Scooter,166900.0,50070.0,0.3,116830.0,36,5781.88,0.1675,34517.0,Public School Teacher,Owned (Inherited/Tax Dec),Married,4.0,26,0.75,2,1,1,5781.88,0.083,0.647,0,0,delinquent,26.0,3,2,1.36,0.6566,0,1,defaulted
SYNTH-00535,3,TUBOD,SUZUKI,BURGMAN STREET 125,Maxi-Scooter,83400.0,16680.0,0.2,66720.0,12,7205.6,0.5777,12472.0,Agri / Farmer / Fisherfolk,Living with Parents/Relatives,Married,1.3,2,0.5,0,4,4,28822.4,0.168,0.629,0,0,defaulted,26.4,1,2,1.64,0.5509,0,1,defaulted
SYNTH-00536,3,TUBOD,KAWASAKI,P24KK (BARAKO II),Backbone/Tricycle,68500.0,8220.0,0.12,60280.0,12,6529.4,0.2886,22622.13,Employed (Private/Gov),Rented (Apartment/House),Married,8.7,0,0.0833,0,4,3,19588.2,0.187,0.486,1,0,defaulted,13.9,10,4,4.06,0.5,0,1,defaulted
SYNTH-00537,1,LALA,HONDA,CLICK 125I,Scooter,81400.0,16280.0,0.2,65120.0,36,3311.29,0.1313,25213.11,Tricycle / PUV Operator,Rented (Apartment/House),Widowed,9.4,6,0.2222,0,2,2,6622.58,0.154,0.584,0,0,defaulted,38.1,12,5,4.94,0.6592,0,1,defaulted
SYNTH-00538,2,KAPATAGAN,YAMAHA,MIO FAZZIO,Retro Scooter,93900.0,14085.0,0.15,79815.0,24,5121.93,0.1297,39484.65,Public School Teacher,Rented (Apartment/House),Married,3.4,20,1.0,1,2,4,20487.72,0.313,0.377,1,0,defaulted,18.8,5,4,3.69,0.5,0,1,defaulted
SYNTH-00539,1,LALA,YAMAHA,AEROX 155,Sport Scooter,125400.0,25080.0,0.2,100320.0,12,10733.6,0.258,41595.3,Public School Teacher,Living with Parents/Relatives,Widowed,6.8,1,0.25,0,4,2,21467.2,0.344,0.533,0,0,defaulted,18.6,5,4,3.7,0.5,0,1,defaulted
SYNTH-00540,1,LALA,HONDA,ADV160,Adventure Scooter,166900.0,20028.0,0.12,146872.0,24,9257.11,0.378,24488.35,Sari-Sari / Small Retail,Owned (Clean Title),Single,2.7,15,0.6667,0,1,1,9257.11,0.437,0.323,1,0,delinquent,62.4,7,2,1.87,0.5,0,1,defaulted
SYNTH-00541,3,TUBOD,YAMAHA,MIO GEAR 125,Scooter,79400.0,19850.0,0.25,59550.0,12,6452.75,0.1738,37133.9,Public School Teacher,Owned (Clean Title),Married,5.2,8,0.6667,6,0,0,0.0,0.0,0.871,0,0,active,52.0,3,3,3.46,0.879,0,0,completed
SYNTH-00542,1,LALA,YAMAHA,MIO SPORTY,Scooter,73900.0,11085.0,0.15,62815.0,12,6795.57,0.3831,17737.95,Tricycle / PUV Operator,Rented (Apartment/House),Married,12.8,0,0.0833,0,4,3,20386.71,0.431,0.266,0,0,defaulted,60.5,5,5,5.1,0.5,0,1,defaulted
SYNTH-00543,3,TUBOD,KAWASAKI,CT100B,Backbone/Utility,54000.0,8100.0,0.15,45900.0,36,2393.0,0.0845,28309.08,Sari-Sari / Small Retail,Living with Parents/Relatives,Widowed,2.8,31,0.8889,0,4,1,2393.0,0.195,0.36,1,1,delinquent,42.8,8,3,2.84,0.5,0,1,defaulted
SYNTH-00544,2,KAPATAGAN,HONDA,TMX125 ALPHA,Backbone/Utility,57900.0,11580.0,0.2,46320.0,12,5063.6,0.2048,24727.05,Tricycle / PUV Operator,Rented (Apartment/House),Widowed,5.6,0,0.0833,0,3,4,20254.4,0.343,0.335,0,1,defaulted,43.1,3,4,3.66,0.5,0,1,defaulted
SYNTH-00545,1,LALA,YAMAHA,MIO GEAR 125,Scooter,79400.0,9528.0,0.12,69872.0,12,7536.56,0.1743,43239.54,Employed (Private/Gov),Owned (Inherited/Tax Dec),Married,4.9,10,1.0,1,3,2,15073.12,0.204,0.56,0,0,defaulted,16.0,10,6,5.89,0.576,0,1,defaulted
SYNTH-00546,1,LALA,YAMAHA,NMAX 155,Maxi-Scooter,151900.0,22785.0,0.15,129115.0,36,6368.83,0.1658,38408.65,Employed (Private/Gov),Owned (Inherited/Tax Dec),Widowed,3.1,0,0.0556,0,1,4,25475.32,0.222,0.474,0,0,defaulted,31.3,6,3,2.81,0.5,0,1,defaulted
SYNTH-00547,1,LALA,HONDA,CLICK 125I,Scooter,81400.0,12210.0,0.15,69190.0,24,4466.72,0.1495,29887.7,Employed (Private/Gov),Rented (Apartment/House),Widowed,3.2,17,0.8333,1,1,3,13400.16,0.199,0.617,0,0,defaulted,63.1,6,4,4.23,0.5416,0,0,defaulted
SYNTH-00548,3,TUBOD,SUZUKI,BURGMAN STREET 125,Maxi-Scooter,83400.0,12510.0,0.15,70890.0,36,3586.97,0.1109,32350.02,Public School Teacher,Owned (Inherited/Tax Dec),Single,11.7,21,0.5833,1,0,0,0.0,0.0,0.93,0,0,active,20.8,12,4,3.62,1.0732,0,0,completed
SYNTH-00549,1,LALA,SUZUKI,SMASH 115,Underbone,62400.0,7488.0,0.12,54912.0,24,3586.24,0.2158,16615.38,Sari-Sari / Small Retail,Rented (Apartment/House),Single,4.1,7,0.3333,0,1,1,3586.24,0.329,0.532,0,1,delinquent,58.4,5,4,3.46,0.5678,0,1,defaulted
SYNTH-00550,3,TUBOD,HONDA,BEAT PREMIUM,Scooter,72400.0,21720.0,0.3,50680.0,36,2621.38,0.0861,30429.75,Employed (Private/Gov),Living with Parents/Relatives,Widowed,8.0,20,0.5556,1,1,0,0.0,0.144,0.686,0,0,active,34.5,8,3,2.23,0.6913,0,0,completed
SYNTH-00551,2,KAPATAGAN,YAMAHA,MIO FAZZIO,Retro Scooter,93900.0,18780.0,0.2,75120.0,12,8087.6,0.2786,29027.26,BPO / Call Center Agent,Living with Parents/Relatives,Widowed,7.3,2,0.5,1,2,4,32350.4,0.253,0.565,0,1,defaulted,33.9,8,3,2.86,0.5905,0,1,defaulted
SYNTH-00552,3,TUBOD,KAWASAKI,P24KK (BARAKO II),Backbone/Tricycle,68500.0,20550.0,0.3,47950.0,24,3156.92,0.1315,24006.53,Tricycle / PUV Operator,Owned (Inherited/Tax Dec),Widowed,14.1,13,0.7083,0,3,4,12627.68,0.269,0.58,0,0,defaulted,12.8,3,4,4.58,0.6303,0,1,defaulted
SYNTH-00553,1,LALA,KAWASAKI,ROUSER NS125,Sport Backbone,82000.0,8200.0,0.1,73800.0,12,7949.0,0.5778,13758.49,Agri / Farmer / Fisherfolk,Owned (Inherited/Tax Dec),Widowed,15.7,8,0.75,0,1,1,7949.0,0.206,0.486,0,0,delinquent,51.2,12,3,2.5,0.5492,0,1,defaulted
SYNTH-00554,3,TUBOD,KAWASAKI,CT100B,Backbone/Utility,54000.0,5400.0,0.1,48600.0,36,2522.0,0.0458,55059.48,OFW Remittance / Dependent,Living with Parents/Relatives,Single,11.7,8,0.2222,8,0,0,0.0,0.0,0.882,0,0,active,63.2,3,3,2.69,0.9008,1,0,early_settled
SYNTH-00555,2,KAPATAGAN,HONDA,CLICK 160,Scooter,122900.0,36870.0,0.3,86030.0,24,5505.18,0.4588,12000.0,Employed (Private/Gov),Rented (Apartment/House),Married,6.9,12,0.625,1,4,3,16515.54,0.284,0.313,1,0,defaulted,16.8,4,5,5.26,0.5,0,1,defaulted
SYNTH-00556,1,LALA,HONDA,PCX160,Maxi-Scooter,134900.0,13490.0,0.1,121410.0,24,7686.95,0.5041,15250.14,Tricycle / PUV Operator,Living with Parents/Relatives,Single,7.4,0,0.0417,0,1,1,7686.95,0.33,0.528,1,0,delinquent,50.2,11,3,2.35,0.6436,0,1,defaulted
SYNTH-00557,3,TUBOD,YAMAHA,SNIPER 155,Sport Underbone,123900.0,12390.0,0.1,111510.0,36,5527.7,0.0862,64099.41,OFW Remittance / Dependent,Living with Parents/Relatives,Widowed,4.6,9,0.25,1,0,0,0.0,0.049,0.63,0,0,active,54.9,4,2,1.42,0.6674,0,1,defaulted
SYNTH-00558,1,LALA,HONDA,WAVE RSX,Underbone,64900.0,19470.0,0.3,45430.0,24,3001.52,0.0769,39033.27,BPO / Call Center Agent,Owned (Inherited/Tax Dec),Married,12.6,18,0.75,4,0,0,0.0,0.0,0.98,0,0,active,14.8,8,5,5.19,0.9774,1,0,early_settled
SYNTH-00559,1,LALA,YAMAHA,SNIPER 155,Sport Underbone,123900.0,14868.0,0.12,109032.0,12,11648.36,0.3577,32569.12,BPO / Call Center Agent,Owned (Clean Title),Single,5.6,8,1.0,1,4,4,46593.44,0.311,0.518,0,0,defaulted,44.9,4,3,2.8,0.5055,0,1,defaulted
SYNTH-00560,2,KAPATAGAN,SUZUKI,BURGMAN STREET 125,Maxi-Scooter,83400.0,8340.0,0.1,75060.0,24,4828.7,0.3167,15248.77,Agri / Farmer / Fisherfolk,Rented (Apartment/House),Single,6.3,17,0.875,1,4,4,19314.8,0.35,0.586,0,0,defaulted,33.9,9,3,3.02,0.5788,0,1,defaulted
SYNTH-00561,2,KAPATAGAN,HONDA,CLICK 160,Scooter,122900.0,36870.0,0.3,86030.0,24,5505.18,0.159,34613.04,BPO / Call Center Agent,Rented (Apartment/House),Widowed,4.5,18,0.8333,1,4,2,11010.36,0.319,0.44,0,0,defaulted,43.0,6,3,2.86,0.5,0,1,defaulted
SYNTH-00562,3,TUBOD,HONDA,PCX160,Maxi-Scooter,134900.0,33725.0,0.25,101175.0,12,10823.38,0.296,36568.22,OFW Remittance / Dependent,Rented (Apartment/House),Widowed,8.2,7,0.9167,0,4,4,43293.52,0.379,0.615,1,0,defaulted,42.5,6,2,2.2,0.5438,0,1,defaulted
SYNTH-00563,2,KAPATAGAN,KAWASAKI,P24KK (BARAKO II),Backbone/Tricycle,68500.0,20550.0,0.3,47950.0,36,2490.94,0.1328,18751.72,Sari-Sari / Small Retail,Owned (Inherited/Tax Dec),Married,13.9,29,0.8333,1,1,1,2490.94,0.05,0.732,0,0,delinquent,38.6,11,4,4.19,0.891,0,0,completed
SYNTH-00564,3,TUBOD,YAMAHA,MIO GEAR 125,Scooter,79400.0,11910.0,0.15,67490.0,24,4361.88,0.2808,15533.1,Agri / Farmer / Fisherfolk,Rented (Apartment/House),Married,18.0,19,0.9583,1,1,4,17447.52,0.317,0.325,1,1,defaulted,29.1,2,3,2.28,0.5,0,1,defaulted
SYNTH-00565,2,KAPATAGAN,YAMAHA,SNIPER 155,Sport Underbone,123900.0,12390.0,0.1,111510.0,24,7076.45,0.1351,52398.41,OFW Remittance / Dependent,Owned (Inherited/Tax Dec),Married,5.4,12,0.5,5,0,0,0.0,0.0,0.933,0,0,active,14.7,3,4,4.6,0.9765,1,0,early_settled
SYNTH-00566,1,LALA,SUZUKI,RAIDER 150 FI,Sport Underbone,119900.0,29975.0,0.25,89925.0,24,5745.38,0.1787,32144.13,Employed (Private/Gov),Owned (Clean Title),Married,8.8,8,0.3333,0,2,0,0.0,0.073,0.659,0,0,active,15.8,6,4,3.96,0.5571,0,0,completed
SYNTH-00567,1,LALA,SUZUKI,SMASH 115,Underbone,62400.0,12480.0,0.2,49920.0,36,2585.07,0.0572,45164.17,OFW Remittance / Dependent,Owned (Inherited/Tax Dec),Single,9.6,30,0.8333,2,0,0,0.0,0.0,0.926,0,0,active,12.0,2,5,5.07,0.8965,0,0,completed
SYNTH-00568,3,TUBOD,HONDA,ADV160,Adventure Scooter,166900.0,16690.0,0.1,150210.0,12,15972.05,0.6855,23298.95,Agri / Farmer / Fisherfolk,Owned (Clean Title),Single,5.8,1,0.3333,0,2,3,47916.15,0.162,0.39,0,0,defaulted,41.4,2,2,1.5,0.5,0,1,defaulted
SYNTH-00569,1,LALA,YAMAHA,MIO GEAR 125,Scooter,79400.0,15880.0,0.2,63520.0,36,3234.84,0.0932,34706.07,OFW Remittance / Dependent,Owned (Inherited/Tax Dec),Single,3.1,26,0.75,0,0,1,3234.84,0.015,0.692,0,0,delinquent,25.7,2,4,4.28,0.74,0,0,completed
SYNTH-00570,2,KAPATAGAN,YAMAHA,MIO GEAR 125,Scooter,79400.0,9528.0,0.12,69872.0,24,4508.77,0.2639,17085.39,Tricycle / PUV Operator,Rented (Apartment/House),Married,19.8,3,0.2083,1,4,2,9017.54,0.235,0.541,1,0,defaulted,13.1,8,5,4.92,0.5565,0,0,defaulted
SYNTH-00571,3,TUBOD,YAMAHA,MIO GEAR 125,Scooter,79400.0,23820.0,0.3,55580.0,36,2855.49,0.0732,38989.03,Employed (Private/Gov),Rented (Apartment/House),Married,6.5,33,0.9444,0,0,1,2855.49,0.037,0.737,0,0,delinquent,40.8,3,3,2.85,0.8018,0,0,completed
SYNTH-00572,2,KAPATAGAN,HONDA,CLICK 160,Scooter,122900.0,12290.0,0.1,110610.0,36,5484.7,0.2252,24357.24,BPO / Call Center Agent,Owned (Clean Title),Married,6.8,30,0.9444,0,4,4,21938.8,0.263,0.634,0,0,defaulted,47.6,12,4,4.06,0.707,0,0,defaulted
SYNTH-00573,3,TUBOD,YAMAHA,MIO SPORTY,Scooter,73900.0,18475.0,0.25,55425.0,36,2848.08,0.053,53738.19,OFW Remittance / Dependent,Owned (Clean Title),Married,10.0,10,0.2778,7,0,0,0.0,0.0,0.937,0,0,active,58.4,4,4,4.5,0.9688,0,0,completed
SYNTH-00574,3,TUBOD,YAMAHA,AEROX 155,Sport Scooter,125400.0,18810.0,0.15,106590.0,36,5292.63,0.2301,22999.6,Tricycle / PUV Operator,Living with Parents/Relatives,Widowed,7.9,2,0.1667,0,3,4,21170.52,0.243,0.259,0,0,defaulted,26.6,9,2,2.39,0.5,0,1,defaulted
SYNTH-00575,2,KAPATAGAN,HONDA,WAVE RSX,Underbone,64900.0,7788.0,0.12,57112.0,36,2928.68,0.0801,36576.05,Employed (Private/Gov),Living with Parents/Relatives,Married,4.2,1,0.0556,0,2,1,2928.68,0.092,0.656,0,0,delinquent,35.8,12,4,3.91,0.7516,0,0,completed
SYNTH-00576,2,KAPATAGAN,SUZUKI,RAIDER 150 FI,Sport Underbone,119900.0,29975.0,0.25,89925.0,12,9642.12,0.3337,28893.22,Employed (Private/Gov),Owned (Clean Title),Married,5.5,5,0.5,0,1,1,9642.12,0.278,0.546,0,0,delinquent,11.9,6,3,3.02,0.5,0,1,defaulted
SYNTH-00577,1,LALA,SUZUKI,BURGMAN STREET 125,Maxi-Scooter,83400.0,25020.0,0.3,58380.0,12,6329.9,0.2072,30555.84,Sari-Sari / Small Retail,Owned (Inherited/Tax Dec),Married,5.8,8,1.0,1,2,4,25319.6,0.312,0.239,0,1,defaulted,55.6,10,4,4.27,0.5,0,1,defaulted
SYNTH-00578,1,LALA,YAMAHA,MIO GEAR 125,Scooter,79400.0,15880.0,0.2,63520.0,36,3234.84,0.1382,23408.28,BPO / Call Center Agent,Owned (Clean Title),Married,14.3,5,0.1667,0,0,1,3234.84,0.05,0.669,0,0,delinquent,61.1,8,4,4.27,0.6995,0,0,completed
SYNTH-00579,1,LALA,YAMAHA,MIO GEAR 125,Scooter,79400.0,19850.0,0.25,59550.0,36,3045.17,0.1361,22381.96,Tricycle / PUV Operator,Rented (Apartment/House),Widowed,4.5,28,0.8889,1,4,4,12180.68,0.266,0.229,0,0,defaulted,64.1,7,4,3.62,0.5,0,1,defaulted
SYNTH-00580,1,LALA,HONDA,BEAT PREMIUM,Scooter,72400.0,8688.0,0.12,63712.0,36,3244.02,0.1055,30755.36,Sari-Sari / Small Retail,Owned (Inherited/Tax Dec),Widowed,11.0,33,0.9167,0,2,0,0.0,0.12,0.694,0,0,active,19.9,3,7,6.93,0.7603,0,1,defaulted
SYNTH-00581,3,TUBOD,YAMAHA,MIO GEAR 125,Scooter,79400.0,19850.0,0.25,59550.0,12,6452.75,0.1567,41168.24,Employed (Private/Gov),Rented (Apartment/House),Single,4.0,4,0.4167,0,2,1,6452.75,0.283,0.474,0,0,delinquent,13.2,8,4,4.26,0.5,0,1,defaulted
SYNTH-00582,1,LALA,HONDA,BEAT PREMIUM,Scooter,72400.0,10860.0,0.15,61540.0,36,3140.24,0.0865,36301.11,Public School Teacher,Rented (Apartment/House),Single,1.5,15,0.5278,0,2,4,12560.96,0.27,0.36,1,0,defaulted,58.6,1,4,3.78,0.5,0,1,defaulted
SYNTH-00583,2,KAPATAGAN,YAMAHA,SNIPER 155,Sport Underbone,123900.0,24780.0,0.2,99120.0,36,4935.73,0.1933,25538.38,Sari-Sari / Small Retail,Living with Parents/Relatives,Widowed,3.1,29,0.8611,1,2,2,9871.46,0.36,0.389,0,0,defaulted,10.4,8,4,3.08,0.5,0,1,defaulted
SYNTH-00584,1,LALA,YAMAHA,MIO SPORTY,Scooter,73900.0,14780.0,0.2,59120.0,12,6407.6,0.158,40562.92,Employed (Private/Gov),Rented (Apartment/House),Widowed,13.3,2,0.5,1,1,4,25630.4,0.444,0.366,0,0,defaulted,60.0,12,6,5.05,0.5,0,0,defaulted
SYNTH-00585,1,LALA,SUZUKI,BURGMAN STREET 125,Maxi-Scooter,83400.0,8340.0,0.1,75060.0,24,4828.7,0.2148,22475.55,Tricycle / PUV Operator,Living with Parents/Relatives,Single,15.8,5,0.2917,1,1,2,9657.4,0.287,0.589,0,0,defaulted,63.2,11,4,3.82,0.6066,0,1,defaulted
SYNTH-00586,3,TUBOD,HONDA,TMX125 ALPHA,Backbone/Utility,57900.0,17370.0,0.3,40530.0,12,4455.65,0.1598,27881.74,Employed (Private/Gov),Living with Parents/Relatives,Married,7.7,9,0.8333,3,0,1,4455.65,0.01,0.72,0,0,delinquent,58.3,1,3,3.46,0.5676,0,1,defaulted
SYNTH-00587,2,KAPATAGAN,YAMAHA,NMAX 155,Maxi-Scooter,151900.0,22785.0,0.15,129115.0,36,6368.83,0.1528,41685.76,Public School Teacher,Rented (Apartment/House),Single,4.9,24,0.6944,0,1,1,6368.83,0.442,0.225,0,0,delinquent,35.8,3,3,3.04,0.5,0,1,defaulted
SYNTH-00588,2,KAPATAGAN,HONDA,PCX160,Maxi-Scooter,134900.0,13490.0,0.1,121410.0,36,6000.7,0.1716,34970.58,Public School Teacher,Living with Parents/Relatives,Widowed,10.5,21,0.5833,1,0,0,0.0,0.045,0.632,0,0,active,22.5,3,4,4.53,0.659,0,1,defaulted
SYNTH-00589,2,KAPATAGAN,YAMAHA,MIO SPORTY,Scooter,73900.0,8868.0,0.12,65032.0,12,7028.36,0.1554,45221.56,OFW Remittance / Dependent,Rented (Apartment/House),Single,3.4,6,0.8333,1,2,4,28113.44,0.446,0.354,0,0,defaulted,59.0,5,4,3.98,0.5,0,0,defaulted
SYNTH-00590,1,LALA,YAMAHA,MIO SPORTY,Scooter,73900.0,14780.0,0.2,59120.0,24,3845.73,0.0941,40880.45,BPO / Call Center Agent,Rented (Apartment/House),Single,5.4,18,0.875,0,1,3,11537.19,0.179,0.223,0,0,defaulted,20.1,9,7,7.34,0.5,0,1,defaulted
SYNTH-00591,3,TUBOD,HONDA,BEAT PREMIUM,Scooter,72400.0,21720.0,0.3,50680.0,12,5521.4,0.1219,45297.38,OFW Remittance / Dependent,Rented (Apartment/House),Widowed,8.2,8,0.75,1,0,1,5521.4,0.064,0.751,0,0,delinquent,39.5,4,4,4.33,0.7838,0,1,defaulted
SYNTH-00592,3,TUBOD,YAMAHA,NMAX 155,Maxi-Scooter,151900.0,30380.0,0.2,121520.0,12,12959.6,1.0741,12065.35,Sari-Sari / Small Retail,Rented (Apartment/House),Single,4.8,9,0.8333,0,2,1,12959.6,0.251,0.602,1,0,delinquent,62.9,5,3,3.06,0.6223,0,1,defaulted
SYNTH-00593,3,TUBOD,YAMAHA,MIO FAZZIO,Retro Scooter,93900.0,28170.0,0.3,65730.0,12,7101.65,0.5918,12000.0,OFW Remittance / Dependent,Owned (Inherited/Tax Dec),Married,9.3,6,0.75,1,1,3,21304.95,0.193,0.631,1,0,defaulted,25.3,12,3,3.21,0.6762,0,0,defaulted
SYNTH-00594,3,TUBOD,KAWASAKI,CT100B,Backbone/Utility,54000.0,8100.0,0.15,45900.0,36,2393.0,0.078,30663.21,BPO / Call Center Agent,Owned (Inherited/Tax Dec),Married,4.4,17,0.4722,3,1,0,0.0,0.066,0.639,0,0,active,27.4,10,3,3.03,0.5879,0,0,completed
SYNTH-00595,2,KAPATAGAN,HONDA,CLICK 125I,Scooter,81400.0,8140.0,0.1,73260.0,24,4717.7,0.2486,18974.64,Tricycle / PUV Operator,Owned (Inherited/Tax Dec),Single,4.7,0,0.0417,1,2,4,18870.8,0.25,0.625,0,0,defaulted,10.3,7,5,5.05,0.6504,0,1,defaulted
SYNTH-00596,3,TUBOD,HONDA,PCX160,Maxi-Scooter,134900.0,40470.0,0.3,94430.0,36,4711.66,0.2588,18204.71,Agri / Farmer / Fisherfolk,Owned (Clean Title),Single,9.2,26,0.8056,1,1,3,14134.98,0.285,0.316,0,0,defaulted,64.7,7,2,2.32,0.5,0,1,defaulted
SYNTH-00597,1,LALA,HONDA,CLICK 125I,Scooter,81400.0,16280.0,0.2,65120.0,36,3311.29,0.0957,34595.67,Employed (Private/Gov),Rented (Apartment/House),Married,1.7,0,0.0278,0,1,3,9933.87,0.201,0.383,0,0,defaulted,22.5,10,6,5.99,0.5,0,1,defaulted
SYNTH-00598,3,TUBOD,KAWASAKI,ROUSER NS125,Sport Backbone,82000.0,12300.0,0.15,69700.0,36,3530.11,0.1337,26409.68,Agri / Farmer / Fisherfolk,Owned (Inherited/Tax Dec),Married,8.5,1,0.0833,0,4,2,7060.22,0.333,0.646,1,0,defaulted,19.4,2,2,1.79,0.6846,0,1,defaulted
SYNTH-00599,2,KAPATAGAN,SUZUKI,BURGMAN STREET 125,Maxi-Scooter,83400.0,25020.0,0.3,58380.0,24,3800.1,0.2348,16184.83,Sari-Sari / Small Retail,Rented (Apartment/House),Married,2.9,23,1.0,1,2,1,3800.1,0.295,0.552,0,0,delinquent,28.8,10,3,3.48,0.5627,0,1,defaulted
SYNTH-00600,1,LALA,SUZUKI,RAIDER 150 FI,Sport Underbone,119900.0,11990.0,0.1,107910.0,36,5355.7,0.3036,17640.43,Tricycle / PUV Operator,Living with Parents/Relatives,Married,9.9,31,0.9722,1,3,4,21422.8,0.228,0.427,1,0,defaulted,63.2,11,4,4.21,0.5,0,1,defaulted
SYNTH-00601,1,LALA,YAMAHA,MIO SPORTY,Scooter,73900.0,18475.0,0.25,55425.0,12,6019.62,0.1651,36452.06,BPO / Call Center Agent,Rented (Apartment/House),Married,7.6,7,0.6667,0,3,1,6019.62,0.41,0.456,0,1,delinquent,30.5,7,5,5.22,0.5049,0,1,defaulted
SYNTH-00602,3,TUBOD,YAMAHA,AEROX 155,Sport Scooter,125400.0,12540.0,0.1,112860.0,12,12050.3,0.2376,50716.12,OFW Remittance / Dependent,Owned (Clean Title),Widowed,3.7,6,0.8333,0,2,4,48201.2,0.223,0.59,0,0,defaulted,59.3,6,2,1.56,0.5,0,1,defaulted
SYNTH-00603,2,KAPATAGAN,HONDA,PCX160,Maxi-Scooter,134900.0,13490.0,0.1,121410.0,24,7686.95,0.389,19760.7,Tricycle / PUV Operator,Owned (Clean Title),Single,8.9,16,0.7917,1,3,3,23060.85,0.356,0.437,1,0,defaulted,12.8,1,3,2.68,0.5,0,0,defaulted
SYNTH-00604,2,KAPATAGAN,SUZUKI,RAIDER 150 FI,Sport Underbone,119900.0,29975.0,0.25,89925.0,36,4496.42,0.2583,17405.39,Agri / Farmer / Fisherfolk,Owned (Inherited/Tax Dec),Single,4.7,28,0.8056,0,4,1,4496.42,0.297,0.342,1,1,delinquent,27.0,6,3,2.79,0.5,0,1,defaulted
SYNTH-00605,3,TUBOD,HONDA,PCX160,Maxi-Scooter,134900.0,26980.0,0.2,107920.0,36,5356.18,0.3027,17693.44,Agri / Farmer / Fisherfolk,Owned (Inherited/Tax Dec),Single,8.3,3,0.1111,0,4,1,5356.18,0.445,0.459,1,1,delinquent,49.4,7,2,1.61,0.5,0,1,defaulted
SYNTH-00606,2,KAPATAGAN,HONDA,ADV160,Adventure Scooter,166900.0,50070.0,0.3,116830.0,36,5781.88,0.2876,20104.54,Sari-Sari / Small Retail,Rented (Apartment/House),Married,7.5,0,0.0278,0,4,4,23127.52,0.329,0.229,0,0,defaulted,56.3,6,2,2.24,0.5,0,1,defaulted
SYNTH-00607,3,TUBOD,HONDA,CLICK 125I,Scooter,81400.0,8140.0,0.1,73260.0,12,7892.3,0.3741,21095.66,BPO / Call Center Agent,Living with Parents/Relatives,Married,5.9,8,0.8333,1,1,2,15784.6,0.172,0.629,0,1,defaulted,44.1,6,3,2.61,0.5365,0,1,defaulted
SYNTH-00608,2,KAPATAGAN,YAMAHA,SNIPER 155,Sport Underbone,123900.0,12390.0,0.1,111510.0,12,11908.55,0.7547,15779.64,Tricycle / PUV Operator,Rented (Apartment/House),Married,7.2,0,0.0833,0,3,4,47634.2,0.214,0.307,0,0,defaulted,22.0,10,4,3.75,0.5,0,1,defaulted
SYNTH-00609,3,TUBOD,HONDA,BEAT PREMIUM,Scooter,72400.0,10860.0,0.15,61540.0,24,3994.97,0.1385,28848.41,Public School Teacher,Rented (Apartment/House),Married,3.0,11,0.5,0,2,1,3994.97,0.407,0.55,1,0,delinquent,56.5,1,3,3.49,0.5,0,1,defaulted
SYNTH-00610,2,KAPATAGAN,YAMAHA,MIO GEAR 125,Scooter,79400.0,11910.0,0.15,67490.0,36,3424.52,0.1116,30683.5,Public School Teacher,Owned (Inherited/Tax Dec),Married,5.2,13,0.3611,11,0,0,0.0,0.0,0.851,0,0,active,32.5,12,4,4.43,0.9736,0,0,completed
SYNTH-00611,2,KAPATAGAN,YAMAHA,MIO SPORTY,Scooter,73900.0,8868.0,0.12,65032.0,24,4210.31,0.3201,13154.94,Agri / Farmer / Fisherfolk,Living with Parents/Relatives,Married,4.0,0,0.1667,0,1,4,16841.24,0.284,0.332,1,1,defaulted,50.0,4,5,5.24,0.5,0,1,defaulted
SYNTH-00612,2,KAPATAGAN,HONDA,WAVE RSX,Underbone,64900.0,12980.0,0.2,51920.0,36,2680.62,0.0896,29924.15,Public School Teacher,Rented (Apartment/House),Married,10.2,14,0.3889,3,0,0,0.0,0.085,0.788,0,0,active,25.1,2,3,2.28,0.794,1,1,defaulted
SYNTH-00613,1,LALA,KAWASAKI,ROUSER NS125,Sport Backbone,82000.0,8200.0,0.1,73800.0,12,7949.0,0.2829,28095.9,BPO / Call Center Agent,Owned (Inherited/Tax Dec),Married,11.3,2,0.3333,0,3,2,15898.0,0.306,0.484,1,0,defaulted,12.8,9,3,2.98,0.5,0,1,defaulted
SYNTH-00614,1,LALA,HONDA,TMX125 ALPHA,Backbone/Utility,57900.0,5790.0,0.1,52110.0,36,2689.7,0.0999,26924.76,Public School Teacher,Owned (Clean Title),Married,3.5,2,0.0556,1,1,0,0.0,0.039,0.681,0,0,active,35.5,8,4,4.14,0.6642,0,0,completed
SYNTH-00615,1,LALA,YAMAHA,MIO GEAR 125,Scooter,79400.0,19850.0,0.25,59550.0,36,3045.17,0.1435,21221.43,Agri / Farmer / Fisherfolk,Living with Parents/Relatives,Married,7.6,27,0.7778,1,1,1,3045.17,0.184,0.545,1,0,delinquent,45.4,4,4,4.1,0.5625,0,1,defaulted
SYNTH-00616,3,TUBOD,YAMAHA,MIO FAZZIO,Retro Scooter,93900.0,28170.0,0.3,65730.0,24,4253.35,0.1716,24781.92,Tricycle / PUV Operator,Living with Parents/Relatives,Married,4.5,5,0.3333,0,2,3,12760.05,0.342,0.215,0,0,defaulted,14.5,5,3,2.39,0.5,0,1,defaulted
SYNTH-00617,1,LALA,SUZUKI,RAIDER 150 FI,Sport Underbone,119900.0,23980.0,0.2,95920.0,36,4782.84,0.2249,21269.79,Sari-Sari / Small Retail,Rented (Apartment/House),Married,3.1,2,0.1389,0,4,3,14348.52,0.199,0.558,0,0,defaulted,15.7,6,4,3.17,0.5,0,1,defaulted
SYNTH-00618,3,TUBOD,YAMAHA,SNIPER 155,Sport Underbone,123900.0,24780.0,0.2,99120.0,12,10607.6,0.3766,28168.28,Tricycle / PUV Operator,Rented (Apartment/House),Widowed,7.9,9,0.9167,1,1,2,21215.2,0.338,0.573,1,1,defaulted,14.1,7,3,2.79,0.5497,0,0,defaulted
SYNTH-00619,1,LALA,KAWASAKI,ROUSER NS125,Sport Backbone,82000.0,12300.0,0.15,69700.0,36,3530.11,0.128,27573.83,BPO / Call Center Agent,Rented (Apartment/House),Married,4.2,15,0.4722,1,1,2,7060.22,0.4,0.475,0,0,defaulted,49.1,4,2,2.11,0.5,0,1,defaulted
SYNTH-00620,3,TUBOD,HONDA,CLICK 160,Scooter,122900.0,24580.0,0.2,98320.0,24,6263.07,0.2337,26803.65,BPO / Call Center Agent,Living with Parents/Relatives,Widowed,10.7,11,0.5833,0,4,3,18789.21,0.229,0.649,1,1,defaulted,25.4,5,3,3.38,0.6083,0,1,defaulted
SYNTH-00621,3,TUBOD,HONDA,PCX160,Maxi-Scooter,134900.0,33725.0,0.25,101175.0,36,5033.92,0.0772,65199.04,OFW Remittance / Dependent,Owned (Clean Title),Married,8.9,35,0.9722,11,0,0,0.0,0.0,0.869,0,0,active,45.8,5,2,1.81,0.9012,1,0,early_settled
SYNTH-00622,1,LALA,HONDA,ADV160,Adventure Scooter,166900.0,20028.0,0.12,146872.0,12,15621.56,0.4971,31426.82,Employed (Private/Gov),Owned (Clean Title),Married,12.1,3,0.5,0,3,3,46864.68,0.167,0.407,1,0,defaulted,33.5,5,2,2.27,0.5,0,1,defaulted
SYNTH-00623,1,LALA,HONDA,BEAT PREMIUM,Scooter,72400.0,10860.0,0.15,61540.0,36,3140.24,0.1769,17747.4,Agri / Farmer / Fisherfolk,Living with Parents/Relatives,Single,2.5,22,0.6389,0,4,1,3140.24,0.442,0.23,0,0,delinquent,29.8,3,5,4.23,0.5,0,1,defaulted
SYNTH-00624,2,KAPATAGAN,KAWASAKI,P24KK (BARAKO II),Backbone/Tricycle,68500.0,17125.0,0.25,51375.0,12,5594.38,0.1569,35654.3,Public School Teacher,Owned (Inherited/Tax Dec),Widowed,12.4,9,0.75,8,0,0,0.0,0.0,0.89,0,0,active,27.4,8,4,4.12,0.928,0,0,completed
SYNTH-00625,2,KAPATAGAN,HONDA,PCX160,Maxi-Scooter,134900.0,40470.0,0.3,94430.0,36,4711.66,0.1173,40179.46,OFW Remittance / Dependent,Owned (Inherited/Tax Dec),Widowed,7.1,27,0.75,4,0,0,0.0,0.0,0.984,0,0,active,34.7,9,2,1.72,0.9695,0,0,completed
SYNTH-00626,1,LALA,YAMAHA,MIO GEAR 125,Scooter,79400.0,7940.0,0.1,71460.0,36,3614.2,0.0965,37459.48,Public School Teacher,Owned (Inherited/Tax Dec),Married,11.6,32,0.8889,11,0,0,0.0,0.0,0.913,0,0,active,56.1,6,4,3.88,0.8193,0,0,completed
SYNTH-00627,1,LALA,YAMAHA,NMAX 155,Maxi-Scooter,151900.0,15190.0,0.1,136710.0,24,8630.45,0.2615,33000.86,BPO / Call Center Agent,Rented (Apartment/House),Married,2.5,17,0.7917,0,2,2,17260.9,0.396,0.61,0,0,defaulted,51.8,10,3,2.32,0.6167,0,1,defaulted
SYNTH-00628,3,TUBOD,SUZUKI,BURGMAN STREET 125,Maxi-Scooter,83400.0,16680.0,0.2,66720.0,12,7205.6,0.4944,14573.9,Agri / Farmer / Fisherfolk,Rented (Apartment/House),Widowed,3.7,0,0.1667,1,4,2,14411.2,0.206,0.462,0,0,defaulted,20.4,11,4,4.4,0.5343,0,0,defaulted
SYNTH-00629,2,KAPATAGAN,HONDA,PCX160,Maxi-Scooter,134900.0,40470.0,0.3,94430.0,12,10115.15,0.2524,40076.04,Public School Teacher,Owned (Clean Title),Married,13.3,10,0.8333,3,0,0,0.0,0.089,0.687,0,0,active,25.1,4,3,3.42,0.73,0,0,completed
SYNTH-00630,1,LALA,KAWASAKI,ROUSER NS125,Sport Backbone,82000.0,20500.0,0.25,61500.0,12,6657.5,0.243,27397.45,Tricycle / PUV Operator,Owned (Clean Title),Widowed,10.7,0,0.0833,0,3,4,26630.0,0.188,0.359,0,0,defaulted,17.1,7,3,3.3,0.5,0,1,defaulted
SYNTH-00631,2,KAPATAGAN,HONDA,PCX160,Maxi-Scooter,134900.0,20235.0,0.15,114665.0,36,5678.44,0.1747,32506.08,BPO / Call Center Agent,Owned (Inherited/Tax Dec),Married,7.1,27,0.7778,3,0,1,5678.44,0.122,0.626,0,0,delinquent,41.8,5,2,2.45,0.6376,0,0,completed
SYNTH-00632,1,LALA,HONDA,CLICK 125I,Scooter,81400.0,20350.0,0.25,61050.0,36,3116.83,0.0745,41809.54,Public School Teacher,Rented (Apartment/House),Single,10.8,15,0.4444,2,2,1,3116.83,0.128,0.787,0,0,delinquent,25.7,12,5,4.51,0.9205,0,0,completed
SYNTH-00633,1,LALA,KAWASAKI,ROUSER NS125,Sport Backbone,82000.0,24600.0,0.3,57400.0,36,2942.44,0.1215,24215.57,Tricycle / PUV Operator,Rented (Apartment/House),Married,2.9,16,0.5556,0,2,4,11769.76,0.221,0.279,1,0,defaulted,37.2,8,2,2.15,0.5,0,1,defaulted
SYNTH-00634,2,KAPATAGAN,HONDA,TMX125 ALPHA,Backbone/Utility,57900.0,5790.0,0.1,52110.0,36,2689.7,0.1521,17688.32,Tricycle / PUV Operator,Owned (Clean Title),Widowed,10.9,13,0.4444,0,3,3,8069.1,0.22,0.491,0,1,defaulted,18.6,4,6,6.3,0.5156,0,1,defaulted
SYNTH-00635,2,KAPATAGAN,YAMAHA,NMAX 155,Maxi-Scooter,151900.0,15190.0,0.1,136710.0,12,14554.55,0.5697,25548.2,Agri / Farmer / Fisherfolk,Owned (Clean Title),Married,3.9,5,0.75,0,4,4,58218.2,0.445,0.382,1,1,defaulted,26.1,1,3,2.66,0.5,0,1,defaulted
SYNTH-00636,1,LALA,YAMAHA,AEROX 155,Sport Scooter,125400.0,25080.0,0.2,100320.0,36,4993.07,0.2282,21884.95,BPO / Call Center Agent,Living with Parents/Relatives,Widowed,2.1,2,0.0833,0,3,1,4993.07,0.419,0.32,0,1,delinquent,15.7,8,4,4.24,0.5,0,1,defaulted
SYNTH-00637,2,KAPATAGAN,YAMAHA,AEROX 155,Sport Scooter,125400.0,25080.0,0.2,100320.0,36,4993.07,0.1463,34124.94,Employed (Private/Gov),Owned (Clean Title),Married,9.7,9,0.25,3,1,0,0.0,0.028,0.675,0,0,active,26.7,5,3,2.94,0.6729,1,1,defaulted
SYNTH-00638,1,LALA,SUZUKI,SMASH 115,Underbone,62400.0,6240.0,0.1,56160.0,12,6096.8,0.3729,16348.76,Tricycle / PUV Operator,Rented (Apartment/House),Married,5.1,7,0.9167,0,2,4,24387.2,0.209,0.49,0,1,defaulted,15.4,11,6,5.83,0.5738,0,1,defaulted
SYNTH-00639,3,TUBOD,HONDA,WAVE RSX,Underbone,64900.0,9735.0,0.15,55165.0,24,3601.84,0.0988,36446.0,BPO / Call Center Agent,Owned (Clean Title),Single,8.9,15,0.625,1,0,0,0.0,0.0,0.952,0,0,active,44.6,10,3,3.34,1.0143,0,0,completed
SYNTH-00640,1,LALA,HONDA,CLICK 160,Scooter,122900.0,18435.0,0.15,104465.0,36,5191.11,0.2966,17502.59,Agri / Farmer / Fisherfolk,Rented (Apartment/House),Married,13.0,15,0.4444,0,1,1,5191.11,0.358,0.274,0,0,delinquent,47.1,4,4,3.62,0.5,0,1,defaulted
SYNTH-00641,3,TUBOD,HONDA,PCX160,Maxi-Scooter,134900.0,13490.0,0.1,121410.0,36,6000.7,0.1378,43560.11,Public School Teacher,Owned (Clean Title),Married,6.0,27,0.75,9,0,0,0.0,0.0,0.987,0,0,active,31.1,6,2,1.64,0.8727,1,0,early_settled
SYNTH-00642,2,KAPATAGAN,SUZUKI,SMASH 115,Underbone,62400.0,12480.0,0.2,49920.0,36,2585.07,0.0931,27780.78,Tricycle / PUV Operator,Owned (Inherited/Tax Dec),Married,1.7,26,0.7778,0,2,2,5170.14,0.432,0.621,1,0,defaulted,19.6,11,6,6.13,0.6962,0,1,defaulted
SYNTH-00643,2,KAPATAGAN,HONDA,CLICK 125I,Scooter,81400.0,24420.0,0.3,56980.0,12,6182.9,0.1845,33505.88,BPO / Call Center Agent,Owned (Inherited/Tax Dec),Widowed,6.3,5,0.4167,2,0,0,0.0,0.095,0.828,0,0,active,49.7,10,4,4.31,0.8263,0,0,completed
SYNTH-00644,2,KAPATAGAN,HONDA,ADV160,Adventure Scooter,166900.0,41725.0,0.25,125175.0,36,6180.58,0.383,16135.37,Tricycle / PUV Operator,Owned (Inherited/Tax Dec),Married,6.3,19,0.5833,1,4,2,12361.16,0.397,0.266,1,0,defaulted,22.9,6,2,1.63,0.5,0,0,defaulted
SYNTH-00645,3,TUBOD,YAMAHA,SNIPER 155,Sport Underbone,123900.0,30975.0,0.25,92925.0,24,5930.38,0.1296,45752.32,Employed (Private/Gov),Living with Parents/Relatives,Single,3.6,14,0.625,0,2,1,5930.38,0.231,0.609,1,0,delinquent,55.1,5,2,2.3,0.6156,0,0,defaulted
SYNTH-00646,1,LALA,YAMAHA,NMAX 155,Maxi-Scooter,151900.0,22785.0,0.15,129115.0,12,13757.07,1.1033,12468.67,Agri / Farmer / Fisherfolk,Owned (Inherited/Tax Dec),Single,14.5,6,0.6667,0,2,2,27514.14,0.439,0.64,0,0,defaulted,19.0,12,5,4.79,0.7364,0,1,defaulted
SYNTH-00647,3,TUBOD,YAMAHA,AEROX 155,Sport Scooter,125400.0,37620.0,0.3,87780.0,12,9416.9,0.5008,18803.27,Tricycle / PUV Operator,Living with Parents/Relatives,Married,10.5,0,0.0833,1,4,3,28250.7,0.253,0.24,0,1,defaulted,64.0,6,2,1.59,0.5,0,1,defaulted
SYNTH-00648,1,LALA,HONDA,WAVE RSX,Underbone,64900.0,19470.0,0.3,45430.0,36,2370.54,0.0716,33102.72,Sari-Sari / Small Retail,Owned (Clean Title),Married,4.6,14,0.4167,3,2,1,2370.54,0.018,0.614,0,0,delinquent,41.9,8,4,4.0,0.6389,1,0,completed
SYNTH-00649,1,LALA,HONDA,WAVE RSX,Underbone,64900.0,7788.0,0.12,57112.0,12,6196.76,0.1619,38272.02,Employed (Private/Gov),Owned (Inherited/Tax Dec),Married,5.9,10,0.8333,1,0,0,0.0,0.026,0.783,0,0,active,29.9,3,4,3.79,0.8579,0,0,completed
SYNTH-00650,3,TUBOD,HONDA,WAVE RSX,Underbone,64900.0,9735.0,0.15,55165.0,24,3601.84,0.0915,39373.69,Public School Teacher,Rented (Apartment/House),Married,9.2,10,0.4167,3,2,0,0.0,0.122,0.719,0,0,active,33.8,6,2,2.15,0.5676,1,0,completed
SYNTH-00651,2,KAPATAGAN,YAMAHA,MIO FAZZIO,Retro Scooter,93900.0,23475.0,0.25,70425.0,24,4542.88,0.0963,47171.34,Public School Teacher,Rented (Apartment/House),Widowed,5.8,23,1.0,3,0,1,4542.88,0.063,0.758,1,0,delinquent,17.9,5,4,3.88,0.7861,0,0,completed
SYNTH-00652,3,TUBOD,SUZUKI,SMASH 115,Underbone,62400.0,9360.0,0.15,53040.0,24,3470.8,0.0838,41424.78,Public School Teacher,Owned (Inherited/Tax Dec),Married,9.9,15,0.625,5,0,0,0.0,0.0,0.926,0,0,active,18.9,10,4,3.91,0.9008,0,0,completed
SYNTH-00653,2,KAPATAGAN,HONDA,PCX160,Maxi-Scooter,134900.0,16188.0,0.12,118712.0,12,12664.76,0.1904,66511.22,OFW Remittance / Dependent,Owned (Inherited/Tax Dec),Widowed,4.6,0,0.0833,0,3,4,50659.04,0.326,0.209,0,0,defaulted,35.0,12,3,2.92,0.5,0,1,defaulted
SYNTH-00654,2,KAPATAGAN,YAMAHA,MIO FAZZIO,Retro Scooter,93900.0,9390.0,0.1,84510.0,24,5411.45,0.1801,30052.58,BPO / Call Center Agent,Living with Parents/Relatives,Single,16.0,2,0.1667,0,2,2,10822.9,0.22,0.529,0,0,defaulted,54.7,12,3,2.53,0.5907,0,1,defaulted
SYNTH-00655,2,KAPATAGAN,SUZUKI,RAIDER 150 FI,Sport Underbone,119900.0,35970.0,0.3,83930.0,36,4209.99,0.1944,21658.38,Tricycle / PUV Operator,Rented (Apartment/House),Married,9.6,23,0.6944,0,2,2,8419.98,0.227,0.387,0,0,defaulted,57.7,12,3,2.79,0.5,0,1,defaulted
SYNTH-00656,3,TUBOD,HONDA,CLICK 125I,Scooter,81400.0,24420.0,0.3,56980.0,24,3713.77,0.1336,27792.98,Tricycle / PUV Operator,Owned (Inherited/Tax Dec),Married,2.3,3,0.2083,0,2,2,7427.54,0.449,0.361,1,0,defaulted,36.4,7,3,3.97,0.5,0,1,defaulted
SYNTH-00657,2,KAPATAGAN,SUZUKI,BURGMAN STREET 125,Maxi-Scooter,83400.0,16680.0,0.2,66720.0,12,7205.6,0.2644,27252.22,Employed (Private/Gov),Owned (Inherited/Tax Dec),Widowed,16.7,1,0.4167,1,3,4,28822.4,0.208,0.422,0,0,defaulted,35.5,12,4,4.1,0.5,0,1,defaulted
SYNTH-00658,1,LALA,HONDA,ADV160,Adventure Scooter,166900.0,20028.0,0.12,146872.0,12,15621.56,0.809,19309.05,Tricycle / PUV Operator,Living with Parents/Relatives,Married,8.3,11,1.0,0,3,1,15621.56,0.313,0.484,0,0,delinquent,17.1,2,3,2.72,0.5,0,1,defaulted
SYNTH-00659,3,TUBOD,YAMAHA,NMAX 155,Maxi-Scooter,151900.0,18228.0,0.12,133672.0,36,6586.55,0.2894,22761.43,Sari-Sari / Small Retail,Rented (Apartment/House),Married,3.6,10,0.3333,0,2,2,13173.1,0.199,0.299,1,1,defaulted,32.3,8,3,3.07,0.5,0,0,defaulted
SYNTH-00660,3,TUBOD,HONDA,WAVE RSX,Underbone,64900.0,7788.0,0.12,57112.0,36,2928.68,0.0718,40804.84,Public School Teacher,Owned (Inherited/Tax Dec),Single,9.2,17,0.4722,7,0,0,0.0,0.0,0.998,0,0,active,46.7,10,3,3.23,0.9193,0,0,completed
SYNTH-00661,1,LALA,HONDA,TMX125 ALPHA,Backbone/Utility,57900.0,8685.0,0.15,49215.0,24,3234.92,0.1707,18949.32,Employed (Private/Gov),Living with Parents/Relatives,Single,8.8,3,0.125,2,0,0,0.0,0.117,0.779,0,0,active,47.0,2,4,4.3,0.7473,0,0,completed
SYNTH-00662,1,LALA,HONDA,CLICK 160,Scooter,122900.0,30725.0,0.25,92175.0,12,9878.38,0.1779,55518.43,OFW Remittance / Dependent,Owned (Clean Title),Single,5.8,0,0.0833,3,2,1,9878.38,0.058,0.847,0,0,delinquent,50.3,6,3,2.64,0.7281,0,0,completed
SYNTH-00663,3,TUBOD,YAMAHA,NMAX 155,Maxi-Scooter,151900.0,18228.0,0.12,133672.0,36,6586.55,0.1074,61315.17,OFW Remittance / Dependent,Living with Parents/Relatives,Married,3.9,24,0.6667,3,1,0,0.0,0.003,0.659,0,0,active,58.4,1,2,1.97,0.5514,0,0,completed
SYNTH-00664,2,KAPATAGAN,YAMAHA,MIO FAZZIO,Retro Scooter,93900.0,23475.0,0.25,70425.0,24,4542.88,0.2166,20972.37,Tricycle / PUV Operator,Owned (Inherited/Tax Dec),Single,11.4,6,0.375,1,2,3,13628.64,0.387,0.272,0,0,defaulted,43.9,9,3,3.04,0.5,0,0,defaulted
SYNTH-00665,2,KAPATAGAN,HONDA,WAVE RSX,Underbone,64900.0,6490.0,0.1,58410.0,24,3801.95,0.1346,28246.95,Employed (Private/Gov),Living with Parents/Relatives,Single,3.4,22,1.0,0,4,2,7603.9,0.27,0.565,0,0,defaulted,62.1,2,3,3.49,0.5216,0,1,defaulted
SYNTH-00666,2,KAPATAGAN,YAMAHA,NMAX 155,Maxi-Scooter,151900.0,18228.0,0.12,133672.0,12,14235.56,0.5254,27095.29,BPO / Call Center Agent,Owned (Clean Title),Widowed,11.4,10,1.0,0,1,2,28471.12,0.431,0.239,0,1,defaulted,55.4,9,3,2.79,0.5,0,0,defaulted
SYNTH-00667,2,KAPATAGAN,HONDA,TMX125 ALPHA,Backbone/Utility,57900.0,6948.0,0.12,50952.0,36,2634.37,0.0785,33555.18,BPO / Call Center Agent,Owned (Clean Title),Widowed,8.5,16,0.4444,4,0,0,0.0,0.0,0.993,0,0,active,12.7,11,6,6.04,1.1,1,0,early_settled
SYNTH-00668,3,TUBOD,HONDA,PCX160,Maxi-Scooter,134900.0,20235.0,0.15,114665.0,12,12239.82,0.5421,22579.11,Employed (Private/Gov),Rented (Apartment/House),Single,17.6,4,0.5833,0,2,3,36719.46,0.163,0.632,0,0,defaulted,17.9,11,3,3.01,0.7561,0,1,defaulted
SYNTH-00669,1,LALA,SUZUKI,SMASH 115,Underbone,62400.0,9360.0,0.15,53040.0,36,2734.13,0.1446,18906.0,Tricycle / PUV Operator,Rented (Apartment/House),Single,7.5,12,0.4167,1,1,3,8202.39,0.313,0.206,0,0,defaulted,35.3,7,4,3.72,0.5,0,1,defaulted
SYNTH-00670,3,TUBOD,SUZUKI,SMASH 115,Underbone,62400.0,6240.0,0.1,56160.0,12,6096.8,0.3389,17991.42,Agri / Farmer / Fisherfolk,Rented (Apartment/House),Married,6.8,4,0.4167,0,1,1,6096.8,0.195,0.418,1,0,delinquent,45.7,2,3,3.05,0.5,0,1,defaulted
SYNTH-00671,3,TUBOD,YAMAHA,MIO GEAR 125,Scooter,79400.0,7940.0,0.1,71460.0,24,4606.7,0.1239,37170.44,Public School Teacher,Living with Parents/Relatives,Widowed,3.1,10,0.4167,0,2,0,0.0,0.011,0.73,0,0,active,44.5,6,3,3.27,0.6531,0,0,completed
SYNTH-00672,2,KAPATAGAN,HONDA,BEAT PREMIUM,Scooter,72400.0,18100.0,0.25,54300.0,24,3548.5,0.17,20878.01,Sari-Sari / Small Retail,Owned (Inherited/Tax Dec),Single,7.2,12,0.625,0,2,3,10645.5,0.314,0.446,0,0,defaulted,56.9,10,4,3.71,0.5,0,1,defaulted
SYNTH-00673,2,KAPATAGAN,HONDA,BEAT PREMIUM,Scooter,72400.0,21720.0,0.3,50680.0,24,3325.27,0.1745,19056.33,Tricycle / PUV Operator,Owned (Clean Title),Married,5.1,2,0.1667,0,4,2,6650.54,0.366,0.258,0,0,defaulted,29.6,6,4,3.72,0.5,0,1,defaulted
SYNTH-00674,1,LALA,HONDA,WAVE RSX,Underbone,64900.0,7788.0,0.12,57112.0,36,2928.68,0.1952,15005.6,Agri / Farmer / Fisherfolk,Owned (Inherited/Tax Dec),Single,10.1,29,0.8889,1,4,3,8786.04,0.364,0.306,0,0,defaulted,17.0,1,4,4.36,0.5,0,0,defaulted
SYNTH-00675,3,TUBOD,YAMAHA,MIO FAZZIO,Retro Scooter,93900.0,18780.0,0.2,75120.0,36,3789.07,0.1069,35437.21,OFW Remittance / Dependent,Rented (Apartment/House),Widowed,5.7,25,0.7222,0,2,1,3789.07,0.016,0.79,0,0,delinquent,61.5,12,3,3.01,0.9493,0,0,completed
SYNTH-00676,3,TUBOD,YAMAHA,MIO FAZZIO,Retro Scooter,93900.0,23475.0,0.25,70425.0,36,3564.75,0.0959,37164.7,Employed (Private/Gov),Owned (Inherited/Tax Dec),Married,6.7,4,0.1111,3,0,0,0.0,0.0,0.909,0,0,active,36.0,8,2,2.42,0.9083,0,0,completed
SYNTH-00677,3,TUBOD,HONDA,TMX125 ALPHA,Backbone/Utility,57900.0,8685.0,0.15,49215.0,36,2551.38,0.0849,30043.41,Sari-Sari / Small Retail,Owned (Inherited/Tax Dec),Widowed,6.5,10,0.2778,1,0,0,0.0,0.05,0.701,0,0,active,23.1,12,5,4.89,0.8888,0,1,defaulted
SYNTH-00678,3,TUBOD,HONDA,ADV160,Adventure Scooter,166900.0,33380.0,0.2,133520.0,36,6579.29,0.3334,19732.44,Tricycle / PUV Operator,Owned (Inherited/Tax Dec),Widowed,14.5,8,0.3056,0,1,3,19737.87,0.222,0.248,0,1,defaulted,19.3,9,2,2.09,0.5,0,1,defaulted
SYNTH-00679,3,TUBOD,YAMAHA,MIO SPORTY,Scooter,73900.0,14780.0,0.2,59120.0,24,3845.73,0.2645,14540.48,Sari-Sari / Small Retail,Rented (Apartment/House),Married,5.2,6,0.3333,0,1,2,7691.46,0.313,0.345,0,0,defaulted,34.6,3,4,4.26,0.5,0,1,defaulted
SYNTH-00680,3,TUBOD,YAMAHA,MIO FAZZIO,Retro Scooter,93900.0,28170.0,0.3,65730.0,36,3340.43,0.1903,17553.6,Agri / Farmer / Fisherfolk,Owned (Clean Title),Widowed,8.3,22,0.6944,0,4,3,10021.29,0.287,0.31,1,1,defaulted,49.0,11,3,3.23,0.5,0,1,defaulted
SYNTH-00681,3,TUBOD,SUZUKI,RAIDER 150 FI,Sport Underbone,119900.0,35970.0,0.3,83930.0,12,9012.65,0.2397,37601.42,Public School Teacher,Owned (Clean Title),Widowed,5.4,1,0.1667,1,1,1,9012.65,0.085,0.685,0,0,delinquent,12.9,5,3,2.72,0.7048,0,0,completed
SYNTH-00682,3,TUBOD,HONDA,BEAT PREMIUM,Scooter,72400.0,18100.0,0.25,54300.0,36,2794.33,0.0958,29159.03,Employed (Private/Gov),Living with Parents/Relatives,Single,8.5,12,0.3333,3,2,0,0.0,0.108,0.688,0,0,active,17.0,9,5,4.9,0.7068,0,0,completed
SYNTH-00683,2,KAPATAGAN,HONDA,PCX160,Maxi-Scooter,134900.0,13490.0,0.1,121410.0,36,6000.7,0.2515,23855.99,Sari-Sari / Small Retail,Owned (Clean Title),Married,2.6,11,0.3333,1,2,1,6000.7,0.433,0.288,0,0,delinquent,60.8,3,3,3.08,0.5,0,1,defaulted
SYNTH-00684,3,TUBOD,HONDA,WAVE RSX,Underbone,64900.0,6490.0,0.1,58410.0,24,3801.95,0.2887,13168.65,Tricycle / PUV Operator,Owned (Inherited/Tax Dec),Single,8.1,0,0.125,0,3,3,11405.85,0.447,0.497,0,1,defaulted,12.9,11,4,3.58,0.5976,0,0,defaulted
SYNTH-00685,1,LALA,KAWASAKI,P24KK (BARAKO II),Backbone/Tricycle,68500.0,13700.0,0.2,54800.0,36,2818.22,0.0535,52707.51,OFW Remittance / Dependent,Owned (Clean Title),Married,14.8,9,0.25,8,0,0,0.0,0.0,0.873,0,0,active,51.6,9,4,3.49,0.848,0,0,completed
SYNTH-00686,2,KAPATAGAN,SUZUKI,SMASH 115,Underbone,62400.0,6240.0,0.1,56160.0,36,2883.2,0.1444,19968.12,Sari-Sari / Small Retail,Owned (Inherited/Tax Dec),Single,7.0,16,0.4444,0,0,0,0.0,0.062,0.626,0,0,active,54.1,3,4,4.21,0.6629,0,0,completed
SYNTH-00687,3,TUBOD,SUZUKI,SMASH 115,Underbone,62400.0,15600.0,0.25,46800.0,12,5114.0,0.2248,22752.52,Public School Teacher,Living with Parents/Relatives,Married,4.7,4,0.5833,0,3,3,15342.0,0.385,0.594,0,0,defaulted,36.8,2,3,2.55,0.5954,0,1,defaulted
SYNTH-00688,2,KAPATAGAN,YAMAHA,NMAX 155,Maxi-Scooter,151900.0,45570.0,0.3,106330.0,12,11364.65,0.5137,22124.1,Tricycle / PUV Operator,Owned (Inherited/Tax Dec),Married,7.3,2,0.4167,1,2,3,34093.95,0.165,0.443,0,0,defaulted,56.0,3,3,3.15,0.5,0,1,defaulted
SYNTH-00689,2,KAPATAGAN,HONDA,BEAT PREMIUM,Scooter,72400.0,18100.0,0.25,54300.0,12,5901.5,0.1302,45338.86,OFW Remittance / Dependent,Rented (Apartment/House),Widowed,3.8,3,0.3333,0,3,1,5901.5,0.226,0.368,0,0,delinquent,64.3,6,4,3.89,0.5,0,1,defaulted
SYNTH-00690,3,TUBOD,HONDA,PCX160,Maxi-Scooter,134900.0,16188.0,0.12,118712.0,12,12664.76,0.2343,54057.09,OFW Remittance / Dependent,Living with Parents/Relatives,Married,4.8,1,0.4167,0,1,4,50659.04,0.304,0.576,0,1,defaulted,19.4,2,3,3.4,0.6538,0,0,defaulted
SYNTH-00691,1,LALA,SUZUKI,RAIDER 150 FI,Sport Underbone,119900.0,17985.0,0.15,101915.0,12,10901.07,0.6205,17567.98,Tricycle / PUV Operator,Living with Parents/Relatives,Widowed,3.3,9,1.0,1,3,3,32703.21,0.185,0.295,0,0,defaulted,26.3,7,3,3.21,0.5,0,1,defaulted
SYNTH-00692,1,LALA,YAMAHA,MIO GEAR 125,Scooter,79400.0,11910.0,0.15,67490.0,24,4361.88,0.1941,22472.02,Agri / Farmer / Fisherfolk,Rented (Apartment/House),Widowed,14.0,0,0.0417,1,2,2,8723.76,0.358,0.622,1,0,defaulted,56.3,12,5,4.78,0.7013,0,1,defaulted
SYNTH-00693,3,TUBOD,YAMAHA,MIO GEAR 125,Scooter,79400.0,9528.0,0.12,69872.0,36,3538.33,0.2092,16912.91,Tricycle / PUV Operator,Owned (Inherited/Tax Dec),Widowed,15.6,26,0.8056,0,4,3,10614.99,0.177,0.493,1,0,defaulted,12.8,4,4,3.41,0.5,0,0,defaulted
SYNTH-00694,2,KAPATAGAN,HONDA,PCX160,Maxi-Scooter,134900.0,40470.0,0.3,94430.0,36,4711.66,0.127,37100.92,OFW Remittance / Dependent,Rented (Apartment/House),Married,6.6,6,0.1667,0,2,0,0.0,0.116,0.688,0,0,active,30.2,1,2,2.13,0.5925,0,1,defaulted
SYNTH-00695,1,LALA,KAWASAKI,ROUSER NS125,Sport Backbone,82000.0,16400.0,0.2,65600.0,36,3334.22,0.1768,18862.98,Sari-Sari / Small Retail,Rented (Apartment/House),Single,5.3,29,0.9167,1,2,4,13336.88,0.207,0.518,0,0,defaulted,44.6,9,2,1.9,0.5,0,1,defaulted
SYNTH-00696,3,TUBOD,HONDA,ADV160,Adventure Scooter,166900.0,50070.0,0.3,116830.0,36,5781.88,0.215,26890.48,BPO / Call Center Agent,Owned (Clean Title),Married,13.7,0,0.0278,3,2,1,5781.88,0.083,0.828,0,0,delinquent,56.4,9,2,1.6,0.8154,0,0,completed
SYNTH-00697,3,TUBOD,HONDA,CLICK 160,Scooter,122900.0,30725.0,0.25,92175.0,36,4603.92,0.1497,30755.57,Sari-Sari / Small Retail,Rented (Apartment/House),Married,13.5,12,0.4167,0,1,3,13811.76,0.426,0.602,0,0,defaulted,50.7,7,3,2.69,0.6049,0,0,defaulted
SYNTH-00698,2,KAPATAGAN,YAMAHA,MIO FAZZIO,Retro Scooter,93900.0,28170.0,0.3,65730.0,24,4253.35,0.101,42111.74,Public School Teacher,Living with Parents/Relatives,Single,14.3,8,0.3333,2,0,0,0.0,0.0,0.97,0,0,active,35.5,5,3,3.08,0.9565,0,0,completed
SYNTH-00699,2,KAPATAGAN,YAMAHA,SNIPER 155,Sport Underbone,123900.0,37170.0,0.3,86730.0,12,9306.65,0.207,44970.37,OFW Remittance / Dependent,Living with Parents/Relatives,Married,3.3,7,0.8333,0,2,3,27919.95,0.315,0.38,0,0,defaulted,56.0,1,2,2.39,0.5,0,1,defaulted
SYNTH-00700,2,KAPATAGAN,YAMAHA,SNIPER 155,Sport Underbone,123900.0,18585.0,0.15,105315.0,24,6694.43,0.2304,29061.46,Employed (Private/Gov),Living with Parents/Relatives,Single,5.6,9,0.4167,0,1,1,6694.43,0.442,0.27,1,0,delinquent,64.0,1,2,2.43,0.5,0,1,defaulted
SYNTH-00701,1,LALA,YAMAHA,NMAX 155,Maxi-Scooter,151900.0,18228.0,0.12,133672.0,24,8443.11,0.2988,28256.41,BPO / Call Center Agent,Owned (Inherited/Tax Dec),Single,4.5,13,0.5833,0,4,1,8443.11,0.429,0.358,1,0,delinquent,42.5,7,3,2.75,0.5,0,1,defaulted
SYNTH-00702,2,KAPATAGAN,KAWASAKI,ROUSER NS125,Sport Backbone,82000.0,12300.0,0.15,69700.0,24,4498.17,0.1309,34373.08,OFW Remittance / Dependent,Rented (Apartment/House),Married,10.4,2,0.1667,0,4,2,8996.34,0.208,0.58,1,0,defaulted,51.9,12,2,2.44,0.6742,0,1,defaulted
SYNTH-00703,1,LALA,HONDA,ADV160,Adventure Scooter,166900.0,33380.0,0.2,133520.0,12,14219.6,0.4503,31579.91,Public School Teacher,Living with Parents/Relatives,Single,9.8,10,1.0,0,1,2,28439.2,0.28,0.59,0,0,defaulted,17.9,5,3,3.18,0.5885,0,0,defaulted
SYNTH-00704,1,LALA,YAMAHA,NMAX 155,Maxi-Scooter,151900.0,30380.0,0.2,121520.0,24,7693.73,0.2322,33138.24,BPO / Call Center Agent,Rented (Apartment/House),Married,6.2,15,0.7083,1,4,2,15387.46,0.414,0.591,1,1,defaulted,49.9,3,4,3.92,0.6009,0,1,defaulted
SYNTH-00705,2,KAPATAGAN,SUZUKI,RAIDER 150 FI,Sport Underbone,119900.0,17985.0,0.15,101915.0,36,5069.27,0.1259,40270.44,Employed (Private/Gov),Owned (Inherited/Tax Dec),Single,4.2,27,0.7778,0,1,1,5069.27,0.117,0.721,0,0,delinquent,30.7,7,3,2.27,0.6907,0,0,completed
SYNTH-00706,1,LALA,HONDA,BEAT PREMIUM,Scooter,72400.0,7240.0,0.1,65160.0,12,7041.8,0.3237,21756.27,Tricycle / PUV Operator,Owned (Inherited/Tax Dec),Married,1.1,1,0.4167,1,2,4,28167.2,0.307,0.363,1,0,defaulted,25.3,12,5,5.31,0.5,0,1,defaulted
SYNTH-00707,3,TUBOD,SUZUKI,RAIDER 150 FI,Sport Underbone,119900.0,29975.0,0.25,89925.0,36,4496.42,0.1819,24724.54,Sari-Sari / Small Retail,Owned (Inherited/Tax Dec),Married,7.9,8,0.2778,0,1,2,8992.84,0.159,0.491,0,0,defaulted,40.0,3,2,2.84,0.5213,0,1,defaulted
SYNTH-00708,2,KAPATAGAN,HONDA,CLICK 125I,Scooter,81400.0,16280.0,0.2,65120.0,36,3311.29,0.1603,20656.24,Sari-Sari / Small Retail,Owned (Inherited/Tax Dec),Single,5.8,27,0.75,2,2,0,0.0,0.061,0.838,0,0,active,12.1,1,5,4.98,0.7177,0,0,completed
SYNTH-00709,3,TUBOD,YAMAHA,NMAX 155,Maxi-Scooter,151900.0,22785.0,0.15,129115.0,12,13757.07,0.6474,21250.6,Tricycle / PUV Operator,Owned (Clean Title),Married,16.9,3,0.4167,0,4,2,27514.14,0.373,0.309,1,1,defaulted,35.3,1,2,1.84,0.5,0,1,defaulted
SYNTH-00710,3,TUBOD,YAMAHA,MIO SPORTY,Scooter,73900.0,18475.0,0.25,55425.0,12,6019.62,0.1934,31132.27,Public School Teacher,Living with Parents/Relatives,Widowed,3.8,0,0.1667,0,2,3,18058.86,0.397,0.493,0,0,defaulted,25.1,2,4,3.95,0.5,0,1,defaulted
SYNTH-00711,3,TUBOD,HONDA,CLICK 125I,Scooter,81400.0,12210.0,0.15,69190.0,24,4466.72,0.2208,20228.47,Tricycle / PUV Operator,Owned (Inherited/Tax Dec),Married,7.9,22,1.0,1,3,2,8933.44,0.305,0.203,0,1,defaulted,60.6,2,3,2.82,0.5,0,1,defaulted
SYNTH-00712,1,LALA,HONDA,ADV160,Adventure Scooter,166900.0,16690.0,0.1,150210.0,36,7376.7,0.2281,32342.26,Employed (Private/Gov),Owned (Inherited/Tax Dec),Married,8.9,4,0.1389,2,1,1,7376.7,0.101,0.836,0,0,delinquent,23.2,12,3,2.74,0.9597,0,0,completed
SYNTH-00713,1,LALA,HONDA,CLICK 160,Scooter,122900.0,18435.0,0.15,104465.0,24,6642.01,0.3209,20699.08,Public School Teacher,Owned (Inherited/Tax Dec),Widowed,1.9,14,0.75,0,3,4,26568.04,0.199,0.361,0,1,defaulted,46.5,8,4,4.01,0.5,0,1,defaulted
SYNTH-00714,2,KAPATAGAN,SUZUKI,RAIDER 150 FI,Sport Underbone,119900.0,35970.0,0.3,83930.0,24,5375.68,0.2025,26542.43,Sari-Sari / Small Retail,Owned (Clean Title),Married,5.9,4,0.2083,0,1,1,5375.68,0.162,0.294,0,0,delinquent,63.2,7,3,3.19,0.5,0,1,defaulted
SYNTH-00715,2,KAPATAGAN,SUZUKI,SMASH 115,Underbone,62400.0,15600.0,0.25,46800.0,24,3086.0,0.162,19046.19,Agri / Farmer / Fisherfolk,Owned (Clean Title),Married,11.1,9,0.5417,1,4,4,12344.0,0.224,0.213,0,1,defaulted,40.6,10,4,3.76,0.5,0,1,defaulted
SYNTH-00716,1,LALA,SUZUKI,BURGMAN STREET 125,Maxi-Scooter,83400.0,25020.0,0.3,58380.0,24,3800.1,0.2302,16504.82,Tricycle / PUV Operator,Owned (Clean Title),Widowed,11.4,15,0.7083,0,3,2,7600.2,0.274,0.24,1,0,defaulted,64.5,4,4,4.37,0.5,0,1,defaulted
SYNTH-00717,1,LALA,SUZUKI,SMASH 115,Underbone,62400.0,9360.0,0.15,53040.0,24,3470.8,0.0916,37897.2,Public School Teacher,Living with Parents/Relatives,Single,1.7,5,0.2083,2,0,0,0.0,0.129,0.71,0,0,active,21.2,2,5,5.12,0.7319,0,0,completed
SYNTH-00718,1,LALA,YAMAHA,MIO GEAR 125,Scooter,79400.0,23820.0,0.3,55580.0,12,6035.9,0.3228,18697.08,Tricycle / PUV Operator,Living with Parents/Relatives,Married,10.2,5,0.75,0,2,4,24143.6,0.432,0.43,0,0,defaulted,57.1,11,5,4.85,0.5,0,0,defaulted
SYNTH-00719,1,LALA,YAMAHA,MIO GEAR 125,Scooter,79400.0,7940.0,0.1,71460.0,12,7703.3,0.2647,29107.34,Public School Teacher,Living with Parents/Relatives,Married,5.0,5,0.75,1,1,4,30813.2,0.425,0.373,0,0,defaulted,64.4,10,4,4.56,0.5,0,1,defaulted
SYNTH-00720,3,TUBOD,HONDA,WAVE RSX,Underbone,64900.0,7788.0,0.12,57112.0,24,3721.91,0.2501,14882.11,Agri / Farmer / Fisherfolk,Rented (Apartment/House),Married,6.4,17,0.7917,1,4,2,7443.82,0.197,0.396,0,0,defaulted,49.7,3,3,2.46,0.5,0,1,defaulted
SYNTH-00721,2,KAPATAGAN,HONDA,PCX160,Maxi-Scooter,134900.0,16188.0,0.12,118712.0,12,12664.76,0.3226,39262.19,BPO / Call Center Agent,Owned (Inherited/Tax Dec),Widowed,7.0,2,0.3333,1,4,2,25329.52,0.184,0.449,0,1,defaulted,24.8,3,4,3.63,0.5,0,1,defaulted
SYNTH-00722,2,KAPATAGAN,HONDA,WAVE RSX,Underbone,64900.0,12980.0,0.2,51920.0,24,3401.73,0.1041,32691.44,Employed (Private/Gov),Owned (Inherited/Tax Dec),Single,5.1,21,0.875,7,0,0,0.0,0.0,0.995,0,0,active,40.3,9,3,2.99,0.9729,1,0,early_settled
SYNTH-00723,1,LALA,HONDA,CLICK 125I,Scooter,81400.0,8140.0,0.1,73260.0,24,4717.7,0.3167,14896.2,Sari-Sari / Small Retail,Owned (Clean Title),Widowed,4.2,0,0.0417,1,1,2,9435.4,0.335,0.286,1,1,defaulted,29.1,11,5,4.96,0.5,0,1,defaulted
SYNTH-00724,3,TUBOD,HONDA,CLICK 125I,Scooter,81400.0,12210.0,0.15,69190.0,24,4466.72,0.203,22001.19,Agri / Farmer / Fisherfolk,Owned (Clean Title),Single,3.1,21,0.9583,0,2,2,8933.44,0.393,0.321,0,0,defaulted,13.9,3,5,4.76,0.5,0,1,defaulted
SYNTH-00725,2,KAPATAGAN,YAMAHA,MIO SPORTY,Scooter,73900.0,22170.0,0.3,51730.0,12,5631.65,0.1557,36172.61,BPO / Call Center Agent,Owned (Inherited/Tax Dec),Married,8.9,5,0.4167,0,0,0,0.0,0.107,0.842,0,0,active,16.4,9,6,6.28,0.843,0,0,completed
SYNTH-00726,2,KAPATAGAN,HONDA,BEAT PREMIUM,Scooter,72400.0,14480.0,0.2,57920.0,12,6281.6,0.2683,23410.49,Employed (Private/Gov),Owned (Inherited/Tax Dec),Single,7.0,1,0.25,0,3,2,12563.2,0.337,0.417,0,0,defaulted,31.1,12,5,5.0,0.5,0,1,defaulted
SYNTH-00727,1,LALA,YAMAHA,SNIPER 155,Sport Underbone,123900.0,18585.0,0.15,105315.0,12,11258.07,0.2265,49713.55,Public School Teacher,Owned (Clean Title),Married,4.5,5,0.5,0,3,1,11258.07,0.273,0.335,0,0,delinquent,11.4,1,3,2.67,0.5,0,1,defaulted
SYNTH-00728,3,TUBOD,HONDA,BEAT PREMIUM,Scooter,72400.0,21720.0,0.3,50680.0,24,3325.27,0.0776,42824.15,Public School Teacher,Rented (Apartment/House),Married,4.2,11,0.5833,0,3,3,9975.81,0.292,0.236,1,1,defaulted,60.3,11,4,4.23,0.5,0,0,defaulted
SYNTH-00729,2,KAPATAGAN,KAWASAKI,CT100B,Backbone/Utility,54000.0,6480.0,0.12,47520.0,36,2470.4,0.1238,19962.03,Agri / Farmer / Fisherfolk,Owned (Clean Title),Single,10.7,6,0.2778,0,2,4,9881.6,0.404,0.552,0,0,defaulted,22.8,2,4,4.5,0.5532,0,0,defaulted
SYNTH-00730,1,LALA,SUZUKI,BURGMAN STREET 125,Maxi-Scooter,83400.0,10008.0,0.12,73392.0,12,7906.16,0.2405,32877.05,BPO / Call Center Agent,Living with Parents/Relatives,Married,10.1,0,0.25,0,3,3,23718.48,0.218,0.27,0,0,defaulted,20.3,10,5,4.78,0.5,0,0,defaulted
SYNTH-00731,3,TUBOD,YAMAHA,MIO SPORTY,Scooter,73900.0,14780.0,0.2,59120.0,24,3845.73,0.085,45237.17,Public School Teacher,Owned (Inherited/Tax Dec),Widowed,5.1,18,0.75,9,0,0,0.0,0.0,0.985,0,0,active,46.8,9,4,3.93,0.9813,0,0,completed
SYNTH-00732,1,LALA,YAMAHA,MIO FAZZIO,Retro Scooter,93900.0,11268.0,0.12,82632.0,36,4147.97,0.133,31182.94,Employed (Private/Gov),Rented (Apartment/House),Married,11.6,23,0.6667,0,2,1,4147.97,0.391,0.285,0,0,delinquent,40.8,2,3,3.0,0.5,0,1,defaulted
SYNTH-00733,1,LALA,YAMAHA,MIO GEAR 125,Scooter,79400.0,19850.0,0.25,59550.0,24,3872.25,0.1086,35652.88,OFW Remittance / Dependent,Owned (Inherited/Tax Dec),Married,6.7,14,0.5833,4,0,0,0.0,0.0,0.9,0,0,active,10.5,4,6,6.23,1.0215,1,0,early_settled
SYNTH-00734,1,LALA,HONDA,BEAT PREMIUM,Scooter,72400.0,21720.0,0.3,50680.0,36,2621.38,0.0683,38356.8,Employed (Private/Gov),Owned (Inherited/Tax Dec),Widowed,11.5,28,0.7778,6,0,0,0.0,0.0,0.858,0,0,active,20.1,2,6,5.61,0.835,1,0,early_settled
SYNTH-00735,3,TUBOD,SUZUKI,BURGMAN STREET 125,Maxi-Scooter,83400.0,12510.0,0.15,70890.0,12,7643.45,0.3351,22809.19,Employed (Private/Gov),Rented (Apartment/House),Married,7.8,2,0.25,0,2,1,7643.45,0.318,0.514,1,0,delinquent,40.9,3,3,2.35,0.5007,0,1,defaulted
SYNTH-00736,2,KAPATAGAN,HONDA,BEAT PREMIUM,Scooter,72400.0,10860.0,0.15,61540.0,24,3994.97,0.1829,21840.22,Tricycle / PUV Operator,Living with Parents/Relatives,Widowed,7.6,12,0.625,1,1,3,11984.91,0.321,0.367,1,1,defaulted,46.8,10,4,4.07,0.5,0,1,defaulted
SYNTH-00737,1,LALA,SUZUKI,RAIDER 150 FI,Sport Underbone,119900.0,35970.0,0.3,83930.0,36,4209.99,0.13,32386.64,Public School Teacher,Owned (Clean Title),Widowed,1.0,29,0.8333,2,2,1,4209.99,0.119,0.648,0,0,delinquent,31.1,3,3,2.85,0.625,0,0,completed
SYNTH-00738,2,KAPATAGAN,HONDA,PCX160,Maxi-Scooter,134900.0,26980.0,0.2,107920.0,36,5356.18,0.2046,26178.32,Sari-Sari / Small Retail,Rented (Apartment/House),Married,9.5,2,0.1111,0,4,2,10712.36,0.226,0.253,0,0,defaulted,39.3,2,2,2.27,0.5,0,1,defaulted
SYNTH-00739,3,TUBOD,YAMAHA,AEROX 155,Sport Scooter,125400.0,15048.0,0.12,110352.0,36,5472.37,0.2772,19745.02,BPO / Call Center Agent,Living with Parents/Relatives,Widowed,13.1,2,0.1111,0,4,2,10944.74,0.185,0.435,1,1,defaulted,61.5,6,2,1.62,0.5,0,1,defaulted
SYNTH-00740,1,LALA,KAWASAKI,P24KK (BARAKO II),Backbone/Tricycle,68500.0,17125.0,0.25,51375.0,12,5594.38,0.0893,62640.32,OFW Remittance / Dependent,Owned (Inherited/Tax Dec),Single,5.2,1,0.0833,1,0,0,0.0,0.0,0.887,0,0,active,30.4,4,4,4.22,0.906,0,0,completed
SYNTH-00741,3,TUBOD,HONDA,WAVE RSX,Underbone,64900.0,16225.0,0.25,48675.0,12,5310.88,0.1957,27139.1,Tricycle / PUV Operator,Owned (Clean Title),Married,6.7,9,0.8333,0,4,1,5310.88,0.296,0.383,1,1,delinquent,19.4,6,3,3.06,0.5,0,1,defaulted
SYNTH-00742,2,KAPATAGAN,YAMAHA,MIO FAZZIO,Retro Scooter,93900.0,28170.0,0.3,65730.0,36,3340.43,0.1237,27001.06,Sari-Sari / Small Retail,Owned (Inherited/Tax Dec),Married,11.4,23,0.6389,1,2,0,0.0,0.062,0.775,0,0,active,38.9,9,3,2.7,0.787,0,0,completed
SYNTH-00743,1,LALA,SUZUKI,RAIDER 150 FI,Sport Underbone,119900.0,23980.0,0.2,95920.0,24,6115.07,0.5096,12000.0,Agri / Farmer / Fisherfolk,Owned (Inherited/Tax Dec),Single,12.9,13,0.6667,1,1,3,18345.21,0.176,0.464,1,0,defaulted,53.7,11,4,3.89,0.581,0,1,defaulted
SYNTH-00744,1,LALA,KAWASAKI,P24KK (BARAKO II),Backbone/Tricycle,68500.0,17125.0,0.25,51375.0,36,2654.58,0.0592,44804.4,Public School Teacher,Owned (Inherited/Tax Dec),Married,6.6,34,0.9444,12,0,0,0.0,0.0,0.912,0,0,active,14.9,9,6,6.15,0.9366,0,0,completed
SYNTH-00745,2,KAPATAGAN,YAMAHA,AEROX 155,Sport Scooter,125400.0,31350.0,0.25,94050.0,12,10075.25,0.6221,16195.88,Agri / Farmer / Fisherfolk,Owned (Inherited/Tax Dec),Married,10.6,5,0.5833,0,4,2,20150.5,0.275,0.308,1,0,defaulted,17.4,3,4,3.6,0.5,0,1,defaulted
SYNTH-00746,3,TUBOD,YAMAHA,SNIPER 155,Sport Underbone,123900.0,18585.0,0.15,105315.0,36,5231.72,0.1418,36895.94,Employed (Private/Gov),Owned (Clean Title),Married,1.8,36,1.0,0,1,0,0.0,0.112,0.687,0,0,active,28.3,5,2,2.15,0.6952,0,1,defaulted
SYNTH-00747,1,LALA,HONDA,PCX160,Maxi-Scooter,134900.0,16188.0,0.12,118712.0,12,12664.76,0.296,42782.26,OFW Remittance / Dependent,Living with Parents/Relatives,Married,8.7,8,1.0,0,3,4,50659.04,0.392,0.356,0,0,defaulted,40.5,3,3,3.25,0.5,0,1,defaulted
SYNTH-00748,1,LALA,SUZUKI,BURGMAN STREET 125,Maxi-Scooter,83400.0,16680.0,0.2,66720.0,36,3387.73,0.0794,42686.49,BPO / Call Center Agent,Owned (Clean Title),Married,8.3,27,0.75,10,0,0,0.0,0.0,0.98,0,0,active,10.9,3,5,4.62,1.0624,0,0,completed
SYNTH-00749,2,KAPATAGAN,YAMAHA,MIO GEAR 125,Scooter,79400.0,15880.0,0.2,63520.0,12,6869.6,0.4126,16647.55,Sari-Sari / Small Retail,Living with Parents/Relatives,Married,2.7,8,0.75,0,3,1,6869.6,0.387,0.233,0,0,delinquent,54.2,4,4,3.62,0.5,0,1,defaulted
SYNTH-00750,3,TUBOD,SUZUKI,SMASH 115,Underbone,62400.0,7488.0,0.12,54912.0,12,5965.76,0.1327,44950.3,Employed (Private/Gov),Owned (Inherited/Tax Dec),Single,8.5,10,0.8333,7,0,0,0.0,0.0,0.903,0,0,active,41.4,4,3,3.32,0.93,0,0,completed
SYNTH-00751,2,KAPATAGAN,YAMAHA,AEROX 155,Sport Scooter,125400.0,37620.0,0.3,87780.0,24,5613.1,0.3254,17252.25,Tricycle / PUV Operator,Owned (Clean Title),Married,14.1,17,0.75,0,1,1,5613.1,0.395,0.407,1,1,delinquent,46.4,7,3,3.27,0.5,0,0,defaulted
SYNTH-00752,2,KAPATAGAN,HONDA,WAVE RSX,Underbone,64900.0,16225.0,0.25,48675.0,24,3201.62,0.0926,34586.87,BPO / Call Center Agent,Living with Parents/Relatives,Single,3.4,15,0.6667,0,4,1,3201.62,0.275,0.586,1,1,delinquent,22.7,8,5,4.7,0.5821,0,1,defaulted
SYNTH-00753,1,LALA,HONDA,WAVE RSX,Underbone,64900.0,9735.0,0.15,55165.0,12,5992.32,0.0913,65633.85,OFW Remittance / Dependent,Owned (Clean Title),Widowed,4.1,7,0.5833,3,0,0,0.0,0.064,0.807,0,0,active,28.6,7,4,4.07,0.7828,0,1,defaulted
SYNTH-00754,2,KAPATAGAN,KAWASAKI,CT100B,Backbone/Utility,54000.0,8100.0,0.15,45900.0,12,5019.5,0.2604,19279.28,Tricycle / PUV Operator,Owned (Inherited/Tax Dec),Single,14.0,3,0.5833,0,3,4,20078.0,0.253,0.62,0,0,defaulted,61.9,5,3,2.58,0.6267,0,1,defaulted
SYNTH-00755,1,LALA,HONDA,CLICK 160,Scooter,122900.0,18435.0,0.15,104465.0,36,5191.11,0.1554,33401.4,Employed (Private/Gov),Rented (Apartment/House),Married,3.5,7,0.3056,0,3,4,20764.44,0.448,0.415,0,0,defaulted,64.6,12,4,4.08,0.5,0,1,defaulted
SYNTH-00756,2,KAPATAGAN,YAMAHA,MIO GEAR 125,Scooter,79400.0,19850.0,0.25,59550.0,24,3872.25,0.2855,13561.92,Tricycle / PUV Operator,Rented (Apartment/House),Single,4.2,4,0.2917,0,2,3,11616.75,0.176,0.337,0,0,defaulted,65.0,12,4,4.42,0.5,0,1,defaulted
SYNTH-00757,3,TUBOD,YAMAHA,MIO SPORTY,Scooter,73900.0,14780.0,0.2,59120.0,36,3024.62,0.1263,23955.84,Employed (Private/Gov),Owned (Inherited/Tax Dec),Widowed,3.4,20,0.5833,0,2,1,3024.62,0.043,0.641,0,0,delinquent,16.2,8,5,5.27,0.6306,0,0,completed
SYNTH-00758,1,LALA,YAMAHA,AEROX 155,Sport Scooter,125400.0,15048.0,0.12,110352.0,12,11786.96,0.5522,21346.15,Tricycle / PUV Operator,Owned (Clean Title),Single,11.1,3,0.5833,1,2,4,47147.84,0.236,0.393,1,1,defaulted,64.4,11,4,4.59,0.5,0,1,defaulted
SYNTH-00759,3,TUBOD,HONDA,CLICK 125I,Scooter,81400.0,12210.0,0.15,69190.0,24,4466.72,0.0897,49780.02,OFW Remittance / Dependent,Living with Parents/Relatives,Single,4.9,16,0.7083,0,2,1,4466.72,0.047,0.726,0,0,delinquent,61.6,7,3,3.13,0.7444,0,0,completed
SYNTH-00760,2,KAPATAGAN,YAMAHA,MIO GEAR 125,Scooter,79400.0,9528.0,0.12,69872.0,12,7536.56,0.3799,19835.81,Agri / Farmer / Fisherfolk,Rented (Apartment/House),Married,8.2,6,0.6667,0,3,2,15073.12,0.241,0.572,0,1,defaulted,35.7,5,4,3.68,0.523,0,1,defaulted
SYNTH-00761,3,TUBOD,YAMAHA,NMAX 155,Maxi-Scooter,151900.0,15190.0,0.1,136710.0,36,6731.7,0.385,17486.06,Tricycle / PUV Operator,Living with Parents/Relatives,Single,5.5,2,0.1667,1,1,4,26926.8,0.183,0.226,1,0,defaulted,33.8,9,3,2.48,0.5,0,1,defaulted
SYNTH-00762,1,LALA,YAMAHA,AEROX 155,Sport Scooter,125400.0,15048.0,0.12,110352.0,36,5472.37,0.2011,27213.28,Sari-Sari / Small Retail,Owned (Clean Title),Married,10.5,14,0.4167,0,4,1,5472.37,0.245,0.35,1,0,delinquent,23.0,8,4,3.98,0.5,0,1,defaulted
SYNTH-00763,2,KAPATAGAN,YAMAHA,MIO FAZZIO,Retro Scooter,93900.0,14085.0,0.15,79815.0,24,5121.93,0.1666,30743.71,Employed (Private/Gov),Living with Parents/Relatives,Married,17.5,21,0.9167,2,1,1,5121.93,0.145,0.844,0,0,delinquent,20.8,7,4,3.81,0.8623,0,1,defaulted
SYNTH-00764,1,LALA,HONDA,CLICK 125I,Scooter,81400.0,20350.0,0.25,61050.0,36,3116.83,0.0836,37277.6,Employed (Private/Gov),Owned (Inherited/Tax Dec),Married,3.2,20,0.5833,2,0,1,3116.83,0.013,0.833,0,0,delinquent,59.7,4,5,5.01,0.8999,0,0,completed
SYNTH-00765,3,TUBOD,YAMAHA,MIO FAZZIO,Retro Scooter,93900.0,28170.0,0.3,65730.0,12,7101.65,0.4384,16200.08,Agri / Farmer / Fisherfolk,Owned (Clean Title),Widowed,3.3,3,0.5833,1,2,4,28406.6,0.44,0.272,0,0,defaulted,42.9,2,2,1.24,0.5,0,1,defaulted
SYNTH-00766,3,TUBOD,HONDA,BEAT PREMIUM,Scooter,72400.0,21720.0,0.3,50680.0,36,2621.38,0.089,29460.51,Sari-Sari / Small Retail,Owned (Clean Title),Widowed,2.3,14,0.4722,1,2,3,7864.14,0.34,0.609,1,1,defaulted,31.6,11,4,4.11,0.6436,0,1,defaulted
SYNTH-00767,3,TUBOD,HONDA,BEAT PREMIUM,Scooter,72400.0,21720.0,0.3,50680.0,12,5521.4,0.1603,34444.52,Employed (Private/Gov),Owned (Clean Title),Widowed,2.7,2,0.25,3,2,1,5521.4,0.012,0.726,0,0,delinquent,57.1,4,4,4.4,0.7164,0,0,completed
SYNTH-00768,2,KAPATAGAN,HONDA,WAVE RSX,Underbone,64900.0,19470.0,0.3,45430.0,36,2370.54,0.1368,17329.2,Sari-Sari / Small Retail,Owned (Inherited/Tax Dec),Widowed,5.6,4,0.1111,2,0,0,0.0,0.04,0.792,0,0,active,27.7,10,3,3.23,0.7707,0,0,completed
SYNTH-00769,1,LALA,HONDA,ADV160,Adventure Scooter,166900.0,25035.0,0.15,141865.0,12,15095.82,0.4427,34102.26,BPO / Call Center Agent,Owned (Clean Title),Single,6.5,0,0.25,0,1,4,60383.28,0.257,0.293,0,0,defaulted,35.3,2,2,1.58,0.5,0,1,defaulted
SYNTH-00770,2,KAPATAGAN,HONDA,CLICK 125I,Scooter,81400.0,8140.0,0.1,73260.0,36,3700.2,0.1277,28975.52,BPO / Call Center Agent,Owned (Clean Title),Widowed,4.0,13,0.3889,3,1,1,3700.2,0.006,0.65,0,0,delinquent,45.4,5,4,4.24,0.5968,0,0,completed
SYNTH-00771,1,LALA,HONDA,TMX125 ALPHA,Backbone/Utility,57900.0,8685.0,0.15,49215.0,36,2551.38,0.1454,17548.07,Tricycle / PUV Operator,Owned (Clean Title),Single,6.4,29,0.8611,1,1,2,5102.76,0.21,0.64,0,0,defaulted,21.8,10,6,5.7,0.6755,0,1,defaulted
SYNTH-00772,1,LALA,SUZUKI,SMASH 115,Underbone,62400.0,6240.0,0.1,56160.0,36,2883.2,0.1042,27671.95,Employed (Private/Gov),Owned (Inherited/Tax Dec),Married,10.3,14,0.3889,1,0,0,0.0,0.0,0.912,0,0,active,61.4,6,3,3.7,0.7959,0,0,completed
SYNTH-00773,1,LALA,KAWASAKI,P24KK (BARAKO II),Backbone/Tricycle,68500.0,8220.0,0.12,60280.0,12,6529.4,0.1588,41119.8,Employed (Private/Gov),Owned (Inherited/Tax Dec),Married,6.3,1,0.1667,2,2,1,6529.4,0.096,0.775,0,0,delinquent,27.6,7,4,3.95,0.7605,0,0,completed
SYNTH-00774,3,TUBOD,YAMAHA,MIO FAZZIO,Retro Scooter,93900.0,28170.0,0.3,65730.0,12,7101.65,0.2221,31973.62,Public School Teacher,Living with Parents/Relatives,Married,1.4,2,0.4167,0,1,3,21304.95,0.243,0.424,1,1,defaulted,54.7,7,2,2.14,0.5,0,1,defaulted
SYNTH-00775,2,KAPATAGAN,YAMAHA,NMAX 155,Maxi-Scooter,151900.0,37975.0,0.25,113925.0,24,7225.38,0.2568,28131.25,Sari-Sari / Small Retail,Living with Parents/Relatives,Married,7.0,10,0.5417,0,2,3,21676.14,0.219,0.261,0,0,defaulted,58.5,3,3,2.08,0.5,0,1,defaulted
SYNTH-00776,1,LALA,SUZUKI,RAIDER 150 FI,Sport Underbone,119900.0,35970.0,0.3,83930.0,24,5375.68,0.1584,33932.68,OFW Remittance / Dependent,Rented (Apartment/House),Married,9.5,16,0.7083,0,4,1,5375.68,0.437,0.516,1,0,delinquent,39.2,3,3,3.19,0.5,0,1,defaulted
SYNTH-00777,2,KAPATAGAN,KAWASAKI,P24KK (BARAKO II),Backbone/Tricycle,68500.0,10275.0,0.15,58225.0,24,3790.54,0.122,31065.01,Employed (Private/Gov),Owned (Inherited/Tax Dec),Married,2.5,4,0.1667,0,1,0,0.0,0.054,0.811,0,0,active,46.3,10,4,3.51,0.84,0,0,completed
SYNTH-00778,2,KAPATAGAN,KAWASAKI,P24KK (BARAKO II),Backbone/Tricycle,68500.0,8220.0,0.12,60280.0,12,6529.4,0.28,23316.02,Sari-Sari / Small Retail,Owned (Clean Title),Widowed,4.4,6,0.75,0,1,3,19588.2,0.281,0.446,0,0,defaulted,51.2,11,4,4.18,0.5172,0,1,defaulted
SYNTH-00779,1,LALA,SUZUKI,BURGMAN STREET 125,Maxi-Scooter,83400.0,12510.0,0.15,70890.0,24,4571.55,0.2034,22474.9,Tricycle / PUV Operator,Rented (Apartment/House),Widowed,10.1,3,0.2917,0,1,4,18286.2,0.241,0.579,0,0,defaulted,33.6,2,4,3.57,0.5809,0,1,defaulted
SYNTH-00780,2,KAPATAGAN,HONDA,TMX125 ALPHA,Backbone/Utility,57900.0,5790.0,0.1,52110.0,12,5671.55,0.2416,23478.81,Sari-Sari / Small Retail,Living with Parents/Relatives,Widowed,3.9,1,0.4167,0,1,4,22686.2,0.324,0.618,1,0,defaulted,46.7,9,4,3.91,0.5945,0,1,defaulted
SYNTH-00781,3,TUBOD,HONDA,CLICK 160,Scooter,122900.0,24580.0,0.2,98320.0,24,6263.07,0.102,61408.49,OFW Remittance / Dependent,Owned (Clean Title),Single,5.1,24,1.0,5,0,0,0.0,0.0,0.975,0,0,active,52.2,6,3,2.57,0.8613,1,0,early_settled
SYNTH-00782,2,KAPATAGAN,HONDA,PCX160,Maxi-Scooter,134900.0,26980.0,0.2,107920.0,24,6855.07,0.4158,16485.65,Sari-Sari / Small Retail,Living with Parents/Relatives,Widowed,4.1,6,0.4167,1,4,4,27420.28,0.234,0.563,0,0,defaulted,20.5,6,3,3.39,0.5,0,1,defaulted
SYNTH-00783,3,TUBOD,HONDA,ADV160,Adventure Scooter,166900.0,20028.0,0.12,146872.0,36,7217.22,0.2248,32104.35,Employed (Private/Gov),Owned (Inherited/Tax Dec),Single,6.0,6,0.1944,2,2,1,7217.22,0.083,0.787,0,0,delinquent,54.9,12,2,1.94,0.9017,0,1,defaulted
SYNTH-00784,2,KAPATAGAN,SUZUKI,SMASH 115,Underbone,62400.0,6240.0,0.1,56160.0,36,2883.2,0.0554,52007.2,Employed (Private/Gov),Owned (Clean Title),Married,3.2,8,0.2222,0,1,0,0.0,0.088,0.671,0,0,active,42.3,7,4,4.43,0.6604,0,0,completed
SYNTH-00785,2,KAPATAGAN,HONDA,TMX125 ALPHA,Backbone/Utility,57900.0,6948.0,0.12,50952.0,12,5549.96,0.1516,36616.66,Public School Teacher,Rented (Apartment/House),Single,5.3,9,0.8333,0,4,1,5549.96,0.385,0.499,0,1,delinquent,31.7,8,4,3.66,0.5,0,1,defaulted
SYNTH-00786,2,KAPATAGAN,YAMAHA,MIO SPORTY,Scooter,73900.0,11085.0,0.15,62815.0,12,6795.57,0.3427,19829.8,Agri / Farmer / Fisherfolk,Rented (Apartment/House),Married,6.0,10,1.0,0,3,2,13591.14,0.212,0.209,0,0,defaulted,36.8,2,4,4.03,0.5,0,1,defaulted
SYNTH-00787,1,LALA,YAMAHA,SNIPER 155,Sport Underbone,123900.0,24780.0,0.2,99120.0,36,4935.73,0.1222,40390.91,Employed (Private/Gov),Owned (Inherited/Tax Dec),Single,6.5,25,0.6944,4,0,0,0.0,0.0,0.868,0,0,active,54.1,6,3,3.14,0.7871,0,0,completed
SYNTH-00788,1,LALA,SUZUKI,BURGMAN STREET 125,Maxi-Scooter,83400.0,25020.0,0.3,58380.0,36,2989.27,0.1772,16865.31,Agri / Farmer / Fisherfolk,Living with Parents/Relatives,Married,18.8,8,0.2778,1,1,2,5978.54,0.33,0.259,1,0,defaulted,11.9,10,5,4.57,0.5,0,0,defaulted
SYNTH-00789,3,TUBOD,HONDA,WAVE RSX,Underbone,64900.0,12980.0,0.2,51920.0,12,5651.6,0.3147,17961.37,Agri / Farmer / Fisherfolk,Rented (Apartment/House),Married,4.9,2,0.25,1,3,1,5651.6,0.172,0.48,1,0,delinquent,37.7,4,3,3.1,0.5,0,1,defaulted
SYNTH-00790,1,LALA,YAMAHA,AEROX 155,Sport Scooter,125400.0,31350.0,0.25,94050.0,24,5999.75,0.2063,29079.3,Public School Teacher,Living with Parents/Relatives,Single,10.7,15,0.625,2,1,0,0.0,0.115,0.684,0,0,active,33.8,7,3,3.77,0.7451,0,1,defaulted
SYNTH-00791,1,LALA,HONDA,BEAT PREMIUM,Scooter,72400.0,10860.0,0.15,61540.0,12,6661.7,0.2329,28597.77,BPO / Call Center Agent,Rented (Apartment/House),Married,2.2,2,0.5,0,1,4,26646.8,0.427,0.241,0,0,defaulted,47.9,7,5,4.88,0.5,0,1,defaulted
SYNTH-00792,1,LALA,KAWASAKI,CT100B,Backbone/Utility,54000.0,5400.0,0.1,48600.0,12,5303.0,0.2709,19577.54,Sari-Sari / Small Retail,Rented (Apartment/House),Widowed,12.6,9,0.9167,0,1,2,10606.0,0.417,0.306,1,0,defaulted,10.5,4,5,4.49,0.5,0,1,defaulted
SYNTH-00793,1,LALA,SUZUKI,SMASH 115,Underbone,62400.0,18720.0,0.3,43680.0,36,2286.93,0.061,37495.0,Employed (Private/Gov),Living with Parents/Relatives,Married,8.9,26,0.7222,7,0,0,0.0,0.0,0.958,0,0,active,60.5,4,4,3.56,0.9961,0,0,completed
SYNTH-00794,3,TUBOD,KAWASAKI,CT100B,Backbone/Utility,54000.0,8100.0,0.15,45900.0,36,2393.0,0.0863,27728.52,BPO / Call Center Agent,Owned (Inherited/Tax Dec),Married,11.0,19,0.5278,12,0,0,0.0,0.0,0.86,0,0,active,48.1,12,3,3.3,0.9901,0,0,completed
SYNTH-00795,1,LALA,HONDA,ADV160,Adventure Scooter,166900.0,50070.0,0.3,116830.0,36,5781.88,0.148,39058.53,Public School Teacher,Rented (Apartment/House),Married,7.1,16,0.4444,1,1,0,0.0,0.072,0.703,0,0,active,13.9,8,3,2.67,0.6716,0,0,completed
SYNTH-00796,1,LALA,HONDA,CLICK 125I,Scooter,81400.0,9768.0,0.12,71632.0,24,4617.31,0.3025,15264.63,Tricycle / PUV Operator,Rented (Apartment/House),Widowed,6.3,8,0.375,0,2,1,4617.31,0.199,0.502,0,0,delinquent,36.8,8,4,4.21,0.5072,0,1,defaulted
SYNTH-00797,1,LALA,YAMAHA,SNIPER 155,Sport Underbone,123900.0,18585.0,0.15,105315.0,24,6694.43,0.1903,35184.76,Employed (Private/Gov),Owned (Clean Title),Single,14.8,8,0.3333,1,0,0,0.0,0.02,0.836,1,0,active,52.6,6,3,3.07,0.769,0,0,completed
SYNTH-00798,2,KAPATAGAN,YAMAHA,SNIPER 155,Sport Underbone,123900.0,18585.0,0.15,105315.0,36,5231.72,0.2675,19555.95,Tricycle / PUV Operator,Living with Parents/Relatives,Married,11.4,21,0.6667,0,1,3,15695.16,0.335,0.399,1,0,defaulted,52.3,11,3,2.89,0.5,0,1,defaulted
SYNTH-00799,3,TUBOD,YAMAHA,SNIPER 155,Sport Underbone,123900.0,24780.0,0.2,99120.0,12,10607.6,0.2919,36342.99,Employed (Private/Gov),Living with Parents/Relatives,Single,7.0,1,0.3333,1,2,3,31822.8,0.324,0.341,0,1,defaulted,50.1,7,2,2.62,0.5,0,1,defaulted
SYNTH-00800,2,KAPATAGAN,HONDA,WAVE RSX,Underbone,64900.0,12980.0,0.2,51920.0,36,2680.62,0.1774,15112.77,Tricycle / PUV Operator,Owned (Clean Title),Married,12.1,5,0.1944,0,4,2,5361.24,0.287,0.587,1,0,defaulted,24.4,7,5,4.96,0.6174,0,0,defaulted
SYNTH-00801,3,TUBOD,YAMAHA,NMAX 155,Maxi-Scooter,151900.0,37975.0,0.25,113925.0,12,12162.12,0.4147,29326.22,OFW Remittance / Dependent,Living with Parents/Relatives,Married,5.6,8,1.0,0,1,4,48648.48,0.293,0.244,0,0,defaulted,64.5,6,2,1.75,0.5,0,1,defaulted
SYNTH-00802,2,KAPATAGAN,HONDA,ADV160,Adventure Scooter,166900.0,20028.0,0.12,146872.0,24,9257.11,0.2484,37270.51,Employed (Private/Gov),Rented (Apartment/House),Married,2.1,14,0.7083,0,2,3,27771.33,0.381,0.551,0,1,defaulted,22.5,8,3,3.06,0.5513,0,1,defaulted
SYNTH-00803,1,LALA,HONDA,WAVE RSX,Underbone,64900.0,6490.0,0.1,58410.0,24,3801.95,0.0609,62436.26,OFW Remittance / Dependent,Owned (Clean Title),Single,6.8,14,0.5833,6,0,0,0.0,0.0,0.934,0,0,active,36.8,1,3,2.54,0.7503,0,0,completed
SYNTH-00804,1,LALA,KAWASAKI,CT100B,Backbone/Utility,54000.0,13500.0,0.25,40500.0,36,2135.0,0.056,38140.75,Public School Teacher,Living with Parents/Relatives,Married,7.4,36,1.0,3,0,0,0.0,0.0,0.965,0,0,active,61.3,2,3,2.95,1.0054,0,0,completed
SYNTH-00805,3,TUBOD,KAWASAKI,CT100B,Backbone/Utility,54000.0,5400.0,0.1,48600.0,24,3197.0,0.0769,41560.6,Public School Teacher,Owned (Inherited/Tax Dec),Widowed,6.9,10,0.4167,4,0,0,0.0,0.0,0.99,0,0,active,20.1,6,3,2.8,0.8376,1,0,early_settled
SYNTH-00806,1,LALA,YAMAHA,MIO FAZZIO,Retro Scooter,93900.0,14085.0,0.15,79815.0,36,4013.38,0.1908,21035.77,BPO / Call Center Agent,Rented (Apartment/House),Single,13.2,17,0.5556,0,4,3,12040.14,0.23,0.277,0,1,defaulted,38.0,5,3,3.12,0.5,0,1,defaulted
SYNTH-00807,1,LALA,YAMAHA,NMAX 155,Maxi-Scooter,151900.0,22785.0,0.15,129115.0,24,8162.09,0.435,18764.21,Sari-Sari / Small Retail,Owned (Inherited/Tax Dec),Married,16.4,17,0.7917,1,4,2,16324.18,0.434,0.611,0,0,defaulted,23.5,3,5,4.86,0.6573,0,1,defaulted
SYNTH-00808,3,TUBOD,YAMAHA,AEROX 155,Sport Scooter,125400.0,25080.0,0.2,100320.0,24,6386.4,0.3752,17019.33,Tricycle / PUV Operator,Living with Parents/Relatives,Married,6.2,11,0.625,0,4,4,25545.6,0.164,0.399,1,0,defaulted,39.9,7,2,1.88,0.5,0,0,defaulted
SYNTH-00809,1,LALA,HONDA,BEAT PREMIUM,Scooter,72400.0,10860.0,0.15,61540.0,24,3994.97,0.2944,13571.04,Sari-Sari / Small Retail,Living with Parents/Relatives,Married,11.5,4,0.2083,1,3,1,3994.97,0.396,0.395,0,0,delinquent,59.8,1,4,4.03,0.5,0,1,defaulted
SYNTH-00810,2,KAPATAGAN,SUZUKI,RAIDER 150 FI,Sport Underbone,119900.0,35970.0,0.3,83930.0,12,9012.65,0.379,23783.14,BPO / Call Center Agent,Owned (Clean Title),Single,10.8,0,0.1667,0,1,3,27037.95,0.406,0.566,0,0,defaulted,60.3,2,3,3.16,0.5779,0,0,defaulted
SYNTH-00811,3,TUBOD,SUZUKI,BURGMAN STREET 125,Maxi-Scooter,83400.0,20850.0,0.25,62550.0,24,4057.25,0.2141,18952.97,Tricycle / PUV Operator,Owned (Clean Title),Married,9.2,22,1.0,0,2,2,8114.5,0.366,0.22,0,0,defaulted,34.4,11,3,2.73,0.5,0,1,defaulted
SYNTH-00812,2,KAPATAGAN,HONDA,CLICK 125I,Scooter,81400.0,8140.0,0.1,73260.0,12,7892.3,0.5164,15282.73,Agri / Farmer / Fisherfolk,Rented (Apartment/House),Married,5.0,2,0.25,1,1,1,7892.3,0.246,0.36,1,1,delinquent,63.0,9,4,3.95,0.5,0,1,defaulted
SYNTH-00813,2,KAPATAGAN,YAMAHA,MIO FAZZIO,Retro Scooter,93900.0,11268.0,0.12,82632.0,24,5295.64,0.1637,32344.33,Employed (Private/Gov),Owned (Clean Title),Married,11.8,7,0.3333,2,2,1,5295.64,0.114,0.624,0,0,delinquent,43.3,7,3,2.78,0.6183,0,0,completed
SYNTH-00814,1,LALA,HONDA,CLICK 125I,Scooter,81400.0,24420.0,0.3,56980.0,12,6182.9,0.1598,38692.54,Public School Teacher,Owned (Inherited/Tax Dec),Married,8.1,12,1.0,9,0,0,0.0,0.0,0.926,0,0,active,40.0,8,4,4.04,0.8962,1,0,early_settled
SYNTH-00815,2,KAPATAGAN,KAWASAKI,ROUSER NS125,Sport Backbone,82000.0,12300.0,0.15,69700.0,24,4498.17,0.2274,19777.06,Tricycle / PUV Operator,Owned (Clean Title),Widowed,8.9,9,0.5417,0,1,4,17992.68,0.298,0.248,0,0,defaulted,18.8,8,3,2.21,0.5,0,1,defaulted
SYNTH-00816,1,LALA,SUZUKI,BURGMAN STREET 125,Maxi-Scooter,83400.0,25020.0,0.3,58380.0,12,6329.9,0.2202,28744.1,BPO / Call Center Agent,Owned (Clean Title),Married,3.6,10,0.9167,1,4,1,6329.9,0.416,0.324,0,0,delinquent,12.2,12,5,5.34,0.5,0,1,defaulted
SYNTH-00817,2,KAPATAGAN,KAWASAKI,CT100B,Backbone/Utility,54000.0,13500.0,0.25,40500.0,24,2697.5,0.1015,26589.33,Employed (Private/Gov),Owned (Inherited/Tax Dec),Married,1.5,6,0.2917,2,2,1,2697.5,0.148,0.617,0,0,delinquent,12.2,3,4,3.74,0.6556,0,1,defaulted
SYNTH-00818,2,KAPATAGAN,SUZUKI,BURGMAN STREET 125,Maxi-Scooter,83400.0,25020.0,0.3,58380.0,12,6329.9,0.0795,79641.55,OFW Remittance / Dependent,Rented (Apartment/House),Married,2.1,1,0.4167,0,1,4,25319.6,0.208,0.231,0,0,defaulted,21.8,10,4,3.73,0.5,0,1,defaulted
SYNTH-00819,3,TUBOD,SUZUKI,RAIDER 150 FI,Sport Underbone,119900.0,29975.0,0.25,89925.0,36,4496.42,0.2172,20705.66,Agri / Farmer / Fisherfolk,Living with Parents/Relatives,Married,2.4,22,0.6389,1,4,1,4496.42,0.306,0.624,1,0,delinquent,29.4,2,2,2.3,0.6349,0,1,defaulted
SYNTH-00820,3,TUBOD,HONDA,ADV160,Adventure Scooter,166900.0,50070.0,0.3,116830.0,36,5781.88,0.2587,22352.89,BPO / Call Center Agent,Rented (Apartment/House),Married,9.8,12,0.4444,0,2,4,23127.52,0.297,0.512,0,0,defaulted,38.2,10,2,1.88,0.5135,0,1,defaulted
SYNTH-00821,2,KAPATAGAN,HONDA,ADV160,Adventure Scooter,166900.0,41725.0,0.25,125175.0,36,6180.58,0.3357,18411.44,Employed (Private/Gov),Owned (Clean Title),Widowed,17.4,1,0.0556,0,3,1,6180.58,0.163,0.348,0,0,delinquent,37.3,10,2,1.56,0.5,0,0,defaulted
SYNTH-00822,3,TUBOD,HONDA,WAVE RSX,Underbone,64900.0,9735.0,0.15,55165.0,24,3601.84,0.0919,39179.59,Public School Teacher,Living with Parents/Relatives,Widowed,8.3,8,0.3333,4,0,0,0.0,0.0,0.931,0,0,active,56.7,7,3,2.19,0.9519,0,0,completed
SYNTH-00823,3,TUBOD,HONDA,WAVE RSX,Underbone,64900.0,7788.0,0.12,57112.0,12,6196.76,0.2129,29111.93,Employed (Private/Gov),Owned (Clean Title),Single,24.9,1,0.0833,2,1,0,0.0,0.101,0.825,0,0,active,44.8,12,3,3.08,0.9418,0,0,completed
SYNTH-00824,3,TUBOD,SUZUKI,RAIDER 150 FI,Sport Underbone,119900.0,23980.0,0.2,95920.0,24,6115.07,0.2451,24949.07,BPO / Call Center Agent,Owned (Inherited/Tax Dec),Married,1.0,15,0.7083,0,3,2,12230.14,0.279,0.24,0,0,defaulted,19.6,2,3,3.01,0.5,0,1,defaulted
SYNTH-00825,3,TUBOD,HONDA,PCX160,Maxi-Scooter,134900.0,16188.0,0.12,118712.0,12,12664.76,0.3176,39880.16,Public School Teacher,Living with Parents/Relatives,Single,3.1,0,0.0833,1,3,1,12664.76,0.236,0.639,1,0,delinquent,33.3,5,2,1.96,0.6749,0,0,defaulted
SYNTH-00826,2,KAPATAGAN,YAMAHA,MIO GEAR 125,Scooter,79400.0,19850.0,0.25,59550.0,12,6452.75,0.1999,32275.0,Employed (Private/Gov),Owned (Inherited/Tax Dec),Married,7.3,4,0.3333,2,1,0,0.0,0.024,0.615,0,0,active,59.2,10,4,3.61,0.6559,0,0,completed
SYNTH-00827,2,KAPATAGAN,KAWASAKI,CT100B,Backbone/Utility,54000.0,8100.0,0.15,45900.0,24,3030.5,0.1302,23282.21,Tricycle / PUV Operator,Owned (Clean Title),Single,7.4,5,0.2917,0,1,2,6061.0,0.259,0.382,1,0,defaulted,21.9,11,5,5.13,0.5,0,1,defaulted
SYNTH-00828,1,LALA,KAWASAKI,P24KK (BARAKO II),Backbone/Tricycle,68500.0,6850.0,0.1,61650.0,24,4001.75,0.1754,22820.65,BPO / Call Center Agent,Owned (Clean Title),Single,2.2,10,0.5833,1,1,4,16007.0,0.296,0.571,0,0,defaulted,39.9,1,4,3.68,0.5,0,1,defaulted
SYNTH-00829,2,KAPATAGAN,SUZUKI,RAIDER 150 FI,Sport Underbone,119900.0,14388.0,0.12,105512.0,24,6706.57,0.197,34042.25,Public School Teacher,Living with Parents/Relatives,Widowed,7.7,1,0.0417,0,0,0,0.0,0.059,0.773,0,0,active,32.9,11,3,2.22,0.8748,0,0,completed
SYNTH-00830,3,TUBOD,HONDA,CLICK 125I,Scooter,81400.0,16280.0,0.2,65120.0,24,4215.73,0.1969,21409.65,Sari-Sari / Small Retail,Rented (Apartment/House),Single,5.5,19,0.9583,0,4,4,16862.92,0.236,0.5,0,1,defaulted,35.3,10,3,2.8,0.5,0,1,defaulted
SYNTH-00831,2,KAPATAGAN,YAMAHA,MIO GEAR 125,Scooter,79400.0,9528.0,0.12,69872.0,36,3538.33,0.1047,33801.25,Public School Teacher,Living with Parents/Relatives,Widowed,4.3,15,0.4167,0,2,0,0.0,0.096,0.632,0,0,active,14.1,9,5,5.13,0.6111,0,0,completed
SYNTH-00832,3,TUBOD,HONDA,CLICK 160,Scooter,122900.0,12290.0,0.1,110610.0,36,5484.7,0.3945,13902.1,Agri / Farmer / Fisherfolk,Owned (Clean Title),Married,13.3,2,0.1111,0,4,2,10969.4,0.345,0.315,1,0,defaulted,16.4,4,4,3.16,0.5,0,1,defaulted
SYNTH-00833,2,KAPATAGAN,HONDA,BEAT PREMIUM,Scooter,72400.0,21720.0,0.3,50680.0,36,2621.38,0.0847,30962.28,Sari-Sari / Small Retail,Rented (Apartment/House),Widowed,9.8,3,0.1389,0,3,2,5242.76,0.332,0.65,0,0,defaulted,32.3,4,4,3.74,0.6375,0,1,defaulted
SYNTH-00834,2,KAPATAGAN,KAWASAKI,ROUSER NS125,Sport Backbone,82000.0,12300.0,0.15,69700.0,24,4498.17,0.1116,40321.41,OFW Remittance / Dependent,Living with Parents/Relatives,Married,5.3,10,0.4583,0,0,1,4498.17,0.058,0.693,0,0,delinquent,43.8,10,2,2.35,0.7065,0,0,completed
SYNTH-00835,2,KAPATAGAN,KAWASAKI,CT100B,Backbone/Utility,54000.0,13500.0,0.25,40500.0,36,2135.0,0.0531,40179.59,Employed (Private/Gov),Owned (Inherited/Tax Dec),Married,4.7,15,0.4167,2,2,0,0.0,0.077,0.818,0,0,active,46.7,3,3,2.12,0.8568,0,0,completed
SYNTH-00836,1,LALA,KAWASAKI,P24KK (BARAKO II),Backbone/Tricycle,68500.0,6850.0,0.1,61650.0,36,3145.5,0.2612,12040.74,Tricycle / PUV Operator,Rented (Apartment/House),Widowed,4.3,29,0.8889,0,3,3,9436.5,0.299,0.398,0,0,defaulted,33.1,1,4,3.68,0.5,0,0,defaulted
SYNTH-00837,2,KAPATAGAN,YAMAHA,MIO FAZZIO,Retro Scooter,93900.0,9390.0,0.1,84510.0,24,5411.45,0.1768,30606.2,BPO / Call Center Agent,Owned (Clean Title),Widowed,8.8,8,0.3333,1,1,0,0.0,0.06,0.627,0,0,active,57.4,11,3,2.34,0.745,0,0,completed
SYNTH-00838,2,KAPATAGAN,HONDA,CLICK 160,Scooter,122900.0,18435.0,0.15,104465.0,36,5191.11,0.2359,22007.47,Sari-Sari / Small Retail,Living with Parents/Relatives,Single,8.9,16,0.4722,1,2,1,5191.11,0.4,0.444,1,0,delinquent,32.8,7,4,4.03,0.5,0,1,defaulted
SYNTH-00839,3,TUBOD,HONDA,CLICK 160,Scooter,122900.0,36870.0,0.3,86030.0,36,4310.32,0.1917,22480.47,Agri / Farmer / Fisherfolk,Owned (Clean Title),Widowed,2.0,15,0.5278,1,4,4,17241.28,0.449,0.577,0,0,defaulted,25.7,3,3,3.14,0.6413,0,1,defaulted
SYNTH-00840,2,KAPATAGAN,YAMAHA,AEROX 155,Sport Scooter,125400.0,18810.0,0.15,106590.0,36,5292.63,0.2303,22984.99,Tricycle / PUV Operator,Owned (Inherited/Tax Dec),Married,4.3,15,0.5,0,2,3,15877.89,0.302,0.366,1,0,defaulted,29.5,6,3,3.15,0.5,0,1,defaulted
SYNTH-00841,2,KAPATAGAN,KAWASAKI,CT100B,Backbone/Utility,54000.0,16200.0,0.3,37800.0,24,2531.0,0.105,24108.58,Agri / Farmer / Fisherfolk,Owned (Clean Title),Single,17.0,7,0.4583,0,2,4,10124.0,0.228,0.488,0,0,defaulted,56.2,6,3,2.46,0.5,0,1,defaulted
SYNTH-00842,2,KAPATAGAN,SUZUKI,SMASH 115,Underbone,62400.0,6240.0,0.1,56160.0,24,3663.2,0.0818,44799.95,Public School Teacher,Rented (Apartment/House),Single,9.8,8,0.375,2,0,1,3663.2,0.059,0.701,0,0,delinquent,19.2,5,5,5.01,0.7051,0,0,completed
SYNTH-00843,2,KAPATAGAN,YAMAHA,SNIPER 155,Sport Underbone,123900.0,30975.0,0.25,92925.0,12,9957.12,0.232,42921.46,Public School Teacher,Owned (Inherited/Tax Dec),Married,4.7,10,0.9167,0,2,1,9957.12,0.273,0.626,0,1,delinquent,44.7,8,3,3.72,0.6126,0,1,defaulted
SYNTH-00844,3,TUBOD,YAMAHA,MIO SPORTY,Scooter,73900.0,11085.0,0.15,62815.0,36,3201.16,0.1504,21279.54,Employed (Private/Gov),Owned (Inherited/Tax Dec),Single,5.8,16,0.4722,0,2,1,3201.16,0.122,0.732,0,0,delinquent,16.2,4,5,5.43,0.7941,0,1,defaulted
SYNTH-00845,2,KAPATAGAN,HONDA,ADV160,Adventure Scooter,166900.0,20028.0,0.12,146872.0,24,9257.11,0.2891,32020.02,Employed (Private/Gov),Rented (Apartment/House),Single,17.1,3,0.2917,0,3,4,37028.44,0.167,0.614,1,0,defaulted,18.1,1,2,1.25,0.5609,0,1,defaulted
SYNTH-00846,2,KAPATAGAN,YAMAHA,MIO GEAR 125,Scooter,79400.0,11910.0,0.15,67490.0,24,4361.88,0.0778,56101.33,OFW Remittance / Dependent,Rented (Apartment/House),Married,2.9,17,0.8333,0,2,3,13085.64,0.362,0.612,1,0,defaulted,10.1,1,4,4.57,0.5086,0,0,defaulted
SYNTH-00847,1,LALA,HONDA,WAVE RSX,Underbone,64900.0,12980.0,0.2,51920.0,36,2680.62,0.1455,18424.26,Agri / Farmer / Fisherfolk,Living with Parents/Relatives,Married,3.3,0,0.0833,1,2,4,10722.48,0.369,0.388,0,0,defaulted,20.6,4,5,5.01,0.5,0,0,defaulted
SYNTH-00848,3,TUBOD,SUZUKI,RAIDER 150 FI,Sport Underbone,119900.0,29975.0,0.25,89925.0,36,4496.42,0.1697,26493.02,Sari-Sari / Small Retail,Rented (Apartment/House),Single,10.2,0,0.1111,1,4,4,17985.68,0.447,0.253,1,1,defaulted,41.9,4,2,2.18,0.5,0,1,defaulted
SYNTH-00849,2,KAPATAGAN,KAWASAKI,P24KK (BARAKO II),Backbone/Tricycle,68500.0,20550.0,0.3,47950.0,24,3156.92,0.1888,16717.89,Agri / Farmer / Fisherfolk,Living with Parents/Relatives,Married,9.6,0,0.1667,1,2,4,12627.68,0.337,0.285,0,0,defaulted,27.2,6,3,2.78,0.5,0,1,defaulted
SYNTH-00850,3,TUBOD,SUZUKI,RAIDER 150 FI,Sport Underbone,119900.0,23980.0,0.2,95920.0,24,6115.07,0.298,20517.15,Employed (Private/Gov),Living with Parents/Relatives,Widowed,4.6,12,0.5833,0,2,2,12230.14,0.373,0.344,0,0,defaulted,57.4,3,2,2.16,0.5,0,1,defaulted
SYNTH-00851,3,TUBOD,KAWASAKI,CT100B,Backbone/Utility,54000.0,5400.0,0.1,48600.0,24,3197.0,0.2517,12701.17,Agri / Farmer / Fisherfolk,Living with Parents/Relatives,Married,7.6,10,0.5833,0,2,4,12788.0,0.345,0.431,0,0,defaulted,59.6,8,3,3.34,0.5,0,0,defaulted
SYNTH-00852,1,LALA,HONDA,TMX125 ALPHA,Backbone/Utility,57900.0,17370.0,0.3,40530.0,36,2136.43,0.068,31396.69,Employed (Private/Gov),Rented (Apartment/House),Married,16.0,31,0.8611,0,0,0,0.0,0.148,0.681,0,0,active,28.0,3,5,5.04,0.7055,0,1,defaulted
SYNTH-00853,1,LALA,HONDA,BEAT PREMIUM,Scooter,72400.0,14480.0,0.2,57920.0,24,3771.73,0.1776,21235.52,Sari-Sari / Small Retail,Rented (Apartment/House),Widowed,7.3,20,0.9583,1,2,3,11315.19,0.25,0.403,1,0,defaulted,19.1,10,6,5.85,0.5,0,0,defaulted
SYNTH-00854,3,TUBOD,HONDA,ADV160,Adventure Scooter,166900.0,25035.0,0.15,141865.0,36,6977.99,0.3387,20604.92,Tricycle / PUV Operator,Owned (Clean Title),Single,18.3,25,0.8056,0,4,4,27911.96,0.328,0.344,1,0,defaulted,49.4,3,2,2.29,0.5,0,1,defaulted
SYNTH-00855,3,TUBOD,SUZUKI,BURGMAN STREET 125,Maxi-Scooter,83400.0,20850.0,0.25,62550.0,36,3188.5,0.1904,16745.02,Agri / Farmer / Fisherfolk,Owned (Clean Title),Married,19.1,20,0.6667,1,4,4,12754.0,0.336,0.217,1,1,defaulted,29.7,5,3,3.54,0.5,0,1,defaulted
SYNTH-00856,1,LALA,KAWASAKI,P24KK (BARAKO II),Backbone/Tricycle,68500.0,17125.0,0.25,51375.0,12,5594.38,0.0873,64067.51,OFW Remittance / Dependent,Rented (Apartment/House),Married,2.5,6,0.75,1,4,3,16783.14,0.253,0.592,1,0,defaulted,58.6,3,4,4.53,0.6318,0,1,defaulted
SYNTH-00857,1,LALA,HONDA,WAVE RSX,Underbone,64900.0,9735.0,0.15,55165.0,12,5992.32,0.1476,40596.3,BPO / Call Center Agent,Living with Parents/Relatives,Married,25.7,2,0.25,0,1,1,5992.32,0.145,0.787,0,0,delinquent,43.8,3,4,4.25,0.8278,0,0,completed
SYNTH-00858,2,KAPATAGAN,KAWASAKI,CT100B,Backbone/Utility,54000.0,6480.0,0.12,47520.0,36,2470.4,0.1269,19460.27,Sari-Sari / Small Retail,Owned (Clean Title),Married,6.5,7,0.1944,1,2,0,0.0,0.047,0.787,1,0,active,14.0,9,4,3.83,0.813,0,0,completed
SYNTH-00859,3,TUBOD,HONDA,WAVE RSX,Underbone,64900.0,9735.0,0.15,55165.0,24,3601.84,0.1231,29269.52,Employed (Private/Gov),Rented (Apartment/House),Single,9.1,17,0.7917,0,4,2,7203.68,0.353,0.621,0,0,defaulted,28.9,12,3,2.73,0.7654,0,1,defaulted
SYNTH-00860,1,LALA,YAMAHA,AEROX 155,Sport Scooter,125400.0,15048.0,0.12,110352.0,12,11786.96,0.3423,34432.94,BPO / Call Center Agent,Rented (Apartment/House),Married,13.4,2,0.4167,1,1,3,35360.88,0.159,0.222,0,0,defaulted,39.6,2,3,3.11,0.5,0,1,defaulted
SYNTH-00861,2,KAPATAGAN,HONDA,TMX125 ALPHA,Backbone/Utility,57900.0,17370.0,0.3,40530.0,24,2699.35,0.1541,17515.83,Sari-Sari / Small Retail,Living with Parents/Relatives,Married,4.3,14,0.7083,1,1,3,8098.05,0.436,0.233,0,1,defaulted,40.5,12,5,4.99,0.5,0,1,defaulted
SYNTH-00862,3,TUBOD,YAMAHA,MIO SPORTY,Scooter,73900.0,18475.0,0.25,55425.0,12,6019.62,0.1476,40789.14,Public School Teacher,Owned (Clean Title),Single,7.7,7,0.5833,7,0,0,0.0,0.0,0.864,0,0,active,39.8,11,4,3.96,1.0147,0,0,completed
SYNTH-00863,1,LALA,KAWASAKI,CT100B,Backbone/Utility,54000.0,16200.0,0.3,37800.0,36,2006.0,0.0867,23139.97,BPO / Call Center Agent,Owned (Inherited/Tax Dec),Widowed,7.0,32,0.8889,5,0,0,0.0,0.0,0.972,0,0,active,60.3,11,4,3.75,1.1,1,0,early_settled
SYNTH-00864,1,LALA,SUZUKI,RAIDER 150 FI,Sport Underbone,119900.0,23980.0,0.2,95920.0,24,6115.07,0.2938,20810.62,Agri / Farmer / Fisherfolk,Owned (Inherited/Tax Dec),Single,3.1,16,0.75,1,2,2,12230.14,0.199,0.472,1,0,defaulted,35.5,11,4,4.37,0.5159,0,1,defaulted
SYNTH-00865,3,TUBOD,KAWASAKI,P24KK (BARAKO II),Backbone/Tricycle,68500.0,8220.0,0.12,60280.0,24,3917.27,0.2559,15307.02,Tricycle / PUV Operator,Living with Parents/Relatives,Widowed,8.2,6,0.4167,0,3,4,15669.08,0.349,0.336,0,0,defaulted,17.1,9,4,3.69,0.5,0,1,defaulted
SYNTH-00866,2,KAPATAGAN,KAWASAKI,ROUSER NS125,Sport Backbone,82000.0,12300.0,0.15,69700.0,36,3530.11,0.179,19721.7,Employed (Private/Gov),Owned (Inherited/Tax Dec),Single,5.0,27,0.75,3,1,0,0.0,0.132,0.666,0,0,active,43.8,6,2,2.05,0.5826,0,1,defaulted
SYNTH-00867,3,TUBOD,HONDA,ADV160,Adventure Scooter,166900.0,33380.0,0.2,133520.0,36,6579.29,0.1338,49155.47,OFW Remittance / Dependent,Rented (Apartment/House),Married,4.0,30,0.8889,1,4,2,13158.58,0.337,0.497,1,0,defaulted,15.7,7,2,1.49,0.5,0,1,defaulted
SYNTH-00868,1,LALA,SUZUKI,SMASH 115,Underbone,62400.0,12480.0,0.2,49920.0,36,2585.07,0.1425,18145.14,Agri / Farmer / Fisherfolk,Living with Parents/Relatives,Married,17.2,22,0.7222,0,4,4,10340.28,0.247,0.312,1,1,defaulted,59.4,4,4,3.8,0.5,0,1,defaulted
SYNTH-00869,2,KAPATAGAN,HONDA,CLICK 160,Scooter,122900.0,14748.0,0.12,108152.0,12,11555.96,0.9359,12347.54,OFW Remittance / Dependent,Rented (Apartment/House),Widowed,12.6,6,0.75,0,1,3,34667.88,0.154,0.596,1,0,defaulted,28.8,1,3,3.24,0.524,0,0,defaulted
SYNTH-00870,2,KAPATAGAN,HONDA,PCX160,Maxi-Scooter,134900.0,33725.0,0.25,101175.0,36,5033.92,0.21,23974.27,Agri / Farmer / Fisherfolk,Living with Parents/Relatives,Married,20.4,3,0.1389,1,1,2,10067.84,0.346,0.393,0,1,defaulted,12.1,9,3,2.7,0.5,0,1,defaulted
SYNTH-00871,2,KAPATAGAN,KAWASAKI,P24KK (BARAKO II),Backbone/Tricycle,68500.0,8220.0,0.12,60280.0,24,3917.27,0.0934,41956.51,OFW Remittance / Dependent,Owned (Inherited/Tax Dec),Married,5.4,18,0.75,12,0,0,0.0,0.0,0.958,0,0,active,11.2,1,4,4.22,0.8299,1,0,early_settled
SYNTH-00872,1,LALA,HONDA,CLICK 125I,Scooter,81400.0,8140.0,0.1,73260.0,36,3700.2,0.2141,17286.58,Agri / Farmer / Fisherfolk,Owned (Clean Title),Widowed,3.6,10,0.3056,0,3,1,3700.2,0.226,0.432,1,0,delinquent,31.0,5,4,4.31,0.5,0,1,defaulted
SYNTH-00873,3,TUBOD,HONDA,ADV160,Adventure Scooter,166900.0,50070.0,0.3,116830.0,12,12467.15,0.4966,25107.47,Agri / Farmer / Fisherfolk,Rented (Apartment/House),Widowed,4.5,4,0.4167,0,1,1,12467.15,0.433,0.586,0,0,delinquent,15.2,1,2,1.33,0.537,0,1,defaulted
SYNTH-00874,1,LALA,SUZUKI,SMASH 115,Underbone,62400.0,12480.0,0.2,49920.0,36,2585.07,0.117,22092.55,Sari-Sari / Small Retail,Owned (Inherited/Tax Dec),Single,2.6,10,0.3611,1,3,3,7755.21,0.197,0.594,0,0,defaulted,48.1,8,4,3.67,0.6612,0,1,defaulted
SYNTH-00875,1,LALA,HONDA,ADV160,Adventure Scooter,166900.0,16690.0,0.1,150210.0,12,15972.05,0.2439,65498.18,OFW Remittance / Dependent,Rented (Apartment/House),Widowed,5.5,0,0.3333,0,3,4,63888.2,0.17,0.398,1,0,defaulted,43.8,7,2,1.95,0.5,0,1,defaulted
SYNTH-00876,1,LALA,YAMAHA,SNIPER 155,Sport Underbone,123900.0,37170.0,0.3,86730.0,36,4343.77,0.2182,19907.8,Tricycle / PUV Operator,Rented (Apartment/House),Married,13.4,6,0.1944,0,2,1,4343.77,0.241,0.206,0,1,delinquent,26.3,10,3,3.23,0.5,0,1,defaulted
SYNTH-00877,1,LALA,KAWASAKI,ROUSER NS125,Sport Backbone,82000.0,9840.0,0.12,72160.0,12,7776.8,0.5546,14023.42,OFW Remittance / Dependent,Owned (Inherited/Tax Dec),Single,6.1,3,0.3333,0,2,1,7776.8,0.191,0.304,1,0,delinquent,63.5,12,3,3.36,0.5,0,1,defaulted
SYNTH-00878,3,TUBOD,KAWASAKI,P24KK (BARAKO II),Backbone/Tricycle,68500.0,20550.0,0.3,47950.0,24,3156.92,0.1145,27581.91,Employed (Private/Gov),Rented (Apartment/House),Married,3.1,8,0.4583,0,1,3,9470.76,0.402,0.204,0,0,defaulted,39.9,5,3,3.34,0.5,0,0,defaulted
SYNTH-00879,3,TUBOD,HONDA,WAVE RSX,Underbone,64900.0,19470.0,0.3,45430.0,24,3001.52,0.235,12770.7,Agri / Farmer / Fisherfolk,Rented (Apartment/House),Widowed,15.4,4,0.3333,0,4,4,12006.08,0.166,0.22,0,0,defaulted,58.8,2,3,2.35,0.5,0,0,defaulted
SYNTH-00880,1,LALA,YAMAHA,NMAX 155,Maxi-Scooter,151900.0,15190.0,0.1,136710.0,12,14554.55,0.8044,18093.79,Tricycle / PUV Operator,Owned (Clean Title),Widowed,2.6,1,0.25,1,1,2,29109.1,0.195,0.38,1,0,defaulted,34.3,7,3,3.01,0.5,0,1,defaulted
SYNTH-00881,2,KAPATAGAN,HONDA,TMX125 ALPHA,Backbone/Utility,57900.0,14475.0,0.25,43425.0,36,2274.75,0.0917,24797.2,Tricycle / PUV Operator,Rented (Apartment/House),Married,6.5,24,0.75,0,1,3,6824.25,0.227,0.421,1,0,defaulted,22.2,11,6,6.34,0.5,0,1,defaulted
SYNTH-00882,2,KAPATAGAN,SUZUKI,RAIDER 150 FI,Sport Underbone,119900.0,29975.0,0.25,89925.0,12,9642.12,0.1516,63610.53,OFW Remittance / Dependent,Living with Parents/Relatives,Married,4.4,8,0.9167,0,3,3,28926.36,0.189,0.646,0,1,defaulted,37.1,12,3,3.45,0.7292,0,1,defaulted
SYNTH-00883,3,TUBOD,HONDA,BEAT PREMIUM,Scooter,72400.0,8688.0,0.12,63712.0,24,4128.91,0.1133,36447.53,Public School Teacher,Rented (Apartment/House),Single,11.5,5,0.2083,3,0,0,0.0,0.0,0.612,0,0,active,16.7,12,5,4.61,0.7275,0,0,completed
SYNTH-00884,1,LALA,SUZUKI,SMASH 115,Underbone,62400.0,12480.0,0.2,49920.0,12,5441.6,0.1896,28700.86,BPO / Call Center Agent,Living with Parents/Relatives,Single,3.5,7,0.8333,0,1,3,16324.8,0.204,0.52,0,0,defaulted,57.5,1,3,2.84,0.5,0,1,defaulted
SYNTH-00885,1,LALA,KAWASAKI,CT100B,Backbone/Utility,54000.0,10800.0,0.2,43200.0,24,2864.0,0.0658,43531.31,OFW Remittance / Dependent,Rented (Apartment/House),Married,8.9,9,0.375,1,0,0,0.0,0.09,0.792,0,0,active,16.7,3,5,4.71,0.7948,0,0,completed
SYNTH-00886,2,KAPATAGAN,SUZUKI,BURGMAN STREET 125,Maxi-Scooter,83400.0,20850.0,0.25,62550.0,24,4057.25,0.0764,53103.05,Employed (Private/Gov),Owned (Inherited/Tax Dec),Widowed,8.0,20,0.8333,5,0,0,0.0,0.0,0.921,0,0,active,59.6,12,4,3.53,1.1,0,0,completed
SYNTH-00887,3,TUBOD,YAMAHA,SNIPER 155,Sport Underbone,123900.0,14868.0,0.12,109032.0,36,5409.31,0.1533,35289.25,Public School Teacher,Owned (Inherited/Tax Dec),Single,3.1,6,0.1667,1,0,0,0.0,0.109,0.756,0,0,active,62.3,2,2,2.11,0.7513,0,1,defaulted
SYNTH-00888,1,LALA,HONDA,BEAT PREMIUM,Scooter,72400.0,10860.0,0.15,61540.0,36,3140.24,0.1269,24755.16,Sari-Sari / Small Retail,Rented (Apartment/House),Widowed,4.4,18,0.5556,1,1,2,6280.48,0.309,0.602,0,0,defaulted,18.3,8,6,6.17,0.631,0,1,defaulted
SYNTH-00889,2,KAPATAGAN,KAWASAKI,ROUSER NS125,Sport Backbone,82000.0,9840.0,0.12,72160.0,36,3647.64,0.2513,14514.92,Agri / Farmer / Fisherfolk,Living with Parents/Relatives,Single,5.2,9,0.3056,1,3,2,7295.28,0.159,0.469,0,0,defaulted,64.0,5,2,1.94,0.5,0,1,defaulted
SYNTH-00890,3,TUBOD,HONDA,ADV160,Adventure Scooter,166900.0,25035.0,0.15,141865.0,12,15095.82,0.8029,18801.83,Sari-Sari / Small Retail,Rented (Apartment/House),Married,8.5,4,0.6667,1,3,4,60383.28,0.196,0.432,1,0,defaulted,50.2,4,2,2.07,0.5,0,0,defaulted
SYNTH-00891,2,KAPATAGAN,YAMAHA,MIO GEAR 125,Scooter,79400.0,19850.0,0.25,59550.0,24,3872.25,0.1226,31572.58,Public School Teacher,Owned (Clean Title),Married,9.6,7,0.2917,1,0,0,0.0,0.0,0.953,0,0,active,53.0,10,4,3.49,0.9434,0,0,completed
SYNTH-00892,2,KAPATAGAN,YAMAHA,MIO SPORTY,Scooter,73900.0,7390.0,0.1,66510.0,24,4301.45,0.1431,30068.56,Employed (Private/Gov),Living with Parents/Relatives,Married,14.6,19,0.8333,2,0,1,4301.45,0.098,0.81,0,0,delinquent,27.3,12,5,4.68,0.9089,0,0,completed
SYNTH-00893,3,TUBOD,KAWASAKI,CT100B,Backbone/Utility,54000.0,10800.0,0.2,43200.0,36,2264.0,0.048,47145.2,OFW Remittance / Dependent,Owned (Clean Title),Single,4.5,30,0.8333,8,0,0,0.0,0.0,0.918,0,0,active,15.3,12,4,4.39,1.0845,1,0,early_settled
SYNTH-00894,3,TUBOD,SUZUKI,SMASH 115,Underbone,62400.0,15600.0,0.25,46800.0,24,3086.0,0.1662,18567.28,Agri / Farmer / Fisherfolk,Owned (Clean Title),Single,10.4,21,0.9583,0,2,2,6172.0,0.227,0.54,1,0,defaulted,56.2,8,3,3.01,0.5379,0,1,defaulted
SYNTH-00895,3,TUBOD,HONDA,CLICK 160,Scooter,122900.0,14748.0,0.12,108152.0,36,5367.26,0.0662,81032.9,OFW Remittance / Dependent,Owned (Clean Title),Married,3.9,2,0.0556,2,0,0,0.0,0.0,0.952,0,0,active,44.0,11,3,3.54,1.0902,0,0,completed
SYNTH-00896,2,KAPATAGAN,HONDA,TMX125 ALPHA,Backbone/Utility,57900.0,11580.0,0.2,46320.0,36,2413.07,0.0838,28786.52,Sari-Sari / Small Retail,Living with Parents/Relatives,Single,6.2,27,0.75,0,0,0,0.0,0.12,0.81,0,0,active,32.3,12,5,4.83,0.8887,0,0,completed
SYNTH-00897,2,KAPATAGAN,HONDA,PCX160,Maxi-Scooter,134900.0,16188.0,0.12,118712.0,12,12664.76,0.3684,34382.07,Public School Teacher,Rented (Apartment/House),Single,9.5,10,1.0,1,4,2,25329.52,0.256,0.563,0,0,defaulted,16.0,5,3,3.25,0.5245,0,0,defaulted
SYNTH-00898,2,KAPATAGAN,SUZUKI,SMASH 115,Underbone,62400.0,18720.0,0.3,43680.0,24,2893.6,0.0574,50396.17,OFW Remittance / Dependent,Owned (Clean Title),Married,7.0,3,0.125,3,0,0,0.0,0.0,0.978,0,0,active,63.9,8,4,3.98,0.9822,0,0,completed
SYNTH-00899,1,LALA,HONDA,ADV160,Adventure Scooter,166900.0,41725.0,0.25,125175.0,12,13343.38,0.4675,28543.65,Employed (Private/Gov),Owned (Inherited/Tax Dec),Single,17.1,10,0.9167,0,2,1,13343.38,0.159,0.518,1,0,delinquent,62.8,12,2,1.94,0.5914,0,1,defaulted
SYNTH-00900,1,LALA,KAWASAKI,ROUSER NS125,Sport Backbone,82000.0,16400.0,0.2,65600.0,24,4245.33,0.1897,22380.15,Agri / Farmer / Fisherfolk,Owned (Inherited/Tax Dec),Married,9.6,20,0.9583,0,2,3,12735.99,0.22,0.351,1,0,defaulted,44.7,4,2,1.64,0.5,0,1,defaulted
SYNTH-00901,2,KAPATAGAN,HONDA,WAVE RSX,Underbone,64900.0,9735.0,0.15,55165.0,36,2835.66,0.0748,37906.67,Public School Teacher,Living with Parents/Relatives,Married,5.4,6,0.1667,4,0,0,0.0,0.0,0.917,0,0,active,32.8,6,3,3.67,0.755,0,0,completed
SYNTH-00902,2,KAPATAGAN,SUZUKI,RAIDER 150 FI,Sport Underbone,119900.0,29975.0,0.25,89925.0,36,4496.42,0.1271,35390.16,BPO / Call Center Agent,Owned (Inherited/Tax Dec),Single,12.4,25,0.6944,1,2,0,0.0,0.091,0.662,0,0,active,36.7,11,3,3.41,0.7071,0,0,completed
SYNTH-00903,3,TUBOD,KAWASAKI,ROUSER NS125,Sport Backbone,82000.0,9840.0,0.12,72160.0,12,7776.8,0.2411,32253.85,Public School Teacher,Living with Parents/Relatives,Married,5.1,2,0.4167,0,4,3,23330.4,0.355,0.247,1,1,defaulted,50.1,3,2,2.05,0.5,0,1,defaulted
SYNTH-00904,2,KAPATAGAN,HONDA,BEAT PREMIUM,Scooter,72400.0,21720.0,0.3,50680.0,24,3325.27,0.1148,28969.96,BPO / Call Center Agent,Living with Parents/Relatives,Married,12.2,19,0.7917,0,1,0,0.0,0.08,0.844,0,0,active,42.2,1,4,3.53,0.735,0,0,completed
SYNTH-00905,1,LALA,YAMAHA,NMAX 155,Maxi-Scooter,151900.0,15190.0,0.1,136710.0,24,8630.45,0.3207,26908.97,BPO / Call Center Agent,Living with Parents/Relatives,Married,6.2,4,0.25,0,3,2,17260.9,0.21,0.472,0,1,defaulted,52.4,10,3,2.99,0.523,0,1,defaulted
SYNTH-00906,2,KAPATAGAN,SUZUKI,BURGMAN STREET 125,Maxi-Scooter,83400.0,10008.0,0.12,73392.0,24,4725.84,0.3307,14290.71,Sari-Sari / Small Retail,Rented (Apartment/House),Widowed,6.7,6,0.375,1,3,3,14177.52,0.272,0.499,0,0,defaulted,23.3,4,5,4.68,0.5531,0,1,defaulted
SYNTH-00907,3,TUBOD,HONDA,ADV160,Adventure Scooter,166900.0,33380.0,0.2,133520.0,36,6579.29,0.2143,30700.98,BPO / Call Center Agent,Rented (Apartment/House),Married,2.7,0,0.0556,0,2,3,19737.87,0.185,0.483,0,0,defaulted,10.0,4,2,2.32,0.5,0,0,defaulted
SYNTH-00908,3,TUBOD,HONDA,BEAT PREMIUM,Scooter,72400.0,10860.0,0.15,61540.0,36,3140.24,0.0886,35440.26,Public School Teacher,Living with Parents/Relatives,Single,8.9,10,0.2778,6,0,0,0.0,0.0,0.941,0,0,active,47.5,3,4,4.11,0.9856,0,0,completed
SYNTH-00909,2,KAPATAGAN,HONDA,CLICK 125I,Scooter,81400.0,12210.0,0.15,69190.0,36,3505.74,0.1808,19390.81,Tricycle / PUV Operator,Owned (Inherited/Tax Dec),Married,4.4,18,0.5556,0,2,2,7011.48,0.236,0.443,0,0,defaulted,45.5,3,4,3.76,0.5,0,1,defaulted
SYNTH-00910,3,TUBOD,SUZUKI,SMASH 115,Underbone,62400.0,9360.0,0.15,53040.0,24,3470.8,0.1716,20220.82,Agri / Farmer / Fisherfolk,Living with Parents/Relatives,Single,6.1,2,0.1667,0,4,2,6941.6,0.426,0.337,0,0,defaulted,39.4,12,3,2.71,0.5,0,0,defaulted
SYNTH-00911,1,LALA,HONDA,ADV160,Adventure Scooter,166900.0,20028.0,0.12,146872.0,36,7217.22,0.2159,33434.31,BPO / Call Center Agent,Owned (Inherited/Tax Dec),Married,3.7,22,0.7222,0,3,4,28868.88,0.385,0.381,0,0,defaulted,30.7,11,2,1.08,0.5,0,1,defaulted
SYNTH-00912,3,TUBOD,SUZUKI,BURGMAN STREET 125,Maxi-Scooter,83400.0,12510.0,0.15,70890.0,36,3586.97,0.1278,28075.43,Employed (Private/Gov),Owned (Inherited/Tax Dec),Married,6.1,24,0.6667,6,0,0,0.0,0.0,0.915,0,0,active,54.1,1,2,1.83,0.8207,0,0,completed
SYNTH-00913,3,TUBOD,YAMAHA,MIO FAZZIO,Retro Scooter,93900.0,9390.0,0.1,84510.0,24,5411.45,0.3221,16802.64,Employed (Private/Gov),Owned (Inherited/Tax Dec),Married,6.2,6,0.2917,0,4,1,5411.45,0.221,0.33,1,0,delinquent,61.5,5,2,1.79,0.5,0,1,defaulted
SYNTH-00914,2,KAPATAGAN,YAMAHA,MIO FAZZIO,Retro Scooter,93900.0,18780.0,0.2,75120.0,12,8087.6,0.674,12000.0,Tricycle / PUV Operator,Rented (Apartment/House),Single,8.1,2,0.25,0,4,1,8087.6,0.251,0.378,0,1,delinquent,27.4,2,3,2.56,0.5,0,1,defaulted
SYNTH-00915,3,TUBOD,YAMAHA,MIO FAZZIO,Retro Scooter,93900.0,23475.0,0.25,70425.0,24,4542.88,0.3582,12681.08,Agri / Farmer / Fisherfolk,Owned (Clean Title),Married,11.6,16,0.7083,0,4,1,4542.88,0.207,0.23,0,0,delinquent,30.7,1,2,1.95,0.5,0,1,defaulted
SYNTH-00916,2,KAPATAGAN,YAMAHA,NMAX 155,Maxi-Scooter,151900.0,30380.0,0.2,121520.0,24,7693.73,0.2192,35091.37,OFW Remittance / Dependent,Owned (Clean Title),Widowed,10.5,22,0.9583,2,2,1,7693.73,0.046,0.615,0,0,delinquent,51.8,7,3,2.88,0.6052,0,1,defaulted
SYNTH-00917,3,TUBOD,YAMAHA,MIO FAZZIO,Retro Scooter,93900.0,28170.0,0.3,65730.0,12,7101.65,0.3909,18169.09,Agri / Farmer / Fisherfolk,Owned (Clean Title),Married,5.5,6,0.8333,0,2,4,28406.6,0.319,0.428,0,0,defaulted,50.3,8,2,1.64,0.5,0,1,defaulted
SYNTH-00918,2,KAPATAGAN,YAMAHA,MIO GEAR 125,Scooter,79400.0,23820.0,0.3,55580.0,24,3627.43,0.1207,30047.77,Employed (Private/Gov),Living with Parents/Relatives,Married,7.9,9,0.4167,0,2,1,3627.43,0.052,0.824,0,0,delinquent,16.9,1,4,4.26,0.6632,0,0,completed
SYNTH-00919,2,KAPATAGAN,YAMAHA,MIO SPORTY,Scooter,73900.0,7390.0,0.1,66510.0,24,4301.45,0.0696,61843.96,OFW Remittance / Dependent,Owned (Clean Title),Single,23.0,18,0.75,12,0,0,0.0,0.0,0.918,0,0,active,15.3,3,6,6.46,0.976,1,0,early_settled
SYNTH-00920,1,LALA,SUZUKI,SMASH 115,Underbone,62400.0,12480.0,0.2,49920.0,24,3278.4,0.0704,46566.97,Employed (Private/Gov),Owned (Inherited/Tax Dec),Married,8.6,9,0.375,6,0,0,0.0,0.0,0.944,0,0,active,47.3,12,4,3.73,1.0998,0,0,completed
SYNTH-00921,3,TUBOD,KAWASAKI,P24KK (BARAKO II),Backbone/Tricycle,68500.0,10275.0,0.15,58225.0,12,6313.62,0.3567,17700.98,Agri / Farmer / Fisherfolk,Rented (Apartment/House),Single,5.3,0,0.0833,0,1,4,25254.48,0.215,0.501,0,0,defaulted,53.9,11,3,3.06,0.6001,0,1,defaulted
SYNTH-00922,3,TUBOD,KAWASAKI,ROUSER NS125,Sport Backbone,82000.0,24600.0,0.3,57400.0,12,6227.0,0.1711,36392.26,BPO / Call Center Agent,Rented (Apartment/House),Single,5.7,1,0.4167,1,1,4,24908.0,0.334,0.641,0,0,defaulted,11.2,5,2,1.76,0.658,0,1,defaulted
SYNTH-00923,3,TUBOD,SUZUKI,RAIDER 150 FI,Sport Underbone,119900.0,23980.0,0.2,95920.0,24,6115.07,0.3419,17883.9,Sari-Sari / Small Retail,Owned (Inherited/Tax Dec),Single,14.3,5,0.2917,0,3,2,12230.14,0.253,0.513,1,0,defaulted,50.8,3,2,2.89,0.5564,0,1,defaulted
SYNTH-00924,3,TUBOD,KAWASAKI,ROUSER NS125,Sport Backbone,82000.0,16400.0,0.2,65600.0,12,7088.0,0.5008,14153.13,OFW Remittance / Dependent,Owned (Clean Title),Widowed,8.2,8,0.9167,0,3,3,21264.0,0.251,0.212,0,0,defaulted,56.6,2,2,1.39,0.5,0,1,defaulted
SYNTH-00925,1,LALA,KAWASAKI,P24KK (BARAKO II),Backbone/Tricycle,68500.0,10275.0,0.15,58225.0,12,6313.62,0.2156,29285.51,Employed (Private/Gov),Living with Parents/Relatives,Married,6.5,8,1.0,1,4,4,25254.48,0.441,0.43,0,0,defaulted,20.4,9,6,6.07,0.5,0,1,defaulted
SYNTH-00926,1,LALA,YAMAHA,MIO SPORTY,Scooter,73900.0,8868.0,0.12,65032.0,36,3307.08,0.055,60105.0,OFW Remittance / Dependent,Living with Parents/Relatives,Married,8.7,30,0.8333,12,0,0,0.0,0.0,0.947,0,0,active,49.0,9,5,5.29,0.9264,0,0,completed
SYNTH-00927,3,TUBOD,HONDA,TMX125 ALPHA,Backbone/Utility,57900.0,17370.0,0.3,40530.0,24,2699.35,0.1509,17884.31,Tricycle / PUV Operator,Rented (Apartment/House),Married,4.9,16,0.7917,0,4,3,8098.05,0.303,0.388,1,0,defaulted,11.6,5,4,3.94,0.5,0,1,defaulted
SYNTH-00928,2,KAPATAGAN,YAMAHA,MIO SPORTY,Scooter,73900.0,18475.0,0.25,55425.0,12,6019.62,0.2911,20676.64,BPO / Call Center Agent,Rented (Apartment/House),Single,15.3,0,0.25,1,3,4,24078.48,0.374,0.59,0,0,defaulted,17.2,5,6,6.4,0.5895,0,1,defaulted
SYNTH-00929,3,TUBOD,YAMAHA,SNIPER 155,Sport Underbone,123900.0,12390.0,0.1,111510.0,24,7076.45,0.2272,31141.13,Public School Teacher,Rented (Apartment/House),Married,9.7,2,0.1667,0,2,2,14152.9,0.398,0.229,0,0,defaulted,50.9,3,2,2.39,0.5,0,1,defaulted
SYNTH-00930,3,TUBOD,YAMAHA,MIO FAZZIO,Retro Scooter,93900.0,18780.0,0.2,75120.0,36,3789.07,0.1259,30089.64,Sari-Sari / Small Retail,Rented (Apartment/House),Married,8.8,17,0.5,0,3,1,3789.07,0.289,0.554,0,0,delinquent,35.4,11,3,3.25,0.6364,0,1,defaulted
SYNTH-00931,2,KAPATAGAN,SUZUKI,RAIDER 150 FI,Sport Underbone,119900.0,23980.0,0.2,95920.0,36,4782.84,0.1777,26911.88,Sari-Sari / Small Retail,Rented (Apartment/House),Married,9.0,28,0.8333,0,4,2,9565.68,0.29,0.281,0,1,defaulted,55.7,9,3,2.84,0.5,0,1,defaulted
SYNTH-00932,2,KAPATAGAN,YAMAHA,AEROX 155,Sport Scooter,125400.0,37620.0,0.3,87780.0,24,5613.1,0.3878,14474.27,Tricycle / PUV Operator,Owned (Inherited/Tax Dec),Single,7.6,12,0.5833,0,4,2,11226.2,0.309,0.327,0,0,defaulted,22.8,10,4,4.09,0.5,0,1,defaulted
SYNTH-00933,3,TUBOD,HONDA,PCX160,Maxi-Scooter,134900.0,16188.0,0.12,118712.0,24,7520.57,0.2572,29237.57,Sari-Sari / Small Retail,Rented (Apartment/House),Single,14.4,5,0.25,1,4,1,7520.57,0.197,0.251,0,1,delinquent,34.0,11,2,2.51,0.5,0,1,defaulted
SYNTH-00934,2,KAPATAGAN,SUZUKI,SMASH 115,Underbone,62400.0,18720.0,0.3,43680.0,24,2893.6,0.1385,20888.65,Sari-Sari / Small Retail,Owned (Inherited/Tax Dec),Married,1.6,6,0.3333,0,4,2,5787.2,0.323,0.302,1,0,defaulted,33.3,4,4,3.55,0.5,0,0,defaulted
SYNTH-00935,3,TUBOD,YAMAHA,AEROX 155,Sport Scooter,125400.0,15048.0,0.12,110352.0,36,5472.37,0.1803,30350.7,BPO / Call Center Agent,Owned (Inherited/Tax Dec),Widowed,11.1,29,0.8333,0,2,1,5472.37,0.146,0.723,0,0,delinquent,28.3,4,3,2.72,0.7718,0,0,completed
SYNTH-00936,2,KAPATAGAN,HONDA,PCX160,Maxi-Scooter,134900.0,26980.0,0.2,107920.0,36,5356.18,0.1599,33502.4,Employed (Private/Gov),Owned (Clean Title),Widowed,3.9,24,0.6944,0,1,1,5356.18,0.118,0.779,0,0,delinquent,48.7,12,3,2.57,0.902,0,0,completed
SYNTH-00937,3,TUBOD,SUZUKI,SMASH 115,Underbone,62400.0,18720.0,0.3,43680.0,24,2893.6,0.1005,28786.58,Tricycle / PUV Operator,Owned (Clean Title),Widowed,10.3,2,0.0833,2,1,0,0.0,0.068,0.735,0,0,active,21.5,9,4,3.17,0.7349,0,0,completed
SYNTH-00938,3,TUBOD,YAMAHA,AEROX 155,Sport Scooter,125400.0,18810.0,0.15,106590.0,12,11391.95,0.3656,31155.91,BPO / Call Center Agent,Owned (Clean Title),Single,8.3,7,0.8333,0,2,3,34175.85,0.19,0.403,0,0,defaulted,12.6,8,3,3.13,0.5,0,0,defaulted
SYNTH-00939,1,LALA,KAWASAKI,CT100B,Backbone/Utility,54000.0,16200.0,0.3,37800.0,24,2531.0,0.058,43643.48,Employed (Private/Gov),Living with Parents/Relatives,Single,4.5,15,0.6667,1,1,1,2531.0,0.034,0.663,0,0,delinquent,10.6,8,5,4.86,0.6762,0,0,completed
SYNTH-00940,3,TUBOD,KAWASAKI,CT100B,Backbone/Utility,54000.0,6480.0,0.12,47520.0,36,2470.4,0.1224,20187.91,Sari-Sari / Small Retail,Living with Parents/Relatives,Single,4.0,32,0.9444,0,1,2,4940.8,0.169,0.464,0,0,defaulted,57.4,5,3,2.86,0.5,0,1,defaulted
SYNTH-00941,3,TUBOD,HONDA,TMX125 ALPHA,Backbone/Utility,57900.0,17370.0,0.3,40530.0,36,2136.43,0.0898,23792.64,Sari-Sari / Small Retail,Living with Parents/Relatives,Widowed,3.1,17,0.5278,0,2,2,4272.86,0.346,0.293,0,0,defaulted,32.9,4,3,3.19,0.5,0,1,defaulted
SYNTH-00942,1,LALA,HONDA,WAVE RSX,Underbone,64900.0,9735.0,0.15,55165.0,24,3601.84,0.1865,19317.04,Sari-Sari / Small Retail,Living with Parents/Relatives,Married,12.3,8,0.5,1,4,4,14407.36,0.352,0.554,0,1,defaulted,16.3,3,5,4.81,0.5877,0,1,defaulted
SYNTH-00943,3,TUBOD,SUZUKI,RAIDER 150 FI,Sport Underbone,119900.0,23980.0,0.2,95920.0,36,4782.84,0.0618,77434.58,OFW Remittance / Dependent,Living with Parents/Relatives,Widowed,2.7,10,0.3056,3,0,1,4782.84,0.144,0.682,0,0,delinquent,59.6,6,2,2.29,0.6462,0,1,defaulted
SYNTH-00944,1,LALA,KAWASAKI,ROUSER NS125,Sport Backbone,82000.0,24600.0,0.3,57400.0,12,6227.0,0.1854,33588.25,Public School Teacher,Owned (Inherited/Tax Dec),Married,10.9,1,0.1667,1,1,1,6227.0,0.033,0.604,0,0,delinquent,25.5,1,2,1.56,0.5,0,0,completed
SYNTH-00945,3,TUBOD,SUZUKI,RAIDER 150 FI,Sport Underbone,119900.0,23980.0,0.2,95920.0,36,4782.84,0.1311,36495.32,Public School Teacher,Owned (Inherited/Tax Dec),Married,8.4,7,0.1944,3,0,0,0.0,0.0,0.948,0,0,active,46.0,9,2,2.05,0.9691,0,0,completed
SYNTH-00946,1,LALA,KAWASAKI,CT100B,Backbone/Utility,54000.0,13500.0,0.25,40500.0,24,2697.5,0.1144,23576.45,Sari-Sari / Small Retail,Owned (Clean Title),Single,7.3,8,0.3333,1,1,0,0.0,0.077,0.623,0,0,active,22.7,4,5,5.17,0.6634,0,0,completed
SYNTH-00947,1,LALA,YAMAHA,AEROX 155,Sport Scooter,125400.0,12540.0,0.1,112860.0,24,7159.7,0.2071,34571.11,Public School Teacher,Owned (Clean Title),Married,6.3,24,1.0,1,2,0,0.0,0.147,0.646,0,0,active,64.7,5,3,2.56,0.6127,0,1,defaulted
SYNTH-00948,1,LALA,HONDA,WAVE RSX,Underbone,64900.0,16225.0,0.25,48675.0,24,3201.62,0.0811,39475.71,Public School Teacher,Owned (Inherited/Tax Dec),Widowed,4.1,2,0.0833,2,0,0,0.0,0.0,0.892,0,0,active,63.5,11,4,4.17,0.9725,0,0,completed
SYNTH-00949,1,LALA,HONDA,WAVE RSX,Underbone,64900.0,7788.0,0.12,57112.0,12,6196.76,0.2403,25782.53,BPO / Call Center Agent,Owned (Clean Title),Widowed,5.7,0,0.1667,1,2,4,24787.04,0.364,0.493,1,1,defaulted,47.8,2,4,3.6,0.507,0,1,defaulted
SYNTH-00950,3,TUBOD,YAMAHA,AEROX 155,Sport Scooter,125400.0,18810.0,0.15,106590.0,36,5292.63,0.3703,14292.73,Agri / Farmer / Fisherfolk,Owned (Inherited/Tax Dec),Widowed,12.8,23,0.75,1,3,4,21170.52,0.197,0.391,0,0,defaulted,33.5,5,2,1.86,0.5,0,1,defaulted
SYNTH-00951,3,TUBOD,KAWASAKI,ROUSER NS125,Sport Backbone,82000.0,20500.0,0.25,61500.0,12,6657.5,0.1269,52453.55,OFW Remittance / Dependent,Owned (Inherited/Tax Dec),Married,14.6,9,0.75,5,0,0,0.0,0.0,0.945,0,0,active,60.0,2,2,2.01,0.9363,0,0,completed
SYNTH-00952,1,LALA,YAMAHA,SNIPER 155,Sport Underbone,123900.0,14868.0,0.12,109032.0,24,6923.64,0.2366,29258.32,Employed (Private/Gov),Living with Parents/Relatives,Widowed,7.6,2,0.125,0,3,1,6923.64,0.416,0.261,0,0,delinquent,35.9,9,3,3.08,0.5,0,1,defaulted
SYNTH-00953,1,LALA,HONDA,WAVE RSX,Underbone,64900.0,16225.0,0.25,48675.0,12,5310.88,0.2368,22425.67,Agri / Farmer / Fisherfolk,Owned (Clean Title),Married,11.8,4,0.4167,0,4,1,5310.88,0.304,0.379,0,0,delinquent,54.2,11,4,3.52,0.5,0,1,defaulted
SYNTH-00954,1,LALA,YAMAHA,MIO SPORTY,Scooter,73900.0,8868.0,0.12,65032.0,36,3307.08,0.1221,27076.51,Public School Teacher,Owned (Inherited/Tax Dec),Widowed,7.8,11,0.3056,6,0,0,0.0,0.0,0.911,0,0,active,47.4,8,5,5.05,0.8899,0,0,completed
SYNTH-00955,3,TUBOD,YAMAHA,NMAX 155,Maxi-Scooter,151900.0,30380.0,0.2,121520.0,36,6005.96,0.4021,14937.78,Agri / Farmer / Fisherfolk,Living with Parents/Relatives,Married,9.5,17,0.5556,0,2,3,18017.88,0.347,0.604,1,0,defaulted,58.5,8,3,4.03,0.6193,0,1,defaulted
SYNTH-00956,2,KAPATAGAN,YAMAHA,NMAX 155,Maxi-Scooter,151900.0,30380.0,0.2,121520.0,12,12959.6,0.6871,18860.38,Sari-Sari / Small Retail,Rented (Apartment/House),Widowed,1.8,0,0.0833,0,3,2,25919.2,0.236,0.374,0,0,defaulted,24.8,12,5,4.67,0.5,0,1,defaulted
SYNTH-00957,1,LALA,HONDA,WAVE RSX,Underbone,64900.0,6490.0,0.1,58410.0,36,2990.7,0.1355,22072.88,Tricycle / PUV Operator,Living with Parents/Relatives,Married,4.8,18,0.5833,0,4,3,8972.1,0.416,0.546,0,0,defaulted,22.2,10,5,4.32,0.5406,0,1,defaulted
SYNTH-00958,3,TUBOD,YAMAHA,AEROX 155,Sport Scooter,125400.0,15048.0,0.12,110352.0,12,11786.96,0.9822,12000.0,Agri / Farmer / Fisherfolk,Living with Parents/Relatives,Single,8.2,2,0.5,1,4,4,47147.84,0.404,0.502,0,0,defaulted,10.5,7,3,3.29,0.5168,0,1,defaulted
SYNTH-00959,3,TUBOD,YAMAHA,SNIPER 155,Sport Underbone,123900.0,12390.0,0.1,111510.0,12,11908.55,0.3251,36631.69,Public School Teacher,Living with Parents/Relatives,Widowed,8.0,8,0.9167,0,3,3,35725.65,0.306,0.356,0,0,defaulted,46.0,12,2,2.58,0.5,0,1,defaulted
SYNTH-00960,1,LALA,YAMAHA,MIO SPORTY,Scooter,73900.0,18475.0,0.25,55425.0,36,2848.08,0.1878,15168.55,Agri / Farmer / Fisherfolk,Rented (Apartment/House),Married,6.5,19,0.5556,1,2,1,2848.08,0.356,0.384,0,0,delinquent,23.7,11,8,8.31,0.5,0,1,defaulted
SYNTH-00961,2,KAPATAGAN,SUZUKI,SMASH 115,Underbone,62400.0,6240.0,0.1,56160.0,12,6096.8,0.238,25620.18,Sari-Sari / Small Retail,Living with Parents/Relatives,Single,10.6,9,1.0,1,3,3,18290.4,0.22,0.248,0,0,defaulted,62.3,3,4,4.42,0.5,0,0,defaulted
SYNTH-00962,2,KAPATAGAN,YAMAHA,AEROX 155,Sport Scooter,125400.0,37620.0,0.3,87780.0,24,5613.1,0.1475,38061.52,Public School Teacher,Rented (Apartment/House),Married,6.9,23,0.9583,2,1,0,0.0,0.043,0.816,0,0,active,47.8,7,3,2.62,0.808,0,0,completed
SYNTH-00963,2,KAPATAGAN,YAMAHA,SNIPER 155,Sport Underbone,123900.0,30975.0,0.25,92925.0,36,4639.75,0.22,21093.42,Agri / Farmer / Fisherfolk,Owned (Clean Title),Single,6.3,23,0.6667,0,4,1,4639.75,0.39,0.564,0,0,delinquent,35.1,9,3,3.54,0.5504,0,1,defaulted
SYNTH-00964,2,KAPATAGAN,KAWASAKI,ROUSER NS125,Sport Backbone,82000.0,20500.0,0.25,61500.0,36,3138.33,0.0985,31861.99,Sari-Sari / Small Retail,Living with Parents/Relatives,Single,5.6,6,0.1667,0,2,0,0.0,0.08,0.666,0,0,active,34.7,2,2,1.7,0.7029,0,0,completed
SYNTH-00965,3,TUBOD,YAMAHA,AEROX 155,Sport Scooter,125400.0,25080.0,0.2,100320.0,36,4993.07,0.2137,23367.34,Sari-Sari / Small Retail,Owned (Inherited/Tax Dec),Single,3.6,16,0.5,0,4,2,9986.14,0.218,0.386,0,1,defaulted,42.1,6,2,1.71,0.5,0,1,defaulted
SYNTH-00966,2,KAPATAGAN,SUZUKI,RAIDER 150 FI,Sport Underbone,119900.0,17985.0,0.15,101915.0,24,6484.76,0.5404,12000.0,Agri / Farmer / Fisherfolk,Rented (Apartment/House),Single,2.4,0,0.0417,1,4,1,6484.76,0.28,0.596,1,0,delinquent,32.7,4,3,3.0,0.6312,0,1,defaulted
SYNTH-00967,3,TUBOD,YAMAHA,MIO SPORTY,Scooter,73900.0,18475.0,0.25,55425.0,36,2848.08,0.1338,21281.97,Sari-Sari / Small Retail,Rented (Apartment/House),Married,18.6,21,0.6389,1,2,2,5696.16,0.226,0.28,0,1,defaulted,54.6,1,3,2.48,0.5,0,1,defaulted
SYNTH-00968,3,TUBOD,HONDA,CLICK 160,Scooter,122900.0,18435.0,0.15,104465.0,36,5191.11,0.2893,17944.66,Agri / Farmer / Fisherfolk,Owned (Inherited/Tax Dec),Married,6.0,19,0.5833,0,2,2,10382.22,0.31,0.519,1,0,defaulted,17.9,4,4,4.14,0.5319,0,1,defaulted
SYNTH-00969,2,KAPATAGAN,HONDA,CLICK 125I,Scooter,81400.0,16280.0,0.2,65120.0,36,3311.29,0.1113,29763.49,Public School Teacher,Rented (Apartment/House),Single,11.2,2,0.0556,3,2,0,0.0,0.033,0.622,0,0,active,20.3,7,5,5.65,0.5689,0,0,completed
SYNTH-00970,1,LALA,HONDA,WAVE RSX,Underbone,64900.0,7788.0,0.12,57112.0,12,6196.76,0.4373,14171.02,Agri / Farmer / Fisherfolk,Rented (Apartment/House),Single,8.6,7,0.75,1,1,2,12393.52,0.322,0.412,0,1,defaulted,24.4,10,5,4.74,0.5,0,1,defaulted
SYNTH-00971,2,KAPATAGAN,YAMAHA,MIO SPORTY,Scooter,73900.0,18475.0,0.25,55425.0,36,2848.08,0.0709,40159.95,BPO / Call Center Agent,Owned (Inherited/Tax Dec),Married,6.8,24,0.6667,8,0,0,0.0,0.0,0.86,0,0,active,25.9,2,4,4.22,0.8855,0,0,completed
SYNTH-00972,2,KAPATAGAN,HONDA,CLICK 125I,Scooter,81400.0,8140.0,0.1,73260.0,24,4717.7,0.1858,25393.34,Employed (Private/Gov),Rented (Apartment/House),Widowed,17.4,11,0.5,0,3,1,4717.7,0.308,0.58,0,0,delinquent,37.3,12,5,5.12,0.6881,0,1,defaulted
SYNTH-00973,1,LALA,YAMAHA,MIO FAZZIO,Retro Scooter,93900.0,14085.0,0.15,79815.0,36,4013.38,0.1097,36568.79,BPO / Call Center Agent,Owned (Clean Title),Married,3.9,3,0.0833,1,0,0,0.0,0.13,0.697,0,0,active,21.8,3,4,4.54,0.7118,0,1,defaulted
SYNTH-00974,1,LALA,YAMAHA,SNIPER 155,Sport Underbone,123900.0,14868.0,0.12,109032.0,24,6923.64,0.577,12000.0,Agri / Farmer / Fisherfolk,Owned (Clean Title),Single,3.6,21,1.0,1,3,3,20770.92,0.226,0.534,0,0,defaulted,64.0,3,3,2.69,0.5,0,1,defaulted
SYNTH-00975,3,TUBOD,HONDA,BEAT PREMIUM,Scooter,72400.0,7240.0,0.1,65160.0,36,3313.2,0.1939,17084.16,Tricycle / PUV Operator,Owned (Inherited/Tax Dec),Married,5.9,9,0.3056,0,4,2,6626.4,0.33,0.466,1,0,defaulted,13.0,5,5,4.33,0.5,0,0,defaulted
SYNTH-00976,3,TUBOD,YAMAHA,MIO SPORTY,Scooter,73900.0,14780.0,0.2,59120.0,12,6407.6,0.1598,40086.72,Employed (Private/Gov),Owned (Clean Title),Married,33.9,1,0.0833,1,1,0,0.0,0.019,0.626,0,0,active,20.8,12,6,5.71,0.7268,0,0,completed
SYNTH-00977,3,TUBOD,HONDA,TMX125 ALPHA,Backbone/Utility,57900.0,6948.0,0.12,50952.0,24,3342.04,0.1011,33047.13,Public School Teacher,Owned (Clean Title),Single,4.7,3,0.125,3,0,0,0.0,0.035,0.814,0,0,active,37.1,7,3,2.78,0.7817,0,0,completed
SYNTH-00978,3,TUBOD,YAMAHA,AEROX 155,Sport Scooter,125400.0,18810.0,0.15,106590.0,24,6773.05,0.1518,44627.65,Public School Teacher,Owned (Clean Title),Married,6.9,5,0.2083,3,0,0,0.0,0.0,0.971,0,0,active,31.9,11,3,3.1,1.1,0,0,completed
SYNTH-00979,3,TUBOD,YAMAHA,MIO GEAR 125,Scooter,79400.0,19850.0,0.25,59550.0,24,3872.25,0.1813,21358.93,Sari-Sari / Small Retail,Owned (Clean Title),Widowed,4.2,5,0.2917,0,2,2,7744.5,0.273,0.45,0,1,defaulted,17.9,12,5,5.41,0.5,0,1,defaulted
SYNTH-00980,1,LALA,YAMAHA,MIO FAZZIO,Retro Scooter,93900.0,11268.0,0.12,82632.0,12,8876.36,0.1931,45970.91,OFW Remittance / Dependent,Owned (Clean Title),Married,10.5,11,1.0,2,1,1,8876.36,0.071,0.742,0,0,delinquent,14.8,10,4,3.99,0.7945,0,0,completed
SYNTH-00981,2,KAPATAGAN,HONDA,BEAT PREMIUM,Scooter,72400.0,18100.0,0.25,54300.0,36,2794.33,0.0451,62003.43,OFW Remittance / Dependent,Rented (Apartment/House),Married,8.0,3,0.0833,3,2,0,0.0,0.107,0.635,0,0,active,17.5,1,5,4.54,0.5,0,0,completed
SYNTH-00982,1,LALA,HONDA,CLICK 160,Scooter,122900.0,12290.0,0.1,110610.0,24,7020.95,0.5343,13140.41,Agri / Farmer / Fisherfolk,Owned (Inherited/Tax Dec),Married,6.7,16,0.7917,0,4,3,21062.85,0.227,0.544,1,0,defaulted,47.8,7,4,4.0,0.5514,0,0,defaulted
SYNTH-00983,2,KAPATAGAN,HONDA,WAVE RSX,Underbone,64900.0,9735.0,0.15,55165.0,12,5992.32,0.2119,28278.05,BPO / Call Center Agent,Living with Parents/Relatives,Widowed,12.6,8,0.9167,1,3,3,17976.96,0.187,0.218,0,1,defaulted,56.5,8,3,2.54,0.5,0,1,defaulted
SYNTH-00984,3,TUBOD,YAMAHA,AEROX 155,Sport Scooter,125400.0,18810.0,0.15,106590.0,36,5292.63,0.2103,25168.21,Tricycle / PUV Operator,Owned (Clean Title),Married,2.7,4,0.1389,0,4,1,5292.63,0.257,0.464,0,1,delinquent,14.6,8,3,3.31,0.5,0,1,defaulted
SYNTH-00985,1,LALA,HONDA,ADV160,Adventure Scooter,166900.0,25035.0,0.15,141865.0,36,6977.99,0.2402,29049.78,Sari-Sari / Small Retail,Living with Parents/Relatives,Married,2.6,27,0.8056,0,1,2,13955.98,0.229,0.376,0,0,defaulted,49.6,4,2,1.39,0.5,0,0,defaulted
SYNTH-00986,1,LALA,KAWASAKI,P24KK (BARAKO II),Backbone/Tricycle,68500.0,10275.0,0.15,58225.0,36,2981.86,0.1413,21109.16,Agri / Farmer / Fisherfolk,Owned (Clean Title),Married,6.7,33,0.9444,1,2,1,2981.86,0.325,0.426,0,0,delinquent,23.3,9,6,6.08,0.5,0,1,defaulted
SYNTH-00987,1,LALA,YAMAHA,MIO GEAR 125,Scooter,79400.0,19850.0,0.25,59550.0,24,3872.25,0.0978,39610.39,Public School Teacher,Owned (Clean Title),Married,7.2,8,0.3333,3,0,0,0.0,0.0,0.916,0,0,active,47.9,9,4,3.99,0.9016,0,0,completed
SYNTH-00988,3,TUBOD,YAMAHA,NMAX 155,Maxi-Scooter,151900.0,30380.0,0.2,121520.0,12,12959.6,0.9816,13202.86,Agri / Farmer / Fisherfolk,Owned (Inherited/Tax Dec),Married,6.5,1,0.4167,0,4,4,51838.4,0.322,0.229,0,1,defaulted,54.9,1,2,2.83,0.5,0,0,defaulted
SYNTH-00989,1,LALA,KAWASAKI,CT100B,Backbone/Utility,54000.0,13500.0,0.25,40500.0,36,2135.0,0.1003,21283.99,Tricycle / PUV Operator,Living with Parents/Relatives,Married,11.7,3,0.1389,0,4,2,4270.0,0.275,0.513,1,0,defaulted,29.3,4,4,4.3,0.5968,0,1,defaulted
SYNTH-00990,2,KAPATAGAN,HONDA,TMX125 ALPHA,Backbone/Utility,57900.0,6948.0,0.12,50952.0,24,3342.04,0.1769,18892.44,Tricycle / PUV Operator,Rented (Apartment/House),Widowed,4.3,9,0.5,0,2,3,10026.12,0.326,0.296,1,0,defaulted,27.6,10,4,3.98,0.5,0,1,defaulted
SYNTH-00991,3,TUBOD,HONDA,BEAT PREMIUM,Scooter,72400.0,10860.0,0.15,61540.0,36,3140.24,0.0746,42116.54,Public School Teacher,Rented (Apartment/House),Married,11.4,0,0.0278,0,2,1,3140.24,0.047,0.775,0,0,delinquent,55.7,10,3,2.83,0.7665,0,0,completed
SYNTH-00992,2,KAPATAGAN,KAWASAKI,P24KK (BARAKO II),Backbone/Tricycle,68500.0,17125.0,0.25,51375.0,36,2654.58,0.1329,19979.57,Tricycle / PUV Operator,Rented (Apartment/House),Married,8.4,27,0.8333,0,1,3,7963.74,0.247,0.263,0,0,defaulted,61.9,5,4,4.05,0.5,0,1,defaulted
SYNTH-00993,1,LALA,YAMAHA,AEROX 155,Sport Scooter,125400.0,15048.0,0.12,110352.0,36,5472.37,0.1596,34288.47,BPO / Call Center Agent,Owned (Inherited/Tax Dec),Widowed,5.8,33,0.9444,0,0,1,5472.37,0.091,0.789,0,0,delinquent,44.6,8,3,3.47,0.8328,0,0,completed
SYNTH-00994,3,TUBOD,YAMAHA,NMAX 155,Maxi-Scooter,151900.0,22785.0,0.15,129115.0,36,6368.83,0.2006,31748.27,BPO / Call Center Agent,Owned (Clean Title),Single,6.8,17,0.5,2,2,1,6368.83,0.131,0.794,0,0,delinquent,55.6,6,2,1.05,0.766,0,0,completed
SYNTH-00995,1,LALA,HONDA,CLICK 125I,Scooter,81400.0,9768.0,0.12,71632.0,24,4617.31,0.0954,48389.67,Employed (Private/Gov),Rented (Apartment/House),Married,2.0,18,0.7917,0,3,1,4617.31,0.335,0.217,0,0,delinquent,42.7,10,4,4.11,0.5,0,1,defaulted
SYNTH-00996,3,TUBOD,YAMAHA,MIO FAZZIO,Retro Scooter,93900.0,23475.0,0.25,70425.0,24,4542.88,0.2494,18215.29,Sari-Sari / Small Retail,Rented (Apartment/House),Single,8.1,20,0.875,0,1,1,4542.88,0.268,0.641,0,1,delinquent,46.7,12,3,2.82,0.7188,0,1,defaulted
SYNTH-00997,3,TUBOD,YAMAHA,NMAX 155,Maxi-Scooter,151900.0,30380.0,0.2,121520.0,24,7693.73,0.305,25224.1,Agri / Farmer / Fisherfolk,Rented (Apartment/House),Single,13.0,11,0.625,1,1,4,30774.92,0.267,0.602,0,0,defaulted,31.5,11,3,2.33,0.6806,0,1,defaulted
SYNTH-00998,1,LALA,HONDA,WAVE RSX,Underbone,64900.0,9735.0,0.15,55165.0,24,3601.84,0.1294,27831.94,Sari-Sari / Small Retail,Owned (Inherited/Tax Dec),Single,5.1,4,0.1667,2,1,0,0.0,0.037,0.833,0,0,active,55.3,5,4,4.19,0.7841,0,0,completed
SYNTH-00999,2,KAPATAGAN,YAMAHA,MIO GEAR 125,Scooter,79400.0,7940.0,0.1,71460.0,24,4606.7,0.0883,52170.38,OFW Remittance / Dependent,Owned (Inherited/Tax Dec),Married,6.3,11,0.4583,8,0,0,0.0,0.0,0.898,0,0,active,43.5,11,4,4.14,1.0617,0,0,completed
SYNTH-01000,2,KAPATAGAN,HONDA,TMX125 ALPHA,Backbone/Utility,57900.0,6948.0,0.12,50952.0,36,2634.37,0.0756,34856.97,Public School Teacher,Living with Parents/Relatives,Widowed,9.8,32,0.8889,2,0,0,0.0,0.0,0.918,0,0,active,46.4,6,4,3.91,0.8087,0,0,completed
SYNTH-01001,2,KAPATAGAN,SUZUKI,SMASH 115,Underbone,62400.0,6240.0,0.1,56160.0,36,2883.2,0.1103,26144.24,Tricycle / PUV Operator,Owned (Inherited/Tax Dec),Married,9.4,5,0.1667,3,1,1,2883.2,0.017,0.617,0,0,delinquent,14.4,12,6,6.23,0.663,0,0,completed
SYNTH-01002,2,KAPATAGAN,YAMAHA,MIO GEAR 125,Scooter,79400.0,9528.0,0.12,69872.0,36,3538.33,0.0475,74478.68,OFW Remittance / Dependent,Rented (Apartment/House),Married,1.3,19,0.5833,0,1,2,7076.66,0.343,0.524,0,0,defaulted,45.7,9,4,3.73,0.5593,0,1,defaulted
SYNTH-01003,2,KAPATAGAN,SUZUKI,SMASH 115,Underbone,62400.0,6240.0,0.1,56160.0,24,3663.2,0.1308,28003.51,Sari-Sari / Small Retail,Owned (Inherited/Tax Dec),Widowed,19.1,6,0.2917,0,0,1,3663.2,0.056,0.774,0,0,delinquent,21.2,6,4,4.19,0.6358,0,1,defaulted
SYNTH-01004,3,TUBOD,YAMAHA,MIO GEAR 125,Scooter,79400.0,23820.0,0.3,55580.0,12,6035.9,0.2144,28146.24,BPO / Call Center Agent,Owned (Inherited/Tax Dec),Widowed,1.2,2,0.4167,1,1,3,18107.7,0.2,0.432,0,0,defaulted,34.0,9,3,3.07,0.5,0,1,defaulted
SYNTH-01005,1,LALA,KAWASAKI,CT100B,Backbone/Utility,54000.0,6480.0,0.12,47520.0,36,2470.4,0.1216,20315.99,Employed (Private/Gov),Rented (Apartment/House),Married,12.8,14,0.4444,0,4,2,4940.8,0.299,0.46,1,0,defaulted,30.2,10,3,3.22,0.5,0,0,defaulted
SYNTH-01006,2,KAPATAGAN,YAMAHA,AEROX 155,Sport Scooter,125400.0,31350.0,0.25,94050.0,12,10075.25,0.3513,28679.89,BPO / Call Center Agent,Owned (Inherited/Tax Dec),Widowed,6.2,7,0.8333,0,4,3,30225.75,0.162,0.566,0,0,defaulted,57.9,5,3,3.31,0.5283,0,1,defaulted
SYNTH-01007,2,KAPATAGAN,YAMAHA,MIO GEAR 125,Scooter,79400.0,7940.0,0.1,71460.0,24,4606.7,0.1849,24910.5,OFW Remittance / Dependent,Owned (Inherited/Tax Dec),Married,6.1,23,0.9583,1,1,0,0.0,0.085,0.695,0,0,active,49.1,2,4,3.68,0.6389,0,0,completed
SYNTH-01008,3,TUBOD,YAMAHA,SNIPER 155,Sport Underbone,123900.0,30975.0,0.25,92925.0,36,4639.75,0.1583,29306.28,Sari-Sari / Small Retail,Living with Parents/Relatives,Single,5.0,13,0.4167,1,3,2,9279.5,0.182,0.524,0,0,defaulted,21.6,10,3,3.24,0.5382,0,1,defaulted
SYNTH-01009,2,KAPATAGAN,YAMAHA,SNIPER 155,Sport Underbone,123900.0,14868.0,0.12,109032.0,36,5409.31,0.2479,21821.05,Sari-Sari / Small Retail,Rented (Apartment/House),Single,3.8,1,0.0556,1,4,1,5409.31,0.287,0.316,0,0,delinquent,41.4,2,3,2.87,0.5,0,1,defaulted
SYNTH-01010,3,TUBOD,YAMAHA,MIO GEAR 125,Scooter,79400.0,23820.0,0.3,55580.0,36,2855.49,0.0887,32184.65,Employed (Private/Gov),Living with Parents/Relatives,Married,9.6,2,0.0556,3,1,0,0.0,0.006,0.737,0,0,active,62.3,8,3,2.38,0.7587,0,0,completed
SYNTH-01011,2,KAPATAGAN,SUZUKI,SMASH 115,Underbone,62400.0,15600.0,0.25,46800.0,12,5114.0,0.2774,18438.37,Tricycle / PUV Operator,Living with Parents/Relatives,Married,9.0,6,0.5833,0,3,1,5114.0,0.427,0.291,0,1,delinquent,31.6,10,4,4.18,0.5,0,1,defaulted
SYNTH-01012,1,LALA,HONDA,PCX160,Maxi-Scooter,134900.0,40470.0,0.3,94430.0,36,4711.66,0.3926,12000.0,Sari-Sari / Small Retail,Owned (Clean Title),Widowed,8.4,11,0.3611,0,2,2,9423.32,0.159,0.427,1,0,defaulted,38.4,6,2,2.54,0.5,0,1,defaulted
SYNTH-01013,1,LALA,HONDA,ADV160,Adventure Scooter,166900.0,33380.0,0.2,133520.0,24,8433.73,0.2208,38198.34,BPO / Call Center Agent,Rented (Apartment/House),Widowed,4.1,4,0.2083,0,2,1,8433.73,0.367,0.543,1,1,delinquent,35.8,5,2,1.61,0.5249,0,1,defaulted
SYNTH-01014,2,KAPATAGAN,HONDA,PCX160,Maxi-Scooter,134900.0,20235.0,0.15,114665.0,12,12239.82,0.2651,46174.19,Public School Teacher,Living with Parents/Relatives,Widowed,4.0,8,0.9167,1,1,3,36719.46,0.27,0.262,0,1,defaulted,13.9,10,3,3.7,0.5,0,1,defaulted
SYNTH-01015,1,LALA,SUZUKI,SMASH 115,Underbone,62400.0,15600.0,0.25,46800.0,12,5114.0,0.1084,47183.1,Employed (Private/Gov),Living with Parents/Relatives,Single,6.2,0,0.0833,0,1,1,5114.0,0.043,0.818,0,0,delinquent,53.6,10,4,3.34,0.8536,0,0,completed
SYNTH-01016,3,TUBOD,YAMAHA,MIO GEAR 125,Scooter,79400.0,19850.0,0.25,59550.0,12,6452.75,0.2764,23341.85,Agri / Farmer / Fisherfolk,Owned (Clean Title),Married,3.5,5,0.6667,0,2,3,19358.25,0.193,0.331,1,0,defaulted,49.5,6,3,3.22,0.5,0,1,defaulted
SYNTH-01017,3,TUBOD,HONDA,TMX125 ALPHA,Backbone/Utility,57900.0,11580.0,0.2,46320.0,36,2413.07,0.0797,30258.19,BPO / Call Center Agent,Owned (Inherited/Tax Dec),Married,9.9,2,0.0556,1,0,0,0.0,0.0,0.919,0,0,active,43.2,9,3,2.29,0.9105,0,0,completed
SYNTH-01018,1,LALA,KAWASAKI,ROUSER NS125,Sport Backbone,82000.0,20500.0,0.25,61500.0,36,3138.33,0.0386,81228.44,OFW Remittance / Dependent,Owned (Clean Title),Married,5.1,34,0.9444,3,0,0,0.0,0.0,0.909,0,0,active,43.1,2,2,2.17,0.9063,0,0,completed
SYNTH-01019,2,KAPATAGAN,HONDA,WAVE RSX,Underbone,64900.0,19470.0,0.3,45430.0,36,2370.54,0.096,24698.26,Sari-Sari / Small Retail,Owned (Inherited/Tax Dec),Married,6.9,36,1.0,3,1,0,0.0,0.078,0.787,0,0,active,40.4,3,4,3.74,0.8527,0,1,defaulted
SYNTH-01020,1,LALA,YAMAHA,SNIPER 155,Sport Underbone,123900.0,24780.0,0.2,99120.0,24,6312.4,0.2169,29107.47,Public School Teacher,Rented (Apartment/House),Single,12.6,21,0.9167,1,1,1,6312.4,0.271,0.478,0,0,delinquent,32.6,10,3,3.03,0.5302,0,1,defaulted
SYNTH-01021,3,TUBOD,SUZUKI,SMASH 115,Underbone,62400.0,7488.0,0.12,54912.0,12,5965.76,0.3237,18427.34,Sari-Sari / Small Retail,Rented (Apartment/House),Married,1.8,4,0.6667,0,3,4,23863.04,0.313,0.445,0,0,defaulted,37.3,8,3,3.0,0.5,0,1,defaulted
SYNTH-01022,1,LALA,YAMAHA,MIO SPORTY,Scooter,73900.0,11085.0,0.15,62815.0,24,4073.59,0.1718,23713.01,Sari-Sari / Small Retail,Rented (Apartment/House),Widowed,6.5,21,0.9167,1,1,1,4073.59,0.348,0.472,1,1,delinquent,45.1,12,6,5.93,0.5671,0,0,defaulted
SYNTH-01023,3,TUBOD,SUZUKI,SMASH 115,Underbone,62400.0,6240.0,0.1,56160.0,24,3663.2,0.109,33602.95,Public School Teacher,Living with Parents/Relatives,Single,13.4,10,0.4167,7,0,0,0.0,0.0,0.973,0,0,active,24.9,9,4,4.1,0.9653,1,0,early_settled
SYNTH-01024,1,LALA,YAMAHA,NMAX 155,Maxi-Scooter,151900.0,15190.0,0.1,136710.0,36,6731.7,0.4204,16012.37,Tricycle / PUV Operator,Owned (Inherited/Tax Dec),Married,3.5,12,0.3889,0,4,2,13463.4,0.173,0.214,0,0,defaulted,22.8,4,5,4.77,0.5,0,1,defaulted
SYNTH-01025,2,KAPATAGAN,HONDA,WAVE RSX,Underbone,64900.0,7788.0,0.12,57112.0,36,2928.68,0.115,25459.4,Sari-Sari / Small Retail,Owned (Clean Title),Single,14.0,8,0.2222,2,0,0,0.0,0.061,0.707,0,0,active,48.6,6,3,2.74,0.6322,0,0,completed
SYNTH-01026,1,LALA,YAMAHA,MIO FAZZIO,Retro Scooter,93900.0,18780.0,0.2,75120.0,36,3789.07,0.1695,22355.88,Agri / Farmer / Fisherfolk,Owned (Inherited/Tax Dec),Married,11.3,1,0.0833,0,2,2,7578.14,0.394,0.629,0,0,defaulted,62.0,11,4,4.64,0.7449,0,0,defaulted
SYNTH-01027,3,TUBOD,KAWASAKI,ROUSER NS125,Sport Backbone,82000.0,16400.0,0.2,65600.0,36,3334.22,0.0632,52736.13,Public School Teacher,Living with Parents/Relatives,Widowed,2.8,27,0.75,3,1,0,0.0,0.011,0.833,0,0,active,53.6,11,2,2.0,1.0175,0,0,completed
SYNTH-01028,3,TUBOD,YAMAHA,MIO FAZZIO,Retro Scooter,93900.0,11268.0,0.12,82632.0,36,4147.97,0.1073,38669.1,Employed (Private/Gov),Rented (Apartment/House),Married,7.4,4,0.1389,1,1,1,4147.97,0.271,0.229,1,0,delinquent,56.6,9,2,2.03,0.5,0,1,defaulted
SYNTH-01029,2,KAPATAGAN,HONDA,TMX125 ALPHA,Backbone/Utility,57900.0,8685.0,0.15,49215.0,12,5367.57,0.2285,23491.73,Tricycle / PUV Operator,Living with Parents/Relatives,Widowed,22.3,4,0.4167,1,3,1,5367.57,0.428,0.605,0,0,delinquent,31.1,4,4,3.92,0.6624,0,0,defaulted
SYNTH-01030,1,LALA,SUZUKI,SMASH 115,Underbone,62400.0,6240.0,0.1,56160.0,12,6096.8,0.3541,17216.37,Agri / Farmer / Fisherfolk,Rented (Apartment/House),Married,16.4,7,0.6667,0,1,1,6096.8,0.286,0.618,1,0,delinquent,11.0,12,6,6.48,0.6875,0,1,defaulted
SYNTH-01031,1,LALA,KAWASAKI,P24KK (BARAKO II),Backbone/Tricycle,68500.0,13700.0,0.2,54800.0,36,2818.22,0.0941,29946.2,BPO / Call Center Agent,Living with Parents/Relatives,Widowed,3.5,1,0.0833,1,2,2,5636.44,0.359,0.351,0,1,defaulted,37.1,3,4,4.37,0.5,0,1,defaulted
SYNTH-01032,2,KAPATAGAN,KAWASAKI,CT100B,Backbone/Utility,54000.0,16200.0,0.3,37800.0,12,4169.0,0.1102,37842.72,Public School Teacher,Living with Parents/Relatives,Widowed,10.8,1,0.0833,1,0,0,0.0,0.0,0.88,0,0,active,44.8,7,3,2.98,0.8753,0,0,completed
SYNTH-01033,1,LALA,KAWASAKI,ROUSER NS125,Sport Backbone,82000.0,9840.0,0.12,72160.0,12,7776.8,0.3912,19876.94,Sari-Sari / Small Retail,Owned (Clean Title),Married,3.2,5,0.5,1,4,1,7776.8,0.223,0.347,0,1,delinquent,17.1,9,3,2.79,0.5,0,1,defaulted
SYNTH-01034,2,KAPATAGAN,SUZUKI,SMASH 115,Underbone,62400.0,18720.0,0.3,43680.0,12,4786.4,0.1162,41193.75,Public School Teacher,Owned (Inherited/Tax Dec),Married,12.5,2,0.1667,2,0,0,0.0,0.0,0.894,0,0,active,25.4,9,4,3.84,0.9088,0,0,completed
SYNTH-01035,3,TUBOD,HONDA,CLICK 125I,Scooter,81400.0,9768.0,0.12,71632.0,24,4617.31,0.2284,20219.98,Sari-Sari / Small Retail,Owned (Inherited/Tax Dec),Married,7.6,3,0.1667,1,2,1,4617.31,0.366,0.371,0,0,delinquent,28.5,10,3,3.12,0.5,0,1,defaulted
SYNTH-01036,1,LALA,KAWASAKI,P24KK (BARAKO II),Backbone/Tricycle,68500.0,13700.0,0.2,54800.0,12,5954.0,0.4962,12000.0,Agri / Farmer / Fisherfolk,Owned (Clean Title),Single,9.6,7,0.8333,1,4,3,17862.0,0.404,0.24,0,0,defaulted,50.3,4,4,4.41,0.5,0,0,defaulted
SYNTH-01037,3,TUBOD,YAMAHA,SNIPER 155,Sport Underbone,123900.0,37170.0,0.3,86730.0,36,4343.77,0.1668,26040.68,Sari-Sari / Small Retail,Living with Parents/Relatives,Married,2.5,26,0.8333,0,2,4,17375.08,0.311,0.447,0,0,defaulted,41.1,11,2,2.08,0.5,0,1,defaulted
SYNTH-01038,3,TUBOD,HONDA,TMX125 ALPHA,Backbone/Utility,57900.0,5790.0,0.1,52110.0,24,3413.45,0.1073,31808.44,BPO / Call Center Agent,Living with Parents/Relatives,Married,6.5,14,0.5833,2,0,0,0.0,0.112,0.726,0,0,active,17.6,9,4,4.3,0.6739,0,0,completed
SYNTH-01039,1,LALA,YAMAHA,MIO FAZZIO,Retro Scooter,93900.0,18780.0,0.2,75120.0,36,3789.07,0.1198,31632.24,Public School Teacher,Living with Parents/Relatives,Married,5.0,27,0.75,8,0,0,0.0,0.0,0.902,0,0,active,49.0,8,3,3.3,0.8715,0,0,completed
SYNTH-01040,2,KAPATAGAN,YAMAHA,AEROX 155,Sport Scooter,125400.0,15048.0,0.12,110352.0,36,5472.37,0.2367,23117.83,OFW Remittance / Dependent,Living with Parents/Relatives,Married,14.5,32,0.9444,0,2,2,10944.74,0.415,0.294,0,0,defaulted,43.9,12,3,2.55,0.5,0,0,defaulted
SYNTH-01041,3,TUBOD,YAMAHA,MIO GEAR 125,Scooter,79400.0,9528.0,0.12,69872.0,24,4508.77,0.1594,28279.17,BPO / Call Center Agent,Rented (Apartment/House),Married,4.5,12,0.5417,0,4,1,4508.77,0.38,0.513,0,0,delinquent,34.3,10,3,2.73,0.5,0,0,defaulted
SYNTH-01042,2,KAPATAGAN,HONDA,CLICK 160,Scooter,122900.0,14748.0,0.12,108152.0,24,6869.37,0.1417,48489.27,Public School Teacher,Owned (Inherited/Tax Dec),Married,9.2,22,0.9167,7,0,0,0.0,0.0,0.897,0,0,active,35.4,7,4,4.16,0.8603,0,0,completed
SYNTH-01043,1,LALA,YAMAHA,AEROX 155,Sport Scooter,125400.0,15048.0,0.12,110352.0,24,7005.04,0.1466,47778.76,Employed (Private/Gov),Owned (Inherited/Tax Dec),Widowed,8.7,8,0.375,1,2,1,7005.04,0.113,0.85,0,0,delinquent,57.5,3,3,3.33,0.9108,0,0,completed
SYNTH-01044,2,KAPATAGAN,YAMAHA,MIO SPORTY,Scooter,73900.0,14780.0,0.2,59120.0,36,3024.62,0.0934,32372.24,BPO / Call Center Agent,Owned (Inherited/Tax Dec),Married,5.5,21,0.5833,10,0,0,0.0,0.0,0.88,0,0,active,14.3,10,6,6.19,0.8561,0,0,completed
SYNTH-01045,3,TUBOD,HONDA,CLICK 160,Scooter,122900.0,12290.0,0.1,110610.0,12,11814.05,0.5413,21826.4,Tricycle / PUV Operator,Owned (Clean Title),Single,7.6,0,0.0833,0,1,3,35442.15,0.399,0.434,0,0,defaulted,33.1,4,3,2.78,0.5,0,1,defaulted
SYNTH-01046,2,KAPATAGAN,HONDA,PCX160,Maxi-Scooter,134900.0,40470.0,0.3,94430.0,24,6023.18,0.1519,39661.59,OFW Remittance / Dependent,Living with Parents/Relatives,Widowed,9.1,6,0.25,2,1,0,0.0,0.117,0.745,0,0,active,32.5,3,3,2.63,0.8067,0,1,defaulted
SYNTH-01047,1,LALA,YAMAHA,NMAX 155,Maxi-Scooter,151900.0,45570.0,0.3,106330.0,24,6757.02,0.233,28996.0,Employed (Private/Gov),Rented (Apartment/House),Married,9.9,14,0.6667,1,3,2,13514.04,0.323,0.335,0,0,defaulted,58.2,8,3,2.22,0.5,0,1,defaulted
SYNTH-01048,1,LALA,HONDA,CLICK 160,Scooter,122900.0,14748.0,0.12,108152.0,24,6869.37,0.1887,36411.4,Public School Teacher,Rented (Apartment/House),Widowed,8.4,0,0.0417,1,3,4,27477.48,0.435,0.447,0,1,defaulted,10.4,8,5,5.5,0.5,0,0,defaulted
SYNTH-01049,3,TUBOD,SUZUKI,BURGMAN STREET 125,Maxi-Scooter,83400.0,8340.0,0.1,75060.0,36,3786.2,0.0732,51721.14,OFW Remittance / Dependent,Living with Parents/Relatives,Single,5.7,12,0.3333,3,0,0,0.0,0.0,0.853,0,0,active,40.8,10,3,3.36,0.819,0,0,completed
SYNTH-01050,2,KAPATAGAN,YAMAHA,MIO FAZZIO,Retro Scooter,93900.0,14085.0,0.15,79815.0,36,4013.38,0.1256,31944.93,Public School Teacher,Owned (Clean Title),Married,4.8,18,0.5278,0,1,1,4013.38,0.08,0.658,1,0,delinquent,18.7,7,4,3.5,0.6592,0,0,completed
SYNTH-01051,1,LALA,YAMAHA,MIO GEAR 125,Scooter,79400.0,19850.0,0.25,59550.0,24,3872.25,0.1667,23229.03,Agri / Farmer / Fisherfolk,Living with Parents/Relatives,Married,10.4,0,0.0417,0,3,2,7744.5,0.171,0.411,1,1,defaulted,39.0,8,4,4.22,0.5,0,1,defaulted
SYNTH-01052,2,KAPATAGAN,YAMAHA,MIO SPORTY,Scooter,73900.0,11085.0,0.15,62815.0,36,3201.16,0.0832,38458.09,Employed (Private/Gov),Living with Parents/Relatives,Widowed,6.8,36,1.0,0,0,0,0.0,0.06,0.746,0,0,active,33.8,7,4,3.83,0.7693,0,1,defaulted
SYNTH-01053,1,LALA,YAMAHA,SNIPER 155,Sport Underbone,123900.0,18585.0,0.15,105315.0,36,5231.72,0.1614,32404.94,BPO / Call Center Agent,Rented (Apartment/House),Single,8.5,21,0.6944,0,3,4,20926.88,0.237,0.516,0,0,defaulted,49.9,12,3,2.63,0.5617,0,0,defaulted
SYNTH-01054,2,KAPATAGAN,SUZUKI,SMASH 115,Underbone,62400.0,12480.0,0.2,49920.0,12,5441.6,0.1687,32251.88,Public School Teacher,Rented (Apartment/House),Married,9.1,10,0.9167,0,3,1,5441.6,0.264,0.307,1,1,delinquent,63.4,4,4,3.99,0.5,0,1,defaulted
SYNTH-01055,1,LALA,HONDA,TMX125 ALPHA,Backbone/Utility,57900.0,6948.0,0.12,50952.0,24,3342.04,0.0869,38463.66,OFW Remittance / Dependent,Owned (Clean Title),Married,12.7,3,0.125,1,0,0,0.0,0.0,0.917,0,0,active,20.4,1,5,5.13,0.7767,0,0,completed
SYNTH-01056,3,TUBOD,HONDA,CLICK 125I,Scooter,81400.0,24420.0,0.3,56980.0,12,6182.9,0.3376,18314.57,Tricycle / PUV Operator,Living with Parents/Relatives,Single,9.5,7,0.6667,1,3,1,6182.9,0.349,0.592,0,1,delinquent,11.1,12,5,4.61,0.7195,0,1,defaulted
SYNTH-01057,1,LALA,HONDA,TMX125 ALPHA,Backbone/Utility,57900.0,17370.0,0.3,40530.0,24,2699.35,0.0864,31237.27,Employed (Private/Gov),Owned (Clean Title),Single,16.5,8,0.3333,4,0,0,0.0,0.0,0.993,0,0,active,35.6,2,4,4.07,0.9256,1,0,early_settled
SYNTH-01058,2,KAPATAGAN,YAMAHA,MIO SPORTY,Scooter,73900.0,22170.0,0.3,51730.0,36,2671.54,0.1171,22819.45,Tricycle / PUV Operator,Owned (Inherited/Tax Dec),Widowed,8.2,28,0.8889,1,2,4,10686.16,0.395,0.613,1,0,defaulted,16.2,1,5,4.89,0.5227,0,0,defaulted
SYNTH-01059,2,KAPATAGAN,HONDA,TMX125 ALPHA,Backbone/Utility,57900.0,6948.0,0.12,50952.0,12,5549.96,0.1973,28134.72,Sari-Sari / Small Retail,Owned (Clean Title),Single,2.2,4,0.4167,0,2,1,5549.96,0.337,0.605,0,1,delinquent,37.6,6,4,3.73,0.5245,0,1,defaulted
SYNTH-01060,1,LALA,HONDA,TMX125 ALPHA,Backbone/Utility,57900.0,8685.0,0.15,49215.0,24,3234.92,0.1106,29257.84,BPO / Call Center Agent,Living with Parents/Relatives,Widowed,5.3,6,0.2917,3,1,1,3234.92,0.07,0.762,0,0,delinquent,62.6,11,5,4.94,0.7931,0,0,completed
SYNTH-01061,2,KAPATAGAN,KAWASAKI,ROUSER NS125,Sport Backbone,82000.0,16400.0,0.2,65600.0,12,7088.0,0.3854,18392.59,Agri / Farmer / Fisherfolk,Owned (Inherited/Tax Dec),Single,2.2,2,0.5,1,1,4,28352.0,0.429,0.451,1,0,defaulted,14.9,1,3,2.22,0.5,0,1,defaulted
SYNTH-01062,3,TUBOD,HONDA,PCX160,Maxi-Scooter,134900.0,40470.0,0.3,94430.0,24,6023.18,0.1971,30561.23,OFW Remittance / Dependent,Living with Parents/Relatives,Single,10.4,10,0.4583,3,1,1,6023.18,0.08,0.736,0,0,delinquent,44.3,9,2,1.84,0.7425,0,0,completed
SYNTH-01063,3,TUBOD,HONDA,WAVE RSX,Underbone,64900.0,12980.0,0.2,51920.0,36,2680.62,0.0723,37061.12,Public School Teacher,Owned (Inherited/Tax Dec),Single,2.5,30,0.8333,8,0,0,0.0,0.0,0.929,0,0,active,43.6,7,3,2.67,0.8803,1,0,early_settled
SYNTH-01064,2,KAPATAGAN,YAMAHA,AEROX 155,Sport Scooter,125400.0,25080.0,0.2,100320.0,36,4993.07,0.1608,31058.91,BPO / Call Center Agent,Owned (Inherited/Tax Dec),Married,8.7,26,0.75,0,0,1,4993.07,0.134,0.715,0,0,delinquent,56.5,3,3,3.21,0.7452,0,0,completed
SYNTH-01065,2,KAPATAGAN,YAMAHA,MIO GEAR 125,Scooter,79400.0,9528.0,0.12,69872.0,12,7536.56,0.3746,20118.51,Employed (Private/Gov),Rented (Apartment/House),Married,1.3,0,0.3333,0,1,4,30146.24,0.16,0.549,0,0,defaulted,29.0,8,4,4.13,0.5115,0,1,defaulted
SYNTH-01066,2,KAPATAGAN,HONDA,TMX125 ALPHA,Backbone/Utility,57900.0,14475.0,0.25,43425.0,12,4759.62,0.1036,45959.62,OFW Remittance / Dependent,Living with Parents/Relatives,Married,1.2,11,1.0,3,1,1,4759.62,0.022,0.627,0,0,delinquent,62.5,1,4,3.82,0.5508,0,1,defaulted
SYNTH-01067,2,KAPATAGAN,HONDA,ADV160,Adventure Scooter,166900.0,20028.0,0.12,146872.0,24,9257.11,0.2413,38359.38,Employed (Private/Gov),Living with Parents/Relatives,Widowed,13.8,6,0.3333,1,4,2,18514.22,0.182,0.572,0,1,defaulted,42.3,3,2,2.02,0.6585,0,1,defaulted
SYNTH-01068,2,KAPATAGAN,KAWASAKI,ROUSER NS125,Sport Backbone,82000.0,20500.0,0.25,61500.0,24,3992.5,0.1868,21368.42,Tricycle / PUV Operator,Rented (Apartment/House),Single,18.0,8,0.4167,0,3,2,7985.0,0.336,0.353,0,0,defaulted,55.4,8,2,2.35,0.5,0,1,defaulted
SYNTH-01069,2,KAPATAGAN,YAMAHA,NMAX 155,Maxi-Scooter,151900.0,22785.0,0.15,129115.0,36,6368.83,0.1995,31924.17,Public School Teacher,Owned (Inherited/Tax Dec),Married,5.8,30,0.8611,2,2,1,6368.83,0.057,0.613,0,0,delinquent,50.9,4,3,2.67,0.6812,0,0,completed
SYNTH-01070,1,LALA,YAMAHA,MIO SPORTY,Scooter,73900.0,8868.0,0.12,65032.0,36,3307.08,0.1684,19633.52,Agri / Farmer / Fisherfolk,Owned (Inherited/Tax Dec),Married,1.8,31,0.8889,1,4,1,3307.08,0.433,0.26,1,0,delinquent,32.4,3,5,5.17,0.5,0,1,defaulted
SYNTH-01071,3,TUBOD,YAMAHA,MIO SPORTY,Scooter,73900.0,22170.0,0.3,51730.0,24,3390.02,0.0819,41412.27,Employed (Private/Gov),Rented (Apartment/House),Widowed,4.6,5,0.375,0,4,4,13560.08,0.372,0.258,0,0,defaulted,30.7,3,4,3.77,0.5,0,1,defaulted
SYNTH-01072,2,KAPATAGAN,HONDA,CLICK 160,Scooter,122900.0,18435.0,0.15,104465.0,24,6642.01,0.3888,17082.52,BPO / Call Center Agent,Owned (Inherited/Tax Dec),Married,6.5,10,0.5,1,4,2,13284.02,0.156,0.379,0,0,defaulted,12.4,6,4,4.18,0.5,0,1,defaulted
SYNTH-01073,3,TUBOD,SUZUKI,SMASH 115,Underbone,62400.0,6240.0,0.1,56160.0,12,6096.8,0.1316,46324.59,Public School Teacher,Owned (Inherited/Tax Dec),Single,9.8,12,1.0,4,0,0,0.0,0.0,0.924,0,0,active,48.5,9,3,2.71,0.9439,0,0,completed
SYNTH-01074,2,KAPATAGAN,KAWASAKI,P24KK (BARAKO II),Backbone/Tricycle,68500.0,6850.0,0.1,61650.0,36,3145.5,0.1599,19669.09,Agri / Farmer / Fisherfolk,Rented (Apartment/House),Widowed,5.8,18,0.5556,0,2,2,6291.0,0.408,0.642,1,1,defaulted,49.7,7,4,4.06,0.6539,0,1,defaulted
SYNTH-01075,1,LALA,YAMAHA,MIO GEAR 125,Scooter,79400.0,19850.0,0.25,59550.0,24,3872.25,0.1359,28501.18,BPO / Call Center Agent,Owned (Inherited/Tax Dec),Widowed,2.6,6,0.25,3,1,0,0.0,0.111,0.697,0,0,active,42.7,10,4,3.63,0.6498,0,0,completed
SYNTH-01076,2,KAPATAGAN,KAWASAKI,ROUSER NS125,Sport Backbone,82000.0,8200.0,0.1,73800.0,36,3726.0,0.1225,30405.85,Public School Teacher,Owned (Inherited/Tax Dec),Married,5.3,4,0.1111,3,0,0,0.0,0.0,0.866,0,0,active,20.9,9,3,3.34,0.8287,0,0,completed
SYNTH-01077,2,KAPATAGAN,YAMAHA,MIO GEAR 125,Scooter,79400.0,23820.0,0.3,55580.0,24,3627.43,0.1026,35372.15,Public School Teacher,Living with Parents/Relatives,Widowed,6.5,14,0.5833,11,0,0,0.0,0.0,0.925,0,0,active,30.7,3,4,3.86,0.947,1,0,early_settled
SYNTH-01078,2,KAPATAGAN,HONDA,CLICK 160,Scooter,122900.0,30725.0,0.25,92175.0,24,5884.12,0.2413,24389.72,Tricycle / PUV Operator,Living with Parents/Relatives,Married,9.8,0,0.0833,1,1,2,11768.24,0.21,0.465,0,0,defaulted,23.7,2,5,4.82,0.5,0,1,defaulted
SYNTH-01079,3,TUBOD,HONDA,TMX125 ALPHA,Backbone/Utility,57900.0,8685.0,0.15,49215.0,36,2551.38,0.1249,20435.13,Tricycle / PUV Operator,Owned (Inherited/Tax Dec),Single,2.2,19,0.6111,0,4,3,7654.14,0.209,0.625,0,0,defaulted,40.8,9,3,3.17,0.6581,0,1,defaulted
SYNTH-01080,2,KAPATAGAN,YAMAHA,MIO FAZZIO,Retro Scooter,93900.0,18780.0,0.2,75120.0,36,3789.07,0.2288,16557.97,Tricycle / PUV Operator,Owned (Inherited/Tax Dec),Single,3.7,9,0.3056,0,3,2,7578.14,0.373,0.337,1,0,defaulted,35.0,1,3,3.25,0.5,0,1,defaulted
SYNTH-01081,3,TUBOD,KAWASAKI,P24KK (BARAKO II),Backbone/Tricycle,68500.0,8220.0,0.12,60280.0,12,6529.4,0.2637,24757.99,BPO / Call Center Agent,Owned (Clean Title),Single,15.2,0,0.25,0,3,3,19588.2,0.324,0.379,0,0,defaulted,38.0,9,3,3.03,0.5,0,1,defaulted
SYNTH-01082,2,KAPATAGAN,YAMAHA,SNIPER 155,Sport Underbone,123900.0,30975.0,0.25,92925.0,12,9957.12,0.295,33750.12,Employed (Private/Gov),Rented (Apartment/House),Single,13.5,0,0.0833,0,2,4,39828.48,0.239,0.328,1,0,defaulted,63.2,6,2,1.87,0.5,0,1,defaulted
SYNTH-01083,3,TUBOD,HONDA,TMX125 ALPHA,Backbone/Utility,57900.0,17370.0,0.3,40530.0,24,2699.35,0.1527,17682.75,BPO / Call Center Agent,Owned (Inherited/Tax Dec),Married,2.9,21,1.0,1,3,3,8098.05,0.316,0.392,0,0,defaulted,39.3,4,3,2.71,0.5,0,1,defaulted
SYNTH-01084,3,TUBOD,KAWASAKI,CT100B,Backbone/Utility,54000.0,10800.0,0.2,43200.0,36,2264.0,0.0377,59994.44,OFW Remittance / Dependent,Owned (Inherited/Tax Dec),Married,9.6,8,0.2222,5,0,0,0.0,0.0,0.957,0,0,active,19.5,8,3,3.39,0.9398,0,0,completed
SYNTH-01085,3,TUBOD,SUZUKI,RAIDER 150 FI,Sport Underbone,119900.0,11990.0,0.1,107910.0,12,11530.55,0.6412,17981.67,Agri / Farmer / Fisherfolk,Rented (Apartment/House),Married,6.5,5,0.5833,0,2,2,23061.1,0.206,0.45,0,0,defaulted,22.5,12,4,4.22,0.5049,0,1,defaulted
SYNTH-01086,3,TUBOD,HONDA,WAVE RSX,Underbone,64900.0,19470.0,0.3,45430.0,24,3001.52,0.1309,22927.31,Sari-Sari / Small Retail,Living with Parents/Relatives,Married,1.0,19,0.875,0,3,2,6003.04,0.201,0.322,0,0,defaulted,35.4,3,3,3.27,0.5,0,1,defaulted
SYNTH-01087,2,KAPATAGAN,HONDA,WAVE RSX,Underbone,64900.0,12980.0,0.2,51920.0,24,3401.73,0.0946,35966.11,BPO / Call Center Agent,Rented (Apartment/House),Married,11.1,16,0.8333,0,4,4,13606.92,0.396,0.635,0,0,defaulted,16.9,4,5,4.82,0.6499,0,0,defaulted
SYNTH-01088,1,LALA,HONDA,ADV160,Adventure Scooter,166900.0,25035.0,0.15,141865.0,36,6977.99,0.1978,35277.48,Employed (Private/Gov),Owned (Clean Title),Single,4.5,0,0.0278,0,4,4,27911.96,0.374,0.552,0,0,defaulted,11.0,6,3,3.32,0.534,0,1,defaulted
SYNTH-01089,1,LALA,HONDA,WAVE RSX,Underbone,64900.0,19470.0,0.3,45430.0,12,4970.15,0.1373,36189.92,BPO / Call Center Agent,Living with Parents/Relatives,Single,2.4,0,0.0833,0,1,1,4970.15,0.406,0.215,1,0,delinquent,47.8,4,4,4.31,0.5,0,0,defaulted
SYNTH-01090,1,LALA,HONDA,CLICK 125I,Scooter,81400.0,24420.0,0.3,56980.0,12,6182.9,0.2373,26057.79,BPO / Call Center Agent,Owned (Inherited/Tax Dec),Single,11.6,1,0.3333,0,3,3,18548.7,0.254,0.62,1,0,defaulted,52.3,12,5,4.66,0.7124,0,1,defaulted
SYNTH-01091,1,LALA,HONDA,WAVE RSX,Underbone,64900.0,12980.0,0.2,51920.0,12,5651.6,0.2158,26185.81,Employed (Private/Gov),Rented (Apartment/House),Widowed,3.7,5,0.5833,0,4,2,11303.2,0.209,0.646,0,0,defaulted,18.1,2,5,5.05,0.6686,0,1,defaulted
SYNTH-01092,2,KAPATAGAN,KAWASAKI,ROUSER NS125,Sport Backbone,82000.0,8200.0,0.1,73800.0,36,3726.0,0.196,19010.66,Tricycle / PUV Operator,Rented (Apartment/House),Married,8.1,14,0.5,0,2,4,14904.0,0.446,0.542,0,0,defaulted,28.6,10,2,1.77,0.5585,0,1,defaulted
SYNTH-01093,2,KAPATAGAN,SUZUKI,SMASH 115,Underbone,62400.0,18720.0,0.3,43680.0,36,2286.93,0.1216,18801.94,Tricycle / PUV Operator,Rented (Apartment/House),Married,2.8,3,0.1111,0,3,1,2286.93,0.311,0.409,0,0,delinquent,31.6,3,4,4.46,0.5,0,1,defaulted
SYNTH-01094,2,KAPATAGAN,YAMAHA,MIO GEAR 125,Scooter,79400.0,11910.0,0.15,67490.0,36,3424.52,0.1593,21490.59,Tricycle / PUV Operator,Owned (Inherited/Tax Dec),Married,7.4,24,0.75,0,4,3,10273.56,0.177,0.546,0,0,defaulted,11.1,11,6,5.48,0.6282,0,1,defaulted
SYNTH-01095,2,KAPATAGAN,SUZUKI,SMASH 115,Underbone,62400.0,9360.0,0.15,53040.0,12,5769.2,0.1879,30706.24,BPO / Call Center Agent,Living with Parents/Relatives,Widowed,1.9,0,0.25,0,3,4,23076.8,0.304,0.319,0,0,defaulted,45.5,1,3,3.05,0.5,0,1,defaulted
SYNTH-01096,2,KAPATAGAN,SUZUKI,RAIDER 150 FI,Sport Underbone,119900.0,35970.0,0.3,83930.0,24,5375.68,0.2537,21192.35,Agri / Farmer / Fisherfolk,Owned (Inherited/Tax Dec),Married,6.1,4,0.25,1,2,2,10751.36,0.189,0.29,0,0,defaulted,53.4,2,3,3.66,0.5,0,0,defaulted
SYNTH-01097,3,TUBOD,SUZUKI,SMASH 115,Underbone,62400.0,15600.0,0.25,46800.0,12,5114.0,0.1352,37838.55,Employed (Private/Gov),Owned (Clean Title),Single,14.1,11,0.9167,1,2,0,0.0,0.017,0.733,0,0,active,52.8,8,3,3.25,0.717,0,0,completed
SYNTH-01098,1,LALA,YAMAHA,MIO SPORTY,Scooter,73900.0,14780.0,0.2,59120.0,24,3845.73,0.1902,20216.21,Tricycle / PUV Operator,Living with Parents/Relatives,Widowed,7.2,4,0.3333,1,3,4,15382.92,0.259,0.407,0,0,defaulted,51.3,11,6,5.51,0.5071,0,1,defaulted
SYNTH-01099,2,KAPATAGAN,HONDA,BEAT PREMIUM,Scooter,72400.0,18100.0,0.25,54300.0,36,2794.33,0.2088,13383.16,Agri / Farmer / Fisherfolk,Owned (Inherited/Tax Dec),Single,9.5,6,0.1944,0,2,1,2794.33,0.293,0.556,0,0,delinquent,46.4,5,4,4.07,0.6022,0,1,defaulted
SYNTH-01100,1,LALA,SUZUKI,SMASH 115,Underbone,62400.0,6240.0,0.1,56160.0,12,6096.8,0.2587,23565.38,Tricycle / PUV Operator,Owned (Clean Title),Married,5.9,3,0.4167,0,2,2,12193.6,0.186,0.648,0,0,defaulted,54.6,8,4,3.68,0.6726,0,1,defaulted
SYNTH-01101,1,LALA,YAMAHA,NMAX 155,Maxi-Scooter,151900.0,22785.0,0.15,129115.0,36,6368.83,0.0957,66560.81,OFW Remittance / Dependent,Rented (Apartment/House),Single,3.3,20,0.6111,0,3,2,12737.66,0.404,0.383,1,0,defaulted,37.7,11,4,3.39,0.5,0,0,defaulted
SYNTH-01102,3,TUBOD,SUZUKI,BURGMAN STREET 125,Maxi-Scooter,83400.0,12510.0,0.15,70890.0,24,4571.55,0.1363,33547.25,Employed (Private/Gov),Rented (Apartment/House),Single,6.9,0,0.0417,0,4,4,18286.2,0.409,0.458,0,0,defaulted,40.8,10,3,2.99,0.5,0,1,defaulted
SYNTH-01103,3,TUBOD,YAMAHA,MIO GEAR 125,Scooter,79400.0,15880.0,0.2,63520.0,24,4117.07,0.2526,16299.66,Tricycle / PUV Operator,Rented (Apartment/House),Single,5.0,2,0.125,0,3,1,4117.07,0.43,0.435,1,0,delinquent,10.3,2,4,4.34,0.5,0,1,defaulted
SYNTH-01104,2,KAPATAGAN,YAMAHA,MIO FAZZIO,Retro Scooter,93900.0,18780.0,0.2,75120.0,24,4832.4,0.3301,14638.05,Tricycle / PUV Operator,Living with Parents/Relatives,Married,5.4,0,0.0833,0,3,4,19329.6,0.236,0.279,1,0,defaulted,21.5,3,4,4.04,0.5,0,1,defaulted
SYNTH-01105,3,TUBOD,HONDA,CLICK 125I,Scooter,81400.0,16280.0,0.2,65120.0,24,4215.73,0.2106,20020.15,Sari-Sari / Small Retail,Rented (Apartment/House),Single,7.5,8,0.375,1,4,1,4215.73,0.366,0.368,1,1,delinquent,41.1,3,3,3.52,0.5,0,1,defaulted
SYNTH-01106,2,KAPATAGAN,KAWASAKI,ROUSER NS125,Sport Backbone,82000.0,12300.0,0.15,69700.0,12,7518.5,0.365,20596.82,Agri / Farmer / Fisherfolk,Owned (Inherited/Tax Dec),Single,6.0,6,0.5833,0,2,1,7518.5,0.417,0.503,1,0,delinquent,26.3,12,2,2.18,0.5628,0,1,defaulted
SYNTH-01107,3,TUBOD,HONDA,TMX125 ALPHA,Backbone/Utility,57900.0,6948.0,0.12,50952.0,24,3342.04,0.2091,15980.87,Agri / Farmer / Fisherfolk,Rented (Apartment/House),Single,7.7,9,0.4583,1,4,2,6684.08,0.369,0.524,0,0,defaulted,47.4,2,3,2.81,0.5328,0,0,defaulted
SYNTH-01108,1,LALA,HONDA,TMX125 ALPHA,Backbone/Utility,57900.0,8685.0,0.15,49215.0,24,3234.92,0.0861,37588.17,Public School Teacher,Owned (Inherited/Tax Dec),Single,5.8,23,0.9583,7,0,0,0.0,0.0,0.934,0,0,active,56.5,9,4,4.26,0.9282,1,0,early_settled
SYNTH-01109,3,TUBOD,YAMAHA,MIO GEAR 125,Scooter,79400.0,11910.0,0.15,67490.0,24,4361.88,0.2726,16000.42,Tricycle / PUV Operator,Owned (Clean Title),Widowed,20.2,13,0.5833,1,4,1,4361.88,0.214,0.255,1,0,delinquent,25.3,6,3,2.84,0.5,0,0,defaulted
SYNTH-01110,2,KAPATAGAN,YAMAHA,MIO FAZZIO,Retro Scooter,93900.0,11268.0,0.12,82632.0,12,8876.36,0.3495,25398.74,Sari-Sari / Small Retail,Owned (Inherited/Tax Dec),Married,11.6,0,0.1667,1,2,2,17752.72,0.178,0.439,0,0,defaulted,36.0,5,3,2.89,0.5,0,1,defaulted
SYNTH-01111,2,KAPATAGAN,HONDA,PCX160,Maxi-Scooter,134900.0,13490.0,0.1,121410.0,12,12948.05,0.6014,21528.25,Agri / Farmer / Fisherfolk,Owned (Inherited/Tax Dec),Widowed,8.3,1,0.3333,0,2,3,38844.15,0.166,0.622,1,0,defaulted,28.2,1,2,1.7,0.5173,0,1,defaulted
SYNTH-01112,3,TUBOD,HONDA,CLICK 125I,Scooter,81400.0,9768.0,0.12,71632.0,24,4617.31,0.1412,32698.63,Employed (Private/Gov),Living with Parents/Relatives,Single,1.8,9,0.4583,0,4,2,9234.62,0.352,0.431,1,0,defaulted,19.1,2,4,3.78,0.5,0,1,defaulted
SYNTH-01113,1,LALA,YAMAHA,MIO FAZZIO,Retro Scooter,93900.0,23475.0,0.25,70425.0,36,3564.75,0.1174,30368.33,Sari-Sari / Small Retail,Owned (Clean Title),Married,3.9,9,0.2778,0,4,1,3564.75,0.22,0.5,0,1,delinquent,36.6,11,4,4.67,0.6208,0,1,defaulted
SYNTH-01114,2,KAPATAGAN,KAWASAKI,P24KK (BARAKO II),Backbone/Tricycle,68500.0,13700.0,0.2,54800.0,12,5954.0,0.377,15792.64,Agri / Farmer / Fisherfolk,Living with Parents/Relatives,Widowed,27.8,0,0.0833,0,4,1,5954.0,0.183,0.522,1,0,delinquent,13.7,8,5,5.14,0.5045,0,1,defaulted
SYNTH-01115,3,TUBOD,KAWASAKI,P24KK (BARAKO II),Backbone/Tricycle,68500.0,17125.0,0.25,51375.0,24,3368.12,0.1715,19644.35,Tricycle / PUV Operator,Owned (Inherited/Tax Dec),Widowed,4.2,12,0.5833,1,2,2,6736.24,0.399,0.418,0,0,defaulted,29.5,7,3,3.17,0.5,0,1,defaulted
SYNTH-01116,3,TUBOD,HONDA,CLICK 125I,Scooter,81400.0,9768.0,0.12,71632.0,36,3622.42,0.1782,20326.14,BPO / Call Center Agent,Owned (Clean Title),Single,11.0,2,0.0833,2,1,1,3622.42,0.084,0.818,0,0,delinquent,11.8,6,4,3.65,0.684,0,0,completed
SYNTH-01117,2,KAPATAGAN,SUZUKI,SMASH 115,Underbone,62400.0,12480.0,0.2,49920.0,36,2585.07,0.1126,22962.08,Sari-Sari / Small Retail,Living with Parents/Relatives,Married,13.6,31,0.9167,0,4,2,5170.14,0.396,0.412,0,1,defaulted,30.6,6,3,2.83,0.5,0,1,defaulted
SYNTH-01118,3,TUBOD,SUZUKI,RAIDER 150 FI,Sport Underbone,119900.0,17985.0,0.15,101915.0,24,6484.76,0.3413,19001.76,Sari-Sari / Small Retail,Owned (Clean Title),Married,4.8,7,0.4167,1,2,3,19454.28,0.41,0.414,0,0,defaulted,52.0,4,2,1.9,0.5,0,1,defaulted
SYNTH-01119,2,KAPATAGAN,KAWASAKI,ROUSER NS125,Sport Backbone,82000.0,20500.0,0.25,61500.0,12,6657.5,0.1619,41122.09,Public School Teacher,Living with Parents/Relatives,Widowed,8.0,7,0.5833,1,2,0,0.0,0.05,0.832,0,0,active,10.4,4,3,3.0,0.8635,0,0,completed
SYNTH-01120,3,TUBOD,YAMAHA,MIO GEAR 125,Scooter,79400.0,19850.0,0.25,59550.0,36,3045.17,0.1644,18523.49,Tricycle / PUV Operator,Living with Parents/Relatives,Married,5.7,31,0.9444,0,1,3,9135.51,0.159,0.28,0,1,defaulted,60.2,6,3,3.16,0.5,0,1,defaulted
SYNTH-01121,1,LALA,YAMAHA,SNIPER 155,Sport Underbone,123900.0,18585.0,0.15,105315.0,24,6694.43,0.1191,56210.49,OFW Remittance / Dependent,Owned (Inherited/Tax Dec),Widowed,10.3,19,0.7917,8,0,0,0.0,0.0,0.851,0,0,active,29.0,3,3,3.26,0.9025,0,0,completed
SYNTH-01122,2,KAPATAGAN,HONDA,PCX160,Maxi-Scooter,134900.0,26980.0,0.2,107920.0,36,5356.18,0.1127,47545.78,OFW Remittance / Dependent,Owned (Clean Title),Widowed,9.4,1,0.0278,1,0,0,0.0,0.0,0.865,0,0,active,52.0,4,3,2.48,0.9177,0,0,completed
SYNTH-01123,2,KAPATAGAN,YAMAHA,SNIPER 155,Sport Underbone,123900.0,12390.0,0.1,111510.0,12,11908.55,0.5415,21993.28,BPO / Call Center Agent,Living with Parents/Relatives,Widowed,9.4,6,0.5833,1,4,1,11908.55,0.446,0.541,0,0,delinquent,59.7,3,3,3.48,0.5628,0,1,defaulted
SYNTH-01124,1,LALA,YAMAHA,MIO GEAR 125,Scooter,79400.0,11910.0,0.15,67490.0,36,3424.52,0.1623,21106.15,Agri / Farmer / Fisherfolk,Owned (Clean Title),Single,1.0,5,0.1944,1,3,2,6849.04,0.383,0.401,0,0,defaulted,24.2,4,6,6.1,0.5,0,1,defaulted
SYNTH-01125,1,LALA,SUZUKI,BURGMAN STREET 125,Maxi-Scooter,83400.0,20850.0,0.25,62550.0,24,4057.25,0.124,32708.85,Employed (Private/Gov),Owned (Clean Title),Single,4.9,23,1.0,2,1,1,4057.25,0.098,0.637,0,0,delinquent,37.7,10,4,4.28,0.6706,0,0,completed
SYNTH-01126,3,TUBOD,KAWASAKI,CT100B,Backbone/Utility,54000.0,13500.0,0.25,40500.0,12,4452.5,0.1677,26545.14,Sari-Sari / Small Retail,Living with Parents/Relatives,Married,12.6,8,0.8333,0,2,2,8905.0,0.232,0.642,0,0,defaulted,13.1,10,3,2.51,0.6339,0,1,defaulted
SYNTH-01127,1,LALA,HONDA,TMX125 ALPHA,Backbone/Utility,57900.0,6948.0,0.12,50952.0,12,5549.96,0.1709,32479.31,Employed (Private/Gov),Living with Parents/Relatives,Widowed,8.1,6,0.5833,1,0,1,5549.96,0.075,0.764,0,0,delinquent,49.4,4,5,4.87,0.8049,0,0,completed
SYNTH-01128,2,KAPATAGAN,HONDA,ADV160,Adventure Scooter,166900.0,41725.0,0.25,125175.0,24,7919.12,0.1802,43934.26,Employed (Private/Gov),Owned (Inherited/Tax Dec),Married,4.9,11,0.5417,0,2,2,15838.24,0.198,0.3,1,1,defaulted,55.5,8,2,1.87,0.5,0,1,defaulted
SYNTH-01129,1,LALA,YAMAHA,MIO FAZZIO,Retro Scooter,93900.0,14085.0,0.15,79815.0,24,5121.93,0.2132,24024.5,Agri / Farmer / Fisherfolk,Rented (Apartment/House),Single,1.8,3,0.2917,1,4,4,20487.72,0.2,0.309,0,0,defaulted,64.0,8,3,3.11,0.5,0,1,defaulted
SYNTH-01130,3,TUBOD,YAMAHA,MIO FAZZIO,Retro Scooter,93900.0,28170.0,0.3,65730.0,24,4253.35,0.1796,23687.34,Agri / Farmer / Fisherfolk,Rented (Apartment/House),Married,3.3,1,0.125,1,4,2,8506.7,0.304,0.318,0,1,defaulted,24.5,7,3,2.82,0.5,0,1,defaulted
SYNTH-01131,2,KAPATAGAN,KAWASAKI,P24KK (BARAKO II),Backbone/Tricycle,68500.0,13700.0,0.2,54800.0,24,3579.33,0.219,16346.3,Tricycle / PUV Operator,Living with Parents/Relatives,Married,6.6,0,0.0417,1,2,1,3579.33,0.334,0.246,0,0,delinquent,11.1,6,4,3.88,0.5,0,1,defaulted
SYNTH-01132,2,KAPATAGAN,YAMAHA,MIO FAZZIO,Retro Scooter,93900.0,18780.0,0.2,75120.0,36,3789.07,0.1062,35673.44,Employed (Private/Gov),Rented (Apartment/House),Widowed,5.5,3,0.1667,0,3,3,11367.21,0.396,0.233,1,0,defaulted,43.0,8,3,2.99,0.5,0,0,defaulted
SYNTH-01133,1,LALA,HONDA,TMX125 ALPHA,Backbone/Utility,57900.0,8685.0,0.15,49215.0,36,2551.38,0.0604,42273.58,Public School Teacher,Owned (Inherited/Tax Dec),Single,2.6,4,0.1111,2,0,0,0.0,0.0,0.856,0,0,active,40.4,2,4,4.67,0.8821,0,0,completed
SYNTH-01134,3,TUBOD,HONDA,TMX125 ALPHA,Backbone/Utility,57900.0,8685.0,0.15,49215.0,12,5367.57,0.1691,31735.8,Employed (Private/Gov),Owned (Clean Title),Married,4.8,6,0.6667,0,3,2,10735.14,0.337,0.379,0,0,defaulted,38.6,4,3,3.23,0.5,0,0,defaulted
SYNTH-01135,2,KAPATAGAN,KAWASAKI,ROUSER NS125,Sport Backbone,82000.0,20500.0,0.25,61500.0,36,3138.33,0.0876,35810.14,Public School Teacher,Owned (Clean Title),Married,11.8,4,0.1111,2,0,0,0.0,0.0,0.886,0,0,active,53.8,5,2,1.98,0.8826,0,0,completed
SYNTH-01136,3,TUBOD,YAMAHA,SNIPER 155,Sport Underbone,123900.0,14868.0,0.12,109032.0,12,11648.36,0.5456,21351.59,BPO / Call Center Agent,Owned (Inherited/Tax Dec),Married,5.0,9,0.8333,1,1,1,11648.36,0.4,0.606,0,0,delinquent,36.1,9,2,2.34,0.6696,0,1,defaulted
SYNTH-01137,1,LALA,YAMAHA,AEROX 155,Sport Scooter,125400.0,15048.0,0.12,110352.0,12,11786.96,0.4244,27776.21,Sari-Sari / Small Retail,Living with Parents/Relatives,Married,5.9,2,0.3333,0,3,2,23573.92,0.253,0.388,0,0,defaulted,38.5,9,3,2.95,0.5,0,1,defaulted
SYNTH-01138,1,LALA,YAMAHA,MIO FAZZIO,Retro Scooter,93900.0,11268.0,0.12,82632.0,24,5295.64,0.1383,38292.26,Public School Teacher,Owned (Inherited/Tax Dec),Single,3.0,7,0.3333,2,2,1,5295.64,0.01,0.646,0,0,delinquent,44.5,12,4,4.53,0.7305,0,0,completed
SYNTH-01139,1,LALA,KAWASAKI,P24KK (BARAKO II),Backbone/Tricycle,68500.0,8220.0,0.12,60280.0,36,3080.04,0.0694,44399.82,Public School Teacher,Owned (Clean Title),Single,12.6,1,0.0278,1,0,0,0.0,0.0,0.908,0,0,active,37.2,8,4,3.54,0.9525,0,0,completed
SYNTH-01140,3,TUBOD,YAMAHA,SNIPER 155,Sport Underbone,123900.0,24780.0,0.2,99120.0,36,4935.73,0.2572,19190.64,Tricycle / PUV Operator,Rented (Apartment/House),Widowed,5.9,31,0.9444,0,4,3,14807.19,0.156,0.336,0,0,defaulted,61.1,8,2,2.13,0.5,0,1,defaulted
SYNTH-01141,1,LALA,HONDA,CLICK 160,Scooter,122900.0,12290.0,0.1,110610.0,36,5484.7,0.1228,44672.23,Public School Teacher,Owned (Clean Title),Married,10.4,27,0.75,7,0,0,0.0,0.0,0.885,0,0,active,26.8,6,3,3.03,0.74,0,0,completed
SYNTH-01142,1,LALA,YAMAHA,MIO SPORTY,Scooter,73900.0,22170.0,0.3,51730.0,12,5631.65,0.2294,24549.73,BPO / Call Center Agent,Owned (Inherited/Tax Dec),Single,4.9,0,0.25,0,2,3,16894.95,0.2,0.555,0,1,defaulted,63.7,8,5,4.9,0.5574,0,0,defaulted
SYNTH-01143,2,KAPATAGAN,YAMAHA,SNIPER 155,Sport Underbone,123900.0,14868.0,0.12,109032.0,24,6923.64,0.2734,25325.69,BPO / Call Center Agent,Rented (Apartment/House),Widowed,5.4,14,0.625,0,4,1,6923.64,0.385,0.608,1,1,delinquent,39.8,2,3,3.35,0.5629,0,1,defaulted
SYNTH-01144,2,KAPATAGAN,YAMAHA,MIO GEAR 125,Scooter,79400.0,23820.0,0.3,55580.0,36,2855.49,0.0836,34164.78,Employed (Private/Gov),Living with Parents/Relatives,Widowed,4.4,27,0.7778,0,2,1,2855.49,0.039,0.841,0,0,delinquent,48.9,8,4,3.87,0.842,0,0,completed
SYNTH-01145,1,LALA,YAMAHA,SNIPER 155,Sport Underbone,123900.0,30975.0,0.25,92925.0,12,9957.12,0.3658,27220.49,Employed (Private/Gov),Living with Parents/Relatives,Married,9.3,1,0.25,0,1,2,19914.24,0.249,0.431,0,0,defaulted,54.0,9,3,3.4,0.5,0,1,defaulted
SYNTH-01146,1,LALA,SUZUKI,RAIDER 150 FI,Sport Underbone,119900.0,29975.0,0.25,89925.0,24,5745.38,0.0796,72150.11,OFW Remittance / Dependent,Owned (Clean Title),Widowed,8.6,15,0.625,6,0,0,0.0,0.0,0.975,0,0,active,21.8,5,4,3.4,0.9856,0,0,completed
SYNTH-01147,2,KAPATAGAN,HONDA,CLICK 160,Scooter,122900.0,24580.0,0.2,98320.0,36,4897.51,0.4081,12000.0,Agri / Farmer / Fisherfolk,Owned (Clean Title),Widowed,5.6,31,0.9167,0,1,2,9795.02,0.198,0.635,0,0,defaulted,10.6,8,5,4.95,0.6548,0,1,defaulted
SYNTH-01148,3,TUBOD,KAWASAKI,CT100B,Backbone/Utility,54000.0,10800.0,0.2,43200.0,12,4736.0,0.1237,38293.27,Public School Teacher,Owned (Inherited/Tax Dec),Married,24.3,5,0.4167,4,0,0,0.0,0.0,0.863,0,0,active,46.8,4,3,3.41,0.9408,0,0,completed
SYNTH-01149,1,LALA,HONDA,CLICK 160,Scooter,122900.0,30725.0,0.25,92175.0,12,9878.38,0.1919,51483.55,OFW Remittance / Dependent,Owned (Clean Title),Married,4.6,0,0.3333,0,2,4,39513.52,0.285,0.34,0,0,defaulted,63.9,1,3,2.31,0.5,0,0,defaulted
SYNTH-01150,1,LALA,HONDA,TMX125 ALPHA,Backbone/Utility,57900.0,5790.0,0.1,52110.0,36,2689.7,0.0945,28454.7,Agri / Farmer / Fisherfolk,Owned (Clean Title),Married,5.3,11,0.4167,0,2,4,10758.8,0.279,0.362,1,0,defaulted,60.9,6,4,3.56,0.5,0,1,defaulted
SYNTH-01151,3,TUBOD,YAMAHA,MIO GEAR 125,Scooter,79400.0,19850.0,0.25,59550.0,24,3872.25,0.2248,17223.77,Agri / Farmer / Fisherfolk,Rented (Apartment/House),Married,3.5,22,1.0,0,3,2,7744.5,0.193,0.479,0,0,defaulted,27.4,11,3,3.0,0.5439,0,1,defaulted
SYNTH-01152,2,KAPATAGAN,KAWASAKI,P24KK (BARAKO II),Backbone/Tricycle,68500.0,10275.0,0.15,58225.0,24,3790.54,0.1032,36723.22,Public School Teacher,Owned (Clean Title),Widowed,5.4,17,0.7083,5,0,0,0.0,0.0,0.977,0,0,active,60.1,12,4,3.93,1.1,0,0,completed
SYNTH-01153,2,KAPATAGAN,HONDA,CLICK 160,Scooter,122900.0,14748.0,0.12,108152.0,12,11555.96,0.4646,24872.66,Sari-Sari / Small Retail,Living with Parents/Relatives,Married,8.8,7,0.75,0,2,2,23111.92,0.243,0.609,0,1,defaulted,63.7,9,4,4.04,0.6167,0,1,defaulted
SYNTH-01154,3,TUBOD,YAMAHA,MIO GEAR 125,Scooter,79400.0,11910.0,0.15,67490.0,24,4361.88,0.1519,28716.27,BPO / Call Center Agent,Rented (Apartment/House),Widowed,1.7,0,0.125,0,2,4,17447.52,0.207,0.518,0,0,defaulted,40.4,1,3,2.83,0.5348,0,1,defaulted
SYNTH-01155,2,KAPATAGAN,YAMAHA,MIO FAZZIO,Retro Scooter,93900.0,9390.0,0.1,84510.0,24,5411.45,0.451,12000.0,Agri / Farmer / Fisherfolk,Rented (Apartment/House),Married,6.5,8,0.4583,0,1,3,16234.35,0.324,0.52,1,0,defaulted,14.9,7,4,3.69,0.5,0,1,defaulted
SYNTH-01156,3,TUBOD,HONDA,WAVE RSX,Underbone,64900.0,16225.0,0.25,48675.0,12,5310.88,0.1606,33070.39,BPO / Call Center Agent,Rented (Apartment/House),Married,4.2,0,0.25,0,2,3,15932.64,0.408,0.358,0,0,defaulted,17.0,2,4,3.61,0.5,0,1,defaulted
SYNTH-01157,3,TUBOD,HONDA,CLICK 125I,Scooter,81400.0,24420.0,0.3,56980.0,36,2922.38,0.0741,39423.48,Public School Teacher,Rented (Apartment/House),Widowed,9.2,9,0.2778,0,0,1,2922.38,0.139,0.722,0,0,delinquent,38.7,6,3,3.94,0.6438,0,1,defaulted
SYNTH-01158,3,TUBOD,YAMAHA,MIO GEAR 125,Scooter,79400.0,11910.0,0.15,67490.0,12,7286.45,0.3981,18302.42,Tricycle / PUV Operator,Owned (Clean Title),Single,4.3,5,0.5,0,1,1,7286.45,0.172,0.396,0,0,delinquent,53.2,4,3,2.72,0.5,0,0,defaulted
SYNTH-01159,1,LALA,YAMAHA,MIO FAZZIO,Retro Scooter,93900.0,14085.0,0.15,79815.0,12,8580.57,0.5083,16880.19,Agri / Farmer / Fisherfolk,Rented (Apartment/House),Single,10.9,7,0.8333,1,1,3,25741.71,0.41,0.631,1,0,defaulted,10.1,3,4,4.41,0.6718,0,0,defaulted
SYNTH-01160,3,TUBOD,SUZUKI,RAIDER 150 FI,Sport Underbone,119900.0,11990.0,0.1,107910.0,36,5355.7,0.1879,28507.47,Employed (Private/Gov),Rented (Apartment/House),Married,13.3,22,0.7222,0,2,4,21422.8,0.421,0.364,0,0,defaulted,37.7,5,2,2.03,0.5,0,1,defaulted
SYNTH-01161,3,TUBOD,YAMAHA,MIO FAZZIO,Retro Scooter,93900.0,11268.0,0.12,82632.0,36,4147.97,0.1385,29957.75,BPO / Call Center Agent,Owned (Inherited/Tax Dec),Married,2.6,16,0.4444,3,0,0,0.0,0.117,0.804,1,0,active,53.4,3,2,1.65,0.8434,0,1,defaulted
SYNTH-01162,1,LALA,YAMAHA,AEROX 155,Sport Scooter,125400.0,18810.0,0.15,106590.0,12,11391.95,0.2589,43999.91,Public School Teacher,Owned (Inherited/Tax Dec),Single,5.5,12,1.0,2,2,0,0.0,0.134,0.817,0,0,active,58.8,2,3,3.73,0.8092,0,0,completed
SYNTH-01163,3,TUBOD,SUZUKI,SMASH 115,Underbone,62400.0,18720.0,0.3,43680.0,36,2286.93,0.1021,22389.21,Tricycle / PUV Operator,Living with Parents/Relatives,Married,4.4,0,0.0833,0,2,4,9147.72,0.344,0.427,1,1,defaulted,37.6,5,3,2.55,0.5,0,1,defaulted
SYNTH-01164,2,KAPATAGAN,HONDA,TMX125 ALPHA,Backbone/Utility,57900.0,11580.0,0.2,46320.0,36,2413.07,0.1352,17854.41,Agri / Farmer / Fisherfolk,Rented (Apartment/House),Widowed,4.0,18,0.5833,0,2,3,7239.21,0.196,0.638,0,0,defaulted,24.8,10,5,5.61,0.6232,0,1,defaulted
SYNTH-01165,3,TUBOD,HONDA,TMX125 ALPHA,Backbone/Utility,57900.0,11580.0,0.2,46320.0,24,3056.4,0.0705,43380.48,Employed (Private/Gov),Owned (Inherited/Tax Dec),Married,8.4,11,0.4583,3,0,0,0.0,0.0,0.886,0,0,active,25.9,1,3,2.82,0.7654,0,0,completed
SYNTH-01166,1,LALA,KAWASAKI,P24KK (BARAKO II),Backbone/Tricycle,68500.0,20550.0,0.3,47950.0,36,2490.94,0.0988,25199.36,Sari-Sari / Small Retail,Rented (Apartment/House),Married,14.8,11,0.3333,0,1,1,2490.94,0.33,0.402,0,0,delinquent,28.0,6,4,4.19,0.5,0,1,defaulted
SYNTH-01167,2,KAPATAGAN,HONDA,CLICK 125I,Scooter,81400.0,12210.0,0.15,69190.0,12,7464.95,0.2097,35595.47,Employed (Private/Gov),Rented (Apartment/House),Married,11.2,7,0.9167,1,3,4,29859.8,0.196,0.577,0,0,defaulted,14.6,10,5,4.85,0.5626,0,1,defaulted
SYNTH-01168,1,LALA,YAMAHA,NMAX 155,Maxi-Scooter,151900.0,37975.0,0.25,113925.0,36,5643.08,0.2027,27835.79,Agri / Farmer / Fisherfolk,Owned (Clean Title),Widowed,5.7,35,1.0,0,4,1,5643.08,0.287,0.425,1,1,delinquent,28.9,2,3,3.37,0.5,0,1,defaulted
SYNTH-01169,2,KAPATAGAN,YAMAHA,NMAX 155,Maxi-Scooter,151900.0,18228.0,0.12,133672.0,36,6586.55,0.1897,34729.75,BPO / Call Center Agent,Owned (Inherited/Tax Dec),Married,11.1,29,0.8056,2,1,0,0.0,0.071,0.769,0,0,active,64.7,10,3,2.94,0.7394,0,0,completed
SYNTH-01170,2,KAPATAGAN,YAMAHA,MIO FAZZIO,Retro Scooter,93900.0,18780.0,0.2,75120.0,12,8087.6,0.1143,70740.29,OFW Remittance / Dependent,Owned (Clean Title),Married,4.2,3,0.3333,3,0,1,8087.6,0.076,0.731,1,0,delinquent,38.9,5,3,2.86,0.6905,0,1,defaulted
SYNTH-01171,3,TUBOD,SUZUKI,SMASH 115,Underbone,62400.0,18720.0,0.3,43680.0,36,2286.93,0.0966,23663.33,BPO / Call Center Agent,Owned (Clean Title),Married,1.6,4,0.1111,3,2,0,0.0,0.086,0.731,0,0,active,56.9,2,3,2.89,0.7002,0,0,completed
SYNTH-01172,1,LALA,YAMAHA,MIO FAZZIO,Retro Scooter,93900.0,11268.0,0.12,82632.0,24,5295.64,0.2089,25344.06,Sari-Sari / Small Retail,Living with Parents/Relatives,Married,4.8,0,0.0417,1,4,1,5295.64,0.296,0.223,1,1,delinquent,29.5,2,3,3.29,0.5,0,1,defaulted
SYNTH-01173,1,LALA,KAWASAKI,CT100B,Backbone/Utility,54000.0,10800.0,0.2,43200.0,24,2864.0,0.0938,30525.94,Public School Teacher,Living with Parents/Relatives,Married,4.0,7,0.2917,1,1,0,0.0,0.001,0.812,0,0,active,61.5,9,3,2.48,0.8358,0,0,completed
SYNTH-01174,3,TUBOD,SUZUKI,SMASH 115,Underbone,62400.0,6240.0,0.1,56160.0,36,2883.2,0.119,24231.2,Tricycle / PUV Operator,Owned (Clean Title),Single,4.7,0,0.0278,0,1,3,8649.6,0.309,0.275,0,1,defaulted,42.5,2,3,2.7,0.5,0,1,defaulted
SYNTH-01175,3,TUBOD,SUZUKI,SMASH 115,Underbone,62400.0,9360.0,0.15,53040.0,36,2734.13,0.0743,36813.72,BPO / Call Center Agent,Owned (Clean Title),Widowed,5.5,6,0.1667,3,0,0,0.0,0.0,0.927,0,0,active,49.2,2,3,2.79,0.9682,0,0,completed
SYNTH-01176,2,KAPATAGAN,HONDA,TMX125 ALPHA,Backbone/Utility,57900.0,14475.0,0.25,43425.0,36,2274.75,0.0818,27816.53,BPO / Call Center Agent,Owned (Inherited/Tax Dec),Married,1.5,6,0.1667,0,0,0,0.0,0.074,0.762,0,0,active,44.1,12,5,5.58,0.8949,0,0,completed
SYNTH-01177,3,TUBOD,HONDA,WAVE RSX,Underbone,64900.0,12980.0,0.2,51920.0,24,3401.73,0.1068,31843.33,BPO / Call Center Agent,Living with Parents/Relatives,Single,8.0,13,0.5833,0,2,1,3401.73,0.065,0.818,0,0,delinquent,32.7,11,3,3.16,0.996,0,0,completed
SYNTH-01178,2,KAPATAGAN,SUZUKI,BURGMAN STREET 125,Maxi-Scooter,83400.0,16680.0,0.2,66720.0,36,3387.73,0.1309,25871.13,Tricycle / PUV Operator,Owned (Clean Title),Married,7.2,33,1.0,0,4,3,10163.19,0.177,0.349,0,1,defaulted,40.9,8,3,2.66,0.5,0,1,defaulted
SYNTH-01179,1,LALA,HONDA,CLICK 125I,Scooter,81400.0,12210.0,0.15,69190.0,36,3505.74,0.1476,23744.41,Sari-Sari / Small Retail,Living with Parents/Relatives,Single,14.5,19,0.6111,0,1,3,10517.22,0.273,0.607,0,1,defaulted,62.4,10,4,3.86,0.6275,0,0,defaulted
SYNTH-01180,3,TUBOD,SUZUKI,SMASH 115,Underbone,62400.0,15600.0,0.25,46800.0,24,3086.0,0.1447,21321.87,Agri / Farmer / Fisherfolk,Owned (Clean Title),Married,5.8,17,0.75,1,3,1,3086.0,0.325,0.459,0,1,delinquent,51.2,6,3,2.66,0.5,0,0,defaulted
SYNTH-01181,1,LALA,KAWASAKI,ROUSER NS125,Sport Backbone,82000.0,8200.0,0.1,73800.0,12,7949.0,0.3295,24121.27,Sari-Sari / Small Retail,Rented (Apartment/House),Married,5.1,0,0.0833,0,2,3,23847.0,0.437,0.253,0,0,defaulted,15.0,7,3,3.28,0.5,0,1,defaulted
SYNTH-01182,1,LALA,SUZUKI,RAIDER 150 FI,Sport Underbone,119900.0,17985.0,0.15,101915.0,24,6484.76,0.1109,58459.09,OFW Remittance / Dependent,Owned (Clean Title),Widowed,10.2,14,0.5833,1,0,0,0.0,0.0,0.945,0,0,active,56.5,1,3,2.66,0.8282,0,0,completed
SYNTH-01183,2,KAPATAGAN,YAMAHA,MIO SPORTY,Scooter,73900.0,18475.0,0.25,55425.0,36,2848.08,0.0998,28529.94,Public School Teacher,Owned (Clean Title),Married,7.3,7,0.1944,3,0,0,0.0,0.0,0.999,0,0,active,36.0,2,4,4.49,0.9939,0,0,completed
SYNTH-01184,1,LALA,KAWASAKI,CT100B,Backbone/Utility,54000.0,6480.0,0.12,47520.0,36,2470.4,0.084,29400.03,Agri / Farmer / Fisherfolk,Living with Parents/Relatives,Married,4.7,12,0.3889,1,1,2,4940.8,0.192,0.561,1,0,defaulted,52.7,9,3,2.56,0.5544,0,1,defaulted
SYNTH-01185,1,LALA,SUZUKI,SMASH 115,Underbone,62400.0,12480.0,0.2,49920.0,12,5441.6,0.1661,32769.13,Sari-Sari / Small Retail,Living with Parents/Relatives,Married,9.5,0,0.0833,0,4,1,5441.6,0.333,0.446,0,0,delinquent,15.0,2,5,4.51,0.5,0,1,defaulted
SYNTH-01186,1,LALA,SUZUKI,BURGMAN STREET 125,Maxi-Scooter,83400.0,12510.0,0.15,70890.0,12,7643.45,0.2461,31053.27,Employed (Private/Gov),Owned (Clean Title),Widowed,9.5,4,0.5833,1,1,3,22930.35,0.212,0.382,1,0,defaulted,45.7,4,4,4.13,0.5,0,0,defaulted
SYNTH-01187,1,LALA,YAMAHA,MIO SPORTY,Scooter,73900.0,7390.0,0.1,66510.0,24,4301.45,0.1026,41911.03,Public School Teacher,Owned (Inherited/Tax Dec),Single,7.1,16,0.6667,4,0,0,0.0,0.0,0.871,0,0,active,29.2,3,5,5.09,0.9472,0,0,completed
SYNTH-01188,1,LALA,SUZUKI,RAIDER 150 FI,Sport Underbone,119900.0,17985.0,0.15,101915.0,36,5069.27,0.2424,20915.07,Public School Teacher,Rented (Apartment/House),Single,5.9,12,0.3611,0,2,1,5069.27,0.334,0.331,0,0,delinquent,59.7,9,3,3.04,0.5,0,1,defaulted
SYNTH-01189,2,KAPATAGAN,YAMAHA,MIO GEAR 125,Scooter,79400.0,11910.0,0.15,67490.0,36,3424.52,0.0853,40144.43,Public School Teacher,Rented (Apartment/House),Widowed,7.1,18,0.5,1,2,0,0.0,0.083,0.731,0,0,active,50.8,10,4,3.79,0.7683,0,0,completed
SYNTH-01190,2,KAPATAGAN,HONDA,CLICK 125I,Scooter,81400.0,24420.0,0.3,56980.0,36,2922.38,0.133,21972.79,Employed (Private/Gov),Rented (Apartment/House),Married,8.4,8,0.25,1,2,1,2922.38,0.375,0.54,0,1,delinquent,24.6,4,6,6.32,0.5635,0,1,defaulted
SYNTH-01191,1,LALA,HONDA,CLICK 160,Scooter,122900.0,14748.0,0.12,108152.0,12,11555.96,0.5589,20674.61,Tricycle / PUV Operator,Owned (Clean Title),Widowed,9.8,3,0.4167,0,1,2,23111.92,0.417,0.233,0,0,defaulted,56.6,2,4,4.08,0.5,0,1,defaulted
SYNTH-01192,2,KAPATAGAN,HONDA,WAVE RSX,Underbone,64900.0,6490.0,0.1,58410.0,36,2990.7,0.0809,36989.95,BPO / Call Center Agent,Owned (Inherited/Tax Dec),Married,9.6,24,0.6667,6,0,0,0.0,0.0,0.931,0,0,active,34.5,7,3,2.6,0.9259,0,0,completed
SYNTH-01193,3,TUBOD,SUZUKI,RAIDER 150 FI,Sport Underbone,119900.0,35970.0,0.3,83930.0,36,4209.99,0.1396,30165.36,Tricycle / PUV Operator,Living with Parents/Relatives,Widowed,19.6,7,0.2778,0,4,3,12629.97,0.224,0.202,1,0,defaulted,48.8,4,2,1.78,0.5,0,0,defaulted
SYNTH-01194,2,KAPATAGAN,YAMAHA,SNIPER 155,Sport Underbone,123900.0,24780.0,0.2,99120.0,12,10607.6,0.2446,43364.34,OFW Remittance / Dependent,Rented (Apartment/House),Single,8.7,7,0.6667,0,1,1,10607.6,0.236,0.285,0,0,delinquent,36.2,2,3,2.85,0.5,0,1,defaulted
SYNTH-01195,2,KAPATAGAN,HONDA,BEAT PREMIUM,Scooter,72400.0,7240.0,0.1,65160.0,24,4218.2,0.0561,75245.98,OFW Remittance / Dependent,Living with Parents/Relatives,Married,5.2,16,0.6667,9,0,0,0.0,0.0,0.97,0,0,active,23.4,8,6,5.9,0.9149,1,0,early_settled
SYNTH-01196,2,KAPATAGAN,KAWASAKI,ROUSER NS125,Sport Backbone,82000.0,12300.0,0.15,69700.0,12,7518.5,0.3649,20601.9,Tricycle / PUV Operator,Owned (Inherited/Tax Dec),Widowed,7.3,6,0.6667,0,3,2,15037.0,0.368,0.415,0,0,defaulted,30.4,4,2,1.92,0.5,0,1,defaulted
SYNTH-01197,3,TUBOD,YAMAHA,SNIPER 155,Sport Underbone,123900.0,37170.0,0.3,86730.0,12,9306.65,0.4205,22130.71,BPO / Call Center Agent,Owned (Inherited/Tax Dec),Married,7.5,5,0.5,1,3,1,9306.65,0.349,0.442,1,0,delinquent,16.4,12,3,2.39,0.5,0,1,defaulted
SYNTH-01198,2,KAPATAGAN,HONDA,CLICK 125I,Scooter,81400.0,12210.0,0.15,69190.0,36,3505.74,0.0984,35631.24,Employed (Private/Gov),Owned (Clean Title),Married,3.7,15,0.4444,1,2,1,3505.74,0.102,0.661,0,0,delinquent,22.7,1,5,5.35,0.5629,0,1,defaulted
SYNTH-01199,2,KAPATAGAN,SUZUKI,SMASH 115,Underbone,62400.0,7488.0,0.12,54912.0,24,3586.24,0.119,30140.31,BPO / Call Center Agent,Living with Parents/Relatives,Single,3.7,0,0.1667,1,3,4,14344.96,0.203,0.405,1,0,defaulted,44.9,11,4,4.35,0.5134,0,1,defaulted
SYNTH-01200,2,KAPATAGAN,SUZUKI,BURGMAN STREET 125,Maxi-Scooter,83400.0,20850.0,0.25,62550.0,24,4057.25,0.1836,22094.31,Sari-Sari / Small Retail,Living with Parents/Relatives,Single,9.4,6,0.2917,0,3,1,4057.25,0.383,0.294,0,0,delinquent,36.8,9,3,2.77,0.5,0,1,defaulted
SYNTH-01201,2,KAPATAGAN,YAMAHA,SNIPER 155,Sport Underbone,123900.0,12390.0,0.1,111510.0,36,5527.7,0.1634,33838.47,Public School Teacher,Rented (Apartment/House),Single,8.8,8,0.25,0,4,1,5527.7,0.285,0.437,1,0,delinquent,41.9,2,3,2.89,0.5,0,0,defaulted
SYNTH-01202,1,LALA,SUZUKI,SMASH 115,Underbone,62400.0,7488.0,0.12,54912.0,36,2823.57,0.0947,29805.11,BPO / Call Center Agent,Owned (Inherited/Tax Dec),Married,17.9,24,0.6667,2,0,0,0.0,0.0,0.948,0,0,active,18.5,1,5,4.62,0.7945,0,0,completed
SYNTH-01203,2,KAPATAGAN,HONDA,CLICK 125I,Scooter,81400.0,24420.0,0.3,56980.0,36,2922.38,0.1102,26508.2,Sari-Sari / Small Retail,Rented (Apartment/House),Single,4.0,26,0.8056,0,1,3,8767.14,0.272,0.222,0,0,defaulted,48.8,5,4,4.24,0.5,0,1,defaulted
SYNTH-01204,3,TUBOD,SUZUKI,SMASH 115,Underbone,62400.0,9360.0,0.15,53040.0,24,3470.8,0.1987,17466.19,Tricycle / PUV Operator,Owned (Inherited/Tax Dec),Single,12.8,14,0.75,0,1,4,13883.2,0.329,0.417,0,1,defaulted,36.0,6,3,2.79,0.5,0,1,defaulted
SYNTH-01205,1,LALA,HONDA,PCX160,Maxi-Scooter,134900.0,40470.0,0.3,94430.0,12,10115.15,0.3079,32855.11,Sari-Sari / Small Retail,Owned (Inherited/Tax Dec),Married,4.5,4,0.5,0,4,2,20230.3,0.375,0.335,1,1,defaulted,53.7,1,2,2.3,0.5,0,1,defaulted
SYNTH-01206,3,TUBOD,KAWASAKI,CT100B,Backbone/Utility,54000.0,5400.0,0.1,48600.0,12,5303.0,0.1394,38034.37,Public School Teacher,Owned (Inherited/Tax Dec),Married,11.8,12,1.0,3,0,0,0.0,0.0,0.883,0,0,active,10.5,4,4,3.68,0.956,0,0,completed
SYNTH-01207,1,LALA,HONDA,WAVE RSX,Underbone,64900.0,12980.0,0.2,51920.0,12,5651.6,0.1202,47019.04,Public School Teacher,Living with Parents/Relatives,Widowed,4.4,4,0.3333,1,0,0,0.0,0.026,0.633,0,0,active,28.7,6,3,2.39,0.5909,0,0,completed
SYNTH-01208,3,TUBOD,KAWASAKI,ROUSER NS125,Sport Backbone,82000.0,9840.0,0.12,72160.0,36,3647.64,0.2753,13251.04,Agri / Farmer / Fisherfolk,Rented (Apartment/House),Married,5.4,29,0.8611,0,1,2,7295.28,0.17,0.577,0,0,defaulted,61.8,7,2,1.69,0.5834,0,1,defaulted
SYNTH-01209,1,LALA,HONDA,PCX160,Maxi-Scooter,134900.0,26980.0,0.2,107920.0,12,11531.6,0.961,12000.0,Agri / Farmer / Fisherfolk,Owned (Inherited/Tax Dec),Married,8.8,0,0.1667,0,2,2,23063.2,0.185,0.541,1,0,defaulted,55.8,11,3,3.22,0.6636,0,1,defaulted
SYNTH-01210,3,TUBOD,SUZUKI,BURGMAN STREET 125,Maxi-Scooter,83400.0,20850.0,0.25,62550.0,12,6767.75,0.2083,32488.12,Sari-Sari / Small Retail,Living with Parents/Relatives,Widowed,8.1,5,0.75,1,2,4,27071.0,0.298,0.393,0,0,defaulted,13.0,5,4,4.02,0.5,0,1,defaulted
SYNTH-01211,2,KAPATAGAN,KAWASAKI,CT100B,Backbone/Utility,54000.0,8100.0,0.15,45900.0,12,5019.5,0.1493,33631.43,Sari-Sari / Small Retail,Owned (Inherited/Tax Dec),Single,7.0,7,0.5833,3,0,0,0.0,0.055,0.63,0,0,active,24.0,12,5,5.18,0.7599,1,1,defaulted
SYNTH-01212,3,TUBOD,SUZUKI,SMASH 115,Underbone,62400.0,18720.0,0.3,43680.0,24,2893.6,0.1605,18034.02,Agri / Farmer / Fisherfolk,Owned (Clean Title),Widowed,11.3,18,0.7917,1,2,1,2893.6,0.406,0.414,0,0,delinquent,35.9,3,3,2.86,0.5,0,1,defaulted
SYNTH-01213,1,LALA,HONDA,CLICK 160,Scooter,122900.0,12290.0,0.1,110610.0,24,7020.95,0.2549,27548.0,Sari-Sari / Small Retail,Owned (Clean Title),Married,11.2,8,0.4583,1,1,3,21062.85,0.3,0.224,1,0,defaulted,30.6,1,3,3.43,0.5,0,0,defaulted
SYNTH-01214,2,KAPATAGAN,YAMAHA,SNIPER 155,Sport Underbone,123900.0,14868.0,0.12,109032.0,36,5409.31,0.2655,20373.66,Agri / Farmer / Fisherfolk,Owned (Inherited/Tax Dec),Married,8.7,2,0.1667,1,2,4,21637.24,0.394,0.26,1,0,defaulted,43.3,12,3,2.95,0.5,0,1,defaulted
SYNTH-01215,2,KAPATAGAN,YAMAHA,AEROX 155,Sport Scooter,125400.0,12540.0,0.1,112860.0,12,12050.3,0.2951,40840.77,Public School Teacher,Living with Parents/Relatives,Married,6.7,0,0.0833,1,1,1,12050.3,0.162,0.636,1,1,delinquent,51.4,11,3,2.21,0.7018,0,1,defaulted
SYNTH-01216,3,TUBOD,HONDA,PCX160,Maxi-Scooter,134900.0,13490.0,0.1,121410.0,36,6000.7,0.1693,35448.08,Employed (Private/Gov),Owned (Inherited/Tax Dec),Widowed,7.4,29,0.8056,2,0,0,0.0,0.137,0.67,0,0,active,26.7,6,2,2.65,0.5711,0,0,completed
SYNTH-01217,2,KAPATAGAN,HONDA,ADV160,Adventure Scooter,166900.0,16690.0,0.1,150210.0,12,15972.05,1.331,12000.0,Agri / Farmer / Fisherfolk,Living with Parents/Relatives,Married,4.2,6,0.75,0,4,3,47916.15,0.304,0.47,0,0,defaulted,48.2,3,2,1.97,0.5,0,1,defaulted
SYNTH-01218,2,KAPATAGAN,SUZUKI,RAIDER 150 FI,Sport Underbone,119900.0,11990.0,0.1,107910.0,24,6854.45,0.2979,23009.7,Sari-Sari / Small Retail,Owned (Clean Title),Married,5.0,16,0.7083,0,4,1,6854.45,0.17,0.269,1,1,delinquent,21.9,4,4,3.87,0.5,0,1,defaulted
SYNTH-01219,2,KAPATAGAN,YAMAHA,MIO GEAR 125,Scooter,79400.0,19850.0,0.25,59550.0,24,3872.25,0.2284,16951.47,Tricycle / PUV Operator,Living with Parents/Relatives,Single,23.8,5,0.375,1,2,4,15489.0,0.333,0.495,0,1,defaulted,32.6,5,4,3.12,0.5076,0,1,defaulted
SYNTH-01220,3,TUBOD,KAWASAKI,P24KK (BARAKO II),Backbone/Tricycle,68500.0,8220.0,0.12,60280.0,24,3917.27,0.095,41237.27,OFW Remittance / Dependent,Living with Parents/Relatives,Single,5.0,19,0.7917,7,0,0,0.0,0.0,0.948,0,0,active,21.1,9,4,4.86,0.9655,0,0,completed
SYNTH-01221,3,TUBOD,HONDA,CLICK 160,Scooter,122900.0,14748.0,0.12,108152.0,24,6869.37,0.3511,19564.37,Tricycle / PUV Operator,Rented (Apartment/House),Single,11.4,11,0.5833,1,4,3,20608.11,0.158,0.346,0,1,defaulted,51.3,11,3,3.19,0.5,0,1,defaulted
SYNTH-01222,3,TUBOD,HONDA,TMX125 ALPHA,Backbone/Utility,57900.0,5790.0,0.1,52110.0,12,5671.55,0.1633,34740.08,Public School Teacher,Owned (Clean Title),Single,16.3,2,0.1667,2,0,0,0.0,0.0,0.98,0,0,active,30.4,5,3,3.23,0.9271,0,0,completed
SYNTH-01223,3,TUBOD,HONDA,ADV160,Adventure Scooter,166900.0,25035.0,0.15,141865.0,24,8948.34,0.4349,20577.8,Sari-Sari / Small Retail,Owned (Clean Title),Married,2.6,17,0.875,0,4,4,35793.36,0.158,0.289,0,1,defaulted,11.1,12,2,2.53,0.5,0,1,defaulted
SYNTH-01224,1,LALA,SUZUKI,RAIDER 150 FI,Sport Underbone,119900.0,14388.0,0.12,105512.0,12,11278.76,0.4587,24585.95,Tricycle / PUV Operator,Owned (Clean Title),Widowed,3.1,7,0.9167,0,2,4,45115.04,0.167,0.506,0,0,defaulted,61.1,10,3,3.18,0.5,0,1,defaulted
SYNTH-01225,3,TUBOD,KAWASAKI,ROUSER NS125,Sport Backbone,82000.0,16400.0,0.2,65600.0,12,7088.0,0.2695,26303.57,BPO / Call Center Agent,Living with Parents/Relatives,Married,15.7,8,1.0,0,3,4,28352.0,0.245,0.584,1,0,defaulted,38.8,2,2,1.23,0.5609,0,1,defaulted
SYNTH-01226,2,KAPATAGAN,HONDA,CLICK 160,Scooter,122900.0,36870.0,0.3,86030.0,36,4310.32,0.2534,17007.45,Agri / Farmer / Fisherfolk,Rented (Apartment/House),Married,7.7,22,0.6944,0,3,3,12930.96,0.267,0.288,0,0,defaulted,62.1,7,4,4.27,0.5,0,1,defaulted
SYNTH-01227,1,LALA,YAMAHA,MIO GEAR 125,Scooter,79400.0,23820.0,0.3,55580.0,12,6035.9,0.1697,35561.17,OFW Remittance / Dependent,Owned (Inherited/Tax Dec),Married,5.3,0,0.0833,0,1,1,6035.9,0.069,0.784,0,0,delinquent,41.3,5,4,4.28,0.8334,0,0,completed
SYNTH-01228,3,TUBOD,SUZUKI,BURGMAN STREET 125,Maxi-Scooter,83400.0,12510.0,0.15,70890.0,36,3586.97,0.1407,25487.94,Agri / Farmer / Fisherfolk,Owned (Clean Title),Married,5.4,13,0.4444,1,2,3,10760.91,0.161,0.296,1,0,defaulted,12.4,12,4,4.13,0.5,0,1,defaulted
SYNTH-01229,1,LALA,YAMAHA,MIO SPORTY,Scooter,73900.0,11085.0,0.15,62815.0,36,3201.16,0.0834,38388.53,Employed (Private/Gov),Living with Parents/Relatives,Single,12.4,16,0.4444,1,0,0,0.0,0.131,0.72,0,0,active,29.8,4,5,5.07,0.8031,0,0,completed
SYNTH-01230,3,TUBOD,KAWASAKI,CT100B,Backbone/Utility,54000.0,6480.0,0.12,47520.0,24,3130.4,0.1194,26228.39,Sari-Sari / Small Retail,Living with Parents/Relatives,Single,8.5,4,0.2083,0,1,1,3130.4,0.327,0.262,0,0,delinquent,27.3,2,3,3.31,0.5,0,1,defaulted
SYNTH-01231,3,TUBOD,HONDA,CLICK 160,Scooter,122900.0,36870.0,0.3,86030.0,24,5505.18,0.2147,25635.85,Sari-Sari / Small Retail,Owned (Inherited/Tax Dec),Married,3.1,20,0.9167,0,4,2,11010.36,0.438,0.504,1,0,defaulted,24.0,1,3,3.18,0.5,0,0,defaulted
SYNTH-01232,2,KAPATAGAN,HONDA,CLICK 160,Scooter,122900.0,30725.0,0.25,92175.0,36,4603.92,0.2213,20806.95,Tricycle / PUV Operator,Owned (Clean Title),Single,9.1,29,0.9167,0,3,4,18415.68,0.422,0.219,1,0,defaulted,36.6,9,4,4.82,0.5,0,0,defaulted
SYNTH-01233,3,TUBOD,SUZUKI,RAIDER 150 FI,Sport Underbone,119900.0,11990.0,0.1,107910.0,12,11530.55,0.5544,20799.43,Employed (Private/Gov),Owned (Clean Title),Married,6.3,0,0.0833,1,1,3,34591.65,0.232,0.207,0,1,defaulted,10.1,10,3,3.56,0.5,0,1,defaulted
SYNTH-01234,3,TUBOD,HONDA,CLICK 125I,Scooter,81400.0,24420.0,0.3,56980.0,24,3713.77,0.1096,33885.83,Public School Teacher,Rented (Apartment/House),Married,2.3,15,0.6667,0,3,1,3713.77,0.322,0.549,0,0,delinquent,48.3,10,3,3.07,0.5681,0,0,defaulted
SYNTH-01235,3,TUBOD,HONDA,WAVE RSX,Underbone,64900.0,6490.0,0.1,58410.0,12,6333.05,0.1951,32454.85,BPO / Call Center Agent,Living with Parents/Relatives,Married,14.3,1,0.1667,0,1,1,6333.05,0.272,0.374,0,0,delinquent,19.2,2,4,4.39,0.5,0,1,defaulted
SYNTH-01236,3,TUBOD,KAWASAKI,ROUSER NS125,Sport Backbone,82000.0,12300.0,0.15,69700.0,24,4498.17,0.1072,41966.22,Public School Teacher,Owned (Inherited/Tax Dec),Widowed,9.7,1,0.0417,1,0,0,0.0,0.0,0.958,0,0,active,51.5,7,2,2.04,0.9624,0,0,completed
SYNTH-01237,1,LALA,HONDA,TMX125 ALPHA,Backbone/Utility,57900.0,14475.0,0.25,43425.0,24,2877.88,0.2398,12000.0,Agri / Farmer / Fisherfolk,Owned (Inherited/Tax Dec),Married,1.8,1,0.2083,0,2,4,11511.52,0.164,0.366,1,0,defaulted,26.5,5,4,3.15,0.5,0,1,defaulted
SYNTH-01238,1,LALA,KAWASAKI,ROUSER NS125,Sport Backbone,82000.0,24600.0,0.3,57400.0,36,2942.44,0.0672,43757.03,Public School Teacher,Rented (Apartment/House),Single,4.4,0,0.0556,0,2,4,11769.76,0.249,0.648,0,0,defaulted,31.0,12,3,3.52,0.7333,0,0,defaulted
SYNTH-01239,1,LALA,SUZUKI,RAIDER 150 FI,Sport Underbone,119900.0,23980.0,0.2,95920.0,36,4782.84,0.2063,23181.95,Tricycle / PUV Operator,Owned (Clean Title),Single,10.6,1,0.0556,0,2,1,4782.84,0.344,0.403,0,1,delinquent,62.4,10,3,2.87,0.5,0,1,defaulted
SYNTH-01240,1,LALA,HONDA,CLICK 125I,Scooter,81400.0,24420.0,0.3,56980.0,12,6182.9,0.3487,17732.66,BPO / Call Center Agent,Owned (Inherited/Tax Dec),Widowed,12.5,2,0.3333,0,2,2,12365.8,0.447,0.529,1,0,defaulted,25.0,7,4,4.12,0.5,0,1,defaulted
SYNTH-01241,3,TUBOD,SUZUKI,SMASH 115,Underbone,62400.0,12480.0,0.2,49920.0,24,3278.4,0.0794,41289.81,Public School Teacher,Rented (Apartment/House),Single,13.8,14,0.5833,1,2,0,0.0,0.08,0.797,0,0,active,26.1,5,3,3.44,0.7732,0,0,completed
SYNTH-01242,3,TUBOD,HONDA,CLICK 160,Scooter,122900.0,12290.0,0.1,110610.0,36,5484.7,0.1275,43010.67,Employed (Private/Gov),Owned (Inherited/Tax Dec),Married,17.5,34,0.9444,8,0,0,0.0,0.0,0.989,0,0,active,39.1,6,3,2.87,0.8171,0,0,completed
SYNTH-01243,2,KAPATAGAN,KAWASAKI,P24KK (BARAKO II),Backbone/Tricycle,68500.0,8220.0,0.12,60280.0,12,6529.4,0.1657,39411.11,BPO / Call Center Agent,Owned (Inherited/Tax Dec),Widowed,3.9,10,0.9167,0,1,1,6529.4,0.155,0.485,1,0,delinquent,49.7,1,3,2.88,0.5,0,1,defaulted
SYNTH-01244,3,TUBOD,HONDA,CLICK 160,Scooter,122900.0,18435.0,0.15,104465.0,36,5191.11,0.1747,29711.04,Sari-Sari / Small Retail,Living with Parents/Relatives,Single,12.6,9,0.3333,0,4,3,15573.33,0.247,0.33,0,1,defaulted,47.3,12,3,2.58,0.5,0,1,defaulted
SYNTH-01245,3,TUBOD,YAMAHA,NMAX 155,Maxi-Scooter,151900.0,45570.0,0.3,106330.0,36,5280.21,0.2777,19013.66,Agri / Farmer / Fisherfolk,Rented (Apartment/House),Married,9.6,28,0.8333,0,3,2,10560.42,0.38,0.644,0,0,defaulted,61.8,10,3,3.24,0.635,0,1,defaulted
SYNTH-01246,1,LALA,HONDA,BEAT PREMIUM,Scooter,72400.0,18100.0,0.25,54300.0,12,5901.5,0.1403,42058.09,OFW Remittance / Dependent,Owned (Clean Title),Married,1.2,5,0.4167,1,0,0,0.0,0.003,0.814,0,0,active,43.5,4,5,4.59,0.842,0,0,completed
SYNTH-01247,2,KAPATAGAN,HONDA,BEAT PREMIUM,Scooter,72400.0,7240.0,0.1,65160.0,24,4218.2,0.3515,12000.0,Agri / Farmer / Fisherfolk,Rented (Apartment/House),Widowed,4.8,10,0.5833,1,1,4,16872.8,0.349,0.281,1,0,defaulted,47.0,7,4,3.71,0.5,0,1,defaulted
SYNTH-01248,1,LALA,YAMAHA,AEROX 155,Sport Scooter,125400.0,37620.0,0.3,87780.0,24,5613.1,0.1876,29924.06,Public School Teacher,Owned (Inherited/Tax Dec),Married,8.9,7,0.3333,1,1,1,5613.1,0.009,0.733,0,0,delinquent,21.5,9,4,3.7,0.7521,0,0,completed
SYNTH-01249,1,LALA,SUZUKI,SMASH 115,Underbone,62400.0,9360.0,0.15,53040.0,36,2734.13,0.153,17866.4,Agri / Farmer / Fisherfolk,Owned (Clean Title),Married,8.9,25,0.75,1,1,2,5468.26,0.432,0.512,0,0,defaulted,40.5,1,3,3.11,0.5,0,1,defaulted
SYNTH-01250,3,TUBOD,HONDA,BEAT PREMIUM,Scooter,72400.0,10860.0,0.15,61540.0,24,3994.97,0.1314,30394.43,BPO / Call Center Agent,Living with Parents/Relatives,Married,5.6,2,0.125,3,2,1,3994.97,0.119,0.826,0,0,delinquent,42.1,4,4,4.09,0.8697,0,0,completed
SYNTH-01251,1,LALA,SUZUKI,SMASH 115,Underbone,62400.0,18720.0,0.3,43680.0,36,2286.93,0.0876,26106.01,BPO / Call Center Agent,Rented (Apartment/House),Single,11.0,7,0.2778,0,3,3,6860.79,0.212,0.269,0,0,defaulted,44.2,4,4,3.87,0.5,0,1,defaulted
SYNTH-01252,2,KAPATAGAN,YAMAHA,MIO FAZZIO,Retro Scooter,93900.0,14085.0,0.15,79815.0,24,5121.93,0.2443,20969.58,Sari-Sari / Small Retail,Owned (Inherited/Tax Dec),Married,4.9,16,0.7083,0,1,1,5121.93,0.218,0.624,0,1,delinquent,31.4,1,3,3.5,0.5774,0,1,defaulted
SYNTH-01253,1,LALA,SUZUKI,RAIDER 150 FI,Sport Underbone,119900.0,11990.0,0.1,107910.0,12,11530.55,0.3437,33552.68,BPO / Call Center Agent,Rented (Apartment/House),Widowed,4.2,1,0.1667,0,2,1,11530.55,0.192,0.373,1,1,delinquent,49.1,1,3,2.88,0.5,0,1,defaulted
SYNTH-01254,1,LALA,HONDA,PCX160,Maxi-Scooter,134900.0,40470.0,0.3,94430.0,12,10115.15,0.3292,30728.77,BPO / Call Center Agent,Owned (Clean Title),Married,4.8,9,0.8333,0,3,1,10115.15,0.279,0.501,0,0,delinquent,34.3,9,3,2.95,0.5211,0,0,defaulted
SYNTH-01255,1,LALA,SUZUKI,BURGMAN STREET 125,Maxi-Scooter,83400.0,12510.0,0.15,70890.0,12,7643.45,0.2937,26021.01,BPO / Call Center Agent,Rented (Apartment/House),Married,7.6,1,0.3333,1,3,3,22930.35,0.361,0.391,1,0,defaulted,61.9,5,4,3.85,0.5,0,1,defaulted
SYNTH-01256,2,KAPATAGAN,HONDA,TMX125 ALPHA,Backbone/Utility,57900.0,11580.0,0.2,46320.0,36,2413.07,0.1287,18742.85,Employed (Private/Gov),Rented (Apartment/House),Married,8.8,6,0.25,1,2,3,7239.21,0.206,0.482,1,0,defaulted,38.1,8,4,4.37,0.5202,0,1,defaulted
SYNTH-01257,3,TUBOD,YAMAHA,SNIPER 155,Sport Underbone,123900.0,30975.0,0.25,92925.0,24,5930.38,0.1945,30491.07,BPO / Call Center Agent,Owned (Clean Title),Married,1.7,0,0.125,0,1,4,23721.52,0.201,0.593,0,0,defaulted,33.4,4,2,2.2,0.6136,0,1,defaulted
SYNTH-01258,1,LALA,HONDA,WAVE RSX,Underbone,64900.0,9735.0,0.15,55165.0,36,2835.66,0.1086,26109.18,BPO / Call Center Agent,Owned (Inherited/Tax Dec),Single,1.2,22,0.6389,1,0,1,2835.66,0.083,0.813,0,0,delinquent,49.5,8,4,4.12,0.8019,0,0,completed
SYNTH-01259,3,TUBOD,HONDA,PCX160,Maxi-Scooter,134900.0,16188.0,0.12,118712.0,36,5871.8,0.2009,29229.61,BPO / Call Center Agent,Owned (Clean Title),Married,6.4,7,0.1944,0,2,0,0.0,0.041,0.669,1,0,active,26.6,7,2,1.61,0.6611,0,1,defaulted
SYNTH-01260,1,LALA,SUZUKI,RAIDER 150 FI,Sport Underbone,119900.0,29975.0,0.25,89925.0,24,5745.38,0.2039,28182.62,Tricycle / PUV Operator,Living with Parents/Relatives,Married,9.1,18,0.7917,0,4,1,5745.38,0.43,0.292,1,0,delinquent,24.5,9,4,3.66,0.5,0,0,defaulted
SYNTH-01261,2,KAPATAGAN,KAWASAKI,ROUSER NS125,Sport Backbone,82000.0,12300.0,0.15,69700.0,36,3530.11,0.0651,54243.76,OFW Remittance / Dependent,Owned (Clean Title),Married,5.1,4,0.1111,2,0,0,0.0,0.0,0.941,0,0,active,54.9,7,2,1.72,0.918,0,0,completed
SYNTH-01262,2,KAPATAGAN,SUZUKI,RAIDER 150 FI,Sport Underbone,119900.0,11990.0,0.1,107910.0,12,11530.55,0.2958,38982.08,Employed (Private/Gov),Owned (Clean Title),Widowed,4.1,1,0.3333,0,2,3,34591.65,0.245,0.464,0,0,defaulted,40.5,3,3,2.99,0.5,0,1,defaulted
SYNTH-01263,2,KAPATAGAN,YAMAHA,SNIPER 155,Sport Underbone,123900.0,14868.0,0.12,109032.0,12,11648.36,0.6163,18901.69,Tricycle / PUV Operator,Owned (Inherited/Tax Dec),Married,8.3,9,0.9167,0,4,2,23296.72,0.209,0.395,1,1,defaulted,40.2,7,3,3.15,0.5,0,1,defaulted
SYNTH-01264,1,LALA,SUZUKI,BURGMAN STREET 125,Maxi-Scooter,83400.0,25020.0,0.3,58380.0,36,2989.27,0.1476,20247.26,Sari-Sari / Small Retail,Living with Parents/Relatives,Widowed,10.5,27,0.8056,0,4,2,5978.54,0.331,0.551,0,0,defaulted,62.1,9,4,3.77,0.5,0,0,defaulted
SYNTH-01265,1,LALA,SUZUKI,SMASH 115,Underbone,62400.0,7488.0,0.12,54912.0,12,5965.76,0.2325,25660.82,Tricycle / PUV Operator,Living with Parents/Relatives,Widowed,17.4,6,0.8333,0,1,4,23863.04,0.434,0.221,0,0,defaulted,16.3,7,5,4.35,0.5,0,1,defaulted
SYNTH-01266,2,KAPATAGAN,HONDA,ADV160,Adventure Scooter,166900.0,33380.0,0.2,133520.0,24,8433.73,0.2928,28805.62,BPO / Call Center Agent,Rented (Apartment/House),Single,7.5,7,0.3333,0,2,1,8433.73,0.199,0.528,0,1,delinquent,19.8,2,3,3.22,0.5,0,1,defaulted
SYNTH-01267,3,TUBOD,HONDA,TMX125 ALPHA,Backbone/Utility,57900.0,6948.0,0.12,50952.0,24,3342.04,0.0928,36024.32,Public School Teacher,Owned (Inherited/Tax Dec),Married,11.9,3,0.125,2,0,0,0.0,0.0,0.875,0,0,active,30.0,11,4,3.9,1.0348,0,0,completed
SYNTH-01268,3,TUBOD,YAMAHA,MIO GEAR 125,Scooter,79400.0,23820.0,0.3,55580.0,36,2855.49,0.0958,29815.83,Employed (Private/Gov),Living with Parents/Relatives,Widowed,5.5,17,0.4722,3,2,0,0.0,0.001,0.698,0,0,active,54.0,3,3,2.46,0.7529,0,0,completed
SYNTH-01269,1,LALA,SUZUKI,BURGMAN STREET 125,Maxi-Scooter,83400.0,20850.0,0.25,62550.0,36,3188.5,0.0818,38956.14,Public School Teacher,Living with Parents/Relatives,Widowed,7.6,3,0.0833,3,0,0,0.0,0.0,0.965,0,0,active,30.4,10,4,3.85,1.0107,0,0,completed
SYNTH-01270,3,TUBOD,KAWASAKI,CT100B,Backbone/Utility,54000.0,5400.0,0.1,48600.0,36,2522.0,0.0577,43722.27,Public School Teacher,Rented (Apartment/House),Married,3.6,10,0.3056,1,0,1,2522.0,0.052,0.845,0,0,delinquent,33.8,12,3,2.78,0.9938,0,0,completed
SYNTH-01271,3,TUBOD,KAWASAKI,P24KK (BARAKO II),Backbone/Tricycle,68500.0,10275.0,0.15,58225.0,24,3790.54,0.1933,19605.12,Tricycle / PUV Operator,Rented (Apartment/House),Married,10.6,18,0.875,0,3,3,11371.62,0.218,0.41,0,0,defaulted,51.6,2,3,2.53,0.5,0,1,defaulted
SYNTH-01272,3,TUBOD,HONDA,PCX160,Maxi-Scooter,134900.0,33725.0,0.25,101175.0,24,6439.12,0.0865,74415.04,OFW Remittance / Dependent,Living with Parents/Relatives,Widowed,11.0,15,0.625,1,0,0,0.0,0.0,0.922,0,0,active,10.6,12,3,3.04,1.0597,0,0,completed
SYNTH-01273,3,TUBOD,YAMAHA,AEROX 155,Sport Scooter,125400.0,31350.0,0.25,94050.0,12,10075.25,0.2816,35784.66,Employed (Private/Gov),Living with Parents/Relatives,Married,3.3,3,0.5833,0,4,4,40301.0,0.226,0.555,1,0,defaulted,27.8,1,2,2.38,0.5114,0,1,defaulted
SYNTH-01274,3,TUBOD,YAMAHA,AEROX 155,Sport Scooter,125400.0,12540.0,0.1,112860.0,36,5592.2,0.1562,35791.51,OFW Remittance / Dependent,Rented (Apartment/House),Single,7.3,26,0.8333,0,4,4,22368.8,0.276,0.597,0,0,defaulted,20.6,7,3,3.4,0.6062,0,1,defaulted
SYNTH-01275,3,TUBOD,YAMAHA,SNIPER 155,Sport Underbone,123900.0,30975.0,0.25,92925.0,24,5930.38,0.2852,20793.18,Tricycle / PUV Operator,Owned (Inherited/Tax Dec),Married,24.8,4,0.2917,0,1,3,17791.14,0.275,0.254,0,1,defaulted,60.9,11,2,1.74,0.5,0,1,defaulted
SYNTH-01276,3,TUBOD,KAWASAKI,P24KK (BARAKO II),Backbone/Tricycle,68500.0,20550.0,0.3,47950.0,36,2490.94,0.0352,70836.76,OFW Remittance / Dependent,Owned (Clean Title),Married,4.4,24,0.6667,7,0,0,0.0,0.0,0.956,0,0,active,30.1,10,3,3.04,0.9941,1,0,early_settled
SYNTH-01277,2,KAPATAGAN,YAMAHA,AEROX 155,Sport Scooter,125400.0,15048.0,0.12,110352.0,36,5472.37,0.2148,25476.12,Sari-Sari / Small Retail,Owned (Clean Title),Single,4.3,15,0.5,1,2,3,16417.11,0.208,0.414,0,0,defaulted,35.5,9,3,3.02,0.5,0,1,defaulted
SYNTH-01278,2,KAPATAGAN,YAMAHA,AEROX 155,Sport Scooter,125400.0,31350.0,0.25,94050.0,12,10075.25,0.4169,24165.12,Sari-Sari / Small Retail,Rented (Apartment/House),Married,13.8,3,0.4167,0,2,2,20150.5,0.417,0.619,0,0,defaulted,40.0,7,3,3.34,0.5983,0,0,defaulted
SYNTH-01279,1,LALA,HONDA,WAVE RSX,Underbone,64900.0,9735.0,0.15,55165.0,24,3601.84,0.1601,22492.37,Sari-Sari / Small Retail,Owned (Clean Title),Married,2.3,1,0.125,1,3,2,7203.68,0.419,0.574,0,0,defaulted,57.4,8,4,3.98,0.5655,0,0,defaulted
SYNTH-01280,1,LALA,YAMAHA,MIO SPORTY,Scooter,73900.0,18475.0,0.25,55425.0,24,3617.88,0.1112,32533.95,BPO / Call Center Agent,Owned (Inherited/Tax Dec),Married,3.0,7,0.3333,1,1,1,3617.88,0.148,0.7,0,0,delinquent,26.9,9,5,4.69,0.6949,0,0,completed
SYNTH-01281,1,LALA,SUZUKI,SMASH 115,Underbone,62400.0,18720.0,0.3,43680.0,24,2893.6,0.1502,19265.84,Tricycle / PUV Operator,Rented (Apartment/House),Married,6.2,12,0.6667,1,3,4,11574.4,0.352,0.351,0,0,defaulted,57.2,6,3,3.23,0.5,0,1,defaulted
SYNTH-01282,2,KAPATAGAN,KAWASAKI,ROUSER NS125,Sport Backbone,82000.0,12300.0,0.15,69700.0,12,7518.5,0.5384,13965.37,Agri / Farmer / Fisherfolk,Living with Parents/Relatives,Married,9.3,10,0.9167,1,1,1,7518.5,0.244,0.527,0,1,delinquent,31.4,8,2,2.41,0.538,0,1,defaulted
SYNTH-01283,1,LALA,HONDA,CLICK 160,Scooter,122900.0,12290.0,0.1,110610.0,12,11814.05,0.2255,52381.6,Public School Teacher,Living with Parents/Relatives,Married,15.2,1,0.1667,2,0,1,11814.05,0.052,0.701,0,0,delinquent,36.5,8,4,3.81,0.7438,0,0,completed
SYNTH-01284,1,LALA,YAMAHA,MIO SPORTY,Scooter,73900.0,22170.0,0.3,51730.0,12,5631.65,0.3244,17362.52,Agri / Farmer / Fisherfolk,Living with Parents/Relatives,Married,8.0,0,0.25,0,2,4,22526.6,0.314,0.554,0,0,defaulted,31.9,4,5,5.02,0.5622,0,1,defaulted
SYNTH-01285,2,KAPATAGAN,YAMAHA,AEROX 155,Sport Scooter,125400.0,31350.0,0.25,94050.0,12,10075.25,0.4767,21137.57,Agri / Farmer / Fisherfolk,Living with Parents/Relatives,Single,5.3,2,0.4167,0,1,3,30225.75,0.313,0.353,0,0,defaulted,28.4,6,3,2.66,0.5,0,1,defaulted
SYNTH-01286,1,LALA,YAMAHA,AEROX 155,Sport Scooter,125400.0,31350.0,0.25,94050.0,24,5999.75,0.1958,30643.38,BPO / Call Center Agent,Owned (Clean Title),Widowed,4.8,23,1.0,0,4,1,5999.75,0.372,0.372,1,1,delinquent,17.8,9,4,4.51,0.5,0,0,defaulted
SYNTH-01287,3,TUBOD,YAMAHA,MIO GEAR 125,Scooter,79400.0,19850.0,0.25,59550.0,36,3045.17,0.0881,34553.89,BPO / Call Center Agent,Owned (Inherited/Tax Dec),Married,8.7,28,0.7778,7,0,0,0.0,0.0,0.853,0,0,active,16.1,6,4,4.15,0.7966,1,0,early_settled
SYNTH-01288,3,TUBOD,SUZUKI,RAIDER 150 FI,Sport Underbone,119900.0,14388.0,0.12,105512.0,12,11278.76,0.3616,31193.33,BPO / Call Center Agent,Rented (Apartment/House),Widowed,12.9,0,0.25,0,3,3,33836.28,0.175,0.637,0,0,defaulted,59.8,11,3,2.89,0.7644,0,1,defaulted
SYNTH-01289,2,KAPATAGAN,SUZUKI,BURGMAN STREET 125,Maxi-Scooter,83400.0,20850.0,0.25,62550.0,36,3188.5,0.0701,45462.33,BPO / Call Center Agent,Living with Parents/Relatives,Married,7.4,19,0.5278,1,2,0,0.0,0.018,0.808,0,0,active,34.8,2,3,3.48,0.8055,0,0,completed
SYNTH-01290,1,LALA,YAMAHA,NMAX 155,Maxi-Scooter,151900.0,15190.0,0.1,136710.0,36,6731.7,0.1189,56607.67,OFW Remittance / Dependent,Owned (Clean Title),Married,9.5,3,0.0833,1,0,0,0.0,0.0,0.959,0,0,active,54.7,3,4,4.34,1.0089,0,0,completed
SYNTH-01291,2,KAPATAGAN,YAMAHA,MIO GEAR 125,Scooter,79400.0,9528.0,0.12,69872.0,12,7536.56,0.2852,26422.45,Tricycle / PUV Operator,Owned (Inherited/Tax Dec),Married,12.2,0,0.25,1,1,3,22609.68,0.405,0.255,0,1,defaulted,32.8,6,3,3.2,0.5,0,1,defaulted
SYNTH-01292,2,KAPATAGAN,HONDA,CLICK 160,Scooter,122900.0,14748.0,0.12,108152.0,24,6869.37,0.3109,22094.62,Sari-Sari / Small Retail,Owned (Inherited/Tax Dec),Widowed,13.7,19,0.9167,0,3,3,20608.11,0.299,0.202,1,0,defaulted,15.5,7,5,4.71,0.5,0,1,defaulted
SYNTH-01293,3,TUBOD,YAMAHA,SNIPER 155,Sport Underbone,123900.0,37170.0,0.3,86730.0,24,5548.35,0.1245,44553.44,Public School Teacher,Rented (Apartment/House),Married,3.8,11,0.625,1,3,4,22193.4,0.195,0.552,1,1,defaulted,45.6,9,2,2.09,0.5485,0,1,defaulted
SYNTH-01294,3,TUBOD,HONDA,TMX125 ALPHA,Backbone/Utility,57900.0,5790.0,0.1,52110.0,36,2689.7,0.0449,59941.46,OFW Remittance / Dependent,Living with Parents/Relatives,Married,6.5,34,0.9444,4,0,0,0.0,0.0,0.984,0,0,active,49.3,3,3,3.49,1.0342,0,0,completed
SYNTH-01295,3,TUBOD,SUZUKI,SMASH 115,Underbone,62400.0,6240.0,0.1,56160.0,12,6096.8,0.261,23360.28,Agri / Farmer / Fisherfolk,Owned (Clean Title),Married,4.7,2,0.25,0,2,1,6096.8,0.292,0.505,0,0,delinquent,59.5,12,3,2.56,0.5777,0,1,defaulted
SYNTH-01296,1,LALA,HONDA,PCX160,Maxi-Scooter,134900.0,16188.0,0.12,118712.0,12,12664.76,0.6664,19005.32,Sari-Sari / Small Retail,Owned (Inherited/Tax Dec),Widowed,7.8,1,0.3333,1,4,3,37994.28,0.215,0.259,1,1,defaulted,46.1,9,3,3.39,0.5,0,1,defaulted
SYNTH-01297,3,TUBOD,HONDA,PCX160,Maxi-Scooter,134900.0,20235.0,0.15,114665.0,36,5678.44,0.3071,18489.88,Tricycle / PUV Operator,Rented (Apartment/House),Married,13.2,28,0.8611,0,3,3,17035.32,0.16,0.275,0,0,defaulted,31.2,8,2,1.92,0.5,0,1,defaulted
SYNTH-01298,1,LALA,YAMAHA,MIO FAZZIO,Retro Scooter,93900.0,9390.0,0.1,84510.0,12,9073.55,0.2249,40337.76,Public School Teacher,Owned (Clean Title),Married,6.0,9,0.75,3,1,0,0.0,0.083,0.635,0,0,active,25.1,3,3,2.97,0.6648,0,0,completed
SYNTH-01299,3,TUBOD,YAMAHA,AEROX 155,Sport Scooter,125400.0,37620.0,0.3,87780.0,12,9416.9,0.2098,44882.34,Employed (Private/Gov),Rented (Apartment/House),Married,3.5,2,0.3333,0,4,2,18833.8,0.365,0.61,0,0,defaulted,58.7,1,2,1.65,0.5,0,0,defaulted
SYNTH-01300,2,KAPATAGAN,HONDA,TMX125 ALPHA,Backbone/Utility,57900.0,6948.0,0.12,50952.0,36,2634.37,0.0965,27291.76,Public School Teacher,Owned (Inherited/Tax Dec),Married,15.1,7,0.1944,6,0,0,0.0,0.0,0.91,0,0,active,64.2,6,4,3.91,0.8432,0,0,completed
SYNTH-01301,3,TUBOD,SUZUKI,BURGMAN STREET 125,Maxi-Scooter,83400.0,10008.0,0.12,73392.0,24,4725.84,0.112,42195.48,Employed (Private/Gov),Living with Parents/Relatives,Married,3.5,5,0.3333,0,3,3,14177.52,0.271,0.359,0,1,defaulted,10.9,9,4,3.83,0.5,0,1,defaulted
SYNTH-01302,1,LALA,YAMAHA,MIO SPORTY,Scooter,73900.0,14780.0,0.2,59120.0,24,3845.73,0.1301,29563.86,Sari-Sari / Small Retail,Living with Parents/Relatives,Married,4.1,20,1.0,1,4,4,15382.92,0.333,0.6,1,0,defaulted,62.3,1,4,4.27,0.5322,0,1,defaulted
SYNTH-01303,3,TUBOD,YAMAHA,MIO SPORTY,Scooter,73900.0,22170.0,0.3,51730.0,24,3390.02,0.0738,45930.1,OFW Remittance / Dependent,Living with Parents/Relatives,Widowed,9.5,4,0.1667,2,0,0,0.0,0.0,0.936,0,0,active,55.8,8,4,3.68,0.9556,0,0,completed
SYNTH-01304,3,TUBOD,SUZUKI,BURGMAN STREET 125,Maxi-Scooter,83400.0,16680.0,0.2,66720.0,24,4314.4,0.1568,27519.31,BPO / Call Center Agent,Owned (Clean Title),Married,7.9,2,0.125,1,0,1,4314.4,0.046,0.655,0,0,delinquent,43.9,8,3,2.48,0.6493,0,0,completed
SYNTH-01305,3,TUBOD,YAMAHA,SNIPER 155,Sport Underbone,123900.0,18585.0,0.15,105315.0,24,6694.43,0.323,20723.48,Tricycle / PUV Operator,Owned (Clean Title),Married,4.9,3,0.2083,1,2,2,13388.86,0.434,0.322,1,0,defaulted,35.5,2,2,2.02,0.5,0,1,defaulted
SYNTH-01306,1,LALA,YAMAHA,MIO GEAR 125,Scooter,79400.0,7940.0,0.1,71460.0,12,7703.3,0.2638,29204.38,BPO / Call Center Agent,Owned (Clean Title),Married,12.7,1,0.4167,1,4,4,30813.2,0.382,0.457,0,0,defaulted,61.0,6,4,3.71,0.5,0,1,defaulted
SYNTH-01307,3,TUBOD,HONDA,WAVE RSX,Underbone,64900.0,19470.0,0.3,45430.0,12,4970.15,0.3281,15149.37,Tricycle / PUV Operator,Living with Parents/Relatives,Married,10.4,8,0.75,0,1,1,4970.15,0.19,0.24,1,0,delinquent,37.3,7,3,2.9,0.5,0,1,defaulted
SYNTH-01308,3,TUBOD,HONDA,PCX160,Maxi-Scooter,134900.0,20235.0,0.15,114665.0,24,7271.01,0.4992,14564.41,Agri / Farmer / Fisherfolk,Living with Parents/Relatives,Single,8.4,5,0.25,0,1,1,7271.01,0.263,0.649,0,0,delinquent,42.9,12,2,1.72,0.7166,0,1,defaulted
SYNTH-01309,3,TUBOD,YAMAHA,MIO GEAR 125,Scooter,79400.0,15880.0,0.2,63520.0,24,4117.07,0.1541,26708.8,Tricycle / PUV Operator,Owned (Clean Title),Single,5.0,8,0.375,1,2,1,4117.07,0.226,0.513,0,1,delinquent,27.1,7,3,3.97,0.5,0,1,defaulted
SYNTH-01310,2,KAPATAGAN,HONDA,PCX160,Maxi-Scooter,134900.0,13490.0,0.1,121410.0,24,7686.95,0.2121,36239.14,Public School Teacher,Rented (Apartment/House),Single,1.5,3,0.2083,0,1,2,15373.9,0.188,0.535,0,1,defaulted,15.7,11,4,3.67,0.6601,0,1,defaulted
SYNTH-01311,3,TUBOD,YAMAHA,AEROX 155,Sport Scooter,125400.0,31350.0,0.25,94050.0,12,10075.25,0.296,34040.84,BPO / Call Center Agent,Rented (Apartment/House),Married,5.7,11,1.0,1,1,1,10075.25,0.337,0.519,1,0,delinquent,45.4,3,3,2.65,0.5,0,1,defaulted
SYNTH-01312,1,LALA,HONDA,ADV160,Adventure Scooter,166900.0,25035.0,0.15,141865.0,12,15095.82,0.5176,29165.95,Sari-Sari / Small Retail,Owned (Clean Title),Widowed,4.3,9,0.9167,1,4,2,30191.64,0.394,0.643,1,0,defaulted,19.1,1,3,2.84,0.5098,0,1,defaulted
SYNTH-01313,2,KAPATAGAN,SUZUKI,BURGMAN STREET 125,Maxi-Scooter,83400.0,20850.0,0.25,62550.0,24,4057.25,0.1132,35850.66,Public School Teacher,Rented (Apartment/House),Widowed,12.5,0,0.0417,1,1,1,4057.25,0.06,0.654,0,0,delinquent,37.9,5,3,3.15,0.6572,0,1,defaulted
SYNTH-01314,1,LALA,HONDA,ADV160,Adventure Scooter,166900.0,50070.0,0.3,116830.0,36,5781.88,0.1646,35134.63,Employed (Private/Gov),Living with Parents/Relatives,Single,6.7,26,0.7222,1,1,0,0.0,0.085,0.628,0,0,active,23.7,3,3,3.68,0.6862,0,0,completed
SYNTH-01315,1,LALA,KAWASAKI,ROUSER NS125,Sport Backbone,82000.0,20500.0,0.25,61500.0,36,3138.33,0.1306,24030.86,BPO / Call Center Agent,Owned (Inherited/Tax Dec),Single,4.0,12,0.3611,2,1,1,3138.33,0.019,0.677,0,0,delinquent,40.0,12,3,3.15,0.7572,0,1,defaulted
SYNTH-01316,3,TUBOD,HONDA,CLICK 125I,Scooter,81400.0,24420.0,0.3,56980.0,12,6182.9,0.2835,21810.78,Agri / Farmer / Fisherfolk,Owned (Inherited/Tax Dec),Married,9.1,9,0.8333,0,1,1,6182.9,0.35,0.528,1,0,delinquent,57.9,4,3,3.08,0.5013,0,1,defaulted
SYNTH-01317,2,KAPATAGAN,YAMAHA,MIO GEAR 125,Scooter,79400.0,9528.0,0.12,69872.0,24,4508.77,0.1546,29161.95,Sari-Sari / Small Retail,Living with Parents/Relatives,Married,18.0,6,0.2917,0,3,1,4508.77,0.448,0.203,0,0,delinquent,20.1,8,5,5.38,0.5,0,1,defaulted
SYNTH-01318,1,LALA,YAMAHA,NMAX 155,Maxi-Scooter,151900.0,37975.0,0.25,113925.0,24,7225.38,0.2308,31310.26,Employed (Private/Gov),Living with Parents/Relatives,Married,6.2,14,0.6667,0,1,2,14450.76,0.203,0.378,0,1,defaulted,30.0,2,3,2.84,0.5,0,1,defaulted
SYNTH-01319,2,KAPATAGAN,YAMAHA,NMAX 155,Maxi-Scooter,151900.0,18228.0,0.12,133672.0,12,14235.56,0.8802,16172.5,Agri / Farmer / Fisherfolk,Owned (Clean Title),Widowed,7.1,2,0.4167,1,1,3,42706.68,0.377,0.3,1,0,defaulted,27.0,11,4,4.08,0.5,0,1,defaulted
SYNTH-01320,3,TUBOD,HONDA,CLICK 125I,Scooter,81400.0,8140.0,0.1,73260.0,12,7892.3,0.1868,42247.34,Public School Teacher,Living with Parents/Relatives,Single,14.2,0,0.0833,2,1,1,7892.3,0.051,0.673,0,0,delinquent,61.5,8,3,3.49,0.6637,0,0,completed
SYNTH-01321,2,KAPATAGAN,YAMAHA,NMAX 155,Maxi-Scooter,151900.0,37975.0,0.25,113925.0,24,7225.38,0.4239,17044.9,Agri / Farmer / Fisherfolk,Living with Parents/Relatives,Single,6.8,19,0.9167,0,3,3,21676.14,0.327,0.245,0,1,defaulted,52.8,8,3,3.01,0.5,0,1,defaulted
SYNTH-01322,1,LALA,HONDA,BEAT PREMIUM,Scooter,72400.0,7240.0,0.1,65160.0,24,4218.2,0.2442,17272.05,Agri / Farmer / Fisherfolk,Living with Parents/Relatives,Widowed,8.1,1,0.0833,1,1,1,4218.2,0.421,0.228,0,0,delinquent,54.8,1,4,4.21,0.5,0,1,defaulted
SYNTH-01323,3,TUBOD,YAMAHA,NMAX 155,Maxi-Scooter,151900.0,22785.0,0.15,129115.0,24,8162.09,0.3653,22340.68,Sari-Sari / Small Retail,Owned (Inherited/Tax Dec),Single,8.1,0,0.125,0,2,4,32648.36,0.31,0.254,0,0,defaulted,29.6,12,3,3.23,0.5,0,1,defaulted
SYNTH-01324,3,TUBOD,YAMAHA,MIO GEAR 125,Scooter,79400.0,23820.0,0.3,55580.0,24,3627.43,0.1052,34485.28,BPO / Call Center Agent,Owned (Clean Title),Married,5.2,4,0.1667,3,0,0,0.0,0.0,0.853,0,0,active,44.6,12,3,2.42,0.9902,0,0,completed
SYNTH-01325,1,LALA,YAMAHA,AEROX 155,Sport Scooter,125400.0,12540.0,0.1,112860.0,24,7159.7,0.2985,23983.17,Employed (Private/Gov),Owned (Inherited/Tax Dec),Single,12.4,6,0.3333,0,4,2,14319.4,0.278,0.561,1,0,defaulted,44.9,5,3,2.99,0.5739,0,1,defaulted
SYNTH-01326,2,KAPATAGAN,SUZUKI,RAIDER 150 FI,Sport Underbone,119900.0,23980.0,0.2,95920.0,12,10271.6,0.1504,68284.71,OFW Remittance / Dependent,Rented (Apartment/House),Married,4.6,2,0.25,0,2,1,10271.6,0.183,0.523,1,0,delinquent,23.4,9,4,4.19,0.5084,0,1,defaulted
SYNTH-01327,3,TUBOD,YAMAHA,MIO GEAR 125,Scooter,79400.0,15880.0,0.2,63520.0,24,4117.07,0.2131,19318.74,BPO / Call Center Agent,Rented (Apartment/House),Widowed,15.9,0,0.0417,0,1,1,4117.07,0.3,0.256,1,0,delinquent,28.5,4,3,2.87,0.5,0,1,defaulted
SYNTH-01328,3,TUBOD,YAMAHA,MIO FAZZIO,Retro Scooter,93900.0,18780.0,0.2,75120.0,36,3789.07,0.1031,36754.14,Public School Teacher,Rented (Apartment/House),Married,8.0,27,0.7778,1,0,1,3789.07,0.146,0.616,0,0,delinquent,47.5,3,2,2.59,0.6661,0,0,completed
SYNTH-01329,3,TUBOD,YAMAHA,SNIPER 155,Sport Underbone,123900.0,24780.0,0.2,99120.0,36,4935.73,0.1864,26478.87,Employed (Private/Gov),Owned (Clean Title),Single,10.4,26,0.75,3,0,1,4935.73,0.002,0.707,0,0,delinquent,61.0,2,2,1.55,0.7283,1,0,completed
SYNTH-01330,1,LALA,HONDA,CLICK 160,Scooter,122900.0,18435.0,0.15,104465.0,12,11168.82,0.3417,32687.36,BPO / Call Center Agent,Rented (Apartment/House),Widowed,8.1,0,0.0833,0,3,2,22337.64,0.444,0.244,0,0,defaulted,26.3,12,4,3.99,0.5,0,1,defaulted
SYNTH-01331,3,TUBOD,KAWASAKI,CT100B,Backbone/Utility,54000.0,16200.0,0.3,37800.0,12,4169.0,0.1895,21994.43,Sari-Sari / Small Retail,Owned (Clean Title),Married,10.4,1,0.1667,0,2,1,4169.0,0.199,0.235,1,0,delinquent,31.3,10,3,3.19,0.5,0,1,defaulted
SYNTH-01332,2,KAPATAGAN,YAMAHA,SNIPER 155,Sport Underbone,123900.0,14868.0,0.12,109032.0,24,6923.64,0.2606,26566.28,BPO / Call Center Agent,Rented (Apartment/House),Married,3.8,14,0.625,1,4,1,6923.64,0.189,0.241,0,0,delinquent,23.2,5,4,3.82,0.5,0,1,defaulted
SYNTH-01333,1,LALA,YAMAHA,NMAX 155,Maxi-Scooter,151900.0,22785.0,0.15,129115.0,12,13757.07,0.3824,35973.69,BPO / Call Center Agent,Owned (Clean Title),Married,8.3,0,0.0833,0,4,3,41271.21,0.189,0.647,1,0,defaulted,12.7,7,5,5.31,0.5957,0,1,defaulted
SYNTH-01334,1,LALA,HONDA,WAVE RSX,Underbone,64900.0,12980.0,0.2,51920.0,36,2680.62,0.1215,22066.23,Tricycle / PUV Operator,Living with Parents/Relatives,Single,8.7,0,0.0278,0,3,2,5361.24,0.424,0.43,0,0,defaulted,63.2,3,4,3.84,0.5,0,0,defaulted
SYNTH-01335,1,LALA,HONDA,WAVE RSX,Underbone,64900.0,16225.0,0.25,48675.0,36,2525.58,0.072,35085.48,BPO / Call Center Agent,Owned (Clean Title),Widowed,7.6,11,0.3056,2,0,0,0.0,0.0,0.982,0,0,active,15.5,2,5,5.3,0.9407,0,0,completed
SYNTH-01336,2,KAPATAGAN,HONDA,CLICK 160,Scooter,122900.0,36870.0,0.3,86030.0,24,5505.18,0.3859,14264.68,Agri / Farmer / Fisherfolk,Owned (Inherited/Tax Dec),Single,5.6,20,0.875,0,1,1,5505.18,0.197,0.48,1,0,delinquent,57.3,10,4,4.29,0.5,0,1,defaulted
SYNTH-01337,3,TUBOD,SUZUKI,RAIDER 150 FI,Sport Underbone,119900.0,11990.0,0.1,107910.0,36,5355.7,0.3055,17531.96,Agri / Farmer / Fisherfolk,Rented (Apartment/House),Married,1.8,28,0.8056,0,3,1,5355.7,0.31,0.202,0,0,delinquent,15.9,7,3,3.5,0.5,0,0,defaulted
SYNTH-01338,2,KAPATAGAN,KAWASAKI,ROUSER NS125,Sport Backbone,82000.0,16400.0,0.2,65600.0,36,3334.22,0.2179,15302.87,Sari-Sari / Small Retail,Owned (Inherited/Tax Dec),Married,3.9,19,0.6389,1,2,4,13336.88,0.18,0.626,0,0,defaulted,18.6,9,3,2.87,0.6094,0,0,defaulted
SYNTH-01339,1,LALA,HONDA,CLICK 160,Scooter,122900.0,24580.0,0.2,98320.0,24,6263.07,0.2936,21330.57,Agri / Farmer / Fisherfolk,Owned (Clean Title),Married,6.0,15,0.6667,0,4,1,6263.07,0.223,0.236,0,1,delinquent,52.6,10,4,4.27,0.5,0,1,defaulted
SYNTH-01340,1,LALA,KAWASAKI,ROUSER NS125,Sport Backbone,82000.0,24600.0,0.3,57400.0,36,2942.44,0.1213,24261.86,Sari-Sari / Small Retail,Rented (Apartment/House),Single,11.9,3,0.1667,0,4,3,8827.32,0.438,0.641,0,0,defaulted,28.1,9,2,2.19,0.635,0,1,defaulted
SYNTH-01341,1,LALA,YAMAHA,AEROX 155,Sport Scooter,125400.0,12540.0,0.1,112860.0,36,5592.2,0.3728,15001.74,Tricycle / PUV Operator,Rented (Apartment/House),Widowed,14.4,16,0.5,0,3,2,11184.4,0.282,0.638,0,0,defaulted,13.3,10,4,4.14,0.5822,0,1,defaulted
SYNTH-01342,2,KAPATAGAN,HONDA,ADV160,Adventure Scooter,166900.0,41725.0,0.25,125175.0,24,7919.12,0.1069,74066.42,OFW Remittance / Dependent,Rented (Apartment/House),Single,1.6,17,0.875,0,2,4,31676.48,0.377,0.352,1,0,defaulted,39.9,9,2,2.04,0.5,0,1,defaulted
SYNTH-01343,1,LALA,YAMAHA,MIO SPORTY,Scooter,73900.0,14780.0,0.2,59120.0,12,6407.6,0.265,24176.1,Tricycle / PUV Operator,Rented (Apartment/House),Married,9.3,8,0.8333,1,4,2,12815.2,0.337,0.293,1,1,defaulted,29.7,7,5,4.94,0.5,0,1,defaulted
SYNTH-01344,3,TUBOD,KAWASAKI,ROUSER NS125,Sport Backbone,82000.0,24600.0,0.3,57400.0,24,3739.67,0.16,23378.3,Agri / Farmer / Fisherfolk,Rented (Apartment/House),Widowed,4.9,8,0.375,1,4,1,3739.67,0.393,0.642,1,0,delinquent,18.8,8,2,1.68,0.6501,0,1,defaulted
SYNTH-01345,1,LALA,HONDA,BEAT PREMIUM,Scooter,72400.0,8688.0,0.12,63712.0,24,4128.91,0.23,17952.82,Sari-Sari / Small Retail,Living with Parents/Relatives,Single,13.1,8,0.5,1,2,4,16515.64,0.393,0.429,1,0,defaulted,34.0,10,5,5.06,0.5,0,1,defaulted
SYNTH-01346,1,LALA,KAWASAKI,CT100B,Backbone/Utility,54000.0,10800.0,0.2,43200.0,24,2864.0,0.1517,18876.25,Sari-Sari / Small Retail,Rented (Apartment/House),Married,17.4,1,0.2083,0,4,4,11456.0,0.249,0.393,1,0,defaulted,63.7,10,3,2.86,0.5,0,1,defaulted
SYNTH-01347,3,TUBOD,HONDA,PCX160,Maxi-Scooter,134900.0,13490.0,0.1,121410.0,12,12948.05,0.3702,34974.89,BPO / Call Center Agent,Owned (Clean Title),Single,1.0,1,0.3333,0,2,3,38844.15,0.271,0.631,0,0,defaulted,58.1,3,2,2.07,0.632,0,1,defaulted
SYNTH-01348,1,LALA,YAMAHA,NMAX 155,Maxi-Scooter,151900.0,30380.0,0.2,121520.0,24,7693.73,0.3625,21225.71,Employed (Private/Gov),Owned (Inherited/Tax Dec),Married,17.4,0,0.0417,0,2,2,15387.46,0.172,0.295,1,0,defaulted,25.9,2,3,3.36,0.5,0,1,defaulted
SYNTH-01349,2,KAPATAGAN,YAMAHA,MIO SPORTY,Scooter,73900.0,11085.0,0.15,62815.0,24,4073.59,0.1513,26921.12,Agri / Farmer / Fisherfolk,Owned (Clean Title),Married,11.4,7,0.4167,0,2,3,12220.77,0.191,0.31,1,1,defaulted,56.7,1,4,3.58,0.5,0,1,defaulted
SYNTH-01350,1,LALA,KAWASAKI,ROUSER NS125,Sport Backbone,82000.0,8200.0,0.1,73800.0,24,4751.0,0.0817,58184.65,OFW Remittance / Dependent,Owned (Clean Title),Widowed,7.4,16,0.6667,12,0,0,0.0,0.0,0.949,0,0,active,32.4,12,3,2.77,1.0868,0,0,completed
SYNTH-01351,1,LALA,SUZUKI,RAIDER 150 FI,Sport Underbone,119900.0,35970.0,0.3,83930.0,24,5375.68,0.1201,44752.72,Public School Teacher,Living with Parents/Relatives,Single,8.7,1,0.0417,1,0,0,0.0,0.0,0.914,0,0,active,20.2,8,4,4.12,0.9322,0,0,completed
SYNTH-01352,3,TUBOD,HONDA,BEAT PREMIUM,Scooter,72400.0,14480.0,0.2,57920.0,24,3771.73,0.1376,27409.44,Employed (Private/Gov),Living with Parents/Relatives,Single,10.4,16,0.7083,0,0,1,3771.73,0.071,0.619,0,0,delinquent,54.1,11,4,4.23,0.6948,0,0,completed
SYNTH-01353,2,KAPATAGAN,KAWASAKI,CT100B,Backbone/Utility,54000.0,13500.0,0.25,40500.0,36,2135.0,0.077,27730.12,Sari-Sari / Small Retail,Rented (Apartment/House),Married,4.4,23,0.7222,1,4,3,6405.0,0.248,0.638,0,0,defaulted,60.8,2,3,2.85,0.5764,0,1,defaulted
SYNTH-01354,2,KAPATAGAN,YAMAHA,MIO SPORTY,Scooter,73900.0,7390.0,0.1,66510.0,36,3377.7,0.0992,34042.37,Sari-Sari / Small Retail,Living with Parents/Relatives,Married,2.3,6,0.2222,0,2,2,6755.4,0.184,0.251,1,0,defaulted,29.1,6,4,4.2,0.5,0,1,defaulted
SYNTH-01355,1,LALA,YAMAHA,MIO FAZZIO,Retro Scooter,93900.0,18780.0,0.2,75120.0,12,8087.6,0.3164,25562.57,Tricycle / PUV Operator,Owned (Clean Title),Married,8.8,0,0.1667,0,1,2,16175.2,0.292,0.279,0,0,defaulted,45.7,7,3,2.87,0.5,0,1,defaulted
SYNTH-01356,1,LALA,YAMAHA,NMAX 155,Maxi-Scooter,151900.0,45570.0,0.3,106330.0,36,5280.21,0.1196,44144.75,OFW Remittance / Dependent,Owned (Inherited/Tax Dec),Widowed,4.9,8,0.25,0,2,1,5280.21,0.089,0.768,0,0,delinquent,26.2,7,3,2.62,0.6856,0,0,completed
SYNTH-01357,2,KAPATAGAN,HONDA,CLICK 125I,Scooter,81400.0,12210.0,0.15,69190.0,36,3505.74,0.1197,29290.65,Employed (Private/Gov),Owned (Clean Title),Married,14.6,34,0.9444,10,0,0,0.0,0.0,0.885,0,0,active,28.9,1,4,4.35,0.7365,1,0,early_settled
SYNTH-01358,2,KAPATAGAN,YAMAHA,MIO FAZZIO,Retro Scooter,93900.0,18780.0,0.2,75120.0,24,4832.4,0.1514,31908.31,BPO / Call Center Agent,Living with Parents/Relatives,Widowed,8.1,1,0.0833,2,1,1,4832.4,0.132,0.691,0,0,delinquent,12.2,5,4,3.94,0.7386,0,0,completed
SYNTH-01359,2,KAPATAGAN,YAMAHA,NMAX 155,Maxi-Scooter,151900.0,22785.0,0.15,129115.0,36,6368.83,0.3483,18285.32,Agri / Farmer / Fisherfolk,Living with Parents/Relatives,Widowed,5.3,32,0.9722,0,4,3,19106.49,0.417,0.325,0,0,defaulted,40.2,9,3,2.75,0.5,0,1,defaulted
SYNTH-01360,3,TUBOD,HONDA,CLICK 125I,Scooter,81400.0,12210.0,0.15,69190.0,36,3505.74,0.1204,29118.08,BPO / Call Center Agent,Owned (Inherited/Tax Dec),Married,11.6,17,0.4722,3,1,0,0.0,0.065,0.728,0,0,active,42.6,12,4,3.41,0.8688,0,0,completed
SYNTH-01361,2,KAPATAGAN,HONDA,CLICK 160,Scooter,122900.0,18435.0,0.15,104465.0,24,6642.01,0.1731,38365.72,Employed (Private/Gov),Rented (Apartment/House),Married,13.9,4,0.3333,0,1,4,26568.04,0.354,0.332,1,1,defaulted,27.4,5,4,3.87,0.5,0,1,defaulted
SYNTH-01362,1,LALA,YAMAHA,AEROX 155,Sport Scooter,125400.0,15048.0,0.12,110352.0,24,7005.04,0.2202,31810.8,BPO / Call Center Agent,Rented (Apartment/House),Widowed,1.6,7,0.4583,1,1,4,28020.16,0.303,0.478,1,1,defaulted,64.5,2,3,2.84,0.5081,0,1,defaulted
SYNTH-01363,1,LALA,YAMAHA,MIO GEAR 125,Scooter,79400.0,7940.0,0.1,71460.0,36,3614.2,0.3012,12000.0,Agri / Farmer / Fisherfolk,Living with Parents/Relatives,Widowed,4.3,31,0.9722,0,1,4,14456.8,0.172,0.234,0,0,defaulted,20.8,8,6,6.52,0.5,0,1,defaulted
SYNTH-01364,3,TUBOD,HONDA,BEAT PREMIUM,Scooter,72400.0,10860.0,0.15,61540.0,24,3994.97,0.1067,37457.44,Public School Teacher,Owned (Clean Title),Married,1.2,14,0.625,0,1,1,3994.97,0.041,0.738,0,0,delinquent,43.8,5,3,2.95,0.7325,0,0,completed
SYNTH-01365,1,LALA,YAMAHA,NMAX 155,Maxi-Scooter,151900.0,15190.0,0.1,136710.0,36,6731.7,0.3331,20209.93,Employed (Private/Gov),Owned (Inherited/Tax Dec),Single,5.5,12,0.3889,1,3,2,13463.4,0.166,0.246,0,0,defaulted,57.1,7,3,2.94,0.5,0,1,defaulted
SYNTH-01366,2,KAPATAGAN,SUZUKI,BURGMAN STREET 125,Maxi-Scooter,83400.0,12510.0,0.15,70890.0,24,4571.55,0.2391,19119.79,Tricycle / PUV Operator,Rented (Apartment/House),Single,6.8,18,0.875,0,3,3,13714.65,0.311,0.549,0,1,defaulted,53.9,11,4,3.42,0.6337,0,1,defaulted
SYNTH-01367,3,TUBOD,KAWASAKI,P24KK (BARAKO II),Backbone/Tricycle,68500.0,10275.0,0.15,58225.0,24,3790.54,0.134,28289.74,Sari-Sari / Small Retail,Living with Parents/Relatives,Married,13.8,0,0.0833,0,4,3,11371.62,0.273,0.642,1,0,defaulted,52.0,6,3,3.07,0.6388,0,1,defaulted
SYNTH-01368,3,TUBOD,HONDA,BEAT PREMIUM,Scooter,72400.0,8688.0,0.12,63712.0,12,6889.76,0.4105,16782.18,Agri / Farmer / Fisherfolk,Owned (Inherited/Tax Dec),Single,5.1,0,0.25,1,4,3,20669.28,0.186,0.475,0,0,defaulted,60.8,8,3,2.65,0.5,0,1,defaulted
SYNTH-01369,3,TUBOD,HONDA,PCX160,Maxi-Scooter,134900.0,16188.0,0.12,118712.0,36,5871.8,0.1573,37316.96,BPO / Call Center Agent,Rented (Apartment/House),Widowed,14.5,15,0.5278,1,2,4,23487.2,0.267,0.502,1,1,defaulted,36.8,9,2,1.42,0.5,0,0,defaulted
SYNTH-01370,2,KAPATAGAN,HONDA,TMX125 ALPHA,Backbone/Utility,57900.0,5790.0,0.1,52110.0,24,3413.45,0.227,15038.2,Agri / Farmer / Fisherfolk,Owned (Clean Title),Widowed,10.3,20,0.875,1,1,1,3413.45,0.153,0.237,0,0,delinquent,33.5,1,4,4.06,0.5,0,1,defaulted
SYNTH-01371,2,KAPATAGAN,YAMAHA,MIO SPORTY,Scooter,73900.0,8868.0,0.12,65032.0,24,4210.31,0.2118,19879.84,Tricycle / PUV Operator,Owned (Inherited/Tax Dec),Single,1.9,8,0.4583,1,2,3,12630.93,0.33,0.421,0,1,defaulted,15.3,5,6,6.2,0.5,0,0,defaulted
SYNTH-01372,1,LALA,HONDA,CLICK 160,Scooter,122900.0,24580.0,0.2,98320.0,36,4897.51,0.2826,17332.44,Agri / Farmer / Fisherfolk,Owned (Clean Title),Single,1.8,28,0.8056,0,3,1,4897.51,0.232,0.61,0,0,delinquent,37.8,5,4,4.27,0.6403,0,1,defaulted
SYNTH-01373,2,KAPATAGAN,YAMAHA,MIO GEAR 125,Scooter,79400.0,19850.0,0.25,59550.0,12,6452.75,0.0886,72809.54,OFW Remittance / Dependent,Living with Parents/Relatives,Widowed,3.1,4,0.3333,2,2,0,0.0,0.032,0.771,0,0,active,33.1,8,4,3.98,0.8114,0,0,completed
SYNTH-01374,3,TUBOD,SUZUKI,SMASH 115,Underbone,62400.0,15600.0,0.25,46800.0,12,5114.0,0.1437,35586.54,Employed (Private/Gov),Owned (Clean Title),Married,2.6,1,0.1667,1,2,1,5114.0,0.017,0.796,0,0,delinquent,60.2,5,3,3.16,0.8076,0,0,completed
SYNTH-01375,3,TUBOD,YAMAHA,MIO FAZZIO,Retro Scooter,93900.0,28170.0,0.3,65730.0,36,3340.43,0.2678,12471.79,Agri / Farmer / Fisherfolk,Rented (Apartment/House),Married,6.2,0,0.1111,0,3,4,13361.72,0.3,0.285,0,1,defaulted,53.6,5,2,2.15,0.5,0,1,defaulted
SYNTH-01376,2,KAPATAGAN,HONDA,BEAT PREMIUM,Scooter,72400.0,7240.0,0.1,65160.0,12,7041.8,0.1808,38951.62,OFW Remittance / Dependent,Rented (Apartment/House),Married,3.0,9,1.0,1,4,3,21125.4,0.394,0.41,1,1,defaulted,18.6,9,6,6.19,0.5,0,1,defaulted
SYNTH-01377,3,TUBOD,KAWASAKI,P24KK (BARAKO II),Backbone/Tricycle,68500.0,8220.0,0.12,60280.0,24,3917.27,0.2113,18542.35,Sari-Sari / Small Retail,Rented (Apartment/House),Married,5.0,18,0.7917,0,2,1,3917.27,0.213,0.442,0,0,delinquent,54.6,7,3,2.82,0.5,0,1,defaulted
SYNTH-01378,1,LALA,SUZUKI,BURGMAN STREET 125,Maxi-Scooter,83400.0,20850.0,0.25,62550.0,36,3188.5,0.0781,40834.06,Public School Teacher,Owned (Inherited/Tax Dec),Single,15.0,14,0.3889,3,0,0,0.0,0.0,0.945,0,0,active,12.8,3,5,4.62,0.9862,0,0,completed
SYNTH-01379,1,LALA,HONDA,CLICK 160,Scooter,122900.0,14748.0,0.12,108152.0,12,11555.96,0.5922,19514.62,Agri / Farmer / Fisherfolk,Owned (Clean Title),Single,5.0,0,0.0833,0,1,4,46223.84,0.165,0.578,0,0,defaulted,31.8,1,3,2.5,0.54,0,1,defaulted
SYNTH-01380,3,TUBOD,SUZUKI,SMASH 115,Underbone,62400.0,15600.0,0.25,46800.0,12,5114.0,0.3616,14141.51,Agri / Farmer / Fisherfolk,Rented (Apartment/House),Widowed,7.5,0,0.1667,0,2,3,15342.0,0.308,0.522,0,1,defaulted,59.5,12,3,3.25,0.6101,0,1,defaulted
SYNTH-01381,1,LALA,SUZUKI,SMASH 115,Underbone,62400.0,6240.0,0.1,56160.0,24,3663.2,0.1348,27167.15,OFW Remittance / Dependent,Living with Parents/Relatives,Married,7.9,18,0.7917,0,1,1,3663.2,0.068,0.789,0,0,delinquent,46.5,9,4,4.06,0.801,0,0,completed
SYNTH-01382,3,TUBOD,HONDA,BEAT PREMIUM,Scooter,72400.0,18100.0,0.25,54300.0,24,3548.5,0.0912,38922.52,Public School Teacher,Living with Parents/Relatives,Married,7.3,11,0.4583,11,0,0,0.0,0.0,0.94,0,0,active,22.7,1,4,3.58,0.8309,0,0,completed
SYNTH-01383,1,LALA,HONDA,WAVE RSX,Underbone,64900.0,12980.0,0.2,51920.0,36,2680.62,0.129,20771.96,Tricycle / PUV Operator,Owned (Clean Title),Widowed,16.1,9,0.3333,0,3,3,8041.86,0.45,0.321,0,0,defaulted,63.5,8,4,4.12,0.5,0,1,defaulted
SYNTH-01384,1,LALA,YAMAHA,MIO SPORTY,Scooter,73900.0,22170.0,0.3,51730.0,24,3390.02,0.1014,33442.44,Employed (Private/Gov),Owned (Clean Title),Widowed,3.5,13,0.5417,3,1,0,0.0,0.147,0.692,1,0,active,35.6,6,4,3.92,0.5745,0,0,completed
SYNTH-01385,2,KAPATAGAN,HONDA,PCX160,Maxi-Scooter,134900.0,13490.0,0.1,121410.0,36,6000.7,0.2528,23735.24,Tricycle / PUV Operator,Owned (Clean Title),Married,8.9,28,0.8056,1,3,1,6000.7,0.23,0.467,0,0,delinquent,62.5,5,2,2.14,0.5,0,0,defaulted
SYNTH-01386,3,TUBOD,YAMAHA,SNIPER 155,Sport Underbone,123900.0,14868.0,0.12,109032.0,36,5409.31,0.3507,15422.92,Employed (Private/Gov),Owned (Clean Title),Married,5.9,25,0.7778,0,2,3,16227.93,0.4,0.31,0,0,defaulted,22.8,10,3,3.07,0.5,0,1,defaulted
SYNTH-01387,3,TUBOD,YAMAHA,MIO FAZZIO,Retro Scooter,93900.0,23475.0,0.25,70425.0,36,3564.75,0.0919,38800.16,Public School Teacher,Rented (Apartment/House),Widowed,6.7,15,0.4167,3,2,0,0.0,0.132,0.677,0,0,active,18.2,8,3,3.32,0.6598,0,0,completed
SYNTH-01388,3,TUBOD,HONDA,PCX160,Maxi-Scooter,134900.0,26980.0,0.2,107920.0,36,5356.18,0.1081,49534.12,OFW Remittance / Dependent,Owned (Clean Title),Married,2.2,12,0.3333,2,1,0,0.0,0.026,0.672,0,0,active,23.5,1,2,2.34,0.5697,0,0,completed
SYNTH-01389,3,TUBOD,KAWASAKI,P24KK (BARAKO II),Backbone/Tricycle,68500.0,20550.0,0.3,47950.0,12,5234.75,0.1504,34812.6,Public School Teacher,Owned (Clean Title),Single,5.3,6,0.5,4,0,0,0.0,0.0,0.941,0,0,active,26.1,11,3,3.41,1.1,0,0,completed
SYNTH-01390,3,TUBOD,SUZUKI,BURGMAN STREET 125,Maxi-Scooter,83400.0,8340.0,0.1,75060.0,12,8081.3,0.2684,30108.54,Sari-Sari / Small Retail,Owned (Inherited/Tax Dec),Widowed,3.0,7,0.75,0,3,2,16162.6,0.262,0.296,0,0,defaulted,55.7,9,3,2.92,0.5,0,1,defaulted
SYNTH-01391,2,KAPATAGAN,HONDA,ADV160,Adventure Scooter,166900.0,16690.0,0.1,150210.0,12,15972.05,0.5787,27599.25,BPO / Call Center Agent,Rented (Apartment/House),Widowed,8.9,7,0.9167,1,2,4,63888.2,0.213,0.532,1,0,defaulted,22.4,2,3,2.95,0.5128,0,1,defaulted
SYNTH-01392,3,TUBOD,SUZUKI,SMASH 115,Underbone,62400.0,15600.0,0.25,46800.0,24,3086.0,0.0732,42142.02,Public School Teacher,Living with Parents/Relatives,Single,9.3,13,0.5417,3,0,0,0.0,0.0,0.9,0,0,active,56.2,7,3,3.09,0.9467,0,0,completed
SYNTH-01393,2,KAPATAGAN,HONDA,TMX125 ALPHA,Backbone/Utility,57900.0,14475.0,0.25,43425.0,24,2877.88,0.069,41715.61,Public School Teacher,Owned (Inherited/Tax Dec),Widowed,3.2,3,0.125,2,0,0,0.0,0.0,0.997,0,0,active,21.1,1,5,5.04,0.887,0,0,completed
SYNTH-01394,3,TUBOD,KAWASAKI,CT100B,Backbone/Utility,54000.0,5400.0,0.1,48600.0,36,2522.0,0.1372,18386.01,Tricycle / PUV Operator,Living with Parents/Relatives,Married,10.6,33,1.0,0,3,3,7566.0,0.305,0.271,0,0,defaulted,35.7,9,3,3.49,0.5,0,1,defaulted
SYNTH-01395,1,LALA,HONDA,CLICK 125I,Scooter,81400.0,12210.0,0.15,69190.0,36,3505.74,0.1967,17827.13,Agri / Farmer / Fisherfolk,Owned (Inherited/Tax Dec),Married,7.7,31,0.8889,0,1,1,3505.74,0.403,0.225,1,0,delinquent,10.9,6,5,5.6,0.5,0,0,defaulted
SYNTH-01396,2,KAPATAGAN,KAWASAKI,CT100B,Backbone/Utility,54000.0,6480.0,0.12,47520.0,12,5189.6,0.1698,30571.2,Employed (Private/Gov),Rented (Apartment/House),Married,6.8,3,0.4167,0,2,2,10379.2,0.207,0.477,0,0,defaulted,13.0,5,4,3.62,0.5,0,0,defaulted
SYNTH-01397,1,LALA,HONDA,CLICK 160,Scooter,122900.0,18435.0,0.15,104465.0,12,11168.82,0.4428,25221.49,Employed (Private/Gov),Rented (Apartment/House),Married,5.0,11,1.0,0,2,1,11168.82,0.366,0.498,1,0,delinquent,14.3,9,5,4.92,0.5,0,1,defaulted
SYNTH-01398,2,KAPATAGAN,HONDA,CLICK 125I,Scooter,81400.0,20350.0,0.25,61050.0,36,3116.83,0.0923,33764.35,BPO / Call Center Agent,Owned (Clean Title),Single,6.3,4,0.1111,1,0,0,0.0,0.0,0.889,0,0,active,47.4,2,4,3.7,0.8957,0,0,completed
SYNTH-01399,3,TUBOD,YAMAHA,MIO GEAR 125,Scooter,79400.0,7940.0,0.1,71460.0,36,3614.2,0.0916,39477.24,Employed (Private/Gov),Owned (Inherited/Tax Dec),Widowed,8.3,6,0.1667,3,0,0,0.0,0.0,0.87,0,0,active,43.7,3,3,2.56,0.9426,0,0,completed
SYNTH-01400,2,KAPATAGAN,HONDA,PCX160,Maxi-Scooter,134900.0,26980.0,0.2,107920.0,12,11531.6,0.414,27852.63,Tricycle / PUV Operator,Owned (Clean Title),Married,8.1,0,0.0833,1,2,2,23063.2,0.326,0.597,1,0,defaulted,47.3,10,2,2.28,0.5755,0,1,defaulted
SYNTH-01401,2,KAPATAGAN,HONDA,CLICK 125I,Scooter,81400.0,24420.0,0.3,56980.0,36,2922.38,0.0969,30150.7,Employed (Private/Gov),Rented (Apartment/House),Married,10.6,5,0.1667,2,2,1,2922.38,0.009,0.781,0,0,delinquent,63.2,11,5,5.08,0.8673,0,0,completed
SYNTH-01402,1,LALA,SUZUKI,BURGMAN STREET 125,Maxi-Scooter,83400.0,20850.0,0.25,62550.0,24,4057.25,0.1712,23705.27,Sari-Sari / Small Retail,Rented (Apartment/House),Widowed,6.9,5,0.2917,0,3,2,8114.5,0.253,0.468,0,0,defaulted,31.3,2,4,3.82,0.5,0,1,defaulted
SYNTH-01403,2,KAPATAGAN,HONDA,PCX160,Maxi-Scooter,134900.0,20235.0,0.15,114665.0,12,12239.82,0.4931,24820.08,Sari-Sari / Small Retail,Owned (Inherited/Tax Dec),Widowed,7.8,8,0.75,0,2,1,12239.82,0.229,0.297,1,0,delinquent,62.1,9,2,1.75,0.5,0,1,defaulted
SYNTH-01404,3,TUBOD,YAMAHA,MIO FAZZIO,Retro Scooter,93900.0,14085.0,0.15,79815.0,24,5121.93,0.1208,42398.31,Public School Teacher,Owned (Inherited/Tax Dec),Single,8.2,7,0.2917,7,0,0,0.0,0.0,0.908,0,0,active,11.7,6,3,2.95,0.7763,0,0,completed
SYNTH-01405,2,KAPATAGAN,KAWASAKI,CT100B,Backbone/Utility,54000.0,6480.0,0.12,47520.0,36,2470.4,0.1167,21162.76,Sari-Sari / Small Retail,Owned (Inherited/Tax Dec),Married,17.1,26,0.75,0,1,1,2470.4,0.042,0.739,0,0,delinquent,31.4,12,4,3.28,0.7755,0,0,completed
SYNTH-01406,2,KAPATAGAN,YAMAHA,AEROX 155,Sport Scooter,125400.0,31350.0,0.25,94050.0,36,4693.5,0.1282,36613.48,Public School Teacher,Owned (Inherited/Tax Dec),Married,13.5,33,0.9167,4,0,0,0.0,0.0,0.984,0,0,active,60.0,3,3,2.66,1.0065,0,0,completed
SYNTH-01407,2,KAPATAGAN,KAWASAKI,P24KK (BARAKO II),Backbone/Tricycle,68500.0,17125.0,0.25,51375.0,36,2654.58,0.1017,26109.24,BPO / Call Center Agent,Living with Parents/Relatives,Widowed,7.7,4,0.1111,2,1,0,0.0,0.095,0.639,0,0,active,61.7,5,4,4.15,0.6585,0,0,completed
SYNTH-01408,3,TUBOD,HONDA,CLICK 160,Scooter,122900.0,18435.0,0.15,104465.0,24,6642.01,0.2535,26205.19,BPO / Call Center Agent,Living with Parents/Relatives,Widowed,3.4,1,0.125,0,4,2,13284.02,0.424,0.361,1,1,defaulted,37.0,10,3,3.18,0.5,0,0,defaulted
SYNTH-01409,1,LALA,SUZUKI,SMASH 115,Underbone,62400.0,18720.0,0.3,43680.0,12,4786.4,0.0623,76855.8,OFW Remittance / Dependent,Living with Parents/Relatives,Single,8.0,12,1.0,5,0,0,0.0,0.0,0.958,0,0,active,51.1,11,4,4.45,1.0909,0,0,completed
SYNTH-01410,3,TUBOD,HONDA,ADV160,Adventure Scooter,166900.0,33380.0,0.2,133520.0,36,6579.29,0.1323,49719.9,Public School Teacher,Owned (Clean Title),Single,3.6,33,0.9167,3,0,0,0.0,0.052,0.848,0,0,active,21.2,8,2,1.89,0.8128,0,0,completed
SYNTH-01411,3,TUBOD,YAMAHA,MIO FAZZIO,Retro Scooter,93900.0,18780.0,0.2,75120.0,24,4832.4,0.1335,36207.5,Employed (Private/Gov),Owned (Inherited/Tax Dec),Married,7.7,22,0.9583,2,0,1,4832.4,0.043,0.645,0,0,delinquent,22.8,12,4,3.86,0.6877,0,0,completed
SYNTH-01412,1,LALA,HONDA,TMX125 ALPHA,Backbone/Utility,57900.0,8685.0,0.15,49215.0,12,5367.57,0.1235,43469.0,Employed (Private/Gov),Owned (Clean Title),Married,7.5,10,0.8333,6,0,0,0.0,0.0,0.94,0,0,active,34.5,1,4,4.46,0.863,0,0,completed
SYNTH-01413,1,LALA,HONDA,TMX125 ALPHA,Backbone/Utility,57900.0,5790.0,0.1,52110.0,12,5671.55,0.252,22506.31,Agri / Farmer / Fisherfolk,Rented (Apartment/House),Single,5.0,3,0.5,0,2,3,17014.65,0.181,0.345,0,0,defaulted,28.5,5,4,4.04,0.5,0,1,defaulted
SYNTH-01414,2,KAPATAGAN,YAMAHA,MIO SPORTY,Scooter,73900.0,14780.0,0.2,59120.0,12,6407.6,0.2522,25407.53,Employed (Private/Gov),Rented (Apartment/House),Married,11.7,0,0.1667,0,2,2,12815.2,0.224,0.535,0,0,defaulted,31.9,12,5,5.3,0.6429,0,0,defaulted
SYNTH-01415,3,TUBOD,SUZUKI,BURGMAN STREET 125,Maxi-Scooter,83400.0,25020.0,0.3,58380.0,36,2989.27,0.1463,20432.05,Tricycle / PUV Operator,Living with Parents/Relatives,Single,2.3,1,0.1389,0,1,4,11957.08,0.202,0.488,1,0,defaulted,42.5,5,3,3.63,0.5,0,1,defaulted
SYNTH-01416,3,TUBOD,HONDA,CLICK 125I,Scooter,81400.0,9768.0,0.12,71632.0,12,7721.36,0.1991,38776.28,Public School Teacher,Owned (Clean Title),Single,16.6,1,0.0833,1,1,0,0.0,0.092,0.781,0,0,active,61.5,5,3,2.91,0.7884,0,0,completed
SYNTH-01417,1,LALA,HONDA,PCX160,Maxi-Scooter,134900.0,40470.0,0.3,94430.0,36,4711.66,0.1978,23816.99,Sari-Sari / Small Retail,Living with Parents/Relatives,Single,3.0,19,0.6111,1,2,3,14134.98,0.366,0.54,1,0,defaulted,35.1,11,3,2.81,0.6361,0,0,defaulted
SYNTH-01418,3,TUBOD,YAMAHA,MIO SPORTY,Scooter,73900.0,7390.0,0.1,66510.0,24,4301.45,0.1364,31524.79,Public School Teacher,Owned (Clean Title),Married,4.9,2,0.0833,3,1,0,0.0,0.083,0.765,0,0,active,49.2,7,4,3.92,0.7687,0,0,completed
SYNTH-01419,3,TUBOD,HONDA,CLICK 160,Scooter,122900.0,12290.0,0.1,110610.0,24,7020.95,0.2145,32733.92,Employed (Private/Gov),Rented (Apartment/House),Widowed,4.3,20,0.9583,0,4,3,21062.85,0.422,0.607,0,1,defaulted,54.6,4,3,3.07,0.6509,0,0,defaulted
SYNTH-01420,3,TUBOD,HONDA,WAVE RSX,Underbone,64900.0,9735.0,0.15,55165.0,24,3601.84,0.1423,25309.3,Sari-Sari / Small Retail,Living with Parents/Relatives,Married,13.1,4,0.3333,0,1,4,14407.36,0.248,0.298,0,0,defaulted,24.2,3,4,4.15,0.5,0,0,defaulted
SYNTH-01421,2,KAPATAGAN,YAMAHA,MIO SPORTY,Scooter,73900.0,7390.0,0.1,66510.0,24,4301.45,0.2207,19486.36,Employed (Private/Gov),Owned (Inherited/Tax Dec),Married,5.9,2,0.125,3,0,1,4301.45,0.112,0.831,0,0,delinquent,36.8,7,4,4.62,0.8576,0,1,defaulted
SYNTH-01422,1,LALA,KAWASAKI,ROUSER NS125,Sport Backbone,82000.0,8200.0,0.1,73800.0,12,7949.0,0.2719,29236.68,Employed (Private/Gov),Rented (Apartment/House),Married,5.8,9,0.9167,0,2,2,15898.0,0.262,0.279,0,0,defaulted,30.5,2,2,2.16,0.5,0,0,defaulted
SYNTH-01423,1,LALA,HONDA,CLICK 160,Scooter,122900.0,12290.0,0.1,110610.0,36,5484.7,0.2434,22532.39,Sari-Sari / Small Retail,Owned (Clean Title),Widowed,8.4,19,0.6389,0,1,4,21938.8,0.336,0.268,0,1,defaulted,51.9,2,4,3.54,0.5,0,1,defaulted
SYNTH-01424,1,LALA,YAMAHA,MIO FAZZIO,Retro Scooter,93900.0,23475.0,0.25,70425.0,36,3564.75,0.0831,42906.62,BPO / Call Center Agent,Rented (Apartment/House),Married,10.3,0,0.0278,2,2,1,3564.75,0.054,0.675,0,0,delinquent,19.8,8,4,4.53,0.6981,0,0,completed
SYNTH-01425,2,KAPATAGAN,SUZUKI,BURGMAN STREET 125,Maxi-Scooter,83400.0,10008.0,0.12,73392.0,36,3706.51,0.1759,21065.75,Sari-Sari / Small Retail,Rented (Apartment/House),Married,1.0,3,0.1667,0,4,3,11119.53,0.427,0.28,1,1,defaulted,47.4,4,3,3.56,0.5,0,0,defaulted
SYNTH-01426,2,KAPATAGAN,HONDA,TMX125 ALPHA,Backbone/Utility,57900.0,8685.0,0.15,49215.0,24,3234.92,0.168,19251.56,Agri / Farmer / Fisherfolk,Owned (Clean Title),Married,2.0,14,0.7083,0,1,3,9704.76,0.445,0.216,0,0,defaulted,26.1,10,4,3.76,0.5,0,1,defaulted
SYNTH-01427,1,LALA,HONDA,CLICK 125I,Scooter,81400.0,9768.0,0.12,71632.0,36,3622.42,0.11,32935.01,BPO / Call Center Agent,Owned (Clean Title),Single,4.7,15,0.4167,0,0,0,0.0,0.143,0.703,0,0,active,47.1,2,4,4.46,0.7007,0,0,completed
SYNTH-01428,3,TUBOD,HONDA,TMX125 ALPHA,Backbone/Utility,57900.0,11580.0,0.2,46320.0,24,3056.4,0.0662,46153.58,Employed (Private/Gov),Living with Parents/Relatives,Single,1.4,23,1.0,0,2,1,3056.4,0.008,0.774,0,0,delinquent,23.0,2,4,4.15,0.7873,0,0,completed
SYNTH-01429,3,TUBOD,YAMAHA,NMAX 155,Maxi-Scooter,151900.0,15190.0,0.1,136710.0,24,8630.45,0.2365,36497.66,Public School Teacher,Living with Parents/Relatives,Married,1.3,20,1.0,1,3,4,34521.8,0.328,0.329,0,0,defaulted,10.1,2,3,2.96,0.5,0,1,defaulted
SYNTH-01430,2,KAPATAGAN,SUZUKI,SMASH 115,Underbone,62400.0,9360.0,0.15,53040.0,36,2734.13,0.111,24623.87,Sari-Sari / Small Retail,Owned (Clean Title),Single,6.0,16,0.4444,3,2,0,0.0,0.077,0.707,1,0,active,18.0,3,5,4.6,0.7473,0,0,completed
SYNTH-01431,3,TUBOD,SUZUKI,BURGMAN STREET 125,Maxi-Scooter,83400.0,12510.0,0.15,70890.0,24,4571.55,0.1349,33878.86,BPO / Call Center Agent,Owned (Inherited/Tax Dec),Married,7.4,2,0.0833,0,2,0,0.0,0.004,0.791,0,0,active,29.4,3,3,2.9,0.8049,0,0,completed
SYNTH-01432,1,LALA,HONDA,CLICK 160,Scooter,122900.0,36870.0,0.3,86030.0,24,5505.18,0.1574,34977.24,Public School Teacher,Owned (Inherited/Tax Dec),Married,3.1,8,0.3333,1,2,0,0.0,0.098,0.675,1,0,active,20.6,5,5,5.26,0.6696,0,1,defaulted
SYNTH-01433,2,KAPATAGAN,KAWASAKI,CT100B,Backbone/Utility,54000.0,13500.0,0.25,40500.0,36,2135.0,0.0938,22769.86,Tricycle / PUV Operator,Owned (Inherited/Tax Dec),Married,5.0,7,0.2222,0,1,1,2135.0,0.022,0.714,0,0,delinquent,61.9,12,4,3.86,0.7691,0,0,completed
SYNTH-01434,1,LALA,HONDA,BEAT PREMIUM,Scooter,72400.0,8688.0,0.12,63712.0,12,6889.76,0.498,13834.09,Tricycle / PUV Operator,Owned (Clean Title),Married,7.1,0,0.0833,0,2,2,13779.52,0.308,0.595,0,1,defaulted,54.0,6,4,3.78,0.5,0,1,defaulted
SYNTH-01435,1,LALA,HONDA,ADV160,Adventure Scooter,166900.0,20028.0,0.12,146872.0,12,15621.56,0.4602,33946.57,Public School Teacher,Living with Parents/Relatives,Married,20.8,6,0.75,0,4,3,46864.68,0.438,0.35,0,0,defaulted,38.7,1,2,2.18,0.5,0,1,defaulted
SYNTH-01436,3,TUBOD,HONDA,CLICK 160,Scooter,122900.0,18435.0,0.15,104465.0,24,6642.01,0.1554,42749.76,OFW Remittance / Dependent,Owned (Inherited/Tax Dec),Widowed,12.6,13,0.5417,10,0,0,0.0,0.0,0.938,0,0,active,58.5,9,3,3.34,0.9753,1,0,early_settled
SYNTH-01437,1,LALA,HONDA,BEAT PREMIUM,Scooter,72400.0,18100.0,0.25,54300.0,36,2794.33,0.186,15024.88,Agri / Farmer / Fisherfolk,Owned (Clean Title),Single,5.9,2,0.1667,0,1,4,11177.32,0.337,0.396,1,0,defaulted,21.3,3,7,7.7,0.5,0,1,defaulted
SYNTH-01438,3,TUBOD,SUZUKI,RAIDER 150 FI,Sport Underbone,119900.0,35970.0,0.3,83930.0,12,9012.65,0.2088,43157.34,Public School Teacher,Owned (Clean Title),Single,9.5,8,0.75,2,0,1,9012.65,0.017,0.722,0,0,delinquent,27.1,2,2,1.78,0.7147,0,1,defaulted
SYNTH-01439,1,LALA,HONDA,ADV160,Adventure Scooter,166900.0,25035.0,0.15,141865.0,24,8948.34,0.285,31401.57,BPO / Call Center Agent,Rented (Apartment/House),Single,19.6,9,0.5417,1,3,4,35793.36,0.263,0.64,0,0,defaulted,58.1,1,2,1.66,0.5627,0,1,defaulted
SYNTH-01440,2,KAPATAGAN,KAWASAKI,P24KK (BARAKO II),Backbone/Tricycle,68500.0,17125.0,0.25,51375.0,12,5594.38,0.2998,18661.58,Tricycle / PUV Operator,Rented (Apartment/House),Married,9.3,6,0.5833,0,3,1,5594.38,0.409,0.582,1,0,delinquent,54.7,5,4,4.66,0.6256,0,1,defaulted
SYNTH-01441,2,KAPATAGAN,HONDA,CLICK 160,Scooter,122900.0,36870.0,0.3,86030.0,36,4310.32,0.1358,31750.4,BPO / Call Center Agent,Rented (Apartment/House),Widowed,7.6,18,0.5556,1,2,2,8620.64,0.449,0.635,0,0,defaulted,43.7,10,4,4.0,0.5617,0,1,defaulted
SYNTH-01442,2,KAPATAGAN,HONDA,TMX125 ALPHA,Backbone/Utility,57900.0,11580.0,0.2,46320.0,36,2413.07,0.0803,30060.13,BPO / Call Center Agent,Owned (Inherited/Tax Dec),Married,4.2,9,0.25,3,0,0,0.0,0.064,0.653,0,0,active,29.7,7,4,4.24,0.6497,0,1,defaulted
SYNTH-01443,3,TUBOD,HONDA,BEAT PREMIUM,Scooter,72400.0,8688.0,0.12,63712.0,12,6889.76,0.3127,22034.25,Agri / Farmer / Fisherfolk,Living with Parents/Relatives,Married,1.0,0,0.1667,1,1,4,27559.04,0.286,0.56,0,0,defaulted,28.6,2,3,3.47,0.5642,0,1,defaulted
SYNTH-01444,3,TUBOD,YAMAHA,NMAX 155,Maxi-Scooter,151900.0,45570.0,0.3,106330.0,36,5280.21,0.1125,46922.57,Public School Teacher,Owned (Inherited/Tax Dec),Married,11.2,6,0.1667,6,0,0,0.0,0.0,0.858,0,0,active,25.5,11,3,2.71,0.9707,0,0,completed
SYNTH-01445,2,KAPATAGAN,KAWASAKI,CT100B,Backbone/Utility,54000.0,6480.0,0.12,47520.0,36,2470.4,0.0765,32279.59,Public School Teacher,Owned (Inherited/Tax Dec),Married,11.0,19,0.5278,8,0,0,0.0,0.0,0.929,0,0,active,14.7,3,4,3.91,0.9857,0,0,completed
SYNTH-01446,2,KAPATAGAN,HONDA,CLICK 160,Scooter,122900.0,14748.0,0.12,108152.0,12,11555.96,0.1693,68261.04,OFW Remittance / Dependent,Owned (Inherited/Tax Dec),Married,5.9,1,0.0833,1,0,0,0.0,0.063,0.673,0,0,active,64.9,11,4,4.26,0.7649,0,0,completed
SYNTH-01447,3,TUBOD,YAMAHA,SNIPER 155,Sport Underbone,123900.0,18585.0,0.15,105315.0,36,5231.72,0.1928,27128.67,BPO / Call Center Agent,Owned (Clean Title),Married,9.0,23,0.6667,3,2,1,5231.72,0.064,0.659,0,0,delinquent,23.1,6,3,3.5,0.6028,0,0,completed
SYNTH-01448,2,KAPATAGAN,YAMAHA,MIO FAZZIO,Retro Scooter,93900.0,14085.0,0.15,79815.0,36,4013.38,0.1434,27995.34,Sari-Sari / Small Retail,Living with Parents/Relatives,Married,6.7,12,0.4444,0,3,4,16053.52,0.445,0.345,0,0,defaulted,11.9,12,4,4.05,0.5,0,1,defaulted
SYNTH-01449,3,TUBOD,SUZUKI,RAIDER 150 FI,Sport Underbone,119900.0,17985.0,0.15,101915.0,12,10901.07,0.3287,33168.22,BPO / Call Center Agent,Owned (Clean Title),Widowed,4.0,0,0.25,0,2,3,32703.21,0.178,0.43,1,1,defaulted,59.9,1,2,2.22,0.5,0,1,defaulted
SYNTH-01450,3,TUBOD,YAMAHA,MIO SPORTY,Scooter,73900.0,8868.0,0.12,65032.0,36,3307.08,0.2062,16039.3,Agri / Farmer / Fisherfolk,Living with Parents/Relatives,Single,6.5,23,0.7222,1,2,3,9921.24,0.172,0.433,0,0,defaulted,61.7,5,4,3.7,0.5,0,1,defaulted
SYNTH-01451,2,KAPATAGAN,HONDA,TMX125 ALPHA,Backbone/Utility,57900.0,8685.0,0.15,49215.0,24,3234.92,0.0849,38109.35,Employed (Private/Gov),Owned (Inherited/Tax Dec),Single,8.4,5,0.2083,2,0,0,0.0,0.0,0.856,0,0,active,10.6,6,5,5.18,0.7488,0,0,completed
SYNTH-01452,3,TUBOD,SUZUKI,BURGMAN STREET 125,Maxi-Scooter,83400.0,12510.0,0.15,70890.0,24,4571.55,0.134,34111.79,Employed (Private/Gov),Living with Parents/Relatives,Married,2.7,0,0.0833,1,3,2,9143.1,0.204,0.533,1,0,defaulted,56.6,2,3,3.14,0.5366,0,0,defaulted
SYNTH-01453,2,KAPATAGAN,YAMAHA,MIO SPORTY,Scooter,73900.0,14780.0,0.2,59120.0,24,3845.73,0.1996,19271.82,OFW Remittance / Dependent,Owned (Inherited/Tax Dec),Single,12.2,8,0.3333,3,0,0,0.0,0.13,0.746,0,0,active,40.2,9,4,4.11,0.7496,1,0,completed
SYNTH-01454,3,TUBOD,HONDA,ADV160,Adventure Scooter,166900.0,16690.0,0.1,150210.0,12,15972.05,0.5977,26722.66,BPO / Call Center Agent,Living with Parents/Relatives,Married,4.8,1,0.1667,0,4,1,15972.05,0.258,0.337,0,0,delinquent,12.3,4,2,1.94,0.5,0,1,defaulted
SYNTH-01455,2,KAPATAGAN,KAWASAKI,CT100B,Backbone/Utility,54000.0,13500.0,0.25,40500.0,36,2135.0,0.0984,21706.62,Tricycle / PUV Operator,Owned (Inherited/Tax Dec),Widowed,18.5,29,0.8333,2,1,1,2135.0,0.124,0.759,1,0,delinquent,62.4,11,4,3.66,0.9301,0,0,completed
SYNTH-01456,1,LALA,HONDA,CLICK 125I,Scooter,81400.0,9768.0,0.12,71632.0,36,3622.42,0.1909,18973.06,Tricycle / PUV Operator,Rented (Apartment/House),Married,12.7,11,0.4167,0,4,4,14489.68,0.318,0.28,1,0,defaulted,61.0,7,4,4.14,0.5,0,1,defaulted
SYNTH-01457,1,LALA,HONDA,WAVE RSX,Underbone,64900.0,6490.0,0.1,58410.0,12,6333.05,0.2364,26792.83,BPO / Call Center Agent,Owned (Clean Title),Single,7.1,9,0.9167,0,3,2,12666.1,0.16,0.324,0,0,defaulted,53.8,6,3,3.28,0.5,0,1,defaulted
SYNTH-01458,2,KAPATAGAN,SUZUKI,RAIDER 150 FI,Sport Underbone,119900.0,14388.0,0.12,105512.0,12,11278.76,0.6868,16421.96,Tricycle / PUV Operator,Owned (Clean Title),Single,4.4,6,0.6667,1,2,2,22557.52,0.33,0.363,1,1,defaulted,60.3,4,3,3.72,0.5,0,1,defaulted
SYNTH-01459,1,LALA,YAMAHA,NMAX 155,Maxi-Scooter,151900.0,45570.0,0.3,106330.0,36,5280.21,0.2148,24584.61,Employed (Private/Gov),Living with Parents/Relatives,Married,16.1,7,0.2222,0,4,1,5280.21,0.313,0.281,0,1,delinquent,54.9,2,3,3.17,0.5,0,1,defaulted
SYNTH-01460,1,LALA,YAMAHA,MIO FAZZIO,Retro Scooter,93900.0,23475.0,0.25,70425.0,36,3564.75,0.1232,28943.19,Sari-Sari / Small Retail,Living with Parents/Relatives,Married,8.7,24,0.7222,0,1,2,7129.5,0.201,0.323,0,0,defaulted,22.5,4,4,3.95,0.5,0,1,defaulted
SYNTH-01461,2,KAPATAGAN,HONDA,BEAT PREMIUM,Scooter,72400.0,21720.0,0.3,50680.0,36,2621.38,0.1752,14962.51,Tricycle / PUV Operator,Living with Parents/Relatives,Married,5.1,12,0.3889,0,2,2,5242.76,0.182,0.276,1,0,defaulted,21.3,4,6,5.3,0.5,0,1,defaulted
SYNTH-01462,3,TUBOD,HONDA,WAVE RSX,Underbone,64900.0,12980.0,0.2,51920.0,12,5651.6,0.2943,19205.52,Sari-Sari / Small Retail,Owned (Inherited/Tax Dec),Single,4.4,9,1.0,1,2,3,16954.8,0.34,0.521,1,1,defaulted,63.3,9,3,2.92,0.5444,0,1,defaulted
SYNTH-01463,2,KAPATAGAN,HONDA,CLICK 160,Scooter,122900.0,30725.0,0.25,92175.0,36,4603.92,0.1709,26939.48,BPO / Call Center Agent,Rented (Apartment/House),Single,4.5,26,0.8333,0,2,4,18415.68,0.281,0.241,0,0,defaulted,28.2,9,4,4.9,0.5,0,1,defaulted
SYNTH-01464,1,LALA,HONDA,WAVE RSX,Underbone,64900.0,6490.0,0.1,58410.0,12,6333.05,0.1895,33416.04,BPO / Call Center Agent,Owned (Clean Title),Single,6.9,2,0.25,3,0,1,6333.05,0.007,0.764,0,0,delinquent,15.8,9,5,4.74,0.7666,0,0,completed
SYNTH-01465,1,LALA,SUZUKI,SMASH 115,Underbone,62400.0,12480.0,0.2,49920.0,36,2585.07,0.0956,27032.28,Tricycle / PUV Operator,Owned (Inherited/Tax Dec),Single,9.2,27,0.7778,2,2,1,2585.07,0.027,0.767,0,0,delinquent,46.0,6,3,3.62,0.6339,0,0,completed
SYNTH-01466,2,KAPATAGAN,KAWASAKI,CT100B,Backbone/Utility,54000.0,6480.0,0.12,47520.0,36,2470.4,0.0762,32424.64,Public School Teacher,Owned (Inherited/Tax Dec),Married,2.3,10,0.2778,3,0,0,0.0,0.0,0.867,0,0,active,43.6,3,3,3.02,0.9129,0,0,completed
SYNTH-01467,3,TUBOD,SUZUKI,RAIDER 150 FI,Sport Underbone,119900.0,14388.0,0.12,105512.0,12,11278.76,0.2842,39684.91,Employed (Private/Gov),Owned (Clean Title),Married,10.4,4,0.5,1,2,2,22557.52,0.151,0.22,1,0,defaulted,13.4,7,3,2.75,0.5,0,1,defaulted
SYNTH-01468,1,LALA,YAMAHA,MIO SPORTY,Scooter,73900.0,8868.0,0.12,65032.0,36,3307.08,0.0899,36797.33,Public School Teacher,Living with Parents/Relatives,Single,6.1,31,0.8611,4,0,0,0.0,0.0,0.871,0,0,active,39.9,11,6,6.33,1.0721,1,0,early_settled
SYNTH-01469,1,LALA,SUZUKI,SMASH 115,Underbone,62400.0,12480.0,0.2,49920.0,36,2585.07,0.0872,29643.82,Employed (Private/Gov),Living with Parents/Relatives,Widowed,4.3,18,0.5,0,0,0,0.0,0.028,0.699,0,0,active,39.3,9,4,4.2,0.7533,0,0,completed
SYNTH-01470,2,KAPATAGAN,HONDA,ADV160,Adventure Scooter,166900.0,50070.0,0.3,116830.0,12,12467.15,1.0389,12000.0,Tricycle / PUV Operator,Living with Parents/Relatives,Married,2.9,0,0.1667,0,4,2,24934.3,0.37,0.299,0,1,defaulted,26.4,11,2,2.52,0.5,0,1,defaulted
SYNTH-01471,2,KAPATAGAN,KAWASAKI,P24KK (BARAKO II),Backbone/Tricycle,68500.0,10275.0,0.15,58225.0,24,3790.54,0.1944,19498.42,Sari-Sari / Small Retail,Rented (Apartment/House),Married,6.4,23,1.0,0,4,1,3790.54,0.206,0.25,0,0,delinquent,23.0,3,5,5.01,0.5,0,1,defaulted
SYNTH-01472,3,TUBOD,HONDA,PCX160,Maxi-Scooter,134900.0,20235.0,0.15,114665.0,36,5678.44,0.1314,43203.37,OFW Remittance / Dependent,Owned (Clean Title),Widowed,5.9,5,0.1389,1,0,0,0.0,0.0,0.934,0,0,active,20.2,10,3,3.04,0.8692,0,0,completed
SYNTH-01473,3,TUBOD,YAMAHA,MIO SPORTY,Scooter,73900.0,22170.0,0.3,51730.0,12,5631.65,0.1082,52050.16,OFW Remittance / Dependent,Rented (Apartment/House),Married,5.9,2,0.1667,3,2,0,0.0,0.076,0.806,0,0,active,56.2,8,4,4.25,0.8125,0,0,completed
SYNTH-01474,2,KAPATAGAN,HONDA,TMX125 ALPHA,Backbone/Utility,57900.0,5790.0,0.1,52110.0,36,2689.7,0.0838,32107.36,Employed (Private/Gov),Rented (Apartment/House),Single,6.6,17,0.4722,1,1,0,0.0,0.028,0.643,0,0,active,46.6,11,5,4.86,0.6816,0,1,defaulted
SYNTH-01475,2,KAPATAGAN,HONDA,ADV160,Adventure Scooter,166900.0,20028.0,0.12,146872.0,24,9257.11,0.2642,35042.53,Public School Teacher,Owned (Clean Title),Married,11.8,18,0.7917,1,2,1,9257.11,0.118,0.845,0,0,delinquent,22.9,8,3,3.32,0.8407,0,0,completed
SYNTH-01476,3,TUBOD,SUZUKI,BURGMAN STREET 125,Maxi-Scooter,83400.0,20850.0,0.25,62550.0,12,6767.75,0.2557,26466.09,Tricycle / PUV Operator,Rented (Apartment/House),Widowed,4.3,6,0.6667,0,1,2,13535.5,0.164,0.322,0,0,defaulted,11.4,10,4,3.91,0.5,0,1,defaulted
SYNTH-01477,1,LALA,HONDA,BEAT PREMIUM,Scooter,72400.0,10860.0,0.15,61540.0,24,3994.97,0.1214,32920.45,BPO / Call Center Agent,Rented (Apartment/House),Single,7.5,19,0.9583,1,4,4,15979.88,0.443,0.512,0,0,defaulted,47.1,11,5,5.33,0.6204,0,0,defaulted
SYNTH-01478,3,TUBOD,SUZUKI,BURGMAN STREET 125,Maxi-Scooter,83400.0,8340.0,0.1,75060.0,12,8081.3,0.5037,16044.51,Tricycle / PUV Operator,Living with Parents/Relatives,Married,4.9,8,0.9167,0,3,3,24243.9,0.369,0.418,1,0,defaulted,26.1,10,3,2.75,0.5,0,1,defaulted
SYNTH-01479,3,TUBOD,YAMAHA,MIO SPORTY,Scooter,73900.0,8868.0,0.12,65032.0,12,7028.36,0.2117,33193.77,Public School Teacher,Owned (Inherited/Tax Dec),Single,3.8,0,0.1667,1,1,3,21085.08,0.161,0.356,0,0,defaulted,27.9,7,4,3.74,0.5,0,1,defaulted
SYNTH-01480,2,KAPATAGAN,KAWASAKI,ROUSER NS125,Sport Backbone,82000.0,24600.0,0.3,57400.0,24,3739.67,0.1242,30118.97,Sari-Sari / Small Retail,Rented (Apartment/House),Married,11.3,0,0.0833,0,2,4,14958.68,0.156,0.631,0,0,defaulted,28.0,9,2,2.07,0.6257,0,1,defaulted
SYNTH-01481,3,TUBOD,YAMAHA,NMAX 155,Maxi-Scooter,151900.0,37975.0,0.25,113925.0,24,7225.38,0.2245,32177.97,BPO / Call Center Agent,Rented (Apartment/House),Married,2.9,11,0.625,0,1,4,28901.52,0.312,0.343,0,0,defaulted,57.0,12,3,3.61,0.5,0,1,defaulted
SYNTH-01482,1,LALA,KAWASAKI,CT100B,Backbone/Utility,54000.0,6480.0,0.12,47520.0,12,5189.6,0.4325,12000.0,Agri / Farmer / Fisherfolk,Living with Parents/Relatives,Single,9.5,2,0.5,0,2,4,20758.4,0.414,0.631,1,0,defaulted,22.9,5,5,4.74,0.5828,0,1,defaulted
SYNTH-01483,3,TUBOD,YAMAHA,NMAX 155,Maxi-Scooter,151900.0,15190.0,0.1,136710.0,24,8630.45,0.4552,18959.47,Sari-Sari / Small Retail,Owned (Inherited/Tax Dec),Widowed,7.0,19,0.875,1,3,2,17260.9,0.247,0.201,0,0,defaulted,15.1,1,3,3.45,0.5,0,1,defaulted
SYNTH-01484,3,TUBOD,YAMAHA,MIO GEAR 125,Scooter,79400.0,11910.0,0.15,67490.0,12,7286.45,0.4399,16563.13,Sari-Sari / Small Retail,Rented (Apartment/House),Single,7.0,0,0.1667,0,2,4,29145.8,0.335,0.576,0,1,defaulted,61.0,2,3,3.76,0.5959,0,1,defaulted
SYNTH-01485,2,KAPATAGAN,KAWASAKI,ROUSER NS125,Sport Backbone,82000.0,12300.0,0.15,69700.0,24,4498.17,0.1865,24112.5,Sari-Sari / Small Retail,Living with Parents/Relatives,Widowed,10.3,12,0.5833,1,4,2,8996.34,0.206,0.407,1,0,defaulted,15.7,5,3,3.8,0.5,0,1,defaulted
SYNTH-01486,3,TUBOD,KAWASAKI,P24KK (BARAKO II),Backbone/Tricycle,68500.0,10275.0,0.15,58225.0,36,2981.86,0.0589,50668.25,OFW Remittance / Dependent,Living with Parents/Relatives,Single,2.4,8,0.2222,3,2,0,0.0,0.102,0.742,0,0,active,34.6,5,3,2.35,0.7669,0,0,completed
SYNTH-01487,2,KAPATAGAN,SUZUKI,BURGMAN STREET 125,Maxi-Scooter,83400.0,12510.0,0.15,70890.0,24,4571.55,0.166,27532.44,BPO / Call Center Agent,Living with Parents/Relatives,Married,7.3,14,0.5833,2,0,0,0.0,0.049,0.674,0,0,active,57.5,6,3,2.31,0.5962,0,1,defaulted
SYNTH-01488,3,TUBOD,YAMAHA,NMAX 155,Maxi-Scooter,151900.0,45570.0,0.3,106330.0,36,5280.21,0.1082,48785.27,Public School Teacher,Rented (Apartment/House),Married,4.7,34,0.9722,1,3,1,5280.21,0.268,0.34,1,1,delinquent,12.4,10,3,2.84,0.5,0,1,defaulted
SYNTH-01489,2,KAPATAGAN,HONDA,BEAT PREMIUM,Scooter,72400.0,7240.0,0.1,65160.0,36,3313.2,0.0812,40779.88,Employed (Private/Gov),Owned (Inherited/Tax Dec),Single,2.9,30,0.8611,2,1,1,3313.2,0.081,0.709,0,0,delinquent,37.6,7,4,3.53,0.6997,0,0,completed
SYNTH-01490,2,KAPATAGAN,YAMAHA,MIO SPORTY,Scooter,73900.0,7390.0,0.1,66510.0,12,7183.55,0.253,28396.1,BPO / Call Center Agent,Owned (Inherited/Tax Dec),Married,8.7,0,0.0833,0,3,4,28734.2,0.156,0.49,0,0,defaulted,31.0,12,5,4.7,0.5323,0,1,defaulted
SYNTH-01491,3,TUBOD,KAWASAKI,P24KK (BARAKO II),Backbone/Tricycle,68500.0,20550.0,0.3,47950.0,12,5234.75,0.2989,17511.36,Sari-Sari / Small Retail,Owned (Clean Title),Single,2.3,5,0.5,0,2,1,5234.75,0.199,0.48,1,0,delinquent,36.2,7,3,3.14,0.5,0,1,defaulted
SYNTH-01492,2,KAPATAGAN,SUZUKI,RAIDER 150 FI,Sport Underbone,119900.0,17985.0,0.15,101915.0,24,6484.76,0.3554,18246.29,Tricycle / PUV Operator,Rented (Apartment/House),Married,9.5,20,0.875,1,4,1,6484.76,0.287,0.479,0,0,delinquent,63.3,10,3,3.05,0.5062,0,1,defaulted
SYNTH-01493,3,TUBOD,HONDA,WAVE RSX,Underbone,64900.0,7788.0,0.12,57112.0,24,3721.91,0.088,42313.05,Employed (Private/Gov),Living with Parents/Relatives,Married,9.7,8,0.375,2,1,1,3721.91,0.11,0.64,0,0,delinquent,27.0,9,3,2.27,0.591,0,1,defaulted
SYNTH-01494,3,TUBOD,YAMAHA,MIO GEAR 125,Scooter,79400.0,9528.0,0.12,69872.0,36,3538.33,0.1584,22332.14,Employed (Private/Gov),Owned (Inherited/Tax Dec),Married,8.5,27,0.75,1,2,0,0.0,0.01,0.643,1,0,active,58.9,5,3,2.75,0.6089,0,0,completed
SYNTH-01495,2,KAPATAGAN,KAWASAKI,ROUSER NS125,Sport Backbone,82000.0,8200.0,0.1,73800.0,12,7949.0,0.2617,30379.56,Public School Teacher,Living with Parents/Relatives,Widowed,25.9,0,0.0833,0,2,4,31796.0,0.446,0.203,0,0,defaulted,35.9,11,2,2.5,0.5,0,1,defaulted
SYNTH-01496,3,TUBOD,YAMAHA,MIO FAZZIO,Retro Scooter,93900.0,28170.0,0.3,65730.0,24,4253.35,0.2993,14210.56,Agri / Farmer / Fisherfolk,Owned (Clean Title),Single,2.7,8,0.4583,1,2,3,12760.05,0.205,0.597,0,0,defaulted,62.8,11,3,2.97,0.6623,0,1,defaulted
SYNTH-01497,1,LALA,YAMAHA,SNIPER 155,Sport Underbone,123900.0,14868.0,0.12,109032.0,24,6923.64,0.2163,32016.45,BPO / Call Center Agent,Living with Parents/Relatives,Single,8.9,0,0.0833,0,2,3,20770.92,0.401,0.299,1,1,defaulted,53.8,6,3,3.14,0.5,0,1,defaulted
SYNTH-01498,1,LALA,HONDA,TMX125 ALPHA,Backbone/Utility,57900.0,6948.0,0.12,50952.0,24,3342.04,0.0721,46321.64,Public School Teacher,Living with Parents/Relatives,Widowed,4.3,15,0.625,2,2,0,0.0,0.016,0.682,0,0,active,38.6,3,5,5.12,0.7112,0,1,defaulted
SYNTH-01499,3,TUBOD,KAWASAKI,P24KK (BARAKO II),Backbone/Tricycle,68500.0,13700.0,0.2,54800.0,12,5954.0,0.1668,35697.23,Employed (Private/Gov),Owned (Inherited/Tax Dec),Single,6.2,10,0.8333,0,0,0,0.0,0.128,0.795,0,0,active,51.1,4,3,2.63,0.7745,0,0,completed
SYNTH-01500,1,LALA,KAWASAKI,CT100B,Backbone/Utility,54000.0,16200.0,0.3,37800.0,12,4169.0,0.1341,31090.69,BPO / Call Center Agent,Rented (Apartment/House),Widowed,7.9,0,0.1667,1,4,4,16676.0,0.266,0.6,0,0,defaulted,20.4,7,5,5.1,0.6363,0,1,defaulted
SYNTH-01501,1,LALA,YAMAHA,SNIPER 155,Sport Underbone,123900.0,37170.0,0.3,86730.0,12,9306.65,0.3541,26286.12,Sari-Sari / Small Retail,Living with Parents/Relatives,Married,13.9,0,0.0833,0,3,3,27919.95,0.276,0.277,1,1,defaulted,51.4,4,3,2.61,0.5,0,0,defaulted
SYNTH-01502,3,TUBOD,SUZUKI,BURGMAN STREET 125,Maxi-Scooter,83400.0,8340.0,0.1,75060.0,12,8081.3,0.282,28654.44,Sari-Sari / Small Retail,Living with Parents/Relatives,Widowed,17.1,3,0.3333,0,2,1,8081.3,0.22,0.58,1,0,delinquent,42.8,10,3,2.93,0.5446,0,1,defaulted
SYNTH-01503,3,TUBOD,HONDA,CLICK 125I,Scooter,81400.0,24420.0,0.3,56980.0,36,2922.38,0.1139,25654.92,Employed (Private/Gov),Rented (Apartment/House),Married,2.9,6,0.25,0,1,3,8767.14,0.178,0.212,1,0,defaulted,57.6,5,3,3.63,0.5,0,1,defaulted
SYNTH-01504,3,TUBOD,SUZUKI,SMASH 115,Underbone,62400.0,18720.0,0.3,43680.0,24,2893.6,0.1145,25273.67,BPO / Call Center Agent,Owned (Clean Title),Widowed,7.6,15,0.6667,2,1,1,2893.6,0.08,0.848,0,0,delinquent,34.1,10,3,3.27,0.8151,0,0,completed
SYNTH-01505,1,LALA,KAWASAKI,CT100B,Backbone/Utility,54000.0,6480.0,0.12,47520.0,24,3130.4,0.1035,30244.7,Employed (Private/Gov),Rented (Apartment/House),Married,7.7,17,0.75,3,0,1,3130.4,0.107,0.711,0,0,delinquent,15.2,2,5,4.93,0.7306,0,0,completed
SYNTH-01506,1,LALA,HONDA,BEAT PREMIUM,Scooter,72400.0,18100.0,0.25,54300.0,24,3548.5,0.0492,72076.01,OFW Remittance / Dependent,Owned (Clean Title),Married,3.7,10,0.4167,5,0,0,0.0,0.0,0.948,0,0,active,28.3,12,5,5.09,1.1,0,0,completed
SYNTH-01507,3,TUBOD,HONDA,BEAT PREMIUM,Scooter,72400.0,14480.0,0.2,57920.0,24,3771.73,0.1019,37011.67,Public School Teacher,Rented (Apartment/House),Married,10.8,19,0.7917,0,0,0,0.0,0.07,0.737,0,0,active,61.0,1,3,2.69,0.676,0,1,defaulted
SYNTH-01508,1,LALA,SUZUKI,RAIDER 150 FI,Sport Underbone,119900.0,35970.0,0.3,83930.0,36,4209.99,0.172,24479.09,BPO / Call Center Agent,Owned (Clean Title),Married,2.3,35,1.0,0,1,1,4209.99,0.317,0.586,0,1,delinquent,57.4,5,3,2.81,0.5707,0,0,defaulted
SYNTH-01509,3,TUBOD,HONDA,CLICK 160,Scooter,122900.0,30725.0,0.25,92175.0,24,5884.12,0.2721,21621.85,Agri / Farmer / Fisherfolk,Owned (Inherited/Tax Dec),Married,3.8,17,0.8333,1,3,3,17652.36,0.268,0.382,1,0,defaulted,26.7,2,3,2.43,0.5,0,0,defaulted
SYNTH-01510,2,KAPATAGAN,HONDA,ADV160,Adventure Scooter,166900.0,33380.0,0.2,133520.0,36,6579.29,0.1818,36182.82,Public School Teacher,Owned (Inherited/Tax Dec),Married,12.9,16,0.4722,1,0,1,6579.29,0.07,0.676,0,0,delinquent,58.1,5,2,2.24,0.6608,0,1,defaulted
SYNTH-01511,1,LALA,HONDA,BEAT PREMIUM,Scooter,72400.0,10860.0,0.15,61540.0,24,3994.97,0.1708,23384.36,Employed (Private/Gov),Rented (Apartment/House),Married,14.0,20,0.9167,0,4,2,7989.94,0.254,0.246,0,0,defaulted,39.6,9,5,4.8,0.5,0,1,defaulted
SYNTH-01512,1,LALA,HONDA,WAVE RSX,Underbone,64900.0,6490.0,0.1,58410.0,24,3801.95,0.0628,60579.55,OFW Remittance / Dependent,Living with Parents/Relatives,Married,5.1,10,0.4167,9,0,0,0.0,0.0,0.964,0,0,active,15.0,8,5,4.74,1.0022,0,0,completed
SYNTH-01513,3,TUBOD,SUZUKI,BURGMAN STREET 125,Maxi-Scooter,83400.0,10008.0,0.12,73392.0,24,4725.84,0.0903,52349.58,OFW Remittance / Dependent,Owned (Clean Title),Married,12.7,1,0.0417,1,0,0,0.0,0.0,0.911,0,0,active,33.6,10,3,2.91,0.8608,0,0,completed
SYNTH-01514,3,TUBOD,YAMAHA,MIO FAZZIO,Retro Scooter,93900.0,14085.0,0.15,79815.0,24,5121.93,0.4268,12000.0,Agri / Farmer / Fisherfolk,Living with Parents/Relatives,Single,6.9,3,0.2917,1,4,4,20487.72,0.244,0.551,1,0,defaulted,36.5,7,2,2.01,0.5735,0,1,defaulted
SYNTH-01515,3,TUBOD,HONDA,WAVE RSX,Underbone,64900.0,7788.0,0.12,57112.0,12,6196.76,0.161,38499.01,Public School Teacher,Living with Parents/Relatives,Widowed,9.6,7,0.6667,3,1,1,6196.76,0.142,0.605,0,0,delinquent,19.3,3,4,3.85,0.614,0,1,defaulted
SYNTH-01516,1,LALA,YAMAHA,NMAX 155,Maxi-Scooter,151900.0,18228.0,0.12,133672.0,24,8443.11,0.4185,20175.98,Employed (Private/Gov),Rented (Apartment/House),Married,1.0,17,0.8333,0,1,3,25329.33,0.166,0.31,0,0,defaulted,61.7,5,3,2.82,0.5,0,1,defaulted
SYNTH-01517,1,LALA,HONDA,PCX160,Maxi-Scooter,134900.0,33725.0,0.25,101175.0,12,10823.38,0.2434,44464.68,OFW Remittance / Dependent,Rented (Apartment/House),Married,3.4,4,0.5,0,4,2,21646.76,0.263,0.267,0,0,defaulted,47.6,3,3,2.86,0.5,0,1,defaulted
SYNTH-01518,3,TUBOD,YAMAHA,NMAX 155,Maxi-Scooter,151900.0,30380.0,0.2,121520.0,12,12959.6,0.4659,27815.75,Public School Teacher,Living with Parents/Relatives,Married,11.5,1,0.1667,0,3,1,12959.6,0.297,0.26,0,0,delinquent,51.1,4,3,2.94,0.5,0,1,defaulted
SYNTH-01519,3,TUBOD,HONDA,ADV160,Adventure Scooter,166900.0,41725.0,0.25,125175.0,12,13343.38,0.4248,31410.33,Public School Teacher,Owned (Clean Title),Single,1.5,3,0.3333,1,2,1,13343.38,0.286,0.471,0,1,delinquent,32.4,2,2,1.8,0.5,0,0,defaulted
SYNTH-01520,1,LALA,HONDA,PCX160,Maxi-Scooter,134900.0,33725.0,0.25,101175.0,36,5033.92,0.0969,51951.27,OFW Remittance / Dependent,Living with Parents/Relatives,Single,6.1,10,0.2778,7,0,0,0.0,0.0,0.949,0,0,active,46.4,9,3,3.16,0.9453,0,0,completed
SYNTH-01521,2,KAPATAGAN,YAMAHA,MIO FAZZIO,Retro Scooter,93900.0,9390.0,0.1,84510.0,36,4237.7,0.0696,60842.89,OFW Remittance / Dependent,Owned (Clean Title),Single,19.9,34,0.9444,6,0,0,0.0,0.0,0.927,0,0,active,36.2,9,3,3.28,0.8981,1,0,early_settled
SYNTH-01522,1,LALA,YAMAHA,MIO FAZZIO,Retro Scooter,93900.0,28170.0,0.3,65730.0,36,3340.43,0.0417,80089.72,OFW Remittance / Dependent,Living with Parents/Relatives,Married,13.1,1,0.0278,1,0,0,0.0,0.0,0.946,0,0,active,38.6,7,3,2.81,0.9934,0,0,completed
SYNTH-01523,1,LALA,SUZUKI,BURGMAN STREET 125,Maxi-Scooter,83400.0,16680.0,0.2,66720.0,24,4314.4,0.1287,33511.42,Sari-Sari / Small Retail,Rented (Apartment/House),Widowed,13.9,4,0.3333,0,3,4,17257.6,0.211,0.377,0,0,defaulted,47.8,12,4,3.5,0.5,0,0,defaulted
SYNTH-01524,2,KAPATAGAN,HONDA,ADV160,Adventure Scooter,166900.0,50070.0,0.3,116830.0,12,12467.15,0.4257,29287.14,Sari-Sari / Small Retail,Rented (Apartment/House),Married,6.3,0,0.25,0,2,4,49868.6,0.419,0.328,0,1,defaulted,11.4,1,2,2.06,0.5,0,1,defaulted
SYNTH-01525,2,KAPATAGAN,HONDA,PCX160,Maxi-Scooter,134900.0,33725.0,0.25,101175.0,24,6439.12,0.2151,29929.88,Employed (Private/Gov),Living with Parents/Relatives,Married,4.8,3,0.2917,0,3,4,25756.48,0.262,0.451,0,0,defaulted,27.3,12,3,3.34,0.5151,0,1,defaulted
SYNTH-01526,1,LALA,HONDA,PCX160,Maxi-Scooter,134900.0,26980.0,0.2,107920.0,36,5356.18,0.177,30262.26,BPO / Call Center Agent,Rented (Apartment/House),Married,13.0,16,0.5,1,1,2,10712.36,0.322,0.281,0,1,defaulted,12.2,1,3,3.51,0.5,0,1,defaulted
SYNTH-01527,1,LALA,KAWASAKI,P24KK (BARAKO II),Backbone/Tricycle,68500.0,20550.0,0.3,47950.0,12,5234.75,0.2001,26159.12,BPO / Call Center Agent,Rented (Apartment/House),Widowed,9.0,11,1.0,0,1,1,5234.75,0.434,0.239,1,0,delinquent,17.1,9,6,5.74,0.5,0,1,defaulted
SYNTH-01528,2,KAPATAGAN,HONDA,WAVE RSX,Underbone,64900.0,6490.0,0.1,58410.0,36,2990.7,0.1222,24480.05,Sari-Sari / Small Retail,Rented (Apartment/House),Married,7.5,18,0.5833,1,1,3,8972.1,0.292,0.425,0,0,defaulted,23.6,4,5,4.66,0.5,0,0,defaulted
SYNTH-01529,3,TUBOD,HONDA,CLICK 125I,Scooter,81400.0,20350.0,0.25,61050.0,36,3116.83,0.0857,36386.55,OFW Remittance / Dependent,Owned (Inherited/Tax Dec),Widowed,5.6,11,0.3056,11,0,0,0.0,0.0,0.868,0,0,active,40.6,10,3,2.79,0.8514,0,0,completed
SYNTH-01530,1,LALA,HONDA,CLICK 160,Scooter,122900.0,24580.0,0.2,98320.0,12,10523.6,0.405,25981.47,BPO / Call Center Agent,Rented (Apartment/House),Widowed,11.8,5,0.5833,0,2,2,21047.2,0.374,0.409,0,0,defaulted,62.1,9,4,3.76,0.5,0,1,defaulted
SYNTH-01531,3,TUBOD,YAMAHA,MIO FAZZIO,Retro Scooter,93900.0,18780.0,0.2,75120.0,36,3789.07,0.2113,17928.78,Tricycle / PUV Operator,Owned (Inherited/Tax Dec),Married,9.0,5,0.1667,1,3,1,3789.07,0.245,0.353,0,0,delinquent,60.0,7,2,2.21,0.5,0,0,defaulted
SYNTH-01532,1,LALA,YAMAHA,MIO FAZZIO,Retro Scooter,93900.0,14085.0,0.15,79815.0,24,5121.93,0.1839,27852.2,BPO / Call Center Agent,Owned (Clean Title),Married,8.2,4,0.1667,0,0,0,0.0,0.012,0.668,0,0,active,15.2,3,4,4.45,0.7395,0,0,completed
SYNTH-01533,1,LALA,KAWASAKI,P24KK (BARAKO II),Backbone/Tricycle,68500.0,17125.0,0.25,51375.0,36,2654.58,0.1077,24648.76,Tricycle / PUV Operator,Owned (Inherited/Tax Dec),Single,11.1,14,0.4167,2,0,1,2654.58,0.042,0.62,0,0,delinquent,20.6,2,6,5.73,0.5956,0,0,completed
SYNTH-01534,3,TUBOD,YAMAHA,SNIPER 155,Sport Underbone,123900.0,24780.0,0.2,99120.0,36,4935.73,0.1858,26566.76,OFW Remittance / Dependent,Owned (Clean Title),Widowed,10.4,32,0.8889,3,0,0,0.0,0.07,0.646,0,0,active,13.1,10,3,2.89,0.6456,0,0,completed
SYNTH-01535,1,LALA,HONDA,CLICK 125I,Scooter,81400.0,8140.0,0.1,73260.0,12,7892.3,0.4779,16515.02,Tricycle / PUV Operator,Owned (Clean Title),Married,6.6,6,0.8333,0,4,4,31569.2,0.207,0.541,0,1,defaulted,52.3,12,5,5.1,0.6611,0,0,defaulted
SYNTH-01536,1,LALA,YAMAHA,MIO GEAR 125,Scooter,79400.0,11910.0,0.15,67490.0,24,4361.88,0.1721,25341.33,Sari-Sari / Small Retail,Rented (Apartment/House),Married,7.6,10,0.5,1,4,2,8723.76,0.321,0.382,0,1,defaulted,64.8,12,5,5.34,0.5,0,1,defaulted
SYNTH-01537,1,LALA,YAMAHA,MIO FAZZIO,Retro Scooter,93900.0,11268.0,0.12,82632.0,24,5295.64,0.2191,24169.7,BPO / Call Center Agent,Living with Parents/Relatives,Widowed,3.6,18,0.8333,0,1,2,10591.28,0.175,0.519,1,1,defaulted,23.8,10,4,4.38,0.545,0,1,defaulted
SYNTH-01538,3,TUBOD,HONDA,TMX125 ALPHA,Backbone/Utility,57900.0,17370.0,0.3,40530.0,24,2699.35,0.0436,61894.79,OFW Remittance / Dependent,Living with Parents/Relatives,Married,2.5,13,0.5833,0,1,1,2699.35,0.128,0.819,0,0,delinquent,60.0,10,3,3.17,0.8215,0,0,completed
SYNTH-01539,1,LALA,YAMAHA,AEROX 155,Sport Scooter,125400.0,25080.0,0.2,100320.0,36,4993.07,0.0694,71975.71,OFW Remittance / Dependent,Rented (Apartment/House),Married,6.2,27,0.7778,2,0,1,4993.07,0.041,0.699,0,0,delinquent,54.3,1,3,2.87,0.5948,0,0,completed
SYNTH-01540,3,TUBOD,HONDA,CLICK 125I,Scooter,81400.0,16280.0,0.2,65120.0,36,3311.29,0.1291,25653.47,Sari-Sari / Small Retail,Rented (Apartment/House),Married,2.8,14,0.4722,1,3,3,9933.87,0.297,0.317,0,1,defaulted,19.7,10,4,4.12,0.5,0,1,defaulted
SYNTH-01541,3,TUBOD,KAWASAKI,ROUSER NS125,Sport Backbone,82000.0,16400.0,0.2,65600.0,12,7088.0,0.1596,44422.63,Employed (Private/Gov),Rented (Apartment/House),Widowed,2.0,7,0.75,1,3,2,14176.0,0.172,0.421,0,0,defaulted,31.9,2,2,1.82,0.5,0,1,defaulted
SYNTH-01542,2,KAPATAGAN,KAWASAKI,ROUSER NS125,Sport Backbone,82000.0,8200.0,0.1,73800.0,12,7949.0,0.4004,19854.74,Agri / Farmer / Fisherfolk,Owned (Clean Title),Married,3.9,9,0.8333,0,4,1,7949.0,0.337,0.378,1,1,delinquent,17.0,1,3,2.91,0.5,0,0,defaulted
SYNTH-01543,1,LALA,YAMAHA,MIO FAZZIO,Retro Scooter,93900.0,14085.0,0.15,79815.0,24,5121.93,0.2018,25378.39,Public School Teacher,Rented (Apartment/House),Single,7.1,17,0.75,1,1,1,5121.93,0.189,0.392,0,1,delinquent,39.2,5,3,3.65,0.5,0,1,defaulted
SYNTH-01544,2,KAPATAGAN,SUZUKI,RAIDER 150 FI,Sport Underbone,119900.0,29975.0,0.25,89925.0,24,5745.38,0.1691,33986.07,Employed (Private/Gov),Owned (Inherited/Tax Dec),Single,6.8,19,0.7917,1,2,0,0.0,0.13,0.671,0,0,active,27.0,9,3,3.23,0.5962,0,0,completed
SYNTH-01545,3,TUBOD,KAWASAKI,P24KK (BARAKO II),Backbone/Tricycle,68500.0,20550.0,0.3,47950.0,36,2490.94,0.1329,18748.41,Sari-Sari / Small Retail,Rented (Apartment/House),Married,3.1,3,0.1944,1,3,4,9963.76,0.351,0.526,0,1,defaulted,44.0,8,3,3.28,0.5067,0,1,defaulted
SYNTH-01546,2,KAPATAGAN,HONDA,CLICK 125I,Scooter,81400.0,12210.0,0.15,69190.0,12,7464.95,0.1702,43868.51,Employed (Private/Gov),Owned (Clean Title),Married,5.8,11,1.0,3,2,1,7464.95,0.132,0.761,0,0,delinquent,38.4,6,4,3.95,0.6496,0,0,completed
SYNTH-01547,3,TUBOD,HONDA,WAVE RSX,Underbone,64900.0,16225.0,0.25,48675.0,12,5310.88,0.125,42478.51,Employed (Private/Gov),Living with Parents/Relatives,Widowed,2.9,1,0.4167,1,2,4,21243.52,0.29,0.419,0,0,defaulted,23.9,5,4,4.1,0.5,0,0,defaulted
SYNTH-01548,2,KAPATAGAN,YAMAHA,AEROX 155,Sport Scooter,125400.0,12540.0,0.1,112860.0,36,5592.2,0.222,25192.35,Sari-Sari / Small Retail,Owned (Clean Title),Widowed,9.4,6,0.2222,1,4,2,11184.4,0.355,0.292,0,0,defaulted,26.1,2,3,3.17,0.5,0,1,defaulted
SYNTH-01549,3,TUBOD,HONDA,WAVE RSX,Underbone,64900.0,9735.0,0.15,55165.0,12,5992.32,0.1962,30549.27,BPO / Call Center Agent,Living with Parents/Relatives,Single,10.2,3,0.4167,0,3,2,11984.64,0.187,0.469,0,0,defaulted,44.0,5,3,2.79,0.5,0,1,defaulted
SYNTH-01550,3,TUBOD,YAMAHA,MIO SPORTY,Scooter,73900.0,7390.0,0.1,66510.0,12,7183.55,0.2367,30348.38,BPO / Call Center Agent,Rented (Apartment/House),Married,13.2,6,0.5833,0,2,1,7183.55,0.161,0.615,1,0,delinquent,56.7,8,4,4.19,0.6028,0,1,defaulted
SYNTH-01551,1,LALA,YAMAHA,MIO SPORTY,Scooter,73900.0,8868.0,0.12,65032.0,36,3307.08,0.1052,31431.6,BPO / Call Center Agent,Owned (Inherited/Tax Dec),Married,3.2,8,0.2222,0,1,0,0.0,0.112,0.718,0,0,active,60.9,11,6,6.28,0.8444,0,0,completed
SYNTH-01552,2,KAPATAGAN,YAMAHA,AEROX 155,Sport Scooter,125400.0,25080.0,0.2,100320.0,24,6386.4,0.5193,12298.24,Agri / Farmer / Fisherfolk,Owned (Clean Title),Married,5.9,10,0.5417,0,3,3,19159.2,0.193,0.311,0,1,defaulted,12.1,3,4,4.08,0.5,0,1,defaulted
SYNTH-01553,1,LALA,KAWASAKI,P24KK (BARAKO II),Backbone/Tricycle,68500.0,6850.0,0.1,61650.0,12,6673.25,0.4378,15241.22,Sari-Sari / Small Retail,Owned (Inherited/Tax Dec),Married,12.4,0,0.25,0,3,3,20019.75,0.444,0.232,1,1,defaulted,47.3,10,4,4.15,0.5,0,0,defaulted
SYNTH-01554,1,LALA,HONDA,CLICK 125I,Scooter,81400.0,9768.0,0.12,71632.0,12,7721.36,0.42,18386.02,Tricycle / PUV Operator,Owned (Inherited/Tax Dec),Widowed,14.9,0,0.1667,0,4,2,15442.72,0.234,0.268,0,0,defaulted,23.1,8,6,5.97,0.5,0,1,defaulted
SYNTH-01555,2,KAPATAGAN,HONDA,TMX125 ALPHA,Backbone/Utility,57900.0,14475.0,0.25,43425.0,24,2877.88,0.0786,36632.89,BPO / Call Center Agent,Living with Parents/Relatives,Married,6.0,10,0.4583,2,2,1,2877.88,0.041,0.688,0,0,delinquent,41.8,5,4,4.27,0.6656,0,0,completed
SYNTH-01556,1,LALA,YAMAHA,MIO GEAR 125,Scooter,79400.0,19850.0,0.25,59550.0,24,3872.25,0.0871,44457.37,Public School Teacher,Living with Parents/Relatives,Single,7.2,11,0.4583,8,0,0,0.0,0.0,0.932,0,0,active,52.1,2,4,4.06,0.9799,0,0,completed
SYNTH-01557,2,KAPATAGAN,HONDA,PCX160,Maxi-Scooter,134900.0,40470.0,0.3,94430.0,24,6023.18,0.1782,33797.94,Employed (Private/Gov),Living with Parents/Relatives,Single,8.5,2,0.0833,2,1,0,0.0,0.03,0.602,0,0,active,16.2,5,3,2.83,0.564,0,0,completed
SYNTH-01558,2,KAPATAGAN,KAWASAKI,P24KK (BARAKO II),Backbone/Tricycle,68500.0,8220.0,0.12,60280.0,24,3917.27,0.1858,21087.55,Agri / Farmer / Fisherfolk,Living with Parents/Relatives,Married,4.4,9,0.4167,0,3,1,3917.27,0.328,0.235,0,0,delinquent,20.4,10,5,5.33,0.5,0,1,defaulted
SYNTH-01559,2,KAPATAGAN,SUZUKI,BURGMAN STREET 125,Maxi-Scooter,83400.0,20850.0,0.25,62550.0,12,6767.75,0.2431,27833.88,BPO / Call Center Agent,Owned (Inherited/Tax Dec),Married,10.5,2,0.3333,0,3,2,13535.5,0.375,0.379,0,0,defaulted,14.0,2,4,4.09,0.5,0,1,defaulted
SYNTH-01560,3,TUBOD,HONDA,WAVE RSX,Underbone,64900.0,7788.0,0.12,57112.0,36,2928.68,0.1131,25896.47,BPO / Call Center Agent,Owned (Clean Title),Single,14.7,34,0.9444,1,1,0,0.0,0.089,0.697,0,0,active,37.5,3,3,2.93,0.7299,0,0,completed
SYNTH-01561,3,TUBOD,HONDA,PCX160,Maxi-Scooter,134900.0,16188.0,0.12,118712.0,24,7520.57,0.1321,56925.42,OFW Remittance / Dependent,Owned (Inherited/Tax Dec),Widowed,4.1,0,0.0417,2,2,1,7520.57,0.003,0.836,0,0,delinquent,63.1,6,2,2.11,0.7618,0,0,completed
SYNTH-01562,1,LALA,HONDA,ADV160,Adventure Scooter,166900.0,50070.0,0.3,116830.0,24,7404.52,0.2648,27966.19,BPO / Call Center Agent,Living with Parents/Relatives,Widowed,3.7,3,0.2917,0,2,4,29618.08,0.254,0.463,0,0,defaulted,46.2,9,2,1.94,0.5,0,1,defaulted
SYNTH-01563,3,TUBOD,HONDA,ADV160,Adventure Scooter,166900.0,25035.0,0.15,141865.0,12,15095.82,0.3806,39658.42,OFW Remittance / Dependent,Rented (Apartment/House),Widowed,6.8,3,0.5833,0,1,4,60383.28,0.381,0.458,0,0,defaulted,25.9,7,2,2.23,0.5,0,1,defaulted
SYNTH-01564,3,TUBOD,HONDA,PCX160,Maxi-Scooter,134900.0,16188.0,0.12,118712.0,36,5871.8,0.3453,17007.24,OFW Remittance / Dependent,Owned (Inherited/Tax Dec),Married,8.3,14,0.4722,0,4,3,17615.4,0.251,0.285,0,0,defaulted,14.3,10,3,3.55,0.5,0,1,defaulted
SYNTH-01565,3,TUBOD,HONDA,CLICK 125I,Scooter,81400.0,20350.0,0.25,61050.0,12,6610.25,0.4176,15829.21,Tricycle / PUV Operator,Owned (Clean Title),Single,2.4,7,0.75,0,4,2,13220.5,0.397,0.421,0,0,defaulted,32.3,11,4,4.01,0.5,0,1,defaulted
SYNTH-01566,3,TUBOD,YAMAHA,MIO SPORTY,Scooter,73900.0,14780.0,0.2,59120.0,24,3845.73,0.0922,41703.81,Public School Teacher,Owned (Clean Title),Single,15.7,22,0.9167,9,0,0,0.0,0.0,0.995,0,0,active,27.9,5,4,3.79,0.99,1,0,early_settled
SYNTH-01567,1,LALA,KAWASAKI,ROUSER NS125,Sport Backbone,82000.0,24600.0,0.3,57400.0,24,3739.67,0.111,33699.48,BPO / Call Center Agent,Living with Parents/Relatives,Married,2.6,17,0.8333,1,4,3,11219.01,0.194,0.619,0,0,defaulted,44.8,8,2,1.66,0.6246,0,0,defaulted
SYNTH-01568,2,KAPATAGAN,SUZUKI,BURGMAN STREET 125,Maxi-Scooter,83400.0,8340.0,0.1,75060.0,36,3786.2,0.0684,55314.04,OFW Remittance / Dependent,Owned (Inherited/Tax Dec),Single,9.8,12,0.3333,3,0,0,0.0,0.0,0.97,0,0,active,63.5,2,3,2.79,0.9138,0,0,completed
SYNTH-01569,2,KAPATAGAN,SUZUKI,BURGMAN STREET 125,Maxi-Scooter,83400.0,20850.0,0.25,62550.0,12,6767.75,0.2534,26707.7,BPO / Call Center Agent,Owned (Clean Title),Married,15.8,3,0.3333,1,4,1,6767.75,0.312,0.209,0,0,delinquent,62.6,9,3,2.53,0.5,0,1,defaulted
SYNTH-01570,2,KAPATAGAN,KAWASAKI,CT100B,Backbone/Utility,54000.0,6480.0,0.12,47520.0,36,2470.4,0.0944,26171.67,OFW Remittance / Dependent,Owned (Clean Title),Married,8.9,28,0.7778,8,0,0,0.0,0.0,0.953,0,0,active,59.2,3,3,3.37,1.0518,0,0,completed
SYNTH-01571,3,TUBOD,YAMAHA,MIO FAZZIO,Retro Scooter,93900.0,11268.0,0.12,82632.0,12,8876.36,0.3115,28497.81,Sari-Sari / Small Retail,Owned (Clean Title),Single,3.3,8,0.9167,0,2,3,26629.08,0.319,0.334,0,0,defaulted,23.7,2,3,3.13,0.5,0,1,defaulted
SYNTH-01572,3,TUBOD,KAWASAKI,P24KK (BARAKO II),Backbone/Tricycle,68500.0,10275.0,0.15,58225.0,12,6313.62,0.2118,29813.24,Sari-Sari / Small Retail,Rented (Apartment/House),Single,7.4,8,0.8333,0,1,2,12627.24,0.255,0.346,0,0,defaulted,13.5,6,4,3.59,0.5,0,1,defaulted
SYNTH-01573,2,KAPATAGAN,HONDA,BEAT PREMIUM,Scooter,72400.0,8688.0,0.12,63712.0,24,4128.91,0.1317,31353.31,Sari-Sari / Small Retail,Rented (Apartment/House),Widowed,2.6,11,0.5,0,3,1,4128.91,0.357,0.528,0,0,delinquent,16.3,11,7,6.55,0.6476,0,1,defaulted
SYNTH-01574,2,KAPATAGAN,HONDA,WAVE RSX,Underbone,64900.0,6490.0,0.1,58410.0,36,2990.7,0.0674,44376.35,Public School Teacher,Rented (Apartment/House),Single,6.4,8,0.2222,1,2,0,0.0,0.106,0.717,1,0,active,27.0,9,3,2.86,0.7047,0,0,completed
SYNTH-01575,1,LALA,SUZUKI,BURGMAN STREET 125,Maxi-Scooter,83400.0,12510.0,0.15,70890.0,24,4571.55,0.1577,28984.03,BPO / Call Center Agent,Living with Parents/Relatives,Married,9.7,11,0.5,0,0,1,4571.55,0.081,0.776,1,0,delinquent,35.8,9,4,4.79,0.8302,0,1,defaulted
SYNTH-01576,2,KAPATAGAN,SUZUKI,SMASH 115,Underbone,62400.0,9360.0,0.15,53040.0,12,5769.2,0.3061,18848.04,Agri / Farmer / Fisherfolk,Owned (Clean Title),Single,2.7,0,0.0833,0,3,2,11538.4,0.342,0.27,0,1,defaulted,58.0,6,3,2.58,0.5,0,1,defaulted
SYNTH-01577,3,TUBOD,SUZUKI,RAIDER 150 FI,Sport Underbone,119900.0,14388.0,0.12,105512.0,36,5241.13,0.1868,28051.55,BPO / Call Center Agent,Owned (Inherited/Tax Dec),Widowed,9.7,28,0.8056,0,0,1,5241.13,0.129,0.752,0,0,delinquent,10.8,10,3,2.87,0.7673,0,0,completed
SYNTH-01578,1,LALA,HONDA,WAVE RSX,Underbone,64900.0,19470.0,0.3,45430.0,36,2370.54,0.0435,54501.38,OFW Remittance / Dependent,Owned (Inherited/Tax Dec),Single,1.0,22,0.6111,9,0,0,0.0,0.0,0.981,0,0,active,19.4,7,5,5.42,0.9675,1,0,early_settled
SYNTH-01579,1,LALA,YAMAHA,MIO GEAR 125,Scooter,79400.0,7940.0,0.1,71460.0,36,3614.2,0.2078,17390.86,Tricycle / PUV Operator,Living with Parents/Relatives,Widowed,5.3,20,0.6111,0,4,2,7228.4,0.227,0.235,0,0,defaulted,15.2,2,6,6.27,0.5,0,1,defaulted
SYNTH-01580,1,LALA,YAMAHA,MIO FAZZIO,Retro Scooter,93900.0,23475.0,0.25,70425.0,36,3564.75,0.0762,46771.66,OFW Remittance / Dependent,Owned (Inherited/Tax Dec),Widowed,10.4,3,0.0833,3,0,0,0.0,0.0,0.919,0,0,active,63.3,3,3,3.32,0.9064,0,0,completed
SYNTH-01581,3,TUBOD,KAWASAKI,P24KK (BARAKO II),Backbone/Tricycle,68500.0,8220.0,0.12,60280.0,24,3917.27,0.184,21288.99,BPO / Call Center Agent,Rented (Apartment/House),Married,4.3,14,0.75,1,4,4,15669.08,0.18,0.566,0,0,defaulted,13.8,3,4,4.16,0.5907,0,1,defaulted
SYNTH-01582,3,TUBOD,HONDA,PCX160,Maxi-Scooter,134900.0,40470.0,0.3,94430.0,12,10115.15,0.3822,26462.53,BPO / Call Center Agent,Living with Parents/Relatives,Married,8.9,10,0.9167,0,1,1,10115.15,0.38,0.6,0,0,delinquent,54.7,6,2,2.18,0.5783,0,1,defaulted
SYNTH-01583,3,TUBOD,HONDA,WAVE RSX,Underbone,64900.0,6490.0,0.1,58410.0,36,2990.7,0.0443,67567.35,OFW Remittance / Dependent,Living with Parents/Relatives,Widowed,12.3,24,0.6667,2,0,0,0.0,0.0,0.854,0,0,active,12.8,1,3,2.9,0.7477,0,0,completed
SYNTH-01584,1,LALA,SUZUKI,SMASH 115,Underbone,62400.0,7488.0,0.12,54912.0,24,3586.24,0.1246,28787.59,Sari-Sari / Small Retail,Owned (Clean Title),Married,4.9,0,0.0417,0,2,4,14344.96,0.446,0.516,0,0,defaulted,34.3,9,4,4.91,0.5,0,0,defaulted
SYNTH-01585,1,LALA,KAWASAKI,CT100B,Backbone/Utility,54000.0,13500.0,0.25,40500.0,24,2697.5,0.0941,28675.04,Tricycle / PUV Operator,Living with Parents/Relatives,Married,13.4,17,0.7917,0,3,2,5395.0,0.179,0.201,0,0,defaulted,15.6,1,4,3.67,0.5,0,1,defaulted
SYNTH-01586,2,KAPATAGAN,YAMAHA,SNIPER 155,Sport Underbone,123900.0,14868.0,0.12,109032.0,24,6923.64,0.204,33935.3,BPO / Call Center Agent,Living with Parents/Relatives,Single,7.0,13,0.7083,1,3,4,27694.56,0.417,0.563,0,0,defaulted,56.8,6,2,2.54,0.5,0,1,defaulted
SYNTH-01587,1,LALA,KAWASAKI,P24KK (BARAKO II),Backbone/Tricycle,68500.0,13700.0,0.2,54800.0,12,5954.0,0.367,16222.4,Agri / Farmer / Fisherfolk,Living with Parents/Relatives,Widowed,5.0,0,0.1667,0,3,2,11908.0,0.407,0.244,1,0,defaulted,36.4,9,4,4.15,0.5,0,1,defaulted
SYNTH-01588,1,LALA,HONDA,ADV160,Adventure Scooter,166900.0,16690.0,0.1,150210.0,36,7376.7,0.3694,19969.97,Agri / Farmer / Fisherfolk,Rented (Apartment/House),Married,5.7,12,0.3611,0,2,1,7376.7,0.175,0.268,0,1,delinquent,33.7,11,2,1.96,0.5,0,1,defaulted
SYNTH-01589,3,TUBOD,YAMAHA,MIO GEAR 125,Scooter,79400.0,11910.0,0.15,67490.0,12,7286.45,0.2394,30439.15,Sari-Sari / Small Retail,Owned (Inherited/Tax Dec),Married,9.1,5,0.6667,0,1,3,21859.35,0.168,0.627,1,0,defaulted,59.4,10,3,3.0,0.6501,0,1,defaulted
SYNTH-01590,1,LALA,YAMAHA,MIO GEAR 125,Scooter,79400.0,9528.0,0.12,69872.0,12,7536.56,0.3084,24435.47,Public School Teacher,Rented (Apartment/House),Single,2.8,4,0.5833,0,3,3,22609.68,0.211,0.287,0,0,defaulted,20.3,2,6,6.5,0.5,0,0,defaulted
SYNTH-01591,3,TUBOD,HONDA,TMX125 ALPHA,Backbone/Utility,57900.0,17370.0,0.3,40530.0,24,2699.35,0.152,17761.6,Agri / Farmer / Fisherfolk,Owned (Inherited/Tax Dec),Single,11.3,17,0.875,0,4,4,10797.4,0.35,0.51,1,0,defaulted,34.7,1,3,2.84,0.5,0,1,defaulted
SYNTH-01592,1,LALA,YAMAHA,SNIPER 155,Sport Underbone,123900.0,14868.0,0.12,109032.0,24,6923.64,0.3329,20800.0,Tricycle / PUV Operator,Living with Parents/Relatives,Single,8.3,8,0.375,0,2,1,6923.64,0.154,0.546,1,0,delinquent,21.9,2,4,4.25,0.5607,0,1,defaulted
SYNTH-01593,3,TUBOD,HONDA,BEAT PREMIUM,Scooter,72400.0,21720.0,0.3,50680.0,12,5521.4,0.1312,42068.02,Public School Teacher,Living with Parents/Relatives,Widowed,6.7,11,1.0,3,0,1,5521.4,0.097,0.639,0,0,delinquent,14.6,4,5,4.96,0.6653,0,0,completed
SYNTH-01594,1,LALA,HONDA,TMX125 ALPHA,Backbone/Utility,57900.0,6948.0,0.12,50952.0,36,2634.37,0.0791,33321.75,OFW Remittance / Dependent,Owned (Clean Title),Widowed,3.5,11,0.3333,2,0,1,2634.37,0.036,0.651,0,0,delinquent,22.5,11,7,7.57,0.7608,0,0,completed
SYNTH-01595,1,LALA,HONDA,TMX125 ALPHA,Backbone/Utility,57900.0,14475.0,0.25,43425.0,24,2877.88,0.1236,23280.37,BPO / Call Center Agent,Owned (Clean Title),Single,14.7,1,0.0833,0,0,1,2877.88,0.007,0.632,0,0,delinquent,58.3,12,5,5.02,0.7169,0,0,completed
SYNTH-01596,2,KAPATAGAN,HONDA,WAVE RSX,Underbone,64900.0,12980.0,0.2,51920.0,12,5651.6,0.1858,30420.0,Employed (Private/Gov),Rented (Apartment/House),Single,7.6,7,0.6667,1,2,1,5651.6,0.261,0.385,0,1,delinquent,26.3,10,3,2.72,0.5,0,1,defaulted
SYNTH-01597,2,KAPATAGAN,KAWASAKI,P24KK (BARAKO II),Backbone/Tricycle,68500.0,10275.0,0.15,58225.0,12,6313.62,0.2669,23652.38,BPO / Call Center Agent,Rented (Apartment/House),Married,7.0,3,0.3333,0,1,1,6313.62,0.287,0.368,1,0,delinquent,27.9,1,3,2.89,0.5,0,1,defaulted
SYNTH-01598,1,LALA,YAMAHA,SNIPER 155,Sport Underbone,123900.0,30975.0,0.25,92925.0,36,4639.75,0.1289,35999.01,Public School Teacher,Owned (Inherited/Tax Dec),Married,2.7,1,0.0278,0,1,0,0.0,0.068,0.632,0,0,active,24.9,1,3,2.75,0.5468,0,1,defaulted
SYNTH-01599,3,TUBOD,YAMAHA,AEROX 155,Sport Scooter,125400.0,31350.0,0.25,94050.0,12,10075.25,0.2786,36162.63,Public School Teacher,Owned (Inherited/Tax Dec),Single,8.0,6,0.5833,0,2,1,10075.25,0.126,0.819,0,0,delinquent,62.4,8,2,2.22,0.8177,0,0,completed
SYNTH-01600,1,LALA,HONDA,TMX125 ALPHA,Backbone/Utility,57900.0,17370.0,0.3,40530.0,24,2699.35,0.0658,40999.9,Employed (Private/Gov),Owned (Clean Title),Married,7.8,9,0.375,7,0,0,0.0,0.0,0.994,0,0,active,52.9,8,4,4.13,0.9934,0,0,completed
SYNTH-01601,1,LALA,SUZUKI,BURGMAN STREET 125,Maxi-Scooter,83400.0,16680.0,0.2,66720.0,36,3387.73,0.0791,42834.91,Public School Teacher,Owned (Clean Title),Widowed,7.3,17,0.4722,5,0,0,0.0,0.0,0.974,0,0,active,56.4,1,3,2.58,0.9052,1,0,early_settled
SYNTH-01602,1,LALA,KAWASAKI,P24KK (BARAKO II),Backbone/Tricycle,68500.0,8220.0,0.12,60280.0,36,3080.04,0.135,22810.12,Agri / Farmer / Fisherfolk,Living with Parents/Relatives,Married,1.9,11,0.3333,0,2,1,3080.04,0.401,0.573,0,1,delinquent,54.8,4,4,3.54,0.623,0,1,defaulted
SYNTH-01603,3,TUBOD,KAWASAKI,CT100B,Backbone/Utility,54000.0,16200.0,0.3,37800.0,36,2006.0,0.0823,24372.57,Agri / Farmer / Fisherfolk,Owned (Clean Title),Married,7.0,1,0.0556,2,1,1,2006.0,0.005,0.832,0,0,delinquent,52.5,3,3,2.76,0.943,0,0,completed
SYNTH-01604,2,KAPATAGAN,HONDA,CLICK 125I,Scooter,81400.0,12210.0,0.15,69190.0,24,4466.72,0.12,37224.12,Public School Teacher,Owned (Inherited/Tax Dec),Widowed,7.3,11,0.4583,2,0,0,0.0,0.0,0.856,0,0,active,43.7,4,4,3.9,0.9428,0,0,completed
SYNTH-01605,1,LALA,YAMAHA,SNIPER 155,Sport Underbone,123900.0,18585.0,0.15,105315.0,24,6694.43,0.1759,38065.71,BPO / Call Center Agent,Owned (Clean Title),Widowed,14.1,24,1.0,0,2,0,0.0,0.092,0.656,0,0,active,44.6,12,3,3.26,0.762,0,0,completed
SYNTH-01606,2,KAPATAGAN,SUZUKI,BURGMAN STREET 125,Maxi-Scooter,83400.0,10008.0,0.12,73392.0,24,4725.84,0.1519,31112.11,Sari-Sari / Small Retail,Living with Parents/Relatives,Single,6.9,1,0.1667,0,1,3,14177.52,0.264,0.245,0,0,defaulted,52.3,2,3,2.7,0.5,0,0,defaulted
SYNTH-01607,1,LALA,YAMAHA,NMAX 155,Maxi-Scooter,151900.0,37975.0,0.25,113925.0,36,5643.08,0.2304,24487.44,Sari-Sari / Small Retail,Rented (Apartment/House),Married,5.8,23,0.75,0,4,4,22572.32,0.347,0.399,0,0,defaulted,28.7,7,3,2.73,0.5,0,1,defaulted
SYNTH-01608,1,LALA,HONDA,WAVE RSX,Underbone,64900.0,16225.0,0.25,48675.0,36,2525.58,0.1314,19224.1,BPO / Call Center Agent,Rented (Apartment/House),Single,7.7,30,0.9444,0,3,4,10102.32,0.418,0.38,1,0,defaulted,37.3,11,4,4.2,0.5,0,1,defaulted
SYNTH-01609,3,TUBOD,HONDA,PCX160,Maxi-Scooter,134900.0,33725.0,0.25,101175.0,24,6439.12,0.2652,24283.53,Sari-Sari / Small Retail,Owned (Clean Title),Single,8.8,15,0.7917,0,1,4,25756.48,0.209,0.367,1,1,defaulted,16.3,12,3,3.3,0.5,0,1,defaulted
SYNTH-01610,3,TUBOD,HONDA,WAVE RSX,Underbone,64900.0,7788.0,0.12,57112.0,36,2928.68,0.0848,34543.83,BPO / Call Center Agent,Owned (Inherited/Tax Dec),Married,9.5,18,0.5,9,0,0,0.0,0.0,0.882,0,0,active,58.9,7,3,2.89,0.8736,0,0,completed
SYNTH-01611,2,KAPATAGAN,YAMAHA,AEROX 155,Sport Scooter,125400.0,31350.0,0.25,94050.0,12,10075.25,0.2514,40083.54,Employed (Private/Gov),Owned (Inherited/Tax Dec),Single,10.8,3,0.5833,0,3,4,40301.0,0.214,0.318,1,0,defaulted,14.4,2,4,3.9,0.5,0,1,defaulted
SYNTH-01612,1,LALA,HONDA,WAVE RSX,Underbone,64900.0,9735.0,0.15,55165.0,36,2835.66,0.1408,20141.09,Tricycle / PUV Operator,Rented (Apartment/House),Married,4.1,20,0.6111,0,2,2,5671.32,0.401,0.218,1,1,defaulted,21.5,7,5,5.29,0.5,0,1,defaulted
SYNTH-01613,1,LALA,KAWASAKI,ROUSER NS125,Sport Backbone,82000.0,8200.0,0.1,73800.0,12,7949.0,0.4301,18481.14,Tricycle / PUV Operator,Rented (Apartment/House),Widowed,3.9,9,0.8333,0,1,1,7949.0,0.267,0.522,1,1,delinquent,52.1,1,2,1.3,0.5,0,1,defaulted
SYNTH-01614,3,TUBOD,HONDA,PCX160,Maxi-Scooter,134900.0,26980.0,0.2,107920.0,12,11531.6,0.4478,25752.24,BPO / Call Center Agent,Owned (Inherited/Tax Dec),Married,15.7,3,0.3333,0,4,1,11531.6,0.307,0.222,0,0,delinquent,11.8,5,3,3.35,0.5,0,1,defaulted
SYNTH-01615,3,TUBOD,HONDA,PCX160,Maxi-Scooter,134900.0,26980.0,0.2,107920.0,36,5356.18,0.3039,17626.95,Agri / Farmer / Fisherfolk,Rented (Apartment/House),Widowed,9.4,15,0.4444,0,1,1,5356.18,0.377,0.62,0,0,delinquent,15.7,9,3,2.81,0.6143,0,0,defaulted
SYNTH-01616,2,KAPATAGAN,KAWASAKI,P24KK (BARAKO II),Backbone/Tricycle,68500.0,20550.0,0.3,47950.0,36,2490.94,0.0879,28352.68,Public School Teacher,Rented (Apartment/House),Single,6.6,16,0.4444,3,0,0,0.0,0.065,0.839,0,0,active,53.2,10,4,3.99,0.8003,1,1,defaulted
SYNTH-01617,3,TUBOD,YAMAHA,MIO GEAR 125,Scooter,79400.0,19850.0,0.25,59550.0,24,3872.25,0.2742,14121.5,Tricycle / PUV Operator,Living with Parents/Relatives,Married,3.1,8,0.4167,0,1,2,7744.5,0.286,0.572,0,0,defaulted,38.8,2,3,3.54,0.5216,0,1,defaulted
SYNTH-01618,2,KAPATAGAN,HONDA,WAVE RSX,Underbone,64900.0,6490.0,0.1,58410.0,24,3801.95,0.0745,51047.68,OFW Remittance / Dependent,Owned (Inherited/Tax Dec),Married,8.2,15,0.625,6,0,0,0.0,0.0,0.98,0,0,active,28.0,10,3,3.34,0.9481,1,0,early_settled
SYNTH-01619,3,TUBOD,KAWASAKI,CT100B,Backbone/Utility,54000.0,6480.0,0.12,47520.0,24,3130.4,0.1095,28576.82,OFW Remittance / Dependent,Living with Parents/Relatives,Widowed,4.6,23,0.9583,0,0,0,0.0,0.079,0.688,0,0,active,43.0,11,3,3.67,0.7655,0,0,completed
SYNTH-01620,3,TUBOD,HONDA,CLICK 125I,Scooter,81400.0,9768.0,0.12,71632.0,36,3622.42,0.1667,21730.94,Agri / Farmer / Fisherfolk,Owned (Inherited/Tax Dec),Single,4.1,5,0.25,1,2,4,14489.68,0.227,0.583,0,0,defaulted,32.4,3,3,4.15,0.6007,0,0,defaulted
SYNTH-01621,2,KAPATAGAN,HONDA,BEAT PREMIUM,Scooter,72400.0,21720.0,0.3,50680.0,24,3325.27,0.1077,30870.8,Employed (Private/Gov),Living with Parents/Relatives,Single,5.4,11,0.4583,1,1,0,0.0,0.07,0.615,0,0,active,55.5,4,4,3.59,0.6492,0,0,completed
SYNTH-01622,2,KAPATAGAN,KAWASAKI,ROUSER NS125,Sport Backbone,82000.0,8200.0,0.1,73800.0,36,3726.0,0.1011,36868.49,Public School Teacher,Owned (Inherited/Tax Dec),Married,4.9,1,0.0278,2,0,0,0.0,0.08,0.835,0,0,active,56.9,9,2,1.55,0.8777,0,0,completed
SYNTH-01623,1,LALA,SUZUKI,SMASH 115,Underbone,62400.0,18720.0,0.3,43680.0,24,2893.6,0.1917,15096.43,Tricycle / PUV Operator,Living with Parents/Relatives,Single,6.7,11,0.5833,0,2,3,8680.8,0.295,0.299,1,1,defaulted,12.3,7,5,4.17,0.5,0,1,defaulted
SYNTH-01624,1,LALA,HONDA,CLICK 160,Scooter,122900.0,18435.0,0.15,104465.0,12,11168.82,0.4816,23189.39,Employed (Private/Gov),Rented (Apartment/House),Married,4.4,6,0.5833,0,1,1,11168.82,0.327,0.281,1,0,delinquent,14.9,8,5,5.08,0.5,0,1,defaulted
SYNTH-01625,1,LALA,HONDA,CLICK 125I,Scooter,81400.0,9768.0,0.12,71632.0,36,3622.42,0.0855,42383.33,Employed (Private/Gov),Owned (Inherited/Tax Dec),Married,13.3,28,0.7778,2,0,0,0.0,0.0,0.998,0,0,active,31.8,6,4,3.88,0.8765,0,0,completed
SYNTH-01626,1,LALA,HONDA,BEAT PREMIUM,Scooter,72400.0,21720.0,0.3,50680.0,12,5521.4,0.1822,30304.41,Employed (Private/Gov),Living with Parents/Relatives,Married,11.1,7,0.5833,3,1,0,0.0,0.095,0.795,0,0,active,38.3,5,5,4.72,0.7719,0,0,completed
SYNTH-01627,2,KAPATAGAN,YAMAHA,MIO FAZZIO,Retro Scooter,93900.0,11268.0,0.12,82632.0,36,4147.97,0.1586,26150.4,Tricycle / PUV Operator,Owned (Clean Title),Married,8.8,26,0.8056,0,2,3,12443.91,0.416,0.441,0,0,defaulted,23.9,2,4,4.46,0.5,0,1,defaulted
SYNTH-01628,2,KAPATAGAN,KAWASAKI,P24KK (BARAKO II),Backbone/Tricycle,68500.0,20550.0,0.3,47950.0,36,2490.94,0.0905,27529.26,Employed (Private/Gov),Living with Parents/Relatives,Widowed,11.6,14,0.3889,2,1,0,0.0,0.133,0.692,0,0,active,35.5,7,4,3.27,0.6914,0,0,completed
SYNTH-01629,1,LALA,YAMAHA,SNIPER 155,Sport Underbone,123900.0,12390.0,0.1,111510.0,36,5527.7,0.1772,31202.7,BPO / Call Center Agent,Owned (Inherited/Tax Dec),Married,11.0,9,0.25,3,2,0,0.0,0.117,0.82,0,0,active,20.5,7,4,4.3,0.7817,0,0,completed
SYNTH-01630,3,TUBOD,YAMAHA,MIO FAZZIO,Retro Scooter,93900.0,14085.0,0.15,79815.0,36,4013.38,0.0539,74457.38,OFW Remittance / Dependent,Rented (Apartment/House),Married,4.5,1,0.1389,1,4,4,16053.52,0.342,0.515,0,0,defaulted,39.3,5,2,2.26,0.5,0,0,defaulted
SYNTH-01631,3,TUBOD,KAWASAKI,ROUSER NS125,Sport Backbone,82000.0,20500.0,0.25,61500.0,36,3138.33,0.0904,34699.62,BPO / Call Center Agent,Rented (Apartment/House),Single,13.4,1,0.1111,1,2,3,9414.99,0.334,0.597,1,0,defaulted,55.2,9,2,1.48,0.6127,0,0,defaulted
SYNTH-01632,2,KAPATAGAN,SUZUKI,RAIDER 150 FI,Sport Underbone,119900.0,14388.0,0.12,105512.0,36,5241.13,0.2079,25214.72,Sari-Sari / Small Retail,Rented (Apartment/House),Married,1.2,14,0.4444,0,3,2,10482.26,0.401,0.414,1,0,defaulted,47.3,12,3,2.63,0.5,0,1,defaulted
SYNTH-01633,2,KAPATAGAN,SUZUKI,SMASH 115,Underbone,62400.0,18720.0,0.3,43680.0,12,4786.4,0.1119,42792.02,Public School Teacher,Owned (Clean Title),Married,4.4,6,0.5833,2,2,1,4786.4,0.081,0.634,0,0,delinquent,18.0,3,5,5.71,0.6984,0,0,completed
SYNTH-01634,1,LALA,YAMAHA,MIO FAZZIO,Retro Scooter,93900.0,9390.0,0.1,84510.0,24,5411.45,0.2365,22885.07,Tricycle / PUV Operator,Living with Parents/Relatives,Married,6.5,2,0.1667,0,4,2,10822.9,0.388,0.249,0,1,defaulted,19.4,4,4,3.82,0.5,0,1,defaulted
SYNTH-01635,1,LALA,YAMAHA,NMAX 155,Maxi-Scooter,151900.0,37975.0,0.25,113925.0,24,7225.38,0.1506,47990.05,Public School Teacher,Living with Parents/Relatives,Married,7.0,10,0.4167,1,2,0,0.0,0.017,0.779,0,0,active,53.4,7,3,2.84,0.8114,0,0,completed
SYNTH-01636,3,TUBOD,HONDA,CLICK 125I,Scooter,81400.0,8140.0,0.1,73260.0,36,3700.2,0.1546,23927.08,BPO / Call Center Agent,Rented (Apartment/House),Married,12.2,22,0.6389,0,1,1,3700.2,0.347,0.563,1,1,delinquent,20.6,5,4,3.74,0.5502,0,0,defaulted
SYNTH-01637,1,LALA,KAWASAKI,CT100B,Backbone/Utility,54000.0,5400.0,0.1,48600.0,36,2522.0,0.0876,28796.1,Employed (Private/Gov),Owned (Inherited/Tax Dec),Married,2.8,25,0.7222,0,1,1,2522.0,0.002,0.849,1,0,delinquent,39.8,8,3,3.29,0.8342,0,0,completed
SYNTH-01638,1,LALA,HONDA,ADV160,Adventure Scooter,166900.0,20028.0,0.12,146872.0,36,7217.22,0.3507,20582.08,Tricycle / PUV Operator,Rented (Apartment/House),Single,28.9,10,0.3056,0,2,1,7217.22,0.167,0.321,0,0,delinquent,32.5,10,2,2.03,0.5,0,1,defaulted
SYNTH-01639,1,LALA,HONDA,PCX160,Maxi-Scooter,134900.0,16188.0,0.12,118712.0,36,5871.8,0.2187,26852.82,Employed (Private/Gov),Living with Parents/Relatives,Single,8.1,18,0.5556,0,1,2,11743.6,0.418,0.62,1,0,defaulted,20.4,10,4,4.4,0.5627,0,1,defaulted
SYNTH-01640,2,KAPATAGAN,SUZUKI,SMASH 115,Underbone,62400.0,12480.0,0.2,49920.0,36,2585.07,0.1259,20530.26,BPO / Call Center Agent,Owned (Clean Title),Single,5.6,10,0.2778,2,2,0,0.0,0.128,0.829,0,0,active,41.9,10,4,4.27,0.807,0,0,completed
SYNTH-01641,3,TUBOD,KAWASAKI,ROUSER NS125,Sport Backbone,82000.0,8200.0,0.1,73800.0,36,3726.0,0.2051,18163.38,Agri / Farmer / Fisherfolk,Rented (Apartment/House),Married,8.7,4,0.2222,0,2,4,14904.0,0.416,0.228,1,0,defaulted,57.8,2,2,2.28,0.5,0,1,defaulted
SYNTH-01642,1,LALA,YAMAHA,SNIPER 155,Sport Underbone,123900.0,24780.0,0.2,99120.0,24,6312.4,0.1756,35945.23,Public School Teacher,Rented (Apartment/House),Single,13.4,16,0.8333,0,2,4,25249.6,0.28,0.251,1,0,defaulted,35.2,9,3,2.67,0.5,0,1,defaulted
SYNTH-01643,3,TUBOD,SUZUKI,RAIDER 150 FI,Sport Underbone,119900.0,14388.0,0.12,105512.0,12,11278.76,0.342,32980.65,Employed (Private/Gov),Rented (Apartment/House),Married,7.2,8,0.9167,1,4,3,33836.28,0.382,0.398,0,0,defaulted,38.4,8,2,2.52,0.5,0,1,defaulted
SYNTH-01644,2,KAPATAGAN,KAWASAKI,P24KK (BARAKO II),Backbone/Tricycle,68500.0,6850.0,0.1,61650.0,24,4001.75,0.1056,37877.68,Employed (Private/Gov),Rented (Apartment/House),Widowed,6.9,0,0.0417,0,3,1,4001.75,0.272,0.208,0,0,delinquent,60.9,6,3,2.79,0.5,0,1,defaulted
SYNTH-01645,2,KAPATAGAN,SUZUKI,RAIDER 150 FI,Sport Underbone,119900.0,35970.0,0.3,83930.0,36,4209.99,0.2767,15216.76,Employed (Private/Gov),Owned (Clean Title),Married,6.3,17,0.5278,0,2,2,8419.98,0.372,0.576,0,0,defaulted,24.6,2,4,3.99,0.6089,0,1,defaulted
SYNTH-01646,2,KAPATAGAN,SUZUKI,BURGMAN STREET 125,Maxi-Scooter,83400.0,16680.0,0.2,66720.0,24,4314.4,0.1484,29074.6,Employed (Private/Gov),Rented (Apartment/House),Widowed,2.3,8,0.375,0,4,1,4314.4,0.311,0.533,0,0,delinquent,14.8,2,4,3.97,0.5961,0,1,defaulted
SYNTH-01647,2,KAPATAGAN,HONDA,ADV160,Adventure Scooter,166900.0,16690.0,0.1,150210.0,12,15972.05,0.3674,43474.66,Public School Teacher,Living with Parents/Relatives,Married,13.9,9,1.0,0,4,3,47916.15,0.401,0.295,0,0,defaulted,25.9,1,2,1.87,0.5,0,1,defaulted
SYNTH-01648,1,LALA,HONDA,WAVE RSX,Underbone,64900.0,7788.0,0.12,57112.0,36,2928.68,0.0848,34517.16,OFW Remittance / Dependent,Owned (Clean Title),Married,1.8,19,0.5278,1,2,0,0.0,0.146,0.768,0,0,active,24.0,10,5,5.11,0.7825,0,0,completed
SYNTH-01649,1,LALA,KAWASAKI,ROUSER NS125,Sport Backbone,82000.0,8200.0,0.1,73800.0,12,7949.0,0.6624,12000.0,Sari-Sari / Small Retail,Living with Parents/Relatives,Single,8.9,4,0.4167,0,4,1,7949.0,0.259,0.401,0,0,delinquent,10.9,3,3,2.27,0.5,0,1,defaulted
SYNTH-01650,1,LALA,YAMAHA,MIO GEAR 125,Scooter,79400.0,23820.0,0.3,55580.0,36,2855.49,0.0834,34231.82,Employed (Private/Gov),Rented (Apartment/House),Widowed,4.1,32,1.0,0,3,4,11421.96,0.358,0.428,0,1,defaulted,44.7,10,4,3.92,0.5,0,1,defaulted
SYNTH-01651,2,KAPATAGAN,KAWASAKI,P24KK (BARAKO II),Backbone/Tricycle,68500.0,6850.0,0.1,61650.0,12,6673.25,0.0936,71281.84,OFW Remittance / Dependent,Owned (Clean Title),Single,14.0,2,0.1667,2,0,0,0.0,0.0,0.955,0,0,active,33.9,8,4,4.52,0.9575,0,0,completed
SYNTH-01652,2,KAPATAGAN,KAWASAKI,CT100B,Backbone/Utility,54000.0,13500.0,0.25,40500.0,24,2697.5,0.1698,15888.91,Agri / Farmer / Fisherfolk,Owned (Inherited/Tax Dec),Widowed,4.8,10,0.5833,0,3,4,10790.0,0.219,0.362,1,0,defaulted,41.9,2,3,3.21,0.5,0,1,defaulted
SYNTH-01653,1,LALA,SUZUKI,SMASH 115,Underbone,62400.0,9360.0,0.15,53040.0,36,2734.13,0.1313,20826.35,Agri / Farmer / Fisherfolk,Owned (Clean Title),Widowed,1.9,4,0.1944,0,2,3,8202.39,0.375,0.528,0,0,defaulted,20.8,6,5,5.39,0.5111,0,1,defaulted
SYNTH-01654,2,KAPATAGAN,HONDA,BEAT PREMIUM,Scooter,72400.0,21720.0,0.3,50680.0,12,5521.4,0.1877,29408.35,BPO / Call Center Agent,Owned (Clean Title),Widowed,18.6,6,0.5833,0,0,1,5521.4,0.043,0.811,0,0,delinquent,41.7,12,5,5.13,0.934,0,0,completed
SYNTH-01655,2,KAPATAGAN,KAWASAKI,CT100B,Backbone/Utility,54000.0,8100.0,0.15,45900.0,12,5019.5,0.1961,25590.15,BPO / Call Center Agent,Rented (Apartment/House),Widowed,3.8,1,0.1667,0,1,1,5019.5,0.208,0.389,0,1,delinquent,32.9,2,3,3.5,0.5,0,1,defaulted
SYNTH-01656,2,KAPATAGAN,YAMAHA,MIO FAZZIO,Retro Scooter,93900.0,28170.0,0.3,65730.0,24,4253.35,0.286,14869.44,Agri / Farmer / Fisherfolk,Living with Parents/Relatives,Widowed,9.1,6,0.3333,0,1,2,8506.7,0.356,0.619,1,0,defaulted,11.9,9,4,3.82,0.6597,0,0,defaulted
SYNTH-01657,1,LALA,HONDA,TMX125 ALPHA,Backbone/Utility,57900.0,14475.0,0.25,43425.0,36,2274.75,0.0685,33192.13,BPO / Call Center Agent,Living with Parents/Relatives,Single,3.3,21,0.5833,3,2,0,0.0,0.066,0.822,0,0,active,14.1,5,6,5.88,0.8954,0,1,defaulted
SYNTH-01658,2,KAPATAGAN,SUZUKI,RAIDER 150 FI,Sport Underbone,119900.0,29975.0,0.25,89925.0,12,9642.12,0.2311,41717.67,BPO / Call Center Agent,Owned (Inherited/Tax Dec),Widowed,2.8,1,0.4167,0,4,4,38568.48,0.191,0.39,0,1,defaulted,18.8,7,4,4.31,0.5,0,1,defaulted
SYNTH-01659,3,TUBOD,HONDA,WAVE RSX,Underbone,64900.0,19470.0,0.3,45430.0,36,2370.54,0.0561,42262.89,Public School Teacher,Rented (Apartment/House),Single,8.5,13,0.3889,2,0,1,2370.54,0.039,0.617,0,0,delinquent,39.9,6,2,2.23,0.5,0,0,completed
SYNTH-01660,3,TUBOD,HONDA,BEAT PREMIUM,Scooter,72400.0,14480.0,0.2,57920.0,24,3771.73,0.0781,48321.48,Public School Teacher,Rented (Apartment/House),Widowed,3.6,19,0.9167,1,1,3,11315.19,0.371,0.364,0,0,defaulted,38.2,10,3,3.14,0.5,0,0,defaulted
SYNTH-01661,3,TUBOD,KAWASAKI,P24KK (BARAKO II),Backbone/Tricycle,68500.0,8220.0,0.12,60280.0,36,3080.04,0.0776,39697.15,Public School Teacher,Owned (Clean Title),Married,6.9,17,0.4722,1,0,0,0.0,0.0,0.89,0,0,active,61.5,6,3,2.63,0.8077,0,0,completed
SYNTH-01662,1,LALA,SUZUKI,RAIDER 150 FI,Sport Underbone,119900.0,23980.0,0.2,95920.0,12,10271.6,0.5884,17457.43,Agri / Farmer / Fisherfolk,Owned (Inherited/Tax Dec),Widowed,3.3,8,1.0,0,3,4,41086.4,0.251,0.453,0,0,defaulted,13.9,4,4,3.86,0.5,0,1,defaulted
SYNTH-01663,3,TUBOD,YAMAHA,MIO SPORTY,Scooter,73900.0,18475.0,0.25,55425.0,36,2848.08,0.0785,36290.41,BPO / Call Center Agent,Rented (Apartment/House),Single,6.3,29,0.8333,3,2,1,2848.08,0.052,0.631,0,0,delinquent,17.6,10,5,4.39,0.6793,0,1,defaulted
SYNTH-01664,3,TUBOD,HONDA,CLICK 125I,Scooter,81400.0,16280.0,0.2,65120.0,36,3311.29,0.1434,23091.33,Public School Teacher,Living with Parents/Relatives,Married,9.6,14,0.3889,3,2,0,0.0,0.05,0.796,0,0,active,42.5,3,3,3.21,0.7834,1,0,completed
SYNTH-01665,1,LALA,HONDA,BEAT PREMIUM,Scooter,72400.0,14480.0,0.2,57920.0,36,2967.29,0.0928,31989.6,BPO / Call Center Agent,Owned (Clean Title),Single,8.3,24,0.6667,11,0,0,0.0,0.0,0.925,0,0,active,52.3,7,5,5.46,0.9587,0,0,completed
SYNTH-01666,3,TUBOD,HONDA,ADV160,Adventure Scooter,166900.0,25035.0,0.15,141865.0,12,15095.82,0.5656,26689.95,BPO / Call Center Agent,Owned (Clean Title),Widowed,1.6,2,0.25,1,3,1,15095.82,0.45,0.471,1,0,delinquent,37.1,9,2,1.82,0.5,0,1,defaulted
SYNTH-01667,1,LALA,HONDA,CLICK 160,Scooter,122900.0,30725.0,0.25,92175.0,36,4603.92,0.1005,45790.7,OFW Remittance / Dependent,Owned (Inherited/Tax Dec),Single,7.0,1,0.0278,1,0,0,0.0,0.0,0.881,0,0,active,48.2,10,4,3.69,0.8641,0,0,completed
SYNTH-01668,1,LALA,HONDA,TMX125 ALPHA,Backbone/Utility,57900.0,14475.0,0.25,43425.0,36,2274.75,0.0583,39006.7,Employed (Private/Gov),Owned (Inherited/Tax Dec),Widowed,13.7,36,1.0,1,0,0,0.0,0.0,0.969,0,0,active,52.3,2,4,4.31,0.9497,0,0,completed
SYNTH-01669,2,KAPATAGAN,HONDA,TMX125 ALPHA,Backbone/Utility,57900.0,5790.0,0.1,52110.0,24,3413.45,0.1574,21683.07,Tricycle / PUV Operator,Rented (Apartment/House),Married,7.2,1,0.0833,0,1,1,3413.45,0.377,0.379,0,0,delinquent,45.8,4,4,3.61,0.5,0,1,defaulted
SYNTH-01670,1,LALA,YAMAHA,MIO FAZZIO,Retro Scooter,93900.0,28170.0,0.3,65730.0,36,3340.43,0.0763,43753.45,Public School Teacher,Rented (Apartment/House),Single,16.2,1,0.0278,0,1,0,0.0,0.028,0.621,0,0,active,22.1,8,4,4.15,0.6209,0,0,completed
SYNTH-01671,1,LALA,KAWASAKI,CT100B,Backbone/Utility,54000.0,10800.0,0.2,43200.0,36,2264.0,0.0766,29547.79,OFW Remittance / Dependent,Rented (Apartment/House),Married,2.3,7,0.3056,1,3,4,9056.0,0.445,0.277,0,1,defaulted,35.8,9,3,3.66,0.5,0,1,defaulted
SYNTH-01672,1,LALA,SUZUKI,BURGMAN STREET 125,Maxi-Scooter,83400.0,10008.0,0.12,73392.0,12,7906.16,0.2408,32836.11,Employed (Private/Gov),Rented (Apartment/House),Married,9.4,5,0.5,1,3,1,7906.16,0.175,0.574,0,1,delinquent,52.5,3,4,4.36,0.5734,0,1,defaulted
SYNTH-01673,2,KAPATAGAN,HONDA,TMX125 ALPHA,Backbone/Utility,57900.0,5790.0,0.1,52110.0,24,3413.45,0.282,12105.11,Agri / Farmer / Fisherfolk,Rented (Apartment/House),Married,1.0,2,0.25,1,1,4,13653.8,0.162,0.626,1,0,defaulted,60.5,10,4,4.43,0.6196,0,1,defaulted
SYNTH-01674,2,KAPATAGAN,HONDA,CLICK 160,Scooter,122900.0,36870.0,0.3,86030.0,24,5505.18,0.1341,41061.61,Public School Teacher,Rented (Apartment/House),Widowed,4.6,9,0.4583,0,4,2,11010.36,0.31,0.387,0,0,defaulted,11.1,10,5,5.15,0.5,0,0,defaulted
SYNTH-01675,2,KAPATAGAN,KAWASAKI,CT100B,Backbone/Utility,54000.0,5400.0,0.1,48600.0,24,3197.0,0.1689,18923.54,Sari-Sari / Small Retail,Living with Parents/Relatives,Single,9.5,14,0.7083,1,4,3,9591.0,0.257,0.4,0,0,defaulted,37.3,6,3,3.12,0.5,0,1,defaulted
SYNTH-01676,2,KAPATAGAN,HONDA,CLICK 125I,Scooter,81400.0,8140.0,0.1,73260.0,36,3700.2,0.0899,41165.92,Public School Teacher,Owned (Clean Title),Single,16.1,11,0.3056,10,0,0,0.0,0.0,0.951,0,0,active,23.0,3,6,5.89,0.9927,1,0,early_settled
SYNTH-01677,1,LALA,YAMAHA,MIO GEAR 125,Scooter,79400.0,11910.0,0.15,67490.0,24,4361.88,0.2448,17815.56,Agri / Farmer / Fisherfolk,Living with Parents/Relatives,Married,5.3,7,0.375,1,1,2,8723.76,0.335,0.213,1,1,defaulted,17.7,4,6,6.19,0.5,0,0,defaulted
SYNTH-01678,1,LALA,HONDA,TMX125 ALPHA,Backbone/Utility,57900.0,5790.0,0.1,52110.0,24,3413.45,0.1598,21354.88,Employed (Private/Gov),Owned (Inherited/Tax Dec),Married,4.5,4,0.2083,2,2,1,3413.45,0.059,0.619,0,0,delinquent,46.8,2,4,3.19,0.6199,0,0,completed
SYNTH-01679,3,TUBOD,KAWASAKI,P24KK (BARAKO II),Backbone/Tricycle,68500.0,20550.0,0.3,47950.0,36,2490.94,0.0571,43617.64,OFW Remittance / Dependent,Living with Parents/Relatives,Married,5.4,3,0.0833,1,0,0,0.0,0.0,0.971,0,0,active,17.4,7,4,3.4,0.9563,0,0,completed
SYNTH-01680,3,TUBOD,SUZUKI,RAIDER 150 FI,Sport Underbone,119900.0,14388.0,0.12,105512.0,24,6706.57,0.2959,22667.27,Agri / Farmer / Fisherfolk,Living with Parents/Relatives,Married,9.6,5,0.2917,0,3,2,13413.14,0.328,0.38,0,1,defaulted,37.0,1,2,2.19,0.5,0,1,defaulted
SYNTH-01681,3,TUBOD,HONDA,CLICK 125I,Scooter,81400.0,12210.0,0.15,69190.0,12,7464.95,0.2797,26693.74,OFW Remittance / Dependent,Owned (Inherited/Tax Dec),Single,4.2,4,0.4167,0,2,1,7464.95,0.41,0.452,0,0,delinquent,58.6,6,3,2.95,0.5,0,1,defaulted
SYNTH-01682,3,TUBOD,HONDA,BEAT PREMIUM,Scooter,72400.0,14480.0,0.2,57920.0,12,6281.6,0.2392,26258.89,Employed (Private/Gov),Owned (Clean Title),Married,3.1,3,0.5833,0,1,4,25126.4,0.421,0.535,0,0,defaulted,10.5,2,5,5.2,0.5428,0,1,defaulted
SYNTH-01683,1,LALA,YAMAHA,MIO FAZZIO,Retro Scooter,93900.0,18780.0,0.2,75120.0,24,4832.4,0.14,34518.41,Public School Teacher,Living with Parents/Relatives,Single,10.0,11,0.4583,0,2,0,0.0,0.085,0.749,0,0,active,12.0,12,5,5.85,0.8706,0,0,completed
SYNTH-01684,1,LALA,HONDA,ADV160,Adventure Scooter,166900.0,20028.0,0.12,146872.0,36,7217.22,0.2269,31807.45,BPO / Call Center Agent,Living with Parents/Relatives,Married,4.5,25,0.7778,0,4,3,21651.66,0.407,0.411,1,0,defaulted,28.8,7,2,1.87,0.5,0,1,defaulted
SYNTH-01685,2,KAPATAGAN,YAMAHA,MIO FAZZIO,Retro Scooter,93900.0,18780.0,0.2,75120.0,36,3789.07,0.1112,34089.48,Employed (Private/Gov),Owned (Inherited/Tax Dec),Single,10.4,8,0.2222,8,0,0,0.0,0.0,0.997,0,0,active,49.1,4,3,3.59,1.0297,0,0,completed
SYNTH-01686,1,LALA,HONDA,CLICK 125I,Scooter,81400.0,9768.0,0.12,71632.0,24,4617.31,0.2251,20508.89,Sari-Sari / Small Retail,Owned (Inherited/Tax Dec),Married,8.2,7,0.375,0,2,2,9234.62,0.213,0.629,0,1,defaulted,37.7,6,4,3.61,0.5341,0,1,defaulted
SYNTH-01687,2,KAPATAGAN,HONDA,CLICK 125I,Scooter,81400.0,9768.0,0.12,71632.0,12,7721.36,0.1221,63242.85,OFW Remittance / Dependent,Owned (Clean Title),Married,2.3,2,0.1667,0,1,0,0.0,0.079,0.71,0,0,active,34.7,8,4,3.33,0.7284,0,1,defaulted
SYNTH-01688,2,KAPATAGAN,SUZUKI,BURGMAN STREET 125,Maxi-Scooter,83400.0,10008.0,0.12,73392.0,24,4725.84,0.1596,29613.76,BPO / Call Center Agent,Owned (Inherited/Tax Dec),Married,8.2,12,0.5,2,0,0,0.0,0.016,0.642,0,0,active,51.2,4,3,3.08,0.6347,0,0,completed
SYNTH-01689,3,TUBOD,KAWASAKI,CT100B,Backbone/Utility,54000.0,16200.0,0.3,37800.0,24,2531.0,0.1292,19591.06,Tricycle / PUV Operator,Living with Parents/Relatives,Single,3.4,0,0.0417,0,4,4,10124.0,0.174,0.436,1,0,defaulted,16.5,10,3,3.18,0.5,0,1,defaulted
SYNTH-01690,1,LALA,HONDA,WAVE RSX,Underbone,64900.0,9735.0,0.15,55165.0,24,3601.84,0.1069,33691.39,Public School Teacher,Owned (Inherited/Tax Dec),Widowed,5.6,20,0.8333,1,0,0,0.0,0.0,0.914,0,0,active,38.1,3,4,4.09,0.9599,0,0,completed
SYNTH-01691,2,KAPATAGAN,YAMAHA,AEROX 155,Sport Scooter,125400.0,31350.0,0.25,94050.0,12,10075.25,0.7095,14199.93,Tricycle / PUV Operator,Living with Parents/Relatives,Widowed,3.4,4,0.5,1,3,2,20150.5,0.395,0.37,0,0,defaulted,60.2,6,3,3.07,0.5,0,0,defaulted
SYNTH-01692,3,TUBOD,YAMAHA,NMAX 155,Maxi-Scooter,151900.0,18228.0,0.12,133672.0,24,8443.11,0.5881,14356.79,Tricycle / PUV Operator,Rented (Apartment/House),Married,8.2,0,0.0417,1,3,4,33772.44,0.296,0.286,0,0,defaulted,32.1,6,2,2.22,0.5,0,1,defaulted
SYNTH-01693,2,KAPATAGAN,HONDA,WAVE RSX,Underbone,64900.0,16225.0,0.25,48675.0,12,5310.88,0.25,21242.88,Agri / Farmer / Fisherfolk,Living with Parents/Relatives,Married,7.0,5,0.5833,0,2,2,10621.76,0.308,0.226,1,0,defaulted,39.7,9,3,2.82,0.5,0,1,defaulted
SYNTH-01694,1,LALA,YAMAHA,MIO GEAR 125,Scooter,79400.0,11910.0,0.15,67490.0,36,3424.52,0.2412,14195.58,Tricycle / PUV Operator,Rented (Apartment/House),Married,5.1,27,0.8056,0,4,2,6849.04,0.206,0.602,0,0,defaulted,44.1,1,4,3.97,0.5014,0,1,defaulted
SYNTH-01695,1,LALA,HONDA,TMX125 ALPHA,Backbone/Utility,57900.0,5790.0,0.1,52110.0,36,2689.7,0.1235,21771.06,Agri / Farmer / Fisherfolk,Owned (Inherited/Tax Dec),Married,6.3,18,0.5278,1,2,1,2689.7,0.282,0.46,0,0,delinquent,11.0,7,6,6.01,0.5,0,1,defaulted
SYNTH-01696,1,LALA,YAMAHA,AEROX 155,Sport Scooter,125400.0,18810.0,0.15,106590.0,24,6773.05,0.2025,33443.97,Employed (Private/Gov),Owned (Inherited/Tax Dec),Widowed,9.5,10,0.4583,0,2,1,6773.05,0.121,0.647,0,0,delinquent,24.3,8,4,3.77,0.6459,0,0,completed
SYNTH-01697,2,KAPATAGAN,HONDA,CLICK 160,Scooter,122900.0,12290.0,0.1,110610.0,12,11814.05,0.3047,38774.17,Employed (Private/Gov),Owned (Inherited/Tax Dec),Single,6.7,7,0.8333,0,2,3,35442.15,0.342,0.541,0,0,defaulted,60.8,3,4,3.79,0.5524,0,1,defaulted
SYNTH-01698,2,KAPATAGAN,YAMAHA,AEROX 155,Sport Scooter,125400.0,12540.0,0.1,112860.0,24,7159.7,0.1976,36229.08,Employed (Private/Gov),Owned (Clean Title),Married,9.2,23,0.9583,0,1,0,0.0,0.086,0.808,0,0,active,35.6,8,3,2.51,0.8427,0,1,defaulted
SYNTH-01699,3,TUBOD,HONDA,CLICK 160,Scooter,122900.0,36870.0,0.3,86030.0,24,5505.18,0.0843,65289.68,OFW Remittance / Dependent,Rented (Apartment/House),Married,8.6,23,1.0,3,0,1,5505.18,0.0,0.62,0,0,delinquent,43.5,4,3,3.46,0.6158,0,0,completed
SYNTH-01700,3,TUBOD,SUZUKI,RAIDER 150 FI,Sport Underbone,119900.0,17985.0,0.15,101915.0,12,10901.07,0.6358,17146.76,Tricycle / PUV Operator,Living with Parents/Relatives,Single,5.7,2,0.3333,0,2,2,21802.14,0.257,0.493,1,1,defaulted,63.0,11,3,2.97,0.5,0,0,defaulted
SYNTH-01701,1,LALA,KAWASAKI,P24KK (BARAKO II),Backbone/Tricycle,68500.0,8220.0,0.12,60280.0,36,3080.04,0.1325,23239.45,Tricycle / PUV Operator,Owned (Clean Title),Married,16.1,24,0.75,0,1,3,9240.12,0.365,0.601,1,1,defaulted,64.9,3,4,4.36,0.6386,0,1,defaulted
SYNTH-01702,1,LALA,HONDA,ADV160,Adventure Scooter,166900.0,25035.0,0.15,141865.0,36,6977.99,0.2563,27222.5,BPO / Call Center Agent,Living with Parents/Relatives,Married,12.1,4,0.2222,1,2,4,27911.96,0.42,0.554,1,0,defaulted,22.0,9,3,2.52,0.5873,0,0,defaulted
SYNTH-01703,2,KAPATAGAN,YAMAHA,SNIPER 155,Sport Underbone,123900.0,14868.0,0.12,109032.0,36,5409.31,0.1367,39569.52,BPO / Call Center Agent,Owned (Clean Title),Widowed,6.6,17,0.4722,2,0,0,0.0,0.098,0.695,0,0,active,14.2,2,4,4.24,0.7035,0,0,completed
SYNTH-01704,2,KAPATAGAN,YAMAHA,MIO SPORTY,Scooter,73900.0,14780.0,0.2,59120.0,24,3845.73,0.2053,18728.06,Agri / Farmer / Fisherfolk,Living with Parents/Relatives,Single,8.2,0,0.0417,0,4,2,7691.46,0.377,0.305,1,0,defaulted,42.2,3,5,5.25,0.5,0,1,defaulted
SYNTH-01705,2,KAPATAGAN,SUZUKI,SMASH 115,Underbone,62400.0,9360.0,0.15,53040.0,12,5769.2,0.1321,43666.79,Public School Teacher,Rented (Apartment/House),Married,7.9,2,0.1667,3,0,0,0.0,0.146,0.642,0,0,active,36.8,6,3,3.59,0.5199,0,0,completed
SYNTH-01706,1,LALA,SUZUKI,RAIDER 150 FI,Sport Underbone,119900.0,11990.0,0.1,107910.0,24,6854.45,0.3223,21267.16,Agri / Farmer / Fisherfolk,Rented (Apartment/House),Married,13.2,3,0.25,0,3,3,20563.35,0.291,0.321,0,0,defaulted,14.2,7,4,3.72,0.5,0,1,defaulted
SYNTH-01707,3,TUBOD,SUZUKI,BURGMAN STREET 125,Maxi-Scooter,83400.0,20850.0,0.25,62550.0,12,6767.75,0.1522,44466.36,Employed (Private/Gov),Living with Parents/Relatives,Widowed,10.4,7,0.5833,2,0,0,0.0,0.034,0.741,0,0,active,44.2,6,2,2.0,0.6677,0,1,defaulted
SYNTH-01708,1,LALA,SUZUKI,RAIDER 150 FI,Sport Underbone,119900.0,17985.0,0.15,101915.0,24,6484.76,0.3907,16597.32,Agri / Farmer / Fisherfolk,Living with Parents/Relatives,Married,9.7,3,0.25,0,4,3,19454.28,0.329,0.544,1,0,defaulted,61.0,1,3,2.43,0.5,0,1,defaulted
SYNTH-01709,3,TUBOD,KAWASAKI,P24KK (BARAKO II),Backbone/Tricycle,68500.0,6850.0,0.1,61650.0,36,3145.5,0.1284,24488.3,BPO / Call Center Agent,Owned (Clean Title),Married,6.1,19,0.5556,3,2,1,3145.5,0.028,0.7,0,0,delinquent,44.3,9,3,2.95,0.7334,0,0,completed
SYNTH-01710,2,KAPATAGAN,KAWASAKI,CT100B,Backbone/Utility,54000.0,10800.0,0.2,43200.0,24,2864.0,0.0549,52124.65,Public School Teacher,Rented (Apartment/House),Single,7.1,2,0.125,3,2,1,2864.0,0.124,0.78,0,0,delinquent,21.0,7,4,3.88,0.7702,0,0,completed
SYNTH-01711,2,KAPATAGAN,HONDA,BEAT PREMIUM,Scooter,72400.0,7240.0,0.1,65160.0,24,4218.2,0.1844,22877.31,Tricycle / PUV Operator,Rented (Apartment/House),Married,7.4,11,0.5,1,3,1,4218.2,0.29,0.313,0,0,delinquent,59.4,10,4,4.1,0.5,0,1,defaulted
SYNTH-01712,1,LALA,HONDA,CLICK 160,Scooter,122900.0,14748.0,0.12,108152.0,36,5367.26,0.1497,35855.23,Public School Teacher,Rented (Apartment/House),Widowed,11.0,7,0.2222,0,2,1,5367.26,0.055,0.707,0,0,delinquent,54.1,11,4,4.69,0.7948,0,0,completed
SYNTH-01713,3,TUBOD,YAMAHA,MIO FAZZIO,Retro Scooter,93900.0,18780.0,0.2,75120.0,24,4832.4,0.14,34505.93,Employed (Private/Gov),Living with Parents/Relatives,Married,3.3,0,0.0833,0,1,2,9664.8,0.43,0.288,0,0,defaulted,23.8,10,3,2.68,0.5,0,0,defaulted
SYNTH-01714,3,TUBOD,KAWASAKI,P24KK (BARAKO II),Backbone/Tricycle,68500.0,13700.0,0.2,54800.0,24,3579.33,0.0797,44930.43,Public School Teacher,Owned (Clean Title),Widowed,3.0,22,0.9167,4,0,0,0.0,0.0,0.934,0,0,active,58.6,7,3,3.39,0.9007,1,0,early_settled
SYNTH-01715,2,KAPATAGAN,HONDA,ADV160,Adventure Scooter,166900.0,33380.0,0.2,133520.0,36,6579.29,0.3562,18473.09,Sari-Sari / Small Retail,Owned (Inherited/Tax Dec),Married,4.4,26,0.75,0,3,1,6579.29,0.257,0.417,0,0,delinquent,27.7,11,2,1.64,0.5,0,1,defaulted
SYNTH-01716,3,TUBOD,YAMAHA,NMAX 155,Maxi-Scooter,151900.0,15190.0,0.1,136710.0,36,6731.7,0.1094,61544.96,OFW Remittance / Dependent,Owned (Inherited/Tax Dec),Married,8.1,25,0.6944,8,0,0,0.0,0.0,0.942,0,0,active,13.8,10,3,2.85,0.9469,0,0,completed
SYNTH-01717,2,KAPATAGAN,HONDA,WAVE RSX,Underbone,64900.0,6490.0,0.1,58410.0,36,2990.7,0.0483,61872.08,OFW Remittance / Dependent,Owned (Inherited/Tax Dec),Widowed,7.7,21,0.5833,11,0,0,0.0,0.0,0.959,0,0,active,34.5,1,3,3.02,0.8456,1,0,early_settled
SYNTH-01718,3,TUBOD,KAWASAKI,ROUSER NS125,Sport Backbone,82000.0,24600.0,0.3,57400.0,36,2942.44,0.1648,17858.26,Sari-Sari / Small Retail,Owned (Inherited/Tax Dec),Married,3.4,26,0.8333,0,3,4,11769.76,0.243,0.411,0,0,defaulted,34.1,7,2,2.32,0.5,0,1,defaulted
SYNTH-01719,3,TUBOD,YAMAHA,AEROX 155,Sport Scooter,125400.0,12540.0,0.1,112860.0,12,12050.3,0.7365,16361.18,Employed (Private/Gov),Rented (Apartment/House),Widowed,2.4,1,0.1667,0,2,1,12050.3,0.157,0.59,0,0,delinquent,47.4,3,3,2.56,0.6196,0,1,defaulted
SYNTH-01720,3,TUBOD,HONDA,PCX160,Maxi-Scooter,134900.0,16188.0,0.12,118712.0,12,12664.76,0.6109,20730.25,Tricycle / PUV Operator,Owned (Inherited/Tax Dec),Widowed,4.9,5,0.5833,1,3,2,25329.52,0.342,0.573,0,1,defaulted,59.4,12,2,2.48,0.6929,0,1,defaulted
SYNTH-01721,1,LALA,SUZUKI,SMASH 115,Underbone,62400.0,15600.0,0.25,46800.0,12,5114.0,0.1486,34423.09,BPO / Call Center Agent,Living with Parents/Relatives,Married,9.2,5,0.4167,1,0,0,0.0,0.012,0.727,0,0,active,50.5,11,4,4.21,0.8759,0,0,completed
SYNTH-01722,3,TUBOD,KAWASAKI,P24KK (BARAKO II),Backbone/Tricycle,68500.0,20550.0,0.3,47950.0,24,3156.92,0.0971,32495.55,Employed (Private/Gov),Owned (Inherited/Tax Dec),Married,8.5,20,0.8333,12,0,0,0.0,0.0,0.942,0,0,active,49.7,5,3,3.29,0.9059,1,0,early_settled
SYNTH-01723,2,KAPATAGAN,SUZUKI,BURGMAN STREET 125,Maxi-Scooter,83400.0,16680.0,0.2,66720.0,12,7205.6,0.2675,26938.47,Sari-Sari / Small Retail,Rented (Apartment/House),Widowed,13.5,7,0.8333,0,1,3,21616.8,0.316,0.286,0,0,defaulted,32.4,5,3,3.43,0.5,0,1,defaulted
SYNTH-01724,3,TUBOD,SUZUKI,RAIDER 150 FI,Sport Underbone,119900.0,29975.0,0.25,89925.0,24,5745.38,0.1643,34966.55,Public School Teacher,Living with Parents/Relatives,Married,5.3,24,1.0,2,2,0,0.0,0.144,0.814,0,0,active,47.9,12,3,3.2,0.9339,0,0,completed
SYNTH-01725,3,TUBOD,HONDA,PCX160,Maxi-Scooter,134900.0,13490.0,0.1,121410.0,24,7686.95,0.2654,28964.24,BPO / Call Center Agent,Owned (Clean Title),Widowed,11.3,10,0.5417,1,4,3,23060.85,0.294,0.371,0,0,defaulted,20.2,11,3,3.34,0.5,0,1,defaulted
SYNTH-01726,3,TUBOD,SUZUKI,BURGMAN STREET 125,Maxi-Scooter,83400.0,12510.0,0.15,70890.0,24,4571.55,0.31,14746.17,Agri / Farmer / Fisherfolk,Owned (Clean Title),Single,8.0,18,0.7917,1,2,1,4571.55,0.167,0.239,1,1,delinquent,30.6,1,2,2.81,0.5,0,1,defaulted
SYNTH-01727,1,LALA,YAMAHA,SNIPER 155,Sport Underbone,123900.0,12390.0,0.1,111510.0,24,7076.45,0.2733,25895.15,Employed (Private/Gov),Owned (Inherited/Tax Dec),Widowed,11.7,14,0.625,0,2,1,7076.45,0.389,0.259,0,0,delinquent,49.0,2,3,3.55,0.5,0,1,defaulted
SYNTH-01728,2,KAPATAGAN,HONDA,TMX125 ALPHA,Backbone/Utility,57900.0,11580.0,0.2,46320.0,24,3056.4,0.0641,47671.48,BPO / Call Center Agent,Owned (Inherited/Tax Dec),Married,7.7,18,0.75,3,0,0,0.0,0.0,0.864,0,0,active,24.5,11,6,5.9,0.9737,0,0,completed
SYNTH-01729,2,KAPATAGAN,KAWASAKI,ROUSER NS125,Sport Backbone,82000.0,8200.0,0.1,73800.0,36,3726.0,0.1827,20394.15,Agri / Farmer / Fisherfolk,Living with Parents/Relatives,Single,8.8,28,0.8333,0,3,2,7452.0,0.24,0.387,0,0,defaulted,12.7,2,3,3.3,0.5,0,1,defaulted
SYNTH-01730,2,KAPATAGAN,SUZUKI,SMASH 115,Underbone,62400.0,12480.0,0.2,49920.0,36,2585.07,0.0666,38819.27,Employed (Private/Gov),Rented (Apartment/House),Single,12.6,7,0.2222,1,1,1,2585.07,0.121,0.606,0,0,delinquent,37.0,1,3,2.78,0.5745,0,1,defaulted
SYNTH-01731,3,TUBOD,HONDA,BEAT PREMIUM,Scooter,72400.0,14480.0,0.2,57920.0,24,3771.73,0.2269,16626.16,Agri / Farmer / Fisherfolk,Owned (Clean Title),Married,6.0,0,0.0833,1,2,4,15086.92,0.419,0.613,1,0,defaulted,60.6,5,3,3.02,0.5972,0,1,defaulted
SYNTH-01732,1,LALA,YAMAHA,MIO SPORTY,Scooter,73900.0,11085.0,0.15,62815.0,24,4073.59,0.1849,22033.91,Agri / Farmer / Fisherfolk,Rented (Apartment/House),Married,9.7,16,0.7083,1,4,1,4073.59,0.22,0.32,1,1,delinquent,38.3,11,6,5.69,0.5,0,1,defaulted
SYNTH-01733,3,TUBOD,HONDA,BEAT PREMIUM,Scooter,72400.0,18100.0,0.25,54300.0,12,5901.5,0.1295,45576.5,OFW Remittance / Dependent,Owned (Inherited/Tax Dec),Married,12.0,1,0.0833,1,0,0,0.0,0.0,0.982,0,0,active,20.8,3,5,5.1,1.0271,0,0,completed
SYNTH-01734,1,LALA,YAMAHA,AEROX 155,Sport Scooter,125400.0,18810.0,0.15,106590.0,12,11391.95,0.3242,35139.38,OFW Remittance / Dependent,Owned (Inherited/Tax Dec),Single,19.1,9,0.8333,0,4,1,11391.95,0.433,0.538,1,0,delinquent,31.9,1,3,3.09,0.5,0,1,defaulted
SYNTH-01735,1,LALA,KAWASAKI,ROUSER NS125,Sport Backbone,82000.0,24600.0,0.3,57400.0,12,6227.0,0.2218,28076.52,Public School Teacher,Rented (Apartment/House),Married,5.4,2,0.4167,0,3,3,18681.0,0.183,0.378,1,0,defaulted,11.8,2,3,3.39,0.5,0,1,defaulted
SYNTH-01736,3,TUBOD,SUZUKI,SMASH 115,Underbone,62400.0,9360.0,0.15,53040.0,36,2734.13,0.1085,25208.97,Agri / Farmer / Fisherfolk,Rented (Apartment/House),Married,11.5,0,0.0556,0,4,3,8202.39,0.189,0.331,0,0,defaulted,56.4,2,3,2.73,0.5,0,1,defaulted
SYNTH-01737,2,KAPATAGAN,SUZUKI,BURGMAN STREET 125,Maxi-Scooter,83400.0,12510.0,0.15,70890.0,24,4571.55,0.135,33864.39,BPO / Call Center Agent,Rented (Apartment/House),Married,7.6,21,0.9583,0,4,2,9143.1,0.229,0.561,0,0,defaulted,21.6,1,4,4.24,0.5,0,1,defaulted
SYNTH-01738,2,KAPATAGAN,YAMAHA,MIO FAZZIO,Retro Scooter,93900.0,9390.0,0.1,84510.0,12,9073.55,0.3999,22687.8,Agri / Farmer / Fisherfolk,Rented (Apartment/House),Widowed,9.2,0,0.25,0,3,4,36294.2,0.231,0.531,0,0,defaulted,29.4,3,3,2.86,0.6145,0,1,defaulted
SYNTH-01739,1,LALA,HONDA,CLICK 160,Scooter,122900.0,24580.0,0.2,98320.0,12,10523.6,0.1683,62544.99,OFW Remittance / Dependent,Owned (Inherited/Tax Dec),Widowed,8.5,9,0.8333,1,0,1,10523.6,0.126,0.707,0,0,delinquent,35.5,8,4,4.29,0.7257,0,1,defaulted
SYNTH-01740,3,TUBOD,SUZUKI,BURGMAN STREET 125,Maxi-Scooter,83400.0,16680.0,0.2,66720.0,36,3387.73,0.0943,35922.45,BPO / Call Center Agent,Owned (Inherited/Tax Dec),Married,2.0,9,0.2778,1,0,1,3387.73,0.016,0.821,0,0,delinquent,63.8,7,3,2.15,0.7851,0,0,completed
SYNTH-01741,3,TUBOD,SUZUKI,RAIDER 150 FI,Sport Underbone,119900.0,17985.0,0.15,101915.0,24,6484.76,0.2625,24702.13,BPO / Call Center Agent,Rented (Apartment/House),Widowed,16.3,13,0.5833,0,3,1,6484.76,0.179,0.454,1,0,delinquent,35.3,5,2,2.23,0.5,0,1,defaulted
SYNTH-01742,3,TUBOD,KAWASAKI,P24KK (BARAKO II),Backbone/Tricycle,68500.0,20550.0,0.3,47950.0,24,3156.92,0.0803,39290.2,Employed (Private/Gov),Living with Parents/Relatives,Married,6.0,7,0.2917,0,0,0,0.0,0.141,0.662,0,0,active,20.7,2,4,4.17,0.6767,0,1,defaulted
SYNTH-01743,2,KAPATAGAN,KAWASAKI,ROUSER NS125,Sport Backbone,82000.0,20500.0,0.25,61500.0,12,6657.5,0.175,38052.26,Employed (Private/Gov),Rented (Apartment/House),Widowed,4.1,9,1.0,1,1,3,19972.5,0.226,0.528,0,0,defaulted,23.5,5,3,2.98,0.5342,0,0,defaulted
SYNTH-01744,3,TUBOD,SUZUKI,BURGMAN STREET 125,Maxi-Scooter,83400.0,10008.0,0.12,73392.0,12,7906.16,0.3921,20165.54,Employed (Private/Gov),Owned (Inherited/Tax Dec),Married,3.6,6,0.75,1,4,3,23718.48,0.264,0.42,1,0,defaulted,39.9,3,3,3.2,0.5,0,1,defaulted
SYNTH-01745,1,LALA,SUZUKI,BURGMAN STREET 125,Maxi-Scooter,83400.0,16680.0,0.2,66720.0,36,3387.73,0.1385,24462.56,Sari-Sari / Small Retail,Rented (Apartment/House),Married,5.3,17,0.5556,0,2,3,10163.19,0.356,0.477,0,0,defaulted,60.1,11,4,3.83,0.5642,0,0,defaulted
SYNTH-01746,1,LALA,HONDA,CLICK 160,Scooter,122900.0,14748.0,0.12,108152.0,24,6869.37,0.3258,21084.44,Sari-Sari / Small Retail,Owned (Inherited/Tax Dec),Married,11.3,0,0.0417,1,4,4,27477.48,0.246,0.612,0,0,defaulted,61.2,5,4,4.23,0.6342,0,1,defaulted
SYNTH-01747,3,TUBOD,YAMAHA,MIO FAZZIO,Retro Scooter,93900.0,11268.0,0.12,82632.0,24,5295.64,0.1476,35890.05,Public School Teacher,Owned (Clean Title),Married,5.1,1,0.0417,1,0,0,0.0,0.0,0.877,0,0,active,14.6,8,3,3.69,0.8869,0,0,completed
SYNTH-01748,3,TUBOD,YAMAHA,MIO GEAR 125,Scooter,79400.0,15880.0,0.2,63520.0,24,4117.07,0.105,39212.38,Public School Teacher,Owned (Clean Title),Widowed,1.6,3,0.1667,3,2,1,4117.07,0.093,0.777,0,0,delinquent,16.6,11,5,4.99,0.8363,0,1,defaulted
SYNTH-01749,3,TUBOD,KAWASAKI,ROUSER NS125,Sport Backbone,82000.0,12300.0,0.15,69700.0,12,7518.5,0.4635,16222.2,Agri / Farmer / Fisherfolk,Owned (Clean Title),Married,6.4,6,0.6667,0,1,2,15037.0,0.276,0.395,1,0,defaulted,40.2,8,2,1.81,0.5,0,1,defaulted
SYNTH-01750,3,TUBOD,YAMAHA,MIO SPORTY,Scooter,73900.0,14780.0,0.2,59120.0,12,6407.6,0.2669,24009.63,Agri / Farmer / Fisherfolk,Rented (Apartment/House),Single,4.0,6,0.6667,0,2,2,12815.2,0.38,0.232,1,0,defaulted,49.8,4,4,3.77,0.5,0,1,defaulted
SYNTH-01751,2,KAPATAGAN,HONDA,PCX160,Maxi-Scooter,134900.0,20235.0,0.15,114665.0,12,12239.82,1.0178,12026.22,Agri / Farmer / Fisherfolk,Owned (Inherited/Tax Dec),Single,4.8,8,0.8333,1,1,2,24479.64,0.427,0.553,0,1,defaulted,30.0,4,3,2.17,0.5842,0,1,defaulted
SYNTH-01752,2,KAPATAGAN,HONDA,TMX125 ALPHA,Backbone/Utility,57900.0,11580.0,0.2,46320.0,12,5063.6,0.2315,21873.08,Agri / Farmer / Fisherfolk,Living with Parents/Relatives,Married,3.8,2,0.4167,1,1,3,15190.8,0.271,0.393,0,1,defaulted,46.7,9,4,4.08,0.5,0,1,defaulted
SYNTH-01753,2,KAPATAGAN,HONDA,BEAT PREMIUM,Scooter,72400.0,7240.0,0.1,65160.0,36,3313.2,0.1336,24804.31,Agri / Farmer / Fisherfolk,Owned (Inherited/Tax Dec),Married,6.1,30,0.8611,0,3,1,3313.2,0.179,0.227,0,0,delinquent,55.4,11,5,4.81,0.5,0,1,defaulted
SYNTH-01754,1,LALA,SUZUKI,SMASH 115,Underbone,62400.0,7488.0,0.12,54912.0,24,3586.24,0.2617,13703.09,Agri / Farmer / Fisherfolk,Living with Parents/Relatives,Single,2.1,21,0.9167,0,3,1,3586.24,0.35,0.577,1,0,delinquent,10.9,1,5,4.88,0.5,0,0,defaulted
SYNTH-01755,3,TUBOD,HONDA,PCX160,Maxi-Scooter,134900.0,33725.0,0.25,101175.0,24,6439.12,0.2875,22396.88,Sari-Sari / Small Retail,Living with Parents/Relatives,Single,4.5,21,1.0,0,1,3,19317.36,0.191,0.229,0,0,defaulted,43.9,10,2,1.61,0.5,0,1,defaulted
SYNTH-01756,2,KAPATAGAN,YAMAHA,MIO GEAR 125,Scooter,79400.0,15880.0,0.2,63520.0,12,6869.6,0.257,26729.85,Public School Teacher,Owned (Clean Title),Widowed,8.1,7,0.6667,0,0,1,6869.6,0.034,0.624,1,0,delinquent,45.4,1,3,3.08,0.5689,0,0,completed
SYNTH-01757,3,TUBOD,KAWASAKI,ROUSER NS125,Sport Backbone,82000.0,8200.0,0.1,73800.0,24,4751.0,0.0847,56124.08,OFW Remittance / Dependent,Living with Parents/Relatives,Single,4.4,8,0.3333,1,0,0,0.0,0.097,0.698,0,0,active,28.4,4,2,1.86,0.6855,0,1,defaulted
SYNTH-01758,3,TUBOD,YAMAHA,MIO FAZZIO,Retro Scooter,93900.0,14085.0,0.15,79815.0,12,8580.57,0.2688,31919.57,BPO / Call Center Agent,Owned (Inherited/Tax Dec),Single,6.2,6,0.75,1,4,3,25741.71,0.21,0.406,0,0,defaulted,21.6,8,3,3.13,0.5,0,1,defaulted
SYNTH-01759,3,TUBOD,SUZUKI,SMASH 115,Underbone,62400.0,15600.0,0.25,46800.0,24,3086.0,0.0791,38997.92,Employed (Private/Gov),Owned (Inherited/Tax Dec),Widowed,5.5,23,0.9583,6,0,0,0.0,0.0,0.868,0,0,active,41.3,7,3,2.98,0.8142,1,0,early_settled
SYNTH-01760,2,KAPATAGAN,YAMAHA,NMAX 155,Maxi-Scooter,151900.0,22785.0,0.15,129115.0,36,6368.83,0.5307,12000.0,Tricycle / PUV Operator,Owned (Inherited/Tax Dec),Married,2.0,26,0.75,0,2,1,6368.83,0.396,0.263,0,0,delinquent,16.2,5,4,4.15,0.5,0,1,defaulted
SYNTH-01761,1,LALA,SUZUKI,RAIDER 150 FI,Sport Underbone,119900.0,29975.0,0.25,89925.0,24,5745.38,0.2328,24684.71,Sari-Sari / Small Retail,Owned (Clean Title),Widowed,4.6,23,1.0,1,4,1,5745.38,0.354,0.368,0,1,delinquent,13.6,2,4,4.05,0.5,0,1,defaulted
SYNTH-01762,3,TUBOD,HONDA,PCX160,Maxi-Scooter,134900.0,16188.0,0.12,118712.0,12,12664.76,0.4958,25544.48,Sari-Sari / Small Retail,Living with Parents/Relatives,Married,8.4,7,0.9167,0,4,4,50659.04,0.232,0.238,1,0,defaulted,24.2,6,2,1.38,0.5,0,1,defaulted
SYNTH-01763,3,TUBOD,HONDA,CLICK 160,Scooter,122900.0,36870.0,0.3,86030.0,12,9233.15,0.1701,54291.4,OFW Remittance / Dependent,Owned (Inherited/Tax Dec),Widowed,5.5,1,0.1667,0,2,1,9233.15,0.019,0.713,1,0,delinquent,59.6,11,3,3.47,0.8287,0,0,completed
SYNTH-01764,3,TUBOD,HONDA,TMX125 ALPHA,Backbone/Utility,57900.0,11580.0,0.2,46320.0,12,5063.6,0.1179,42940.49,Public School Teacher,Owned (Clean Title),Married,6.6,11,0.9167,1,0,0,0.0,0.0,0.936,0,0,active,30.1,8,3,3.17,0.9302,0,0,completed
SYNTH-01765,2,KAPATAGAN,KAWASAKI,CT100B,Backbone/Utility,54000.0,16200.0,0.3,37800.0,24,2531.0,0.0473,53491.08,OFW Remittance / Dependent,Living with Parents/Relatives,Married,4.7,2,0.0833,1,2,0,0.0,0.022,0.793,1,0,active,46.4,5,3,2.92,0.7546,0,0,completed
SYNTH-01766,2,KAPATAGAN,HONDA,PCX160,Maxi-Scooter,134900.0,26980.0,0.2,107920.0,24,6855.07,0.4699,14586.91,Agri / Farmer / Fisherfolk,Living with Parents/Relatives,Married,3.4,14,0.6667,0,4,2,13710.14,0.157,0.406,0,1,defaulted,64.2,10,2,2.0,0.5,0,1,defaulted
SYNTH-01767,2,KAPATAGAN,HONDA,CLICK 125I,Scooter,81400.0,16280.0,0.2,65120.0,12,7037.6,0.2297,30641.39,OFW Remittance / Dependent,Owned (Inherited/Tax Dec),Single,9.2,2,0.1667,2,0,0,0.0,0.12,0.619,0,0,active,11.9,8,5,4.59,0.5804,0,0,completed
SYNTH-01768,1,LALA,HONDA,WAVE RSX,Underbone,64900.0,6490.0,0.1,58410.0,24,3801.95,0.1155,32914.48,BPO / Call Center Agent,Rented (Apartment/House),Single,19.5,9,0.5417,0,1,4,15207.8,0.2,0.608,0,0,defaulted,19.9,1,4,4.01,0.5,0,1,defaulted
SYNTH-01769,1,LALA,SUZUKI,RAIDER 150 FI,Sport Underbone,119900.0,11990.0,0.1,107910.0,12,11530.55,0.6818,16911.4,Tricycle / PUV Operator,Owned (Clean Title),Widowed,9.7,9,0.8333,1,1,1,11530.55,0.304,0.357,0,0,delinquent,42.3,3,3,3.0,0.5,0,1,defaulted
SYNTH-01770,1,LALA,KAWASAKI,P24KK (BARAKO II),Backbone/Tricycle,68500.0,6850.0,0.1,61650.0,24,4001.75,0.2328,17187.37,Tricycle / PUV Operator,Owned (Clean Title),Married,2.2,18,0.8333,0,3,2,8003.5,0.162,0.601,0,0,defaulted,22.8,6,5,4.82,0.5226,0,1,defaulted
SYNTH-01771,3,TUBOD,YAMAHA,AEROX 155,Sport Scooter,125400.0,31350.0,0.25,94050.0,36,4693.5,0.2834,16563.58,Tricycle / PUV Operator,Living with Parents/Relatives,Married,4.1,11,0.3333,0,1,1,4693.5,0.43,0.259,0,0,delinquent,23.5,8,3,2.85,0.5,0,1,defaulted
SYNTH-01772,2,KAPATAGAN,YAMAHA,SNIPER 155,Sport Underbone,123900.0,37170.0,0.3,86730.0,36,4343.77,0.089,48797.02,OFW Remittance / Dependent,Living with Parents/Relatives,Married,7.4,9,0.25,1,0,0,0.0,0.0,0.911,0,0,active,55.2,6,2,1.44,0.8169,0,0,completed
SYNTH-01773,2,KAPATAGAN,SUZUKI,SMASH 115,Underbone,62400.0,7488.0,0.12,54912.0,36,2823.57,0.11,25672.35,Sari-Sari / Small Retail,Living with Parents/Relatives,Married,7.7,33,0.9167,0,0,0,0.0,0.064,0.66,0,0,active,28.1,9,4,4.0,0.6602,0,1,defaulted
SYNTH-01774,3,TUBOD,YAMAHA,MIO FAZZIO,Retro Scooter,93900.0,14085.0,0.15,79815.0,12,8580.57,0.1846,46473.1,OFW Remittance / Dependent,Living with Parents/Relatives,Married,6.2,6,0.5,3,1,0,0.0,0.004,0.822,0,0,active,30.4,3,2,1.97,0.8506,0,0,completed
SYNTH-01775,1,LALA,YAMAHA,SNIPER 155,Sport Underbone,123900.0,24780.0,0.2,99120.0,24,6312.4,0.2961,21320.72,Sari-Sari / Small Retail,Rented (Apartment/House),Single,4.2,9,0.5417,0,2,4,25249.6,0.232,0.396,1,0,defaulted,24.3,9,4,4.09,0.5,0,1,defaulted
SYNTH-01776,2,KAPATAGAN,HONDA,CLICK 125I,Scooter,81400.0,24420.0,0.3,56980.0,24,3713.77,0.1801,20626.06,BPO / Call Center Agent,Owned (Clean Title),Married,7.9,5,0.2083,3,1,0,0.0,0.116,0.723,0,0,active,18.3,2,5,4.6,0.6856,0,0,completed
SYNTH-01777,2,KAPATAGAN,SUZUKI,RAIDER 150 FI,Sport Underbone,119900.0,14388.0,0.12,105512.0,24,6706.57,0.1113,60264.57,OFW Remittance / Dependent,Owned (Clean Title),Single,10.0,22,0.9167,1,0,0,0.0,0.0,0.931,0,0,active,53.5,2,3,2.76,0.9336,0,0,completed
SYNTH-01778,2,KAPATAGAN,KAWASAKI,P24KK (BARAKO II),Backbone/Tricycle,68500.0,6850.0,0.1,61650.0,24,4001.75,0.2948,13573.59,Tricycle / PUV Operator,Owned (Clean Title),Widowed,9.0,8,0.4583,0,1,3,12005.25,0.313,0.363,0,0,defaulted,49.5,3,4,3.91,0.5,0,1,defaulted
SYNTH-01779,2,KAPATAGAN,KAWASAKI,ROUSER NS125,Sport Backbone,82000.0,12300.0,0.15,69700.0,24,4498.17,0.1399,32160.11,Employed (Private/Gov),Owned (Inherited/Tax Dec),Married,10.2,14,0.625,2,0,1,4498.17,0.07,0.814,0,0,delinquent,18.8,6,3,3.14,0.7051,0,0,completed
SYNTH-01780,1,LALA,HONDA,ADV160,Adventure Scooter,166900.0,25035.0,0.15,141865.0,24,8948.34,0.3819,23433.49,Tricycle / PUV Operator,Living with Parents/Relatives,Widowed,8.3,23,1.0,0,1,1,8948.34,0.308,0.49,0,0,delinquent,39.3,9,2,1.71,0.5241,0,1,defaulted
SYNTH-01781,2,KAPATAGAN,YAMAHA,NMAX 155,Maxi-Scooter,151900.0,30380.0,0.2,121520.0,24,7693.73,0.5541,13885.65,Tricycle / PUV Operator,Living with Parents/Relatives,Widowed,15.3,9,0.4583,0,1,2,15387.46,0.431,0.457,1,0,defaulted,49.4,5,3,2.95,0.5,0,1,defaulted
SYNTH-01782,3,TUBOD,SUZUKI,SMASH 115,Underbone,62400.0,12480.0,0.2,49920.0,24,3278.4,0.1012,32402.21,BPO / Call Center Agent,Rented (Apartment/House),Single,7.7,0,0.0833,0,2,4,13113.6,0.292,0.2,0,0,defaulted,13.4,5,4,3.47,0.5,0,1,defaulted
SYNTH-01783,1,LALA,HONDA,CLICK 125I,Scooter,81400.0,20350.0,0.25,61050.0,12,6610.25,0.5509,12000.0,Agri / Farmer / Fisherfolk,Owned (Clean Title),Married,8.6,4,0.5,0,4,2,13220.5,0.267,0.351,1,0,defaulted,53.6,12,5,5.01,0.5,0,1,defaulted
SYNTH-01784,3,TUBOD,YAMAHA,SNIPER 155,Sport Underbone,123900.0,24780.0,0.2,99120.0,24,6312.4,0.1226,51504.89,Public School Teacher,Owned (Inherited/Tax Dec),Married,6.3,10,0.4167,5,0,0,0.0,0.0,0.916,0,0,active,48.6,9,2,2.49,0.9167,1,0,early_settled
SYNTH-01785,1,LALA,YAMAHA,MIO SPORTY,Scooter,73900.0,14780.0,0.2,59120.0,36,3024.62,0.0944,32033.35,Public School Teacher,Owned (Inherited/Tax Dec),Widowed,10.8,25,0.6944,10,0,0,0.0,0.0,0.919,0,0,active,33.0,11,6,5.89,1.0693,0,0,completed
SYNTH-01786,1,LALA,KAWASAKI,CT100B,Backbone/Utility,54000.0,13500.0,0.25,40500.0,36,2135.0,0.0532,40165.73,Public School Teacher,Rented (Apartment/House),Widowed,15.7,10,0.3056,1,2,1,2135.0,0.088,0.802,0,0,delinquent,59.2,4,4,3.91,0.8156,0,1,defaulted
SYNTH-01787,3,TUBOD,HONDA,TMX125 ALPHA,Backbone/Utility,57900.0,5790.0,0.1,52110.0,36,2689.7,0.0627,42875.08,Employed (Private/Gov),Owned (Clean Title),Married,2.5,5,0.1389,3,2,0,0.0,0.085,0.638,0,0,active,38.9,9,3,3.28,0.6611,0,0,completed
SYNTH-01788,2,KAPATAGAN,KAWASAKI,ROUSER NS125,Sport Backbone,82000.0,8200.0,0.1,73800.0,24,4751.0,0.1002,47412.8,Public School Teacher,Owned (Inherited/Tax Dec),Married,9.7,20,0.8333,10,0,0,0.0,0.0,0.964,0,0,active,29.9,10,2,1.98,0.952,0,0,completed
SYNTH-01789,1,LALA,YAMAHA,SNIPER 155,Sport Underbone,123900.0,18585.0,0.15,105315.0,24,6694.43,0.1336,50112.61,OFW Remittance / Dependent,Living with Parents/Relatives,Single,6.4,22,0.9583,2,0,1,6694.43,0.03,0.618,1,0,delinquent,63.1,6,3,2.43,0.5589,0,0,completed
SYNTH-01790,2,KAPATAGAN,SUZUKI,BURGMAN STREET 125,Maxi-Scooter,83400.0,10008.0,0.12,73392.0,24,4725.84,0.2657,17783.46,Tricycle / PUV Operator,Owned (Clean Title),Married,4.0,0,0.1667,0,1,4,18903.36,0.171,0.55,0,0,defaulted,23.4,3,5,5.12,0.5299,0,1,defaulted
SYNTH-01791,1,LALA,YAMAHA,NMAX 155,Maxi-Scooter,151900.0,30380.0,0.2,121520.0,24,7693.73,0.366,21019.94,Tricycle / PUV Operator,Owned (Inherited/Tax Dec),Married,12.8,14,0.625,0,2,1,7693.73,0.434,0.49,0,0,delinquent,48.0,1,3,2.45,0.5,0,1,defaulted
SYNTH-01792,2,KAPATAGAN,YAMAHA,MIO FAZZIO,Retro Scooter,93900.0,18780.0,0.2,75120.0,36,3789.07,0.0582,65118.37,OFW Remittance / Dependent,Rented (Apartment/House),Single,5.6,0,0.0278,1,2,1,3789.07,0.059,0.723,1,0,delinquent,45.5,1,3,2.97,0.6714,0,0,completed
SYNTH-01793,2,KAPATAGAN,YAMAHA,MIO SPORTY,Scooter,73900.0,7390.0,0.1,66510.0,24,4301.45,0.1121,38386.41,Public School Teacher,Living with Parents/Relatives,Married,4.5,23,1.0,0,2,1,4301.45,0.049,0.795,0,0,delinquent,12.6,1,5,4.95,0.7423,0,0,completed
SYNTH-01794,1,LALA,YAMAHA,SNIPER 155,Sport Underbone,123900.0,18585.0,0.15,105315.0,24,6694.43,0.1414,47334.84,OFW Remittance / Dependent,Owned (Clean Title),Widowed,3.1,16,0.7083,1,1,1,6694.43,0.15,0.684,0,0,delinquent,26.3,1,3,3.18,0.5964,0,0,completed
SYNTH-01795,2,KAPATAGAN,HONDA,TMX125 ALPHA,Backbone/Utility,57900.0,6948.0,0.12,50952.0,36,2634.37,0.0711,37062.55,Employed (Private/Gov),Owned (Clean Title),Married,4.8,32,0.9167,2,2,1,2634.37,0.057,0.659,0,0,delinquent,58.9,7,4,4.27,0.7575,0,0,completed
SYNTH-01796,3,TUBOD,HONDA,PCX160,Maxi-Scooter,134900.0,26980.0,0.2,107920.0,24,6855.07,0.1092,62785.24,OFW Remittance / Dependent,Rented (Apartment/House),Married,5.8,21,0.875,1,0,0,0.0,0.14,0.787,0,0,active,33.7,10,2,1.49,0.7836,0,0,completed
SYNTH-01797,3,TUBOD,YAMAHA,SNIPER 155,Sport Underbone,123900.0,37170.0,0.3,86730.0,12,9306.65,0.4229,22008.56,Tricycle / PUV Operator,Living with Parents/Relatives,Single,7.3,6,0.75,0,1,3,27919.95,0.208,0.403,0,1,defaulted,53.2,12,2,1.98,0.5,0,1,defaulted
SYNTH-01798,3,TUBOD,HONDA,WAVE RSX,Underbone,64900.0,7788.0,0.12,57112.0,12,6196.76,0.2,30982.05,Public School Teacher,Rented (Apartment/House),Widowed,13.9,0,0.25,1,2,3,18590.28,0.317,0.639,0,1,defaulted,42.1,12,3,3.2,0.6821,0,1,defaulted
SYNTH-01799,3,TUBOD,SUZUKI,BURGMAN STREET 125,Maxi-Scooter,83400.0,12510.0,0.15,70890.0,24,4571.55,0.3569,12810.66,Tricycle / PUV Operator,Owned (Clean Title),Single,4.7,15,0.75,0,2,3,13714.65,0.209,0.314,1,0,defaulted,43.5,8,3,3.33,0.5,0,1,defaulted
SYNTH-01800,2,KAPATAGAN,HONDA,TMX125 ALPHA,Backbone/Utility,57900.0,8685.0,0.15,49215.0,36,2551.38,0.0885,28820.52,Public School Teacher,Owned (Inherited/Tax Dec),Married,1.6,12,0.3333,11,0,0,0.0,0.0,0.921,0,0,active,45.7,7,4,4.09,0.92,1,0,early_settled
SYNTH-01801,3,TUBOD,YAMAHA,AEROX 155,Sport Scooter,125400.0,31350.0,0.25,94050.0,36,4693.5,0.228,20584.04,Tricycle / PUV Operator,Rented (Apartment/House),Single,5.1,32,0.9444,0,2,2,9387.0,0.449,0.624,0,0,defaulted,34.8,1,2,1.42,0.5664,0,1,defaulted
SYNTH-01802,2,KAPATAGAN,SUZUKI,SMASH 115,Underbone,62400.0,6240.0,0.1,56160.0,24,3663.2,0.2888,12682.95,Agri / Farmer / Fisherfolk,Living with Parents/Relatives,Single,7.6,11,0.5417,1,1,2,7326.4,0.285,0.609,0,0,defaulted,47.6,7,4,3.85,0.5878,0,1,defaulted
SYNTH-01803,2,KAPATAGAN,YAMAHA,AEROX 155,Sport Scooter,125400.0,37620.0,0.3,87780.0,12,9416.9,0.4214,22347.21,Tricycle / PUV Operator,Living with Parents/Relatives,Widowed,5.6,2,0.5,1,4,4,37667.6,0.318,0.491,0,0,defaulted,13.1,4,4,4.11,0.5701,0,1,defaulted
SYNTH-01804,3,TUBOD,SUZUKI,SMASH 115,Underbone,62400.0,12480.0,0.2,49920.0,12,5441.6,0.1156,47085.58,Public School Teacher,Owned (Clean Title),Widowed,9.7,2,0.1667,1,0,0,0.0,0.0,0.966,0,0,active,47.9,9,3,3.11,0.9614,0,0,completed
SYNTH-01805,1,LALA,SUZUKI,BURGMAN STREET 125,Maxi-Scooter,83400.0,10008.0,0.12,73392.0,24,4725.84,0.1202,39329.4,Public School Teacher,Rented (Apartment/House),Single,6.4,0,0.0417,0,1,1,4725.84,0.064,0.724,0,0,delinquent,17.2,8,5,4.52,0.7582,0,0,completed
SYNTH-01806,3,TUBOD,SUZUKI,RAIDER 150 FI,Sport Underbone,119900.0,29975.0,0.25,89925.0,24,5745.38,0.1783,32217.08,BPO / Call Center Agent,Living with Parents/Relatives,Married,8.0,10,0.5417,0,3,3,17236.14,0.305,0.346,0,0,defaulted,49.3,3,2,2.34,0.5,0,0,defaulted
SYNTH-01807,2,KAPATAGAN,YAMAHA,SNIPER 155,Sport Underbone,123900.0,24780.0,0.2,99120.0,12,10607.6,0.4377,24232.38,BPO / Call Center Agent,Living with Parents/Relatives,Single,7.2,5,0.75,0,3,4,42430.4,0.37,0.404,0,0,defaulted,26.7,1,2,2.01,0.5,0,1,defaulted
SYNTH-01808,2,KAPATAGAN,HONDA,PCX160,Maxi-Scooter,134900.0,13490.0,0.1,121410.0,12,12948.05,0.4151,31195.96,BPO / Call Center Agent,Rented (Apartment/House),Married,2.4,0,0.25,0,3,3,38844.15,0.352,0.376,1,0,defaulted,28.6,8,2,2.03,0.5,0,1,defaulted
SYNTH-01809,2,KAPATAGAN,HONDA,CLICK 125I,Scooter,81400.0,20350.0,0.25,61050.0,24,3964.75,0.1239,32007.32,Public School Teacher,Owned (Inherited/Tax Dec),Married,5.9,14,0.5833,1,0,0,0.0,0.0,0.858,0,0,active,53.3,9,4,4.6,0.8438,0,0,completed
SYNTH-01810,1,LALA,YAMAHA,MIO SPORTY,Scooter,73900.0,14780.0,0.2,59120.0,36,3024.62,0.1612,18766.99,Agri / Farmer / Fisherfolk,Rented (Apartment/House),Single,10.1,0,0.0556,0,4,2,6049.24,0.437,0.552,1,0,defaulted,28.6,5,5,5.27,0.6047,0,1,defaulted
SYNTH-01811,1,LALA,HONDA,WAVE RSX,Underbone,64900.0,19470.0,0.3,45430.0,12,4970.15,0.1595,31157.94,Sari-Sari / Small Retail,Rented (Apartment/House),Single,4.1,4,0.5,1,1,2,9940.3,0.387,0.483,1,0,defaulted,39.3,12,4,3.81,0.5409,0,0,defaulted
SYNTH-01812,1,LALA,HONDA,WAVE RSX,Underbone,64900.0,16225.0,0.25,48675.0,24,3201.62,0.0548,58428.26,OFW Remittance / Dependent,Owned (Clean Title),Widowed,3.1,16,0.6667,10,0,0,0.0,0.0,0.969,0,0,active,19.9,10,5,5.48,0.9642,0,0,completed
SYNTH-01813,2,KAPATAGAN,HONDA,BEAT PREMIUM,Scooter,72400.0,18100.0,0.25,54300.0,36,2794.33,0.172,16248.12,Agri / Farmer / Fisherfolk,Living with Parents/Relatives,Married,7.1,15,0.5,0,2,3,8382.99,0.209,0.344,0,0,defaulted,24.2,6,5,5.13,0.5,0,1,defaulted
SYNTH-01814,1,LALA,YAMAHA,AEROX 155,Sport Scooter,125400.0,25080.0,0.2,100320.0,36,4993.07,0.1659,30093.5,Public School Teacher,Living with Parents/Relatives,Widowed,4.1,17,0.5556,1,1,3,14979.21,0.347,0.426,0,0,defaulted,31.2,5,3,2.59,0.5,0,1,defaulted
SYNTH-01815,3,TUBOD,HONDA,CLICK 125I,Scooter,81400.0,16280.0,0.2,65120.0,36,3311.29,0.0481,68794.26,OFW Remittance / Dependent,Owned (Clean Title),Married,2.4,1,0.0278,1,0,0,0.0,0.0,0.894,0,0,active,32.8,12,4,3.65,1.0168,0,0,completed
SYNTH-01816,3,TUBOD,KAWASAKI,CT100B,Backbone/Utility,54000.0,5400.0,0.1,48600.0,36,2522.0,0.0406,62057.76,OFW Remittance / Dependent,Owned (Inherited/Tax Dec),Single,7.6,23,0.6389,9,0,0,0.0,0.0,0.887,0,0,active,33.6,3,3,2.51,0.9317,0,0,completed
SYNTH-01817,2,KAPATAGAN,SUZUKI,RAIDER 150 FI,Sport Underbone,119900.0,17985.0,0.15,101915.0,12,10901.07,0.2778,39238.18,OFW Remittance / Dependent,Owned (Clean Title),Widowed,10.6,2,0.25,0,2,1,10901.07,0.423,0.598,0,0,delinquent,20.9,5,4,4.1,0.5923,0,1,defaulted
SYNTH-01818,3,TUBOD,YAMAHA,NMAX 155,Maxi-Scooter,151900.0,15190.0,0.1,136710.0,36,6731.7,0.1774,37939.36,BPO / Call Center Agent,Living with Parents/Relatives,Married,10.1,17,0.5556,0,4,3,20195.1,0.441,0.491,0,0,defaulted,39.9,4,3,2.54,0.5,0,1,defaulted
SYNTH-01819,1,LALA,SUZUKI,RAIDER 150 FI,Sport Underbone,119900.0,29975.0,0.25,89925.0,36,4496.42,0.1576,28530.69,Sari-Sari / Small Retail,Owned (Inherited/Tax Dec),Married,10.7,25,0.7222,2,0,1,4496.42,0.078,0.686,0,0,delinquent,14.4,4,4,4.06,0.6895,0,0,completed
SYNTH-01820,1,LALA,YAMAHA,NMAX 155,Maxi-Scooter,151900.0,22785.0,0.15,129115.0,36,6368.83,0.1981,32154.94,Employed (Private/Gov),Living with Parents/Relatives,Widowed,9.3,7,0.3056,0,4,4,25475.32,0.325,0.226,1,0,defaulted,29.9,8,3,2.85,0.5,0,1,defaulted
SYNTH-01821,1,LALA,HONDA,CLICK 125I,Scooter,81400.0,9768.0,0.12,71632.0,36,3622.42,0.107,33861.11,BPO / Call Center Agent,Rented (Apartment/House),Married,5.1,5,0.1667,0,1,1,3622.42,0.267,0.208,0,0,delinquent,33.8,3,5,5.27,0.5,0,1,defaulted
SYNTH-01822,2,KAPATAGAN,YAMAHA,MIO GEAR 125,Scooter,79400.0,19850.0,0.25,59550.0,24,3872.25,0.2087,18557.59,Agri / Farmer / Fisherfolk,Living with Parents/Relatives,Married,4.4,17,0.7917,0,4,2,7744.5,0.276,0.386,1,0,defaulted,39.1,11,4,3.58,0.5,0,1,defaulted
SYNTH-01823,2,KAPATAGAN,HONDA,ADV160,Adventure Scooter,166900.0,20028.0,0.12,146872.0,36,7217.22,0.2131,33864.41,BPO / Call Center Agent,Owned (Clean Title),Married,22.3,30,0.8611,0,0,1,7217.22,0.031,0.818,0,0,delinquent,29.0,12,2,1.91,0.9436,0,0,completed
SYNTH-01824,3,TUBOD,YAMAHA,AEROX 155,Sport Scooter,125400.0,31350.0,0.25,94050.0,36,4693.5,0.1188,39498.77,Employed (Private/Gov),Living with Parents/Relatives,Widowed,2.2,20,0.5833,1,3,1,4693.5,0.295,0.386,0,0,delinquent,12.5,6,3,2.99,0.5,0,1,defaulted
SYNTH-01825,1,LALA,SUZUKI,BURGMAN STREET 125,Maxi-Scooter,83400.0,25020.0,0.3,58380.0,36,2989.27,0.1219,24527.2,Sari-Sari / Small Retail,Owned (Clean Title),Single,9.3,14,0.3889,3,2,0,0.0,0.068,0.708,0,0,active,37.3,1,3,2.78,0.6015,0,1,defaulted
SYNTH-01826,3,TUBOD,SUZUKI,BURGMAN STREET 125,Maxi-Scooter,83400.0,20850.0,0.25,62550.0,12,6767.75,0.1414,47864.65,OFW Remittance / Dependent,Living with Parents/Relatives,Widowed,9.8,3,0.3333,2,2,1,6767.75,0.117,0.777,0,0,delinquent,63.2,3,3,3.46,0.7553,0,0,completed
SYNTH-01827,1,LALA,YAMAHA,SNIPER 155,Sport Underbone,123900.0,24780.0,0.2,99120.0,12,10607.6,0.2729,38872.27,BPO / Call Center Agent,Owned (Clean Title),Married,10.1,10,0.9167,0,2,1,10607.6,0.227,0.501,0,0,delinquent,38.7,11,3,2.66,0.6008,0,1,defaulted
SYNTH-01828,2,KAPATAGAN,HONDA,PCX160,Maxi-Scooter,134900.0,40470.0,0.3,94430.0,36,4711.66,0.2574,18305.27,Sari-Sari / Small Retail,Owned (Clean Title),Married,11.1,34,0.9722,1,4,1,4711.66,0.329,0.4,0,1,delinquent,54.3,11,3,2.65,0.5,0,1,defaulted
SYNTH-01829,2,KAPATAGAN,HONDA,CLICK 125I,Scooter,81400.0,8140.0,0.1,73260.0,36,3700.2,0.1496,24736.5,BPO / Call Center Agent,Rented (Apartment/House),Single,3.2,28,0.8333,1,2,2,7400.4,0.361,0.513,0,1,defaulted,31.7,7,4,4.56,0.5,0,1,defaulted
SYNTH-01830,3,TUBOD,KAWASAKI,P24KK (BARAKO II),Backbone/Tricycle,68500.0,17125.0,0.25,51375.0,36,2654.58,0.0797,33300.73,Public School Teacher,Living with Parents/Relatives,Widowed,4.9,29,0.8333,0,0,1,2654.58,0.141,0.623,1,0,delinquent,59.9,8,3,3.08,0.6309,0,0,completed
SYNTH-01831,3,TUBOD,YAMAHA,NMAX 155,Maxi-Scooter,151900.0,45570.0,0.3,106330.0,24,6757.02,0.2935,23018.63,Agri / Farmer / Fisherfolk,Owned (Inherited/Tax Dec),Married,5.5,11,0.625,0,4,4,27028.08,0.385,0.21,1,1,defaulted,23.5,11,4,4.28,0.5,0,1,defaulted
SYNTH-01832,1,LALA,HONDA,ADV160,Adventure Scooter,166900.0,50070.0,0.3,116830.0,24,7404.52,0.1541,48052.5,OFW Remittance / Dependent,Living with Parents/Relatives,Married,7.1,11,0.4583,3,2,0,0.0,0.105,0.642,0,0,active,50.1,10,2,1.97,0.6036,0,0,completed
SYNTH-01833,3,TUBOD,KAWASAKI,P24KK (BARAKO II),Backbone/Tricycle,68500.0,10275.0,0.15,58225.0,12,6313.62,0.3096,20394.64,Sari-Sari / Small Retail,Living with Parents/Relatives,Married,2.9,5,0.5,1,2,1,6313.62,0.263,0.328,0,0,delinquent,14.5,8,4,4.16,0.5,0,1,defaulted
SYNTH-01834,1,LALA,HONDA,ADV160,Adventure Scooter,166900.0,25035.0,0.15,141865.0,36,6977.99,0.4844,14406.87,Agri / Farmer / Fisherfolk,Owned (Inherited/Tax Dec),Married,1.7,0,0.1111,0,4,4,27911.96,0.387,0.368,1,0,defaulted,31.0,9,2,1.82,0.5,0,1,defaulted
SYNTH-01835,3,TUBOD,HONDA,PCX160,Maxi-Scooter,134900.0,26980.0,0.2,107920.0,36,5356.18,0.2534,21133.73,Tricycle / PUV Operator,Owned (Clean Title),Widowed,7.0,27,0.8056,1,1,2,10712.36,0.241,0.644,1,0,defaulted,15.3,11,3,2.68,0.6923,0,1,defaulted
SYNTH-01836,2,KAPATAGAN,YAMAHA,MIO GEAR 125,Scooter,79400.0,15880.0,0.2,63520.0,24,4117.07,0.2207,18657.95,BPO / Call Center Agent,Living with Parents/Relatives,Married,3.9,17,0.7917,0,1,2,8234.14,0.416,0.333,0,0,defaulted,43.7,5,4,3.65,0.5,0,0,defaulted
SYNTH-01837,1,LALA,HONDA,PCX160,Maxi-Scooter,134900.0,26980.0,0.2,107920.0,24,6855.07,0.3272,20952.59,BPO / Call Center Agent,Owned (Inherited/Tax Dec),Married,5.1,6,0.2917,0,2,1,6855.07,0.255,0.466,0,0,delinquent,58.4,12,3,2.91,0.5257,0,1,defaulted
SYNTH-01838,1,LALA,HONDA,BEAT PREMIUM,Scooter,72400.0,14480.0,0.2,57920.0,12,6281.6,0.2229,28177.3,Tricycle / PUV Operator,Rented (Apartment/House),Married,3.4,8,0.75,1,2,1,6281.6,0.314,0.593,1,0,delinquent,49.6,6,4,3.99,0.546,0,1,defaulted
SYNTH-01839,3,TUBOD,KAWASAKI,ROUSER NS125,Sport Backbone,82000.0,12300.0,0.15,69700.0,12,7518.5,0.3396,22138.03,Tricycle / PUV Operator,Owned (Inherited/Tax Dec),Married,8.7,1,0.1667,0,3,1,7518.5,0.34,0.45,0,0,delinquent,16.0,4,2,1.78,0.5284,0,1,defaulted
SYNTH-01840,3,TUBOD,YAMAHA,NMAX 155,Maxi-Scooter,151900.0,18228.0,0.12,133672.0,36,6586.55,0.5489,12000.0,Agri / Farmer / Fisherfolk,Rented (Apartment/House),Single,11.9,16,0.5556,0,4,4,26346.2,0.348,0.384,0,0,defaulted,43.7,6,2,2.53,0.5,0,1,defaulted
SYNTH-01841,3,TUBOD,SUZUKI,BURGMAN STREET 125,Maxi-Scooter,83400.0,16680.0,0.2,66720.0,36,3387.73,0.0458,74029.6,OFW Remittance / Dependent,Living with Parents/Relatives,Single,5.5,18,0.5,12,0,0,0.0,0.0,0.948,0,0,active,13.0,10,4,4.0,0.9555,0,0,completed
SYNTH-01842,1,LALA,YAMAHA,NMAX 155,Maxi-Scooter,151900.0,18228.0,0.12,133672.0,24,8443.11,0.3402,24816.46,Employed (Private/Gov),Rented (Apartment/House),Single,6.6,2,0.25,0,1,4,33772.44,0.197,0.372,0,1,defaulted,39.4,5,3,2.51,0.5,0,0,defaulted
SYNTH-01843,1,LALA,KAWASAKI,P24KK (BARAKO II),Backbone/Tricycle,68500.0,13700.0,0.2,54800.0,36,2818.22,0.1403,20090.1,Agri / Farmer / Fisherfolk,Living with Parents/Relatives,Married,12.6,2,0.1111,1,3,2,5636.44,0.374,0.543,0,0,defaulted,60.0,12,5,5.01,0.6523,0,1,defaulted
SYNTH-01844,1,LALA,SUZUKI,BURGMAN STREET 125,Maxi-Scooter,83400.0,25020.0,0.3,58380.0,12,6329.9,0.2198,28793.02,Agri / Farmer / Fisherfolk,Owned (Inherited/Tax Dec),Widowed,9.1,2,0.3333,0,1,2,12659.8,0.247,0.334,0,0,defaulted,64.0,12,4,4.1,0.5,0,1,defaulted
SYNTH-01845,1,LALA,SUZUKI,BURGMAN STREET 125,Maxi-Scooter,83400.0,10008.0,0.12,73392.0,12,7906.16,0.3469,22793.7,Tricycle / PUV Operator,Rented (Apartment/House),Married,8.7,3,0.5833,0,4,4,31624.64,0.36,0.427,1,0,defaulted,55.0,7,4,4.18,0.5,0,0,defaulted
SYNTH-01846,2,KAPATAGAN,HONDA,PCX160,Maxi-Scooter,134900.0,16188.0,0.12,118712.0,36,5871.8,0.1459,40236.54,Employed (Private/Gov),Owned (Inherited/Tax Dec),Married,5.3,18,0.5,1,0,0,0.0,0.007,0.668,0,0,active,54.3,3,3,2.47,0.6613,0,0,completed
SYNTH-01847,3,TUBOD,KAWASAKI,P24KK (BARAKO II),Backbone/Tricycle,68500.0,8220.0,0.12,60280.0,36,3080.04,0.0756,40761.9,OFW Remittance / Dependent,Owned (Clean Title),Single,18.2,29,0.8056,7,0,0,0.0,0.0,0.858,0,0,active,45.3,7,3,2.6,0.8715,0,0,completed
SYNTH-01848,2,KAPATAGAN,YAMAHA,MIO GEAR 125,Scooter,79400.0,15880.0,0.2,63520.0,24,4117.07,0.1911,21544.19,Sari-Sari / Small Retail,Owned (Clean Title),Single,14.1,18,0.8333,0,3,2,8234.14,0.439,0.508,0,0,defaulted,43.1,5,4,3.49,0.5159,0,1,defaulted
SYNTH-01849,2,KAPATAGAN,HONDA,CLICK 125I,Scooter,81400.0,12210.0,0.15,69190.0,12,7464.95,0.5606,13315.51,Sari-Sari / Small Retail,Owned (Inherited/Tax Dec),Married,8.1,0,0.1667,0,3,4,29859.8,0.164,0.304,0,0,defaulted,20.0,7,5,5.29,0.5,0,1,defaulted
SYNTH-01850,1,LALA,HONDA,ADV160,Adventure Scooter,166900.0,20028.0,0.12,146872.0,24,9257.11,0.4149,22314.2,Sari-Sari / Small Retail,Rented (Apartment/House),Married,6.1,10,0.5417,0,1,3,27771.33,0.394,0.462,0,0,defaulted,36.6,11,2,1.94,0.5575,0,0,defaulted
SYNTH-01851,2,KAPATAGAN,YAMAHA,MIO GEAR 125,Scooter,79400.0,15880.0,0.2,63520.0,24,4117.07,0.1832,22477.6,Sari-Sari / Small Retail,Owned (Inherited/Tax Dec),Married,25.3,10,0.5417,0,1,3,12351.21,0.231,0.455,0,1,defaulted,36.9,9,4,3.63,0.5,0,0,defaulted
SYNTH-01852,2,KAPATAGAN,HONDA,CLICK 125I,Scooter,81400.0,24420.0,0.3,56980.0,12,6182.9,0.1693,36510.82,Public School Teacher,Living with Parents/Relatives,Married,3.8,1,0.3333,0,3,3,18548.7,0.173,0.572,0,0,defaulted,45.7,9,4,3.83,0.6036,0,1,defaulted
SYNTH-01853,3,TUBOD,KAWASAKI,P24KK (BARAKO II),Backbone/Tricycle,68500.0,8220.0,0.12,60280.0,24,3917.27,0.1402,27940.43,Sari-Sari / Small Retail,Owned (Clean Title),Married,4.9,5,0.3333,0,3,3,11751.81,0.443,0.424,1,0,defaulted,17.7,6,4,4.17,0.5,0,1,defaulted
SYNTH-01854,3,TUBOD,YAMAHA,SNIPER 155,Sport Underbone,123900.0,12390.0,0.1,111510.0,24,7076.45,0.1383,51173.44,OFW Remittance / Dependent,Owned (Inherited/Tax Dec),Married,5.6,9,0.375,8,0,0,0.0,0.0,0.981,0,0,active,10.3,8,3,3.17,1.065,0,0,completed
SYNTH-01855,3,TUBOD,YAMAHA,MIO SPORTY,Scooter,73900.0,7390.0,0.1,66510.0,36,3377.7,0.0999,33802.45,Public School Teacher,Owned (Clean Title),Married,8.6,19,0.5278,1,0,0,0.0,0.0,0.946,0,0,active,44.5,10,4,3.84,0.9286,0,0,completed
SYNTH-01856,2,KAPATAGAN,KAWASAKI,ROUSER NS125,Sport Backbone,82000.0,16400.0,0.2,65600.0,36,3334.22,0.0833,40021.64,Public School Teacher,Rented (Apartment/House),Widowed,9.1,6,0.1944,1,0,1,3334.22,0.047,0.747,0,0,delinquent,44.0,12,2,2.66,0.8211,0,1,defaulted
SYNTH-01857,3,TUBOD,SUZUKI,SMASH 115,Underbone,62400.0,15600.0,0.25,46800.0,24,3086.0,0.106,29124.29,BPO / Call Center Agent,Owned (Inherited/Tax Dec),Single,6.5,3,0.125,2,0,0,0.0,0.0,0.99,0,0,active,58.7,2,3,3.08,0.9685,0,0,completed
SYNTH-01858,1,LALA,KAWASAKI,CT100B,Backbone/Utility,54000.0,6480.0,0.12,47520.0,24,3130.4,0.0988,31669.2,Public School Teacher,Rented (Apartment/House),Widowed,3.9,17,0.875,0,1,4,12521.6,0.313,0.46,0,1,defaulted,27.4,1,3,2.97,0.5,0,1,defaulted
SYNTH-01859,3,TUBOD,YAMAHA,MIO FAZZIO,Retro Scooter,93900.0,14085.0,0.15,79815.0,24,5121.93,0.2901,17656.2,Tricycle / PUV Operator,Living with Parents/Relatives,Widowed,9.0,14,0.625,0,4,1,5121.93,0.355,0.499,1,0,delinquent,14.4,4,3,2.92,0.5862,0,1,defaulted
SYNTH-01860,1,LALA,HONDA,PCX160,Maxi-Scooter,134900.0,16188.0,0.12,118712.0,36,5871.8,0.1059,55433.88,OFW Remittance / Dependent,Living with Parents/Relatives,Married,3.1,1,0.0278,3,0,0,0.0,0.138,0.619,0,0,active,36.5,9,3,3.12,0.6213,0,1,defaulted
SYNTH-01861,2,KAPATAGAN,YAMAHA,MIO SPORTY,Scooter,73900.0,8868.0,0.12,65032.0,36,3307.08,0.1987,16645.51,Tricycle / PUV Operator,Living with Parents/Relatives,Single,12.7,10,0.3056,0,1,1,3307.08,0.437,0.612,1,1,delinquent,22.8,8,6,6.09,0.6076,0,1,defaulted
SYNTH-01862,1,LALA,HONDA,ADV160,Adventure Scooter,166900.0,41725.0,0.25,125175.0,24,7919.12,0.177,44748.46,OFW Remittance / Dependent,Owned (Clean Title),Married,1.7,19,0.7917,1,0,0,0.0,0.093,0.694,0,0,active,54.8,4,2,2.31,0.7524,0,0,completed
SYNTH-01863,1,LALA,SUZUKI,RAIDER 150 FI,Sport Underbone,119900.0,17985.0,0.15,101915.0,36,5069.27,0.1294,39168.77,Public School Teacher,Owned (Inherited/Tax Dec),Married,14.6,3,0.0833,1,0,0,0.0,0.0,0.858,0,0,active,57.3,6,3,2.54,0.7775,0,0,completed
SYNTH-01864,1,LALA,SUZUKI,BURGMAN STREET 125,Maxi-Scooter,83400.0,16680.0,0.2,66720.0,12,7205.6,0.1896,38006.0,Public School Teacher,Owned (Inherited/Tax Dec),Married,10.8,3,0.25,0,0,0,0.0,0.081,0.808,0,0,active,53.4,4,4,4.01,0.8758,0,1,defaulted
SYNTH-01865,2,KAPATAGAN,SUZUKI,SMASH 115,Underbone,62400.0,7488.0,0.12,54912.0,24,3586.24,0.0707,50710.36,OFW Remittance / Dependent,Owned (Inherited/Tax Dec),Married,7.2,8,0.3333,3,0,0,0.0,0.0,0.976,0,0,active,20.1,6,4,3.91,0.8646,0,0,completed
SYNTH-01866,1,LALA,SUZUKI,RAIDER 150 FI,Sport Underbone,119900.0,35970.0,0.3,83930.0,12,9012.65,0.2759,32663.36,BPO / Call Center Agent,Owned (Clean Title),Married,13.0,6,0.8333,0,3,4,36050.6,0.355,0.413,0,0,defaulted,59.5,3,3,3.67,0.5,0,1,defaulted
SYNTH-01867,3,TUBOD,YAMAHA,MIO FAZZIO,Retro Scooter,93900.0,9390.0,0.1,84510.0,24,5411.45,0.0812,66621.4,OFW Remittance / Dependent,Living with Parents/Relatives,Widowed,32.7,6,0.25,3,0,0,0.0,0.0,0.988,0,0,active,54.2,10,2,1.54,0.9915,0,0,completed
SYNTH-01868,3,TUBOD,YAMAHA,NMAX 155,Maxi-Scooter,151900.0,15190.0,0.1,136710.0,12,14554.55,0.4716,30859.21,BPO / Call Center Agent,Owned (Inherited/Tax Dec),Married,2.2,10,1.0,1,3,2,29109.1,0.319,0.542,0,0,defaulted,40.2,11,3,3.3,0.6626,0,1,defaulted
SYNTH-01869,1,LALA,KAWASAKI,CT100B,Backbone/Utility,54000.0,6480.0,0.12,47520.0,24,3130.4,0.1193,26240.15,Tricycle / PUV Operator,Living with Parents/Relatives,Married,2.8,9,0.5,0,1,3,9391.2,0.244,0.388,0,0,defaulted,14.0,7,5,4.29,0.5,0,0,defaulted
SYNTH-01870,2,KAPATAGAN,YAMAHA,MIO SPORTY,Scooter,73900.0,14780.0,0.2,59120.0,24,3845.73,0.3205,12000.0,Sari-Sari / Small Retail,Owned (Clean Title),Married,3.1,5,0.25,0,2,1,3845.73,0.334,0.363,0,0,delinquent,63.3,5,4,4.03,0.5,0,1,defaulted
SYNTH-01871,2,KAPATAGAN,YAMAHA,MIO GEAR 125,Scooter,79400.0,23820.0,0.3,55580.0,36,2855.49,0.0921,31011.65,Public School Teacher,Owned (Inherited/Tax Dec),Widowed,13.2,24,0.6667,3,0,0,0.0,0.0,0.872,0,0,active,48.5,5,4,4.32,0.8748,0,0,completed
SYNTH-01872,2,KAPATAGAN,KAWASAKI,CT100B,Backbone/Utility,54000.0,16200.0,0.3,37800.0,36,2006.0,0.0995,20157.8,Agri / Farmer / Fisherfolk,Rented (Apartment/House),Widowed,9.1,11,0.4167,0,2,4,8024.0,0.282,0.635,1,0,defaulted,47.8,9,3,2.83,0.6412,0,1,defaulted
SYNTH-01873,2,KAPATAGAN,KAWASAKI,P24KK (BARAKO II),Backbone/Tricycle,68500.0,20550.0,0.3,47950.0,36,2490.94,0.0686,36317.21,Public School Teacher,Living with Parents/Relatives,Married,10.3,25,0.6944,8,0,0,0.0,0.0,0.852,0,0,active,38.7,3,4,3.94,0.8804,0,0,completed
SYNTH-01874,2,KAPATAGAN,HONDA,ADV160,Adventure Scooter,166900.0,33380.0,0.2,133520.0,12,14219.6,0.3177,44753.28,OFW Remittance / Dependent,Rented (Apartment/House),Single,9.2,9,0.9167,1,4,2,28439.2,0.186,0.292,0,0,defaulted,42.3,5,2,2.01,0.5,0,1,defaulted
SYNTH-01875,1,LALA,KAWASAKI,ROUSER NS125,Sport Backbone,82000.0,20500.0,0.25,61500.0,12,6657.5,0.1542,43184.9,BPO / Call Center Agent,Living with Parents/Relatives,Widowed,12.9,0,0.0833,3,0,1,6657.5,0.126,0.743,0,0,delinquent,42.6,10,2,2.14,0.7231,0,1,defaulted
SYNTH-01876,2,KAPATAGAN,SUZUKI,BURGMAN STREET 125,Maxi-Scooter,83400.0,12510.0,0.15,70890.0,24,4571.55,0.2386,19161.65,Tricycle / PUV Operator,Owned (Inherited/Tax Dec),Single,7.0,7,0.3333,1,1,1,4571.55,0.405,0.608,0,0,delinquent,44.8,12,4,4.25,0.7156,0,1,defaulted
SYNTH-01877,2,KAPATAGAN,HONDA,PCX160,Maxi-Scooter,134900.0,16188.0,0.12,118712.0,24,7520.57,0.1875,40100.51,Employed (Private/Gov),Owned (Inherited/Tax Dec),Single,9.4,16,0.6667,1,1,0,0.0,0.056,0.682,0,0,active,48.8,1,2,2.02,0.6049,0,1,defaulted
SYNTH-01878,1,LALA,KAWASAKI,CT100B,Backbone/Utility,54000.0,16200.0,0.3,37800.0,36,2006.0,0.092,21810.89,Sari-Sari / Small Retail,Rented (Apartment/House),Widowed,1.8,0,0.0556,1,2,4,8024.0,0.279,0.321,0,0,defaulted,54.7,2,3,2.52,0.5,0,1,defaulted
SYNTH-01879,2,KAPATAGAN,YAMAHA,MIO FAZZIO,Retro Scooter,93900.0,18780.0,0.2,75120.0,36,3789.07,0.278,13630.57,Agri / Farmer / Fisherfolk,Owned (Inherited/Tax Dec),Married,4.2,23,0.7222,0,3,3,11367.21,0.42,0.502,0,0,defaulted,15.0,11,4,4.14,0.6473,0,0,defaulted
SYNTH-01880,1,LALA,YAMAHA,MIO FAZZIO,Retro Scooter,93900.0,11268.0,0.12,82632.0,36,4147.97,0.3457,12000.0,Agri / Farmer / Fisherfolk,Living with Parents/Relatives,Married,5.3,9,0.3611,1,1,4,16591.88,0.394,0.427,1,0,defaulted,39.7,10,3,3.53,0.5,0,0,defaulted
SYNTH-01881,3,TUBOD,KAWASAKI,ROUSER NS125,Sport Backbone,82000.0,12300.0,0.15,69700.0,36,3530.11,0.0999,35333.71,Employed (Private/Gov),Owned (Inherited/Tax Dec),Widowed,6.4,33,0.9167,11,0,0,0.0,0.0,0.888,0,0,active,38.8,11,2,1.53,1.038,1,0,early_settled
SYNTH-01882,1,LALA,HONDA,TMX125 ALPHA,Backbone/Utility,57900.0,14475.0,0.25,43425.0,36,2274.75,0.0947,24013.25,Tricycle / PUV Operator,Rented (Apartment/House),Widowed,13.3,26,0.8333,0,4,4,9099.0,0.431,0.363,0,1,defaulted,18.6,9,6,6.25,0.5,0,1,defaulted
SYNTH-01883,1,LALA,HONDA,WAVE RSX,Underbone,64900.0,12980.0,0.2,51920.0,12,5651.6,0.243,23261.05,OFW Remittance / Dependent,Owned (Inherited/Tax Dec),Single,4.1,1,0.1667,0,3,1,5651.6,0.259,0.635,1,0,delinquent,21.0,10,5,5.06,0.6487,0,1,defaulted
SYNTH-01884,2,KAPATAGAN,SUZUKI,BURGMAN STREET 125,Maxi-Scooter,83400.0,12510.0,0.15,70890.0,12,7643.45,0.2398,31880.6,Employed (Private/Gov),Owned (Clean Title),Married,4.6,1,0.4167,0,4,4,30573.8,0.437,0.349,0,0,defaulted,19.0,11,5,5.36,0.5,0,1,defaulted
SYNTH-01885,2,KAPATAGAN,SUZUKI,SMASH 115,Underbone,62400.0,15600.0,0.25,46800.0,12,5114.0,0.2315,22091.79,Agri / Farmer / Fisherfolk,Owned (Clean Title),Married,11.3,8,0.75,1,3,1,5114.0,0.2,0.616,0,0,delinquent,53.7,8,4,3.97,0.6106,0,0,defaulted
SYNTH-01886,3,TUBOD,HONDA,WAVE RSX,Underbone,64900.0,6490.0,0.1,58410.0,36,2990.7,0.15,19940.01,Employed (Private/Gov),Owned (Clean Title),Married,11.6,6,0.1944,3,0,1,2990.7,0.025,0.61,0,0,delinquent,24.2,2,4,3.9,0.5619,0,0,completed
SYNTH-01887,1,LALA,HONDA,CLICK 160,Scooter,122900.0,12290.0,0.1,110610.0,36,5484.7,0.3015,18193.61,Agri / Farmer / Fisherfolk,Living with Parents/Relatives,Married,12.0,6,0.2778,1,4,4,21938.8,0.26,0.216,0,0,defaulted,16.6,1,5,4.97,0.5,0,1,defaulted
SYNTH-01888,3,TUBOD,HONDA,PCX160,Maxi-Scooter,134900.0,13490.0,0.1,121410.0,12,12948.05,0.566,22875.4,Sari-Sari / Small Retail,Owned (Clean Title),Married,4.4,1,0.3333,0,3,3,38844.15,0.343,0.237,0,0,defaulted,21.1,4,3,2.96,0.5,0,0,defaulted
SYNTH-01889,2,KAPATAGAN,HONDA,WAVE RSX,Underbone,64900.0,16225.0,0.25,48675.0,36,2525.58,0.0587,43040.99,Employed (Private/Gov),Rented (Apartment/House),Single,9.2,7,0.1944,3,2,0,0.0,0.124,0.765,0,0,active,23.0,6,4,4.68,0.6839,1,0,completed
SYNTH-01890,2,KAPATAGAN,HONDA,ADV160,Adventure Scooter,166900.0,20028.0,0.12,146872.0,12,15621.56,0.9094,17177.77,Agri / Farmer / Fisherfolk,Owned (Clean Title),Widowed,16.1,11,1.0,0,3,1,15621.56,0.359,0.561,0,0,delinquent,59.7,1,2,2.26,0.5,0,1,defaulted
SYNTH-01891,1,LALA,SUZUKI,RAIDER 150 FI,Sport Underbone,119900.0,14388.0,0.12,105512.0,12,11278.76,0.4438,25412.25,Sari-Sari / Small Retail,Owned (Clean Title),Married,4.1,6,0.75,0,3,3,33836.28,0.436,0.36,1,0,defaulted,10.4,10,4,4.27,0.5,0,1,defaulted
SYNTH-01892,1,LALA,YAMAHA,NMAX 155,Maxi-Scooter,151900.0,30380.0,0.2,121520.0,24,7693.73,0.3248,23690.71,BPO / Call Center Agent,Living with Parents/Relatives,Widowed,3.4,5,0.2917,1,1,2,15387.46,0.171,0.635,0,0,defaulted,15.1,11,5,4.47,0.8065,0,1,defaulted
SYNTH-01893,2,KAPATAGAN,KAWASAKI,ROUSER NS125,Sport Backbone,82000.0,20500.0,0.25,61500.0,12,6657.5,0.4041,16474.67,Sari-Sari / Small Retail,Owned (Clean Title),Widowed,3.3,3,0.4167,0,2,2,13315.0,0.361,0.498,1,0,defaulted,47.3,12,2,1.89,0.5807,0,1,defaulted
SYNTH-01894,1,LALA,HONDA,PCX160,Maxi-Scooter,134900.0,33725.0,0.25,101175.0,12,10823.38,0.2155,50219.82,OFW Remittance / Dependent,Owned (Inherited/Tax Dec),Married,11.5,11,0.9167,3,2,0,0.0,0.066,0.816,0,0,active,49.3,6,2,1.94,0.7371,1,0,completed
SYNTH-01895,2,KAPATAGAN,HONDA,TMX125 ALPHA,Backbone/Utility,57900.0,5790.0,0.1,52110.0,36,2689.7,0.0686,39235.05,OFW Remittance / Dependent,Owned (Inherited/Tax Dec),Widowed,7.8,1,0.0278,1,0,0,0.0,0.0,0.995,0,0,active,48.9,11,5,4.9,1.1,0,0,completed
SYNTH-01896,2,KAPATAGAN,KAWASAKI,ROUSER NS125,Sport Backbone,82000.0,20500.0,0.25,61500.0,24,3992.5,0.1627,24534.49,BPO / Call Center Agent,Owned (Clean Title),Widowed,11.6,22,0.9583,2,2,1,3992.5,0.003,0.717,0,0,delinquent,57.0,9,2,2.36,0.6973,0,0,completed
SYNTH-01897,3,TUBOD,KAWASAKI,P24KK (BARAKO II),Backbone/Tricycle,68500.0,20550.0,0.3,47950.0,12,5234.75,0.1429,36622.66,Employed (Private/Gov),Owned (Clean Title),Married,12.1,11,1.0,2,1,1,5234.75,0.067,0.729,0,0,delinquent,36.6,7,3,2.85,0.757,0,0,completed
SYNTH-01898,1,LALA,YAMAHA,MIO GEAR 125,Scooter,79400.0,9528.0,0.12,69872.0,36,3538.33,0.0631,56078.67,OFW Remittance / Dependent,Living with Parents/Relatives,Married,24.1,29,0.8056,11,0,0,0.0,0.0,0.882,0,0,active,41.5,8,4,4.08,0.8686,0,0,completed
SYNTH-01899,1,LALA,YAMAHA,MIO FAZZIO,Retro Scooter,93900.0,9390.0,0.1,84510.0,24,5411.45,0.1549,34932.67,BPO / Call Center Agent,Owned (Inherited/Tax Dec),Married,7.3,8,0.375,3,0,1,5411.45,0.086,0.634,1,0,delinquent,14.6,11,5,4.82,0.7295,0,1,defaulted
SYNTH-01900,2,KAPATAGAN,HONDA,ADV160,Adventure Scooter,166900.0,33380.0,0.2,133520.0,36,6579.29,0.3078,21377.11,Agri / Farmer / Fisherfolk,Owned (Inherited/Tax Dec),Single,6.5,31,0.9167,1,4,2,13158.58,0.217,0.235,1,0,defaulted,11.8,2,3,3.11,0.5,0,1,defaulted
SYNTH-01901,1,LALA,HONDA,CLICK 125I,Scooter,81400.0,8140.0,0.1,73260.0,24,4717.7,0.2242,21042.62,Tricycle / PUV Operator,Rented (Apartment/House),Widowed,13.6,18,0.9167,0,1,4,18870.8,0.374,0.631,1,1,defaulted,40.5,3,5,5.34,0.6504,0,1,defaulted
SYNTH-01902,1,LALA,SUZUKI,RAIDER 150 FI,Sport Underbone,119900.0,35970.0,0.3,83930.0,24,5375.68,0.3899,13786.18,Tricycle / PUV Operator,Owned (Clean Title),Single,11.7,4,0.25,0,2,2,10751.36,0.193,0.306,0,1,defaulted,60.4,5,3,2.74,0.5,0,1,defaulted
SYNTH-01903,1,LALA,SUZUKI,SMASH 115,Underbone,62400.0,15600.0,0.25,46800.0,36,2436.0,0.0299,81544.8,OFW Remittance / Dependent,Rented (Apartment/House),Married,4.4,12,0.3611,2,2,1,2436.0,0.085,0.826,1,0,delinquent,24.1,1,5,5.22,0.7466,0,0,completed
SYNTH-01904,3,TUBOD,SUZUKI,SMASH 115,Underbone,62400.0,6240.0,0.1,56160.0,12,6096.8,0.1017,59920.34,OFW Remittance / Dependent,Rented (Apartment/House),Single,6.8,11,1.0,0,0,1,6096.8,0.144,0.771,0,0,delinquent,61.4,6,3,2.85,0.7015,0,0,completed
SYNTH-01905,1,LALA,YAMAHA,MIO SPORTY,Scooter,73900.0,22170.0,0.3,51730.0,12,5631.65,0.3943,14283.96,Agri / Farmer / Fisherfolk,Rented (Apartment/House),Married,10.3,8,0.75,1,2,1,5631.65,0.399,0.216,0,0,delinquent,29.4,12,6,6.35,0.5,0,1,defaulted
SYNTH-01906,3,TUBOD,YAMAHA,MIO GEAR 125,Scooter,79400.0,7940.0,0.1,71460.0,24,4606.7,0.1499,30727.09,BPO / Call Center Agent,Owned (Clean Title),Widowed,5.9,5,0.2083,0,0,0,0.0,0.11,0.828,0,0,active,44.7,5,3,3.25,0.844,0,1,defaulted
SYNTH-01907,3,TUBOD,YAMAHA,MIO SPORTY,Scooter,73900.0,8868.0,0.12,65032.0,24,4210.31,0.0953,44185.37,Public School Teacher,Living with Parents/Relatives,Single,6.0,17,0.7083,2,0,0,0.0,0.0,0.91,0,0,active,39.9,11,4,3.83,1.0394,0,0,completed
SYNTH-01908,2,KAPATAGAN,KAWASAKI,ROUSER NS125,Sport Backbone,82000.0,24600.0,0.3,57400.0,12,6227.0,0.2532,24593.16,BPO / Call Center Agent,Rented (Apartment/House),Widowed,4.1,1,0.25,1,1,2,12454.0,0.39,0.276,1,0,defaulted,18.1,10,3,2.8,0.5,0,1,defaulted
SYNTH-01909,1,LALA,HONDA,CLICK 125I,Scooter,81400.0,20350.0,0.25,61050.0,24,3964.75,0.1604,24719.46,BPO / Call Center Agent,Owned (Inherited/Tax Dec),Married,1.8,19,0.875,1,1,2,7929.5,0.217,0.547,0,0,defaulted,64.4,3,5,5.22,0.5329,0,1,defaulted
SYNTH-01910,1,LALA,KAWASAKI,P24KK (BARAKO II),Backbone/Tricycle,68500.0,8220.0,0.12,60280.0,36,3080.04,0.1676,18376.14,Agri / Farmer / Fisherfolk,Rented (Apartment/House),Married,9.4,23,0.7222,1,1,3,9240.12,0.366,0.561,0,0,defaulted,56.7,8,4,4.42,0.6123,0,0,defaulted
SYNTH-01911,2,KAPATAGAN,SUZUKI,BURGMAN STREET 125,Maxi-Scooter,83400.0,12510.0,0.15,70890.0,24,4571.55,0.1524,29994.99,Sari-Sari / Small Retail,Living with Parents/Relatives,Single,10.9,2,0.25,1,1,4,18286.2,0.194,0.367,0,0,defaulted,64.8,12,4,4.14,0.5,0,1,defaulted
SYNTH-01912,2,KAPATAGAN,YAMAHA,MIO GEAR 125,Scooter,79400.0,23820.0,0.3,55580.0,24,3627.43,0.077,47106.38,Public School Teacher,Rented (Apartment/House),Single,8.9,1,0.0833,3,1,1,3627.43,0.092,0.808,0,0,delinquent,40.2,5,4,4.36,0.7755,0,0,completed
SYNTH-01913,2,KAPATAGAN,YAMAHA,AEROX 155,Sport Scooter,125400.0,25080.0,0.2,100320.0,24,6386.4,0.1541,41429.92,Employed (Private/Gov),Owned (Clean Title),Widowed,16.8,13,0.5833,0,0,1,6386.4,0.146,0.825,0,0,delinquent,33.5,10,3,3.27,0.8093,0,1,defaulted
SYNTH-01914,3,TUBOD,HONDA,CLICK 160,Scooter,122900.0,30725.0,0.25,92175.0,24,5884.12,0.1727,34065.34,Public School Teacher,Living with Parents/Relatives,Married,16.0,8,0.375,1,1,1,5884.12,0.125,0.79,0,0,delinquent,35.4,10,3,3.06,0.7915,0,1,defaulted
SYNTH-01915,2,KAPATAGAN,KAWASAKI,ROUSER NS125,Sport Backbone,82000.0,16400.0,0.2,65600.0,36,3334.22,0.0884,37717.83,OFW Remittance / Dependent,Living with Parents/Relatives,Widowed,4.2,11,0.3333,2,0,1,3334.22,0.149,0.702,0,0,delinquent,29.4,3,2,1.7,0.7551,0,0,completed
SYNTH-01916,2,KAPATAGAN,HONDA,TMX125 ALPHA,Backbone/Utility,57900.0,8685.0,0.15,49215.0,36,2551.38,0.0855,29832.2,Public School Teacher,Living with Parents/Relatives,Single,6.1,6,0.1667,4,0,0,0.0,0.0,0.865,0,0,active,53.5,5,4,4.03,0.8373,0,0,completed
SYNTH-01917,1,LALA,YAMAHA,MIO SPORTY,Scooter,73900.0,11085.0,0.15,62815.0,24,4073.59,0.054,75408.58,OFW Remittance / Dependent,Owned (Inherited/Tax Dec),Widowed,8.9,18,0.75,6,0,0,0.0,0.0,0.907,0,0,active,38.3,5,5,4.67,0.9087,1,0,early_settled
SYNTH-01918,3,TUBOD,HONDA,CLICK 125I,Scooter,81400.0,16280.0,0.2,65120.0,24,4215.73,0.1051,40115.62,BPO / Call Center Agent,Owned (Inherited/Tax Dec),Widowed,5.8,1,0.0417,1,0,0,0.0,0.0,0.963,0,0,active,14.4,5,4,3.65,0.9734,0,0,completed
SYNTH-01919,1,LALA,YAMAHA,MIO GEAR 125,Scooter,79400.0,9528.0,0.12,69872.0,36,3538.33,0.1446,24476.5,BPO / Call Center Agent,Owned (Clean Title),Married,15.0,14,0.4167,1,2,1,3538.33,0.092,0.816,0,0,delinquent,39.6,3,4,3.97,0.8492,0,0,completed
SYNTH-01920,1,LALA,HONDA,PCX160,Maxi-Scooter,134900.0,20235.0,0.15,114665.0,12,12239.82,0.2253,54338.04,OFW Remittance / Dependent,Owned (Inherited/Tax Dec),Widowed,10.1,0,0.0833,1,2,1,12239.82,0.085,0.634,0,0,delinquent,15.0,12,4,4.5,0.7328,0,0,completed
SYNTH-01921,3,TUBOD,HONDA,PCX160,Maxi-Scooter,134900.0,16188.0,0.12,118712.0,24,7520.57,0.1839,40900.76,BPO / Call Center Agent,Owned (Inherited/Tax Dec),Single,13.8,20,0.8333,1,0,0,0.0,0.116,0.79,0,0,active,32.2,9,2,2.23,0.7562,0,0,completed
SYNTH-01922,1,LALA,HONDA,ADV160,Adventure Scooter,166900.0,33380.0,0.2,133520.0,36,6579.29,0.1242,52966.05,OFW Remittance / Dependent,Owned (Inherited/Tax Dec),Married,3.9,13,0.3889,3,0,1,6579.29,0.076,0.656,0,0,delinquent,63.1,1,2,2.19,0.5954,0,1,defaulted
SYNTH-01923,1,LALA,HONDA,ADV160,Adventure Scooter,166900.0,25035.0,0.15,141865.0,24,8948.34,0.4559,19628.59,Agri / Farmer / Fisherfolk,Owned (Inherited/Tax Dec),Married,2.8,16,0.75,0,1,2,17896.68,0.32,0.351,1,0,defaulted,31.4,1,2,2.28,0.5,0,1,defaulted
SYNTH-01924,1,LALA,SUZUKI,BURGMAN STREET 125,Maxi-Scooter,83400.0,10008.0,0.12,73392.0,24,4725.84,0.1408,33570.35,Public School Teacher,Owned (Inherited/Tax Dec),Married,14.2,16,0.6667,10,0,0,0.0,0.0,0.877,0,0,active,27.6,10,4,3.37,0.8903,0,0,completed
SYNTH-01925,1,LALA,HONDA,CLICK 125I,Scooter,81400.0,24420.0,0.3,56980.0,36,2922.38,0.098,29815.61,Employed (Private/Gov),Owned (Clean Title),Married,1.1,21,0.6111,3,0,1,2922.38,0.077,0.702,0,0,delinquent,51.0,12,5,4.9,0.8186,0,0,completed
SYNTH-01926,3,TUBOD,KAWASAKI,CT100B,Backbone/Utility,54000.0,8100.0,0.15,45900.0,24,3030.5,0.1647,18402.3,Tricycle / PUV Operator,Rented (Apartment/House),Single,2.2,11,0.5,1,3,1,3030.5,0.247,0.557,0,0,delinquent,37.6,3,3,2.54,0.5457,0,1,defaulted
SYNTH-01927,1,LALA,HONDA,CLICK 125I,Scooter,81400.0,9768.0,0.12,71632.0,12,7721.36,0.1275,60537.38,OFW Remittance / Dependent,Living with Parents/Relatives,Married,8.3,1,0.1667,3,2,1,7721.36,0.037,0.802,0,0,delinquent,58.6,2,4,4.72,0.8546,0,0,completed
SYNTH-01928,2,KAPATAGAN,YAMAHA,MIO SPORTY,Scooter,73900.0,8868.0,0.12,65032.0,36,3307.08,0.0896,36894.09,BPO / Call Center Agent,Living with Parents/Relatives,Widowed,7.4,29,0.8056,0,2,0,0.0,0.065,0.788,0,0,active,40.1,6,4,4.16,0.6995,0,0,completed
SYNTH-01929,1,LALA,HONDA,ADV160,Adventure Scooter,166900.0,33380.0,0.2,133520.0,24,8433.73,0.3025,27876.52,Employed (Private/Gov),Rented (Apartment/House),Widowed,16.7,22,0.9583,0,3,1,8433.73,0.303,0.428,1,0,delinquent,49.9,7,2,2.87,0.5,0,1,defaulted
SYNTH-01930,1,LALA,HONDA,BEAT PREMIUM,Scooter,72400.0,21720.0,0.3,50680.0,36,2621.38,0.0826,31749.27,Employed (Private/Gov),Owned (Inherited/Tax Dec),Single,5.8,21,0.5833,8,0,0,0.0,0.0,0.851,0,0,active,43.7,7,5,5.0,0.877,0,0,completed
SYNTH-01931,3,TUBOD,HONDA,PCX160,Maxi-Scooter,134900.0,13490.0,0.1,121410.0,12,12948.05,0.821,15770.86,Agri / Farmer / Fisherfolk,Owned (Clean Title),Married,7.6,7,0.9167,0,4,4,51792.2,0.231,0.554,0,0,defaulted,50.3,7,2,1.6,0.5952,0,1,defaulted
SYNTH-01932,3,TUBOD,YAMAHA,SNIPER 155,Sport Underbone,123900.0,14868.0,0.12,109032.0,24,6923.64,0.3216,21526.55,Tricycle / PUV Operator,Rented (Apartment/House),Married,3.9,4,0.2083,0,4,1,6923.64,0.358,0.53,0,0,delinquent,53.6,3,2,1.87,0.5372,0,1,defaulted
SYNTH-01933,2,KAPATAGAN,SUZUKI,RAIDER 150 FI,Sport Underbone,119900.0,23980.0,0.2,95920.0,24,6115.07,0.453,13499.6,Tricycle / PUV Operator,Living with Parents/Relatives,Married,4.1,1,0.125,0,3,2,12230.14,0.184,0.485,0,1,defaulted,53.0,12,3,3.32,0.616,0,1,defaulted
SYNTH-01934,1,LALA,YAMAHA,AEROX 155,Sport Scooter,125400.0,31350.0,0.25,94050.0,24,5999.75,0.2524,23768.28,Agri / Farmer / Fisherfolk,Living with Parents/Relatives,Married,4.9,17,0.7917,1,2,2,11999.5,0.218,0.326,0,1,defaulted,54.3,7,3,3.33,0.5,0,1,defaulted
SYNTH-01935,2,KAPATAGAN,SUZUKI,RAIDER 150 FI,Sport Underbone,119900.0,14388.0,0.12,105512.0,24,6706.57,0.2498,26852.29,Agri / Farmer / Fisherfolk,Rented (Apartment/House),Widowed,6.8,15,0.6667,1,3,1,6706.57,0.44,0.558,0,0,delinquent,50.0,8,3,2.77,0.5575,0,1,defaulted
SYNTH-01936,2,KAPATAGAN,YAMAHA,MIO SPORTY,Scooter,73900.0,18475.0,0.25,55425.0,36,2848.08,0.1362,20912.46,Sari-Sari / Small Retail,Owned (Clean Title),Married,3.0,8,0.25,0,1,1,2848.08,0.294,0.362,0,0,delinquent,63.1,7,4,4.28,0.5,0,1,defaulted
SYNTH-01937,2,KAPATAGAN,HONDA,TMX125 ALPHA,Backbone/Utility,57900.0,11580.0,0.2,46320.0,12,5063.6,0.3121,16226.15,Tricycle / PUV Operator,Rented (Apartment/House),Widowed,4.0,7,0.6667,0,3,1,5063.6,0.382,0.358,0,0,delinquent,44.2,6,4,4.53,0.5,0,0,defaulted
SYNTH-01938,2,KAPATAGAN,KAWASAKI,P24KK (BARAKO II),Backbone/Tricycle,68500.0,10275.0,0.15,58225.0,36,2981.86,0.1712,17413.71,Agri / Farmer / Fisherfolk,Owned (Inherited/Tax Dec),Widowed,10.3,22,0.7222,0,4,4,11927.44,0.385,0.595,0,0,defaulted,32.4,5,4,3.99,0.5709,0,1,defaulted
SYNTH-01939,3,TUBOD,YAMAHA,NMAX 155,Maxi-Scooter,151900.0,37975.0,0.25,113925.0,36,5643.08,0.1443,39117.74,Public School Teacher,Owned (Inherited/Tax Dec),Married,3.3,19,0.5278,2,0,0,0.0,0.113,0.776,0,0,active,13.6,6,3,3.26,0.6956,0,0,completed
SYNTH-01940,1,LALA,YAMAHA,NMAX 155,Maxi-Scooter,151900.0,37975.0,0.25,113925.0,24,7225.38,0.2616,27615.11,Sari-Sari / Small Retail,Owned (Inherited/Tax Dec),Widowed,2.8,10,0.4583,0,2,1,7225.38,0.291,0.25,0,0,delinquent,23.4,7,5,4.65,0.5,0,1,defaulted
SYNTH-01941,3,TUBOD,YAMAHA,SNIPER 155,Sport Underbone,123900.0,30975.0,0.25,92925.0,36,4639.75,0.1331,34858.0,Public School Teacher,Owned (Inherited/Tax Dec),Married,6.9,29,0.8056,10,0,0,0.0,0.0,0.93,0,0,active,44.6,5,2,1.93,0.9548,0,0,completed
SYNTH-01942,3,TUBOD,KAWASAKI,CT100B,Backbone/Utility,54000.0,5400.0,0.1,48600.0,12,5303.0,0.2987,17753.64,Agri / Farmer / Fisherfolk,Owned (Inherited/Tax Dec),Single,5.1,4,0.4167,0,3,1,5303.0,0.272,0.417,1,0,delinquent,43.3,8,3,3.25,0.5,0,1,defaulted
SYNTH-01943,2,KAPATAGAN,SUZUKI,SMASH 115,Underbone,62400.0,12480.0,0.2,49920.0,36,2585.07,0.1473,17544.61,Agri / Farmer / Fisherfolk,Owned (Clean Title),Married,17.8,29,0.8333,0,3,1,2585.07,0.219,0.266,0,0,delinquent,15.9,8,5,5.01,0.5,0,1,defaulted
SYNTH-01944,1,LALA,HONDA,WAVE RSX,Underbone,64900.0,16225.0,0.25,48675.0,12,5310.88,0.177,30000.47,Public School Teacher,Owned (Inherited/Tax Dec),Single,4.0,11,0.9167,1,0,0,0.0,0.081,0.639,0,0,active,15.4,3,5,5.11,0.6174,0,0,completed
SYNTH-01945,3,TUBOD,HONDA,CLICK 160,Scooter,122900.0,24580.0,0.2,98320.0,12,10523.6,0.7462,14103.35,Sari-Sari / Small Retail,Living with Parents/Relatives,Married,6.1,7,0.6667,0,4,1,10523.6,0.194,0.375,0,0,delinquent,22.6,3,4,3.78,0.5,0,1,defaulted
SYNTH-01946,3,TUBOD,YAMAHA,NMAX 155,Maxi-Scooter,151900.0,18228.0,0.12,133672.0,12,14235.56,0.363,39216.76,Public School Teacher,Owned (Clean Title),Single,21.2,0,0.25,0,1,3,42706.68,0.446,0.209,0,0,defaulted,30.2,5,3,2.76,0.5,0,1,defaulted
SYNTH-01947,3,TUBOD,HONDA,WAVE RSX,Underbone,64900.0,19470.0,0.3,45430.0,36,2370.54,0.0519,45687.65,Public School Teacher,Owned (Inherited/Tax Dec),Widowed,1.0,25,0.6944,1,0,0,0.0,0.0,0.853,0,0,active,29.8,9,3,3.12,0.8371,0,0,completed
SYNTH-01948,1,LALA,SUZUKI,SMASH 115,Underbone,62400.0,18720.0,0.3,43680.0,36,2286.93,0.0835,27393.04,Sari-Sari / Small Retail,Rented (Apartment/House),Widowed,7.9,2,0.1667,1,2,4,9147.72,0.195,0.515,1,0,defaulted,57.7,10,4,3.85,0.5,0,1,defaulted
SYNTH-01949,2,KAPATAGAN,YAMAHA,NMAX 155,Maxi-Scooter,151900.0,22785.0,0.15,129115.0,24,8162.09,0.5527,14767.89,Sari-Sari / Small Retail,Owned (Inherited/Tax Dec),Single,12.8,13,0.5833,0,1,1,8162.09,0.152,0.618,0,1,delinquent,60.7,2,3,2.03,0.6206,0,1,defaulted
SYNTH-01950,3,TUBOD,HONDA,WAVE RSX,Underbone,64900.0,9735.0,0.15,55165.0,12,5992.32,0.074,80983.54,OFW Remittance / Dependent,Owned (Clean Title),Single,4.9,4,0.4167,3,0,1,5992.32,0.041,0.66,0,0,delinquent,60.6,12,3,3.06,0.8322,0,0,completed
SYNTH-01951,3,TUBOD,HONDA,CLICK 160,Scooter,122900.0,36870.0,0.3,86030.0,36,4310.32,0.2107,20453.64,Sari-Sari / Small Retail,Owned (Clean Title),Married,6.9,30,0.9167,1,1,3,12930.96,0.406,0.278,1,1,defaulted,17.7,5,4,3.75,0.5,0,1,defaulted
SYNTH-01952,1,LALA,HONDA,PCX160,Maxi-Scooter,134900.0,20235.0,0.15,114665.0,36,5678.44,0.1144,49646.87,OFW Remittance / Dependent,Rented (Apartment/House),Widowed,18.4,5,0.1389,1,1,0,0.0,0.081,0.785,0,0,active,61.3,5,3,3.94,0.8008,0,0,completed
SYNTH-01953,3,TUBOD,HONDA,WAVE RSX,Underbone,64900.0,16225.0,0.25,48675.0,24,3201.62,0.1317,24302.17,BPO / Call Center Agent,Living with Parents/Relatives,Widowed,2.1,1,0.0833,0,1,1,3201.62,0.316,0.283,1,0,delinquent,49.7,7,3,3.78,0.5,0,0,defaulted
SYNTH-01954,2,KAPATAGAN,YAMAHA,AEROX 155,Sport Scooter,125400.0,12540.0,0.1,112860.0,24,7159.7,0.2164,33089.57,Employed (Private/Gov),Rented (Apartment/House),Widowed,4.2,1,0.125,1,1,2,14319.4,0.419,0.619,0,0,defaulted,17.6,7,4,4.11,0.5484,0,1,defaulted
SYNTH-01955,3,TUBOD,SUZUKI,RAIDER 150 FI,Sport Underbone,119900.0,23980.0,0.2,95920.0,36,4782.84,0.3986,12000.0,Tricycle / PUV Operator,Owned (Inherited/Tax Dec),Widowed,8.1,2,0.1667,0,3,4,19131.36,0.364,0.405,0,0,defaulted,53.6,2,2,2.41,0.5,0,0,defaulted
SYNTH-01956,1,LALA,SUZUKI,BURGMAN STREET 125,Maxi-Scooter,83400.0,20850.0,0.25,62550.0,24,4057.25,0.1697,23904.11,Sari-Sari / Small Retail,Rented (Apartment/House),Widowed,1.1,22,1.0,1,2,2,8114.5,0.37,0.377,1,1,defaulted,60.7,12,4,3.74,0.5,0,0,defaulted
SYNTH-01957,2,KAPATAGAN,HONDA,CLICK 125I,Scooter,81400.0,12210.0,0.15,69190.0,12,7464.95,0.2195,34001.82,OFW Remittance / Dependent,Owned (Inherited/Tax Dec),Married,8.8,10,0.9167,0,2,1,7464.95,0.093,0.76,0,0,delinquent,40.4,3,4,4.08,0.7725,0,0,completed
SYNTH-01958,3,TUBOD,YAMAHA,MIO GEAR 125,Scooter,79400.0,19850.0,0.25,59550.0,36,3045.17,0.0869,35022.47,Public School Teacher,Living with Parents/Relatives,Married,16.0,33,0.9167,3,0,0,0.0,0.0,0.968,0,0,active,53.0,5,3,2.68,0.9994,0,0,completed
SYNTH-01959,1,LALA,YAMAHA,MIO FAZZIO,Retro Scooter,93900.0,28170.0,0.3,65730.0,24,4253.35,0.1365,31156.79,BPO / Call Center Agent,Owned (Inherited/Tax Dec),Single,14.6,16,0.6667,2,2,0,0.0,0.01,0.614,1,0,active,50.2,5,3,2.19,0.6078,0,0,completed
SYNTH-01960,2,KAPATAGAN,YAMAHA,NMAX 155,Maxi-Scooter,151900.0,18228.0,0.12,133672.0,12,14235.56,0.5906,24102.95,Sari-Sari / Small Retail,Rented (Apartment/House),Married,8.0,0,0.0833,0,3,2,28471.12,0.346,0.319,1,0,defaulted,40.7,7,3,3.48,0.5,0,1,defaulted
SYNTH-01961,2,KAPATAGAN,SUZUKI,BURGMAN STREET 125,Maxi-Scooter,83400.0,25020.0,0.3,58380.0,24,3800.1,0.2199,17278.27,Sari-Sari / Small Retail,Owned (Inherited/Tax Dec),Married,10.8,10,0.5,1,1,2,7600.2,0.385,0.271,1,0,defaulted,48.9,5,3,2.97,0.5,0,1,defaulted
SYNTH-01962,2,KAPATAGAN,HONDA,ADV160,Adventure Scooter,166900.0,16690.0,0.1,150210.0,36,7376.7,0.1971,37432.5,Public School Teacher,Owned (Clean Title),Widowed,8.7,35,0.9722,3,0,0,0.0,0.019,0.765,0,0,active,37.9,12,2,1.98,0.8968,0,0,completed
SYNTH-01963,1,LALA,YAMAHA,SNIPER 155,Sport Underbone,123900.0,37170.0,0.3,86730.0,24,5548.35,0.3267,16982.21,Agri / Farmer / Fisherfolk,Rented (Apartment/House),Widowed,6.5,2,0.1667,0,3,2,11096.7,0.164,0.4,1,0,defaulted,29.9,9,3,2.76,0.5,0,1,defaulted
SYNTH-01964,2,KAPATAGAN,HONDA,WAVE RSX,Underbone,64900.0,6490.0,0.1,58410.0,24,3801.95,0.0893,42580.39,Employed (Private/Gov),Owned (Clean Title),Single,3.7,5,0.2083,0,0,0,0.0,0.143,0.741,0,0,active,16.0,4,5,5.03,0.8206,0,0,completed
SYNTH-01965,2,KAPATAGAN,KAWASAKI,ROUSER NS125,Sport Backbone,82000.0,24600.0,0.3,57400.0,24,3739.67,0.1355,27601.82,BPO / Call Center Agent,Owned (Inherited/Tax Dec),Single,2.3,16,0.6667,3,1,0,0.0,0.131,0.759,0,0,active,35.4,7,2,2.59,0.7584,0,0,completed
SYNTH-01966,1,LALA,SUZUKI,BURGMAN STREET 125,Maxi-Scooter,83400.0,25020.0,0.3,58380.0,24,3800.1,0.184,20648.83,Sari-Sari / Small Retail,Rented (Apartment/House),Single,19.5,16,0.8333,0,3,4,15200.4,0.202,0.207,0,0,defaulted,25.3,10,4,3.98,0.5,0,1,defaulted
SYNTH-01967,3,TUBOD,YAMAHA,MIO FAZZIO,Retro Scooter,93900.0,14085.0,0.15,79815.0,12,8580.57,0.6432,13340.97,Sari-Sari / Small Retail,Owned (Inherited/Tax Dec),Married,8.0,0,0.0833,0,3,2,17161.14,0.406,0.631,1,0,defaulted,29.1,3,2,1.86,0.6688,0,1,defaulted
SYNTH-01968,3,TUBOD,YAMAHA,MIO FAZZIO,Retro Scooter,93900.0,23475.0,0.25,70425.0,36,3564.75,0.1652,21579.69,Tricycle / PUV Operator,Living with Parents/Relatives,Married,2.2,11,0.3611,1,2,2,7129.5,0.363,0.287,0,0,defaulted,63.5,4,2,1.82,0.5,0,1,defaulted
SYNTH-01969,3,TUBOD,HONDA,CLICK 125I,Scooter,81400.0,16280.0,0.2,65120.0,36,3311.29,0.11,30107.51,BPO / Call Center Agent,Owned (Clean Title),Married,3.2,16,0.4444,3,0,0,0.0,0.085,0.729,0,0,active,41.4,2,3,3.12,0.7101,0,0,completed
SYNTH-01970,2,KAPATAGAN,HONDA,CLICK 160,Scooter,122900.0,36870.0,0.3,86030.0,12,9233.15,0.3385,27272.64,Tricycle / PUV Operator,Owned (Clean Title),Single,9.9,2,0.25,0,1,1,9233.15,0.234,0.482,0,1,delinquent,48.8,10,4,4.01,0.5286,0,1,defaulted
SYNTH-01971,3,TUBOD,HONDA,WAVE RSX,Underbone,64900.0,16225.0,0.25,48675.0,36,2525.58,0.1207,20919.04,Tricycle / PUV Operator,Living with Parents/Relatives,Widowed,3.5,28,0.8333,1,2,2,5051.16,0.406,0.271,1,0,defaulted,25.5,6,2,2.26,0.5,0,1,defaulted
SYNTH-01972,2,KAPATAGAN,HONDA,PCX160,Maxi-Scooter,134900.0,26980.0,0.2,107920.0,12,11531.6,0.4332,26622.59,Sari-Sari / Small Retail,Owned (Inherited/Tax Dec),Single,5.6,5,0.6667,1,1,3,34594.8,0.33,0.228,0,0,defaulted,45.3,7,2,1.88,0.5,0,1,defaulted
SYNTH-01973,3,TUBOD,YAMAHA,MIO FAZZIO,Retro Scooter,93900.0,9390.0,0.1,84510.0,36,4237.7,0.2191,19338.52,Agri / Farmer / Fisherfolk,Living with Parents/Relatives,Married,8.4,12,0.3889,0,4,2,8475.4,0.382,0.371,0,0,defaulted,50.5,9,2,1.98,0.5,0,1,defaulted
SYNTH-01974,1,LALA,KAWASAKI,ROUSER NS125,Sport Backbone,82000.0,20500.0,0.25,61500.0,36,3138.33,0.0928,33804.49,BPO / Call Center Agent,Living with Parents/Relatives,Married,8.5,11,0.3056,3,2,0,0.0,0.053,0.672,0,0,active,23.4,12,4,3.59,0.7341,1,1,defaulted
SYNTH-01975,3,TUBOD,HONDA,BEAT PREMIUM,Scooter,72400.0,21720.0,0.3,50680.0,12,5521.4,0.1428,38667.12,Employed (Private/Gov),Rented (Apartment/House),Single,7.6,9,1.0,0,1,3,16564.2,0.402,0.284,1,1,defaulted,19.1,5,5,5.04,0.5,0,1,defaulted
SYNTH-01976,1,LALA,HONDA,BEAT PREMIUM,Scooter,72400.0,8688.0,0.12,63712.0,36,3244.02,0.1053,30801.8,BPO / Call Center Agent,Owned (Clean Title),Widowed,3.0,3,0.1111,1,0,1,3244.02,0.09,0.72,0,0,delinquent,46.2,4,5,4.53,0.7535,0,0,completed
SYNTH-01977,2,KAPATAGAN,HONDA,WAVE RSX,Underbone,64900.0,6490.0,0.1,58410.0,36,2990.7,0.1139,26252.12,Agri / Farmer / Fisherfolk,Owned (Clean Title),Single,4.2,1,0.0833,1,1,2,5981.4,0.241,0.35,1,0,defaulted,46.8,1,3,2.98,0.5,0,1,defaulted
SYNTH-01978,2,KAPATAGAN,SUZUKI,SMASH 115,Underbone,62400.0,9360.0,0.15,53040.0,24,3470.8,0.1211,28660.41,Employed (Private/Gov),Owned (Inherited/Tax Dec),Married,11.6,3,0.125,2,0,0,0.0,0.0,0.998,0,0,active,30.3,9,4,3.87,0.9802,0,0,completed
SYNTH-01979,3,TUBOD,HONDA,TMX125 ALPHA,Backbone/Utility,57900.0,8685.0,0.15,49215.0,12,5367.57,0.2744,19560.19,Sari-Sari / Small Retail,Owned (Clean Title),Married,11.8,8,1.0,0,4,4,21470.28,0.185,0.387,0,1,defaulted,43.7,3,3,2.68,0.5,0,1,defaulted
SYNTH-01980,3,TUBOD,HONDA,CLICK 125I,Scooter,81400.0,24420.0,0.3,56980.0,36,2922.38,0.0988,29588.16,Sari-Sari / Small Retail,Owned (Clean Title),Married,8.9,27,0.7778,0,1,1,2922.38,0.026,0.749,0,0,delinquent,54.9,5,3,3.49,0.7335,0,0,completed
SYNTH-01981,2,KAPATAGAN,HONDA,CLICK 125I,Scooter,81400.0,8140.0,0.1,73260.0,12,7892.3,0.362,21804.33,Agri / Farmer / Fisherfolk,Living with Parents/Relatives,Married,9.1,0,0.0833,0,2,2,15784.6,0.442,0.283,1,0,defaulted,10.7,4,6,6.18,0.5,0,1,defaulted
SYNTH-01982,3,TUBOD,YAMAHA,AEROX 155,Sport Scooter,125400.0,31350.0,0.25,94050.0,12,10075.25,0.3307,30469.09,Sari-Sari / Small Retail,Living with Parents/Relatives,Married,4.0,0,0.1667,1,3,2,20150.5,0.279,0.455,0,0,defaulted,44.7,7,2,1.88,0.5,0,1,defaulted
SYNTH-01983,3,TUBOD,YAMAHA,MIO GEAR 125,Scooter,79400.0,15880.0,0.2,63520.0,24,4117.07,0.2457,16757.37,Tricycle / PUV Operator,Owned (Clean Title),Single,3.5,10,0.5833,0,1,4,16468.28,0.268,0.41,0,0,defaulted,11.4,9,4,4.09,0.5,0,1,defaulted
SYNTH-01984,3,TUBOD,HONDA,WAVE RSX,Underbone,64900.0,19470.0,0.3,45430.0,24,3001.52,0.07,42901.86,BPO / Call Center Agent,Owned (Inherited/Tax Dec),Widowed,3.3,22,0.9167,2,0,0,0.0,0.146,0.793,0,0,active,48.9,11,3,2.93,0.8687,0,0,completed
SYNTH-01985,1,LALA,YAMAHA,AEROX 155,Sport Scooter,125400.0,25080.0,0.2,100320.0,12,10733.6,0.4461,24062.04,BPO / Call Center Agent,Owned (Inherited/Tax Dec),Married,3.6,5,0.5833,0,1,2,21467.2,0.169,0.273,0,0,defaulted,16.8,6,4,3.48,0.5,0,0,defaulted
SYNTH-01986,1,LALA,HONDA,TMX125 ALPHA,Backbone/Utility,57900.0,14475.0,0.25,43425.0,12,4759.62,0.1348,35312.84,Sari-Sari / Small Retail,Owned (Clean Title),Widowed,4.8,2,0.3333,0,1,2,9519.24,0.395,0.303,1,0,defaulted,33.7,3,5,4.61,0.5,0,1,defaulted
SYNTH-01987,2,KAPATAGAN,YAMAHA,MIO SPORTY,Scooter,73900.0,18475.0,0.25,55425.0,12,6019.62,0.234,25723.87,Sari-Sari / Small Retail,Rented (Apartment/House),Widowed,4.4,3,0.3333,1,3,1,6019.62,0.257,0.279,1,0,delinquent,20.1,5,6,6.24,0.5,0,0,defaulted
SYNTH-01988,1,LALA,YAMAHA,AEROX 155,Sport Scooter,125400.0,31350.0,0.25,94050.0,24,5999.75,0.1882,31874.5,Employed (Private/Gov),Rented (Apartment/House),Married,5.6,5,0.2917,1,1,2,11999.5,0.166,0.305,0,0,defaulted,49.3,7,3,2.88,0.5,0,1,defaulted
SYNTH-01989,2,KAPATAGAN,HONDA,PCX160,Maxi-Scooter,134900.0,20235.0,0.15,114665.0,24,7271.01,0.308,23608.07,Sari-Sari / Small Retail,Rented (Apartment/House),Single,7.7,16,0.7083,0,1,1,7271.01,0.291,0.314,0,0,delinquent,56.3,12,3,2.53,0.5,0,1,defaulted
SYNTH-01990,3,TUBOD,HONDA,TMX125 ALPHA,Backbone/Utility,57900.0,11580.0,0.2,46320.0,24,3056.4,0.0733,41678.34,OFW Remittance / Dependent,Living with Parents/Relatives,Married,21.0,18,0.75,8,0,0,0.0,0.0,0.999,0,0,active,32.4,8,3,3.16,1.0536,1,0,early_settled
SYNTH-01991,1,LALA,KAWASAKI,P24KK (BARAKO II),Backbone/Tricycle,68500.0,6850.0,0.1,61650.0,24,4001.75,0.1762,22711.5,Tricycle / PUV Operator,Owned (Clean Title),Married,7.0,1,0.1667,0,2,3,12005.25,0.196,0.332,0,1,defaulted,38.3,11,5,4.83,0.5,0,1,defaulted
SYNTH-01992,1,LALA,YAMAHA,SNIPER 155,Sport Underbone,123900.0,37170.0,0.3,86730.0,24,5548.35,0.1245,44582.89,OFW Remittance / Dependent,Owned (Inherited/Tax Dec),Single,6.2,20,0.8333,6,0,0,0.0,0.0,0.993,0,0,active,41.8,3,3,2.68,1.0717,1,0,early_settled
SYNTH-01993,1,LALA,KAWASAKI,P24KK (BARAKO II),Backbone/Tricycle,68500.0,6850.0,0.1,61650.0,24,4001.75,0.2769,14452.61,Agri / Farmer / Fisherfolk,Owned (Inherited/Tax Dec),Widowed,3.7,17,0.875,1,1,4,16007.0,0.237,0.389,1,1,defaulted,46.0,8,4,4.49,0.5,0,1,defaulted
SYNTH-01994,3,TUBOD,HONDA,WAVE RSX,Underbone,64900.0,12980.0,0.2,51920.0,36,2680.62,0.0808,33175.94,Employed (Private/Gov),Owned (Inherited/Tax Dec),Married,2.5,27,0.7778,1,1,1,2680.62,0.117,0.732,0,0,delinquent,48.2,12,3,3.43,0.8218,0,0,completed
SYNTH-01995,3,TUBOD,KAWASAKI,ROUSER NS125,Sport Backbone,82000.0,24600.0,0.3,57400.0,36,2942.44,0.0884,33284.5,Employed (Private/Gov),Living with Parents/Relatives,Widowed,9.2,5,0.1667,2,1,1,2942.44,0.016,0.77,0,0,delinquent,31.2,6,2,2.38,0.6791,0,0,completed
SYNTH-01996,2,KAPATAGAN,YAMAHA,SNIPER 155,Sport Underbone,123900.0,24780.0,0.2,99120.0,24,6312.4,0.1266,49865.0,OFW Remittance / Dependent,Owned (Clean Title),Widowed,4.6,6,0.2917,2,2,1,6312.4,0.071,0.605,0,0,delinquent,33.5,5,3,3.23,0.6001,0,0,completed
SYNTH-01997,2,KAPATAGAN,HONDA,PCX160,Maxi-Scooter,134900.0,33725.0,0.25,101175.0,36,5033.92,0.1391,36194.51,OFW Remittance / Dependent,Rented (Apartment/House),Widowed,22.0,24,0.75,0,2,3,15101.76,0.333,0.208,0,0,defaulted,54.5,4,3,2.57,0.5,0,1,defaulted
SYNTH-01998,3,TUBOD,YAMAHA,MIO GEAR 125,Scooter,79400.0,15880.0,0.2,63520.0,36,3234.84,0.145,22307.68,Tricycle / PUV Operator,Rented (Apartment/House),Married,5.3,11,0.3889,0,4,3,9704.52,0.318,0.623,0,1,defaulted,53.0,11,3,3.51,0.6803,0,1,defaulted
SYNTH-01999,2,KAPATAGAN,YAMAHA,SNIPER 155,Sport Underbone,123900.0,30975.0,0.25,92925.0,36,4639.75,0.0694,66813.91,OFW Remittance / Dependent,Rented (Apartment/House),Single,5.5,18,0.5278,1,0,1,4639.75,0.086,0.729,0,0,delinquent,35.6,4,3,3.4,0.7842,0,0,completed
SYNTH-02000,3,TUBOD,KAWASAKI,CT100B,Backbone/Utility,54000.0,16200.0,0.3,37800.0,36,2006.0,0.0592,33870.95,OFW Remittance / Dependent,Owned (Inherited/Tax Dec),Widowed,14.6,22,0.6111,9,0,0,0.0,0.0,0.936,0,0,active,32.4,1,2,1.7,0.776,1,0,early_settled
SYNTH-02001,3,TUBOD,KAWASAKI,ROUSER NS125,Sport Backbone,82000.0,8200.0,0.1,73800.0,36,3726.0,0.1356,27472.51,OFW Remittance / Dependent,Owned (Clean Title),Married,17.1,12,0.3333,9,0,0,0.0,0.0,0.964,0,0,active,30.3,8,2,2.02,0.9414,1,0,early_settled
SYNTH-02002,1,LALA,HONDA,CLICK 125I,Scooter,81400.0,20350.0,0.25,61050.0,12,6610.25,0.1917,34491.12,Employed (Private/Gov),Rented (Apartment/House),Married,8.8,0,0.3333,1,1,4,26441.0,0.173,0.622,0,0,defaulted,29.7,3,5,4.93,0.6523,0,1,defaulted
SYNTH-02003,3,TUBOD,YAMAHA,MIO SPORTY,Scooter,73900.0,7390.0,0.1,66510.0,12,7183.55,0.0999,71883.8,OFW Remittance / Dependent,Living with Parents/Relatives,Single,7.5,2,0.1667,2,0,0,0.0,0.0,0.91,0,0,active,12.6,3,5,4.92,0.9216,0,0,completed
SYNTH-02004,2,KAPATAGAN,SUZUKI,SMASH 115,Underbone,62400.0,7488.0,0.12,54912.0,12,5965.76,0.1353,44098.94,OFW Remittance / Dependent,Owned (Clean Title),Married,7.4,12,1.0,12,0,0,0.0,0.0,0.931,0,0,active,20.1,5,5,4.51,0.9365,0,0,completed
SYNTH-02005,2,KAPATAGAN,HONDA,CLICK 125I,Scooter,81400.0,12210.0,0.15,69190.0,24,4466.72,0.1752,25496.54,Tricycle / PUV Operator,Owned (Inherited/Tax Dec),Single,5.6,4,0.3333,0,2,4,17866.88,0.367,0.267,0,0,defaulted,36.4,11,5,4.73,0.5,0,1,defaulted
SYNTH-02006,1,LALA,KAWASAKI,P24KK (BARAKO II),Backbone/Tricycle,68500.0,20550.0,0.3,47950.0,12,5234.75,0.2253,23233.45,Agri / Farmer / Fisherfolk,Rented (Apartment/House),Married,6.1,10,1.0,0,1,2,10469.5,0.239,0.215,1,0,defaulted,44.2,3,4,4.12,0.5,0,1,defaulted
SYNTH-02007,2,KAPATAGAN,YAMAHA,MIO GEAR 125,Scooter,79400.0,15880.0,0.2,63520.0,12,6869.6,0.1576,43590.54,Public School Teacher,Rented (Apartment/House),Married,11.2,8,0.9167,0,2,3,20608.8,0.344,0.57,1,1,defaulted,49.4,4,4,3.15,0.5775,0,1,defaulted
SYNTH-02008,3,TUBOD,HONDA,WAVE RSX,Underbone,64900.0,6490.0,0.1,58410.0,12,6333.05,0.286,22146.51,Sari-Sari / Small Retail,Living with Parents/Relatives,Married,9.5,4,0.4167,1,4,1,6333.05,0.324,0.619,0,0,delinquent,64.5,10,3,2.64,0.6346,0,1,defaulted
SYNTH-02009,1,LALA,YAMAHA,MIO SPORTY,Scooter,73900.0,11085.0,0.15,62815.0,36,3201.16,0.0879,36411.49,Employed (Private/Gov),Owned (Clean Title),Widowed,10.1,23,0.6389,6,0,0,0.0,0.0,0.981,0,0,active,28.1,11,6,6.02,1.1,0,0,completed
SYNTH-02010,1,LALA,YAMAHA,AEROX 155,Sport Scooter,125400.0,15048.0,0.12,110352.0,12,11786.96,0.5941,19841.4,Tricycle / PUV Operator,Owned (Clean Title),Widowed,4.1,5,0.75,0,4,4,47147.84,0.437,0.522,1,0,defaulted,34.9,3,3,3.12,0.5688,0,1,defaulted
SYNTH-02011,1,LALA,YAMAHA,MIO SPORTY,Scooter,73900.0,22170.0,0.3,51730.0,36,2671.54,0.1298,20576.77,Agri / Farmer / Fisherfolk,Rented (Apartment/House),Married,8.7,10,0.3056,0,3,1,2671.54,0.338,0.428,1,0,delinquent,54.5,9,5,5.3,0.5,0,1,defaulted
SYNTH-02012,1,LALA,SUZUKI,RAIDER 150 FI,Sport Underbone,119900.0,29975.0,0.25,89925.0,12,9642.12,0.5423,17779.14,Agri / Farmer / Fisherfolk,Rented (Apartment/House),Widowed,9.6,8,0.8333,0,4,2,19284.24,0.349,0.532,1,0,defaulted,34.7,4,3,3.04,0.5891,0,1,defaulted
SYNTH-02013,3,TUBOD,YAMAHA,MIO SPORTY,Scooter,73900.0,11085.0,0.15,62815.0,36,3201.16,0.0818,39131.52,Employed (Private/Gov),Rented (Apartment/House),Widowed,8.6,21,0.6111,0,2,1,3201.16,0.14,0.608,0,0,delinquent,55.3,9,4,3.87,0.618,0,0,completed
SYNTH-02014,1,LALA,HONDA,BEAT PREMIUM,Scooter,72400.0,7240.0,0.1,65160.0,12,7041.8,0.4102,17167.05,Tricycle / PUV Operator,Rented (Apartment/House),Widowed,8.4,1,0.25,0,3,2,14083.6,0.278,0.6,0,0,defaulted,14.5,1,6,5.27,0.5,0,1,defaulted
SYNTH-02015,2,KAPATAGAN,SUZUKI,RAIDER 150 FI,Sport Underbone,119900.0,11990.0,0.1,107910.0,36,5355.7,0.1297,41296.34,OFW Remittance / Dependent,Owned (Clean Title),Married,9.7,10,0.2778,6,0,0,0.0,0.0,0.947,0,0,active,30.9,4,3,3.38,1.0045,0,0,completed
SYNTH-02016,2,KAPATAGAN,KAWASAKI,ROUSER NS125,Sport Backbone,82000.0,24600.0,0.3,57400.0,24,3739.67,0.069,54221.57,OFW Remittance / Dependent,Owned (Clean Title),Married,5.2,8,0.3333,2,0,0,0.0,0.0,0.92,0,0,active,55.4,4,2,2.09,0.9838,0,0,completed
SYNTH-02017,2,KAPATAGAN,HONDA,BEAT PREMIUM,Scooter,72400.0,14480.0,0.2,57920.0,24,3771.73,0.2221,16979.03,BPO / Call Center Agent,Living with Parents/Relatives,Married,3.5,5,0.25,1,1,1,3771.73,0.183,0.368,0,0,delinquent,17.0,5,6,6.15,0.5,0,1,defaulted
SYNTH-02018,3,TUBOD,KAWASAKI,CT100B,Backbone/Utility,54000.0,6480.0,0.12,47520.0,24,3130.4,0.0735,42618.06,Public School Teacher,Owned (Clean Title),Married,1.3,14,0.5833,10,0,0,0.0,0.0,0.855,0,0,active,12.3,2,3,3.08,0.823,0,0,completed
SYNTH-02019,1,LALA,HONDA,TMX125 ALPHA,Backbone/Utility,57900.0,17370.0,0.3,40530.0,12,4455.65,0.172,25901.82,Tricycle / PUV Operator,Rented (Apartment/House),Widowed,2.3,0,0.1667,0,1,4,17822.6,0.275,0.341,1,0,defaulted,14.7,8,6,5.57,0.5,0,0,defaulted
SYNTH-02020,3,TUBOD,HONDA,BEAT PREMIUM,Scooter,72400.0,8688.0,0.12,63712.0,36,3244.02,0.1075,30163.06,BPO / Call Center Agent,Living with Parents/Relatives,Single,4.4,7,0.3056,1,1,4,12976.08,0.277,0.243,1,0,defaulted,54.9,12,4,4.15,0.5,0,1,defaulted
SYNTH-02021,3,TUBOD,YAMAHA,SNIPER 155,Sport Underbone,123900.0,30975.0,0.25,92925.0,12,9957.12,0.2371,42000.71,Public School Teacher,Owned (Inherited/Tax Dec),Married,14.1,4,0.3333,3,2,0,0.0,0.103,0.645,0,0,active,49.8,11,2,2.06,0.7414,0,0,completed
SYNTH-02022,2,KAPATAGAN,YAMAHA,NMAX 155,Maxi-Scooter,151900.0,22785.0,0.15,129115.0,36,6368.83,0.5307,12000.0,Agri / Farmer / Fisherfolk,Rented (Apartment/House),Single,5.9,5,0.25,1,4,4,25475.32,0.26,0.427,1,0,defaulted,58.6,10,3,3.13,0.5,0,1,defaulted
SYNTH-02023,3,TUBOD,HONDA,PCX160,Maxi-Scooter,134900.0,20235.0,0.15,114665.0,12,12239.82,0.2163,56599.88,OFW Remittance / Dependent,Owned (Inherited/Tax Dec),Single,5.8,1,0.0833,0,0,0,0.0,0.109,0.677,0,0,active,30.5,12,2,1.96,0.7699,0,0,completed
SYNTH-02024,3,TUBOD,KAWASAKI,P24KK (BARAKO II),Backbone/Tricycle,68500.0,20550.0,0.3,47950.0,36,2490.94,0.1289,19326.96,Sari-Sari / Small Retail,Rented (Apartment/House),Single,12.8,19,0.5556,1,3,1,2490.94,0.37,0.497,1,0,delinquent,19.2,7,4,4.32,0.5,0,1,defaulted
SYNTH-02025,1,LALA,KAWASAKI,P24KK (BARAKO II),Backbone/Tricycle,68500.0,20550.0,0.3,47950.0,12,5234.75,0.3032,17264.56,Tricycle / PUV Operator,Owned (Clean Title),Married,1.6,0,0.3333,0,4,4,20939.0,0.245,0.206,0,0,defaulted,50.2,12,5,5.39,0.5,0,1,defaulted
SYNTH-02026,3,TUBOD,HONDA,BEAT PREMIUM,Scooter,72400.0,8688.0,0.12,63712.0,12,6889.76,0.1644,41897.03,Public School Teacher,Rented (Apartment/House),Single,9.5,5,0.75,1,2,4,27559.04,0.445,0.398,1,1,defaulted,26.1,2,3,3.11,0.5,0,1,defaulted
SYNTH-02027,1,LALA,KAWASAKI,P24KK (BARAKO II),Backbone/Tricycle,68500.0,10275.0,0.15,58225.0,12,6313.62,0.1076,58682.14,OFW Remittance / Dependent,Rented (Apartment/House),Single,7.6,3,0.25,1,0,0,0.0,0.132,0.621,0,0,active,30.8,3,4,4.15,0.6452,0,0,completed
SYNTH-02028,2,KAPATAGAN,KAWASAKI,P24KK (BARAKO II),Backbone/Tricycle,68500.0,6850.0,0.1,61650.0,36,3145.5,0.1081,29110.54,Public School Teacher,Owned (Clean Title),Married,12.8,25,0.6944,9,0,0,0.0,0.0,0.866,0,0,active,13.6,11,6,5.88,0.9775,1,0,early_settled
SYNTH-02029,2,KAPATAGAN,KAWASAKI,P24KK (BARAKO II),Backbone/Tricycle,68500.0,20550.0,0.3,47950.0,24,3156.92,0.1211,26066.74,BPO / Call Center Agent,Owned (Clean Title),Married,8.9,21,0.9167,0,2,1,3156.92,0.101,0.692,0,0,delinquent,41.6,10,4,3.73,0.6702,0,0,completed
SYNTH-02030,1,LALA,YAMAHA,AEROX 155,Sport Scooter,125400.0,15048.0,0.12,110352.0,24,7005.04,0.2692,26024.93,Tricycle / PUV Operator,Living with Parents/Relatives,Widowed,8.2,0,0.0833,0,1,3,21015.12,0.285,0.502,1,0,defaulted,64.5,1,3,3.3,0.5,0,1,defaulted
SYNTH-02031,2,KAPATAGAN,HONDA,CLICK 125I,Scooter,81400.0,20350.0,0.25,61050.0,12,6610.25,0.1924,34350.96,BPO / Call Center Agent,Owned (Clean Title),Widowed,1.7,5,0.5,0,3,1,6610.25,0.386,0.448,1,0,delinquent,13.0,2,5,4.8,0.5,0,1,defaulted
SYNTH-02032,1,LALA,SUZUKI,BURGMAN STREET 125,Maxi-Scooter,83400.0,12510.0,0.15,70890.0,36,3586.97,0.1381,25978.43,Agri / Farmer / Fisherfolk,Owned (Clean Title),Married,9.9,20,0.6667,0,3,4,14347.88,0.166,0.476,0,1,defaulted,30.2,6,3,2.79,0.5,0,1,defaulted
SYNTH-02033,2,KAPATAGAN,HONDA,ADV160,Adventure Scooter,166900.0,16690.0,0.1,150210.0,24,9462.95,0.3286,28801.75,Sari-Sari / Small Retail,Owned (Inherited/Tax Dec),Widowed,8.9,7,0.3333,0,4,1,9462.95,0.296,0.277,0,0,delinquent,53.2,3,2,2.26,0.5,0,1,defaulted
SYNTH-02034,2,KAPATAGAN,KAWASAKI,P24KK (BARAKO II),Backbone/Tricycle,68500.0,20550.0,0.3,47950.0,12,5234.75,0.2532,20670.75,Sari-Sari / Small Retail,Living with Parents/Relatives,Widowed,4.5,5,0.5833,0,4,2,10469.5,0.246,0.533,0,0,defaulted,26.5,8,4,3.8,0.5423,0,1,defaulted
SYNTH-02035,1,LALA,HONDA,WAVE RSX,Underbone,64900.0,6490.0,0.1,58410.0,36,2990.7,0.1315,22741.17,Sari-Sari / Small Retail,Rented (Apartment/House),Married,5.7,9,0.3056,1,2,2,5981.4,0.258,0.467,0,0,defaulted,15.4,5,5,4.55,0.5,0,1,defaulted
SYNTH-02036,3,TUBOD,YAMAHA,MIO FAZZIO,Retro Scooter,93900.0,18780.0,0.2,75120.0,36,3789.07,0.1584,23919.31,Employed (Private/Gov),Living with Parents/Relatives,Married,7.3,12,0.3333,3,1,0,0.0,0.01,0.643,0,0,active,55.7,2,2,2.7,0.6302,0,1,defaulted
SYNTH-02037,1,LALA,YAMAHA,AEROX 155,Sport Scooter,125400.0,37620.0,0.3,87780.0,12,9416.9,0.2596,36279.89,BPO / Call Center Agent,Owned (Clean Title),Married,4.0,0,0.1667,0,2,3,28250.7,0.24,0.384,0,1,defaulted,46.2,9,3,3.09,0.5,0,1,defaulted
SYNTH-02038,3,TUBOD,YAMAHA,NMAX 155,Maxi-Scooter,151900.0,22785.0,0.15,129115.0,24,8162.09,0.2568,31788.89,Public School Teacher,Rented (Apartment/House),Married,6.8,9,0.5417,0,4,4,32648.36,0.274,0.27,0,0,defaulted,47.7,4,3,3.2,0.5,0,0,defaulted
SYNTH-02039,2,KAPATAGAN,SUZUKI,SMASH 115,Underbone,62400.0,15600.0,0.25,46800.0,12,5114.0,0.2618,19536.36,Sari-Sari / Small Retail,Owned (Inherited/Tax Dec),Single,8.6,0,0.3333,0,2,4,20456.0,0.366,0.219,0,0,defaulted,57.1,6,3,2.69,0.5,0,1,defaulted
SYNTH-02040,3,TUBOD,HONDA,TMX125 ALPHA,Backbone/Utility,57900.0,6948.0,0.12,50952.0,36,2634.37,0.1497,17593.32,Tricycle / PUV Operator,Owned (Inherited/Tax Dec),Single,7.0,28,0.8611,0,4,3,7903.11,0.189,0.573,0,0,defaulted,30.5,5,3,3.28,0.5702,0,1,defaulted
SYNTH-02041,1,LALA,YAMAHA,MIO FAZZIO,Retro Scooter,93900.0,18780.0,0.2,75120.0,12,8087.6,0.3236,24994.36,Tricycle / PUV Operator,Owned (Inherited/Tax Dec),Single,6.1,0,0.25,0,2,3,24262.8,0.437,0.227,0,0,defaulted,45.0,9,3,2.78,0.5,0,1,defaulted
SYNTH-02042,1,LALA,YAMAHA,AEROX 155,Sport Scooter,125400.0,25080.0,0.2,100320.0,36,4993.07,0.2744,18195.9,Tricycle / PUV Operator,Rented (Apartment/House),Single,5.1,19,0.6111,1,4,3,14979.21,0.346,0.389,0,0,defaulted,36.4,10,3,3.01,0.5,0,1,defaulted
SYNTH-02043,2,KAPATAGAN,HONDA,CLICK 160,Scooter,122900.0,12290.0,0.1,110610.0,12,11814.05,0.2991,39497.57,OFW Remittance / Dependent,Owned (Inherited/Tax Dec),Married,2.5,0,0.1667,0,4,3,35442.15,0.214,0.411,0,0,defaulted,23.0,9,5,5.17,0.5,0,1,defaulted
SYNTH-02044,3,TUBOD,SUZUKI,SMASH 115,Underbone,62400.0,12480.0,0.2,49920.0,24,3278.4,0.136,24100.06,Tricycle / PUV Operator,Owned (Clean Title),Single,10.0,3,0.2917,1,3,4,13113.6,0.242,0.316,0,1,defaulted,15.7,2,4,4.12,0.5,0,1,defaulted
SYNTH-02045,1,LALA,YAMAHA,AEROX 155,Sport Scooter,125400.0,37620.0,0.3,87780.0,36,4393.93,0.0655,67113.33,OFW Remittance / Dependent,Living with Parents/Relatives,Widowed,9.9,27,0.75,2,0,0,0.0,0.0,0.905,0,0,active,62.8,7,3,2.58,0.8456,0,0,completed
SYNTH-02046,3,TUBOD,KAWASAKI,ROUSER NS125,Sport Backbone,82000.0,20500.0,0.25,61500.0,24,3992.5,0.1952,20449.87,Sari-Sari / Small Retail,Rented (Apartment/House),Married,9.7,15,0.7083,0,1,2,7985.0,0.334,0.445,0,0,defaulted,52.2,10,2,1.95,0.5,0,1,defaulted
SYNTH-02047,3,TUBOD,HONDA,CLICK 160,Scooter,122900.0,14748.0,0.12,108152.0,12,11555.96,0.312,37037.37,BPO / Call Center Agent,Owned (Inherited/Tax Dec),Single,6.7,10,0.9167,0,4,1,11555.96,0.437,0.55,0,0,delinquent,58.9,11,3,2.68,0.6052,0,1,defaulted
SYNTH-02048,3,TUBOD,HONDA,TMX125 ALPHA,Backbone/Utility,57900.0,17370.0,0.3,40530.0,36,2136.43,0.064,33376.47,Employed (Private/Gov),Rented (Apartment/House),Married,4.5,11,0.3611,0,1,2,4272.86,0.197,0.427,1,0,defaulted,15.8,5,4,4.46,0.5,0,1,defaulted
SYNTH-02049,3,TUBOD,HONDA,CLICK 160,Scooter,122900.0,12290.0,0.1,110610.0,36,5484.7,0.3988,13753.33,Agri / Farmer / Fisherfolk,Owned (Clean Title),Married,4.8,13,0.4444,0,2,3,16454.1,0.25,0.344,0,0,defaulted,49.1,9,3,3.35,0.5,0,1,defaulted
SYNTH-02050,1,LALA,YAMAHA,MIO SPORTY,Scooter,73900.0,18475.0,0.25,55425.0,36,2848.08,0.1294,22016.38,Tricycle / PUV Operator,Rented (Apartment/House),Married,7.3,32,1.0,0,2,4,11392.32,0.399,0.645,0,0,defaulted,45.7,11,6,6.34,0.7942,0,1,defaulted
SYNTH-02051,1,LALA,HONDA,BEAT PREMIUM,Scooter,72400.0,10860.0,0.15,61540.0,24,3994.97,0.076,52578.58,OFW Remittance / Dependent,Living with Parents/Relatives,Single,9.2,3,0.125,3,0,0,0.0,0.0,0.964,0,0,active,50.5,12,5,5.01,1.099,0,0,completed
SYNTH-02052,3,TUBOD,HONDA,TMX125 ALPHA,Backbone/Utility,57900.0,11580.0,0.2,46320.0,36,2413.07,0.058,41592.97,OFW Remittance / Dependent,Owned (Clean Title),Married,9.0,12,0.3333,2,0,0,0.0,0.0,0.884,0,0,active,43.2,12,4,3.96,0.9865,0,0,completed
SYNTH-02053,1,LALA,HONDA,WAVE RSX,Underbone,64900.0,12980.0,0.2,51920.0,36,2680.62,0.1273,21060.38,BPO / Call Center Agent,Owned (Clean Title),Single,2.7,14,0.4167,2,1,1,2680.62,0.12,0.602,1,0,delinquent,42.4,9,4,4.01,0.6099,0,0,completed
SYNTH-02054,2,KAPATAGAN,YAMAHA,MIO SPORTY,Scooter,73900.0,7390.0,0.1,66510.0,24,4301.45,0.0929,46280.26,Public School Teacher,Owned (Clean Title),Married,2.1,20,0.8333,4,0,0,0.0,0.0,0.995,0,0,active,49.0,8,4,3.83,1.012,1,0,early_settled
SYNTH-02055,3,TUBOD,YAMAHA,MIO FAZZIO,Retro Scooter,93900.0,18780.0,0.2,75120.0,36,3789.07,0.1554,24389.87,Sari-Sari / Small Retail,Living with Parents/Relatives,Single,9.0,18,0.5556,0,4,2,7578.14,0.356,0.469,0,0,defaulted,42.9,12,3,2.53,0.5241,0,1,defaulted
SYNTH-02056,3,TUBOD,HONDA,TMX125 ALPHA,Backbone/Utility,57900.0,6948.0,0.12,50952.0,24,3342.04,0.2343,14261.75,Tricycle / PUV Operator,Owned (Clean Title),Widowed,2.3,7,0.4583,1,1,4,13368.16,0.375,0.623,0,1,defaulted,34.9,4,3,2.44,0.6938,0,0,defaulted
SYNTH-02057,3,TUBOD,YAMAHA,SNIPER 155,Sport Underbone,123900.0,37170.0,0.3,86730.0,12,9306.65,0.2636,35305.23,Public School Teacher,Rented (Apartment/House),Widowed,14.4,1,0.25,0,4,2,18613.3,0.223,0.639,0,0,defaulted,28.1,3,2,2.15,0.6493,0,1,defaulted
SYNTH-02058,2,KAPATAGAN,HONDA,BEAT PREMIUM,Scooter,72400.0,10860.0,0.15,61540.0,36,3140.24,0.2148,14622.72,Tricycle / PUV Operator,Owned (Inherited/Tax Dec),Married,5.7,6,0.1944,1,2,1,3140.24,0.318,0.271,0,0,delinquent,57.9,4,4,4.06,0.5,0,1,defaulted
SYNTH-02059,2,KAPATAGAN,YAMAHA,MIO SPORTY,Scooter,73900.0,7390.0,0.1,66510.0,36,3377.7,0.0764,44200.18,OFW Remittance / Dependent,Owned (Clean Title),Single,4.4,20,0.5556,2,1,0,0.0,0.075,0.717,0,0,active,43.9,5,4,3.89,0.7244,0,0,completed
SYNTH-02060,1,LALA,HONDA,CLICK 125I,Scooter,81400.0,12210.0,0.15,69190.0,36,3505.74,0.0983,35671.3,Public School Teacher,Living with Parents/Relatives,Married,3.5,0,0.0278,2,1,1,3505.74,0.016,0.742,0,0,delinquent,38.5,2,4,3.77,0.7019,0,0,completed
SYNTH-02061,1,LALA,SUZUKI,RAIDER 150 FI,Sport Underbone,119900.0,17985.0,0.15,101915.0,24,6484.76,0.226,28688.05,BPO / Call Center Agent,Owned (Clean Title),Married,12.7,0,0.0417,1,3,1,6484.76,0.323,0.607,1,0,delinquent,43.4,10,3,3.16,0.5585,0,1,defaulted
SYNTH-02062,3,TUBOD,HONDA,PCX160,Maxi-Scooter,134900.0,40470.0,0.3,94430.0,24,6023.18,0.2425,24840.62,Public School Teacher,Rented (Apartment/House),Single,8.1,4,0.2083,0,3,1,6023.18,0.205,0.408,0,0,delinquent,26.8,3,2,1.91,0.5,0,1,defaulted
SYNTH-02063,2,KAPATAGAN,HONDA,PCX160,Maxi-Scooter,134900.0,20235.0,0.15,114665.0,24,7271.01,0.2792,26046.69,Tricycle / PUV Operator,Owned (Clean Title),Single,20.4,11,0.5417,0,3,2,14542.02,0.447,0.6,0,0,defaulted,16.4,11,4,3.64,0.6938,0,1,defaulted
SYNTH-02064,1,LALA,KAWASAKI,P24KK (BARAKO II),Backbone/Tricycle,68500.0,20550.0,0.3,47950.0,24,3156.92,0.0812,38860.46,BPO / Call Center Agent,Rented (Apartment/House),Widowed,4.4,12,0.5833,1,2,2,6313.84,0.314,0.546,0,1,defaulted,39.7,2,4,3.94,0.5921,0,1,defaulted
SYNTH-02065,3,TUBOD,KAWASAKI,CT100B,Backbone/Utility,54000.0,5400.0,0.1,48600.0,24,3197.0,0.1252,25529.65,Employed (Private/Gov),Owned (Clean Title),Married,1.6,20,0.8333,1,1,0,0.0,0.123,0.827,0,0,active,30.6,3,3,2.74,0.9357,0,0,completed
SYNTH-02066,2,KAPATAGAN,HONDA,CLICK 125I,Scooter,81400.0,9768.0,0.12,71632.0,24,4617.31,0.1177,39229.59,BPO / Call Center Agent,Rented (Apartment/House),Married,4.2,7,0.375,0,2,2,9234.62,0.288,0.349,0,0,defaulted,62.6,4,4,4.22,0.5,0,1,defaulted
SYNTH-02067,1,LALA,KAWASAKI,CT100B,Backbone/Utility,54000.0,16200.0,0.3,37800.0,12,4169.0,0.1159,35962.85,Public School Teacher,Rented (Apartment/House),Married,4.3,6,0.75,0,4,3,12507.0,0.163,0.503,0,0,defaulted,22.2,6,4,3.31,0.5,0,1,defaulted
SYNTH-02068,2,KAPATAGAN,HONDA,TMX125 ALPHA,Backbone/Utility,57900.0,14475.0,0.25,43425.0,24,2877.88,0.0644,44717.07,OFW Remittance / Dependent,Owned (Inherited/Tax Dec),Married,7.1,5,0.2083,5,0,0,0.0,0.0,0.984,0,0,active,26.1,6,4,4.31,0.9213,0,0,completed
SYNTH-02069,2,KAPATAGAN,HONDA,CLICK 125I,Scooter,81400.0,8140.0,0.1,73260.0,24,4717.7,0.1374,34323.39,BPO / Call Center Agent,Living with Parents/Relatives,Married,6.7,18,0.7917,2,0,1,4717.7,0.102,0.684,0,0,delinquent,35.5,8,4,4.39,0.7006,0,0,completed
SYNTH-02070,3,TUBOD,HONDA,CLICK 125I,Scooter,81400.0,9768.0,0.12,71632.0,12,7721.36,0.2109,36619.0,Public School Teacher,Rented (Apartment/House),Widowed,6.8,2,0.5,1,1,4,30885.44,0.448,0.363,0,1,defaulted,16.1,9,4,4.6,0.5,0,1,defaulted
SYNTH-02071,3,TUBOD,HONDA,WAVE RSX,Underbone,64900.0,16225.0,0.25,48675.0,12,5310.88,0.137,38758.83,Employed (Private/Gov),Owned (Clean Title),Married,3.8,8,0.75,3,0,1,5310.88,0.132,0.635,0,0,delinquent,51.2,7,3,3.26,0.6444,0,0,completed
SYNTH-02072,3,TUBOD,YAMAHA,MIO FAZZIO,Retro Scooter,93900.0,23475.0,0.25,70425.0,24,4542.88,0.1506,30168.94,Sari-Sari / Small Retail,Rented (Apartment/House),Widowed,2.9,16,0.8333,1,3,4,18171.52,0.367,0.262,1,0,defaulted,18.8,11,4,4.37,0.5,0,1,defaulted
SYNTH-02073,1,LALA,YAMAHA,NMAX 155,Maxi-Scooter,151900.0,37975.0,0.25,113925.0,36,5643.08,0.1911,29535.07,Sari-Sari / Small Retail,Owned (Clean Title),Single,3.1,28,0.8056,0,1,1,5643.08,0.36,0.344,0,1,delinquent,16.3,12,5,5.18,0.5,0,1,defaulted
SYNTH-02074,2,KAPATAGAN,HONDA,ADV160,Adventure Scooter,166900.0,33380.0,0.2,133520.0,36,6579.29,0.1076,61159.21,OFW Remittance / Dependent,Rented (Apartment/House),Widowed,9.4,27,0.7778,2,0,1,6579.29,0.028,0.787,1,0,delinquent,18.7,7,3,2.77,0.7616,0,0,completed
SYNTH-02075,1,LALA,HONDA,ADV160,Adventure Scooter,166900.0,50070.0,0.3,116830.0,12,12467.15,0.5603,22248.94,BPO / Call Center Agent,Rented (Apartment/House),Married,9.8,8,0.9167,0,2,3,37401.45,0.153,0.226,0,0,defaulted,48.5,11,2,1.68,0.5,0,1,defaulted
SYNTH-02076,2,KAPATAGAN,SUZUKI,BURGMAN STREET 125,Maxi-Scooter,83400.0,12510.0,0.15,70890.0,36,3586.97,0.2011,17840.71,Sari-Sari / Small Retail,Living with Parents/Relatives,Single,3.5,17,0.5833,0,3,4,14347.88,0.34,0.346,0,0,defaulted,55.9,4,3,3.28,0.5,0,1,defaulted
SYNTH-02077,2,KAPATAGAN,YAMAHA,MIO SPORTY,Scooter,73900.0,22170.0,0.3,51730.0,36,2671.54,0.0506,52822.58,OFW Remittance / Dependent,Owned (Clean Title),Married,8.8,17,0.4722,3,0,0,0.0,0.0,0.966,0,0,active,43.3,9,4,4.31,0.927,0,0,completed
SYNTH-02078,2,KAPATAGAN,HONDA,PCX160,Maxi-Scooter,134900.0,13490.0,0.1,121410.0,36,6000.7,0.2005,29930.34,BPO / Call Center Agent,Owned (Inherited/Tax Dec),Married,2.7,17,0.5556,0,2,3,18002.1,0.282,0.481,1,0,defaulted,36.8,9,2,1.93,0.5,0,0,defaulted
SYNTH-02079,2,KAPATAGAN,YAMAHA,SNIPER 155,Sport Underbone,123900.0,18585.0,0.15,105315.0,36,5231.72,0.185,28273.78,BPO / Call Center Agent,Owned (Inherited/Tax Dec),Widowed,5.7,32,0.9167,0,2,1,5231.72,0.044,0.779,0,0,delinquent,40.3,11,3,2.88,0.9117,0,0,completed
SYNTH-02080,2,KAPATAGAN,SUZUKI,BURGMAN STREET 125,Maxi-Scooter,83400.0,10008.0,0.12,73392.0,36,3706.51,0.0685,54128.63,Public School Teacher,Rented (Apartment/House),Single,8.3,21,0.5833,2,0,0,0.0,0.073,0.801,0,0,active,31.0,2,3,2.99,0.812,0,1,defaulted
SYNTH-02081,1,LALA,YAMAHA,AEROX 155,Sport Scooter,125400.0,31350.0,0.25,94050.0,12,10075.25,0.3313,30407.48,Sari-Sari / Small Retail,Rented (Apartment/House),Married,6.9,8,0.9167,0,1,3,30225.75,0.251,0.511,0,0,defaulted,24.3,12,5,5.19,0.5383,0,1,defaulted
SYNTH-02082,2,KAPATAGAN,YAMAHA,AEROX 155,Sport Scooter,125400.0,15048.0,0.12,110352.0,12,11786.96,0.1693,69622.66,OFW Remittance / Dependent,Rented (Apartment/House),Widowed,8.8,5,0.5833,0,4,2,23573.92,0.207,0.633,1,1,defaulted,61.9,5,3,3.24,0.652,0,1,defaulted
SYNTH-02083,2,KAPATAGAN,KAWASAKI,ROUSER NS125,Sport Backbone,82000.0,20500.0,0.25,61500.0,24,3992.5,0.1895,21068.57,Public School Teacher,Living with Parents/Relatives,Widowed,7.1,13,0.5417,1,0,0,0.0,0.146,0.849,0,0,active,63.2,3,2,2.41,0.8601,0,0,completed
SYNTH-02084,1,LALA,KAWASAKI,P24KK (BARAKO II),Backbone/Tricycle,68500.0,20550.0,0.3,47950.0,12,5234.75,0.1048,49939.83,OFW Remittance / Dependent,Rented (Apartment/House),Widowed,6.8,12,1.0,0,1,0,0.0,0.103,0.837,0,0,active,53.9,5,4,4.19,0.7918,0,0,completed
SYNTH-02085,2,KAPATAGAN,YAMAHA,MIO GEAR 125,Scooter,79400.0,15880.0,0.2,63520.0,12,6869.6,0.2735,25121.86,BPO / Call Center Agent,Rented (Apartment/House),Widowed,4.0,0,0.25,0,2,4,27478.4,0.367,0.249,0,0,defaulted,17.8,10,5,4.24,0.5,0,1,defaulted
SYNTH-02086,3,TUBOD,YAMAHA,SNIPER 155,Sport Underbone,123900.0,18585.0,0.15,105315.0,36,5231.72,0.331,15806.05,Agri / Farmer / Fisherfolk,Rented (Apartment/House),Married,17.0,16,0.5,1,3,2,10463.44,0.289,0.432,0,0,defaulted,31.9,3,2,1.86,0.5,0,1,defaulted
SYNTH-02087,3,TUBOD,YAMAHA,MIO GEAR 125,Scooter,79400.0,11910.0,0.15,67490.0,36,3424.52,0.1566,21862.58,Agri / Farmer / Fisherfolk,Owned (Inherited/Tax Dec),Widowed,10.9,0,0.0556,0,4,4,13698.08,0.248,0.581,0,0,defaulted,48.6,5,3,2.96,0.555,0,1,defaulted
SYNTH-02088,1,LALA,HONDA,CLICK 125I,Scooter,81400.0,8140.0,0.1,73260.0,24,4717.7,0.2987,15794.25,Agri / Farmer / Fisherfolk,Rented (Apartment/House),Widowed,12.0,7,0.4167,1,4,3,14153.1,0.397,0.407,1,1,defaulted,48.5,8,4,4.07,0.5,0,1,defaulted
SYNTH-02089,1,LALA,HONDA,WAVE RSX,Underbone,64900.0,6490.0,0.1,58410.0,24,3801.95,0.1327,28654.01,Employed (Private/Gov),Owned (Clean Title),Single,5.3,19,0.7917,5,0,0,0.0,0.0,0.988,0,0,active,60.9,7,4,3.96,0.9888,0,0,completed
SYNTH-02090,2,KAPATAGAN,YAMAHA,MIO FAZZIO,Retro Scooter,93900.0,28170.0,0.3,65730.0,36,3340.43,0.0676,49420.56,OFW Remittance / Dependent,Owned (Inherited/Tax Dec),Married,12.9,17,0.4722,6,0,0,0.0,0.0,0.942,0,0,active,61.0,6,3,3.35,0.8293,1,0,early_settled
SYNTH-02091,3,TUBOD,YAMAHA,NMAX 155,Maxi-Scooter,151900.0,18228.0,0.12,133672.0,36,6586.55,0.1267,52002.25,OFW Remittance / Dependent,Owned (Inherited/Tax Dec),Married,1.8,9,0.25,3,1,0,0.0,0.076,0.697,0,0,active,28.1,1,2,2.18,0.6026,0,0,completed
SYNTH-02092,1,LALA,KAWASAKI,CT100B,Backbone/Utility,54000.0,16200.0,0.3,37800.0,12,4169.0,0.1602,26031.07,BPO / Call Center Agent,Owned (Clean Title),Single,7.0,3,0.3333,2,2,1,4169.0,0.116,0.633,0,0,delinquent,22.0,10,5,4.74,0.6142,0,1,defaulted
SYNTH-02093,3,TUBOD,SUZUKI,RAIDER 150 FI,Sport Underbone,119900.0,11990.0,0.1,107910.0,36,5355.7,0.2749,19485.45,Sari-Sari / Small Retail,Rented (Apartment/House),Married,16.8,34,1.0,0,3,2,10711.4,0.279,0.309,0,0,defaulted,28.3,7,2,2.08,0.5,0,0,defaulted
SYNTH-02094,2,KAPATAGAN,HONDA,PCX160,Maxi-Scooter,134900.0,13490.0,0.1,121410.0,24,7686.95,0.136,56532.57,OFW Remittance / Dependent,Living with Parents/Relatives,Widowed,2.2,13,0.7083,1,4,4,30747.8,0.328,0.58,0,0,defaulted,53.1,10,2,2.16,0.6148,0,1,defaulted
SYNTH-02095,2,KAPATAGAN,YAMAHA,MIO FAZZIO,Retro Scooter,93900.0,9390.0,0.1,84510.0,36,4237.7,0.1616,26230.72,Tricycle / PUV Operator,Rented (Apartment/House),Married,12.2,21,0.6667,1,2,3,12713.1,0.391,0.551,0,0,defaulted,55.2,1,3,2.52,0.5,0,1,defaulted
SYNTH-02096,3,TUBOD,HONDA,PCX160,Maxi-Scooter,134900.0,13490.0,0.1,121410.0,36,6000.7,0.1193,50294.16,OFW Remittance / Dependent,Owned (Inherited/Tax Dec),Married,7.8,12,0.3333,10,0,0,0.0,0.0,0.948,0,0,active,17.9,8,3,3.69,0.9349,0,0,completed
SYNTH-02097,2,KAPATAGAN,KAWASAKI,ROUSER NS125,Sport Backbone,82000.0,16400.0,0.2,65600.0,12,7088.0,0.5907,12000.0,Agri / Farmer / Fisherfolk,Owned (Clean Title),Married,10.1,9,0.9167,0,4,2,14176.0,0.324,0.252,0,1,defaulted,48.1,2,2,2.0,0.5,0,1,defaulted
SYNTH-02098,1,LALA,HONDA,PCX160,Maxi-Scooter,134900.0,26980.0,0.2,107920.0,12,11531.6,0.4416,26113.06,Sari-Sari / Small Retail,Rented (Apartment/House),Widowed,5.6,3,0.4167,0,2,2,23063.2,0.395,0.314,0,0,defaulted,64.2,12,3,3.16,0.5,0,1,defaulted
SYNTH-02099,3,TUBOD,SUZUKI,RAIDER 150 FI,Sport Underbone,119900.0,17985.0,0.15,101915.0,24,6484.76,0.0948,68393.03,OFW Remittance / Dependent,Owned (Inherited/Tax Dec),Married,6.6,5,0.2083,1,0,0,0.0,0.0,0.889,0,0,active,16.9,4,3,2.89,0.91,0,0,completed
SYNTH-02100,2,KAPATAGAN,KAWASAKI,CT100B,Backbone/Utility,54000.0,16200.0,0.3,37800.0,36,2006.0,0.0411,48826.29,OFW Remittance / Dependent,Owned (Clean Title),Single,11.2,11,0.3056,4,0,0,0.0,0.0,0.943,0,0,active,48.8,8,3,3.28,0.9391,0,0,completed
SYNTH-02101,3,TUBOD,KAWASAKI,P24KK (BARAKO II),Backbone/Tricycle,68500.0,20550.0,0.3,47950.0,24,3156.92,0.1633,19332.05,Agri / Farmer / Fisherfolk,Living with Parents/Relatives,Single,1.7,18,0.9167,1,4,4,12627.68,0.422,0.444,1,0,defaulted,12.2,5,4,4.2,0.5,0,1,defaulted
SYNTH-02102,1,LALA,HONDA,WAVE RSX,Underbone,64900.0,19470.0,0.3,45430.0,12,4970.15,0.1605,30961.02,Employed (Private/Gov),Owned (Inherited/Tax Dec),Married,18.3,3,0.3333,0,0,1,4970.15,0.095,0.794,0,0,delinquent,64.0,7,4,3.24,0.8195,0,0,completed
SYNTH-02103,2,KAPATAGAN,SUZUKI,SMASH 115,Underbone,62400.0,15600.0,0.25,46800.0,12,5114.0,0.3684,13882.12,Agri / Farmer / Fisherfolk,Owned (Clean Title),Married,4.7,7,0.75,1,3,2,10228.0,0.279,0.342,0,0,defaulted,25.1,6,3,2.77,0.5,0,1,defaulted
SYNTH-02104,3,TUBOD,HONDA,CLICK 160,Scooter,122900.0,30725.0,0.25,92175.0,36,4603.92,0.2485,18525.4,Agri / Farmer / Fisherfolk,Living with Parents/Relatives,Single,8.7,24,0.6944,0,3,1,4603.92,0.388,0.306,0,0,delinquent,15.1,4,4,3.86,0.5,0,1,defaulted
SYNTH-02105,3,TUBOD,HONDA,WAVE RSX,Underbone,64900.0,16225.0,0.25,48675.0,24,3201.62,0.1802,17769.84,Agri / Farmer / Fisherfolk,Owned (Clean Title),Married,13.6,2,0.125,1,1,1,3201.62,0.423,0.6,0,0,delinquent,15.8,5,4,4.61,0.5696,0,1,defaulted
SYNTH-02106,2,KAPATAGAN,HONDA,WAVE RSX,Underbone,64900.0,7788.0,0.12,57112.0,24,3721.91,0.1072,34726.55,OFW Remittance / Dependent,Owned (Inherited/Tax Dec),Married,11.4,4,0.1667,3,0,0,0.0,0.0,0.903,0,0,active,50.4,10,3,2.87,0.8887,0,0,completed
SYNTH-02107,2,KAPATAGAN,KAWASAKI,P24KK (BARAKO II),Backbone/Tricycle,68500.0,17125.0,0.25,51375.0,12,5594.38,0.4662,12000.0,Agri / Farmer / Fisherfolk,Owned (Clean Title),Single,29.5,4,0.5,0,4,2,11188.76,0.344,0.5,1,0,defaulted,41.8,7,4,3.98,0.5,0,1,defaulted
SYNTH-02108,1,LALA,HONDA,WAVE RSX,Underbone,64900.0,9735.0,0.15,55165.0,36,2835.66,0.0917,30923.83,Public School Teacher,Owned (Clean Title),Married,6.1,24,0.6667,4,0,0,0.0,0.0,0.922,0,0,active,10.8,2,5,5.45,0.8552,0,0,completed
SYNTH-02109,2,KAPATAGAN,KAWASAKI,P24KK (BARAKO II),Backbone/Tricycle,68500.0,10275.0,0.15,58225.0,36,2981.86,0.0993,30042.39,Employed (Private/Gov),Owned (Inherited/Tax Dec),Single,7.0,1,0.0278,1,0,0,0.0,0.0,0.92,0,0,active,41.0,8,4,3.97,0.9656,0,0,completed
SYNTH-02110,3,TUBOD,HONDA,PCX160,Maxi-Scooter,134900.0,40470.0,0.3,94430.0,24,6023.18,0.2169,27766.98,Tricycle / PUV Operator,Owned (Clean Title),Single,12.3,11,0.5833,0,3,3,18069.54,0.287,0.648,1,0,defaulted,13.7,7,3,2.9,0.6326,0,0,defaulted
SYNTH-02111,1,LALA,KAWASAKI,ROUSER NS125,Sport Backbone,82000.0,24600.0,0.3,57400.0,36,2942.44,0.0549,53578.49,OFW Remittance / Dependent,Living with Parents/Relatives,Single,4.1,11,0.3333,0,0,1,2942.44,0.004,0.724,0,0,delinquent,43.9,10,2,2.26,0.6857,0,0,completed
SYNTH-02112,2,KAPATAGAN,YAMAHA,MIO SPORTY,Scooter,73900.0,7390.0,0.1,66510.0,24,4301.45,0.1166,36891.76,Public School Teacher,Owned (Clean Title),Widowed,17.6,20,0.8333,12,0,0,0.0,0.0,0.964,0,0,active,49.7,1,4,4.67,0.8482,0,0,completed
SYNTH-02113,2,KAPATAGAN,HONDA,ADV160,Adventure Scooter,166900.0,16690.0,0.1,150210.0,36,7376.7,0.4152,17767.05,Tricycle / PUV Operator,Rented (Apartment/House),Widowed,5.9,0,0.0556,0,2,2,14753.4,0.446,0.396,0,1,defaulted,13.1,7,3,3.21,0.5,0,1,defaulted
SYNTH-02114,3,TUBOD,HONDA,BEAT PREMIUM,Scooter,72400.0,21720.0,0.3,50680.0,36,2621.38,0.0658,39844.51,BPO / Call Center Agent,Owned (Inherited/Tax Dec),Married,8.9,32,0.8889,6,0,0,0.0,0.0,0.984,0,0,active,48.0,7,3,3.15,0.984,0,0,completed
SYNTH-02115,1,LALA,YAMAHA,MIO FAZZIO,Retro Scooter,93900.0,11268.0,0.12,82632.0,12,8876.36,0.5278,16817.32,Agri / Farmer / Fisherfolk,Rented (Apartment/House),Married,13.5,10,0.9167,0,4,1,8876.36,0.341,0.583,0,1,delinquent,17.8,3,4,3.61,0.6034,0,1,defaulted
SYNTH-02116,3,TUBOD,YAMAHA,MIO GEAR 125,Scooter,79400.0,15880.0,0.2,63520.0,24,4117.07,0.124,33213.84,BPO / Call Center Agent,Owned (Inherited/Tax Dec),Married,2.9,2,0.0833,1,0,0,0.0,0.08,0.653,1,0,active,36.5,11,3,2.42,0.7414,0,0,completed
SYNTH-02117,2,KAPATAGAN,KAWASAKI,CT100B,Backbone/Utility,54000.0,8100.0,0.15,45900.0,36,2393.0,0.0995,24049.07,Sari-Sari / Small Retail,Living with Parents/Relatives,Widowed,12.5,13,0.3611,3,0,0,0.0,0.097,0.82,0,0,active,49.2,12,4,4.07,0.9741,0,1,defaulted
SYNTH-02118,1,LALA,YAMAHA,MIO SPORTY,Scooter,73900.0,18475.0,0.25,55425.0,36,2848.08,0.1359,20962.32,Tricycle / PUV Operator,Owned (Clean Title),Married,5.5,25,0.7222,0,4,1,2848.08,0.408,0.493,1,1,delinquent,17.7,3,7,6.69,0.5,0,1,defaulted
SYNTH-02119,2,KAPATAGAN,HONDA,CLICK 125I,Scooter,81400.0,12210.0,0.15,69190.0,36,3505.74,0.1206,29077.29,BPO / Call Center Agent,Living with Parents/Relatives,Married,6.1,28,0.8056,3,2,1,3505.74,0.127,0.732,1,0,delinquent,13.3,2,5,4.74,0.731,0,0,completed
SYNTH-02120,3,TUBOD,SUZUKI,RAIDER 150 FI,Sport Underbone,119900.0,35970.0,0.3,83930.0,24,5375.68,0.3236,16614.61,Tricycle / PUV Operator,Living with Parents/Relatives,Widowed,13.1,8,0.375,0,1,1,5375.68,0.169,0.292,0,0,delinquent,14.4,7,3,2.88,0.5,0,0,defaulted
SYNTH-02121,1,LALA,KAWASAKI,P24KK (BARAKO II),Backbone/Tricycle,68500.0,13700.0,0.2,54800.0,36,2818.22,0.0887,31774.81,Sari-Sari / Small Retail,Rented (Apartment/House),Widowed,11.2,22,0.6389,0,2,1,2818.22,0.377,0.264,1,0,delinquent,49.7,11,5,4.76,0.5,0,1,defaulted
SYNTH-02122,1,LALA,HONDA,BEAT PREMIUM,Scooter,72400.0,21720.0,0.3,50680.0,36,2621.38,0.1532,17106.29,Agri / Farmer / Fisherfolk,Owned (Clean Title),Single,3.4,12,0.3611,1,4,1,2621.38,0.326,0.603,0,0,delinquent,61.4,11,5,5.46,0.6871,0,1,defaulted
SYNTH-02123,2,KAPATAGAN,HONDA,PCX160,Maxi-Scooter,134900.0,16188.0,0.12,118712.0,24,7520.57,0.5846,12863.63,Agri / Farmer / Fisherfolk,Owned (Clean Title),Married,8.9,8,0.4583,0,3,3,22561.71,0.429,0.201,0,0,defaulted,40.5,10,2,1.92,0.5,0,0,defaulted
SYNTH-02124,2,KAPATAGAN,KAWASAKI,ROUSER NS125,Sport Backbone,82000.0,20500.0,0.25,61500.0,24,3992.5,0.1097,36409.01,Employed (Private/Gov),Owned (Clean Title),Married,3.5,24,1.0,0,1,0,0.0,0.139,0.741,0,0,active,11.4,4,3,2.65,0.7281,0,1,defaulted
SYNTH-02125,3,TUBOD,YAMAHA,MIO GEAR 125,Scooter,79400.0,7940.0,0.1,71460.0,12,7703.3,0.1844,41777.55,Employed (Private/Gov),Rented (Apartment/House),Widowed,6.8,8,0.8333,0,2,2,15406.6,0.211,0.262,0,0,defaulted,32.4,9,3,2.41,0.5,0,1,defaulted
SYNTH-02126,2,KAPATAGAN,SUZUKI,RAIDER 150 FI,Sport Underbone,119900.0,17985.0,0.15,101915.0,36,5069.27,0.3572,14189.76,Agri / Farmer / Fisherfolk,Rented (Apartment/House),Widowed,7.5,23,0.6944,1,2,2,10138.54,0.185,0.231,0,0,defaulted,60.4,11,3,3.36,0.5,0,1,defaulted
SYNTH-02127,1,LALA,HONDA,TMX125 ALPHA,Backbone/Utility,57900.0,5790.0,0.1,52110.0,36,2689.7,0.1036,25970.63,Sari-Sari / Small Retail,Owned (Inherited/Tax Dec),Single,6.2,34,0.9444,1,0,0,0.0,0.01,0.647,0,0,active,20.4,9,6,5.66,0.6748,0,1,defaulted
SYNTH-02128,3,TUBOD,YAMAHA,MIO SPORTY,Scooter,73900.0,14780.0,0.2,59120.0,24,3845.73,0.1342,28650.48,BPO / Call Center Agent,Living with Parents/Relatives,Widowed,5.9,21,0.875,3,2,0,0.0,0.064,0.717,0,0,active,45.4,9,4,4.56,0.6799,0,0,completed
SYNTH-02129,1,LALA,YAMAHA,SNIPER 155,Sport Underbone,123900.0,24780.0,0.2,99120.0,36,4935.73,0.094,52533.18,OFW Remittance / Dependent,Living with Parents/Relatives,Married,9.2,22,0.6111,3,0,0,0.0,0.0,0.945,0,0,active,15.8,2,4,4.05,0.9303,0,0,completed
SYNTH-02130,1,LALA,YAMAHA,MIO GEAR 125,Scooter,79400.0,11910.0,0.15,67490.0,36,3424.52,0.1644,20830.08,Tricycle / PUV Operator,Owned (Inherited/Tax Dec),Single,5.2,21,0.6389,1,3,2,6849.04,0.229,0.46,0,0,defaulted,46.4,9,4,3.69,0.5,0,1,defaulted
SYNTH-02131,3,TUBOD,YAMAHA,AEROX 155,Sport Scooter,125400.0,18810.0,0.15,106590.0,36,5292.63,0.0956,55387.57,OFW Remittance / Dependent,Owned (Clean Title),Single,9.4,34,0.9444,7,0,0,0.0,0.0,0.94,0,0,active,28.8,3,3,2.37,0.9936,0,0,completed
SYNTH-02132,2,KAPATAGAN,YAMAHA,AEROX 155,Sport Scooter,125400.0,31350.0,0.25,94050.0,36,4693.5,0.0994,47231.54,OFW Remittance / Dependent,Owned (Clean Title),Single,5.8,32,0.8889,7,0,0,0.0,0.0,0.944,0,0,active,37.5,4,3,3.27,0.9891,1,0,early_settled
SYNTH-02133,2,KAPATAGAN,YAMAHA,NMAX 155,Maxi-Scooter,151900.0,45570.0,0.3,106330.0,36,5280.21,0.2567,20571.96,OFW Remittance / Dependent,Living with Parents/Relatives,Single,2.2,24,0.7778,0,1,4,21120.84,0.204,0.324,0,0,defaulted,40.6,12,4,3.92,0.5,0,1,defaulted
SYNTH-02134,1,LALA,HONDA,CLICK 160,Scooter,122900.0,14748.0,0.12,108152.0,36,5367.26,0.2138,25101.07,Sari-Sari / Small Retail,Owned (Inherited/Tax Dec),Married,9.9,2,0.1111,0,4,2,10734.52,0.239,0.642,0,1,defaulted,23.2,10,5,4.54,0.6467,0,1,defaulted
SYNTH-02135,2,KAPATAGAN,HONDA,BEAT PREMIUM,Scooter,72400.0,10860.0,0.15,61540.0,12,6661.7,0.1374,48490.85,Public School Teacher,Living with Parents/Relatives,Married,2.3,9,0.75,1,1,0,0.0,0.008,0.669,0,0,active,60.2,1,4,4.34,0.6173,0,0,completed
SYNTH-02136,3,TUBOD,SUZUKI,RAIDER 150 FI,Sport Underbone,119900.0,11990.0,0.1,107910.0,36,5355.7,0.231,23183.94,Agri / Farmer / Fisherfolk,Living with Parents/Relatives,Widowed,3.3,3,0.1667,1,1,3,16067.1,0.417,0.33,1,1,defaulted,19.5,9,3,3.02,0.5,0,0,defaulted
SYNTH-02137,1,LALA,HONDA,PCX160,Maxi-Scooter,134900.0,16188.0,0.12,118712.0,24,7520.57,0.3472,21662.52,Agri / Farmer / Fisherfolk,Living with Parents/Relatives,Married,4.5,8,0.5,1,4,4,30082.28,0.23,0.631,0,0,defaulted,26.3,6,2,1.89,0.5652,0,0,defaulted
SYNTH-02138,2,KAPATAGAN,KAWASAKI,CT100B,Backbone/Utility,54000.0,6480.0,0.12,47520.0,12,5189.6,0.1826,28413.16,BPO / Call Center Agent,Owned (Clean Title),Married,9.8,6,0.5833,0,2,1,5189.6,0.018,0.738,0,0,delinquent,54.1,12,4,3.77,0.8112,0,0,completed
SYNTH-02139,2,KAPATAGAN,HONDA,BEAT PREMIUM,Scooter,72400.0,21720.0,0.3,50680.0,24,3325.27,0.1149,28949.21,BPO / Call Center Agent,Owned (Inherited/Tax Dec),Single,9.8,6,0.2917,3,2,1,3325.27,0.068,0.659,0,0,delinquent,20.1,3,6,6.14,0.7168,0,1,defaulted
SYNTH-02140,3,TUBOD,SUZUKI,RAIDER 150 FI,Sport Underbone,119900.0,35970.0,0.3,83930.0,24,5375.68,0.448,12000.0,Agri / Farmer / Fisherfolk,Living with Parents/Relatives,Widowed,7.0,21,0.9167,0,3,1,5375.68,0.232,0.573,1,1,delinquent,59.7,6,2,2.22,0.5,0,0,defaulted
SYNTH-02141,2,KAPATAGAN,HONDA,WAVE RSX,Underbone,64900.0,12980.0,0.2,51920.0,36,2680.62,0.1,26811.44,Sari-Sari / Small Retail,Owned (Inherited/Tax Dec),Single,2.6,21,0.6111,0,2,1,2680.62,0.446,0.521,0,0,delinquent,39.8,4,4,4.32,0.5564,0,1,defaulted
SYNTH-02142,3,TUBOD,YAMAHA,MIO GEAR 125,Scooter,79400.0,15880.0,0.2,63520.0,12,6869.6,0.2965,23166.87,BPO / Call Center Agent,Rented (Apartment/House),Married,8.8,0,0.0833,0,1,4,27478.4,0.251,0.21,0,1,defaulted,57.6,10,3,2.97,0.5,0,1,defaulted
SYNTH-02143,3,TUBOD,SUZUKI,BURGMAN STREET 125,Maxi-Scooter,83400.0,12510.0,0.15,70890.0,24,4571.55,0.1659,27557.05,Employed (Private/Gov),Owned (Clean Title),Widowed,6.5,2,0.125,1,2,1,4571.55,0.112,0.609,0,0,delinquent,45.4,10,3,3.02,0.6167,0,0,completed
SYNTH-02144,1,LALA,YAMAHA,MIO SPORTY,Scooter,73900.0,18475.0,0.25,55425.0,36,2848.08,0.108,26368.87,Public School Teacher,Owned (Clean Title),Widowed,13.5,35,0.9722,3,0,0,0.0,0.0,0.881,0,0,active,64.6,9,5,4.71,0.8368,0,0,completed
SYNTH-02145,3,TUBOD,KAWASAKI,P24KK (BARAKO II),Backbone/Tricycle,68500.0,13700.0,0.2,54800.0,12,5954.0,0.2776,21444.47,Sari-Sari / Small Retail,Living with Parents/Relatives,Widowed,1.0,4,0.5833,0,4,3,17862.0,0.259,0.53,0,1,defaulted,20.3,6,4,4.25,0.5292,0,1,defaulted
SYNTH-02146,2,KAPATAGAN,KAWASAKI,CT100B,Backbone/Utility,54000.0,10800.0,0.2,43200.0,12,4736.0,0.381,12431.66,Tricycle / PUV Operator,Owned (Inherited/Tax Dec),Married,6.1,8,0.75,0,4,1,4736.0,0.424,0.263,1,0,delinquent,61.1,3,3,3.77,0.5,0,1,defaulted
SYNTH-02147,3,TUBOD,HONDA,CLICK 125I,Scooter,81400.0,24420.0,0.3,56980.0,24,3713.77,0.1782,20844.68,Agri / Farmer / Fisherfolk,Living with Parents/Relatives,Single,7.2,5,0.3333,0,1,3,11141.31,0.246,0.383,1,0,defaulted,35.5,1,3,2.86,0.5,0,1,defaulted
SYNTH-02148,3,TUBOD,HONDA,CLICK 160,Scooter,122900.0,24580.0,0.2,98320.0,24,6263.07,0.2581,24266.12,Employed (Private/Gov),Owned (Clean Title),Married,5.6,12,0.625,0,3,3,18789.21,0.16,0.597,1,1,defaulted,51.3,5,3,3.42,0.5892,0,0,defaulted
SYNTH-02149,3,TUBOD,SUZUKI,SMASH 115,Underbone,62400.0,9360.0,0.15,53040.0,24,3470.8,0.1016,34171.76,BPO / Call Center Agent,Owned (Inherited/Tax Dec),Married,7.8,15,0.625,9,0,0,0.0,0.0,0.885,0,0,active,31.8,5,3,3.28,0.8849,0,0,completed
SYNTH-02150,1,LALA,KAWASAKI,P24KK (BARAKO II),Backbone/Tricycle,68500.0,13700.0,0.2,54800.0,24,3579.33,0.0707,50657.8,OFW Remittance / Dependent,Living with Parents/Relatives,Widowed,4.6,17,0.75,2,2,1,3579.33,0.145,0.704,0,0,delinquent,43.0,6,4,4.49,0.6218,0,0,completed
SYNTH-02151,1,LALA,KAWASAKI,P24KK (BARAKO II),Backbone/Tricycle,68500.0,10275.0,0.15,58225.0,36,2981.86,0.1356,21989.87,Agri / Farmer / Fisherfolk,Owned (Inherited/Tax Dec),Married,9.6,32,1.0,0,3,4,11927.44,0.37,0.593,0,0,defaulted,50.8,9,4,4.0,0.6311,0,1,defaulted
SYNTH-02152,1,LALA,YAMAHA,NMAX 155,Maxi-Scooter,151900.0,37975.0,0.25,113925.0,36,5643.08,0.2475,22801.16,BPO / Call Center Agent,Owned (Clean Title),Married,1.7,15,0.4722,1,1,2,11286.16,0.366,0.543,0,1,defaulted,64.8,11,4,4.31,0.6497,0,1,defaulted
SYNTH-02153,3,TUBOD,KAWASAKI,ROUSER NS125,Sport Backbone,82000.0,8200.0,0.1,73800.0,12,7949.0,0.3231,24605.86,BPO / Call Center Agent,Owned (Clean Title),Married,1.6,4,0.4167,0,4,1,7949.0,0.329,0.603,1,0,delinquent,55.4,8,2,1.48,0.6185,0,1,defaulted
SYNTH-02154,3,TUBOD,KAWASAKI,P24KK (BARAKO II),Backbone/Tricycle,68500.0,17125.0,0.25,51375.0,36,2654.58,0.0479,55369.66,OFW Remittance / Dependent,Owned (Clean Title),Married,3.0,22,0.6111,1,0,0,0.0,0.0,0.851,0,0,active,64.2,9,3,3.19,0.8047,0,0,completed
SYNTH-02155,3,TUBOD,HONDA,WAVE RSX,Underbone,64900.0,12980.0,0.2,51920.0,36,2680.62,0.0898,29835.59,BPO / Call Center Agent,Living with Parents/Relatives,Married,5.4,3,0.0833,0,1,0,0.0,0.002,0.836,0,0,active,40.0,2,3,2.93,0.8338,0,0,completed
SYNTH-02156,1,LALA,HONDA,PCX160,Maxi-Scooter,134900.0,13490.0,0.1,121410.0,36,6000.7,0.2176,27578.44,BPO / Call Center Agent,Living with Parents/Relatives,Single,10.8,3,0.1944,0,1,4,24002.8,0.303,0.637,0,0,defaulted,45.1,1,2,1.81,0.5664,0,1,defaulted
SYNTH-02157,2,KAPATAGAN,SUZUKI,SMASH 115,Underbone,62400.0,6240.0,0.1,56160.0,24,3663.2,0.0796,46024.05,BPO / Call Center Agent,Owned (Inherited/Tax Dec),Married,8.5,13,0.5417,12,0,0,0.0,0.0,0.968,0,0,active,20.5,12,6,5.6,1.1,1,0,early_settled
SYNTH-02158,2,KAPATAGAN,SUZUKI,BURGMAN STREET 125,Maxi-Scooter,83400.0,25020.0,0.3,58380.0,24,3800.1,0.185,20539.36,Agri / Farmer / Fisherfolk,Owned (Inherited/Tax Dec),Widowed,10.6,4,0.3333,0,2,4,15200.4,0.173,0.241,0,1,defaulted,56.4,6,3,2.87,0.5,0,0,defaulted
SYNTH-02159,3,TUBOD,SUZUKI,RAIDER 150 FI,Sport Underbone,119900.0,23980.0,0.2,95920.0,24,6115.07,0.2316,26405.73,Sari-Sari / Small Retail,Rented (Apartment/House),Single,7.9,2,0.2083,0,2,3,18345.21,0.167,0.24,0,0,defaulted,48.4,6,2,2.24,0.5,0,1,defaulted
SYNTH-02160,1,LALA,HONDA,WAVE RSX,Underbone,64900.0,6490.0,0.1,58410.0,12,6333.05,0.3467,18266.08,Sari-Sari / Small Retail,Owned (Clean Title),Single,2.2,8,0.8333,0,3,2,12666.1,0.382,0.229,0,0,defaulted,50.8,7,4,3.99,0.5,0,1,defaulted
SYNTH-02161,2,KAPATAGAN,KAWASAKI,P24KK (BARAKO II),Backbone/Tricycle,68500.0,6850.0,0.1,61650.0,24,4001.75,0.058,69008.38,OFW Remittance / Dependent,Rented (Apartment/House),Widowed,3.6,21,0.9583,0,1,2,8003.5,0.383,0.441,0,0,defaulted,50.4,1,3,3.22,0.5,0,0,defaulted
SYNTH-02162,3,TUBOD,HONDA,CLICK 160,Scooter,122900.0,24580.0,0.2,98320.0,36,4897.51,0.1697,28860.11,BPO / Call Center Agent,Owned (Inherited/Tax Dec),Married,6.8,24,0.6667,1,1,0,0.0,0.13,0.736,0,0,active,37.9,6,3,3.35,0.6434,0,0,completed
SYNTH-02163,1,LALA,YAMAHA,NMAX 155,Maxi-Scooter,151900.0,15190.0,0.1,136710.0,36,6731.7,0.2337,28810.12,Public School Teacher,Rented (Apartment/House),Married,5.2,6,0.2778,1,4,4,26926.8,0.329,0.648,0,1,defaulted,53.2,11,4,3.76,0.754,0,1,defaulted
SYNTH-02164,1,LALA,HONDA,WAVE RSX,Underbone,64900.0,19470.0,0.3,45430.0,12,4970.15,0.2117,23476.42,Agri / Farmer / Fisherfolk,Owned (Inherited/Tax Dec),Single,14.2,0,0.25,0,2,4,19880.6,0.364,0.457,1,1,defaulted,52.8,11,4,3.76,0.5013,0,1,defaulted
SYNTH-02165,3,TUBOD,SUZUKI,BURGMAN STREET 125,Maxi-Scooter,83400.0,12510.0,0.15,70890.0,36,3586.97,0.2246,15968.13,Agri / Farmer / Fisherfolk,Owned (Inherited/Tax Dec),Married,6.9,23,0.7222,0,4,3,10760.91,0.166,0.456,0,0,defaulted,38.0,12,3,3.2,0.5,0,0,defaulted
SYNTH-02166,1,LALA,HONDA,TMX125 ALPHA,Backbone/Utility,57900.0,5790.0,0.1,52110.0,12,5671.55,0.2683,21141.57,OFW Remittance / Dependent,Living with Parents/Relatives,Married,1.9,0,0.1667,1,1,3,17014.65,0.354,0.283,1,0,defaulted,60.9,9,4,4.37,0.5,0,1,defaulted
SYNTH-02167,1,LALA,YAMAHA,MIO SPORTY,Scooter,73900.0,22170.0,0.3,51730.0,24,3390.02,0.0875,38755.3,Public School Teacher,Owned (Clean Title),Married,6.6,21,0.875,9,0,0,0.0,0.0,0.851,0,0,active,34.4,10,5,5.51,0.8189,1,0,early_settled
SYNTH-02168,1,LALA,YAMAHA,AEROX 155,Sport Scooter,125400.0,31350.0,0.25,94050.0,36,4693.5,0.3626,12942.44,Agri / Farmer / Fisherfolk,Rented (Apartment/House),Married,4.4,15,0.5,0,1,3,14080.5,0.283,0.549,0,1,defaulted,11.5,2,4,4.22,0.5,0,1,defaulted
SYNTH-02169,2,KAPATAGAN,SUZUKI,RAIDER 150 FI,Sport Underbone,119900.0,11990.0,0.1,107910.0,24,6854.45,0.1695,40431.54,Public School Teacher,Owned (Inherited/Tax Dec),Married,24.4,4,0.1667,1,0,0,0.0,0.0,0.883,0,0,active,22.9,3,4,4.26,0.9408,0,0,completed
SYNTH-02170,2,KAPATAGAN,HONDA,TMX125 ALPHA,Backbone/Utility,57900.0,5790.0,0.1,52110.0,12,5671.55,0.2424,23397.77,Sari-Sari / Small Retail,Owned (Inherited/Tax Dec),Widowed,2.5,6,0.75,0,4,3,17014.65,0.337,0.373,0,0,defaulted,34.2,1,4,4.42,0.5,0,1,defaulted
SYNTH-02171,2,KAPATAGAN,YAMAHA,SNIPER 155,Sport Underbone,123900.0,24780.0,0.2,99120.0,36,4935.73,0.2755,17912.77,BPO / Call Center Agent,Owned (Clean Title),Married,5.9,9,0.2778,1,3,1,4935.73,0.177,0.313,0,0,delinquent,28.5,2,3,3.26,0.5,0,1,defaulted
SYNTH-02172,3,TUBOD,YAMAHA,NMAX 155,Maxi-Scooter,151900.0,22785.0,0.15,129115.0,12,13757.07,0.3085,44598.87,Public School Teacher,Owned (Clean Title),Widowed,11.9,8,0.75,1,4,1,13757.07,0.27,0.598,0,1,delinquent,32.0,10,3,2.7,0.6079,0,1,defaulted
SYNTH-02173,1,LALA,HONDA,CLICK 160,Scooter,122900.0,36870.0,0.3,86030.0,36,4310.32,0.1178,36595.99,Public School Teacher,Owned (Inherited/Tax Dec),Widowed,2.7,21,0.6111,3,1,1,4310.32,0.007,0.638,0,0,delinquent,26.1,7,4,3.87,0.6041,0,1,defaulted
SYNTH-02174,1,LALA,YAMAHA,MIO SPORTY,Scooter,73900.0,11085.0,0.15,62815.0,24,4073.59,0.1737,23456.46,Tricycle / PUV Operator,Owned (Inherited/Tax Dec),Single,8.1,18,0.7917,0,4,1,4073.59,0.234,0.305,1,1,delinquent,63.5,2,5,5.02,0.5,0,1,defaulted
SYNTH-02175,3,TUBOD,YAMAHA,AEROX 155,Sport Scooter,125400.0,37620.0,0.3,87780.0,24,5613.1,0.3822,14685.43,Tricycle / PUV Operator,Owned (Clean Title),Single,3.7,10,0.5,1,1,2,11226.2,0.424,0.601,0,0,defaulted,33.0,8,2,1.65,0.5513,0,1,defaulted
SYNTH-02176,1,LALA,YAMAHA,AEROX 155,Sport Scooter,125400.0,15048.0,0.12,110352.0,36,5472.37,0.0935,58534.49,OFW Remittance / Dependent,Owned (Inherited/Tax Dec),Single,18.5,5,0.1389,5,0,0,0.0,0.0,0.904,0,0,active,10.1,4,5,5.06,0.9197,0,0,completed
SYNTH-02177,3,TUBOD,YAMAHA,MIO FAZZIO,Retro Scooter,93900.0,18780.0,0.2,75120.0,36,3789.07,0.1845,20534.72,Tricycle / PUV Operator,Owned (Inherited/Tax Dec),Married,8.2,0,0.0278,0,2,1,3789.07,0.355,0.507,0,0,delinquent,59.2,9,2,1.6,0.527,0,1,defaulted
SYNTH-02178,3,TUBOD,SUZUKI,RAIDER 150 FI,Sport Underbone,119900.0,14388.0,0.12,105512.0,24,6706.57,0.2661,25201.42,BPO / Call Center Agent,Living with Parents/Relatives,Married,16.4,17,0.8333,0,2,3,20119.71,0.372,0.532,0,0,defaulted,60.9,4,2,2.28,0.5121,0,0,defaulted
SYNTH-02179,3,TUBOD,HONDA,PCX160,Maxi-Scooter,134900.0,20235.0,0.15,114665.0,24,7271.01,0.1674,43437.85,Employed (Private/Gov),Rented (Apartment/House),Married,7.8,0,0.125,0,3,3,21813.03,0.412,0.355,0,0,defaulted,36.5,12,2,1.77,0.5,0,1,defaulted
SYNTH-02180,3,TUBOD,YAMAHA,MIO GEAR 125,Scooter,79400.0,11910.0,0.15,67490.0,36,3424.52,0.1353,25305.19,Employed (Private/Gov),Owned (Clean Title),Married,11.4,4,0.1111,0,0,0,0.0,0.086,0.832,0,0,active,58.7,6,3,3.65,0.6921,0,0,completed
SYNTH-02181,3,TUBOD,SUZUKI,BURGMAN STREET 125,Maxi-Scooter,83400.0,12510.0,0.15,70890.0,36,3586.97,0.1615,22210.58,Tricycle / PUV Operator,Rented (Apartment/House),Single,14.5,26,0.8333,0,4,4,14347.88,0.283,0.596,1,0,defaulted,48.2,1,2,2.27,0.5242,0,1,defaulted
SYNTH-02182,2,KAPATAGAN,YAMAHA,NMAX 155,Maxi-Scooter,151900.0,22785.0,0.15,129115.0,36,6368.83,0.2603,24465.66,Sari-Sari / Small Retail,Rented (Apartment/House),Single,6.0,1,0.1389,0,3,4,25475.32,0.186,0.358,1,1,defaulted,28.1,9,3,2.88,0.5,0,1,defaulted
SYNTH-02183,1,LALA,SUZUKI,SMASH 115,Underbone,62400.0,12480.0,0.2,49920.0,12,5441.6,0.2407,22611.65,Sari-Sari / Small Retail,Living with Parents/Relatives,Married,10.6,5,0.75,0,1,4,21766.4,0.327,0.237,0,0,defaulted,56.5,11,4,3.99,0.5,0,1,defaulted
SYNTH-02184,2,KAPATAGAN,HONDA,CLICK 160,Scooter,122900.0,18435.0,0.15,104465.0,12,11168.82,0.2535,44065.88,Employed (Private/Gov),Rented (Apartment/House),Married,5.7,9,0.9167,1,4,2,22337.64,0.172,0.453,0,0,defaulted,49.5,4,4,3.77,0.5,0,1,defaulted
SYNTH-02185,1,LALA,KAWASAKI,P24KK (BARAKO II),Backbone/Tricycle,68500.0,13700.0,0.2,54800.0,24,3579.33,0.0722,49604.18,Public School Teacher,Owned (Inherited/Tax Dec),Married,6.4,24,1.0,12,0,0,0.0,0.0,0.863,0,0,active,59.7,6,4,4.18,0.7815,0,0,completed
SYNTH-02186,2,KAPATAGAN,KAWASAKI,CT100B,Backbone/Utility,54000.0,8100.0,0.15,45900.0,36,2393.0,0.096,24927.1,Agri / Farmer / Fisherfolk,Living with Parents/Relatives,Single,8.6,32,0.9722,0,1,3,7179.0,0.199,0.27,0,0,defaulted,36.0,4,3,2.83,0.5,0,1,defaulted
SYNTH-02187,1,LALA,SUZUKI,SMASH 115,Underbone,62400.0,9360.0,0.15,53040.0,12,5769.2,0.1461,39487.79,Employed (Private/Gov),Living with Parents/Relatives,Widowed,12.2,5,0.4167,1,1,0,0.0,0.082,0.615,0,0,active,31.0,10,4,3.9,0.6385,0,0,completed
SYNTH-02188,2,KAPATAGAN,SUZUKI,BURGMAN STREET 125,Maxi-Scooter,83400.0,8340.0,0.1,75060.0,24,4828.7,0.2064,23399.28,Tricycle / PUV Operator,Living with Parents/Relatives,Widowed,15.8,0,0.1667,0,1,4,19314.8,0.156,0.235,0,0,defaulted,19.5,8,4,3.75,0.5,0,1,defaulted
SYNTH-02189,2,KAPATAGAN,KAWASAKI,ROUSER NS125,Sport Backbone,82000.0,9840.0,0.12,72160.0,24,4649.87,0.3368,13806.95,Tricycle / PUV Operator,Living with Parents/Relatives,Widowed,10.4,15,0.7083,1,4,2,9299.74,0.383,0.559,1,0,defaulted,54.5,9,2,2.07,0.5045,0,1,defaulted
SYNTH-02190,2,KAPATAGAN,KAWASAKI,CT100B,Backbone/Utility,54000.0,13500.0,0.25,40500.0,24,2697.5,0.1529,17643.28,Tricycle / PUV Operator,Owned (Clean Title),Married,3.7,14,0.7083,0,4,3,8092.5,0.356,0.503,0,1,defaulted,15.5,12,5,5.63,0.5486,0,1,defaulted
SYNTH-02191,3,TUBOD,HONDA,TMX125 ALPHA,Backbone/Utility,57900.0,6948.0,0.12,50952.0,12,5549.96,0.3071,18074.79,Agri / Farmer / Fisherfolk,Rented (Apartment/House),Single,11.0,6,0.5833,1,4,1,5549.96,0.208,0.465,0,0,delinquent,22.5,8,4,3.64,0.5,0,0,defaulted
SYNTH-02192,2,KAPATAGAN,YAMAHA,MIO GEAR 125,Scooter,79400.0,15880.0,0.2,63520.0,24,4117.07,0.1264,32566.61,BPO / Call Center Agent,Owned (Clean Title),Married,5.6,4,0.2083,3,0,1,4117.07,0.103,0.721,0,0,delinquent,18.0,12,6,6.42,0.8381,0,0,completed
SYNTH-02193,2,KAPATAGAN,HONDA,PCX160,Maxi-Scooter,134900.0,16188.0,0.12,118712.0,36,5871.8,0.3036,19343.14,Tricycle / PUV Operator,Owned (Clean Title),Single,1.5,19,0.6389,0,2,4,23487.2,0.31,0.309,1,0,defaulted,57.5,9,2,2.66,0.5,0,1,defaulted
SYNTH-02194,3,TUBOD,HONDA,TMX125 ALPHA,Backbone/Utility,57900.0,17370.0,0.3,40530.0,12,4455.65,0.0877,50788.35,OFW Remittance / Dependent,Owned (Inherited/Tax Dec),Married,12.2,4,0.3333,1,0,0,0.0,0.0,0.861,0,0,active,36.2,3,3,3.46,0.9539,0,0,completed
SYNTH-02195,1,LALA,SUZUKI,BURGMAN STREET 125,Maxi-Scooter,83400.0,16680.0,0.2,66720.0,24,4314.4,0.1146,37650.22,Public School Teacher,Living with Parents/Relatives,Married,6.4,23,0.9583,1,0,0,0.0,0.0,0.98,0,0,active,42.9,7,4,4.44,1.0154,0,0,completed
SYNTH-02196,3,TUBOD,KAWASAKI,CT100B,Backbone/Utility,54000.0,8100.0,0.15,45900.0,24,3030.5,0.1622,18682.24,Tricycle / PUV Operator,Owned (Inherited/Tax Dec),Single,2.5,18,0.875,0,2,3,9091.5,0.156,0.442,0,0,defaulted,60.8,3,3,2.5,0.5,0,1,defaulted
SYNTH-02197,3,TUBOD,KAWASAKI,ROUSER NS125,Sport Backbone,82000.0,24600.0,0.3,57400.0,12,6227.0,0.1943,32055.4,Employed (Private/Gov),Owned (Inherited/Tax Dec),Married,3.6,0,0.0833,0,4,3,18681.0,0.401,0.385,1,0,defaulted,13.6,5,2,1.94,0.5,0,1,defaulted
SYNTH-02198,3,TUBOD,YAMAHA,SNIPER 155,Sport Underbone,123900.0,30975.0,0.25,92925.0,12,9957.12,0.5678,17535.92,Agri / Farmer / Fisherfolk,Living with Parents/Relatives,Married,4.8,8,0.9167,1,1,3,29871.36,0.344,0.292,1,0,defaulted,43.0,3,2,2.3,0.5,0,1,defaulted
SYNTH-02199,3,TUBOD,HONDA,CLICK 125I,Scooter,81400.0,12210.0,0.15,69190.0,24,4466.72,0.0949,47076.56,OFW Remittance / Dependent,Owned (Inherited/Tax Dec),Widowed,18.2,5,0.2083,3,0,0,0.0,0.0,0.943,0,0,active,31.5,6,3,3.13,0.8282,0,0,completed
SYNTH-02200,1,LALA,YAMAHA,SNIPER 155,Sport Underbone,123900.0,12390.0,0.1,111510.0,24,7076.45,0.354,19991.2,Sari-Sari / Small Retail,Rented (Apartment/House),Widowed,6.4,20,0.9167,0,1,2,14152.9,0.186,0.348,0,0,defaulted,32.1,4,3,3.0,0.5,0,1,defaulted
SYNTH-02201,1,LALA,YAMAHA,SNIPER 155,Sport Underbone,123900.0,24780.0,0.2,99120.0,24,6312.4,0.1882,33548.7,Employed (Private/Gov),Owned (Clean Title),Married,2.3,3,0.2917,1,2,4,25249.6,0.281,0.422,0,0,defaulted,17.0,9,4,3.63,0.5,0,1,defaulted
SYNTH-02202,2,KAPATAGAN,HONDA,WAVE RSX,Underbone,64900.0,9735.0,0.15,55165.0,36,2835.66,0.1583,17916.04,Agri / Farmer / Fisherfolk,Owned (Clean Title),Married,19.4,23,0.6667,0,2,1,2835.66,0.281,0.424,0,0,delinquent,39.1,5,3,2.13,0.5,0,1,defaulted
SYNTH-02203,1,LALA,YAMAHA,NMAX 155,Maxi-Scooter,151900.0,37975.0,0.25,113925.0,36,5643.08,0.1381,40868.25,Employed (Private/Gov),Owned (Inherited/Tax Dec),Married,11.7,36,1.0,0,1,0,0.0,0.056,0.703,1,0,active,58.9,1,3,3.63,0.5497,0,1,defaulted
SYNTH-02204,1,LALA,SUZUKI,RAIDER 150 FI,Sport Underbone,119900.0,14388.0,0.12,105512.0,36,5241.13,0.1555,33696.33,BPO / Call Center Agent,Living with Parents/Relatives,Married,8.0,2,0.0556,1,2,0,0.0,0.095,0.843,0,0,active,64.1,1,3,2.79,0.7451,0,0,completed
SYNTH-02205,1,LALA,YAMAHA,SNIPER 155,Sport Underbone,123900.0,12390.0,0.1,111510.0,36,5527.7,0.1689,32729.37,OFW Remittance / Dependent,Living with Parents/Relatives,Married,5.2,25,0.7222,2,2,1,5527.7,0.047,0.762,0,0,delinquent,28.0,12,3,3.2,0.8671,0,0,completed
SYNTH-02206,1,LALA,HONDA,CLICK 160,Scooter,122900.0,24580.0,0.2,98320.0,24,6263.07,0.5216,12007.04,Agri / Farmer / Fisherfolk,Living with Parents/Relatives,Widowed,2.0,10,0.4583,1,1,1,6263.07,0.26,0.543,0,0,delinquent,31.4,8,4,4.65,0.5484,0,1,defaulted
SYNTH-02207,2,KAPATAGAN,KAWASAKI,CT100B,Backbone/Utility,54000.0,10800.0,0.2,43200.0,36,2264.0,0.0952,23787.1,Public School Teacher,Owned (Clean Title),Married,7.6,4,0.1111,4,0,0,0.0,0.0,0.864,0,0,active,11.0,9,4,4.27,0.8207,0,0,completed
SYNTH-02208,2,KAPATAGAN,KAWASAKI,ROUSER NS125,Sport Backbone,82000.0,12300.0,0.15,69700.0,12,7518.5,0.2632,28570.84,Tricycle / PUV Operator,Owned (Inherited/Tax Dec),Married,14.4,7,0.75,0,2,2,15037.0,0.418,0.233,0,1,defaulted,38.1,11,2,2.09,0.5,0,1,defaulted
SYNTH-02209,1,LALA,YAMAHA,NMAX 155,Maxi-Scooter,151900.0,37975.0,0.25,113925.0,24,7225.38,0.2752,26259.53,Employed (Private/Gov),Owned (Clean Title),Married,6.6,1,0.2083,0,2,4,28901.52,0.375,0.564,0,0,defaulted,28.8,6,3,2.89,0.5082,0,1,defaulted
SYNTH-02210,3,TUBOD,HONDA,ADV160,Adventure Scooter,166900.0,16690.0,0.1,150210.0,12,15972.05,0.436,36635.05,Sari-Sari / Small Retail,Rented (Apartment/House),Single,5.3,8,1.0,0,4,4,63888.2,0.338,0.547,0,0,defaulted,37.0,3,2,1.92,0.5758,0,1,defaulted
SYNTH-02211,1,LALA,HONDA,BEAT PREMIUM,Scooter,72400.0,18100.0,0.25,54300.0,12,5901.5,0.1237,47707.7,OFW Remittance / Dependent,Owned (Clean Title),Married,9.4,3,0.25,3,0,0,0.0,0.0,0.897,0,0,active,37.4,12,5,4.82,1.0658,0,0,completed
SYNTH-02212,3,TUBOD,YAMAHA,MIO GEAR 125,Scooter,79400.0,19850.0,0.25,59550.0,36,3045.17,0.0718,42401.64,Public School Teacher,Owned (Inherited/Tax Dec),Married,6.1,29,0.8056,1,0,0,0.0,0.0,0.92,0,0,active,27.9,5,3,3.3,0.8846,0,0,completed
SYNTH-02213,3,TUBOD,HONDA,WAVE RSX,Underbone,64900.0,16225.0,0.25,48675.0,24,3201.62,0.1695,18891.35,Agri / Farmer / Fisherfolk,Rented (Apartment/House),Married,8.8,1,0.1667,0,3,3,9604.86,0.313,0.322,0,1,defaulted,31.3,10,3,2.57,0.5,0,0,defaulted
SYNTH-02214,3,TUBOD,YAMAHA,AEROX 155,Sport Scooter,125400.0,25080.0,0.2,100320.0,36,4993.07,0.155,32210.73,Employed (Private/Gov),Living with Parents/Relatives,Married,7.5,22,0.6111,3,1,0,0.0,0.105,0.815,0,0,active,23.3,5,3,2.45,0.7888,0,0,completed
SYNTH-02215,3,TUBOD,YAMAHA,AEROX 155,Sport Scooter,125400.0,15048.0,0.12,110352.0,12,11786.96,0.6467,18227.12,Agri / Farmer / Fisherfolk,Owned (Inherited/Tax Dec),Widowed,4.1,4,0.5,1,1,2,23573.92,0.152,0.558,0,1,defaulted,61.3,8,2,2.32,0.5876,0,1,defaulted
SYNTH-02216,3,TUBOD,YAMAHA,AEROX 155,Sport Scooter,125400.0,18810.0,0.15,106590.0,24,6773.05,0.1567,43223.94,Public School Teacher,Rented (Apartment/House),Widowed,11.1,8,0.4167,0,3,2,13546.1,0.346,0.446,0,0,defaulted,14.5,8,3,3.31,0.5,0,1,defaulted
SYNTH-02217,3,TUBOD,YAMAHA,SNIPER 155,Sport Underbone,123900.0,18585.0,0.15,105315.0,24,6694.43,0.2108,31764.18,Public School Teacher,Rented (Apartment/House),Married,1.5,11,0.5417,1,3,2,13388.86,0.192,0.278,0,0,defaulted,13.5,3,3,2.2,0.5,0,1,defaulted
SYNTH-02218,3,TUBOD,SUZUKI,BURGMAN STREET 125,Maxi-Scooter,83400.0,25020.0,0.3,58380.0,36,2989.27,0.1157,25838.18,Employed (Private/Gov),Owned (Inherited/Tax Dec),Married,9.1,2,0.0556,2,0,0,0.0,0.0,0.929,0,0,active,18.5,3,4,4.09,1.0092,0,0,completed
SYNTH-02219,2,KAPATAGAN,YAMAHA,SNIPER 155,Sport Underbone,123900.0,37170.0,0.3,86730.0,24,5548.35,0.282,19678.19,Sari-Sari / Small Retail,Rented (Apartment/House),Single,11.2,1,0.0833,1,3,1,5548.35,0.245,0.613,0,0,delinquent,17.2,4,4,3.93,0.635,0,1,defaulted
SYNTH-02220,2,KAPATAGAN,YAMAHA,NMAX 155,Maxi-Scooter,151900.0,45570.0,0.3,106330.0,24,6757.02,0.2683,25181.19,Public School Teacher,Living with Parents/Relatives,Married,4.2,20,0.9583,0,2,3,20271.06,0.385,0.592,1,1,defaulted,49.0,7,3,3.03,0.5635,0,1,defaulted
SYNTH-02221,3,TUBOD,KAWASAKI,P24KK (BARAKO II),Backbone/Tricycle,68500.0,20550.0,0.3,47950.0,36,2490.94,0.0944,26400.52,Employed (Private/Gov),Owned (Clean Title),Married,5.8,4,0.1111,1,0,0,0.0,0.0,0.901,0,0,active,59.6,11,3,2.89,1.0488,0,0,completed
SYNTH-02222,2,KAPATAGAN,HONDA,BEAT PREMIUM,Scooter,72400.0,7240.0,0.1,65160.0,36,3313.2,0.1462,22654.65,BPO / Call Center Agent,Owned (Inherited/Tax Dec),Single,2.5,26,0.8333,0,2,4,13252.8,0.169,0.53,1,1,defaulted,24.4,6,5,5.04,0.5,0,1,defaulted
SYNTH-02223,2,KAPATAGAN,SUZUKI,BURGMAN STREET 125,Maxi-Scooter,83400.0,20850.0,0.25,62550.0,24,4057.25,0.1837,22084.25,Agri / Farmer / Fisherfolk,Owned (Clean Title),Single,3.8,7,0.375,0,2,2,8114.5,0.389,0.532,0,0,defaulted,54.7,5,3,2.66,0.5569,0,0,defaulted
SYNTH-02224,2,KAPATAGAN,KAWASAKI,ROUSER NS125,Sport Backbone,82000.0,24600.0,0.3,57400.0,36,2942.44,0.096,30652.28,Public School Teacher,Owned (Inherited/Tax Dec),Married,5.0,21,0.5833,10,0,0,0.0,0.0,0.936,0,0,active,25.4,7,2,1.16,0.9771,0,0,completed
SYNTH-02225,3,TUBOD,YAMAHA,SNIPER 155,Sport Underbone,123900.0,14868.0,0.12,109032.0,36,5409.31,0.3056,17700.25,Agri / Farmer / Fisherfolk,Rented (Apartment/House),Single,2.7,0,0.0556,0,2,4,21637.24,0.436,0.435,0,1,defaulted,17.0,12,3,3.54,0.5474,0,1,defaulted
SYNTH-02226,1,LALA,YAMAHA,MIO FAZZIO,Retro Scooter,93900.0,11268.0,0.12,82632.0,36,4147.97,0.0849,48857.25,OFW Remittance / Dependent,Owned (Clean Title),Single,11.6,2,0.0556,1,0,0,0.0,0.0,0.928,0,0,active,59.7,12,4,3.66,1.0853,0,0,completed
SYNTH-02227,3,TUBOD,HONDA,CLICK 160,Scooter,122900.0,36870.0,0.3,86030.0,24,5505.18,0.2234,24645.21,BPO / Call Center Agent,Living with Parents/Relatives,Widowed,11.3,6,0.4167,0,2,4,22020.72,0.247,0.513,0,1,defaulted,57.8,6,3,3.46,0.5,0,1,defaulted
SYNTH-02228,2,KAPATAGAN,KAWASAKI,CT100B,Backbone/Utility,54000.0,6480.0,0.12,47520.0,12,5189.6,0.2354,22046.22,Tricycle / PUV Operator,Owned (Clean Title),Married,8.3,0,0.1667,0,4,2,10379.2,0.177,0.31,0,0,defaulted,35.7,8,3,2.95,0.5,0,1,defaulted
SYNTH-02229,2,KAPATAGAN,KAWASAKI,CT100B,Backbone/Utility,54000.0,6480.0,0.12,47520.0,24,3130.4,0.1436,21792.62,Sari-Sari / Small Retail,Owned (Inherited/Tax Dec),Married,11.0,22,0.9167,3,2,0,0.0,0.064,0.824,0,0,active,62.2,11,4,4.26,0.9276,0,0,completed
SYNTH-02230,3,TUBOD,HONDA,TMX125 ALPHA,Backbone/Utility,57900.0,14475.0,0.25,43425.0,24,2877.88,0.1161,24792.96,Agri / Farmer / Fisherfolk,Living with Parents/Relatives,Married,8.6,19,0.9583,0,3,4,11511.52,0.42,0.422,1,0,defaulted,19.5,2,4,3.36,0.5,0,0,defaulted
SYNTH-02231,1,LALA,KAWASAKI,P24KK (BARAKO II),Backbone/Tricycle,68500.0,8220.0,0.12,60280.0,12,6529.4,0.2554,25569.57,Employed (Private/Gov),Rented (Apartment/House),Married,9.4,10,0.9167,1,2,1,6529.4,0.295,0.498,1,1,delinquent,22.7,3,6,5.77,0.5335,0,1,defaulted
SYNTH-02232,1,LALA,KAWASAKI,ROUSER NS125,Sport Backbone,82000.0,20500.0,0.25,61500.0,12,6657.5,0.4163,15990.95,Agri / Farmer / Fisherfolk,Rented (Apartment/House),Married,6.3,5,0.75,0,2,4,26630.0,0.253,0.344,1,1,defaulted,63.5,6,2,2.16,0.5,0,1,defaulted
SYNTH-02233,1,LALA,YAMAHA,MIO FAZZIO,Retro Scooter,93900.0,14085.0,0.15,79815.0,36,4013.38,0.1957,20506.79,Employed (Private/Gov),Owned (Inherited/Tax Dec),Married,9.2,7,0.1944,0,1,0,0.0,0.049,0.68,0,0,active,31.2,9,3,3.7,0.6908,0,0,completed
SYNTH-02234,2,KAPATAGAN,HONDA,CLICK 160,Scooter,122900.0,14748.0,0.12,108152.0,12,11555.96,0.6948,16632.61,Agri / Farmer / Fisherfolk,Living with Parents/Relatives,Single,5.8,8,0.9167,1,3,3,34667.88,0.367,0.251,0,1,defaulted,54.7,3,4,3.94,0.5,0,1,defaulted
SYNTH-02235,2,KAPATAGAN,YAMAHA,MIO GEAR 125,Scooter,79400.0,19850.0,0.25,59550.0,24,3872.25,0.3227,12000.0,Agri / Farmer / Fisherfolk,Owned (Clean Title),Married,8.7,1,0.0833,0,1,1,3872.25,0.211,0.22,0,0,delinquent,25.9,6,3,3.35,0.5,0,1,defaulted
SYNTH-02236,1,LALA,YAMAHA,MIO GEAR 125,Scooter,79400.0,11910.0,0.15,67490.0,24,4361.88,0.272,16036.56,Tricycle / PUV Operator,Owned (Inherited/Tax Dec),Married,4.5,2,0.125,1,4,1,4361.88,0.163,0.61,1,0,delinquent,33.4,6,4,4.52,0.549,0,1,defaulted
SYNTH-02237,2,KAPATAGAN,HONDA,ADV160,Adventure Scooter,166900.0,41725.0,0.25,125175.0,12,13343.38,0.4975,26819.94,BPO / Call Center Agent,Rented (Apartment/House),Married,5.2,8,0.9167,1,2,3,40030.14,0.281,0.501,0,1,defaulted,52.5,2,2,2.16,0.548,0,1,defaulted
SYNTH-02238,3,TUBOD,YAMAHA,NMAX 155,Maxi-Scooter,151900.0,45570.0,0.3,106330.0,36,5280.21,0.1426,37039.85,Public School Teacher,Owned (Clean Title),Married,10.4,28,0.7778,4,0,0,0.0,0.0,0.946,0,0,active,33.1,1,2,1.45,0.885,1,0,early_settled
SYNTH-02239,1,LALA,YAMAHA,AEROX 155,Sport Scooter,125400.0,15048.0,0.12,110352.0,12,11786.96,0.4014,29366.85,BPO / Call Center Agent,Owned (Clean Title),Married,2.9,0,0.0833,0,4,3,35360.88,0.298,0.56,0,0,defaulted,53.2,2,3,2.59,0.551,0,1,defaulted
SYNTH-02240,2,KAPATAGAN,HONDA,WAVE RSX,Underbone,64900.0,16225.0,0.25,48675.0,12,5310.88,0.1988,26718.91,Tricycle / PUV Operator,Owned (Inherited/Tax Dec),Widowed,4.1,0,0.0833,1,1,1,5310.88,0.389,0.309,1,0,delinquent,21.5,7,5,4.7,0.5,0,1,defaulted
SYNTH-02241,3,TUBOD,HONDA,ADV160,Adventure Scooter,166900.0,33380.0,0.2,133520.0,24,8433.73,0.4679,18023.14,Agri / Farmer / Fisherfolk,Owned (Clean Title),Married,4.0,15,0.7083,1,1,2,16867.46,0.373,0.518,1,0,defaulted,44.7,11,2,2.55,0.577,0,0,defaulted
SYNTH-02242,1,LALA,YAMAHA,MIO FAZZIO,Retro Scooter,93900.0,18780.0,0.2,75120.0,36,3789.07,0.1474,25697.69,Public School Teacher,Owned (Clean Title),Widowed,16.5,35,0.9722,12,0,0,0.0,0.0,0.992,0,0,active,25.8,9,3,2.89,0.988,0,0,completed
SYNTH-02243,3,TUBOD,YAMAHA,MIO GEAR 125,Scooter,79400.0,23820.0,0.3,55580.0,24,3627.43,0.1491,24336.36,BPO / Call Center Agent,Owned (Clean Title),Married,8.1,18,0.7917,3,1,1,3627.43,0.098,0.807,0,0,delinquent,55.7,8,3,2.98,0.8293,0,0,completed
SYNTH-02244,1,LALA,SUZUKI,RAIDER 150 FI,Sport Underbone,119900.0,35970.0,0.3,83930.0,36,4209.99,0.0891,47237.44,Employed (Private/Gov),Owned (Clean Title),Widowed,6.6,32,0.8889,3,0,0,0.0,0.0,0.938,0,0,active,14.3,1,4,3.3,0.8119,0,0,completed
SYNTH-02245,3,TUBOD,SUZUKI,SMASH 115,Underbone,62400.0,7488.0,0.12,54912.0,12,5965.76,0.1387,43008.05,Employed (Private/Gov),Living with Parents/Relatives,Widowed,3.4,4,0.6667,0,3,4,23863.04,0.317,0.633,1,0,defaulted,48.2,12,3,3.14,0.6916,0,1,defaulted
SYNTH-02246,3,TUBOD,HONDA,CLICK 125I,Scooter,81400.0,20350.0,0.25,61050.0,36,3116.83,0.1349,23101.37,Sari-Sari / Small Retail,Owned (Inherited/Tax Dec),Single,5.3,28,0.8056,2,0,1,3116.83,0.007,0.678,0,0,delinquent,13.5,9,4,4.31,0.6626,0,0,completed
SYNTH-02247,1,LALA,YAMAHA,NMAX 155,Maxi-Scooter,151900.0,22785.0,0.15,129115.0,24,8162.09,0.279,29249.78,BPO / Call Center Agent,Owned (Clean Title),Married,5.8,15,0.7917,0,4,4,32648.36,0.247,0.548,0,0,defaulted,37.1,2,3,3.16,0.5332,0,1,defaulted
SYNTH-02248,3,TUBOD,YAMAHA,MIO SPORTY,Scooter,73900.0,11085.0,0.15,62815.0,12,6795.57,0.2978,22822.49,Agri / Farmer / Fisherfolk,Rented (Apartment/House),Single,13.7,3,0.5,0,1,3,20386.71,0.219,0.616,0,0,defaulted,14.3,4,5,4.99,0.6776,0,0,defaulted
SYNTH-02249,2,KAPATAGAN,KAWASAKI,P24KK (BARAKO II),Backbone/Tricycle,68500.0,20550.0,0.3,47950.0,36,2490.94,0.2076,12000.0,Agri / Farmer / Fisherfolk,Owned (Clean Title),Single,10.2,28,0.8056,0,2,1,2490.94,0.334,0.406,0,1,delinquent,43.7,6,3,2.63,0.5,0,1,defaulted
SYNTH-02250,2,KAPATAGAN,YAMAHA,MIO SPORTY,Scooter,73900.0,22170.0,0.3,51730.0,36,2671.54,0.143,18684.28,Agri / Farmer / Fisherfolk,Owned (Inherited/Tax Dec),Married,8.4,30,0.8611,0,2,1,2671.54,0.232,0.365,0,1,delinquent,35.1,9,4,3.93,0.5,0,1,defaulted
SYNTH-02251,2,KAPATAGAN,HONDA,ADV160,Adventure Scooter,166900.0,25035.0,0.15,141865.0,12,15095.82,0.6778,22272.73,Sari-Sari / Small Retail,Owned (Inherited/Tax Dec),Widowed,3.2,8,0.75,0,2,1,15095.82,0.157,0.592,0,1,delinquent,61.2,3,2,1.8,0.5926,0,1,defaulted
SYNTH-02252,2,KAPATAGAN,KAWASAKI,ROUSER NS125,Sport Backbone,82000.0,12300.0,0.15,69700.0,36,3530.11,0.0581,60794.91,OFW Remittance / Dependent,Living with Parents/Relatives,Single,7.8,19,0.5278,10,0,0,0.0,0.0,0.925,0,0,active,22.3,9,3,2.79,0.9042,0,0,completed
SYNTH-02253,3,TUBOD,HONDA,CLICK 160,Scooter,122900.0,24580.0,0.2,98320.0,24,6263.07,0.3051,20530.74,Tricycle / PUV Operator,Owned (Inherited/Tax Dec),Widowed,4.7,6,0.3333,1,4,2,12526.14,0.262,0.499,1,1,defaulted,15.8,4,4,4.48,0.5285,0,1,defaulted
SYNTH-02254,2,KAPATAGAN,KAWASAKI,P24KK (BARAKO II),Backbone/Tricycle,68500.0,17125.0,0.25,51375.0,12,5594.38,0.2406,23248.26,Sari-Sari / Small Retail,Owned (Inherited/Tax Dec),Single,4.5,0,0.1667,0,2,3,16783.14,0.41,0.266,1,0,defaulted,46.9,1,3,2.75,0.5,0,0,defaulted
SYNTH-02255,2,KAPATAGAN,KAWASAKI,CT100B,Backbone/Utility,54000.0,8100.0,0.15,45900.0,24,3030.5,0.1382,21925.64,Employed (Private/Gov),Rented (Apartment/House),Widowed,8.4,10,0.5833,0,2,4,12122.0,0.222,0.221,0,0,defaulted,30.2,7,3,2.84,0.5,0,1,defaulted
SYNTH-02256,1,LALA,HONDA,BEAT PREMIUM,Scooter,72400.0,21720.0,0.3,50680.0,36,2621.38,0.056,46787.54,OFW Remittance / Dependent,Owned (Inherited/Tax Dec),Widowed,15.3,26,0.7222,1,0,0,0.0,0.0,0.996,0,0,active,44.2,1,4,3.86,0.8929,0,0,completed
SYNTH-02257,1,LALA,HONDA,BEAT PREMIUM,Scooter,72400.0,10860.0,0.15,61540.0,12,6661.7,0.1602,41580.52,Public School Teacher,Owned (Clean Title),Married,12.1,1,0.0833,1,0,0,0.0,0.0,0.884,0,0,active,64.5,7,5,4.73,0.8859,0,0,completed
SYNTH-02258,3,TUBOD,YAMAHA,AEROX 155,Sport Scooter,125400.0,37620.0,0.3,87780.0,24,5613.1,0.2257,24866.8,BPO / Call Center Agent,Owned (Clean Title),Married,12.7,9,0.5,1,1,3,16839.3,0.234,0.546,1,0,defaulted,53.6,9,2,1.65,0.5146,0,1,defaulted
SYNTH-02259,1,LALA,YAMAHA,MIO SPORTY,Scooter,73900.0,22170.0,0.3,51730.0,24,3390.02,0.1641,20664.08,Employed (Private/Gov),Rented (Apartment/House),Widowed,9.3,16,0.75,0,2,2,6780.04,0.392,0.305,0,0,defaulted,31.0,5,5,4.87,0.5,0,1,defaulted
SYNTH-02260,2,KAPATAGAN,HONDA,CLICK 160,Scooter,122900.0,18435.0,0.15,104465.0,24,6642.01,0.31,21428.95,Sari-Sari / Small Retail,Rented (Apartment/House),Married,11.6,2,0.2083,0,4,3,19926.03,0.171,0.477,0,0,defaulted,37.9,5,4,4.21,0.5,0,0,defaulted
SYNTH-02261,2,KAPATAGAN,KAWASAKI,ROUSER NS125,Sport Backbone,82000.0,12300.0,0.15,69700.0,12,7518.5,0.1955,38466.12,Public School Teacher,Owned (Clean Title),Married,6.9,11,1.0,1,1,1,7518.5,0.01,0.832,0,0,delinquent,29.5,8,2,1.68,0.8389,0,1,defaulted
SYNTH-02262,1,LALA,YAMAHA,AEROX 155,Sport Scooter,125400.0,12540.0,0.1,112860.0,12,12050.3,0.7543,15976.41,Employed (Private/Gov),Living with Parents/Relatives,Married,5.1,0,0.1667,1,1,2,24100.6,0.328,0.57,0,0,defaulted,28.5,2,3,2.68,0.5418,0,1,defaulted
SYNTH-02263,2,KAPATAGAN,HONDA,ADV160,Adventure Scooter,166900.0,16690.0,0.1,150210.0,12,15972.05,0.6295,25372.57,Sari-Sari / Small Retail,Owned (Inherited/Tax Dec),Widowed,5.9,0,0.0833,0,4,1,15972.05,0.216,0.302,0,0,delinquent,55.9,2,2,1.46,0.5,0,1,defaulted
SYNTH-02264,3,TUBOD,HONDA,BEAT PREMIUM,Scooter,72400.0,21720.0,0.3,50680.0,36,2621.38,0.1159,22618.75,Tricycle / PUV Operator,Living with Parents/Relatives,Widowed,9.3,6,0.2778,0,4,4,10485.52,0.248,0.61,0,0,defaulted,39.7,2,3,2.72,0.6246,0,1,defaulted
SYNTH-02265,1,LALA,KAWASAKI,P24KK (BARAKO II),Backbone/Tricycle,68500.0,6850.0,0.1,61650.0,12,6673.25,0.1476,45223.73,OFW Remittance / Dependent,Owned (Clean Title),Married,10.5,9,0.75,2,0,0,0.0,0.0,0.856,0,0,active,30.3,2,4,4.27,0.9015,0,0,completed
SYNTH-02266,3,TUBOD,HONDA,ADV160,Adventure Scooter,166900.0,50070.0,0.3,116830.0,36,5781.88,0.1056,54734.15,OFW Remittance / Dependent,Owned (Clean Title),Married,2.3,15,0.4167,1,1,0,0.0,0.038,0.681,0,0,active,17.1,1,2,2.35,0.6204,0,0,completed
SYNTH-02267,2,KAPATAGAN,KAWASAKI,ROUSER NS125,Sport Backbone,82000.0,20500.0,0.25,61500.0,24,3992.5,0.1322,30209.17,BPO / Call Center Agent,Owned (Clean Title),Married,7.3,23,1.0,2,0,1,3992.5,0.135,0.696,0,0,delinquent,16.7,9,3,2.66,0.6715,0,0,completed
SYNTH-02268,2,KAPATAGAN,SUZUKI,RAIDER 150 FI,Sport Underbone,119900.0,17985.0,0.15,101915.0,12,10901.07,0.2612,41731.73,Public School Teacher,Owned (Clean Title),Single,14.5,5,0.5,3,1,1,10901.07,0.098,0.655,0,0,delinquent,54.1,6,3,3.44,0.5562,1,0,completed
SYNTH-02269,3,TUBOD,YAMAHA,SNIPER 155,Sport Underbone,123900.0,18585.0,0.15,105315.0,24,6694.43,0.2218,30183.86,Sari-Sari / Small Retail,Living with Parents/Relatives,Single,4.1,0,0.0417,0,2,4,26777.72,0.441,0.448,1,0,defaulted,58.0,9,2,1.97,0.5,0,1,defaulted
SYNTH-02270,2,KAPATAGAN,HONDA,CLICK 125I,Scooter,81400.0,24420.0,0.3,56980.0,24,3713.77,0.2626,14140.92,Sari-Sari / Small Retail,Owned (Inherited/Tax Dec),Married,12.7,7,0.3333,0,3,1,3713.77,0.309,0.626,1,0,delinquent,24.9,2,5,4.54,0.5987,0,0,defaulted
SYNTH-02271,1,LALA,YAMAHA,MIO FAZZIO,Retro Scooter,93900.0,18780.0,0.2,75120.0,24,4832.4,0.129,37474.42,Employed (Private/Gov),Owned (Inherited/Tax Dec),Married,7.4,12,0.5,4,0,0,0.0,0.0,0.919,0,0,active,23.9,12,5,5.43,1.0482,0,0,completed
SYNTH-02272,3,TUBOD,SUZUKI,SMASH 115,Underbone,62400.0,12480.0,0.2,49920.0,36,2585.07,0.0738,35032.99,Employed (Private/Gov),Living with Parents/Relatives,Widowed,4.7,16,0.4444,0,2,0,0.0,0.0,0.728,1,0,active,32.9,10,3,2.9,0.7022,0,0,completed
SYNTH-02273,2,KAPATAGAN,YAMAHA,MIO SPORTY,Scooter,73900.0,8868.0,0.12,65032.0,12,7028.36,0.147,47814.22,OFW Remittance / Dependent,Rented (Apartment/House),Single,14.3,4,0.5833,0,4,3,21085.08,0.325,0.451,1,0,defaulted,55.2,9,4,4.28,0.5,0,1,defaulted
SYNTH-02274,2,KAPATAGAN,YAMAHA,AEROX 155,Sport Scooter,125400.0,37620.0,0.3,87780.0,36,4393.93,0.2899,15158.68,Sari-Sari / Small Retail,Living with Parents/Relatives,Widowed,9.3,31,0.9444,1,3,3,13181.79,0.337,0.363,0,0,defaulted,41.6,4,3,2.98,0.5,0,0,defaulted
SYNTH-02275,2,KAPATAGAN,HONDA,ADV160,Adventure Scooter,166900.0,16690.0,0.1,150210.0,36,7376.7,0.1975,37352.6,Employed (Private/Gov),Owned (Clean Title),Widowed,5.1,5,0.1389,3,1,0,0.0,0.018,0.709,0,0,active,44.3,5,2,1.9,0.744,0,0,completed
SYNTH-02276,3,TUBOD,HONDA,WAVE RSX,Underbone,64900.0,6490.0,0.1,58410.0,24,3801.95,0.2654,14325.24,Agri / Farmer / Fisherfolk,Owned (Inherited/Tax Dec),Single,13.4,3,0.1667,0,4,1,3801.95,0.277,0.519,0,0,delinquent,41.7,1,2,1.95,0.5,0,0,defaulted
SYNTH-02277,2,KAPATAGAN,HONDA,CLICK 125I,Scooter,81400.0,8140.0,0.1,73260.0,12,7892.3,0.237,33300.34,Public School Teacher,Owned (Clean Title),Married,16.1,5,0.5,2,2,1,7892.3,0.091,0.781,0,0,delinquent,21.5,4,6,6.01,0.8909,0,0,completed
SYNTH-02278,3,TUBOD,SUZUKI,RAIDER 150 FI,Sport Underbone,119900.0,14388.0,0.12,105512.0,24,6706.57,0.1412,47481.58,OFW Remittance / Dependent,Rented (Apartment/House),Married,10.0,4,0.3333,1,1,4,26826.28,0.329,0.564,0,1,defaulted,39.5,4,2,2.03,0.6155,0,1,defaulted
SYNTH-02279,2,KAPATAGAN,KAWASAKI,P24KK (BARAKO II),Backbone/Tricycle,68500.0,17125.0,0.25,51375.0,24,3368.12,0.1235,27276.47,Employed (Private/Gov),Owned (Clean Title),Married,6.7,19,0.7917,3,0,0,0.0,0.0,0.851,0,0,active,35.8,7,4,4.28,0.8457,0,0,completed
SYNTH-02280,3,TUBOD,YAMAHA,MIO FAZZIO,Retro Scooter,93900.0,28170.0,0.3,65730.0,36,3340.43,0.0588,56793.59,OFW Remittance / Dependent,Owned (Inherited/Tax Dec),Widowed,12.1,31,0.8611,11,0,0,0.0,0.0,0.894,0,0,active,12.9,4,3,3.12,0.9286,0,0,completed
SYNTH-02281,1,LALA,YAMAHA,AEROX 155,Sport Scooter,125400.0,15048.0,0.12,110352.0,36,5472.37,0.1623,33717.2,Public School Teacher,Living with Parents/Relatives,Widowed,3.9,16,0.5,1,4,2,10944.74,0.215,0.502,0,1,defaulted,18.1,9,4,4.09,0.5,0,1,defaulted
SYNTH-02282,2,KAPATAGAN,SUZUKI,RAIDER 150 FI,Sport Underbone,119900.0,14388.0,0.12,105512.0,36,5241.13,0.15,34941.28,BPO / Call Center Agent,Living with Parents/Relatives,Married,6.7,30,0.8611,3,2,1,5241.13,0.098,0.842,0,0,delinquent,44.3,4,3,3.52,0.916,1,0,completed
SYNTH-02283,2,KAPATAGAN,SUZUKI,BURGMAN STREET 125,Maxi-Scooter,83400.0,16680.0,0.2,66720.0,36,3387.73,0.0869,39005.42,Public School Teacher,Owned (Clean Title),Widowed,3.0,29,0.8056,1,0,0,0.0,0.0,0.916,0,0,active,29.8,7,3,3.02,0.8835,0,0,completed
SYNTH-02284,1,LALA,YAMAHA,MIO GEAR 125,Scooter,79400.0,11910.0,0.15,67490.0,36,3424.52,0.0725,47215.07,OFW Remittance / Dependent,Owned (Clean Title),Widowed,4.7,30,0.8333,1,0,0,0.0,0.02,0.721,0,0,active,21.0,7,6,5.91,0.694,0,0,completed
SYNTH-02285,3,TUBOD,SUZUKI,BURGMAN STREET 125,Maxi-Scooter,83400.0,16680.0,0.2,66720.0,36,3387.73,0.1437,23567.03,Sari-Sari / Small Retail,Owned (Inherited/Tax Dec),Married,4.4,16,0.5556,0,2,4,13550.92,0.332,0.464,1,0,defaulted,56.5,11,3,2.61,0.5162,0,1,defaulted
SYNTH-02286,3,TUBOD,YAMAHA,MIO SPORTY,Scooter,73900.0,8868.0,0.12,65032.0,36,3307.08,0.0476,69530.81,OFW Remittance / Dependent,Rented (Apartment/House),Single,6.4,16,0.4444,2,2,0,0.0,0.113,0.685,0,0,active,63.5,2,4,4.25,0.6647,0,0,completed
SYNTH-02287,3,TUBOD,SUZUKI,SMASH 115,Underbone,62400.0,7488.0,0.12,54912.0,24,3586.24,0.0911,39385.74,BPO / Call Center Agent,Rented (Apartment/House),Married,9.8,17,0.8333,1,1,3,10758.72,0.158,0.382,1,0,defaulted,33.8,1,3,3.27,0.5,0,1,defaulted
SYNTH-02288,1,LALA,HONDA,CLICK 160,Scooter,122900.0,36870.0,0.3,86030.0,36,4310.32,0.2531,17031.41,Tricycle / PUV Operator,Owned (Clean Title),Single,6.6,0,0.1111,0,3,4,17241.28,0.364,0.392,1,1,defaulted,21.3,4,6,6.18,0.5,0,1,defaulted
SYNTH-02289,3,TUBOD,KAWASAKI,CT100B,Backbone/Utility,54000.0,5400.0,0.1,48600.0,12,5303.0,0.3593,14760.08,Agri / Farmer / Fisherfolk,Living with Parents/Relatives,Single,4.6,2,0.3333,0,1,2,10606.0,0.346,0.647,0,1,defaulted,27.2,11,3,3.6,0.7003,0,0,defaulted
SYNTH-02290,2,KAPATAGAN,SUZUKI,BURGMAN STREET 125,Maxi-Scooter,83400.0,10008.0,0.12,73392.0,24,4725.84,0.3219,14682.64,Sari-Sari / Small Retail,Owned (Clean Title),Widowed,6.6,21,0.9167,0,1,1,4725.84,0.38,0.26,1,0,delinquent,63.7,11,4,4.06,0.5,0,1,defaulted
SYNTH-02291,2,KAPATAGAN,KAWASAKI,P24KK (BARAKO II),Backbone/Tricycle,68500.0,20550.0,0.3,47950.0,36,2490.94,0.1857,13416.24,Tricycle / PUV Operator,Rented (Apartment/House),Married,6.6,25,0.75,0,2,2,4981.88,0.212,0.389,0,0,defaulted,13.9,3,5,4.7,0.5,0,1,defaulted
SYNTH-02292,1,LALA,HONDA,CLICK 125I,Scooter,81400.0,16280.0,0.2,65120.0,24,4215.73,0.1226,34399.49,BPO / Call Center Agent,Owned (Inherited/Tax Dec),Single,13.5,9,0.4167,0,1,1,4215.73,0.003,0.841,1,0,delinquent,53.3,12,5,5.16,1.0092,0,0,completed
SYNTH-02293,1,LALA,HONDA,CLICK 125I,Scooter,81400.0,8140.0,0.1,73260.0,12,7892.3,0.2032,38831.45,Public School Teacher,Owned (Inherited/Tax Dec),Widowed,10.5,12,1.0,3,2,0,0.0,0.084,0.611,0,0,active,32.2,10,4,3.84,0.6534,0,0,completed
SYNTH-02294,3,TUBOD,HONDA,PCX160,Maxi-Scooter,134900.0,16188.0,0.12,118712.0,12,12664.76,0.4859,26062.86,BPO / Call Center Agent,Rented (Apartment/House),Widowed,8.0,1,0.25,0,1,2,25329.52,0.164,0.263,0,0,defaulted,43.6,9,2,2.07,0.5,0,1,defaulted
SYNTH-02295,1,LALA,YAMAHA,MIO FAZZIO,Retro Scooter,93900.0,23475.0,0.25,70425.0,12,7594.62,0.2915,26054.06,Agri / Farmer / Fisherfolk,Rented (Apartment/House),Single,10.2,1,0.3333,0,3,3,22783.86,0.244,0.363,0,1,defaulted,10.7,3,4,4.18,0.5,0,1,defaulted
SYNTH-02296,3,TUBOD,YAMAHA,NMAX 155,Maxi-Scooter,151900.0,37975.0,0.25,113925.0,24,7225.38,0.3478,20771.8,Agri / Farmer / Fisherfolk,Living with Parents/Relatives,Married,7.2,5,0.375,0,4,4,28901.52,0.352,0.552,0,0,defaulted,55.3,2,3,2.99,0.6066,0,0,defaulted
SYNTH-02297,2,KAPATAGAN,KAWASAKI,P24KK (BARAKO II),Backbone/Tricycle,68500.0,17125.0,0.25,51375.0,12,5594.38,0.1684,33221.76,Public School Teacher,Owned (Clean Title),Widowed,3.0,11,1.0,0,1,1,5594.38,0.133,0.713,0,0,delinquent,57.3,6,3,2.48,0.5912,0,0,completed
SYNTH-02298,3,TUBOD,YAMAHA,MIO GEAR 125,Scooter,79400.0,9528.0,0.12,69872.0,36,3538.33,0.0915,38679.87,Sari-Sari / Small Retail,Owned (Clean Title),Widowed,13.3,31,0.8611,3,2,0,0.0,0.102,0.723,0,0,active,63.1,3,3,2.1,0.755,1,0,completed
SYNTH-02299,1,LALA,KAWASAKI,CT100B,Backbone/Utility,54000.0,10800.0,0.2,43200.0,12,4736.0,0.1557,30409.7,BPO / Call Center Agent,Owned (Inherited/Tax Dec),Widowed,6.6,3,0.25,3,1,0,0.0,0.105,0.698,0,0,active,30.0,9,3,3.37,0.7119,0,0,completed
SYNTH-02300,2,KAPATAGAN,HONDA,PCX160,Maxi-Scooter,134900.0,20235.0,0.15,114665.0,24,7271.01,0.2544,28586.59,Sari-Sari / Small Retail,Owned (Clean Title),Married,6.7,18,0.9167,1,4,4,29084.04,0.186,0.379,0,0,defaulted,37.4,10,2,1.1,0.5,0,0,defaulted
SYNTH-02301,1,LALA,YAMAHA,MIO GEAR 125,Scooter,79400.0,23820.0,0.3,55580.0,12,6035.9,0.1916,31497.76,BPO / Call Center Agent,Living with Parents/Relatives,Married,11.2,0,0.25,0,4,3,18107.7,0.159,0.375,0,1,defaulted,56.4,4,4,4.34,0.5,0,1,defaulted
SYNTH-02302,2,KAPATAGAN,YAMAHA,AEROX 155,Sport Scooter,125400.0,18810.0,0.15,106590.0,12,11391.95,0.4769,23887.29,Employed (Private/Gov),Owned (Inherited/Tax Dec),Widowed,7.9,3,0.5833,1,4,4,45567.8,0.255,0.637,1,1,defaulted,12.8,5,4,3.53,0.601,0,0,defaulted
SYNTH-02303,3,TUBOD,HONDA,TMX125 ALPHA,Backbone/Utility,57900.0,14475.0,0.25,43425.0,36,2274.75,0.062,36697.23,Public School Teacher,Owned (Inherited/Tax Dec),Single,5.8,3,0.0833,2,0,0,0.0,0.0,0.86,0,0,active,45.5,7,3,3.53,0.8877,0,0,completed
SYNTH-02304,1,LALA,HONDA,CLICK 160,Scooter,122900.0,36870.0,0.3,86030.0,24,5505.18,0.3658,15050.59,Tricycle / PUV Operator,Owned (Inherited/Tax Dec),Married,4.7,16,0.75,0,4,2,11010.36,0.192,0.565,0,0,defaulted,19.2,2,5,4.97,0.5153,0,1,defaulted
SYNTH-02305,1,LALA,YAMAHA,SNIPER 155,Sport Underbone,123900.0,24780.0,0.2,99120.0,12,10607.6,0.5025,21107.98,Tricycle / PUV Operator,Owned (Inherited/Tax Dec),Single,16.3,1,0.3333,1,4,3,31822.8,0.44,0.34,0,0,defaulted,30.7,3,3,2.75,0.5,0,1,defaulted
SYNTH-02306,1,LALA,YAMAHA,SNIPER 155,Sport Underbone,123900.0,12390.0,0.1,111510.0,24,7076.45,0.1923,36795.78,Public School Teacher,Owned (Clean Title),Single,4.1,17,0.75,2,0,1,7076.45,0.127,0.672,0,0,delinquent,16.9,7,4,3.65,0.6605,0,0,completed
SYNTH-02307,3,TUBOD,HONDA,TMX125 ALPHA,Backbone/Utility,57900.0,8685.0,0.15,49215.0,24,3234.92,0.1195,27080.51,BPO / Call Center Agent,Rented (Apartment/House),Married,6.3,0,0.125,0,3,3,9704.76,0.293,0.38,1,0,defaulted,38.8,6,3,3.12,0.5,0,1,defaulted
SYNTH-02308,1,LALA,HONDA,CLICK 160,Scooter,122900.0,18435.0,0.15,104465.0,36,5191.11,0.3704,14014.76,Sari-Sari / Small Retail,Owned (Clean Title),Married,7.1,7,0.25,0,4,2,10382.22,0.25,0.446,1,1,defaulted,46.5,1,3,2.72,0.5,0,1,defaulted
SYNTH-02309,2,KAPATAGAN,HONDA,BEAT PREMIUM,Scooter,72400.0,21720.0,0.3,50680.0,12,5521.4,0.1443,38265.75,Public School Teacher,Owned (Inherited/Tax Dec),Married,7.3,11,0.9167,9,0,0,0.0,0.0,0.899,0,0,active,51.6,12,5,4.93,1.0588,1,0,early_settled
SYNTH-02310,1,LALA,KAWASAKI,CT100B,Backbone/Utility,54000.0,10800.0,0.2,43200.0,12,4736.0,0.182,26015.45,Tricycle / PUV Operator,Owned (Inherited/Tax Dec),Married,2.0,2,0.5,0,1,4,18944.0,0.179,0.432,0,1,defaulted,50.9,1,3,2.92,0.5,0,0,defaulted
SYNTH-02311,3,TUBOD,HONDA,ADV160,Adventure Scooter,166900.0,33380.0,0.2,133520.0,12,14219.6,1.0218,13916.79,Agri / Farmer / Fisherfolk,Rented (Apartment/House),Widowed,6.1,3,0.5833,1,4,4,56878.4,0.437,0.354,0,0,defaulted,21.5,1,2,1.72,0.5,0,1,defaulted
SYNTH-02312,2,KAPATAGAN,YAMAHA,MIO GEAR 125,Scooter,79400.0,15880.0,0.2,63520.0,36,3234.84,0.0517,62622.59,OFW Remittance / Dependent,Living with Parents/Relatives,Single,6.7,7,0.1944,4,0,0,0.0,0.0,0.926,0,0,active,36.0,10,4,3.31,0.9366,1,0,early_settled
SYNTH-02313,2,KAPATAGAN,HONDA,CLICK 125I,Scooter,81400.0,12210.0,0.15,69190.0,36,3505.74,0.1291,27144.92,Employed (Private/Gov),Living with Parents/Relatives,Married,1.0,33,1.0,0,1,3,10517.22,0.214,0.317,0,1,defaulted,57.7,3,4,4.5,0.5,0,1,defaulted
SYNTH-02314,3,TUBOD,YAMAHA,NMAX 155,Maxi-Scooter,151900.0,22785.0,0.15,129115.0,24,8162.09,0.4002,20394.13,Agri / Farmer / Fisherfolk,Owned (Inherited/Tax Dec),Single,7.2,3,0.1667,0,3,1,8162.09,0.206,0.34,1,1,delinquent,32.2,7,3,3.34,0.5,0,1,defaulted
SYNTH-02315,3,TUBOD,SUZUKI,BURGMAN STREET 125,Maxi-Scooter,83400.0,10008.0,0.12,73392.0,36,3706.51,0.188,19716.12,Tricycle / PUV Operator,Rented (Apartment/House),Single,1.8,5,0.2222,0,2,3,11119.53,0.199,0.428,0,0,defaulted,41.7,3,3,2.37,0.5,0,1,defaulted
SYNTH-02316,3,TUBOD,SUZUKI,SMASH 115,Underbone,62400.0,18720.0,0.3,43680.0,36,2286.93,0.0543,42114.36,Employed (Private/Gov),Living with Parents/Relatives,Married,6.4,29,0.8056,11,0,0,0.0,0.0,0.904,0,0,active,22.9,6,3,2.67,0.7695,0,0,completed
SYNTH-02317,2,KAPATAGAN,HONDA,CLICK 160,Scooter,122900.0,14748.0,0.12,108152.0,36,5367.26,0.2505,21428.65,Tricycle / PUV Operator,Living with Parents/Relatives,Widowed,3.6,19,0.6111,1,2,3,16101.78,0.26,0.647,1,1,defaulted,35.0,6,3,3.11,0.5775,0,1,defaulted
SYNTH-02318,1,LALA,YAMAHA,MIO SPORTY,Scooter,73900.0,22170.0,0.3,51730.0,24,3390.02,0.0627,54078.49,OFW Remittance / Dependent,Rented (Apartment/House),Married,9.0,18,0.75,1,1,0,0.0,0.075,0.633,0,0,active,52.9,5,5,5.15,0.6128,0,0,completed
SYNTH-02319,3,TUBOD,SUZUKI,BURGMAN STREET 125,Maxi-Scooter,83400.0,12510.0,0.15,70890.0,12,7643.45,0.2597,29427.3,Employed (Private/Gov),Owned (Inherited/Tax Dec),Single,2.1,5,0.75,1,1,4,30573.8,0.43,0.552,1,0,defaulted,30.2,5,3,3.31,0.581,0,1,defaulted
SYNTH-02320,1,LALA,HONDA,TMX125 ALPHA,Backbone/Utility,57900.0,8685.0,0.15,49215.0,36,2551.38,0.0795,32100.79,Sari-Sari / Small Retail,Owned (Inherited/Tax Dec),Married,11.6,19,0.5278,2,2,0,0.0,0.081,0.671,1,0,active,19.8,6,5,5.09,0.5924,0,0,completed
SYNTH-02321,3,TUBOD,YAMAHA,NMAX 155,Maxi-Scooter,151900.0,37975.0,0.25,113925.0,24,7225.38,0.2109,34254.18,BPO / Call Center Agent,Living with Parents/Relatives,Widowed,13.9,0,0.125,0,2,4,28901.52,0.151,0.451,0,0,defaulted,30.1,12,3,3.15,0.5158,0,1,defaulted
SYNTH-02322,2,KAPATAGAN,YAMAHA,MIO SPORTY,Scooter,73900.0,11085.0,0.15,62815.0,24,4073.59,0.1616,25208.88,BPO / Call Center Agent,Rented (Apartment/House),Married,1.5,10,0.4583,1,1,1,4073.59,0.428,0.294,0,1,delinquent,13.0,6,5,5.01,0.5,0,1,defaulted
SYNTH-02323,3,TUBOD,SUZUKI,BURGMAN STREET 125,Maxi-Scooter,83400.0,25020.0,0.3,58380.0,36,2989.27,0.0814,36711.25,BPO / Call Center Agent,Owned (Clean Title),Single,2.2,11,0.3056,1,0,0,0.0,0.088,0.67,0,0,active,64.6,10,3,3.03,0.6973,0,0,completed
SYNTH-02324,2,KAPATAGAN,HONDA,CLICK 160,Scooter,122900.0,36870.0,0.3,86030.0,24,5505.18,0.1368,40230.79,Employed (Private/Gov),Owned (Inherited/Tax Dec),Married,5.1,24,1.0,0,0,0,0.0,0.114,0.686,1,0,active,42.1,8,4,3.8,0.646,0,0,completed
SYNTH-02325,2,KAPATAGAN,YAMAHA,MIO FAZZIO,Retro Scooter,93900.0,23475.0,0.25,70425.0,36,3564.75,0.0963,37033.08,Employed (Private/Gov),Owned (Clean Title),Married,2.2,31,0.8611,1,1,0,0.0,0.006,0.753,0,0,active,63.3,12,3,2.93,0.8714,0,0,completed
SYNTH-02326,2,KAPATAGAN,HONDA,CLICK 160,Scooter,122900.0,24580.0,0.2,98320.0,24,6263.07,0.2951,21221.63,Agri / Farmer / Fisherfolk,Owned (Inherited/Tax Dec),Married,13.7,22,1.0,1,3,2,12526.14,0.284,0.325,0,0,defaulted,19.6,9,5,4.97,0.5,0,0,defaulted
SYNTH-02327,3,TUBOD,SUZUKI,RAIDER 150 FI,Sport Underbone,119900.0,29975.0,0.25,89925.0,36,4496.42,0.1051,42774.94,BPO / Call Center Agent,Owned (Clean Title),Married,7.3,30,0.8333,7,0,0,0.0,0.0,0.86,0,0,active,27.9,1,2,2.01,0.7514,0,0,completed
SYNTH-02328,3,TUBOD,SUZUKI,BURGMAN STREET 125,Maxi-Scooter,83400.0,20850.0,0.25,62550.0,12,6767.75,0.2219,30492.67,Employed (Private/Gov),Owned (Clean Title),Widowed,8.5,4,0.4167,2,1,1,6767.75,0.047,0.663,0,0,delinquent,37.6,11,3,3.23,0.802,0,0,completed
SYNTH-02329,2,KAPATAGAN,KAWASAKI,ROUSER NS125,Sport Backbone,82000.0,20500.0,0.25,61500.0,24,3992.5,0.0821,48637.08,OFW Remittance / Dependent,Owned (Clean Title),Single,11.2,6,0.25,6,0,0,0.0,0.0,0.951,0,0,active,54.8,7,2,1.72,0.9267,0,0,completed
SYNTH-02330,3,TUBOD,YAMAHA,MIO SPORTY,Scooter,73900.0,11085.0,0.15,62815.0,36,3201.16,0.0654,48935.09,OFW Remittance / Dependent,Owned (Inherited/Tax Dec),Married,5.5,7,0.1944,6,0,0,0.0,0.0,0.975,0,0,active,49.1,12,4,3.6,1.1,1,0,early_settled
SYNTH-02331,2,KAPATAGAN,KAWASAKI,P24KK (BARAKO II),Backbone/Tricycle,68500.0,20550.0,0.3,47950.0,36,2490.94,0.041,60753.2,OFW Remittance / Dependent,Owned (Inherited/Tax Dec),Married,12.6,4,0.1111,4,0,0,0.0,0.0,0.867,0,0,active,47.9,10,4,3.97,0.9398,0,0,completed
SYNTH-02332,3,TUBOD,SUZUKI,BURGMAN STREET 125,Maxi-Scooter,83400.0,10008.0,0.12,73392.0,24,4725.84,0.1444,32724.21,BPO / Call Center Agent,Living with Parents/Relatives,Married,16.4,21,0.9167,3,1,1,4725.84,0.104,0.836,0,0,delinquent,60.7,8,3,2.61,0.8134,1,0,completed
SYNTH-02333,3,TUBOD,KAWASAKI,ROUSER NS125,Sport Backbone,82000.0,16400.0,0.2,65600.0,36,3334.22,0.1963,16983.06,Agri / Farmer / Fisherfolk,Owned (Inherited/Tax Dec),Married,11.2,13,0.3889,0,4,1,3334.22,0.235,0.222,0,0,delinquent,44.9,7,2,2.64,0.5,0,1,defaulted
SYNTH-02334,1,LALA,HONDA,WAVE RSX,Underbone,64900.0,16225.0,0.25,48675.0,24,3201.62,0.0666,48058.46,OFW Remittance / Dependent,Owned (Clean Title),Single,3.9,7,0.2917,4,0,0,0.0,0.0,0.861,0,0,active,51.4,3,4,4.17,0.9374,0,0,completed
SYNTH-02335,1,LALA,HONDA,WAVE RSX,Underbone,64900.0,7788.0,0.12,57112.0,12,6196.76,0.2798,22145.16,Tricycle / PUV Operator,Living with Parents/Relatives,Married,11.8,5,0.5833,1,3,2,12393.52,0.448,0.322,0,0,defaulted,25.9,12,4,3.79,0.5,0,1,defaulted
SYNTH-02336,1,LALA,KAWASAKI,P24KK (BARAKO II),Backbone/Tricycle,68500.0,8220.0,0.12,60280.0,24,3917.27,0.108,36256.93,Employed (Private/Gov),Owned (Inherited/Tax Dec),Widowed,13.0,15,0.625,4,0,0,0.0,0.0,0.996,0,0,active,27.4,11,5,5.05,1.1,0,0,completed
SYNTH-02337,3,TUBOD,YAMAHA,MIO SPORTY,Scooter,73900.0,8868.0,0.12,65032.0,24,4210.31,0.1912,22025.68,Agri / Farmer / Fisherfolk,Owned (Clean Title),Married,5.1,7,0.375,1,1,2,8420.62,0.302,0.626,1,1,defaulted,49.4,8,4,4.2,0.6195,0,1,defaulted
SYNTH-02338,1,LALA,KAWASAKI,ROUSER NS125,Sport Backbone,82000.0,24600.0,0.3,57400.0,24,3739.67,0.0852,43883.32,BPO / Call Center Agent,Living with Parents/Relatives,Single,5.5,11,0.5,2,1,1,3739.67,0.104,0.842,0,0,delinquent,26.2,1,2,1.93,0.7515,0,0,completed
SYNTH-02339,1,LALA,HONDA,CLICK 160,Scooter,122900.0,12290.0,0.1,110610.0,24,7020.95,0.2747,25558.94,Employed (Private/Gov),Rented (Apartment/House),Single,5.7,4,0.2917,0,3,3,21062.85,0.228,0.329,0,0,defaulted,60.2,8,4,3.82,0.5,0,1,defaulted
SYNTH-02340,2,KAPATAGAN,HONDA,ADV160,Adventure Scooter,166900.0,20028.0,0.12,146872.0,24,9257.11,0.3446,26862.03,Agri / Farmer / Fisherfolk,Owned (Inherited/Tax Dec),Single,9.2,20,0.9167,1,1,2,18514.22,0.16,0.514,0,0,defaulted,55.3,7,2,1.95,0.5,0,1,defaulted
SYNTH-02341,2,KAPATAGAN,HONDA,CLICK 125I,Scooter,81400.0,9768.0,0.12,71632.0,36,3622.42,0.1332,27191.05,BPO / Call Center Agent,Rented (Apartment/House),Single,1.5,9,0.2778,1,2,1,3622.42,0.294,0.548,0,0,delinquent,62.1,12,5,4.53,0.637,0,1,defaulted
SYNTH-02342,2,KAPATAGAN,KAWASAKI,P24KK (BARAKO II),Backbone/Tricycle,68500.0,10275.0,0.15,58225.0,24,3790.54,0.175,21658.8,Tricycle / PUV Operator,Owned (Clean Title),Married,3.3,10,0.4583,1,3,1,3790.54,0.172,0.571,1,0,delinquent,44.5,7,4,3.67,0.5524,0,1,defaulted
SYNTH-02343,1,LALA,YAMAHA,SNIPER 155,Sport Underbone,123900.0,14868.0,0.12,109032.0,36,5409.31,0.2124,25472.95,BPO / Call Center Agent,Rented (Apartment/House),Married,8.3,11,0.4167,1,2,4,21637.24,0.364,0.353,0,0,defaulted,56.5,10,3,3.05,0.5,0,1,defaulted
SYNTH-02344,1,LALA,KAWASAKI,CT100B,Backbone/Utility,54000.0,6480.0,0.12,47520.0,12,5189.6,0.2816,18427.05,Tricycle / PUV Operator,Rented (Apartment/House),Single,12.9,8,1.0,1,2,4,20758.4,0.357,0.316,0,0,defaulted,22.0,3,5,4.83,0.5,0,0,defaulted
SYNTH-02345,2,KAPATAGAN,SUZUKI,BURGMAN STREET 125,Maxi-Scooter,83400.0,20850.0,0.25,62550.0,12,6767.75,0.2095,32297.55,Employed (Private/Gov),Owned (Inherited/Tax Dec),Married,2.5,7,0.6667,0,3,1,6767.75,0.222,0.543,0,0,delinquent,64.2,7,3,3.59,0.5622,0,1,defaulted
SYNTH-02346,3,TUBOD,YAMAHA,AEROX 155,Sport Scooter,125400.0,15048.0,0.12,110352.0,36,5472.37,0.2013,27179.33,Employed (Private/Gov),Owned (Clean Title),Married,14.0,3,0.0833,0,0,0,0.0,0.004,0.839,0,0,active,40.7,8,2,2.07,0.7944,0,0,completed
SYNTH-02347,2,KAPATAGAN,YAMAHA,SNIPER 155,Sport Underbone,123900.0,12390.0,0.1,111510.0,12,11908.55,0.2159,55161.89,Public School Teacher,Owned (Clean Title),Widowed,3.1,7,0.75,1,2,2,23817.1,0.316,0.632,0,0,defaulted,34.1,11,3,3.31,0.713,0,1,defaulted
SYNTH-02348,1,LALA,HONDA,TMX125 ALPHA,Backbone/Utility,57900.0,8685.0,0.15,49215.0,12,5367.57,0.3555,15099.48,Sari-Sari / Small Retail,Rented (Apartment/House),Married,5.7,3,0.3333,0,4,1,5367.57,0.324,0.469,1,0,delinquent,27.4,1,4,4.45,0.5,0,1,defaulted
SYNTH-02349,3,TUBOD,HONDA,BEAT PREMIUM,Scooter,72400.0,10860.0,0.15,61540.0,24,3994.97,0.1284,31109.0,Public School Teacher,Owned (Inherited/Tax Dec),Widowed,8.0,6,0.25,4,0,0,0.0,0.0,0.856,0,0,active,11.1,6,4,3.97,0.7516,0,0,completed
SYNTH-02350,2,KAPATAGAN,SUZUKI,SMASH 115,Underbone,62400.0,15600.0,0.25,46800.0,36,2436.0,0.039,62471.94,OFW Remittance / Dependent,Rented (Apartment/House),Widowed,2.8,10,0.2778,0,1,0,0.0,0.137,0.709,0,0,active,60.9,9,4,4.35,0.6891,0,0,completed
SYNTH-02351,3,TUBOD,HONDA,CLICK 125I,Scooter,81400.0,20350.0,0.25,61050.0,36,3116.83,0.1124,27718.03,Employed (Private/Gov),Owned (Inherited/Tax Dec),Widowed,5.8,4,0.1111,3,0,0,0.0,0.0,0.981,0,0,active,46.9,5,3,2.85,1.0421,0,0,completed
SYNTH-02352,2,KAPATAGAN,YAMAHA,NMAX 155,Maxi-Scooter,151900.0,22785.0,0.15,129115.0,36,6368.83,0.1439,44273.74,OFW Remittance / Dependent,Living with Parents/Relatives,Married,4.6,28,0.8889,0,1,4,25475.32,0.153,0.61,0,0,defaulted,47.8,5,3,2.88,0.6769,0,1,defaulted
SYNTH-02353,2,KAPATAGAN,HONDA,BEAT PREMIUM,Scooter,72400.0,14480.0,0.2,57920.0,12,6281.6,0.3217,19524.08,Tricycle / PUV Operator,Living with Parents/Relatives,Married,4.4,1,0.3333,0,4,3,18844.8,0.191,0.23,0,0,defaulted,18.9,1,5,5.73,0.5,0,1,defaulted
SYNTH-02354,2,KAPATAGAN,HONDA,CLICK 125I,Scooter,81400.0,16280.0,0.2,65120.0,24,4215.73,0.1926,21890.98,Agri / Farmer / Fisherfolk,Living with Parents/Relatives,Widowed,7.0,14,0.625,0,4,1,4215.73,0.172,0.489,1,0,delinquent,25.5,8,4,3.88,0.5289,0,1,defaulted
SYNTH-02355,1,LALA,SUZUKI,SMASH 115,Underbone,62400.0,15600.0,0.25,46800.0,24,3086.0,0.0896,34455.09,OFW Remittance / Dependent,Owned (Inherited/Tax Dec),Widowed,16.8,5,0.2083,5,0,0,0.0,0.0,0.927,0,0,active,56.6,3,4,4.16,0.9884,0,0,completed
SYNTH-02356,2,KAPATAGAN,HONDA,PCX160,Maxi-Scooter,134900.0,13490.0,0.1,121410.0,12,12948.05,0.5299,24436.83,Tricycle / PUV Operator,Rented (Apartment/House),Married,4.5,0,0.0833,0,2,4,51792.2,0.435,0.532,1,0,defaulted,45.6,6,2,1.9,0.5,0,1,defaulted
SYNTH-02357,2,KAPATAGAN,YAMAHA,MIO FAZZIO,Retro Scooter,93900.0,28170.0,0.3,65730.0,12,7101.65,0.3626,19588.05,Sari-Sari / Small Retail,Owned (Clean Title),Married,9.2,3,0.5833,0,3,4,28406.6,0.199,0.477,0,0,defaulted,47.8,2,3,3.48,0.5338,0,1,defaulted
SYNTH-02358,1,LALA,YAMAHA,AEROX 155,Sport Scooter,125400.0,18810.0,0.15,106590.0,36,5292.63,0.1719,30794.75,Sari-Sari / Small Retail,Owned (Inherited/Tax Dec),Single,4.7,7,0.25,1,3,2,10585.26,0.361,0.322,0,0,defaulted,47.5,7,3,3.17,0.5,0,1,defaulted
SYNTH-02359,1,LALA,HONDA,PCX160,Maxi-Scooter,134900.0,33725.0,0.25,101175.0,24,6439.12,0.2579,24965.25,Sari-Sari / Small Retail,Owned (Clean Title),Married,2.2,11,0.625,0,1,4,25756.48,0.449,0.515,1,0,defaulted,17.5,7,4,3.9,0.5199,0,1,defaulted
SYNTH-02360,2,KAPATAGAN,HONDA,ADV160,Adventure Scooter,166900.0,50070.0,0.3,116830.0,24,7404.52,0.2401,30844.69,OFW Remittance / Dependent,Owned (Inherited/Tax Dec),Single,12.0,3,0.1667,0,1,1,7404.52,0.13,0.654,1,0,delinquent,41.6,7,2,2.04,0.6725,0,0,completed
SYNTH-02361,3,TUBOD,SUZUKI,BURGMAN STREET 125,Maxi-Scooter,83400.0,10008.0,0.12,73392.0,24,4725.84,0.0916,51605.66,OFW Remittance / Dependent,Rented (Apartment/House),Widowed,6.5,21,0.875,2,1,0,0.0,0.007,0.781,0,0,active,26.9,2,3,3.58,0.7596,0,0,completed
SYNTH-02362,1,LALA,HONDA,CLICK 160,Scooter,122900.0,12290.0,0.1,110610.0,36,5484.7,0.2871,19101.49,Agri / Farmer / Fisherfolk,Owned (Clean Title),Single,5.7,6,0.1944,0,3,1,5484.7,0.242,0.33,0,1,delinquent,10.6,6,5,4.56,0.5,0,1,defaulted
SYNTH-02363,3,TUBOD,KAWASAKI,ROUSER NS125,Sport Backbone,82000.0,24600.0,0.3,57400.0,36,2942.44,0.1133,25966.89,Sari-Sari / Small Retail,Rented (Apartment/House),Married,6.0,14,0.4167,1,2,1,2942.44,0.292,0.362,1,0,delinquent,20.5,8,2,2.09,0.5,0,1,defaulted
SYNTH-02364,2,KAPATAGAN,YAMAHA,SNIPER 155,Sport Underbone,123900.0,30975.0,0.25,92925.0,24,5930.38,0.1039,57052.05,OFW Remittance / Dependent,Rented (Apartment/House),Married,9.0,13,0.5833,2,2,1,5930.38,0.003,0.622,0,0,delinquent,42.1,3,3,3.09,0.6842,0,0,completed
SYNTH-02365,2,KAPATAGAN,HONDA,BEAT PREMIUM,Scooter,72400.0,7240.0,0.1,65160.0,12,7041.8,0.2358,29866.8,BPO / Call Center Agent,Living with Parents/Relatives,Married,6.6,4,0.5833,0,1,3,21125.4,0.202,0.525,0,1,defaulted,42.0,11,5,4.86,0.6015,0,1,defaulted
SYNTH-02366,2,KAPATAGAN,HONDA,PCX160,Maxi-Scooter,134900.0,33725.0,0.25,101175.0,36,5033.92,0.1135,44335.83,Public School Teacher,Owned (Inherited/Tax Dec),Widowed,9.4,15,0.4167,8,0,0,0.0,0.0,0.867,0,0,active,56.8,7,2,1.71,0.8985,0,0,completed
SYNTH-02367,3,TUBOD,SUZUKI,BURGMAN STREET 125,Maxi-Scooter,83400.0,25020.0,0.3,58380.0,24,3800.1,0.295,12880.34,Agri / Farmer / Fisherfolk,Rented (Apartment/House),Widowed,10.6,19,0.9167,0,1,3,11400.3,0.189,0.403,1,0,defaulted,34.1,8,3,2.72,0.5,0,1,defaulted
SYNTH-02368,2,KAPATAGAN,HONDA,CLICK 160,Scooter,122900.0,24580.0,0.2,98320.0,24,6263.07,0.3277,19113.73,Agri / Farmer / Fisherfolk,Living with Parents/Relatives,Married,5.1,14,0.7083,1,1,3,18789.21,0.211,0.526,1,0,defaulted,55.9,4,4,3.44,0.5272,0,1,defaulted
SYNTH-02369,2,KAPATAGAN,SUZUKI,RAIDER 150 FI,Sport Underbone,119900.0,35970.0,0.3,83930.0,36,4209.99,0.1408,29903.43,BPO / Call Center Agent,Owned (Inherited/Tax Dec),Married,5.1,22,0.6389,3,1,1,4209.99,0.019,0.602,0,0,delinquent,39.6,7,3,2.88,0.5903,0,0,completed
SYNTH-02370,1,LALA,HONDA,TMX125 ALPHA,Backbone/Utility,57900.0,11580.0,0.2,46320.0,24,3056.4,0.0624,48982.03,OFW Remittance / Dependent,Living with Parents/Relatives,Married,2.5,24,1.0,0,0,0,0.0,0.019,0.845,1,0,active,30.5,12,5,5.55,0.9466,0,0,completed
SYNTH-02371,3,TUBOD,YAMAHA,MIO GEAR 125,Scooter,79400.0,15880.0,0.2,63520.0,24,4117.07,0.2893,14229.09,Agri / Farmer / Fisherfolk,Owned (Clean Title),Married,7.7,15,0.7083,1,3,2,8234.14,0.3,0.442,0,1,defaulted,20.3,10,4,4.42,0.5,0,1,defaulted
SYNTH-02372,2,KAPATAGAN,HONDA,ADV160,Adventure Scooter,166900.0,33380.0,0.2,133520.0,36,6579.29,0.2005,32807.51,Sari-Sari / Small Retail,Owned (Inherited/Tax Dec),Single,6.1,12,0.3611,1,3,1,6579.29,0.212,0.468,0,1,delinquent,21.5,11,3,3.33,0.5395,0,1,defaulted
SYNTH-02373,2,KAPATAGAN,KAWASAKI,CT100B,Backbone/Utility,54000.0,6480.0,0.12,47520.0,36,2470.4,0.0799,30922.74,Public School Teacher,Living with Parents/Relatives,Widowed,12.2,1,0.0278,1,0,0,0.0,0.0,0.987,0,0,active,50.9,6,3,2.71,0.8786,0,0,completed
SYNTH-02374,2,KAPATAGAN,SUZUKI,SMASH 115,Underbone,62400.0,15600.0,0.25,46800.0,36,2436.0,0.1429,17044.43,Agri / Farmer / Fisherfolk,Owned (Inherited/Tax Dec),Widowed,3.1,6,0.1944,1,2,1,2436.0,0.233,0.563,0,0,delinquent,28.2,11,4,3.47,0.6108,0,1,defaulted
SYNTH-02375,2,KAPATAGAN,SUZUKI,SMASH 115,Underbone,62400.0,9360.0,0.15,53040.0,24,3470.8,0.141,24610.3,OFW Remittance / Dependent,Rented (Apartment/House),Married,7.1,2,0.25,1,2,4,13883.2,0.389,0.569,0,0,defaulted,15.6,5,5,4.9,0.5,0,1,defaulted
SYNTH-02376,3,TUBOD,YAMAHA,SNIPER 155,Sport Underbone,123900.0,12390.0,0.1,111510.0,12,11908.55,0.6263,19013.37,Agri / Farmer / Fisherfolk,Owned (Inherited/Tax Dec),Single,7.6,5,0.6667,0,4,3,35725.65,0.333,0.645,0,0,defaulted,43.7,3,2,1.72,0.7163,0,1,defaulted
SYNTH-02377,3,TUBOD,HONDA,TMX125 ALPHA,Backbone/Utility,57900.0,14475.0,0.25,43425.0,24,2877.88,0.0833,34546.35,BPO / Call Center Agent,Rented (Apartment/House),Widowed,9.0,16,0.7083,3,2,1,2877.88,0.047,0.634,0,0,delinquent,29.7,9,3,3.17,0.6145,0,0,completed
SYNTH-02378,2,KAPATAGAN,YAMAHA,AEROX 155,Sport Scooter,125400.0,12540.0,0.1,112860.0,12,12050.3,0.664,18147.3,Agri / Farmer / Fisherfolk,Living with Parents/Relatives,Single,6.8,0,0.1667,1,2,2,24100.6,0.219,0.382,0,0,defaulted,22.8,6,4,4.0,0.5,0,1,defaulted
SYNTH-02379,3,TUBOD,YAMAHA,NMAX 155,Maxi-Scooter,151900.0,15190.0,0.1,136710.0,36,6731.7,0.1274,52849.21,Public School Teacher,Rented (Apartment/House),Married,13.4,14,0.3889,2,1,0,0.0,0.08,0.614,0,0,active,20.5,3,4,4.29,0.6776,0,1,defaulted
SYNTH-02380,2,KAPATAGAN,SUZUKI,RAIDER 150 FI,Sport Underbone,119900.0,23980.0,0.2,95920.0,24,6115.07,0.0753,81194.59,OFW Remittance / Dependent,Living with Parents/Relatives,Widowed,1.9,24,1.0,2,1,0,0.0,0.15,0.807,0,0,active,56.1,6,3,2.53,0.7321,0,1,defaulted
SYNTH-02381,2,KAPATAGAN,SUZUKI,SMASH 115,Underbone,62400.0,18720.0,0.3,43680.0,36,2286.93,0.1195,19139.66,Agri / Farmer / Fisherfolk,Rented (Apartment/House),Married,8.6,15,0.4444,0,4,1,2286.93,0.195,0.315,0,0,delinquent,50.5,1,3,2.77,0.5,0,1,defaulted
SYNTH-02382,2,KAPATAGAN,KAWASAKI,P24KK (BARAKO II),Backbone/Tricycle,68500.0,8220.0,0.12,60280.0,12,6529.4,0.2114,30882.85,Employed (Private/Gov),Rented (Apartment/House),Single,7.3,6,0.6667,1,3,2,13058.8,0.237,0.355,1,1,defaulted,35.1,11,4,4.21,0.5,0,1,defaulted
SYNTH-02383,1,LALA,YAMAHA,SNIPER 155,Sport Underbone,123900.0,24780.0,0.2,99120.0,12,10607.6,0.6609,16051.37,Employed (Private/Gov),Rented (Apartment/House),Married,10.0,5,0.5,0,2,1,10607.6,0.402,0.438,0,1,delinquent,13.8,4,4,4.04,0.5,0,1,defaulted
SYNTH-02384,3,TUBOD,HONDA,CLICK 125I,Scooter,81400.0,8140.0,0.1,73260.0,24,4717.7,0.1871,25219.56,BPO / Call Center Agent,Owned (Inherited/Tax Dec),Widowed,2.9,10,0.5417,0,1,3,14153.1,0.427,0.491,0,0,defaulted,19.3,9,4,3.9,0.5084,0,1,defaulted
SYNTH-02385,2,KAPATAGAN,SUZUKI,RAIDER 150 FI,Sport Underbone,119900.0,17985.0,0.15,101915.0,24,6484.76,0.209,31031.65,BPO / Call Center Agent,Rented (Apartment/House),Married,16.0,22,0.9583,0,1,1,6484.76,0.151,0.58,1,0,delinquent,38.6,3,3,3.25,0.6719,0,1,defaulted
SYNTH-02386,2,KAPATAGAN,HONDA,BEAT PREMIUM,Scooter,72400.0,7240.0,0.1,65160.0,24,4218.2,0.1658,25442.75,Employed (Private/Gov),Owned (Inherited/Tax Dec),Widowed,8.1,10,0.4583,2,1,1,4218.2,0.002,0.758,0,0,delinquent,56.6,3,4,4.09,0.8057,0,0,completed
SYNTH-02387,3,TUBOD,SUZUKI,SMASH 115,Underbone,62400.0,6240.0,0.1,56160.0,24,3663.2,0.0477,76770.17,OFW Remittance / Dependent,Rented (Apartment/House),Single,5.0,8,0.3333,0,2,0,0.0,0.146,0.673,0,0,active,57.1,10,3,3.08,0.6808,0,1,defaulted
SYNTH-02388,3,TUBOD,SUZUKI,SMASH 115,Underbone,62400.0,7488.0,0.12,54912.0,36,2823.57,0.1524,18524.13,Agri / Farmer / Fisherfolk,Rented (Apartment/House),Single,10.1,13,0.3889,1,2,1,2823.57,0.371,0.53,1,0,delinquent,11.0,7,4,4.51,0.5216,0,1,defaulted
SYNTH-02389,2,KAPATAGAN,HONDA,BEAT PREMIUM,Scooter,72400.0,8688.0,0.12,63712.0,24,4128.91,0.2178,18956.95,Agri / Farmer / Fisherfolk,Rented (Apartment/House),Widowed,6.4,12,0.5833,1,3,2,8257.82,0.384,0.272,0,0,defaulted,26.5,1,4,4.1,0.5,0,1,defaulted
SYNTH-02390,3,TUBOD,KAWASAKI,P24KK (BARAKO II),Backbone/Tricycle,68500.0,8220.0,0.12,60280.0,24,3917.27,0.1398,28024.9,Public School Teacher,Owned (Clean Title),Widowed,10.3,9,0.375,8,0,0,0.0,0.0,0.923,0,0,active,29.8,12,3,2.59,1.0566,0,0,completed
SYNTH-02391,1,LALA,YAMAHA,NMAX 155,Maxi-Scooter,151900.0,45570.0,0.3,106330.0,12,11364.65,0.3573,31809.34,Public School Teacher,Owned (Inherited/Tax Dec),Married,14.0,2,0.5,1,3,4,45458.6,0.293,0.286,1,0,defaulted,13.8,11,5,5.06,0.5,0,1,defaulted
SYNTH-02392,1,LALA,YAMAHA,AEROX 155,Sport Scooter,125400.0,15048.0,0.12,110352.0,12,11786.96,0.2849,41373.45,BPO / Call Center Agent,Owned (Clean Title),Single,1.5,2,0.5,1,3,4,47147.84,0.411,0.241,1,0,defaulted,30.7,4,3,3.12,0.5,0,1,defaulted
SYNTH-02393,3,TUBOD,HONDA,BEAT PREMIUM,Scooter,72400.0,7240.0,0.1,65160.0,36,3313.2,0.0786,42132.54,Public School Teacher,Living with Parents/Relatives,Widowed,8.2,20,0.5556,12,0,0,0.0,0.0,0.962,0,0,active,49.6,5,3,3.41,0.934,1,0,early_settled
SYNTH-02394,1,LALA,HONDA,BEAT PREMIUM,Scooter,72400.0,14480.0,0.2,57920.0,12,6281.6,0.1014,61937.56,OFW Remittance / Dependent,Living with Parents/Relatives,Married,2.1,8,0.75,1,2,1,6281.6,0.055,0.605,0,0,delinquent,50.1,11,5,4.86,0.7107,0,0,completed
SYNTH-02395,1,LALA,KAWASAKI,ROUSER NS125,Sport Backbone,82000.0,20500.0,0.25,61500.0,24,3992.5,0.1267,31519.18,Employed (Private/Gov),Owned (Clean Title),Widowed,7.5,18,0.75,2,0,0,0.0,0.0,0.933,0,0,active,37.9,6,2,1.6,0.8044,0,0,completed
SYNTH-02396,3,TUBOD,YAMAHA,NMAX 155,Maxi-Scooter,151900.0,30380.0,0.2,121520.0,36,6005.96,0.3614,16619.85,Tricycle / PUV Operator,Living with Parents/Relatives,Widowed,2.5,12,0.4167,1,4,3,18017.88,0.418,0.523,0,1,defaulted,61.5,5,3,2.81,0.516,0,0,defaulted
SYNTH-02397,3,TUBOD,KAWASAKI,CT100B,Backbone/Utility,54000.0,6480.0,0.12,47520.0,36,2470.4,0.1201,20569.62,Tricycle / PUV Operator,Rented (Apartment/House),Widowed,4.8,11,0.3333,1,2,1,2470.4,0.368,0.551,0,1,delinquent,62.4,6,2,2.31,0.5,0,1,defaulted
SYNTH-02398,2,KAPATAGAN,SUZUKI,SMASH 115,Underbone,62400.0,12480.0,0.2,49920.0,12,5441.6,0.149,36515.51,BPO / Call Center Agent,Rented (Apartment/House),Single,7.9,0,0.25,0,3,3,16324.8,0.244,0.607,0,0,defaulted,17.2,3,5,4.82,0.6326,0,0,defaulted
SYNTH-02399,2,KAPATAGAN,KAWASAKI,CT100B,Backbone/Utility,54000.0,13500.0,0.25,40500.0,12,4452.5,0.1176,37853.38,Employed (Private/Gov),Rented (Apartment/House),Widowed,8.2,9,0.8333,0,2,1,4452.5,0.168,0.364,1,0,delinquent,55.7,4,3,2.85,0.5,0,1,defaulted
SYNTH-02400,3,TUBOD,SUZUKI,RAIDER 150 FI,Sport Underbone,119900.0,29975.0,0.25,89925.0,36,4496.42,0.1938,23199.87,Employed (Private/Gov),Owned (Clean Title),Married,5.0,32,0.8889,0,1,0,0.0,0.018,0.635,0,0,active,57.5,7,2,1.93,0.7095,0,0,completed
SYNTH-02401,3,TUBOD,HONDA,CLICK 160,Scooter,122900.0,12290.0,0.1,110610.0,24,7020.95,0.1406,49919.31,OFW Remittance / Dependent,Owned (Clean Title),Single,4.0,4,0.1667,2,0,0,0.0,0.007,0.813,0,0,active,54.0,4,3,2.61,0.8579,0,0,completed
SYNTH-02402,2,KAPATAGAN,YAMAHA,MIO FAZZIO,Retro Scooter,93900.0,18780.0,0.2,75120.0,24,4832.4,0.173,27933.92,BPO / Call Center Agent,Owned (Clean Title),Married,4.7,15,0.6667,0,4,1,4832.4,0.368,0.568,0,0,delinquent,36.9,7,3,3.31,0.5696,0,1,defaulted
SYNTH-02403,3,TUBOD,YAMAHA,MIO GEAR 125,Scooter,79400.0,11910.0,0.15,67490.0,36,3424.52,0.1024,33444.49,BPO / Call Center Agent,Living with Parents/Relatives,Married,18.3,22,0.6111,2,1,0,0.0,0.085,0.689,0,0,active,24.2,11,5,4.4,0.807,0,0,completed
SYNTH-02404,1,LALA,YAMAHA,MIO FAZZIO,Retro Scooter,93900.0,23475.0,0.25,70425.0,12,7594.62,0.2187,34732.01,Public School Teacher,Owned (Clean Title),Widowed,5.3,6,0.5,2,0,0,0.0,0.112,0.695,0,0,active,19.6,12,5,4.66,0.7761,0,0,completed
SYNTH-02405,2,KAPATAGAN,HONDA,BEAT PREMIUM,Scooter,72400.0,7240.0,0.1,65160.0,36,3313.2,0.1722,19242.0,Tricycle / PUV Operator,Living with Parents/Relatives,Married,8.1,29,0.8333,1,2,1,3313.2,0.292,0.296,0,0,delinquent,57.5,10,4,3.84,0.5,0,0,defaulted
SYNTH-02406,3,TUBOD,HONDA,TMX125 ALPHA,Backbone/Utility,57900.0,17370.0,0.3,40530.0,24,2699.35,0.0812,33245.4,Employed (Private/Gov),Living with Parents/Relatives,Married,6.9,10,0.4167,2,0,0,0.0,0.086,0.707,0,0,active,15.0,11,5,5.07,0.8203,0,1,defaulted
SYNTH-02407,1,LALA,YAMAHA,SNIPER 155,Sport Underbone,123900.0,12390.0,0.1,111510.0,24,7076.45,0.3139,22544.72,Tricycle / PUV Operator,Rented (Apartment/House),Married,7.8,14,0.7083,1,2,3,21229.35,0.339,0.208,0,1,defaulted,45.7,11,3,2.56,0.5,0,1,defaulted
SYNTH-02408,1,LALA,HONDA,TMX125 ALPHA,Backbone/Utility,57900.0,8685.0,0.15,49215.0,36,2551.38,0.1196,21330.82,Tricycle / PUV Operator,Owned (Clean Title),Married,4.5,17,0.5278,0,2,2,5102.76,0.347,0.449,0,0,defaulted,59.3,1,4,3.88,0.5,0,1,defaulted
SYNTH-02409,3,TUBOD,KAWASAKI,CT100B,Backbone/Utility,54000.0,5400.0,0.1,48600.0,36,2522.0,0.0754,33457.08,Employed (Private/Gov),Owned (Inherited/Tax Dec),Single,13.9,24,0.6667,12,0,0,0.0,0.0,0.91,0,0,active,48.5,3,3,3.12,0.9542,0,0,completed
SYNTH-02410,2,KAPATAGAN,YAMAHA,SNIPER 155,Sport Underbone,123900.0,18585.0,0.15,105315.0,36,5231.72,0.2006,26082.77,Sari-Sari / Small Retail,Living with Parents/Relatives,Single,3.2,30,0.8611,1,3,1,5231.72,0.293,0.207,1,0,delinquent,15.3,3,4,4.15,0.5,0,1,defaulted
SYNTH-02411,2,KAPATAGAN,KAWASAKI,ROUSER NS125,Sport Backbone,82000.0,20500.0,0.25,61500.0,24,3992.5,0.1437,27782.27,BPO / Call Center Agent,Owned (Clean Title),Single,18.1,2,0.125,0,0,1,3992.5,0.13,0.807,0,0,delinquent,38.8,4,2,2.32,0.8781,0,0,completed
SYNTH-02412,2,KAPATAGAN,SUZUKI,RAIDER 150 FI,Sport Underbone,119900.0,14388.0,0.12,105512.0,12,11278.76,0.4772,23636.79,Tricycle / PUV Operator,Living with Parents/Relatives,Widowed,5.5,8,0.8333,1,4,2,22557.52,0.197,0.204,0,0,defaulted,58.4,3,3,2.5,0.5,0,1,defaulted
SYNTH-02413,2,KAPATAGAN,KAWASAKI,P24KK (BARAKO II),Backbone/Tricycle,68500.0,8220.0,0.12,60280.0,36,3080.04,0.0519,59399.63,OFW Remittance / Dependent,Owned (Inherited/Tax Dec),Single,6.6,2,0.0556,1,0,0,0.0,0.0,0.854,0,0,active,14.5,10,5,5.02,0.8549,0,0,completed
SYNTH-02414,1,LALA,HONDA,WAVE RSX,Underbone,64900.0,9735.0,0.15,55165.0,12,5992.32,0.2009,29827.77,Sari-Sari / Small Retail,Owned (Clean Title),Married,13.9,8,0.8333,0,1,2,11984.64,0.176,0.541,0,0,defaulted,63.3,9,4,4.0,0.5326,0,1,defaulted
SYNTH-02415,3,TUBOD,SUZUKI,RAIDER 150 FI,Sport Underbone,119900.0,17985.0,0.15,101915.0,36,5069.27,0.2916,17383.15,Tricycle / PUV Operator,Owned (Clean Title),Widowed,8.8,23,0.6667,0,2,1,5069.27,0.38,0.272,0,1,delinquent,21.7,10,3,3.14,0.5,0,1,defaulted
SYNTH-02416,1,LALA,SUZUKI,RAIDER 150 FI,Sport Underbone,119900.0,23980.0,0.2,95920.0,12,10271.6,0.2895,35476.16,Public School Teacher,Owned (Clean Title),Married,1.1,8,0.75,1,2,1,10271.6,0.316,0.501,0,1,delinquent,14.5,11,5,4.89,0.5998,0,1,defaulted
SYNTH-02417,2,KAPATAGAN,YAMAHA,SNIPER 155,Sport Underbone,123900.0,12390.0,0.1,111510.0,36,5527.7,0.1251,44181.58,Employed (Private/Gov),Living with Parents/Relatives,Single,5.9,1,0.0278,1,2,0,0.0,0.123,0.776,0,0,active,22.9,8,4,3.64,0.7606,0,0,completed
SYNTH-02418,2,KAPATAGAN,HONDA,CLICK 160,Scooter,122900.0,14748.0,0.12,108152.0,12,11555.96,0.2163,53423.06,OFW Remittance / Dependent,Owned (Clean Title),Single,8.0,2,0.25,0,0,1,11555.96,0.111,0.832,0,0,delinquent,21.0,6,4,3.49,0.7075,0,0,completed
SYNTH-02419,2,KAPATAGAN,HONDA,CLICK 125I,Scooter,81400.0,16280.0,0.2,65120.0,36,3311.29,0.11,30106.88,BPO / Call Center Agent,Owned (Clean Title),Married,8.8,26,0.7222,6,0,0,0.0,0.0,0.902,0,0,active,51.4,12,5,4.78,1.0748,1,0,early_settled
SYNTH-02420,2,KAPATAGAN,YAMAHA,AEROX 155,Sport Scooter,125400.0,37620.0,0.3,87780.0,36,4393.93,0.0918,47867.18,OFW Remittance / Dependent,Owned (Inherited/Tax Dec),Married,9.5,30,0.8333,3,0,0,0.0,0.0,0.98,0,0,active,56.5,4,3,3.47,1.0136,0,0,completed
SYNTH-02421,1,LALA,YAMAHA,MIO FAZZIO,Retro Scooter,93900.0,11268.0,0.12,82632.0,24,5295.64,0.3531,14998.21,Agri / Farmer / Fisherfolk,Owned (Inherited/Tax Dec),Single,3.6,21,0.9167,0,1,1,5295.64,0.306,0.402,0,0,delinquent,19.6,1,4,4.18,0.5,0,1,defaulted
SYNTH-02422,2,KAPATAGAN,YAMAHA,AEROX 155,Sport Scooter,125400.0,31350.0,0.25,94050.0,36,4693.5,0.2998,15655.37,Agri / Farmer / Fisherfolk,Owned (Clean Title),Married,14.2,21,0.6944,0,1,4,18774.0,0.423,0.49,0,0,defaulted,56.1,10,3,3.01,0.5,0,1,defaulted
SYNTH-02423,3,TUBOD,KAWASAKI,CT100B,Backbone/Utility,54000.0,6480.0,0.12,47520.0,36,2470.4,0.0826,29904.87,BPO / Call Center Agent,Rented (Apartment/House),Widowed,7.9,8,0.25,1,0,1,2470.4,0.069,0.737,1,0,delinquent,22.6,12,4,3.55,0.8836,0,0,completed
SYNTH-02424,3,TUBOD,YAMAHA,MIO SPORTY,Scooter,73900.0,7390.0,0.1,66510.0,24,4301.45,0.2143,20071.96,Sari-Sari / Small Retail,Owned (Clean Title),Single,2.1,5,0.375,1,1,4,17205.8,0.445,0.332,1,1,defaulted,15.7,1,4,3.38,0.5,0,1,defaulted
SYNTH-02425,2,KAPATAGAN,YAMAHA,MIO SPORTY,Scooter,73900.0,22170.0,0.3,51730.0,12,5631.65,0.1765,31914.4,Sari-Sari / Small Retail,Rented (Apartment/House),Married,8.3,7,0.75,1,2,2,11263.3,0.155,0.366,1,0,defaulted,13.5,10,6,6.19,0.5,0,1,defaulted
SYNTH-02426,2,KAPATAGAN,HONDA,TMX125 ALPHA,Backbone/Utility,57900.0,14475.0,0.25,43425.0,36,2274.75,0.0554,41044.8,Public School Teacher,Living with Parents/Relatives,Married,6.2,22,0.6111,12,0,0,0.0,0.0,0.929,0,0,active,63.8,6,4,3.4,0.8516,1,0,early_settled
SYNTH-02427,1,LALA,HONDA,WAVE RSX,Underbone,64900.0,7788.0,0.12,57112.0,36,2928.68,0.1259,23253.43,Sari-Sari / Small Retail,Owned (Clean Title),Widowed,1.0,18,0.5556,1,2,2,5857.36,0.362,0.644,0,0,defaulted,38.6,9,4,3.99,0.6358,0,0,defaulted
SYNTH-02428,3,TUBOD,YAMAHA,SNIPER 155,Sport Underbone,123900.0,14868.0,0.12,109032.0,12,11648.36,0.3056,38118.34,Public School Teacher,Rented (Apartment/House),Married,8.2,6,0.75,0,1,3,34945.08,0.256,0.21,0,0,defaulted,39.6,9,2,2.47,0.5,0,1,defaulted
SYNTH-02429,2,KAPATAGAN,YAMAHA,NMAX 155,Maxi-Scooter,151900.0,45570.0,0.3,106330.0,36,5280.21,0.2026,26059.38,BPO / Call Center Agent,Living with Parents/Relatives,Widowed,16.1,16,0.5,0,4,2,10560.42,0.23,0.255,0,1,defaulted,61.0,4,3,3.01,0.5,0,1,defaulted
SYNTH-02430,1,LALA,YAMAHA,AEROX 155,Sport Scooter,125400.0,25080.0,0.2,100320.0,24,6386.4,0.1519,42056.21,OFW Remittance / Dependent,Living with Parents/Relatives,Married,16.1,12,0.5417,0,0,1,6386.4,0.07,0.707,0,0,delinquent,22.1,9,4,3.84,0.6817,0,0,completed
SYNTH-02431,1,LALA,HONDA,ADV160,Adventure Scooter,166900.0,25035.0,0.15,141865.0,36,6977.99,0.3586,19456.82,Tricycle / PUV Operator,Living with Parents/Relatives,Married,6.5,26,0.8056,0,1,3,20933.97,0.179,0.456,0,0,defaulted,13.5,2,3,3.4,0.5,0,0,defaulted
SYNTH-02432,2,KAPATAGAN,SUZUKI,SMASH 115,Underbone,62400.0,6240.0,0.1,56160.0,24,3663.2,0.1538,23819.27,BPO / Call Center Agent,Owned (Clean Title),Single,2.9,6,0.2917,0,1,1,3663.2,0.375,0.497,0,1,delinquent,27.0,1,3,2.6,0.5,0,1,defaulted
SYNTH-02433,2,KAPATAGAN,YAMAHA,MIO SPORTY,Scooter,73900.0,11085.0,0.15,62815.0,36,3201.16,0.0785,40757.41,OFW Remittance / Dependent,Living with Parents/Relatives,Widowed,16.0,12,0.3333,12,0,0,0.0,0.0,0.923,0,0,active,35.6,4,5,4.89,1.0055,1,0,early_settled
SYNTH-02434,2,KAPATAGAN,SUZUKI,RAIDER 150 FI,Sport Underbone,119900.0,11990.0,0.1,107910.0,24,6854.45,0.3054,22441.88,Agri / Farmer / Fisherfolk,Living with Parents/Relatives,Married,4.1,6,0.375,0,2,3,20563.35,0.35,0.389,0,0,defaulted,12.5,6,3,2.76,0.5,0,1,defaulted
SYNTH-02435,2,KAPATAGAN,YAMAHA,MIO SPORTY,Scooter,73900.0,7390.0,0.1,66510.0,36,3377.7,0.1838,18376.6,Agri / Farmer / Fisherfolk,Living with Parents/Relatives,Widowed,5.3,0,0.0278,0,1,1,3377.7,0.419,0.534,1,0,delinquent,38.3,3,5,4.76,0.5735,0,1,defaulted
SYNTH-02436,1,LALA,YAMAHA,SNIPER 155,Sport Underbone,123900.0,24780.0,0.2,99120.0,36,4935.73,0.2544,19400.84,Agri / Farmer / Fisherfolk,Owned (Inherited/Tax Dec),Married,3.9,30,0.8611,0,2,1,4935.73,0.428,0.432,0,0,delinquent,38.0,12,3,3.0,0.5049,0,1,defaulted
SYNTH-02437,1,LALA,YAMAHA,MIO FAZZIO,Retro Scooter,93900.0,9390.0,0.1,84510.0,36,4237.7,0.2401,17647.85,Agri / Farmer / Fisherfolk,Owned (Inherited/Tax Dec),Married,3.3,20,0.5833,1,4,1,4237.7,0.358,0.469,0,0,delinquent,35.8,12,4,3.97,0.5117,0,1,defaulted
SYNTH-02438,3,TUBOD,SUZUKI,BURGMAN STREET 125,Maxi-Scooter,83400.0,8340.0,0.1,75060.0,12,8081.3,0.2382,33927.08,Employed (Private/Gov),Rented (Apartment/House),Married,4.7,0,0.1667,0,4,3,24243.9,0.195,0.633,0,0,defaulted,60.7,4,3,3.42,0.7392,0,0,defaulted
SYNTH-02439,2,KAPATAGAN,SUZUKI,RAIDER 150 FI,Sport Underbone,119900.0,35970.0,0.3,83930.0,12,9012.65,0.5636,15992.4,Tricycle / PUV Operator,Living with Parents/Relatives,Married,8.2,7,0.6667,0,1,1,9012.65,0.36,0.495,0,1,delinquent,62.3,10,3,3.1,0.5,0,1,defaulted
SYNTH-02440,2,KAPATAGAN,SUZUKI,BURGMAN STREET 125,Maxi-Scooter,83400.0,20850.0,0.25,62550.0,36,3188.5,0.0553,57646.18,OFW Remittance / Dependent,Owned (Clean Title),Married,11.1,23,0.6389,5,0,0,0.0,0.0,0.861,0,0,active,21.8,12,5,4.7,0.9931,1,0,early_settled
SYNTH-02441,2,KAPATAGAN,YAMAHA,NMAX 155,Maxi-Scooter,151900.0,15190.0,0.1,136710.0,12,14554.55,0.6284,23161.84,Sari-Sari / Small Retail,Living with Parents/Relatives,Married,12.3,9,1.0,1,4,3,43663.65,0.246,0.494,0,1,defaulted,53.8,9,3,2.58,0.5,0,1,defaulted
SYNTH-02442,1,LALA,HONDA,CLICK 125I,Scooter,81400.0,16280.0,0.2,65120.0,24,4215.73,0.2126,19828.54,Employed (Private/Gov),Rented (Apartment/House),Single,9.1,3,0.2917,0,3,4,16862.92,0.36,0.225,0,0,defaulted,61.0,6,4,3.85,0.5,0,1,defaulted
SYNTH-02443,3,TUBOD,HONDA,TMX125 ALPHA,Backbone/Utility,57900.0,17370.0,0.3,40530.0,36,2136.43,0.0603,35415.29,Public School Teacher,Living with Parents/Relatives,Single,15.5,14,0.3889,9,0,0,0.0,0.0,0.971,0,0,active,49.5,3,3,2.97,0.9957,1,0,early_settled
SYNTH-02444,2,KAPATAGAN,KAWASAKI,CT100B,Backbone/Utility,54000.0,16200.0,0.3,37800.0,36,2006.0,0.1033,19419.53,Tricycle / PUV Operator,Rented (Apartment/House),Single,6.4,0,0.0833,0,1,4,8024.0,0.234,0.417,1,0,defaulted,10.0,3,4,4.12,0.5,0,0,defaulted
SYNTH-02445,3,TUBOD,KAWASAKI,ROUSER NS125,Sport Backbone,82000.0,8200.0,0.1,73800.0,24,4751.0,0.1957,24271.84,Tricycle / PUV Operator,Living with Parents/Relatives,Widowed,10.2,23,1.0,1,2,1,4751.0,0.177,0.42,0,0,delinquent,16.0,10,2,2.16,0.5,0,1,defaulted
SYNTH-02446,2,KAPATAGAN,SUZUKI,SMASH 115,Underbone,62400.0,18720.0,0.3,43680.0,12,4786.4,0.0801,59768.35,OFW Remittance / Dependent,Owned (Clean Title),Married,9.7,11,0.9167,4,0,0,0.0,0.0,0.954,0,0,active,46.6,6,3,3.31,0.9037,1,0,early_settled
SYNTH-02447,1,LALA,SUZUKI,SMASH 115,Underbone,62400.0,15600.0,0.25,46800.0,12,5114.0,0.1116,45840.91,Public School Teacher,Owned (Inherited/Tax Dec),Widowed,7.5,8,0.6667,6,0,0,0.0,0.0,0.986,0,0,active,60.2,11,4,4.11,1.0976,0,0,completed
SYNTH-02448,2,KAPATAGAN,SUZUKI,BURGMAN STREET 125,Maxi-Scooter,83400.0,10008.0,0.12,73392.0,12,7906.16,0.2652,29808.03,Sari-Sari / Small Retail,Owned (Clean Title),Married,12.0,4,0.5833,0,4,3,23718.48,0.279,0.234,0,0,defaulted,54.4,2,3,2.54,0.5,0,1,defaulted
SYNTH-02449,2,KAPATAGAN,SUZUKI,RAIDER 150 FI,Sport Underbone,119900.0,23980.0,0.2,95920.0,36,4782.84,0.2014,23752.85,Sari-Sari / Small Retail,Owned (Inherited/Tax Dec),Single,9.0,2,0.0833,1,3,1,4782.84,0.355,0.613,0,0,delinquent,63.3,10,3,2.51,0.6307,0,1,defaulted
SYNTH-02450,1,LALA,HONDA,ADV160,Adventure Scooter,166900.0,33380.0,0.2,133520.0,24,8433.73,0.2916,28926.53,BPO / Call Center Agent,Owned (Clean Title),Single,7.7,8,0.375,0,4,1,8433.73,0.191,0.629,0,0,delinquent,42.4,4,2,1.55,0.6504,0,0,defaulted
SYNTH-02451,1,LALA,SUZUKI,BURGMAN STREET 125,Maxi-Scooter,83400.0,12510.0,0.15,70890.0,12,7643.45,0.371,20604.19,BPO / Call Center Agent,Living with Parents/Relatives,Married,10.4,6,0.6667,0,3,2,15286.9,0.268,0.612,1,0,defaulted,46.5,5,4,3.8,0.6647,0,1,defaulted
SYNTH-02452,3,TUBOD,YAMAHA,SNIPER 155,Sport Underbone,123900.0,30975.0,0.25,92925.0,24,5930.38,0.2677,22151.79,BPO / Call Center Agent,Owned (Clean Title),Single,1.7,1,0.1667,1,2,3,17791.14,0.287,0.306,1,0,defaulted,52.8,2,2,2.3,0.5,0,1,defaulted
SYNTH-02453,3,TUBOD,SUZUKI,SMASH 115,Underbone,62400.0,12480.0,0.2,49920.0,36,2585.07,0.1079,23950.9,Agri / Farmer / Fisherfolk,Owned (Clean Title),Married,4.4,27,0.8611,1,1,4,10340.28,0.388,0.415,0,0,defaulted,45.5,9,3,3.79,0.5,0,1,defaulted
SYNTH-02454,2,KAPATAGAN,YAMAHA,MIO GEAR 125,Scooter,79400.0,23820.0,0.3,55580.0,36,2855.49,0.1388,20565.52,Tricycle / PUV Operator,Owned (Inherited/Tax Dec),Married,10.9,20,0.6667,0,1,4,11421.96,0.362,0.641,1,0,defaulted,30.6,3,4,4.03,0.6579,0,1,defaulted
SYNTH-02455,1,LALA,HONDA,CLICK 125I,Scooter,81400.0,24420.0,0.3,56980.0,36,2922.38,0.1208,24193.33,Agri / Farmer / Fisherfolk,Owned (Clean Title),Married,8.0,27,0.8611,0,1,4,11689.52,0.232,0.632,1,1,defaulted,36.7,1,4,4.54,0.5408,0,1,defaulted
SYNTH-02456,3,TUBOD,SUZUKI,RAIDER 150 FI,Sport Underbone,119900.0,29975.0,0.25,89925.0,36,4496.42,0.2963,15175.93,Agri / Farmer / Fisherfolk,Rented (Apartment/House),Widowed,11.2,11,0.4167,0,1,4,17985.68,0.309,0.434,0,0,defaulted,47.5,10,2,1.79,0.5,0,1,defaulted
SYNTH-02457,3,TUBOD,KAWASAKI,P24KK (BARAKO II),Backbone/Tricycle,68500.0,20550.0,0.3,47950.0,36,2490.94,0.0456,54634.83,OFW Remittance / Dependent,Living with Parents/Relatives,Married,17.3,28,0.7778,8,0,0,0.0,0.0,0.908,0,0,active,44.9,9,3,3.21,0.956,0,0,completed
SYNTH-02458,2,KAPATAGAN,YAMAHA,NMAX 155,Maxi-Scooter,151900.0,30380.0,0.2,121520.0,24,7693.73,0.4333,17757.77,Tricycle / PUV Operator,Owned (Inherited/Tax Dec),Widowed,16.3,7,0.4167,1,3,3,23081.19,0.199,0.265,0,0,defaulted,60.4,7,3,2.45,0.5,0,1,defaulted
SYNTH-02459,2,KAPATAGAN,KAWASAKI,CT100B,Backbone/Utility,54000.0,13500.0,0.25,40500.0,24,2697.5,0.1277,21120.25,Employed (Private/Gov),Owned (Inherited/Tax Dec),Single,8.5,9,0.375,8,0,0,0.0,0.0,0.988,0,0,active,35.3,6,3,2.45,0.9255,0,0,completed
SYNTH-02460,1,LALA,HONDA,CLICK 160,Scooter,122900.0,14748.0,0.12,108152.0,36,5367.26,0.1857,28905.98,Public School Teacher,Living with Parents/Relatives,Married,4.6,2,0.1111,0,4,2,10734.52,0.232,0.523,0,0,defaulted,60.6,4,4,4.13,0.563,0,1,defaulted
SYNTH-02461,1,LALA,YAMAHA,MIO FAZZIO,Retro Scooter,93900.0,14085.0,0.15,79815.0,12,8580.57,0.4762,18017.36,Tricycle / PUV Operator,Living with Parents/Relatives,Married,3.7,7,0.6667,0,2,1,8580.57,0.151,0.289,0,0,delinquent,32.8,8,3,3.28,0.5,0,1,defaulted
SYNTH-02462,2,KAPATAGAN,HONDA,CLICK 160,Scooter,122900.0,24580.0,0.2,98320.0,24,6263.07,0.2538,24676.88,Tricycle / PUV Operator,Rented (Apartment/House),Married,6.0,15,0.7083,0,2,2,12526.14,0.335,0.602,1,0,defaulted,23.4,2,5,5.11,0.5415,0,1,defaulted
SYNTH-02463,1,LALA,YAMAHA,MIO SPORTY,Scooter,73900.0,18475.0,0.25,55425.0,36,2848.08,0.1737,16397.05,Tricycle / PUV Operator,Owned (Inherited/Tax Dec),Widowed,19.5,0,0.0556,0,3,2,5696.16,0.304,0.421,0,0,defaulted,33.4,4,5,4.86,0.5,0,1,defaulted
SYNTH-02464,1,LALA,HONDA,BEAT PREMIUM,Scooter,72400.0,10860.0,0.15,61540.0,12,6661.7,0.1962,33952.57,BPO / Call Center Agent,Rented (Apartment/House),Married,5.1,0,0.25,0,3,4,26646.8,0.333,0.466,1,0,defaulted,11.9,8,6,6.4,0.5,0,1,defaulted
SYNTH-02465,1,LALA,KAWASAKI,P24KK (BARAKO II),Backbone/Tricycle,68500.0,17125.0,0.25,51375.0,24,3368.12,0.1189,28336.3,BPO / Call Center Agent,Owned (Inherited/Tax Dec),Married,7.7,7,0.2917,0,0,0,0.0,0.056,0.621,0,0,active,45.9,12,5,4.74,0.7153,0,0,completed
SYNTH-02466,3,TUBOD,HONDA,CLICK 160,Scooter,122900.0,18435.0,0.15,104465.0,36,5191.11,0.1818,28561.02,Employed (Private/Gov),Living with Parents/Relatives,Married,3.1,2,0.0833,0,4,1,5191.11,0.391,0.399,1,1,delinquent,62.9,4,3,3.23,0.5,0,0,defaulted
SYNTH-02467,3,TUBOD,HONDA,ADV160,Adventure Scooter,166900.0,50070.0,0.3,116830.0,24,7404.52,0.3412,21702.26,Tricycle / PUV Operator,Owned (Inherited/Tax Dec),Married,8.4,0,0.125,0,3,4,29618.08,0.383,0.629,0,0,defaulted,22.8,8,2,2.03,0.625,0,1,defaulted
SYNTH-02468,1,LALA,YAMAHA,AEROX 155,Sport Scooter,125400.0,25080.0,0.2,100320.0,24,6386.4,0.1995,32006.57,Employed (Private/Gov),Living with Parents/Relatives,Single,9.2,18,0.7917,1,4,1,6386.4,0.176,0.578,0,0,delinquent,29.2,6,3,2.57,0.5,0,1,defaulted
SYNTH-02469,3,TUBOD,YAMAHA,MIO GEAR 125,Scooter,79400.0,15880.0,0.2,63520.0,12,6869.6,0.181,37947.93,OFW Remittance / Dependent,Living with Parents/Relatives,Married,4.3,7,0.9167,1,2,4,27478.4,0.426,0.488,0,1,defaulted,18.8,6,4,4.03,0.5,0,1,defaulted
SYNTH-02470,1,LALA,HONDA,BEAT PREMIUM,Scooter,72400.0,18100.0,0.25,54300.0,24,3548.5,0.2411,14719.77,Tricycle / PUV Operator,Rented (Apartment/House),Married,3.5,12,0.5833,1,3,2,7097.0,0.287,0.549,1,0,defaulted,62.8,9,5,5.3,0.5915,0,1,defaulted
SYNTH-02471,1,LALA,SUZUKI,BURGMAN STREET 125,Maxi-Scooter,83400.0,20850.0,0.25,62550.0,24,4057.25,0.0921,44067.39,Employed (Private/Gov),Owned (Inherited/Tax Dec),Widowed,4.1,15,0.625,1,2,0,0.0,0.105,0.722,1,0,active,36.9,4,4,3.91,0.729,0,0,completed
SYNTH-02472,1,LALA,HONDA,ADV160,Adventure Scooter,166900.0,25035.0,0.15,141865.0,36,6977.99,0.4142,16846.5,Sari-Sari / Small Retail,Living with Parents/Relatives,Widowed,7.1,4,0.1667,1,1,2,13955.98,0.273,0.302,1,0,defaulted,26.9,12,2,1.58,0.5,0,1,defaulted
SYNTH-02473,3,TUBOD,SUZUKI,RAIDER 150 FI,Sport Underbone,119900.0,14388.0,0.12,105512.0,24,6706.57,0.3233,20745.33,BPO / Call Center Agent,Owned (Clean Title),Widowed,6.4,6,0.4167,0,4,4,26826.28,0.342,0.551,1,0,defaulted,57.6,11,3,2.95,0.6221,0,1,defaulted
SYNTH-02474,3,TUBOD,YAMAHA,NMAX 155,Maxi-Scooter,151900.0,15190.0,0.1,136710.0,36,6731.7,0.2898,23230.65,Public School Teacher,Owned (Inherited/Tax Dec),Married,5.6,0,0.0278,0,3,2,13463.4,0.261,0.595,1,0,defaulted,60.7,3,3,2.31,0.5821,0,1,defaulted
SYNTH-02475,1,LALA,YAMAHA,MIO SPORTY,Scooter,73900.0,14780.0,0.2,59120.0,36,3024.62,0.0818,36995.95,OFW Remittance / Dependent,Rented (Apartment/House),Married,10.6,18,0.5278,1,2,1,3024.62,0.04,0.658,0,0,delinquent,16.4,10,7,6.59,0.6788,0,0,completed
SYNTH-02476,2,KAPATAGAN,KAWASAKI,ROUSER NS125,Sport Backbone,82000.0,24600.0,0.3,57400.0,24,3739.67,0.0842,44405.09,Employed (Private/Gov),Owned (Inherited/Tax Dec),Married,2.4,9,0.4167,3,1,1,3739.67,0.012,0.616,0,0,delinquent,31.5,8,2,2.07,0.6004,0,0,completed
SYNTH-02477,1,LALA,SUZUKI,RAIDER 150 FI,Sport Underbone,119900.0,35970.0,0.3,83930.0,12,9012.65,0.2693,33468.42,BPO / Call Center Agent,Owned (Inherited/Tax Dec),Single,2.0,0,0.1667,0,2,4,36050.6,0.244,0.417,0,0,defaulted,58.4,11,4,3.78,0.5,0,1,defaulted
SYNTH-02478,3,TUBOD,HONDA,TMX125 ALPHA,Backbone/Utility,57900.0,17370.0,0.3,40530.0,12,4455.65,0.0692,64393.34,OFW Remittance / Dependent,Rented (Apartment/House),Widowed,11.3,3,0.25,1,2,0,0.0,0.111,0.663,0,0,active,29.3,5,3,2.82,0.6676,0,0,completed
SYNTH-02479,3,TUBOD,HONDA,WAVE RSX,Underbone,64900.0,6490.0,0.1,58410.0,36,2990.7,0.1126,26553.55,Sari-Sari / Small Retail,Owned (Clean Title),Widowed,8.3,7,0.1944,0,0,0,0.0,0.018,0.731,0,0,active,20.1,7,4,3.62,0.6763,0,0,completed
SYNTH-02480,3,TUBOD,HONDA,CLICK 125I,Scooter,81400.0,24420.0,0.3,56980.0,36,2922.38,0.1254,23301.81,Tricycle / PUV Operator,Rented (Apartment/House),Married,7.9,7,0.2778,0,3,3,8767.14,0.203,0.557,0,0,defaulted,60.7,10,3,3.29,0.5396,0,1,defaulted
SYNTH-02481,3,TUBOD,HONDA,WAVE RSX,Underbone,64900.0,19470.0,0.3,45430.0,24,3001.52,0.1261,23796.49,Tricycle / PUV Operator,Rented (Apartment/House),Married,9.9,5,0.375,0,4,4,12006.08,0.396,0.462,0,0,defaulted,15.9,1,3,3.32,0.5,0,1,defaulted
SYNTH-02482,3,TUBOD,HONDA,WAVE RSX,Underbone,64900.0,19470.0,0.3,45430.0,12,4970.15,0.2,24853.83,BPO / Call Center Agent,Owned (Clean Title),Widowed,5.7,11,0.9167,2,2,0,0.0,0.088,0.812,1,0,active,45.8,8,3,3.64,0.8257,0,0,completed
SYNTH-02483,1,LALA,KAWASAKI,CT100B,Backbone/Utility,54000.0,10800.0,0.2,43200.0,12,4736.0,0.167,28352.47,BPO / Call Center Agent,Rented (Apartment/House),Married,13.6,0,0.3333,1,2,4,18944.0,0.314,0.623,0,0,defaulted,61.2,12,4,4.06,0.7356,0,1,defaulted
SYNTH-02484,2,KAPATAGAN,HONDA,BEAT PREMIUM,Scooter,72400.0,10860.0,0.15,61540.0,24,3994.97,0.2604,15342.22,Sari-Sari / Small Retail,Owned (Clean Title),Married,9.5,0,0.125,1,2,4,15979.88,0.273,0.506,0,0,defaulted,58.9,8,4,4.51,0.5,0,1,defaulted
SYNTH-02485,1,LALA,SUZUKI,BURGMAN STREET 125,Maxi-Scooter,83400.0,12510.0,0.15,70890.0,12,7643.45,0.25,30577.19,Sari-Sari / Small Retail,Owned (Inherited/Tax Dec),Widowed,6.4,3,0.5,0,4,3,22930.35,0.367,0.571,0,0,defaulted,16.3,12,5,5.36,0.6468,0,1,defaulted
SYNTH-02486,2,KAPATAGAN,HONDA,CLICK 160,Scooter,122900.0,30725.0,0.25,92175.0,24,5884.12,0.155,37953.94,Public School Teacher,Owned (Inherited/Tax Dec),Single,13.1,21,0.875,10,0,0,0.0,0.0,0.867,0,0,active,49.1,7,4,3.77,0.8815,0,0,completed
SYNTH-02487,2,KAPATAGAN,YAMAHA,MIO FAZZIO,Retro Scooter,93900.0,14085.0,0.15,79815.0,36,4013.38,0.1999,20073.55,Agri / Farmer / Fisherfolk,Owned (Inherited/Tax Dec),Married,5.2,11,0.4167,0,3,4,16053.52,0.297,0.557,0,1,defaulted,29.1,2,3,3.5,0.5349,0,1,defaulted
SYNTH-02488,3,TUBOD,YAMAHA,MIO GEAR 125,Scooter,79400.0,7940.0,0.1,71460.0,24,4606.7,0.1522,30261.86,BPO / Call Center Agent,Owned (Clean Title),Married,7.3,0,0.0417,0,0,1,4606.7,0.018,0.757,0,0,delinquent,22.9,5,4,4.0,0.7674,0,0,completed
SYNTH-02489,2,KAPATAGAN,YAMAHA,NMAX 155,Maxi-Scooter,151900.0,30380.0,0.2,121520.0,12,12959.6,0.4619,28058.76,Employed (Private/Gov),Living with Parents/Relatives,Single,16.2,1,0.4167,0,3,4,51838.4,0.291,0.292,0,0,defaulted,41.1,12,4,4.66,0.5,0,1,defaulted
SYNTH-02490,1,LALA,YAMAHA,NMAX 155,Maxi-Scooter,151900.0,22785.0,0.15,129115.0,12,13757.07,0.4249,32376.84,Employed (Private/Gov),Owned (Inherited/Tax Dec),Married,22.3,0,0.0833,0,4,3,41271.21,0.398,0.605,0,0,defaulted,52.4,9,3,2.58,0.5953,0,1,defaulted
SYNTH-02491,3,TUBOD,HONDA,PCX160,Maxi-Scooter,134900.0,20235.0,0.15,114665.0,36,5678.44,0.3923,14473.8,Tricycle / PUV Operator,Owned (Clean Title),Single,2.0,6,0.2222,0,2,2,11356.88,0.228,0.495,1,1,defaulted,52.0,12,2,1.83,0.5177,0,1,defaulted
SYNTH-02492,3,TUBOD,YAMAHA,MIO FAZZIO,Retro Scooter,93900.0,14085.0,0.15,79815.0,24,5121.93,0.1825,28069.9,Employed (Private/Gov),Owned (Clean Title),Married,8.0,24,1.0,0,0,0,0.0,0.148,0.633,0,0,active,52.9,8,2,1.38,0.66,0,0,completed
SYNTH-02493,1,LALA,SUZUKI,RAIDER 150 FI,Sport Underbone,119900.0,17985.0,0.15,101915.0,12,10901.07,0.3299,33044.34,Employed (Private/Gov),Owned (Clean Title),Single,7.6,5,0.5,0,1,1,10901.07,0.332,0.41,0,0,delinquent,60.6,11,4,4.02,0.5,0,1,defaulted
SYNTH-02494,1,LALA,KAWASAKI,ROUSER NS125,Sport Backbone,82000.0,24600.0,0.3,57400.0,36,2942.44,0.0997,29515.87,Sari-Sari / Small Retail,Owned (Clean Title),Married,6.5,23,0.6667,0,1,1,2942.44,0.009,0.804,0,0,delinquent,59.4,12,3,2.88,0.9403,0,1,defaulted
SYNTH-02495,3,TUBOD,KAWASAKI,P24KK (BARAKO II),Backbone/Tricycle,68500.0,13700.0,0.2,54800.0,12,5954.0,0.4962,12000.0,Agri / Farmer / Fisherfolk,Rented (Apartment/House),Widowed,2.1,7,0.9167,0,1,4,23816.0,0.214,0.636,1,1,defaulted,23.4,3,4,3.63,0.6844,0,1,defaulted
SYNTH-02496,3,TUBOD,HONDA,WAVE RSX,Underbone,64900.0,19470.0,0.3,45430.0,12,4970.15,0.2484,20008.47,Tricycle / PUV Operator,Owned (Inherited/Tax Dec),Married,5.8,1,0.1667,1,4,1,4970.15,0.298,0.274,1,0,delinquent,10.5,3,4,3.93,0.5,0,1,defaulted
SYNTH-02497,1,LALA,HONDA,WAVE RSX,Underbone,64900.0,6490.0,0.1,58410.0,36,2990.7,0.0566,52884.57,OFW Remittance / Dependent,Living with Parents/Relatives,Married,7.7,17,0.4722,1,0,0,0.0,0.0,0.857,0,0,active,26.6,11,4,4.08,0.9386,0,0,completed
SYNTH-02498,1,LALA,HONDA,WAVE RSX,Underbone,64900.0,16225.0,0.25,48675.0,24,3201.62,0.093,34413.31,BPO / Call Center Agent,Owned (Clean Title),Widowed,2.8,18,0.75,2,1,0,0.0,0.079,0.619,0,0,active,62.3,1,3,3.33,0.5504,0,0,completed
SYNTH-02499,2,KAPATAGAN,YAMAHA,MIO FAZZIO,Retro Scooter,93900.0,28170.0,0.3,65730.0,36,3340.43,0.0851,39251.49,Employed (Private/Gov),Owned (Clean Title),Married,18.1,9,0.25,1,0,0,0.0,0.0,0.854,0,0,active,15.0,11,4,4.19,0.9873,0,0,completed
SYNTH-02500,1,LALA,HONDA,CLICK 160,Scooter,122900.0,24580.0,0.2,98320.0,24,6263.07,0.1594,39293.51,BPO / Call Center Agent,Living with Parents/Relatives,Single,14.8,22,0.9167,0,0,0,0.0,0.08,0.677,0,0,active,25.5,11,4,4.0,0.7667,0,0,completed
SYNTH-02501,1,LALA,SUZUKI,SMASH 115,Underbone,62400.0,18720.0,0.3,43680.0,36,2286.93,0.0608,37630.37,Employed (Private/Gov),Owned (Clean Title),Married,5.3,15,0.4167,11,0,0,0.0,0.0,0.918,0,0,active,59.7,10,4,3.7,0.9399,0,0,completed
SYNTH-02502,1,LALA,HONDA,WAVE RSX,Underbone,64900.0,19470.0,0.3,45430.0,24,3001.52,0.1121,26781.6,Employed (Private/Gov),Owned (Inherited/Tax Dec),Married,4.7,17,0.7083,3,2,0,0.0,0.112,0.844,1,0,active,31.1,5,4,3.42,0.8256,0,0,completed
SYNTH-02503,3,TUBOD,YAMAHA,MIO SPORTY,Scooter,73900.0,18475.0,0.25,55425.0,36,2848.08,0.1092,26093.21,Sari-Sari / Small Retail,Rented (Apartment/House),Single,9.1,21,0.6944,1,1,4,11392.32,0.431,0.324,0,1,defaulted,41.9,1,3,3.02,0.5,0,1,defaulted
SYNTH-02504,2,KAPATAGAN,HONDA,TMX125 ALPHA,Backbone/Utility,57900.0,6948.0,0.12,50952.0,36,2634.37,0.0738,35680.22,Employed (Private/Gov),Owned (Clean Title),Married,8.8,28,0.7778,1,0,0,0.0,0.0,0.995,0,0,active,45.6,9,4,4.08,0.9926,0,0,completed
SYNTH-02505,1,LALA,YAMAHA,MIO FAZZIO,Retro Scooter,93900.0,23475.0,0.25,70425.0,36,3564.75,0.1432,24897.53,Agri / Farmer / Fisherfolk,Living with Parents/Relatives,Single,8.3,0,0.0278,0,3,4,14259.0,0.395,0.471,0,0,defaulted,33.7,12,4,3.74,0.5098,0,1,defaulted
SYNTH-02506,3,TUBOD,YAMAHA,SNIPER 155,Sport Underbone,123900.0,30975.0,0.25,92925.0,36,4639.75,0.1932,24017.95,Employed (Private/Gov),Living with Parents/Relatives,Single,9.3,13,0.4444,0,4,3,13919.25,0.389,0.377,1,0,defaulted,45.7,7,2,1.92,0.5,0,1,defaulted
SYNTH-02507,1,LALA,SUZUKI,BURGMAN STREET 125,Maxi-Scooter,83400.0,10008.0,0.12,73392.0,24,4725.84,0.2305,20499.11,Tricycle / PUV Operator,Living with Parents/Relatives,Single,7.8,20,0.9583,0,3,3,14177.52,0.353,0.607,0,0,defaulted,51.1,10,4,3.86,0.628,0,1,defaulted
SYNTH-02508,3,TUBOD,SUZUKI,SMASH 115,Underbone,62400.0,7488.0,0.12,54912.0,24,3586.24,0.1401,25597.4,Agri / Farmer / Fisherfolk,Living with Parents/Relatives,Single,4.5,17,0.8333,0,1,3,10758.72,0.436,0.639,1,0,defaulted,16.0,10,4,3.37,0.6149,0,1,defaulted
SYNTH-02509,2,KAPATAGAN,YAMAHA,AEROX 155,Sport Scooter,125400.0,15048.0,0.12,110352.0,12,11786.96,0.583,20218.27,Agri / Farmer / Fisherfolk,Rented (Apartment/House),Widowed,5.4,7,0.9167,1,3,4,47147.84,0.35,0.479,0,0,defaulted,26.8,10,3,3.19,0.5,0,1,defaulted
SYNTH-02510,2,KAPATAGAN,HONDA,WAVE RSX,Underbone,64900.0,9735.0,0.15,55165.0,36,2835.66,0.1846,15357.74,Employed (Private/Gov),Owned (Clean Title),Widowed,3.9,31,0.8889,0,4,1,2835.66,0.294,0.576,0,0,delinquent,53.2,9,3,3.29,0.566,0,1,defaulted
SYNTH-02511,2,KAPATAGAN,SUZUKI,BURGMAN STREET 125,Maxi-Scooter,83400.0,16680.0,0.2,66720.0,12,7205.6,0.1913,37656.85,Employed (Private/Gov),Owned (Inherited/Tax Dec),Widowed,4.1,3,0.5833,0,1,4,28822.4,0.232,0.248,0,0,defaulted,14.0,7,4,3.8,0.5,0,1,defaulted
SYNTH-02512,1,LALA,HONDA,WAVE RSX,Underbone,64900.0,12980.0,0.2,51920.0,36,2680.62,0.0384,69757.02,OFW Remittance / Dependent,Owned (Inherited/Tax Dec),Married,11.3,36,1.0,10,0,0,0.0,0.0,0.964,0,0,active,61.8,11,4,3.57,1.1,0,0,completed
SYNTH-02513,2,KAPATAGAN,YAMAHA,SNIPER 155,Sport Underbone,123900.0,24780.0,0.2,99120.0,24,6312.4,0.2418,26102.36,Tricycle / PUV Operator,Owned (Clean Title),Single,15.0,3,0.25,0,4,3,18937.2,0.36,0.35,1,1,defaulted,35.1,8,3,3.15,0.5,0,1,defaulted
SYNTH-02514,1,LALA,HONDA,WAVE RSX,Underbone,64900.0,7788.0,0.12,57112.0,12,6196.76,0.1809,34264.17,Employed (Private/Gov),Owned (Inherited/Tax Dec),Married,8.0,3,0.3333,2,0,1,6196.76,0.067,0.835,0,0,delinquent,29.3,1,3,3.56,0.701,0,0,completed
SYNTH-02515,1,LALA,SUZUKI,RAIDER 150 FI,Sport Underbone,119900.0,23980.0,0.2,95920.0,36,4782.84,0.0644,74277.12,OFW Remittance / Dependent,Living with Parents/Relatives,Widowed,5.0,12,0.3333,2,0,0,0.0,0.0,0.972,0,0,active,35.1,6,3,3.7,0.8261,0,0,completed
SYNTH-02516,1,LALA,YAMAHA,MIO SPORTY,Scooter,73900.0,22170.0,0.3,51730.0,24,3390.02,0.1795,18883.23,Agri / Farmer / Fisherfolk,Owned (Inherited/Tax Dec),Single,13.6,7,0.3333,0,2,1,3390.02,0.316,0.521,1,1,delinquent,64.1,7,5,4.87,0.5,0,1,defaulted
SYNTH-02517,1,LALA,YAMAHA,MIO SPORTY,Scooter,73900.0,8868.0,0.12,65032.0,36,3307.08,0.097,34111.06,Sari-Sari / Small Retail,Owned (Inherited/Tax Dec),Married,9.1,10,0.2778,1,2,0,0.0,0.05,0.68,1,0,active,38.5,3,5,5.66,0.7065,0,1,defaulted
SYNTH-02518,3,TUBOD,KAWASAKI,CT100B,Backbone/Utility,54000.0,8100.0,0.15,45900.0,36,2393.0,0.0333,71916.33,OFW Remittance / Dependent,Owned (Inherited/Tax Dec),Single,8.9,5,0.1389,3,0,0,0.0,0.0,0.967,0,0,active,28.0,1,2,2.25,0.9077,0,0,completed
SYNTH-02519,3,TUBOD,YAMAHA,SNIPER 155,Sport Underbone,123900.0,14868.0,0.12,109032.0,36,5409.31,0.3207,16866.31,Sari-Sari / Small Retail,Owned (Inherited/Tax Dec),Married,4.9,27,0.8333,0,2,3,16227.93,0.449,0.424,1,1,defaulted,37.9,7,2,1.98,0.5,0,0,defaulted
SYNTH-02520,3,TUBOD,HONDA,BEAT PREMIUM,Scooter,72400.0,18100.0,0.25,54300.0,24,3548.5,0.0844,42025.95,Public School Teacher,Owned (Clean Title),Married,10.6,22,0.9167,12,0,0,0.0,0.0,0.937,0,0,active,63.7,9,3,3.49,0.9493,0,0,completed
SYNTH-02521,1,LALA,HONDA,CLICK 125I,Scooter,81400.0,9768.0,0.12,71632.0,36,3622.42,0.1697,21342.97,Employed (Private/Gov),Rented (Apartment/House),Married,8.4,23,0.75,0,4,4,14489.68,0.382,0.52,0,0,defaulted,22.9,8,6,5.98,0.52,0,1,defaulted
SYNTH-02522,2,KAPATAGAN,KAWASAKI,ROUSER NS125,Sport Backbone,82000.0,24600.0,0.3,57400.0,24,3739.67,0.2983,12538.3,Agri / Farmer / Fisherfolk,Living with Parents/Relatives,Married,10.9,8,0.4167,1,2,2,7479.34,0.222,0.623,0,0,defaulted,28.0,3,2,2.03,0.7215,0,0,defaulted
SYNTH-02523,2,KAPATAGAN,KAWASAKI,ROUSER NS125,Sport Backbone,82000.0,9840.0,0.12,72160.0,24,4649.87,0.0998,46604.39,OFW Remittance / Dependent,Owned (Inherited/Tax Dec),Married,7.4,11,0.4583,2,0,0,0.0,0.0,0.972,0,0,active,51.0,2,2,1.41,0.9368,0,0,completed
SYNTH-02524,2,KAPATAGAN,SUZUKI,RAIDER 150 FI,Sport Underbone,119900.0,14388.0,0.12,105512.0,24,6706.57,0.3647,18389.89,Tricycle / PUV Operator,Owned (Inherited/Tax Dec),Single,3.9,7,0.375,0,3,2,13413.14,0.316,0.405,0,0,defaulted,13.3,8,4,4.66,0.5,0,1,defaulted
SYNTH-02525,1,LALA,HONDA,CLICK 125I,Scooter,81400.0,16280.0,0.2,65120.0,24,4215.73,0.0555,75894.53,OFW Remittance / Dependent,Rented (Apartment/House),Widowed,5.3,13,0.5417,0,2,0,0.0,0.017,0.678,0,0,active,35.1,5,4,4.0,0.6838,0,0,completed
SYNTH-02526,2,KAPATAGAN,SUZUKI,RAIDER 150 FI,Sport Underbone,119900.0,23980.0,0.2,95920.0,12,10271.6,0.3197,32126.44,BPO / Call Center Agent,Owned (Clean Title),Married,10.8,4,0.5,0,1,2,20543.2,0.376,0.297,0,0,defaulted,58.5,4,3,2.83,0.5,0,1,defaulted
SYNTH-02527,1,LALA,YAMAHA,MIO GEAR 125,Scooter,79400.0,23820.0,0.3,55580.0,12,6035.9,0.4513,13373.69,Agri / Farmer / Fisherfolk,Owned (Inherited/Tax Dec),Widowed,8.9,8,0.9167,0,4,3,18107.7,0.257,0.42,0,0,defaulted,25.4,5,4,4.38,0.5,0,1,defaulted
SYNTH-02528,1,LALA,HONDA,CLICK 125I,Scooter,81400.0,8140.0,0.1,73260.0,36,3700.2,0.1626,22752.43,Tricycle / PUV Operator,Owned (Clean Title),Single,4.7,16,0.5,0,3,2,7400.4,0.286,0.606,0,0,defaulted,20.8,5,6,5.97,0.6279,0,1,defaulted
SYNTH-02529,2,KAPATAGAN,YAMAHA,AEROX 155,Sport Scooter,125400.0,31350.0,0.25,94050.0,12,10075.25,0.29,34745.64,OFW Remittance / Dependent,Living with Parents/Relatives,Married,8.3,9,0.8333,0,1,1,10075.25,0.173,0.603,0,0,delinquent,61.1,4,3,3.26,0.6415,0,1,defaulted
SYNTH-02530,2,KAPATAGAN,SUZUKI,BURGMAN STREET 125,Maxi-Scooter,83400.0,16680.0,0.2,66720.0,36,3387.73,0.1171,28924.03,BPO / Call Center Agent,Owned (Inherited/Tax Dec),Widowed,7.5,2,0.0556,0,0,0,0.0,0.115,0.849,0,0,active,31.0,5,3,2.28,0.8371,0,0,completed
SYNTH-02531,1,LALA,KAWASAKI,ROUSER NS125,Sport Backbone,82000.0,20500.0,0.25,61500.0,36,3138.33,0.0488,64274.64,OFW Remittance / Dependent,Rented (Apartment/House),Married,4.4,22,0.6389,1,4,1,3138.33,0.422,0.447,0,0,delinquent,60.2,8,2,1.71,0.5,0,1,defaulted
SYNTH-02532,3,TUBOD,YAMAHA,MIO FAZZIO,Retro Scooter,93900.0,23475.0,0.25,70425.0,24,4542.88,0.1802,25206.88,Employed (Private/Gov),Owned (Inherited/Tax Dec),Single,5.8,4,0.2083,3,2,1,4542.88,0.082,0.745,0,0,delinquent,28.6,4,2,2.3,0.7581,0,0,completed
SYNTH-02533,3,TUBOD,HONDA,BEAT PREMIUM,Scooter,72400.0,8688.0,0.12,63712.0,36,3244.02,0.0975,33257.91,BPO / Call Center Agent,Living with Parents/Relatives,Single,4.3,12,0.3889,0,2,2,6488.04,0.29,0.262,1,0,defaulted,18.6,9,5,4.47,0.5,0,1,defaulted
SYNTH-02534,1,LALA,YAMAHA,AEROX 155,Sport Scooter,125400.0,12540.0,0.1,112860.0,12,12050.3,0.3964,30398.92,Employed (Private/Gov),Living with Parents/Relatives,Widowed,2.8,1,0.4167,1,2,4,48201.2,0.351,0.591,0,0,defaulted,15.4,8,4,4.38,0.5972,0,1,defaulted
SYNTH-02535,2,KAPATAGAN,HONDA,CLICK 125I,Scooter,81400.0,16280.0,0.2,65120.0,24,4215.73,0.1066,39536.68,BPO / Call Center Agent,Owned (Clean Title),Married,3.8,12,0.5,3,0,0,0.0,0.049,0.7,0,0,active,56.7,3,4,4.03,0.7389,0,0,completed
SYNTH-02536,1,LALA,SUZUKI,SMASH 115,Underbone,62400.0,7488.0,0.12,54912.0,36,2823.57,0.1242,22741.81,Agri / Farmer / Fisherfolk,Owned (Inherited/Tax Dec),Single,10.6,33,0.9722,0,1,2,5647.14,0.34,0.203,0,0,defaulted,58.6,9,4,4.07,0.5,0,0,defaulted
SYNTH-02537,1,LALA,YAMAHA,SNIPER 155,Sport Underbone,123900.0,18585.0,0.15,105315.0,12,11258.07,0.4905,22950.79,Sari-Sari / Small Retail,Living with Parents/Relatives,Widowed,6.7,10,1.0,0,2,2,22516.14,0.281,0.445,0,0,defaulted,60.5,6,3,2.62,0.5,0,1,defaulted
SYNTH-02538,3,TUBOD,SUZUKI,BURGMAN STREET 125,Maxi-Scooter,83400.0,8340.0,0.1,75060.0,36,3786.2,0.1696,22320.18,Agri / Farmer / Fisherfolk,Rented (Apartment/House),Married,5.2,25,0.7222,0,4,1,3786.2,0.284,0.425,0,0,delinquent,28.1,2,3,3.35,0.5,0,0,defaulted
SYNTH-02539,1,LALA,HONDA,WAVE RSX,Underbone,64900.0,16225.0,0.25,48675.0,36,2525.58,0.0526,47980.8,OFW Remittance / Dependent,Living with Parents/Relatives,Married,4.9,17,0.5,0,0,1,2525.58,0.039,0.674,0,0,delinquent,47.7,6,3,3.05,0.6062,0,0,completed
SYNTH-02540,1,LALA,HONDA,BEAT PREMIUM,Scooter,72400.0,14480.0,0.2,57920.0,12,6281.6,0.144,43620.37,OFW Remittance / Dependent,Owned (Inherited/Tax Dec),Single,15.5,12,1.0,4,0,0,0.0,0.0,0.977,0,0,active,10.5,11,7,7.31,1.1,0,0,completed
SYNTH-02541,1,LALA,YAMAHA,SNIPER 155,Sport Underbone,123900.0,37170.0,0.3,86730.0,24,5548.35,0.3703,14984.59,Agri / Farmer / Fisherfolk,Owned (Clean Title),Married,11.1,7,0.3333,0,3,1,5548.35,0.305,0.562,1,0,delinquent,39.8,6,3,3.09,0.5115,0,1,defaulted
SYNTH-02542,2,KAPATAGAN,SUZUKI,SMASH 115,Underbone,62400.0,15600.0,0.25,46800.0,12,5114.0,0.4262,12000.0,Agri / Farmer / Fisherfolk,Living with Parents/Relatives,Married,6.8,3,0.3333,0,2,1,5114.0,0.285,0.558,1,0,delinquent,45.9,12,4,3.33,0.5678,0,1,defaulted
SYNTH-02543,2,KAPATAGAN,YAMAHA,MIO SPORTY,Scooter,73900.0,14780.0,0.2,59120.0,24,3845.73,0.2109,18231.7,Sari-Sari / Small Retail,Rented (Apartment/House),Married,6.3,10,0.5833,1,4,4,15382.92,0.198,0.608,0,0,defaulted,51.2,9,4,4.58,0.6327,0,1,defaulted
SYNTH-02544,2,KAPATAGAN,HONDA,PCX160,Maxi-Scooter,134900.0,33725.0,0.25,101175.0,24,6439.12,0.142,45333.91,Public School Teacher,Living with Parents/Relatives,Single,8.3,3,0.125,2,0,0,0.0,0.117,0.785,0,0,active,46.2,5,2,1.5,0.7363,0,0,completed
SYNTH-02545,1,LALA,YAMAHA,NMAX 155,Maxi-Scooter,151900.0,37975.0,0.25,113925.0,12,12162.12,0.636,19123.81,Agri / Farmer / Fisherfolk,Rented (Apartment/House),Married,5.1,6,0.8333,0,4,4,48648.48,0.349,0.286,1,0,defaulted,55.0,2,3,3.33,0.5,0,1,defaulted
SYNTH-02546,1,LALA,KAWASAKI,P24KK (BARAKO II),Backbone/Tricycle,68500.0,6850.0,0.1,61650.0,24,4001.75,0.1786,22402.44,Sari-Sari / Small Retail,Owned (Clean Title),Married,9.0,8,0.4167,0,2,2,8003.5,0.274,0.288,0,0,defaulted,11.7,2,6,6.17,0.5,0,1,defaulted
SYNTH-02547,2,KAPATAGAN,SUZUKI,BURGMAN STREET 125,Maxi-Scooter,83400.0,25020.0,0.3,58380.0,12,6329.9,0.2262,27986.26,Sari-Sari / Small Retail,Owned (Clean Title),Single,2.2,5,0.75,0,1,4,25319.6,0.345,0.549,0,0,defaulted,44.6,8,3,2.85,0.5322,0,1,defaulted
SYNTH-02548,3,TUBOD,HONDA,CLICK 125I,Scooter,81400.0,16280.0,0.2,65120.0,36,3311.29,0.0961,34458.0,OFW Remittance / Dependent,Owned (Clean Title),Married,5.9,15,0.4167,9,0,0,0.0,0.0,0.895,0,0,active,52.0,1,3,2.66,0.7911,0,0,completed
SYNTH-02549,2,KAPATAGAN,YAMAHA,AEROX 155,Sport Scooter,125400.0,25080.0,0.2,100320.0,36,4993.07,0.1655,30167.75,Sari-Sari / Small Retail,Rented (Apartment/House),Widowed,7.9,25,0.8056,0,1,4,19972.28,0.333,0.396,1,0,defaulted,50.1,8,3,3.37,0.5,0,1,defaulted
SYNTH-02550,1,LALA,YAMAHA,NMAX 155,Maxi-Scooter,151900.0,37975.0,0.25,113925.0,12,12162.12,0.2892,42058.4,OFW Remittance / Dependent,Owned (Inherited/Tax Dec),Married,7.8,5,0.5833,1,4,2,24324.24,0.448,0.526,0,0,defaulted,38.3,8,3,3.4,0.5588,0,1,defaulted
SYNTH-02551,1,LALA,YAMAHA,MIO GEAR 125,Scooter,79400.0,15880.0,0.2,63520.0,12,6869.6,0.1155,59461.68,OFW Remittance / Dependent,Rented (Apartment/House),Married,13.7,8,0.6667,0,0,0,0.0,0.106,0.782,0,0,active,46.0,10,4,4.11,0.7691,0,0,completed
SYNTH-02552,1,LALA,YAMAHA,AEROX 155,Sport Scooter,125400.0,15048.0,0.12,110352.0,24,7005.04,0.2913,24043.84,Tricycle / PUV Operator,Rented (Apartment/House),Married,3.9,20,1.0,0,1,4,28020.16,0.238,0.508,0,0,defaulted,60.9,9,3,2.73,0.5177,0,1,defaulted
SYNTH-02553,3,TUBOD,SUZUKI,SMASH 115,Underbone,62400.0,15600.0,0.25,46800.0,36,2436.0,0.0908,26837.04,BPO / Call Center Agent,Owned (Clean Title),Single,12.3,22,0.6111,11,0,0,0.0,0.0,0.968,0,0,active,28.6,4,3,2.75,1.0117,0,0,completed
SYNTH-02554,2,KAPATAGAN,SUZUKI,RAIDER 150 FI,Sport Underbone,119900.0,35970.0,0.3,83930.0,36,4209.99,0.1536,27417.51,BPO / Call Center Agent,Rented (Apartment/House),Married,14.0,10,0.3611,0,3,3,12629.97,0.443,0.471,0,1,defaulted,49.8,3,3,3.24,0.5,0,1,defaulted
SYNTH-02555,2,KAPATAGAN,YAMAHA,MIO FAZZIO,Retro Scooter,93900.0,14085.0,0.15,79815.0,36,4013.38,0.234,17151.81,Agri / Farmer / Fisherfolk,Rented (Apartment/House),Widowed,5.1,22,0.7222,0,3,4,16053.52,0.201,0.396,0,0,defaulted,37.4,10,3,2.98,0.5,0,1,defaulted
SYNTH-02556,3,TUBOD,KAWASAKI,CT100B,Backbone/Utility,54000.0,16200.0,0.3,37800.0,24,2531.0,0.0939,26943.93,BPO / Call Center Agent,Owned (Clean Title),Married,7.5,24,1.0,4,0,0,0.0,0.0,0.991,0,0,active,17.2,8,3,3.1,1.0182,0,0,completed
SYNTH-02557,2,KAPATAGAN,YAMAHA,MIO SPORTY,Scooter,73900.0,11085.0,0.15,62815.0,12,6795.57,0.3608,18835.92,Tricycle / PUV Operator,Owned (Clean Title),Married,7.6,2,0.3333,0,4,2,13591.14,0.326,0.346,0,1,defaulted,30.2,11,5,4.51,0.5,0,1,defaulted
SYNTH-02558,3,TUBOD,SUZUKI,RAIDER 150 FI,Sport Underbone,119900.0,35970.0,0.3,83930.0,36,4209.99,0.1633,25780.11,Sari-Sari / Small Retail,Rented (Apartment/House),Married,11.4,15,0.4722,0,1,2,8419.98,0.404,0.351,0,0,defaulted,45.7,1,2,1.2,0.5,0,1,defaulted
SYNTH-02559,2,KAPATAGAN,SUZUKI,RAIDER 150 FI,Sport Underbone,119900.0,14388.0,0.12,105512.0,24,6706.57,0.3123,21474.66,Employed (Private/Gov),Living with Parents/Relatives,Married,3.4,20,1.0,1,3,4,26826.28,0.235,0.297,0,1,defaulted,27.6,4,3,2.87,0.5,0,1,defaulted
SYNTH-02560,2,KAPATAGAN,YAMAHA,MIO FAZZIO,Retro Scooter,93900.0,9390.0,0.1,84510.0,36,4237.7,0.0795,53317.62,OFW Remittance / Dependent,Owned (Clean Title),Married,8.8,31,0.8611,4,0,0,0.0,0.0,0.857,0,0,active,32.3,1,3,3.17,0.7186,0,0,completed
SYNTH-02561,2,KAPATAGAN,HONDA,PCX160,Maxi-Scooter,134900.0,40470.0,0.3,94430.0,12,10115.15,0.1468,68897.58,OFW Remittance / Dependent,Owned (Clean Title),Widowed,7.2,5,0.4167,1,0,0,0.0,0.0,0.94,0,0,active,49.0,6,2,2.3,0.8087,0,0,completed
SYNTH-02562,1,LALA,HONDA,CLICK 160,Scooter,122900.0,14748.0,0.12,108152.0,24,6869.37,0.3189,21542.17,Agri / Farmer / Fisherfolk,Owned (Inherited/Tax Dec),Widowed,11.1,16,0.75,0,4,2,13738.74,0.18,0.607,1,0,defaulted,23.9,5,5,4.94,0.6109,0,1,defaulted
SYNTH-02563,3,TUBOD,YAMAHA,NMAX 155,Maxi-Scooter,151900.0,18228.0,0.12,133672.0,36,6586.55,0.1316,50065.77,OFW Remittance / Dependent,Rented (Apartment/House),Widowed,4.5,12,0.3889,0,4,2,13173.1,0.352,0.257,0,0,defaulted,56.5,2,3,2.92,0.5,0,1,defaulted
SYNTH-02564,2,KAPATAGAN,HONDA,BEAT PREMIUM,Scooter,72400.0,7240.0,0.1,65160.0,36,3313.2,0.1676,19768.29,Agri / Farmer / Fisherfolk,Owned (Clean Title),Married,9.2,2,0.1111,0,1,2,6626.4,0.205,0.435,0,0,defaulted,50.4,9,4,3.37,0.5,0,1,defaulted
SYNTH-02565,1,LALA,YAMAHA,MIO SPORTY,Scooter,73900.0,11085.0,0.15,62815.0,36,3201.16,0.1076,29758.17,Employed (Private/Gov),Rented (Apartment/House),Married,4.6,28,0.8333,0,4,2,6402.32,0.432,0.393,0,0,defaulted,25.8,1,4,4.09,0.5,0,0,defaulted
SYNTH-02566,2,KAPATAGAN,HONDA,PCX160,Maxi-Scooter,134900.0,26980.0,0.2,107920.0,36,5356.18,0.1192,44935.66,OFW Remittance / Dependent,Living with Parents/Relatives,Married,8.6,23,0.6667,2,2,1,5356.18,0.065,0.796,0,0,delinquent,50.3,6,2,1.6,0.7177,0,0,completed
SYNTH-02567,1,LALA,YAMAHA,MIO GEAR 125,Scooter,79400.0,15880.0,0.2,63520.0,12,6869.6,0.3715,18489.51,Tricycle / PUV Operator,Owned (Inherited/Tax Dec),Widowed,4.4,0,0.0833,1,4,4,27478.4,0.379,0.371,1,0,defaulted,10.3,2,6,6.44,0.5,0,1,defaulted
SYNTH-02568,3,TUBOD,SUZUKI,SMASH 115,Underbone,62400.0,7488.0,0.12,54912.0,24,3586.24,0.1944,18451.45,Tricycle / PUV Operator,Owned (Clean Title),Married,4.8,22,1.0,0,1,2,7172.48,0.273,0.266,0,1,defaulted,53.3,5,3,2.93,0.5,0,1,defaulted
SYNTH-02569,2,KAPATAGAN,SUZUKI,BURGMAN STREET 125,Maxi-Scooter,83400.0,10008.0,0.12,73392.0,36,3706.51,0.1871,19806.55,Sari-Sari / Small Retail,Living with Parents/Relatives,Single,7.3,12,0.4444,0,4,4,14826.04,0.211,0.635,1,0,defaulted,39.7,1,3,3.17,0.5833,0,1,defaulted
SYNTH-02570,2,KAPATAGAN,SUZUKI,BURGMAN STREET 125,Maxi-Scooter,83400.0,12510.0,0.15,70890.0,36,3586.97,0.1194,30040.88,Employed (Private/Gov),Owned (Clean Title),Widowed,1.4,7,0.2222,0,1,1,3586.97,0.139,0.7,1,0,delinquent,42.2,8,3,3.28,0.6745,0,1,defaulted
SYNTH-02571,3,TUBOD,HONDA,WAVE RSX,Underbone,64900.0,9735.0,0.15,55165.0,24,3601.84,0.2507,14369.35,Agri / Farmer / Fisherfolk,Living with Parents/Relatives,Widowed,8.5,15,0.7083,0,1,2,7203.68,0.32,0.607,1,0,defaulted,38.5,4,3,2.9,0.6257,0,1,defaulted
SYNTH-02572,2,KAPATAGAN,YAMAHA,MIO SPORTY,Scooter,73900.0,11085.0,0.15,62815.0,36,3201.16,0.2653,12065.46,Tricycle / PUV Operator,Living with Parents/Relatives,Single,9.3,8,0.25,0,2,1,3201.16,0.194,0.231,0,1,delinquent,58.4,9,4,4.03,0.5,0,0,defaulted
SYNTH-02573,3,TUBOD,KAWASAKI,P24KK (BARAKO II),Backbone/Tricycle,68500.0,6850.0,0.1,61650.0,12,6673.25,0.3357,19880.39,Agri / Farmer / Fisherfolk,Rented (Apartment/House),Married,3.7,4,0.5833,0,3,3,20019.75,0.379,0.38,0,0,defaulted,37.8,9,3,3.0,0.5,0,0,defaulted
SYNTH-02574,3,TUBOD,SUZUKI,BURGMAN STREET 125,Maxi-Scooter,83400.0,10008.0,0.12,73392.0,12,7906.16,0.1094,72283.51,OFW Remittance / Dependent,Owned (Inherited/Tax Dec),Single,9.0,11,0.9167,1,0,0,0.0,0.0,0.942,0,0,active,14.7,8,4,3.34,0.9774,0,0,completed
SYNTH-02575,3,TUBOD,YAMAHA,MIO GEAR 125,Scooter,79400.0,19850.0,0.25,59550.0,12,6452.75,0.2764,23344.15,BPO / Call Center Agent,Owned (Clean Title),Married,1.7,7,0.8333,0,1,3,19358.25,0.369,0.431,1,0,defaulted,59.6,3,3,2.87,0.5,0,1,defaulted
SYNTH-02576,3,TUBOD,YAMAHA,MIO FAZZIO,Retro Scooter,93900.0,23475.0,0.25,70425.0,12,7594.62,0.1876,40481.94,BPO / Call Center Agent,Owned (Inherited/Tax Dec),Married,4.6,0,0.25,0,3,4,30378.48,0.351,0.407,0,0,defaulted,18.4,1,3,2.71,0.5,0,0,defaulted
SYNTH-02577,2,KAPATAGAN,SUZUKI,BURGMAN STREET 125,Maxi-Scooter,83400.0,8340.0,0.1,75060.0,36,3786.2,0.0838,45170.27,Employed (Private/Gov),Living with Parents/Relatives,Married,3.1,12,0.3333,3,0,0,0.0,0.108,0.798,1,0,active,21.9,10,4,3.89,0.7719,0,1,defaulted
SYNTH-02578,2,KAPATAGAN,HONDA,WAVE RSX,Underbone,64900.0,7788.0,0.12,57112.0,12,6196.76,0.1267,48892.91,Employed (Private/Gov),Living with Parents/Relatives,Single,9.0,4,0.3333,0,2,0,0.0,0.116,0.761,0,0,active,21.3,12,5,4.83,0.8423,0,0,completed
SYNTH-02579,2,KAPATAGAN,SUZUKI,RAIDER 150 FI,Sport Underbone,119900.0,11990.0,0.1,107910.0,24,6854.45,0.1899,36096.0,Public School Teacher,Owned (Clean Title),Married,4.4,23,0.9583,0,2,0,0.0,0.126,0.824,0,0,active,20.6,6,3,2.86,0.7076,0,1,defaulted
SYNTH-02580,2,KAPATAGAN,SUZUKI,RAIDER 150 FI,Sport Underbone,119900.0,17985.0,0.15,101915.0,36,5069.27,0.0962,52681.57,OFW Remittance / Dependent,Rented (Apartment/House),Married,8.7,28,0.8056,3,2,1,5069.27,0.059,0.81,0,0,delinquent,31.6,12,3,3.16,0.9232,0,0,completed
SYNTH-02581,1,LALA,KAWASAKI,CT100B,Backbone/Utility,54000.0,5400.0,0.1,48600.0,12,5303.0,0.2365,22424.3,Agri / Farmer / Fisherfolk,Living with Parents/Relatives,Married,6.7,2,0.5,0,2,4,21212.0,0.217,0.458,1,0,defaulted,43.4,3,4,3.98,0.5,0,1,defaulted
SYNTH-02582,2,KAPATAGAN,KAWASAKI,CT100B,Backbone/Utility,54000.0,5400.0,0.1,48600.0,36,2522.0,0.15,16817.18,Agri / Farmer / Fisherfolk,Owned (Inherited/Tax Dec),Married,14.7,30,0.9167,0,2,3,7566.0,0.361,0.393,0,0,defaulted,36.4,9,3,3.42,0.5,0,1,defaulted
SYNTH-02583,3,TUBOD,HONDA,PCX160,Maxi-Scooter,134900.0,33725.0,0.25,101175.0,12,10823.38,0.2876,37629.92,OFW Remittance / Dependent,Living with Parents/Relatives,Single,4.8,0,0.1667,1,4,3,32470.14,0.39,0.342,0,0,defaulted,61.5,7,2,2.24,0.5,0,1,defaulted
SYNTH-02584,1,LALA,YAMAHA,MIO SPORTY,Scooter,73900.0,7390.0,0.1,66510.0,24,4301.45,0.1116,38526.83,Employed (Private/Gov),Living with Parents/Relatives,Married,7.8,23,0.9583,2,2,0,0.0,0.116,0.757,0,0,active,52.8,5,5,4.69,0.7849,0,1,defaulted
SYNTH-02585,2,KAPATAGAN,YAMAHA,NMAX 155,Maxi-Scooter,151900.0,22785.0,0.15,129115.0,12,13757.07,0.7667,17942.33,Tricycle / PUV Operator,Living with Parents/Relatives,Single,11.1,0,0.0833,0,4,3,41271.21,0.372,0.337,1,0,defaulted,32.9,4,3,2.69,0.5,0,1,defaulted
SYNTH-02586,2,KAPATAGAN,YAMAHA,MIO SPORTY,Scooter,73900.0,22170.0,0.3,51730.0,24,3390.02,0.1528,22192.68,Sari-Sari / Small Retail,Owned (Clean Title),Single,5.2,4,0.2083,1,1,1,3390.02,0.127,0.755,0,0,delinquent,18.7,8,6,5.89,0.8054,0,0,completed
SYNTH-02587,3,TUBOD,YAMAHA,SNIPER 155,Sport Underbone,123900.0,14868.0,0.12,109032.0,24,6923.64,0.2816,24590.61,BPO / Call Center Agent,Living with Parents/Relatives,Married,4.0,10,0.5,0,1,2,13847.28,0.256,0.301,1,0,defaulted,14.5,12,3,3.52,0.5,0,0,defaulted
SYNTH-02588,3,TUBOD,KAWASAKI,P24KK (BARAKO II),Backbone/Tricycle,68500.0,6850.0,0.1,61650.0,12,6673.25,0.2403,27775.22,BPO / Call Center Agent,Rented (Apartment/House),Single,20.5,9,1.0,0,3,3,20019.75,0.368,0.33,0,0,defaulted,59.7,10,3,3.25,0.5,0,0,defaulted
SYNTH-02589,3,TUBOD,YAMAHA,NMAX 155,Maxi-Scooter,151900.0,18228.0,0.12,133672.0,24,8443.11,0.2003,42144.17,BPO / Call Center Agent,Living with Parents/Relatives,Single,6.3,3,0.2917,1,3,4,33772.44,0.326,0.316,0,0,defaulted,30.6,6,2,1.29,0.5,0,1,defaulted
SYNTH-02590,3,TUBOD,KAWASAKI,P24KK (BARAKO II),Backbone/Tricycle,68500.0,13700.0,0.2,54800.0,36,2818.22,0.0574,49131.95,OFW Remittance / Dependent,Owned (Clean Title),Married,20.6,29,0.8056,5,0,0,0.0,0.0,0.947,0,0,active,15.2,1,4,3.68,0.7784,0,0,completed
SYNTH-02591,2,KAPATAGAN,KAWASAKI,ROUSER NS125,Sport Backbone,82000.0,24600.0,0.3,57400.0,24,3739.67,0.1412,26484.01,Employed (Private/Gov),Owned (Inherited/Tax Dec),Married,4.2,16,0.6667,3,1,0,0.0,0.006,0.708,0,0,active,37.4,2,2,2.13,0.6702,0,0,completed
SYNTH-02592,3,TUBOD,HONDA,WAVE RSX,Underbone,64900.0,19470.0,0.3,45430.0,36,2370.54,0.0346,68565.66,OFW Remittance / Dependent,Owned (Clean Title),Widowed,4.8,4,0.1111,1,0,0,0.0,0.0,0.919,0,0,active,53.6,6,2,2.59,0.7935,0,0,completed
SYNTH-02593,2,KAPATAGAN,YAMAHA,MIO GEAR 125,Scooter,79400.0,19850.0,0.25,59550.0,24,3872.25,0.1006,38474.23,OFW Remittance / Dependent,Owned (Inherited/Tax Dec),Married,16.6,11,0.4583,6,0,0,0.0,0.0,0.995,0,0,active,19.8,3,5,5.1,1.0654,0,0,completed
SYNTH-02594,1,LALA,YAMAHA,NMAX 155,Maxi-Scooter,151900.0,45570.0,0.3,106330.0,24,6757.02,0.2373,28478.2,Sari-Sari / Small Retail,Owned (Inherited/Tax Dec),Married,6.5,12,0.6667,1,4,4,27028.08,0.179,0.635,0,0,defaulted,14.1,6,4,4.32,0.5551,0,1,defaulted
SYNTH-02595,1,LALA,KAWASAKI,ROUSER NS125,Sport Backbone,82000.0,24600.0,0.3,57400.0,24,3739.67,0.2272,16459.83,Agri / Farmer / Fisherfolk,Owned (Clean Title),Single,9.0,1,0.0833,0,2,1,3739.67,0.348,0.261,0,0,delinquent,51.0,8,2,1.94,0.5,0,1,defaulted
SYNTH-02596,3,TUBOD,YAMAHA,MIO SPORTY,Scooter,73900.0,18475.0,0.25,55425.0,24,3617.88,0.2182,16578.02,Agri / Farmer / Fisherfolk,Owned (Inherited/Tax Dec),Single,4.9,13,0.625,1,2,2,7235.76,0.412,0.449,0,0,defaulted,41.0,10,4,4.01,0.5,0,1,defaulted
SYNTH-02597,3,TUBOD,KAWASAKI,P24KK (BARAKO II),Backbone/Tricycle,68500.0,17125.0,0.25,51375.0,12,5594.38,0.3421,16354.57,Agri / Farmer / Fisherfolk,Owned (Clean Title),Widowed,7.9,8,0.75,1,3,1,5594.38,0.374,0.285,0,1,delinquent,23.7,9,4,4.81,0.5,0,1,defaulted
SYNTH-02598,1,LALA,HONDA,PCX160,Maxi-Scooter,134900.0,16188.0,0.12,118712.0,36,5871.8,0.1754,33483.14,Employed (Private/Gov),Owned (Clean Title),Married,6.4,2,0.0833,1,1,1,5871.8,0.087,0.825,1,0,delinquent,62.2,4,3,2.63,0.8635,0,0,completed
SYNTH-02599,3,TUBOD,KAWASAKI,P24KK (BARAKO II),Backbone/Tricycle,68500.0,17125.0,0.25,51375.0,12,5594.38,0.2308,24237.37,Tricycle / PUV Operator,Owned (Inherited/Tax Dec),Widowed,5.7,0,0.0833,0,1,2,11188.76,0.403,0.457,0,0,defaulted,45.2,11,3,3.29,0.5247,0,1,defaulted
SYNTH-02600,1,LALA,SUZUKI,SMASH 115,Underbone,62400.0,12480.0,0.2,49920.0,12,5441.6,0.2524,21559.07,Sari-Sari / Small Retail,Owned (Inherited/Tax Dec),Married,5.6,5,0.75,0,4,4,21766.4,0.441,0.345,0,1,defaulted,64.3,3,4,4.64,0.5,0,0,defaulted
SYNTH-02601,3,TUBOD,HONDA,CLICK 125I,Scooter,81400.0,8140.0,0.1,73260.0,24,4717.7,0.2,23584.56,Sari-Sari / Small Retail,Owned (Inherited/Tax Dec),Married,2.9,2,0.25,0,2,4,18870.8,0.365,0.225,0,0,defaulted,40.6,7,3,3.46,0.5,0,1,defaulted
SYNTH-02602,2,KAPATAGAN,KAWASAKI,CT100B,Backbone/Utility,54000.0,13500.0,0.25,40500.0,24,2697.5,0.1232,21887.02,Agri / Farmer / Fisherfolk,Owned (Clean Title),Married,2.3,3,0.2917,1,2,4,10790.0,0.357,0.265,0,0,defaulted,55.0,10,3,2.9,0.5,0,1,defaulted
SYNTH-02603,3,TUBOD,YAMAHA,MIO SPORTY,Scooter,73900.0,11085.0,0.15,62815.0,24,4073.59,0.136,29948.38,Sari-Sari / Small Retail,Owned (Clean Title),Widowed,14.5,8,0.375,1,1,1,4073.59,0.104,0.699,0,0,delinquent,63.3,5,4,4.6,0.7012,0,0,completed
SYNTH-02604,2,KAPATAGAN,YAMAHA,MIO FAZZIO,Retro Scooter,93900.0,14085.0,0.15,79815.0,12,8580.57,0.4893,17535.97,Agri / Farmer / Fisherfolk,Owned (Inherited/Tax Dec),Married,9.1,3,0.5,0,4,3,25741.71,0.304,0.444,0,1,defaulted,59.5,3,3,2.78,0.5,0,1,defaulted
SYNTH-02605,3,TUBOD,YAMAHA,MIO FAZZIO,Retro Scooter,93900.0,23475.0,0.25,70425.0,12,7594.62,0.3611,21029.22,Agri / Farmer / Fisherfolk,Owned (Clean Title),Widowed,9.7,6,0.5833,0,4,1,7594.62,0.22,0.361,0,1,delinquent,30.1,3,2,1.39,0.5,0,0,defaulted
SYNTH-02606,1,LALA,SUZUKI,BURGMAN STREET 125,Maxi-Scooter,83400.0,25020.0,0.3,58380.0,36,2989.27,0.2491,12000.0,Agri / Farmer / Fisherfolk,Owned (Inherited/Tax Dec),Married,17.5,5,0.25,0,4,4,11957.08,0.418,0.243,1,0,defaulted,23.0,4,5,5.46,0.5,0,1,defaulted
SYNTH-02607,1,LALA,YAMAHA,SNIPER 155,Sport Underbone,123900.0,37170.0,0.3,86730.0,36,4343.77,0.2291,18956.43,Tricycle / PUV Operator,Living with Parents/Relatives,Single,6.9,1,0.1389,0,4,4,17375.08,0.363,0.283,0,0,defaulted,14.4,6,3,2.58,0.5,0,0,defaulted
SYNTH-02608,2,KAPATAGAN,SUZUKI,RAIDER 150 FI,Sport Underbone,119900.0,17985.0,0.15,101915.0,36,5069.27,0.1229,41233.87,Public School Teacher,Owned (Clean Title),Married,14.5,25,0.6944,11,0,0,0.0,0.0,0.977,0,0,active,60.4,6,3,3.03,0.8839,0,0,completed
SYNTH-02609,3,TUBOD,YAMAHA,AEROX 155,Sport Scooter,125400.0,25080.0,0.2,100320.0,36,4993.07,0.3677,13577.47,Tricycle / PUV Operator,Rented (Apartment/House),Married,6.4,32,0.9167,0,1,1,4993.07,0.368,0.319,0,0,delinquent,25.1,3,3,3.19,0.5,0,0,defaulted
SYNTH-02610,2,KAPATAGAN,YAMAHA,SNIPER 155,Sport Underbone,123900.0,30975.0,0.25,92925.0,24,5930.38,0.4273,13879.48,Tricycle / PUV Operator,Rented (Apartment/House),Married,1.8,7,0.375,0,4,2,11860.76,0.286,0.275,1,1,defaulted,55.1,5,3,3.37,0.5,0,1,defaulted
SYNTH-02611,2,KAPATAGAN,YAMAHA,MIO GEAR 125,Scooter,79400.0,7940.0,0.1,71460.0,12,7703.3,0.285,27025.59,Public School Teacher,Living with Parents/Relatives,Married,7.1,1,0.4167,0,1,4,30813.2,0.246,0.559,0,0,defaulted,28.8,6,3,3.14,0.5,0,1,defaulted
SYNTH-02612,1,LALA,HONDA,CLICK 160,Scooter,122900.0,12290.0,0.1,110610.0,24,7020.95,0.1404,50023.06,Public School Teacher,Living with Parents/Relatives,Single,9.6,19,0.7917,2,2,0,0.0,0.073,0.84,0,0,active,14.0,11,6,6.52,0.9054,0,0,completed
SYNTH-02613,1,LALA,KAWASAKI,P24KK (BARAKO II),Backbone/Tricycle,68500.0,6850.0,0.1,61650.0,12,6673.25,0.1401,47648.5,Public School Teacher,Living with Parents/Relatives,Married,5.3,11,0.9167,2,0,0,0.0,0.008,0.823,0,0,active,21.0,9,6,6.02,0.7937,0,0,completed
SYNTH-02614,2,KAPATAGAN,YAMAHA,NMAX 155,Maxi-Scooter,151900.0,45570.0,0.3,106330.0,36,5280.21,0.1763,29954.61,BPO / Call Center Agent,Owned (Inherited/Tax Dec),Married,11.3,4,0.1111,2,0,0,0.0,0.063,0.616,0,0,active,27.9,7,3,3.14,0.5913,0,1,defaulted
SYNTH-02615,1,LALA,SUZUKI,RAIDER 150 FI,Sport Underbone,119900.0,17985.0,0.15,101915.0,12,10901.07,0.4372,24935.51,Sari-Sari / Small Retail,Owned (Clean Title),Widowed,4.7,0,0.25,0,1,3,32703.21,0.442,0.572,1,0,defaulted,41.7,5,3,3.05,0.576,0,1,defaulted
SYNTH-02616,3,TUBOD,YAMAHA,NMAX 155,Maxi-Scooter,151900.0,30380.0,0.2,121520.0,36,6005.96,0.361,16638.36,OFW Remittance / Dependent,Owned (Clean Title),Married,8.9,0,0.0556,1,2,3,18017.88,0.167,0.282,0,0,defaulted,55.0,5,3,2.63,0.5,0,0,defaulted
SYNTH-02617,1,LALA,YAMAHA,MIO SPORTY,Scooter,73900.0,7390.0,0.1,66510.0,24,4301.45,0.1538,27966.13,Sari-Sari / Small Retail,Owned (Inherited/Tax Dec),Single,4.1,18,0.875,0,4,3,12904.35,0.163,0.312,1,1,defaulted,13.6,10,7,6.8,0.5,0,1,defaulted
SYNTH-02618,1,LALA,HONDA,BEAT PREMIUM,Scooter,72400.0,8688.0,0.12,63712.0,12,6889.76,0.2664,25858.17,Employed (Private/Gov),Rented (Apartment/House),Widowed,14.5,4,0.6667,0,3,4,27559.04,0.286,0.313,1,0,defaulted,38.9,4,5,5.11,0.5,0,1,defaulted
SYNTH-02619,1,LALA,HONDA,BEAT PREMIUM,Scooter,72400.0,8688.0,0.12,63712.0,36,3244.02,0.0908,35707.66,BPO / Call Center Agent,Living with Parents/Relatives,Married,5.4,26,0.75,3,1,1,3244.02,0.067,0.62,0,0,delinquent,61.1,7,5,5.55,0.6719,0,1,defaulted
SYNTH-02620,1,LALA,YAMAHA,NMAX 155,Maxi-Scooter,151900.0,18228.0,0.12,133672.0,24,8443.11,0.2225,37951.93,OFW Remittance / Dependent,Living with Parents/Relatives,Single,3.4,6,0.375,0,3,3,25329.33,0.371,0.361,1,0,defaulted,55.1,1,3,3.24,0.5,0,0,defaulted
SYNTH-02621,3,TUBOD,KAWASAKI,P24KK (BARAKO II),Backbone/Tricycle,68500.0,20550.0,0.3,47950.0,12,5234.75,0.179,29240.84,BPO / Call Center Agent,Rented (Apartment/House),Single,10.4,5,0.5,0,1,1,5234.75,0.364,0.297,0,0,delinquent,36.2,11,3,3.05,0.5,0,1,defaulted
SYNTH-02622,2,KAPATAGAN,SUZUKI,SMASH 115,Underbone,62400.0,9360.0,0.15,53040.0,24,3470.8,0.0985,35244.68,BPO / Call Center Agent,Owned (Clean Title),Widowed,10.1,15,0.625,2,0,0,0.0,0.0,0.881,0,0,active,12.4,2,5,5.33,0.8207,0,0,completed
SYNTH-02623,1,LALA,HONDA,PCX160,Maxi-Scooter,134900.0,40470.0,0.3,94430.0,24,6023.18,0.3023,19923.06,Tricycle / PUV Operator,Owned (Clean Title),Widowed,1.0,18,0.8333,0,2,2,12046.36,0.303,0.278,0,0,defaulted,42.3,4,3,3.17,0.5,0,1,defaulted
SYNTH-02624,3,TUBOD,KAWASAKI,P24KK (BARAKO II),Backbone/Tricycle,68500.0,20550.0,0.3,47950.0,24,3156.92,0.1002,31498.18,Employed (Private/Gov),Living with Parents/Relatives,Married,11.3,18,0.7917,2,0,1,3156.92,0.014,0.832,0,0,delinquent,42.3,8,3,2.68,0.8304,0,0,completed
SYNTH-02625,3,TUBOD,KAWASAKI,ROUSER NS125,Sport Backbone,82000.0,9840.0,0.12,72160.0,36,3647.64,0.1442,25290.94,Public School Teacher,Owned (Inherited/Tax Dec),Single,4.0,3,0.0833,1,1,0,0.0,0.145,0.601,0,0,active,16.0,12,3,2.96,0.6958,0,0,completed
SYNTH-02626,3,TUBOD,YAMAHA,MIO SPORTY,Scooter,73900.0,8868.0,0.12,65032.0,24,4210.31,0.2489,16914.7,Tricycle / PUV Operator,Living with Parents/Relatives,Single,4.0,23,1.0,0,3,1,4210.31,0.342,0.202,0,0,delinquent,30.0,12,4,4.29,0.5,0,1,defaulted
SYNTH-02627,2,KAPATAGAN,SUZUKI,SMASH 115,Underbone,62400.0,15600.0,0.25,46800.0,12,5114.0,0.1528,33465.18,Sari-Sari / Small Retail,Owned (Clean Title),Married,6.5,3,0.3333,1,1,1,5114.0,0.056,0.675,0,0,delinquent,19.1,4,5,5.21,0.7191,0,0,completed
SYNTH-02628,2,KAPATAGAN,HONDA,WAVE RSX,Underbone,64900.0,19470.0,0.3,45430.0,24,3001.52,0.2326,12902.03,Agri / Farmer / Fisherfolk,Owned (Inherited/Tax Dec),Single,2.1,10,0.5,1,3,2,6003.04,0.446,0.368,0,0,defaulted,56.9,9,3,3.26,0.5,0,1,defaulted
SYNTH-02629,2,KAPATAGAN,HONDA,ADV160,Adventure Scooter,166900.0,33380.0,0.2,133520.0,24,8433.73,0.2931,28771.29,BPO / Call Center Agent,Living with Parents/Relatives,Married,13.4,1,0.0833,1,2,1,8433.73,0.354,0.376,0,1,delinquent,26.3,5,2,2.18,0.5,0,0,defaulted
SYNTH-02630,2,KAPATAGAN,HONDA,CLICK 160,Scooter,122900.0,30725.0,0.25,92175.0,36,4603.92,0.2407,19125.7,Employed (Private/Gov),Owned (Inherited/Tax Dec),Married,6.5,10,0.3056,1,0,1,4603.92,0.038,0.829,1,0,delinquent,32.1,9,4,4.1,0.8406,0,0,completed
SYNTH-02631,2,KAPATAGAN,YAMAHA,MIO FAZZIO,Retro Scooter,93900.0,18780.0,0.2,75120.0,24,4832.4,0.1378,35056.21,Sari-Sari / Small Retail,Owned (Clean Title),Widowed,5.2,12,0.5,0,1,0,0.0,0.074,0.622,0,0,active,61.2,12,3,2.9,0.7624,0,0,completed
SYNTH-02632,3,TUBOD,KAWASAKI,P24KK (BARAKO II),Backbone/Tricycle,68500.0,20550.0,0.3,47950.0,36,2490.94,0.0659,37809.02,Employed (Private/Gov),Owned (Clean Title),Single,17.8,24,0.6667,10,0,0,0.0,0.0,0.86,0,0,active,37.8,7,3,2.98,0.869,1,0,early_settled
SYNTH-02633,3,TUBOD,SUZUKI,SMASH 115,Underbone,62400.0,7488.0,0.12,54912.0,24,3586.24,0.0955,37556.93,Public School Teacher,Owned (Inherited/Tax Dec),Single,9.2,13,0.5417,5,0,0,0.0,0.0,0.891,0,0,active,57.8,1,3,2.99,0.7218,0,0,completed
SYNTH-02634,3,TUBOD,KAWASAKI,CT100B,Backbone/Utility,54000.0,16200.0,0.3,37800.0,24,2531.0,0.1652,15318.15,Tricycle / PUV Operator,Living with Parents/Relatives,Single,7.2,20,0.9583,1,3,3,7593.0,0.156,0.394,0,0,defaulted,45.5,4,3,2.71,0.5,0,1,defaulted
SYNTH-02635,2,KAPATAGAN,YAMAHA,AEROX 155,Sport Scooter,125400.0,12540.0,0.1,112860.0,36,5592.2,0.1632,34267.81,Employed (Private/Gov),Rented (Apartment/House),Widowed,10.8,16,0.4722,0,2,1,5592.2,0.288,0.407,0,0,delinquent,54.6,3,3,3.19,0.5,0,1,defaulted
SYNTH-02636,3,TUBOD,HONDA,TMX125 ALPHA,Backbone/Utility,57900.0,6948.0,0.12,50952.0,24,3342.04,0.0982,34036.32,BPO / Call Center Agent,Owned (Clean Title),Married,4.4,21,0.875,3,2,0,0.0,0.105,0.77,0,0,active,63.1,1,3,3.74,0.6717,0,0,completed
SYNTH-02637,3,TUBOD,HONDA,ADV160,Adventure Scooter,166900.0,41725.0,0.25,125175.0,36,6180.58,0.2373,26041.02,Employed (Private/Gov),Owned (Inherited/Tax Dec),Widowed,2.9,4,0.1389,1,3,1,6180.58,0.435,0.445,0,1,delinquent,30.2,1,1,1.01,0.5,0,1,defaulted
SYNTH-02638,1,LALA,HONDA,BEAT PREMIUM,Scooter,72400.0,10860.0,0.15,61540.0,24,3994.97,0.1237,32291.53,BPO / Call Center Agent,Rented (Apartment/House),Married,4.1,18,0.9167,1,4,4,15979.88,0.157,0.404,0,0,defaulted,34.5,2,5,4.84,0.5,0,1,defaulted
SYNTH-02639,2,KAPATAGAN,SUZUKI,BURGMAN STREET 125,Maxi-Scooter,83400.0,8340.0,0.1,75060.0,24,4828.7,0.1513,31923.04,BPO / Call Center Agent,Owned (Inherited/Tax Dec),Widowed,1.7,0,0.1667,1,3,4,19314.8,0.288,0.282,0,0,defaulted,42.3,7,3,3.45,0.5,0,1,defaulted
SYNTH-02640,2,KAPATAGAN,YAMAHA,NMAX 155,Maxi-Scooter,151900.0,22785.0,0.15,129115.0,12,13757.07,0.4241,32437.25,Employed (Private/Gov),Rented (Apartment/House),Widowed,4.5,9,0.8333,0,4,1,13757.07,0.271,0.438,0,0,delinquent,11.6,6,4,4.35,0.5,0,1,defaulted
SYNTH-02641,1,LALA,HONDA,WAVE RSX,Underbone,64900.0,19470.0,0.3,45430.0,36,2370.54,0.0418,56772.19,OFW Remittance / Dependent,Rented (Apartment/House),Married,2.1,30,0.8333,2,2,0,0.0,0.074,0.763,0,0,active,53.0,6,3,2.04,0.6744,0,1,defaulted
SYNTH-02642,1,LALA,YAMAHA,NMAX 155,Maxi-Scooter,151900.0,18228.0,0.12,133672.0,24,8443.11,0.2612,32329.29,BPO / Call Center Agent,Living with Parents/Relatives,Widowed,5.9,10,0.5,1,1,2,16886.22,0.443,0.219,0,0,defaulted,64.6,9,3,2.41,0.5,0,1,defaulted
SYNTH-02643,2,KAPATAGAN,KAWASAKI,ROUSER NS125,Sport Backbone,82000.0,20500.0,0.25,61500.0,24,3992.5,0.1114,35850.64,BPO / Call Center Agent,Rented (Apartment/House),Married,4.1,17,0.8333,1,3,3,11977.5,0.167,0.414,1,1,defaulted,49.5,10,2,1.58,0.5,0,1,defaulted
SYNTH-02644,3,TUBOD,YAMAHA,SNIPER 155,Sport Underbone,123900.0,12390.0,0.1,111510.0,24,7076.45,0.4507,15699.61,Agri / Farmer / Fisherfolk,Owned (Clean Title),Married,8.6,2,0.125,1,2,1,7076.45,0.383,0.421,0,0,delinquent,50.6,10,2,1.94,0.5,0,1,defaulted
SYNTH-02645,1,LALA,HONDA,BEAT PREMIUM,Scooter,72400.0,18100.0,0.25,54300.0,24,3548.5,0.1133,31320.87,BPO / Call Center Agent,Rented (Apartment/House),Single,5.1,12,0.5833,1,2,2,7097.0,0.428,0.326,0,0,defaulted,63.0,2,5,5.06,0.5,0,1,defaulted
SYNTH-02646,1,LALA,SUZUKI,SMASH 115,Underbone,62400.0,12480.0,0.2,49920.0,24,3278.4,0.1097,29891.0,BPO / Call Center Agent,Owned (Inherited/Tax Dec),Single,27.3,17,0.7083,3,0,0,0.0,0.0,0.995,0,0,active,53.1,9,4,3.75,0.975,0,0,completed
SYNTH-02647,3,TUBOD,YAMAHA,SNIPER 155,Sport Underbone,123900.0,18585.0,0.15,105315.0,24,6694.43,0.1771,37794.51,OFW Remittance / Dependent,Owned (Inherited/Tax Dec),Married,7.8,6,0.25,3,2,0,0.0,0.133,0.664,1,0,active,28.0,9,2,1.3,0.6417,1,0,completed
SYNTH-02648,2,KAPATAGAN,KAWASAKI,CT100B,Backbone/Utility,54000.0,6480.0,0.12,47520.0,12,5189.6,0.1374,37767.9,BPO / Call Center Agent,Owned (Clean Title),Single,5.9,6,0.5833,1,1,1,5189.6,0.049,0.824,0,0,delinquent,30.9,3,3,3.24,0.8462,0,0,completed
SYNTH-02649,1,LALA,HONDA,BEAT PREMIUM,Scooter,72400.0,14480.0,0.2,57920.0,24,3771.73,0.1357,27798.69,Sari-Sari / Small Retail,Owned (Inherited/Tax Dec),Single,5.1,17,0.7083,3,1,0,0.0,0.042,0.727,0,0,active,26.7,12,5,4.82,0.8757,0,0,completed
SYNTH-02650,2,KAPATAGAN,YAMAHA,MIO GEAR 125,Scooter,79400.0,15880.0,0.2,63520.0,24,4117.07,0.2541,16201.96,Agri / Farmer / Fisherfolk,Owned (Clean Title),Married,12.6,19,0.9583,1,4,4,16468.28,0.302,0.606,0,0,defaulted,13.7,4,5,4.85,0.6451,0,1,defaulted
SYNTH-02651,1,LALA,HONDA,BEAT PREMIUM,Scooter,72400.0,10860.0,0.15,61540.0,24,3994.97,0.238,16784.97,Tricycle / PUV Operator,Living with Parents/Relatives,Married,6.3,6,0.2917,0,2,1,3994.97,0.23,0.306,1,0,delinquent,64.7,10,5,4.73,0.5,0,1,defaulted
SYNTH-02652,1,LALA,YAMAHA,AEROX 155,Sport Scooter,125400.0,37620.0,0.3,87780.0,24,5613.1,0.1724,32565.45,Public School Teacher,Owned (Clean Title),Married,10.6,7,0.2917,4,0,0,0.0,0.0,0.981,0,0,active,28.7,6,3,2.79,0.876,0,0,completed
SYNTH-02653,2,KAPATAGAN,YAMAHA,MIO GEAR 125,Scooter,79400.0,19850.0,0.25,59550.0,12,6452.75,0.2723,23693.02,BPO / Call Center Agent,Owned (Inherited/Tax Dec),Married,2.0,0,0.1667,0,4,4,25811.0,0.36,0.307,0,0,defaulted,29.1,6,3,3.77,0.5,0,1,defaulted
SYNTH-02654,1,LALA,YAMAHA,MIO FAZZIO,Retro Scooter,93900.0,23475.0,0.25,70425.0,36,3564.75,0.229,15567.35,Sari-Sari / Small Retail,Living with Parents/Relatives,Married,3.1,17,0.5,0,1,1,3564.75,0.22,0.525,0,1,delinquent,63.6,8,3,2.8,0.5482,0,1,defaulted
SYNTH-02655,3,TUBOD,SUZUKI,BURGMAN STREET 125,Maxi-Scooter,83400.0,20850.0,0.25,62550.0,24,4057.25,0.0968,41925.2,BPO / Call Center Agent,Living with Parents/Relatives,Married,7.2,5,0.2083,0,0,0,0.0,0.061,0.707,0,0,active,49.6,9,3,3.17,0.6705,0,0,completed
SYNTH-02656,3,TUBOD,YAMAHA,NMAX 155,Maxi-Scooter,151900.0,45570.0,0.3,106330.0,36,5280.21,0.2439,21646.63,Sari-Sari / Small Retail,Owned (Clean Title),Married,4.5,13,0.4444,0,4,3,15840.63,0.242,0.481,1,0,defaulted,31.2,11,3,3.28,0.5,0,1,defaulted
SYNTH-02657,1,LALA,HONDA,ADV160,Adventure Scooter,166900.0,20028.0,0.12,146872.0,12,15621.56,0.8296,18830.07,Employed (Private/Gov),Living with Parents/Relatives,Widowed,13.0,1,0.4167,0,3,4,62486.24,0.243,0.266,1,1,defaulted,22.2,7,3,3.12,0.5,0,0,defaulted
SYNTH-02658,2,KAPATAGAN,HONDA,TMX125 ALPHA,Backbone/Utility,57900.0,8685.0,0.15,49215.0,36,2551.38,0.1654,15425.33,BPO / Call Center Agent,Owned (Inherited/Tax Dec),Married,15.9,21,0.5833,2,1,0,0.0,0.051,0.837,1,0,active,26.5,2,4,4.35,0.8383,0,1,defaulted
SYNTH-02659,1,LALA,YAMAHA,MIO SPORTY,Scooter,73900.0,22170.0,0.3,51730.0,24,3390.02,0.1513,22404.21,Tricycle / PUV Operator,Living with Parents/Relatives,Widowed,14.1,3,0.25,0,2,3,10170.06,0.16,0.545,1,0,defaulted,55.5,8,5,5.24,0.5245,0,1,defaulted
SYNTH-02660,1,LALA,KAWASAKI,ROUSER NS125,Sport Backbone,82000.0,8200.0,0.1,73800.0,24,4751.0,0.1035,45890.97,Public School Teacher,Living with Parents/Relatives,Widowed,4.1,19,0.8333,2,1,1,4751.0,0.044,0.612,0,0,delinquent,42.3,1,2,2.39,0.5351,0,0,completed
SYNTH-02661,2,KAPATAGAN,HONDA,CLICK 160,Scooter,122900.0,30725.0,0.25,92175.0,12,9878.38,0.7673,12873.68,Agri / Farmer / Fisherfolk,Owned (Inherited/Tax Dec),Single,5.5,4,0.5,0,4,2,19756.76,0.402,0.236,1,1,defaulted,55.6,12,4,3.59,0.5,0,1,defaulted
SYNTH-02662,1,LALA,HONDA,TMX125 ALPHA,Backbone/Utility,57900.0,5790.0,0.1,52110.0,12,5671.55,0.2398,23647.31,Employed (Private/Gov),Owned (Inherited/Tax Dec),Married,11.3,8,0.6667,2,1,0,0.0,0.089,0.682,0,0,active,17.6,10,6,6.02,0.6643,0,1,defaulted
SYNTH-02663,2,KAPATAGAN,YAMAHA,NMAX 155,Maxi-Scooter,151900.0,18228.0,0.12,133672.0,12,14235.56,0.274,51962.4,OFW Remittance / Dependent,Owned (Clean Title),Married,4.8,0,0.3333,1,2,4,56942.24,0.343,0.526,0,0,defaulted,19.8,9,4,3.77,0.5086,0,1,defaulted
SYNTH-02664,2,KAPATAGAN,HONDA,PCX160,Maxi-Scooter,134900.0,26980.0,0.2,107920.0,24,6855.07,0.1046,65562.42,OFW Remittance / Dependent,Rented (Apartment/House),Married,5.8,20,0.875,0,2,1,6855.07,0.056,0.666,0,0,delinquent,56.9,10,2,1.9,0.6342,0,0,completed
SYNTH-02665,1,LALA,YAMAHA,MIO SPORTY,Scooter,73900.0,18475.0,0.25,55425.0,12,6019.62,0.1257,47880.83,Public School Teacher,Living with Parents/Relatives,Married,9.0,1,0.1667,0,2,1,6019.62,0.103,0.781,0,0,delinquent,44.1,10,5,5.54,0.8309,0,0,completed
SYNTH-02666,2,KAPATAGAN,SUZUKI,RAIDER 150 FI,Sport Underbone,119900.0,11990.0,0.1,107910.0,12,11530.55,0.289,39904.77,Employed (Private/Gov),Living with Parents/Relatives,Single,11.4,0,0.3333,1,3,4,46122.2,0.253,0.598,0,0,defaulted,16.9,5,4,3.42,0.5889,0,1,defaulted
SYNTH-02667,1,LALA,YAMAHA,NMAX 155,Maxi-Scooter,151900.0,18228.0,0.12,133672.0,36,6586.55,0.093,70799.13,OFW Remittance / Dependent,Owned (Inherited/Tax Dec),Single,5.6,2,0.0556,1,0,0,0.0,0.0,0.896,0,0,active,21.5,8,5,5.52,0.9347,0,0,completed
SYNTH-02668,2,KAPATAGAN,HONDA,CLICK 160,Scooter,122900.0,24580.0,0.2,98320.0,36,4897.51,0.1812,27029.6,Public School Teacher,Owned (Clean Title),Married,11.1,32,0.9167,3,1,1,4897.51,0.14,0.773,0,0,delinquent,16.5,3,5,4.94,0.8666,0,0,completed
SYNTH-02669,2,KAPATAGAN,HONDA,TMX125 ALPHA,Backbone/Utility,57900.0,11580.0,0.2,46320.0,36,2413.07,0.1487,16231.11,Agri / Farmer / Fisherfolk,Owned (Clean Title),Married,7.0,17,0.5833,1,1,4,9652.28,0.374,0.459,1,0,defaulted,63.4,2,4,3.57,0.5,0,1,defaulted
SYNTH-02670,2,KAPATAGAN,HONDA,WAVE RSX,Underbone,64900.0,6490.0,0.1,58410.0,24,3801.95,0.2646,14367.66,Agri / Farmer / Fisherfolk,Owned (Inherited/Tax Dec),Single,7.4,3,0.1667,0,2,1,3801.95,0.364,0.302,0,0,delinquent,50.3,6,3,2.98,0.5,0,1,defaulted
SYNTH-02671,2,KAPATAGAN,SUZUKI,SMASH 115,Underbone,62400.0,15600.0,0.25,46800.0,12,5114.0,0.305,16764.71,Agri / Farmer / Fisherfolk,Owned (Inherited/Tax Dec),Married,6.9,3,0.4167,1,1,2,10228.0,0.223,0.314,1,0,defaulted,15.5,5,5,4.98,0.5,0,1,defaulted
SYNTH-02672,2,KAPATAGAN,HONDA,TMX125 ALPHA,Backbone/Utility,57900.0,6948.0,0.12,50952.0,24,3342.04,0.112,29850.58,BPO / Call Center Agent,Rented (Apartment/House),Single,9.8,0,0.0417,0,3,2,6684.08,0.233,0.327,0,0,defaulted,53.9,3,4,3.99,0.5,0,0,defaulted
SYNTH-02673,1,LALA,SUZUKI,SMASH 115,Underbone,62400.0,12480.0,0.2,49920.0,36,2585.07,0.084,30768.84,BPO / Call Center Agent,Rented (Apartment/House),Single,8.0,23,0.6944,0,3,2,5170.14,0.422,0.514,0,0,defaulted,58.7,11,4,3.96,0.638,0,1,defaulted
SYNTH-02674,3,TUBOD,SUZUKI,BURGMAN STREET 125,Maxi-Scooter,83400.0,16680.0,0.2,66720.0,36,3387.73,0.1375,24630.77,Agri / Farmer / Fisherfolk,Rented (Apartment/House),Widowed,7.0,16,0.5556,0,4,4,13550.92,0.206,0.475,0,1,defaulted,46.1,6,2,2.77,0.5,0,1,defaulted
SYNTH-02675,1,LALA,KAWASAKI,ROUSER NS125,Sport Backbone,82000.0,9840.0,0.12,72160.0,12,7776.8,0.5389,14430.36,Agri / Farmer / Fisherfolk,Owned (Clean Title),Single,5.2,11,1.0,0,3,1,7776.8,0.296,0.594,1,0,delinquent,22.4,10,3,3.03,0.5481,0,1,defaulted
SYNTH-02676,3,TUBOD,YAMAHA,SNIPER 155,Sport Underbone,123900.0,14868.0,0.12,109032.0,36,5409.31,0.1491,36267.67,Public School Teacher,Living with Parents/Relatives,Widowed,1.7,22,0.6389,2,0,1,5409.31,0.123,0.669,0,0,delinquent,27.0,7,2,2.0,0.6777,0,0,completed
SYNTH-02677,3,TUBOD,SUZUKI,SMASH 115,Underbone,62400.0,12480.0,0.2,49920.0,24,3278.4,0.1348,24326.97,Sari-Sari / Small Retail,Owned (Inherited/Tax Dec),Married,13.4,23,1.0,1,2,1,3278.4,0.053,0.649,0,0,delinquent,24.5,11,4,3.45,0.7219,0,0,completed
SYNTH-02678,1,LALA,SUZUKI,SMASH 115,Underbone,62400.0,18720.0,0.3,43680.0,24,2893.6,0.0628,46062.76,Public School Teacher,Owned (Inherited/Tax Dec),Widowed,3.4,21,0.875,3,0,0,0.0,0.0,0.879,0,0,active,62.9,8,4,3.32,0.8594,0,0,completed
SYNTH-02679,3,TUBOD,YAMAHA,NMAX 155,Maxi-Scooter,151900.0,45570.0,0.3,106330.0,36,5280.21,0.2882,18322.78,Sari-Sari / Small Retail,Owned (Clean Title),Widowed,9.6,1,0.0833,0,2,2,10560.42,0.167,0.41,0,0,defaulted,60.5,4,3,2.98,0.5,0,1,defaulted
SYNTH-02680,1,LALA,SUZUKI,RAIDER 150 FI,Sport Underbone,119900.0,11990.0,0.1,107910.0,12,11530.55,0.4484,25712.65,Sari-Sari / Small Retail,Living with Parents/Relatives,Married,3.5,11,1.0,0,2,1,11530.55,0.287,0.235,0,0,delinquent,55.0,8,3,3.02,0.5,0,1,defaulted
SYNTH-02681,3,TUBOD,HONDA,CLICK 160,Scooter,122900.0,36870.0,0.3,86030.0,36,4310.32,0.0897,48056.36,OFW Remittance / Dependent,Owned (Clean Title),Widowed,5.6,1,0.0278,1,0,0,0.0,0.0,0.966,0,0,active,24.0,8,4,3.83,0.9771,0,0,completed
SYNTH-02682,2,KAPATAGAN,HONDA,CLICK 125I,Scooter,81400.0,20350.0,0.25,61050.0,36,3116.83,0.2047,15228.36,Tricycle / PUV Operator,Living with Parents/Relatives,Married,11.4,22,0.7222,0,3,4,12467.32,0.31,0.383,0,0,defaulted,62.5,3,4,3.93,0.5,0,0,defaulted
SYNTH-02683,1,LALA,KAWASAKI,P24KK (BARAKO II),Backbone/Tricycle,68500.0,10275.0,0.15,58225.0,36,2981.86,0.132,22598.3,Sari-Sari / Small Retail,Owned (Clean Title),Married,5.5,4,0.1389,2,2,1,2981.86,0.098,0.612,0,0,delinquent,14.3,3,6,5.99,0.6344,0,0,completed
SYNTH-02684,1,LALA,YAMAHA,MIO GEAR 125,Scooter,79400.0,9528.0,0.12,69872.0,12,7536.56,0.3677,20497.63,Sari-Sari / Small Retail,Living with Parents/Relatives,Married,6.3,11,1.0,0,3,1,7536.56,0.31,0.649,0,1,delinquent,30.6,11,5,4.57,0.7626,0,1,defaulted
SYNTH-02685,3,TUBOD,YAMAHA,MIO GEAR 125,Scooter,79400.0,15880.0,0.2,63520.0,24,4117.07,0.1453,28328.93,Employed (Private/Gov),Owned (Clean Title),Single,1.0,10,0.4167,2,0,0,0.0,0.047,0.64,0,0,active,38.0,7,3,3.02,0.657,0,0,completed
SYNTH-02686,1,LALA,YAMAHA,MIO FAZZIO,Retro Scooter,93900.0,14085.0,0.15,79815.0,36,4013.38,0.1919,20917.11,Agri / Farmer / Fisherfolk,Living with Parents/Relatives,Single,7.4,0,0.0556,0,1,4,16053.52,0.375,0.532,1,0,defaulted,45.8,3,3,2.86,0.5468,0,0,defaulted
SYNTH-02687,1,LALA,KAWASAKI,CT100B,Backbone/Utility,54000.0,10800.0,0.2,43200.0,36,2264.0,0.0571,39620.69,Public School Teacher,Rented (Apartment/House),Widowed,4.3,3,0.0833,1,2,0,0.0,0.075,0.836,0,0,active,63.2,2,3,2.98,0.8485,0,0,completed
SYNTH-02688,1,LALA,SUZUKI,RAIDER 150 FI,Sport Underbone,119900.0,29975.0,0.25,89925.0,36,4496.42,0.1802,24957.08,Employed (Private/Gov),Rented (Apartment/House),Single,7.4,11,0.4167,0,3,4,17985.68,0.228,0.279,0,0,defaulted,51.2,3,3,3.09,0.5,0,1,defaulted
SYNTH-02689,1,LALA,HONDA,PCX160,Maxi-Scooter,134900.0,26980.0,0.2,107920.0,36,5356.18,0.1481,36175.64,Public School Teacher,Rented (Apartment/House),Married,7.8,16,0.4444,3,0,0,0.0,0.113,0.625,1,0,active,27.2,4,3,2.69,0.6545,0,0,completed
SYNTH-02690,1,LALA,HONDA,CLICK 125I,Scooter,81400.0,8140.0,0.1,73260.0,36,3700.2,0.136,27212.87,Sari-Sari / Small Retail,Rented (Apartment/House),Married,1.9,25,0.7778,1,3,3,11100.6,0.379,0.546,0,1,defaulted,38.4,9,4,3.95,0.5373,0,1,defaulted
SYNTH-02691,1,LALA,SUZUKI,RAIDER 150 FI,Sport Underbone,119900.0,17985.0,0.15,101915.0,36,5069.27,0.2645,19165.53,Agri / Farmer / Fisherfolk,Owned (Clean Title),Married,9.5,35,1.0,0,1,1,5069.27,0.332,0.221,0,1,delinquent,30.6,5,3,3.26,0.5,0,1,defaulted
SYNTH-02692,1,LALA,KAWASAKI,CT100B,Backbone/Utility,54000.0,13500.0,0.25,40500.0,12,4452.5,0.1208,36859.87,Employed (Private/Gov),Owned (Clean Title),Widowed,13.6,5,0.4167,4,0,0,0.0,0.0,0.92,0,0,active,63.1,2,3,2.65,0.9417,0,0,completed
SYNTH-02693,2,KAPATAGAN,SUZUKI,SMASH 115,Underbone,62400.0,6240.0,0.1,56160.0,12,6096.8,0.2377,25653.36,BPO / Call Center Agent,Rented (Apartment/House),Married,7.9,4,0.4167,1,4,1,6096.8,0.241,0.474,1,1,delinquent,45.1,4,4,4.46,0.5,0,1,defaulted
SYNTH-02694,3,TUBOD,KAWASAKI,ROUSER NS125,Sport Backbone,82000.0,9840.0,0.12,72160.0,12,7776.8,0.2904,26781.45,Tricycle / PUV Operator,Rented (Apartment/House),Married,8.5,4,0.4167,0,2,1,7776.8,0.312,0.208,1,0,delinquent,64.4,1,2,2.1,0.5,0,0,defaulted
SYNTH-02695,2,KAPATAGAN,YAMAHA,MIO FAZZIO,Retro Scooter,93900.0,9390.0,0.1,84510.0,24,5411.45,0.173,31274.03,Employed (Private/Gov),Owned (Clean Title),Single,7.8,6,0.2917,0,0,1,5411.45,0.086,0.668,0,0,delinquent,42.6,8,3,3.19,0.6542,0,0,completed
SYNTH-02696,3,TUBOD,KAWASAKI,ROUSER NS125,Sport Backbone,82000.0,9840.0,0.12,72160.0,36,3647.64,0.0772,47277.16,Public School Teacher,Owned (Clean Title),Widowed,10.5,9,0.25,4,0,0,0.0,0.0,0.884,0,0,active,18.9,6,2,2.55,0.7834,0,0,completed
SYNTH-02697,2,KAPATAGAN,YAMAHA,AEROX 155,Sport Scooter,125400.0,12540.0,0.1,112860.0,24,7159.7,0.2181,32826.27,Public School Teacher,Owned (Clean Title),Widowed,7.5,22,0.9583,3,2,1,7159.7,0.089,0.642,0,0,delinquent,51.9,6,3,3.29,0.5377,0,0,completed
SYNTH-02698,1,LALA,HONDA,WAVE RSX,Underbone,64900.0,7788.0,0.12,57112.0,36,2928.68,0.1957,14965.89,Sari-Sari / Small Retail,Rented (Apartment/House),Widowed,6.8,12,0.3889,1,1,2,5857.36,0.387,0.603,0,0,defaulted,63.5,1,3,3.17,0.5192,0,1,defaulted
SYNTH-02699,2,KAPATAGAN,SUZUKI,RAIDER 150 FI,Sport Underbone,119900.0,11990.0,0.1,107910.0,12,11530.55,0.2595,44439.16,BPO / Call Center Agent,Owned (Inherited/Tax Dec),Single,1.0,7,0.8333,0,3,3,34591.65,0.43,0.486,0,0,defaulted,42.8,2,3,2.25,0.5,0,1,defaulted
SYNTH-02700,3,TUBOD,YAMAHA,AEROX 155,Sport Scooter,125400.0,31350.0,0.25,94050.0,12,10075.25,0.5248,19197.83,Agri / Farmer / Fisherfolk,Owned (Inherited/Tax Dec),Married,3.9,7,0.9167,0,4,4,40301.0,0.448,0.37,0,0,defaulted,12.7,11,4,4.3,0.5,0,1,defaulted
SYNTH-02701,3,TUBOD,HONDA,ADV160,Adventure Scooter,166900.0,41725.0,0.25,125175.0,24,7919.12,0.1346,58832.18,OFW Remittance / Dependent,Rented (Apartment/House),Married,11.0,4,0.2917,1,1,3,23757.36,0.177,0.393,1,0,defaulted,62.9,6,1,1.66,0.5,0,1,defaulted
SYNTH-02702,2,KAPATAGAN,KAWASAKI,ROUSER NS125,Sport Backbone,82000.0,16400.0,0.2,65600.0,24,4245.33,0.2106,20157.5,Sari-Sari / Small Retail,Owned (Inherited/Tax Dec),Married,4.3,0,0.125,1,3,3,12735.99,0.195,0.557,1,0,defaulted,64.0,7,2,1.93,0.5584,0,1,defaulted
SYNTH-02703,2,KAPATAGAN,HONDA,CLICK 125I,Scooter,81400.0,8140.0,0.1,73260.0,36,3700.2,0.0741,49963.39,Public School Teacher,Owned (Clean Title),Widowed,3.7,23,0.6389,4,0,0,0.0,0.0,0.861,0,0,active,40.0,11,5,5.37,0.9975,0,0,completed
SYNTH-02704,2,KAPATAGAN,HONDA,TMX125 ALPHA,Backbone/Utility,57900.0,8685.0,0.15,49215.0,36,2551.38,0.0769,33178.55,Employed (Private/Gov),Living with Parents/Relatives,Married,3.5,21,0.6111,1,2,1,2551.38,0.091,0.743,0,0,delinquent,19.3,1,5,5.27,0.6791,0,0,completed
SYNTH-02705,2,KAPATAGAN,SUZUKI,RAIDER 150 FI,Sport Underbone,119900.0,29975.0,0.25,89925.0,24,5745.38,0.3138,18306.49,Tricycle / PUV Operator,Rented (Apartment/House),Widowed,2.7,15,0.7083,1,2,2,11490.76,0.236,0.508,0,0,defaulted,11.5,1,3,2.85,0.5,0,1,defaulted
SYNTH-02706,3,TUBOD,HONDA,CLICK 160,Scooter,122900.0,12290.0,0.1,110610.0,36,5484.7,0.2459,22301.49,BPO / Call Center Agent,Owned (Inherited/Tax Dec),Single,5.1,19,0.5556,0,1,1,5484.7,0.379,0.633,0,0,delinquent,27.6,8,3,3.05,0.6189,0,1,defaulted
SYNTH-02707,2,KAPATAGAN,YAMAHA,SNIPER 155,Sport Underbone,123900.0,12390.0,0.1,111510.0,12,11908.55,0.4549,26177.08,Sari-Sari / Small Retail,Owned (Clean Title),Married,1.8,8,1.0,0,4,4,47634.2,0.266,0.305,0,0,defaulted,39.0,5,3,3.56,0.5,0,1,defaulted
SYNTH-02708,1,LALA,YAMAHA,NMAX 155,Maxi-Scooter,151900.0,30380.0,0.2,121520.0,36,6005.96,0.1532,39193.96,Public School Teacher,Living with Parents/Relatives,Married,13.9,3,0.1111,2,2,1,6005.96,0.058,0.84,0,0,delinquent,59.6,1,3,3.17,0.7126,0,1,defaulted
SYNTH-02709,1,LALA,SUZUKI,RAIDER 150 FI,Sport Underbone,119900.0,14388.0,0.12,105512.0,12,11278.76,0.3081,36613.17,BPO / Call Center Agent,Rented (Apartment/House),Single,4.3,3,0.5,0,1,3,33836.28,0.319,0.248,0,1,defaulted,28.2,8,3,3.68,0.5,0,1,defaulted
SYNTH-02710,1,LALA,HONDA,BEAT PREMIUM,Scooter,72400.0,18100.0,0.25,54300.0,36,2794.33,0.0808,34577.9,OFW Remittance / Dependent,Rented (Apartment/House),Widowed,6.3,31,0.8611,2,2,0,0.0,0.024,0.748,0,0,active,20.5,1,6,5.97,0.6847,0,0,completed
SYNTH-02711,2,KAPATAGAN,KAWASAKI,P24KK (BARAKO II),Backbone/Tricycle,68500.0,17125.0,0.25,51375.0,24,3368.12,0.1391,24208.36,Sari-Sari / Small Retail,Owned (Clean Title),Widowed,2.9,21,1.0,1,2,3,10104.36,0.288,0.537,0,0,defaulted,19.0,1,4,3.75,0.5,0,1,defaulted
SYNTH-02712,2,KAPATAGAN,SUZUKI,RAIDER 150 FI,Sport Underbone,119900.0,29975.0,0.25,89925.0,12,9642.12,0.4528,21293.27,Employed (Private/Gov),Owned (Clean Title),Married,7.3,5,0.5833,0,2,2,19284.24,0.271,0.228,1,0,defaulted,32.8,12,3,3.23,0.5,0,0,defaulted
SYNTH-02713,2,KAPATAGAN,YAMAHA,MIO GEAR 125,Scooter,79400.0,19850.0,0.25,59550.0,24,3872.25,0.2339,16553.33,Employed (Private/Gov),Owned (Clean Title),Married,3.4,2,0.125,0,1,1,3872.25,0.336,0.273,1,1,delinquent,37.8,5,4,4.38,0.5,0,1,defaulted
SYNTH-02714,1,LALA,HONDA,BEAT PREMIUM,Scooter,72400.0,21720.0,0.3,50680.0,12,5521.4,0.1417,38963.79,OFW Remittance / Dependent,Rented (Apartment/House),Widowed,2.9,4,0.5,0,4,2,11042.8,0.442,0.561,1,0,defaulted,44.6,4,5,4.48,0.6703,0,1,defaulted
SYNTH-02715,1,LALA,HONDA,PCX160,Maxi-Scooter,134900.0,13490.0,0.1,121410.0,12,12948.05,0.6922,18706.68,Agri / Farmer / Fisherfolk,Living with Parents/Relatives,Married,7.0,0,0.1667,1,1,2,25896.1,0.351,0.386,1,1,defaulted,36.9,12,3,2.39,0.5,0,1,defaulted
SYNTH-02716,2,KAPATAGAN,SUZUKI,BURGMAN STREET 125,Maxi-Scooter,83400.0,10008.0,0.12,73392.0,24,4725.84,0.1376,34345.09,Public School Teacher,Owned (Clean Title),Single,2.1,5,0.25,0,2,1,4725.84,0.014,0.629,0,0,delinquent,46.3,7,3,2.22,0.5927,0,0,completed
SYNTH-02717,2,KAPATAGAN,KAWASAKI,P24KK (BARAKO II),Backbone/Tricycle,68500.0,20550.0,0.3,47950.0,24,3156.92,0.1218,25910.77,Tricycle / PUV Operator,Living with Parents/Relatives,Married,5.6,4,0.2083,0,4,1,3156.92,0.361,0.6,1,0,delinquent,13.3,6,4,3.6,0.5,0,0,defaulted
SYNTH-02718,3,TUBOD,SUZUKI,BURGMAN STREET 125,Maxi-Scooter,83400.0,16680.0,0.2,66720.0,36,3387.73,0.147,23039.65,Tricycle / PUV Operator,Living with Parents/Relatives,Married,3.4,3,0.1667,1,3,3,10163.19,0.334,0.492,1,0,defaulted,46.7,6,2,1.89,0.5,0,1,defaulted
SYNTH-02719,3,TUBOD,HONDA,BEAT PREMIUM,Scooter,72400.0,7240.0,0.1,65160.0,12,7041.8,0.3393,20753.8,BPO / Call Center Agent,Owned (Inherited/Tax Dec),Married,14.2,4,0.4167,1,3,1,7041.8,0.381,0.329,1,1,delinquent,34.2,9,3,2.82,0.5,0,1,defaulted
SYNTH-02720,2,KAPATAGAN,SUZUKI,BURGMAN STREET 125,Maxi-Scooter,83400.0,25020.0,0.3,58380.0,36,2989.27,0.0577,51850.56,Public School Teacher,Living with Parents/Relatives,Single,10.4,22,0.6111,11,0,0,0.0,0.0,0.86,0,0,active,54.0,9,3,2.87,0.9139,1,0,early_settled
SYNTH-02721,1,LALA,YAMAHA,MIO SPORTY,Scooter,73900.0,14780.0,0.2,59120.0,12,6407.6,0.2226,28789.68,Employed (Private/Gov),Rented (Apartment/House),Married,9.1,8,1.0,1,1,4,25630.4,0.369,0.58,0,0,defaulted,55.7,5,5,5.2,0.5352,0,1,defaulted
SYNTH-02722,1,LALA,YAMAHA,MIO GEAR 125,Scooter,79400.0,15880.0,0.2,63520.0,24,4117.07,0.139,29610.8,Public School Teacher,Living with Parents/Relatives,Widowed,12.6,8,0.375,2,1,1,4117.07,0.107,0.611,0,0,delinquent,61.1,1,4,4.21,0.5459,0,0,completed
SYNTH-02723,2,KAPATAGAN,YAMAHA,NMAX 155,Maxi-Scooter,151900.0,30380.0,0.2,121520.0,24,7693.73,0.1024,75147.46,OFW Remittance / Dependent,Owned (Clean Title),Single,3.3,18,0.7917,1,1,1,7693.73,0.08,0.717,0,0,delinquent,51.5,12,4,4.22,0.8471,0,1,defaulted
SYNTH-02724,3,TUBOD,YAMAHA,AEROX 155,Sport Scooter,125400.0,31350.0,0.25,94050.0,24,5999.75,0.0869,69024.91,OFW Remittance / Dependent,Living with Parents/Relatives,Married,11.6,8,0.3333,6,0,0,0.0,0.0,0.891,0,0,active,10.3,5,3,2.94,0.9287,0,0,completed
SYNTH-02725,3,TUBOD,YAMAHA,MIO FAZZIO,Retro Scooter,93900.0,14085.0,0.15,79815.0,12,8580.57,0.3691,23249.85,Employed (Private/Gov),Owned (Clean Title),Married,10.0,0,0.0833,0,2,3,25741.71,0.449,0.625,1,0,defaulted,63.7,10,2,1.48,0.6081,0,1,defaulted
SYNTH-02726,2,KAPATAGAN,HONDA,CLICK 160,Scooter,122900.0,30725.0,0.25,92175.0,24,5884.12,0.2125,27687.11,Employed (Private/Gov),Rented (Apartment/House),Single,3.9,4,0.3333,0,3,4,23536.48,0.388,0.44,1,0,defaulted,25.2,3,4,4.99,0.5,0,1,defaulted
SYNTH-02727,2,KAPATAGAN,HONDA,ADV160,Adventure Scooter,166900.0,50070.0,0.3,116830.0,12,12467.15,0.5819,21424.13,Tricycle / PUV Operator,Rented (Apartment/House),Married,10.8,5,0.5833,0,2,2,24934.3,0.207,0.31,0,0,defaulted,57.6,11,2,1.69,0.5,0,1,defaulted
SYNTH-02728,3,TUBOD,SUZUKI,BURGMAN STREET 125,Maxi-Scooter,83400.0,10008.0,0.12,73392.0,36,3706.51,0.0601,61715.77,OFW Remittance / Dependent,Owned (Inherited/Tax Dec),Married,3.4,30,0.8333,9,0,0,0.0,0.0,0.93,0,0,active,25.5,3,3,2.97,1.0405,0,0,completed
SYNTH-02729,3,TUBOD,KAWASAKI,P24KK (BARAKO II),Backbone/Tricycle,68500.0,10275.0,0.15,58225.0,24,3790.54,0.1546,24513.23,BPO / Call Center Agent,Owned (Clean Title),Widowed,4.7,16,0.7917,0,3,3,11371.62,0.159,0.316,0,0,defaulted,16.9,6,4,3.91,0.5,0,1,defaulted
SYNTH-02730,3,TUBOD,YAMAHA,MIO GEAR 125,Scooter,79400.0,23820.0,0.3,55580.0,12,6035.9,0.3625,16650.89,Agri / Farmer / Fisherfolk,Rented (Apartment/House),Single,5.6,0,0.3333,1,1,4,24143.6,0.239,0.245,0,0,defaulted,53.9,11,3,2.64,0.5,0,1,defaulted
SYNTH-02731,1,LALA,YAMAHA,AEROX 155,Sport Scooter,125400.0,15048.0,0.12,110352.0,12,11786.96,0.6425,18346.6,Tricycle / PUV Operator,Owned (Clean Title),Married,13.0,9,0.9167,0,1,2,23573.92,0.269,0.482,1,0,defaulted,10.5,11,5,5.42,0.5,0,1,defaulted
SYNTH-02732,1,LALA,YAMAHA,SNIPER 155,Sport Underbone,123900.0,18585.0,0.15,105315.0,24,6694.43,0.1865,35886.89,BPO / Call Center Agent,Owned (Clean Title),Widowed,2.3,22,0.9583,0,3,1,6694.43,0.36,0.374,1,0,delinquent,42.1,6,3,3.08,0.5,0,1,defaulted
SYNTH-02733,1,LALA,HONDA,PCX160,Maxi-Scooter,134900.0,13490.0,0.1,121410.0,24,7686.95,0.2305,33348.98,Public School Teacher,Rented (Apartment/House),Married,3.3,0,0.0417,0,1,2,15373.9,0.203,0.579,0,0,defaulted,59.7,10,3,3.59,0.6228,0,1,defaulted
SYNTH-02734,1,LALA,HONDA,CLICK 160,Scooter,122900.0,14748.0,0.12,108152.0,24,6869.37,0.2515,27309.15,BPO / Call Center Agent,Living with Parents/Relatives,Married,6.8,13,0.7083,1,2,4,27477.48,0.219,0.612,0,0,defaulted,24.1,5,5,5.33,0.6529,0,1,defaulted
SYNTH-02735,1,LALA,HONDA,WAVE RSX,Underbone,64900.0,7788.0,0.12,57112.0,36,2928.68,0.1321,22164.99,Sari-Sari / Small Retail,Owned (Inherited/Tax Dec),Married,5.1,15,0.4167,3,0,0,0.0,0.001,0.749,0,0,active,11.9,7,5,4.89,0.7674,0,0,completed
SYNTH-02736,3,TUBOD,SUZUKI,BURGMAN STREET 125,Maxi-Scooter,83400.0,8340.0,0.1,75060.0,12,8081.3,0.228,35440.72,Public School Teacher,Owned (Clean Title),Married,4.1,0,0.25,0,1,4,32325.2,0.358,0.486,0,1,defaulted,22.0,11,4,4.11,0.5802,0,1,defaulted
SYNTH-02737,3,TUBOD,KAWASAKI,CT100B,Backbone/Utility,54000.0,8100.0,0.15,45900.0,36,2393.0,0.1044,22921.21,Tricycle / PUV Operator,Rented (Apartment/House),Widowed,8.2,11,0.3889,0,1,3,7179.0,0.346,0.365,0,0,defaulted,26.8,1,2,1.97,0.5,0,1,defaulted
SYNTH-02738,2,KAPATAGAN,HONDA,TMX125 ALPHA,Backbone/Utility,57900.0,6948.0,0.12,50952.0,24,3342.04,0.1746,19146.25,Employed (Private/Gov),Owned (Inherited/Tax Dec),Single,6.3,0,0.0417,2,0,1,3342.04,0.141,0.81,0,0,delinquent,54.3,8,4,4.39,0.765,0,0,completed
SYNTH-02739,2,KAPATAGAN,KAWASAKI,P24KK (BARAKO II),Backbone/Tricycle,68500.0,10275.0,0.15,58225.0,36,2981.86,0.107,27874.1,Employed (Private/Gov),Owned (Inherited/Tax Dec),Widowed,3.3,5,0.1667,2,2,1,2981.86,0.145,0.637,1,0,delinquent,35.4,3,4,3.96,0.6887,0,0,completed
SYNTH-02740,3,TUBOD,YAMAHA,AEROX 155,Sport Scooter,125400.0,25080.0,0.2,100320.0,24,6386.4,0.2593,24626.61,Tricycle / PUV Operator,Living with Parents/Relatives,Single,5.2,17,0.75,1,1,1,6386.4,0.379,0.277,0,0,delinquent,30.0,9,2,1.59,0.5,0,1,defaulted
SYNTH-02741,3,TUBOD,YAMAHA,SNIPER 155,Sport Underbone,123900.0,18585.0,0.15,105315.0,24,6694.43,0.1668,40145.76,Employed (Private/Gov),Owned (Inherited/Tax Dec),Single,5.1,11,0.5,1,0,1,6694.43,0.003,0.834,0,0,delinquent,10.6,3,3,3.23,0.9149,0,0,completed
SYNTH-02742,1,LALA,HONDA,WAVE RSX,Underbone,64900.0,6490.0,0.1,58410.0,36,2990.7,0.0715,41813.23,Employed (Private/Gov),Living with Parents/Relatives,Widowed,6.5,30,0.8333,6,0,0,0.0,0.0,0.879,0,0,active,33.3,10,4,3.97,0.8227,0,0,completed
SYNTH-02743,1,LALA,HONDA,WAVE RSX,Underbone,64900.0,16225.0,0.25,48675.0,36,2525.58,0.0539,46854.41,Public School Teacher,Owned (Inherited/Tax Dec),Single,11.7,34,0.9444,9,0,0,0.0,0.0,0.955,0,0,active,57.4,7,4,3.8,0.962,1,0,early_settled
SYNTH-02744,1,LALA,KAWASAKI,ROUSER NS125,Sport Backbone,82000.0,24600.0,0.3,57400.0,12,6227.0,0.2741,22718.45,Employed (Private/Gov),Rented (Apartment/House),Married,4.3,4,0.4167,0,2,1,6227.0,0.42,0.478,1,0,delinquent,28.2,8,2,2.0,0.5,0,1,defaulted
SYNTH-02745,3,TUBOD,YAMAHA,MIO GEAR 125,Scooter,79400.0,19850.0,0.25,59550.0,24,3872.25,0.184,21043.32,Sari-Sari / Small Retail,Rented (Apartment/House),Married,6.1,10,0.4583,0,3,1,3872.25,0.362,0.309,1,1,delinquent,26.6,8,3,3.03,0.5,0,1,defaulted
SYNTH-02746,1,LALA,KAWASAKI,P24KK (BARAKO II),Backbone/Tricycle,68500.0,8220.0,0.12,60280.0,36,3080.04,0.1162,26499.07,BPO / Call Center Agent,Rented (Apartment/House),Married,5.5,26,0.8056,0,4,3,9240.12,0.387,0.605,1,0,defaulted,20.7,12,6,6.0,0.7308,0,1,defaulted
SYNTH-02747,1,LALA,HONDA,CLICK 160,Scooter,122900.0,18435.0,0.15,104465.0,36,5191.11,0.0679,76439.37,OFW Remittance / Dependent,Owned (Inherited/Tax Dec),Married,6.5,3,0.0833,3,0,0,0.0,0.0,0.935,0,0,active,37.1,12,4,4.37,1.1,0,0,completed
SYNTH-02748,2,KAPATAGAN,YAMAHA,MIO FAZZIO,Retro Scooter,93900.0,14085.0,0.15,79815.0,36,4013.38,0.1047,38347.63,Public School Teacher,Owned (Clean Title),Widowed,6.2,13,0.3611,5,0,0,0.0,0.0,0.927,0,0,active,38.6,4,3,3.05,1.0019,0,0,completed
SYNTH-02749,3,TUBOD,KAWASAKI,ROUSER NS125,Sport Backbone,82000.0,8200.0,0.1,73800.0,24,4751.0,0.1339,35473.14,Employed (Private/Gov),Rented (Apartment/House),Widowed,7.7,12,0.625,1,4,3,14253.0,0.326,0.488,0,0,defaulted,19.8,2,2,1.97,0.5,0,1,defaulted
SYNTH-02750,1,LALA,YAMAHA,MIO FAZZIO,Retro Scooter,93900.0,18780.0,0.2,75120.0,24,4832.4,0.2523,19155.36,Tricycle / PUV Operator,Rented (Apartment/House),Widowed,4.3,8,0.4167,0,4,2,9664.8,0.424,0.355,0,0,defaulted,18.5,6,4,3.99,0.5,0,1,defaulted
SYNTH-02751,1,LALA,YAMAHA,AEROX 155,Sport Scooter,125400.0,18810.0,0.15,106590.0,36,5292.63,0.2048,25844.73,BPO / Call Center Agent,Owned (Clean Title),Single,6.6,13,0.3889,0,1,1,5292.63,0.014,0.696,0,0,delinquent,26.7,9,3,2.52,0.6918,0,0,completed
SYNTH-02752,1,LALA,KAWASAKI,CT100B,Backbone/Utility,54000.0,5400.0,0.1,48600.0,12,5303.0,0.1398,37939.84,Public School Teacher,Rented (Apartment/House),Single,13.2,5,0.4167,0,1,0,0.0,0.024,0.612,0,0,active,25.1,9,3,2.4,0.6083,0,1,defaulted
SYNTH-02753,2,KAPATAGAN,YAMAHA,MIO GEAR 125,Scooter,79400.0,19850.0,0.25,59550.0,36,3045.17,0.0822,37058.71,BPO / Call Center Agent,Owned (Inherited/Tax Dec),Widowed,8.8,9,0.25,1,0,0,0.0,0.0,0.944,0,0,active,16.2,4,5,4.74,1.0143,0,0,completed
SYNTH-02754,3,TUBOD,HONDA,TMX125 ALPHA,Backbone/Utility,57900.0,5790.0,0.1,52110.0,36,2689.7,0.1009,26659.59,BPO / Call Center Agent,Owned (Inherited/Tax Dec),Married,8.5,10,0.2778,6,0,0,0.0,0.0,0.876,0,0,active,64.5,8,3,2.69,0.8418,0,0,completed
SYNTH-02755,1,LALA,HONDA,PCX160,Maxi-Scooter,134900.0,20235.0,0.15,114665.0,12,12239.82,0.3325,36815.53,Public School Teacher,Owned (Inherited/Tax Dec),Single,7.6,7,0.6667,1,3,1,12239.82,0.435,0.457,0,1,delinquent,34.4,6,2,2.0,0.5,0,1,defaulted
SYNTH-02756,2,KAPATAGAN,YAMAHA,MIO FAZZIO,Retro Scooter,93900.0,14085.0,0.15,79815.0,36,4013.38,0.3344,12000.0,Employed (Private/Gov),Owned (Clean Title),Single,3.5,28,0.8889,1,2,4,16053.52,0.282,0.213,0,1,defaulted,38.1,1,3,2.47,0.5,0,0,defaulted
SYNTH-02757,1,LALA,KAWASAKI,CT100B,Backbone/Utility,54000.0,6480.0,0.12,47520.0,24,3130.4,0.0829,37774.56,Employed (Private/Gov),Owned (Inherited/Tax Dec),Widowed,4.6,4,0.2083,2,1,1,3130.4,0.111,0.793,0,0,delinquent,28.8,8,3,2.72,0.7119,0,0,completed
SYNTH-02758,3,TUBOD,YAMAHA,AEROX 155,Sport Scooter,125400.0,25080.0,0.2,100320.0,36,4993.07,0.3286,15196.93,Agri / Farmer / Fisherfolk,Owned (Clean Title),Widowed,4.9,0,0.0833,0,4,3,14979.21,0.405,0.55,0,1,defaulted,25.0,4,3,2.44,0.5206,0,1,defaulted
SYNTH-02759,1,LALA,YAMAHA,AEROX 155,Sport Scooter,125400.0,12540.0,0.1,112860.0,36,5592.2,0.1492,37488.64,Employed (Private/Gov),Owned (Clean Title),Married,8.1,32,0.8889,2,1,0,0.0,0.097,0.767,0,0,active,54.6,11,4,4.13,0.8613,0,0,completed
SYNTH-02760,3,TUBOD,YAMAHA,MIO FAZZIO,Retro Scooter,93900.0,9390.0,0.1,84510.0,12,9073.55,0.261,34763.39,Public School Teacher,Rented (Apartment/House),Widowed,10.4,3,0.5,0,4,3,27220.65,0.367,0.529,0,0,defaulted,44.7,6,2,1.91,0.5016,0,1,defaulted
SYNTH-02761,3,TUBOD,YAMAHA,NMAX 155,Maxi-Scooter,151900.0,37975.0,0.25,113925.0,12,12162.12,0.3165,38432.57,BPO / Call Center Agent,Owned (Clean Title),Married,7.3,11,1.0,0,3,1,12162.12,0.155,0.373,1,0,delinquent,31.1,4,3,3.07,0.5,0,1,defaulted
SYNTH-02762,3,TUBOD,HONDA,PCX160,Maxi-Scooter,134900.0,16188.0,0.12,118712.0,12,12664.76,0.1782,71063.83,OFW Remittance / Dependent,Owned (Clean Title),Widowed,6.6,12,1.0,2,2,0,0.0,0.061,0.719,1,0,active,61.3,4,2,2.03,0.7469,0,1,defaulted
SYNTH-02763,3,TUBOD,KAWASAKI,P24KK (BARAKO II),Backbone/Tricycle,68500.0,6850.0,0.1,61650.0,24,4001.75,0.174,22996.18,Sari-Sari / Small Retail,Owned (Inherited/Tax Dec),Single,7.2,0,0.0417,0,1,2,8003.5,0.188,0.425,0,1,defaulted,56.1,5,3,3.01,0.5,0,1,defaulted
SYNTH-02764,3,TUBOD,KAWASAKI,CT100B,Backbone/Utility,54000.0,10800.0,0.2,43200.0,24,2864.0,0.1513,18925.19,Sari-Sari / Small Retail,Living with Parents/Relatives,Married,8.8,2,0.125,0,3,1,2864.0,0.222,0.33,0,0,delinquent,17.1,7,3,3.28,0.5,0,1,defaulted
SYNTH-02765,1,LALA,KAWASAKI,ROUSER NS125,Sport Backbone,82000.0,8200.0,0.1,73800.0,24,4751.0,0.0709,67027.32,OFW Remittance / Dependent,Rented (Apartment/House),Married,4.9,10,0.5417,1,3,3,14253.0,0.439,0.489,0,0,defaulted,42.3,11,3,2.68,0.5657,0,0,defaulted
SYNTH-02766,2,KAPATAGAN,YAMAHA,MIO FAZZIO,Retro Scooter,93900.0,14085.0,0.15,79815.0,24,5121.93,0.1661,30827.75,OFW Remittance / Dependent,Rented (Apartment/House),Widowed,9.2,13,0.6667,0,1,3,15365.79,0.198,0.29,1,0,defaulted,14.2,6,3,2.95,0.5,0,1,defaulted
SYNTH-02767,3,TUBOD,HONDA,BEAT PREMIUM,Scooter,72400.0,10860.0,0.15,61540.0,24,3994.97,0.1589,25137.85,Sari-Sari / Small Retail,Rented (Apartment/House),Married,2.7,3,0.25,0,4,3,11984.91,0.411,0.521,1,0,defaulted,20.0,8,5,4.63,0.5,0,1,defaulted
SYNTH-02768,3,TUBOD,HONDA,BEAT PREMIUM,Scooter,72400.0,10860.0,0.15,61540.0,24,3994.97,0.1299,30764.0,Sari-Sari / Small Retail,Rented (Apartment/House),Married,6.7,22,1.0,0,2,2,7989.94,0.359,0.22,1,1,defaulted,50.3,6,3,3.69,0.5,0,1,defaulted
SYNTH-02769,3,TUBOD,HONDA,CLICK 160,Scooter,122900.0,14748.0,0.12,108152.0,36,5367.26,0.196,27377.81,BPO / Call Center Agent,Owned (Inherited/Tax Dec),Widowed,20.2,33,0.9444,3,2,1,5367.26,0.03,0.766,1,0,delinquent,24.8,5,4,3.37,0.7854,0,0,completed
SYNTH-02770,2,KAPATAGAN,YAMAHA,NMAX 155,Maxi-Scooter,151900.0,15190.0,0.1,136710.0,12,14554.55,0.6083,23925.95,Public School Teacher,Owned (Clean Title),Married,4.5,3,0.4167,0,1,2,29109.1,0.214,0.313,1,0,defaulted,50.2,4,3,3.64,0.5,0,0,defaulted
SYNTH-02771,1,LALA,HONDA,CLICK 125I,Scooter,81400.0,20350.0,0.25,61050.0,36,3116.83,0.1042,29906.66,Employed (Private/Gov),Owned (Clean Title),Single,11.2,17,0.4722,11,0,0,0.0,0.0,0.95,0,0,active,57.5,6,4,4.26,0.83,1,0,early_settled
SYNTH-02772,2,KAPATAGAN,SUZUKI,RAIDER 150 FI,Sport Underbone,119900.0,17985.0,0.15,101915.0,24,6484.76,0.2694,24068.28,Sari-Sari / Small Retail,Living with Parents/Relatives,Married,13.4,9,0.5,0,3,3,19454.28,0.256,0.317,1,0,defaulted,59.2,5,3,3.04,0.5,0,1,defaulted
SYNTH-02773,1,LALA,YAMAHA,NMAX 155,Maxi-Scooter,151900.0,45570.0,0.3,106330.0,24,6757.02,0.3228,20935.71,Sari-Sari / Small Retail,Rented (Apartment/House),Married,2.5,16,0.7083,0,3,1,6757.02,0.33,0.584,0,0,delinquent,25.0,4,4,3.13,0.5667,0,0,defaulted
SYNTH-02774,3,TUBOD,SUZUKI,RAIDER 150 FI,Sport Underbone,119900.0,23980.0,0.2,95920.0,24,6115.07,0.2352,26001.12,BPO / Call Center Agent,Owned (Clean Title),Married,4.0,12,0.5833,1,4,2,12230.14,0.348,0.336,0,1,defaulted,27.6,12,3,2.78,0.5,0,0,defaulted
SYNTH-02775,3,TUBOD,YAMAHA,MIO GEAR 125,Scooter,79400.0,23820.0,0.3,55580.0,12,6035.9,0.3077,19617.55,Tricycle / PUV Operator,Rented (Apartment/House),Married,6.7,5,0.75,0,3,4,24143.6,0.411,0.444,0,0,defaulted,52.5,12,3,2.73,0.5179,0,1,defaulted
SYNTH-02776,3,TUBOD,HONDA,ADV160,Adventure Scooter,166900.0,33380.0,0.2,133520.0,12,14219.6,0.7139,19918.66,Agri / Farmer / Fisherfolk,Rented (Apartment/House),Married,12.8,6,0.8333,0,4,4,56878.4,0.233,0.602,0,1,defaulted,23.3,11,2,2.11,0.7135,0,1,defaulted
SYNTH-02777,3,TUBOD,KAWASAKI,ROUSER NS125,Sport Backbone,82000.0,16400.0,0.2,65600.0,36,3334.22,0.0748,44599.35,Public School Teacher,Rented (Apartment/House),Married,25.7,29,0.8333,1,1,1,3334.22,0.122,0.661,0,0,delinquent,15.8,1,2,2.8,0.6111,0,0,completed
SYNTH-02778,1,LALA,HONDA,CLICK 125I,Scooter,81400.0,8140.0,0.1,73260.0,24,4717.7,0.1293,36499.28,Public School Teacher,Rented (Apartment/House),Single,6.9,22,0.9167,2,2,0,0.0,0.035,0.786,0,0,active,26.1,11,5,5.11,0.8751,0,0,completed
SYNTH-02779,2,KAPATAGAN,HONDA,TMX125 ALPHA,Backbone/Utility,57900.0,8685.0,0.15,49215.0,36,2551.38,0.0789,32353.65,Employed (Private/Gov),Owned (Inherited/Tax Dec),Single,10.7,5,0.1389,5,0,0,0.0,0.0,0.895,0,0,active,13.2,1,5,5.04,0.804,0,0,completed
SYNTH-02780,3,TUBOD,KAWASAKI,CT100B,Backbone/Utility,54000.0,16200.0,0.3,37800.0,36,2006.0,0.0389,51558.79,OFW Remittance / Dependent,Rented (Apartment/House),Married,7.3,18,0.5,3,2,0,0.0,0.03,0.778,0,0,active,17.1,7,3,3.41,0.7499,0,1,defaulted
SYNTH-02781,1,LALA,KAWASAKI,P24KK (BARAKO II),Backbone/Tricycle,68500.0,8220.0,0.12,60280.0,12,6529.4,0.3183,20512.5,Sari-Sari / Small Retail,Owned (Inherited/Tax Dec),Married,5.7,1,0.4167,0,2,4,26117.6,0.328,0.636,1,1,defaulted,49.6,5,4,3.67,0.6253,0,1,defaulted
SYNTH-02782,1,LALA,KAWASAKI,P24KK (BARAKO II),Backbone/Tricycle,68500.0,17125.0,0.25,51375.0,24,3368.12,0.0957,35179.57,Employed (Private/Gov),Rented (Apartment/House),Married,3.3,14,0.7083,0,1,3,10104.36,0.318,0.456,0,1,defaulted,16.5,9,6,5.86,0.5,0,0,defaulted
SYNTH-02783,2,KAPATAGAN,HONDA,WAVE RSX,Underbone,64900.0,9735.0,0.15,55165.0,24,3601.84,0.1899,18962.74,Agri / Farmer / Fisherfolk,Living with Parents/Relatives,Single,6.3,0,0.0417,1,2,2,7203.68,0.185,0.48,0,0,defaulted,17.0,11,5,5.07,0.5016,0,0,defaulted
SYNTH-02784,3,TUBOD,YAMAHA,AEROX 155,Sport Scooter,125400.0,18810.0,0.15,106590.0,12,11391.95,0.4016,28363.99,Employed (Private/Gov),Owned (Inherited/Tax Dec),Married,22.1,3,0.3333,0,1,1,11391.95,0.289,0.533,0,1,delinquent,64.1,4,3,2.65,0.556,0,1,defaulted
SYNTH-02785,3,TUBOD,YAMAHA,MIO SPORTY,Scooter,73900.0,14780.0,0.2,59120.0,36,3024.62,0.1547,19552.76,Tricycle / PUV Operator,Owned (Inherited/Tax Dec),Married,1.6,27,0.8611,1,2,4,12098.48,0.222,0.451,0,0,defaulted,40.6,2,4,3.71,0.5,0,1,defaulted
SYNTH-02786,2,KAPATAGAN,HONDA,BEAT PREMIUM,Scooter,72400.0,10860.0,0.15,61540.0,36,3140.24,0.0888,35369.02,BPO / Call Center Agent,Living with Parents/Relatives,Widowed,2.3,18,0.5833,0,1,3,9420.72,0.411,0.526,0,1,defaulted,19.4,7,6,6.04,0.5042,0,0,defaulted
SYNTH-02787,2,KAPATAGAN,HONDA,ADV160,Adventure Scooter,166900.0,41725.0,0.25,125175.0,36,6180.58,0.1779,34732.83,OFW Remittance / Dependent,Owned (Inherited/Tax Dec),Married,6.4,8,0.25,2,0,1,6180.58,0.139,0.61,0,0,delinquent,20.0,2,3,2.97,0.6173,0,0,completed
SYNTH-02788,2,KAPATAGAN,HONDA,CLICK 160,Scooter,122900.0,14748.0,0.12,108152.0,36,5367.26,0.4364,12297.75,Tricycle / PUV Operator,Owned (Clean Title),Married,15.1,12,0.4444,1,1,4,21469.04,0.366,0.473,1,0,defaulted,14.8,10,5,4.73,0.5,0,1,defaulted
SYNTH-02789,3,TUBOD,YAMAHA,MIO SPORTY,Scooter,73900.0,14780.0,0.2,59120.0,36,3024.62,0.0871,34735.49,Sari-Sari / Small Retail,Owned (Inherited/Tax Dec),Married,5.7,13,0.3611,1,2,0,0.0,0.039,0.657,0,0,active,30.7,10,4,3.63,0.684,0,0,completed
SYNTH-02790,1,LALA,KAWASAKI,P24KK (BARAKO II),Backbone/Tricycle,68500.0,13700.0,0.2,54800.0,12,5954.0,0.239,24912.54,BPO / Call Center Agent,Owned (Clean Title),Single,7.1,3,0.5,1,2,3,17862.0,0.236,0.459,1,0,defaulted,46.5,5,4,3.26,0.5453,0,1,defaulted
SYNTH-02791,1,LALA,HONDA,PCX160,Maxi-Scooter,134900.0,16188.0,0.12,118712.0,36,5871.8,0.3237,18137.63,Agri / Farmer / Fisherfolk,Owned (Clean Title),Widowed,9.2,9,0.3333,0,4,3,17615.4,0.426,0.581,0,1,defaulted,39.5,5,3,3.42,0.6045,0,1,defaulted
SYNTH-02792,1,LALA,YAMAHA,MIO FAZZIO,Retro Scooter,93900.0,14085.0,0.15,79815.0,12,8580.57,0.2183,39300.13,OFW Remittance / Dependent,Owned (Inherited/Tax Dec),Widowed,7.6,3,0.3333,1,2,1,8580.57,0.009,0.623,0,0,delinquent,43.2,3,3,3.0,0.6736,0,0,completed
SYNTH-02793,3,TUBOD,HONDA,CLICK 125I,Scooter,81400.0,9768.0,0.12,71632.0,24,4617.31,0.2087,22118.92,Tricycle / PUV Operator,Owned (Clean Title),Widowed,4.0,12,0.625,0,2,3,13851.93,0.305,0.607,1,0,defaulted,46.9,9,3,3.33,0.5711,0,0,defaulted
SYNTH-02794,2,KAPATAGAN,SUZUKI,SMASH 115,Underbone,62400.0,7488.0,0.12,54912.0,12,5965.76,0.1086,54932.95,OFW Remittance / Dependent,Rented (Apartment/House),Single,11.9,4,0.3333,2,0,0,0.0,0.03,0.619,1,0,active,46.2,1,3,2.38,0.5471,0,0,completed
SYNTH-02795,3,TUBOD,YAMAHA,NMAX 155,Maxi-Scooter,151900.0,30380.0,0.2,121520.0,24,7693.73,0.2219,34664.66,Public School Teacher,Owned (Inherited/Tax Dec),Married,2.4,18,0.875,0,4,3,23081.19,0.234,0.247,1,0,defaulted,39.6,8,3,3.33,0.5,0,1,defaulted
SYNTH-02796,1,LALA,SUZUKI,SMASH 115,Underbone,62400.0,7488.0,0.12,54912.0,36,2823.57,0.1096,25764.74,Tricycle / PUV Operator,Living with Parents/Relatives,Widowed,2.3,17,0.5278,0,4,2,5647.14,0.401,0.512,1,0,defaulted,62.8,6,3,3.21,0.5,0,0,defaulted
SYNTH-02797,3,TUBOD,YAMAHA,NMAX 155,Maxi-Scooter,151900.0,45570.0,0.3,106330.0,24,6757.02,0.2349,28768.07,Agri / Farmer / Fisherfolk,Living with Parents/Relatives,Single,1.9,11,0.5833,1,2,3,20271.06,0.329,0.441,1,0,defaulted,36.0,2,3,3.05,0.5,0,1,defaulted
SYNTH-02798,3,TUBOD,YAMAHA,MIO GEAR 125,Scooter,79400.0,15880.0,0.2,63520.0,24,4117.07,0.2532,16261.95,Employed (Private/Gov),Rented (Apartment/House),Widowed,15.5,8,0.5,1,3,4,16468.28,0.234,0.453,1,0,defaulted,31.4,11,3,2.44,0.507,0,1,defaulted
SYNTH-02799,1,LALA,KAWASAKI,P24KK (BARAKO II),Backbone/Tricycle,68500.0,13700.0,0.2,54800.0,12,5954.0,0.1946,30588.24,BPO / Call Center Agent,Living with Parents/Relatives,Married,9.3,10,1.0,0,3,2,11908.0,0.26,0.644,1,0,defaulted,29.3,3,4,4.13,0.6598,0,1,defaulted
SYNTH-02800,2,KAPATAGAN,HONDA,PCX160,Maxi-Scooter,134900.0,33725.0,0.25,101175.0,24,6439.12,0.315,20442.76,Tricycle / PUV Operator,Living with Parents/Relatives,Married,8.4,17,0.875,0,2,4,25756.48,0.296,0.587,0,1,defaulted,44.1,1,2,2.83,0.5633,0,1,defaulted
SYNTH-02801,2,KAPATAGAN,HONDA,PCX160,Maxi-Scooter,134900.0,13490.0,0.1,121410.0,24,7686.95,0.1069,71934.37,OFW Remittance / Dependent,Owned (Inherited/Tax Dec),Widowed,5.5,6,0.25,5,0,0,0.0,0.0,0.918,0,0,active,21.4,1,3,3.32,0.832,0,0,completed
SYNTH-02802,3,TUBOD,HONDA,PCX160,Maxi-Scooter,134900.0,33725.0,0.25,101175.0,12,10823.38,0.285,37974.3,Public School Teacher,Rented (Apartment/House),Married,11.8,1,0.25,0,1,2,21646.76,0.331,0.605,0,0,defaulted,11.7,11,3,3.17,0.7059,0,1,defaulted
SYNTH-02803,1,LALA,HONDA,BEAT PREMIUM,Scooter,72400.0,21720.0,0.3,50680.0,12,5521.4,0.1417,38974.56,Public School Teacher,Living with Parents/Relatives,Single,7.3,10,0.9167,2,2,1,5521.4,0.095,0.602,0,0,delinquent,36.1,1,4,4.43,0.5067,0,0,completed
SYNTH-02804,2,KAPATAGAN,YAMAHA,NMAX 155,Maxi-Scooter,151900.0,37975.0,0.25,113925.0,24,7225.38,0.5123,14104.64,Tricycle / PUV Operator,Living with Parents/Relatives,Married,1.0,12,0.625,1,2,3,21676.14,0.43,0.574,0,0,defaulted,58.1,1,3,3.36,0.5074,0,1,defaulted
SYNTH-02805,1,LALA,YAMAHA,AEROX 155,Sport Scooter,125400.0,25080.0,0.2,100320.0,24,6386.4,0.2628,24298.27,Sari-Sari / Small Retail,Owned (Inherited/Tax Dec),Married,6.0,11,0.5417,0,3,2,12772.8,0.294,0.244,0,0,defaulted,62.0,10,3,3.67,0.5,0,1,defaulted
SYNTH-02806,3,TUBOD,KAWASAKI,ROUSER NS125,Sport Backbone,82000.0,24600.0,0.3,57400.0,36,2942.44,0.0687,42856.78,Public School Teacher,Rented (Apartment/House),Married,9.6,22,0.6389,0,2,1,2942.44,0.018,0.819,0,0,delinquent,43.9,11,2,2.36,0.9404,0,0,completed
SYNTH-02807,2,KAPATAGAN,HONDA,TMX125 ALPHA,Backbone/Utility,57900.0,14475.0,0.25,43425.0,24,2877.88,0.1131,25453.02,Sari-Sari / Small Retail,Rented (Apartment/House),Married,18.5,2,0.2083,0,2,3,8633.64,0.312,0.627,0,0,defaulted,61.1,11,5,4.67,0.7928,0,1,defaulted
SYNTH-02808,2,KAPATAGAN,YAMAHA,NMAX 155,Maxi-Scooter,151900.0,45570.0,0.3,106330.0,36,5280.21,0.1851,28523.75,Sari-Sari / Small Retail,Owned (Inherited/Tax Dec),Widowed,7.6,16,0.5,0,2,2,10560.42,0.27,0.506,0,0,defaulted,16.3,5,4,4.29,0.5221,0,1,defaulted
SYNTH-02809,2,KAPATAGAN,YAMAHA,NMAX 155,Maxi-Scooter,151900.0,22785.0,0.15,129115.0,24,8162.09,0.2449,33329.2,BPO / Call Center Agent,Owned (Clean Title),Single,3.6,19,0.8333,1,4,1,8162.09,0.25,0.211,0,0,delinquent,24.3,7,4,3.96,0.5,0,0,defaulted
SYNTH-02810,1,LALA,SUZUKI,RAIDER 150 FI,Sport Underbone,119900.0,29975.0,0.25,89925.0,36,4496.42,0.2899,15509.56,Agri / Farmer / Fisherfolk,Rented (Apartment/House),Widowed,11.0,8,0.3056,0,3,3,13489.26,0.291,0.564,0,0,defaulted,49.8,11,4,3.96,0.6572,0,1,defaulted
SYNTH-02811,3,TUBOD,YAMAHA,MIO GEAR 125,Scooter,79400.0,7940.0,0.1,71460.0,24,4606.7,0.1105,41683.06,Employed (Private/Gov),Rented (Apartment/House),Married,6.3,5,0.3333,1,3,3,13820.1,0.353,0.437,1,0,defaulted,50.0,12,3,3.33,0.5474,0,1,defaulted
SYNTH-02812,3,TUBOD,KAWASAKI,P24KK (BARAKO II),Backbone/Tricycle,68500.0,6850.0,0.1,61650.0,24,4001.75,0.3335,12000.0,Agri / Farmer / Fisherfolk,Owned (Clean Title),Married,4.3,10,0.5417,1,2,3,12005.25,0.157,0.387,0,0,defaulted,29.1,11,3,3.19,0.5,0,1,defaulted
SYNTH-02813,1,LALA,YAMAHA,SNIPER 155,Sport Underbone,123900.0,37170.0,0.3,86730.0,12,9306.65,0.2785,33415.81,BPO / Call Center Agent,Owned (Inherited/Tax Dec),Single,4.4,2,0.25,0,1,1,9306.65,0.153,0.437,0,1,delinquent,47.1,3,3,2.89,0.5,0,1,defaulted
SYNTH-02814,1,LALA,HONDA,CLICK 125I,Scooter,81400.0,12210.0,0.15,69190.0,24,4466.72,0.3026,14760.07,Tricycle / PUV Operator,Owned (Inherited/Tax Dec),Married,15.0,3,0.2083,0,1,2,8933.44,0.34,0.314,1,0,defaulted,27.7,11,5,5.25,0.5,0,1,defaulted
SYNTH-02815,1,LALA,HONDA,PCX160,Maxi-Scooter,134900.0,26980.0,0.2,107920.0,12,11531.6,0.1876,61479.01,OFW Remittance / Dependent,Owned (Clean Title),Married,6.6,1,0.0833,1,0,0,0.0,0.121,0.677,0,0,active,36.3,8,3,3.02,0.6874,0,0,completed
SYNTH-02816,1,LALA,HONDA,CLICK 160,Scooter,122900.0,30725.0,0.25,92175.0,24,5884.12,0.2771,21231.8,Agri / Farmer / Fisherfolk,Owned (Clean Title),Married,10.1,0,0.0417,0,1,4,23536.48,0.228,0.558,0,0,defaulted,61.9,12,4,3.65,0.6357,0,0,defaulted
SYNTH-02817,3,TUBOD,HONDA,CLICK 125I,Scooter,81400.0,24420.0,0.3,56980.0,36,2922.38,0.0581,50294.38,Employed (Private/Gov),Owned (Clean Title),Single,6.7,6,0.1667,4,0,0,0.0,0.0,0.87,0,0,active,63.5,6,3,2.71,0.8118,0,0,completed
SYNTH-02818,1,LALA,HONDA,TMX125 ALPHA,Backbone/Utility,57900.0,6948.0,0.12,50952.0,12,5549.96,0.1167,47537.66,OFW Remittance / Dependent,Living with Parents/Relatives,Married,2.9,8,0.75,3,0,1,5549.96,0.057,0.661,0,0,delinquent,22.5,5,6,6.08,0.6148,0,0,completed
SYNTH-02819,2,KAPATAGAN,HONDA,ADV160,Adventure Scooter,166900.0,50070.0,0.3,116830.0,36,5781.88,0.1393,41497.02,Employed (Private/Gov),Rented (Apartment/House),Single,3.1,34,1.0,0,1,2,11563.76,0.352,0.618,0,0,defaulted,26.1,1,2,2.85,0.5642,0,1,defaulted
SYNTH-02820,2,KAPATAGAN,HONDA,CLICK 160,Scooter,122900.0,30725.0,0.25,92175.0,36,4603.92,0.127,36243.92,Employed (Private/Gov),Owned (Inherited/Tax Dec),Single,2.1,13,0.3611,2,2,0,0.0,0.085,0.608,0,0,active,44.3,2,4,3.93,0.601,0,0,completed
SYNTH-02821,2,KAPATAGAN,HONDA,CLICK 125I,Scooter,81400.0,24420.0,0.3,56980.0,12,6182.9,0.2256,27407.48,Employed (Private/Gov),Living with Parents/Relatives,Married,1.6,0,0.1667,1,2,2,12365.8,0.291,0.492,0,0,defaulted,50.7,8,4,4.11,0.5,0,1,defaulted
SYNTH-02822,2,KAPATAGAN,HONDA,TMX125 ALPHA,Backbone/Utility,57900.0,5790.0,0.1,52110.0,36,2689.7,0.0509,52857.54,OFW Remittance / Dependent,Owned (Inherited/Tax Dec),Single,1.9,15,0.4167,2,0,0,0.0,0.0,0.899,0,0,active,10.3,2,5,4.92,0.8454,0,0,completed
SYNTH-02823,2,KAPATAGAN,YAMAHA,AEROX 155,Sport Scooter,125400.0,37620.0,0.3,87780.0,12,9416.9,0.3428,27468.46,Sari-Sari / Small Retail,Living with Parents/Relatives,Married,3.4,0,0.3333,0,4,4,37667.6,0.272,0.326,0,1,defaulted,21.3,7,4,4.47,0.5,0,1,defaulted
SYNTH-02824,2,KAPATAGAN,SUZUKI,RAIDER 150 FI,Sport Underbone,119900.0,23980.0,0.2,95920.0,36,4782.84,0.1257,38034.8,Employed (Private/Gov),Owned (Clean Title),Widowed,4.6,35,0.9722,3,2,0,0.0,0.1,0.684,0,0,active,59.5,6,3,3.82,0.557,0,1,defaulted
SYNTH-02825,1,LALA,SUZUKI,RAIDER 150 FI,Sport Underbone,119900.0,14388.0,0.12,105512.0,24,6706.57,0.1955,34298.73,BPO / Call Center Agent,Living with Parents/Relatives,Married,3.8,0,0.0417,0,2,1,6706.57,0.411,0.477,0,0,delinquent,55.1,6,3,2.89,0.5,0,1,defaulted
SYNTH-02826,1,LALA,HONDA,CLICK 125I,Scooter,81400.0,8140.0,0.1,73260.0,36,3700.2,0.064,57827.88,OFW Remittance / Dependent,Owned (Clean Title),Married,4.1,34,0.9444,5,0,0,0.0,0.0,0.936,0,0,active,24.3,1,5,4.93,0.8164,0,0,completed
SYNTH-02827,3,TUBOD,YAMAHA,MIO SPORTY,Scooter,73900.0,7390.0,0.1,66510.0,36,3377.7,0.1047,32259.86,Employed (Private/Gov),Rented (Apartment/House),Married,3.5,32,0.9444,0,3,2,6755.4,0.282,0.301,0,0,defaulted,48.8,1,3,2.64,0.5,0,1,defaulted
SYNTH-02828,1,LALA,YAMAHA,SNIPER 155,Sport Underbone,123900.0,24780.0,0.2,99120.0,24,6312.4,0.2696,23416.18,Sari-Sari / Small Retail,Living with Parents/Relatives,Widowed,4.3,0,0.0833,1,1,2,12624.8,0.217,0.536,0,0,defaulted,34.5,11,3,3.25,0.6157,0,1,defaulted
SYNTH-02829,2,KAPATAGAN,HONDA,CLICK 160,Scooter,122900.0,12290.0,0.1,110610.0,24,7020.95,0.1132,62022.13,OFW Remittance / Dependent,Owned (Inherited/Tax Dec),Married,11.3,3,0.125,2,0,0,0.0,0.0,0.99,0,0,active,30.9,3,4,3.89,1.0786,0,0,completed
SYNTH-02830,2,KAPATAGAN,HONDA,TMX125 ALPHA,Backbone/Utility,57900.0,6948.0,0.12,50952.0,36,2634.37,0.0976,27001.21,BPO / Call Center Agent,Rented (Apartment/House),Married,10.0,35,1.0,0,1,1,2634.37,0.214,0.505,0,0,delinquent,47.3,1,4,3.64,0.5,0,1,defaulted
SYNTH-02831,2,KAPATAGAN,HONDA,ADV160,Adventure Scooter,166900.0,25035.0,0.15,141865.0,36,6977.99,0.2016,34605.51,Employed (Private/Gov),Owned (Inherited/Tax Dec),Single,10.1,1,0.0556,3,0,1,6977.99,0.01,0.736,0,0,delinquent,28.0,10,2,1.68,0.7398,0,1,defaulted
SYNTH-02832,3,TUBOD,HONDA,CLICK 160,Scooter,122900.0,24580.0,0.2,98320.0,24,6263.07,0.1266,49455.46,OFW Remittance / Dependent,Owned (Clean Title),Married,2.2,10,0.4583,0,0,1,6263.07,0.12,0.696,0,0,delinquent,64.2,8,3,3.32,0.7227,0,0,completed
SYNTH-02833,1,LALA,HONDA,PCX160,Maxi-Scooter,134900.0,20235.0,0.15,114665.0,12,12239.82,0.3423,35753.79,BPO / Call Center Agent,Owned (Clean Title),Widowed,2.5,4,0.6667,1,4,4,48959.28,0.387,0.461,0,0,defaulted,13.1,5,4,3.43,0.5124,0,1,defaulted
SYNTH-02834,1,LALA,YAMAHA,AEROX 155,Sport Scooter,125400.0,31350.0,0.25,94050.0,24,5999.75,0.2779,21590.14,Tricycle / PUV Operator,Owned (Clean Title),Married,10.2,21,0.9167,0,2,1,5999.75,0.409,0.214,0,0,delinquent,40.9,5,3,2.77,0.5,0,1,defaulted
SYNTH-02835,2,KAPATAGAN,YAMAHA,NMAX 155,Maxi-Scooter,151900.0,15190.0,0.1,136710.0,24,8630.45,0.2104,41019.44,BPO / Call Center Agent,Rented (Apartment/House),Widowed,3.5,16,0.7917,0,2,3,25891.35,0.406,0.514,0,0,defaulted,34.0,1,3,2.63,0.5,0,1,defaulted
SYNTH-02836,3,TUBOD,HONDA,BEAT PREMIUM,Scooter,72400.0,10860.0,0.15,61540.0,24,3994.97,0.2282,17508.11,Agri / Farmer / Fisherfolk,Owned (Clean Title),Widowed,8.3,2,0.125,0,4,1,3994.97,0.276,0.494,1,1,delinquent,13.2,1,4,4.07,0.5011,0,1,defaulted
SYNTH-02837,2,KAPATAGAN,YAMAHA,MIO GEAR 125,Scooter,79400.0,9528.0,0.12,69872.0,24,4508.77,0.0988,45629.56,Public School Teacher,Living with Parents/Relatives,Widowed,11.8,15,0.625,8,0,0,0.0,0.0,0.883,0,0,active,46.0,6,3,3.28,0.7727,0,0,completed
SYNTH-02838,1,LALA,HONDA,BEAT PREMIUM,Scooter,72400.0,18100.0,0.25,54300.0,24,3548.5,0.1132,31337.29,Employed (Private/Gov),Living with Parents/Relatives,Married,5.0,18,0.7917,3,0,1,3548.5,0.09,0.697,0,0,delinquent,61.0,3,5,4.52,0.7201,0,0,completed
SYNTH-02839,3,TUBOD,HONDA,WAVE RSX,Underbone,64900.0,19470.0,0.3,45430.0,36,2370.54,0.0536,44251.47,Public School Teacher,Living with Parents/Relatives,Widowed,7.3,2,0.0556,1,0,0,0.0,0.0,0.992,0,0,active,32.1,12,3,2.47,1.1,0,0,completed
SYNTH-02840,2,KAPATAGAN,HONDA,CLICK 125I,Scooter,81400.0,9768.0,0.12,71632.0,36,3622.42,0.2024,17899.15,Agri / Farmer / Fisherfolk,Owned (Inherited/Tax Dec),Widowed,5.0,31,0.9444,0,4,3,10867.26,0.234,0.541,0,0,defaulted,26.7,4,4,3.71,0.5468,0,1,defaulted
SYNTH-02841,3,TUBOD,SUZUKI,SMASH 115,Underbone,62400.0,9360.0,0.15,53040.0,36,2734.13,0.0825,33145.94,Public School Teacher,Living with Parents/Relatives,Widowed,22.2,9,0.25,4,0,0,0.0,0.0,0.906,0,0,active,22.8,9,4,3.97,0.9143,0,0,completed
SYNTH-02842,3,TUBOD,SUZUKI,SMASH 115,Underbone,62400.0,7488.0,0.12,54912.0,12,5965.76,0.1784,33440.6,BPO / Call Center Agent,Rented (Apartment/House),Widowed,10.9,6,0.6667,0,3,2,11931.52,0.377,0.647,0,0,defaulted,40.5,7,3,3.59,0.6209,0,0,defaulted
SYNTH-02843,3,TUBOD,HONDA,TMX125 ALPHA,Backbone/Utility,57900.0,6948.0,0.12,50952.0,24,3342.04,0.0939,35603.3,Employed (Private/Gov),Owned (Clean Title),Widowed,4.7,8,0.375,0,0,1,3342.04,0.063,0.645,0,0,delinquent,56.1,6,3,2.84,0.6126,0,1,defaulted
SYNTH-02844,2,KAPATAGAN,HONDA,WAVE RSX,Underbone,64900.0,12980.0,0.2,51920.0,36,2680.62,0.0497,53914.26,OFW Remittance / Dependent,Living with Parents/Relatives,Married,3.7,13,0.3889,3,0,1,2680.62,0.022,0.797,0,0,delinquent,27.5,1,3,3.03,0.7359,0,0,completed
SYNTH-02845,2,KAPATAGAN,KAWASAKI,CT100B,Backbone/Utility,54000.0,5400.0,0.1,48600.0,36,2522.0,0.0357,70580.68,OFW Remittance / Dependent,Living with Parents/Relatives,Married,5.4,20,0.5556,4,0,0,0.0,0.0,0.979,0,0,active,15.1,5,4,3.94,0.9715,1,0,early_settled
SYNTH-02846,1,LALA,HONDA,PCX160,Maxi-Scooter,134900.0,33725.0,0.25,101175.0,24,6439.12,0.2692,23917.33,Employed (Private/Gov),Owned (Clean Title),Widowed,9.9,5,0.375,0,3,4,25756.48,0.288,0.432,0,1,defaulted,34.9,11,3,2.79,0.5506,0,1,defaulted
SYNTH-02847,3,TUBOD,SUZUKI,SMASH 115,Underbone,62400.0,9360.0,0.15,53040.0,36,2734.13,0.161,16982.93,Tricycle / PUV Operator,Living with Parents/Relatives,Married,6.2,22,0.6944,0,1,3,8202.39,0.233,0.491,1,0,defaulted,45.8,7,3,3.37,0.509,0,1,defaulted
SYNTH-02848,2,KAPATAGAN,YAMAHA,SNIPER 155,Sport Underbone,123900.0,18585.0,0.15,105315.0,36,5231.72,0.2377,22006.39,Tricycle / PUV Operator,Owned (Inherited/Tax Dec),Married,6.3,10,0.3333,1,4,2,10463.44,0.243,0.46,1,0,defaulted,43.4,11,3,2.72,0.5,0,1,defaulted
SYNTH-02849,3,TUBOD,SUZUKI,RAIDER 150 FI,Sport Underbone,119900.0,11990.0,0.1,107910.0,24,6854.45,0.2819,24316.03,BPO / Call Center Agent,Living with Parents/Relatives,Single,9.6,1,0.0833,0,3,1,6854.45,0.327,0.631,1,0,delinquent,38.9,9,2,1.84,0.6685,0,1,defaulted
SYNTH-02850,1,LALA,KAWASAKI,CT100B,Backbone/Utility,54000.0,10800.0,0.2,43200.0,12,4736.0,0.1855,25530.68,BPO / Call Center Agent,Owned (Inherited/Tax Dec),Married,4.3,6,0.75,0,3,3,14208.0,0.168,0.587,0,0,defaulted,16.7,9,5,4.93,0.5959,0,1,defaulted
SYNTH-02851,1,LALA,HONDA,BEAT PREMIUM,Scooter,72400.0,8688.0,0.12,63712.0,36,3244.02,0.0937,34627.1,OFW Remittance / Dependent,Rented (Apartment/House),Married,9.2,30,0.8611,3,0,1,3244.02,0.015,0.696,0,0,delinquent,47.4,2,5,5.27,0.7483,0,1,defaulted
SYNTH-02852,2,KAPATAGAN,YAMAHA,NMAX 155,Maxi-Scooter,151900.0,37975.0,0.25,113925.0,36,5643.08,0.1762,32029.86,Employed (Private/Gov),Rented (Apartment/House),Widowed,20.9,21,0.6944,0,1,4,22572.32,0.357,0.486,0,0,defaulted,18.6,12,5,5.62,0.5888,0,1,defaulted
SYNTH-02853,2,KAPATAGAN,KAWASAKI,ROUSER NS125,Sport Backbone,82000.0,8200.0,0.1,73800.0,36,3726.0,0.181,20590.82,Sari-Sari / Small Retail,Owned (Clean Title),Married,3.8,30,0.9444,0,1,4,14904.0,0.316,0.542,1,0,defaulted,59.4,5,2,1.89,0.5277,0,0,defaulted
SYNTH-02854,2,KAPATAGAN,HONDA,PCX160,Maxi-Scooter,134900.0,16188.0,0.12,118712.0,12,12664.76,0.2612,48486.73,OFW Remittance / Dependent,Owned (Clean Title),Single,14.2,6,0.5,0,0,0,0.0,0.092,0.785,1,0,active,28.1,5,2,1.59,0.7504,0,1,defaulted
SYNTH-02855,1,LALA,HONDA,TMX125 ALPHA,Backbone/Utility,57900.0,14475.0,0.25,43425.0,36,2274.75,0.1195,19037.23,BPO / Call Center Agent,Owned (Inherited/Tax Dec),Widowed,6.8,15,0.4167,1,0,0,0.0,0.11,0.692,1,0,active,21.6,2,6,6.39,0.7416,0,0,completed
SYNTH-02856,2,KAPATAGAN,SUZUKI,SMASH 115,Underbone,62400.0,12480.0,0.2,49920.0,12,5441.6,0.1142,47664.41,OFW Remittance / Dependent,Owned (Inherited/Tax Dec),Married,4.8,9,0.8333,3,1,1,5441.6,0.15,0.751,0,0,delinquent,45.4,1,3,2.73,0.6713,1,0,completed
SYNTH-02857,3,TUBOD,HONDA,PCX160,Maxi-Scooter,134900.0,16188.0,0.12,118712.0,36,5871.8,0.1346,43620.35,OFW Remittance / Dependent,Owned (Clean Title),Married,5.6,17,0.4722,7,0,0,0.0,0.0,0.987,0,0,active,39.3,8,2,2.32,1.0084,1,0,early_settled
SYNTH-02858,1,LALA,YAMAHA,SNIPER 155,Sport Underbone,123900.0,18585.0,0.15,105315.0,12,11258.07,0.3037,37072.89,Public School Teacher,Owned (Inherited/Tax Dec),Widowed,11.7,7,0.8333,0,2,3,33774.21,0.234,0.577,0,0,defaulted,24.3,8,4,4.54,0.6228,0,1,defaulted
SYNTH-02859,2,KAPATAGAN,YAMAHA,SNIPER 155,Sport Underbone,123900.0,24780.0,0.2,99120.0,36,4935.73,0.2092,23592.5,Tricycle / PUV Operator,Rented (Apartment/House),Married,10.2,32,0.9167,0,2,1,4935.73,0.384,0.463,1,0,delinquent,27.1,11,3,3.3,0.5077,0,1,defaulted
SYNTH-02860,3,TUBOD,SUZUKI,SMASH 115,Underbone,62400.0,6240.0,0.1,56160.0,24,3663.2,0.2254,16251.44,Agri / Farmer / Fisherfolk,Owned (Inherited/Tax Dec),Widowed,6.6,15,0.6667,0,1,1,3663.2,0.182,0.413,0,1,delinquent,50.2,11,3,2.63,0.5,0,1,defaulted
SYNTH-02861,3,TUBOD,HONDA,ADV160,Adventure Scooter,166900.0,20028.0,0.12,146872.0,36,7217.22,0.1326,54417.86,OFW Remittance / Dependent,Owned (Clean Title),Married,13.1,4,0.1111,2,0,0,0.0,0.0,0.908,0,0,active,53.6,6,1,0.88,0.7874,0,0,completed
SYNTH-02862,2,KAPATAGAN,HONDA,CLICK 125I,Scooter,81400.0,24420.0,0.3,56980.0,36,2922.38,0.1191,24544.24,Agri / Farmer / Fisherfolk,Owned (Inherited/Tax Dec),Married,6.0,23,0.75,1,4,4,11689.52,0.303,0.287,0,0,defaulted,39.8,6,4,3.46,0.5,0,1,defaulted
SYNTH-02863,2,KAPATAGAN,YAMAHA,AEROX 155,Sport Scooter,125400.0,12540.0,0.1,112860.0,24,7159.7,0.2596,27575.98,BPO / Call Center Agent,Owned (Clean Title),Widowed,2.0,5,0.25,0,1,1,7159.7,0.421,0.425,0,1,delinquent,34.9,3,3,3.41,0.5,0,1,defaulted
SYNTH-02864,2,KAPATAGAN,KAWASAKI,ROUSER NS125,Sport Backbone,82000.0,9840.0,0.12,72160.0,24,4649.87,0.2672,17401.41,Agri / Farmer / Fisherfolk,Living with Parents/Relatives,Single,7.1,8,0.375,0,3,1,4649.87,0.413,0.502,0,0,delinquent,15.1,4,3,3.07,0.5273,0,1,defaulted
SYNTH-02865,2,KAPATAGAN,YAMAHA,MIO FAZZIO,Retro Scooter,93900.0,14085.0,0.15,79815.0,12,8580.57,0.1905,45051.7,OFW Remittance / Dependent,Owned (Inherited/Tax Dec),Married,3.5,7,0.9167,0,4,4,34322.28,0.239,0.567,0,0,defaulted,35.7,8,3,2.55,0.5641,0,1,defaulted
SYNTH-02866,3,TUBOD,YAMAHA,NMAX 155,Maxi-Scooter,151900.0,18228.0,0.12,133672.0,24,8443.11,0.2584,32668.76,Tricycle / PUV Operator,Living with Parents/Relatives,Married,4.3,14,0.6667,0,3,2,16886.22,0.296,0.509,1,1,defaulted,22.7,12,4,4.19,0.6026,0,0,defaulted
SYNTH-02867,3,TUBOD,KAWASAKI,ROUSER NS125,Sport Backbone,82000.0,16400.0,0.2,65600.0,12,7088.0,0.2325,30483.56,BPO / Call Center Agent,Rented (Apartment/House),Single,6.0,2,0.5,0,2,4,28352.0,0.228,0.401,0,0,defaulted,28.0,5,2,1.72,0.5,0,1,defaulted
SYNTH-02868,3,TUBOD,YAMAHA,NMAX 155,Maxi-Scooter,151900.0,30380.0,0.2,121520.0,36,6005.96,0.0771,77901.17,OFW Remittance / Dependent,Owned (Inherited/Tax Dec),Married,3.6,32,0.8889,2,2,0,0.0,0.056,0.613,0,0,active,63.1,11,3,3.41,0.7048,0,0,completed
SYNTH-02869,3,TUBOD,YAMAHA,MIO SPORTY,Scooter,73900.0,18475.0,0.25,55425.0,12,6019.62,0.2236,26922.09,OFW Remittance / Dependent,Owned (Clean Title),Widowed,6.8,5,0.4167,0,1,0,0.0,0.08,0.774,0,0,active,49.9,7,4,4.2,0.8169,0,0,completed
SYNTH-02870,3,TUBOD,YAMAHA,MIO SPORTY,Scooter,73900.0,18475.0,0.25,55425.0,36,2848.08,0.1781,15995.77,BPO / Call Center Agent,Living with Parents/Relatives,Married,10.0,18,0.6111,0,2,4,11392.32,0.195,0.476,0,1,defaulted,29.3,5,4,3.69,0.5,0,1,defaulted
SYNTH-02871,2,KAPATAGAN,HONDA,PCX160,Maxi-Scooter,134900.0,13490.0,0.1,121410.0,36,6000.7,0.1293,46393.96,OFW Remittance / Dependent,Owned (Inherited/Tax Dec),Widowed,3.2,17,0.5,0,2,1,6000.7,0.062,0.652,0,0,delinquent,12.8,4,4,3.76,0.7153,0,0,completed
SYNTH-02872,1,LALA,KAWASAKI,CT100B,Backbone/Utility,54000.0,10800.0,0.2,43200.0,24,2864.0,0.108,26525.7,BPO / Call Center Agent,Owned (Clean Title),Single,4.5,16,0.7083,3,0,1,2864.0,0.021,0.743,0,0,delinquent,16.9,6,4,3.82,0.6308,0,1,defaulted
SYNTH-02873,3,TUBOD,HONDA,WAVE RSX,Underbone,64900.0,19470.0,0.3,45430.0,12,4970.15,0.2495,19917.55,Tricycle / PUV Operator,Owned (Inherited/Tax Dec),Single,14.5,9,0.8333,0,4,1,4970.15,0.316,0.349,0,0,delinquent,45.9,4,3,2.62,0.5,0,1,defaulted
SYNTH-02874,1,LALA,KAWASAKI,P24KK (BARAKO II),Backbone/Tricycle,68500.0,17125.0,0.25,51375.0,12,5594.38,0.1607,34806.08,Employed (Private/Gov),Living with Parents/Relatives,Married,3.2,7,0.9167,0,2,4,22377.52,0.419,0.254,0,0,defaulted,43.6,3,4,3.78,0.5,0,1,defaulted
SYNTH-02875,3,TUBOD,HONDA,CLICK 125I,Scooter,81400.0,20350.0,0.25,61050.0,12,6610.25,0.4023,16430.11,Tricycle / PUV Operator,Owned (Inherited/Tax Dec),Single,7.2,8,0.75,0,2,1,6610.25,0.204,0.638,1,1,delinquent,61.5,12,4,4.33,0.7378,0,1,defaulted
SYNTH-02876,3,TUBOD,YAMAHA,NMAX 155,Maxi-Scooter,151900.0,30380.0,0.2,121520.0,24,7693.73,0.2333,32970.84,BPO / Call Center Agent,Rented (Apartment/House),Widowed,4.7,8,0.4583,0,4,3,23081.19,0.352,0.597,0,0,defaulted,54.9,1,2,1.83,0.5,0,1,defaulted
SYNTH-02877,1,LALA,KAWASAKI,CT100B,Backbone/Utility,54000.0,16200.0,0.3,37800.0,36,2006.0,0.1275,15731.24,Sari-Sari / Small Retail,Owned (Clean Title),Married,13.0,17,0.4722,1,1,0,0.0,0.051,0.807,0,0,active,21.2,7,5,4.59,0.7595,0,1,defaulted
SYNTH-02878,3,TUBOD,HONDA,WAVE RSX,Underbone,64900.0,6490.0,0.1,58410.0,12,6333.05,0.2744,23081.66,Sari-Sari / Small Retail,Living with Parents/Relatives,Married,7.8,7,0.75,1,2,2,12666.1,0.16,0.596,0,1,defaulted,46.2,2,3,3.42,0.5863,0,0,defaulted
SYNTH-02879,1,LALA,YAMAHA,MIO GEAR 125,Scooter,79400.0,19850.0,0.25,59550.0,36,3045.17,0.1178,25846.54,Tricycle / PUV Operator,Owned (Clean Title),Married,3.5,17,0.5833,0,1,4,12180.68,0.434,0.21,1,0,defaulted,55.2,3,4,3.6,0.5,0,1,defaulted
SYNTH-02880,2,KAPATAGAN,HONDA,CLICK 125I,Scooter,81400.0,12210.0,0.15,69190.0,36,3505.74,0.1084,32355.09,BPO / Call Center Agent,Rented (Apartment/House),Married,5.5,5,0.2222,1,3,3,10517.22,0.349,0.365,0,0,defaulted,50.3,7,4,3.54,0.5,0,1,defaulted
SYNTH-02881,2,KAPATAGAN,SUZUKI,SMASH 115,Underbone,62400.0,15600.0,0.25,46800.0,24,3086.0,0.0993,31072.13,Public School Teacher,Living with Parents/Relatives,Married,4.4,15,0.625,1,0,0,0.0,0.075,0.801,0,0,active,38.0,10,4,4.09,0.8582,0,1,defaulted
SYNTH-02882,2,KAPATAGAN,YAMAHA,SNIPER 155,Sport Underbone,123900.0,14868.0,0.12,109032.0,36,5409.31,0.1352,40004.39,Public School Teacher,Living with Parents/Relatives,Married,3.1,15,0.4167,2,2,0,0.0,0.132,0.772,0,0,active,56.8,3,3,2.69,0.7736,0,0,completed
SYNTH-02883,2,KAPATAGAN,SUZUKI,SMASH 115,Underbone,62400.0,18720.0,0.3,43680.0,24,2893.6,0.0592,48861.92,Public School Teacher,Living with Parents/Relatives,Single,4.0,18,0.7917,2,2,1,2893.6,0.082,0.789,0,0,delinquent,48.3,12,4,3.39,0.9061,0,0,completed
SYNTH-02884,2,KAPATAGAN,SUZUKI,BURGMAN STREET 125,Maxi-Scooter,83400.0,16680.0,0.2,66720.0,36,3387.73,0.1689,20052.6,Employed (Private/Gov),Living with Parents/Relatives,Married,7.6,18,0.5278,2,1,1,3387.73,0.042,0.676,0,0,delinquent,61.1,10,3,2.89,0.7361,0,1,defaulted
SYNTH-02885,1,LALA,HONDA,CLICK 125I,Scooter,81400.0,9768.0,0.12,71632.0,12,7721.36,0.1615,47801.7,OFW Remittance / Dependent,Owned (Clean Title),Married,3.3,11,1.0,3,1,1,7721.36,0.067,0.79,0,0,delinquent,56.4,2,4,4.41,0.7596,1,0,completed
SYNTH-02886,3,TUBOD,SUZUKI,BURGMAN STREET 125,Maxi-Scooter,83400.0,8340.0,0.1,75060.0,36,3786.2,0.1111,34084.95,BPO / Call Center Agent,Rented (Apartment/House),Married,6.9,19,0.5556,0,4,1,3786.2,0.38,0.431,0,0,delinquent,63.5,7,3,3.02,0.5,0,1,defaulted
SYNTH-02887,2,KAPATAGAN,HONDA,BEAT PREMIUM,Scooter,72400.0,18100.0,0.25,54300.0,36,2794.33,0.2094,13345.29,Agri / Farmer / Fisherfolk,Living with Parents/Relatives,Single,3.8,1,0.0556,0,3,1,2794.33,0.38,0.444,0,0,delinquent,39.4,11,5,4.28,0.5,0,1,defaulted
SYNTH-02888,2,KAPATAGAN,KAWASAKI,P24KK (BARAKO II),Backbone/Tricycle,68500.0,6850.0,0.1,61650.0,36,3145.5,0.0502,62715.96,OFW Remittance / Dependent,Rented (Apartment/House),Single,5.9,26,0.75,0,0,1,3145.5,0.0,0.714,1,0,delinquent,19.9,10,5,4.84,0.6954,0,0,completed
SYNTH-02889,1,LALA,HONDA,PCX160,Maxi-Scooter,134900.0,16188.0,0.12,118712.0,24,7520.57,0.2344,32084.14,BPO / Call Center Agent,Living with Parents/Relatives,Married,13.7,14,0.6667,0,3,2,15041.14,0.296,0.304,0,0,defaulted,52.3,4,3,3.21,0.5,0,1,defaulted
SYNTH-02890,1,LALA,SUZUKI,SMASH 115,Underbone,62400.0,15600.0,0.25,46800.0,36,2436.0,0.1223,19910.72,Agri / Farmer / Fisherfolk,Rented (Apartment/House),Widowed,1.2,21,0.6111,0,3,1,2436.0,0.368,0.474,0,0,delinquent,35.2,9,4,4.07,0.5,0,1,defaulted
SYNTH-02891,1,LALA,YAMAHA,MIO GEAR 125,Scooter,79400.0,11910.0,0.15,67490.0,36,3424.52,0.0994,34445.36,OFW Remittance / Dependent,Rented (Apartment/House),Single,11.7,26,0.75,3,0,1,3424.52,0.063,0.631,0,0,delinquent,10.7,1,5,5.08,0.6055,0,0,completed
SYNTH-02892,3,TUBOD,KAWASAKI,P24KK (BARAKO II),Backbone/Tricycle,68500.0,20550.0,0.3,47950.0,12,5234.75,0.183,28599.02,BPO / Call Center Agent,Owned (Inherited/Tax Dec),Widowed,10.6,0,0.0833,2,2,1,5234.75,0.022,0.61,0,0,delinquent,56.6,2,3,2.54,0.5758,0,0,completed
SYNTH-02893,1,LALA,KAWASAKI,P24KK (BARAKO II),Backbone/Tricycle,68500.0,8220.0,0.12,60280.0,36,3080.04,0.0784,39291.42,Public School Teacher,Living with Parents/Relatives,Widowed,5.8,9,0.25,5,0,0,0.0,0.0,0.925,0,0,active,18.6,2,6,5.57,0.9422,0,0,completed
SYNTH-02894,3,TUBOD,HONDA,BEAT PREMIUM,Scooter,72400.0,8688.0,0.12,63712.0,12,6889.76,0.1174,58707.08,OFW Remittance / Dependent,Rented (Apartment/House),Widowed,2.9,0,0.1667,0,4,4,27559.04,0.328,0.601,0,0,defaulted,40.1,12,4,4.0,0.6921,0,1,defaulted
SYNTH-02895,2,KAPATAGAN,SUZUKI,BURGMAN STREET 125,Maxi-Scooter,83400.0,20850.0,0.25,62550.0,24,4057.25,0.1159,35009.01,BPO / Call Center Agent,Living with Parents/Relatives,Widowed,6.0,21,0.875,3,2,0,0.0,0.095,0.624,1,0,active,33.3,6,3,2.73,0.5418,0,0,completed
SYNTH-02896,1,LALA,YAMAHA,SNIPER 155,Sport Underbone,123900.0,24780.0,0.2,99120.0,36,4935.73,0.2364,20878.41,Tricycle / PUV Operator,Owned (Clean Title),Married,6.8,11,0.3333,0,3,1,4935.73,0.19,0.369,0,1,delinquent,36.5,2,3,3.25,0.5,0,1,defaulted
SYNTH-02897,1,LALA,YAMAHA,SNIPER 155,Sport Underbone,123900.0,24780.0,0.2,99120.0,12,10607.6,0.1736,61116.66,OFW Remittance / Dependent,Rented (Apartment/House),Single,2.5,0,0.3333,0,1,4,42430.4,0.272,0.277,1,0,defaulted,56.7,9,3,2.98,0.5,0,1,defaulted
SYNTH-02898,2,KAPATAGAN,YAMAHA,MIO GEAR 125,Scooter,79400.0,9528.0,0.12,69872.0,24,4508.77,0.1081,41726.6,Public School Teacher,Rented (Apartment/House),Single,8.1,5,0.25,1,0,1,4508.77,0.008,0.826,0,0,delinquent,42.1,4,4,3.9,0.9164,0,0,completed
SYNTH-02899,3,TUBOD,YAMAHA,MIO GEAR 125,Scooter,79400.0,23820.0,0.3,55580.0,24,3627.43,0.1344,26992.63,BPO / Call Center Agent,Rented (Apartment/House),Married,3.3,9,0.4167,0,3,1,3627.43,0.253,0.318,1,0,delinquent,50.8,12,3,3.02,0.5,0,1,defaulted
SYNTH-02900,1,LALA,HONDA,WAVE RSX,Underbone,64900.0,7788.0,0.12,57112.0,12,6196.76,0.5164,12000.0,Agri / Farmer / Fisherfolk,Owned (Inherited/Tax Dec),Widowed,3.4,0,0.25,0,2,4,24787.04,0.17,0.619,1,0,defaulted,62.2,12,4,4.49,0.6906,0,1,defaulted
SYNTH-02901,2,KAPATAGAN,HONDA,BEAT PREMIUM,Scooter,72400.0,7240.0,0.1,65160.0,36,3313.2,0.1322,25059.08,Tricycle / PUV Operator,Owned (Inherited/Tax Dec),Married,5.4,7,0.2222,1,2,1,3313.2,0.329,0.335,0,0,delinquent,61.5,11,5,5.04,0.5,0,1,defaulted
SYNTH-02902,2,KAPATAGAN,SUZUKI,BURGMAN STREET 125,Maxi-Scooter,83400.0,20850.0,0.25,62550.0,36,3188.5,0.0524,60872.02,OFW Remittance / Dependent,Rented (Apartment/House),Married,9.5,22,0.6111,1,2,0,0.0,0.029,0.697,0,0,active,23.5,3,5,5.36,0.7064,0,1,defaulted
SYNTH-02903,3,TUBOD,HONDA,PCX160,Maxi-Scooter,134900.0,16188.0,0.12,118712.0,36,5871.8,0.2137,27477.87,BPO / Call Center Agent,Rented (Apartment/House),Single,11.6,22,0.7222,0,4,4,23487.2,0.177,0.574,1,0,defaulted,48.4,5,2,1.95,0.5869,0,0,defaulted
SYNTH-02904,2,KAPATAGAN,HONDA,TMX125 ALPHA,Backbone/Utility,57900.0,8685.0,0.15,49215.0,12,5367.57,0.1915,28032.38,Sari-Sari / Small Retail,Owned (Clean Title),Married,10.5,7,0.8333,1,3,3,16102.71,0.297,0.291,1,1,defaulted,53.0,10,4,3.38,0.5,0,1,defaulted
SYNTH-02905,1,LALA,HONDA,TMX125 ALPHA,Backbone/Utility,57900.0,11580.0,0.2,46320.0,36,2413.07,0.0983,24556.97,Tricycle / PUV Operator,Living with Parents/Relatives,Single,5.5,22,0.6667,0,3,2,4826.14,0.354,0.45,0,1,defaulted,60.1,12,5,4.45,0.5196,0,1,defaulted
SYNTH-02906,2,KAPATAGAN,YAMAHA,MIO SPORTY,Scooter,73900.0,7390.0,0.1,66510.0,24,4301.45,0.1463,29407.33,Public School Teacher,Rented (Apartment/House),Married,6.8,19,0.7917,2,0,0,0.0,0.004,0.748,1,0,active,35.0,8,4,3.78,0.7358,0,0,completed
SYNTH-02907,3,TUBOD,HONDA,CLICK 160,Scooter,122900.0,24580.0,0.2,98320.0,36,4897.51,0.1398,35042.18,BPO / Call Center Agent,Owned (Clean Title),Married,5.6,21,0.6111,1,1,1,4897.51,0.079,0.819,0,0,delinquent,55.2,9,3,2.69,0.8166,0,0,completed
SYNTH-02908,2,KAPATAGAN,HONDA,TMX125 ALPHA,Backbone/Utility,57900.0,17370.0,0.3,40530.0,36,2136.43,0.1601,13343.38,Agri / Farmer / Fisherfolk,Owned (Inherited/Tax Dec),Married,2.1,2,0.1389,0,1,3,6409.29,0.225,0.261,0,0,defaulted,44.8,10,4,4.55,0.5,0,1,defaulted
SYNTH-02909,1,LALA,KAWASAKI,P24KK (BARAKO II),Backbone/Tricycle,68500.0,13700.0,0.2,54800.0,36,2818.22,0.0641,43988.92,BPO / Call Center Agent,Owned (Clean Title),Widowed,16.5,27,0.75,6,0,0,0.0,0.0,0.928,0,0,active,41.5,3,4,3.86,0.9727,1,0,early_settled
SYNTH-02910,1,LALA,YAMAHA,MIO FAZZIO,Retro Scooter,93900.0,23475.0,0.25,70425.0,36,3564.75,0.13,27418.29,Employed (Private/Gov),Living with Parents/Relatives,Married,4.1,0,0.0556,0,3,3,10694.25,0.254,0.232,0,0,defaulted,45.7,12,4,3.81,0.5,0,1,defaulted
SYNTH-02911,2,KAPATAGAN,YAMAHA,MIO SPORTY,Scooter,73900.0,7390.0,0.1,66510.0,36,3377.7,0.1009,33491.29,BPO / Call Center Agent,Rented (Apartment/House),Widowed,2.6,13,0.4444,1,4,3,10133.1,0.443,0.481,0,1,defaulted,63.8,1,4,3.68,0.5,0,1,defaulted
SYNTH-02912,3,TUBOD,SUZUKI,BURGMAN STREET 125,Maxi-Scooter,83400.0,25020.0,0.3,58380.0,24,3800.1,0.1561,24347.61,Agri / Farmer / Fisherfolk,Owned (Clean Title),Married,4.2,11,0.5417,1,4,2,7600.2,0.43,0.513,1,1,defaulted,11.5,12,4,3.98,0.583,0,1,defaulted
SYNTH-02913,2,KAPATAGAN,SUZUKI,BURGMAN STREET 125,Maxi-Scooter,83400.0,8340.0,0.1,75060.0,36,3786.2,0.1949,19430.28,Agri / Farmer / Fisherfolk,Owned (Inherited/Tax Dec),Widowed,9.2,15,0.5278,0,2,4,15144.8,0.391,0.225,1,0,defaulted,26.6,6,3,3.06,0.5,0,1,defaulted
SYNTH-02914,3,TUBOD,KAWASAKI,P24KK (BARAKO II),Backbone/Tricycle,68500.0,13700.0,0.2,54800.0,24,3579.33,0.1161,30822.83,BPO / Call Center Agent,Owned (Clean Title),Widowed,14.9,5,0.2083,0,2,0,0.0,0.102,0.72,1,0,active,31.9,4,3,3.01,0.7769,0,0,completed
SYNTH-02915,3,TUBOD,HONDA,WAVE RSX,Underbone,64900.0,16225.0,0.25,48675.0,12,5310.88,0.2603,20405.56,Sari-Sari / Small Retail,Owned (Clean Title),Single,3.1,6,0.8333,0,4,4,21243.52,0.256,0.424,0,1,defaulted,10.3,1,3,3.05,0.5,0,1,defaulted
SYNTH-02916,1,LALA,YAMAHA,AEROX 155,Sport Scooter,125400.0,25080.0,0.2,100320.0,24,6386.4,0.1481,43130.01,Public School Teacher,Living with Parents/Relatives,Married,2.2,12,0.5,3,1,0,0.0,0.139,0.807,0,0,active,14.1,1,4,3.8,0.7563,0,1,defaulted
SYNTH-02917,2,KAPATAGAN,YAMAHA,MIO FAZZIO,Retro Scooter,93900.0,11268.0,0.12,82632.0,36,4147.97,0.2911,14247.08,Tricycle / PUV Operator,Living with Parents/Relatives,Widowed,5.7,26,0.75,0,4,1,4147.97,0.258,0.492,1,0,delinquent,19.3,10,4,4.48,0.5,0,1,defaulted
SYNTH-02918,1,LALA,HONDA,PCX160,Maxi-Scooter,134900.0,40470.0,0.3,94430.0,24,6023.18,0.1948,30921.51,BPO / Call Center Agent,Living with Parents/Relatives,Single,4.6,7,0.4583,0,4,4,24092.72,0.266,0.353,0,1,defaulted,16.6,6,3,3.22,0.5,0,1,defaulted
SYNTH-02919,3,TUBOD,SUZUKI,RAIDER 150 FI,Sport Underbone,119900.0,17985.0,0.15,101915.0,36,5069.27,0.1171,43306.47,BPO / Call Center Agent,Owned (Clean Title),Single,6.7,14,0.3889,0,0,0,0.0,0.009,0.778,0,0,active,51.8,3,2,1.85,0.7716,0,0,completed
SYNTH-02920,2,KAPATAGAN,KAWASAKI,CT100B,Backbone/Utility,54000.0,13500.0,0.25,40500.0,24,2697.5,0.0974,27680.92,BPO / Call Center Agent,Owned (Clean Title),Single,9.7,2,0.0833,2,0,0,0.0,0.0,0.888,0,0,active,39.6,1,3,2.76,0.7722,0,0,completed
SYNTH-02921,1,LALA,KAWASAKI,ROUSER NS125,Sport Backbone,82000.0,16400.0,0.2,65600.0,24,4245.33,0.1436,29553.9,BPO / Call Center Agent,Owned (Clean Title),Married,8.2,24,1.0,0,0,0,0.0,0.026,0.642,1,0,active,13.4,1,3,2.75,0.5829,0,0,completed
SYNTH-02922,1,LALA,YAMAHA,AEROX 155,Sport Scooter,125400.0,37620.0,0.3,87780.0,24,5613.1,0.1476,38041.19,Public School Teacher,Living with Parents/Relatives,Married,7.2,7,0.3333,2,2,1,5613.1,0.104,0.689,0,0,delinquent,24.6,10,4,3.88,0.6281,0,0,completed
SYNTH-02923,1,LALA,SUZUKI,BURGMAN STREET 125,Maxi-Scooter,83400.0,8340.0,0.1,75060.0,12,8081.3,0.4212,19188.36,Tricycle / PUV Operator,Owned (Clean Title),Married,8.5,6,0.8333,1,3,4,32325.2,0.176,0.358,0,0,defaulted,48.2,4,4,3.82,0.5,0,1,defaulted
SYNTH-02924,1,LALA,YAMAHA,MIO GEAR 125,Scooter,79400.0,23820.0,0.3,55580.0,36,2855.49,0.0401,71180.37,OFW Remittance / Dependent,Owned (Inherited/Tax Dec),Married,5.0,12,0.3333,6,0,0,0.0,0.0,0.879,0,0,active,44.8,2,4,4.15,0.9272,0,0,completed
SYNTH-02925,1,LALA,SUZUKI,BURGMAN STREET 125,Maxi-Scooter,83400.0,20850.0,0.25,62550.0,36,3188.5,0.1227,25976.24,Tricycle / PUV Operator,Owned (Clean Title),Married,9.6,17,0.5556,1,1,3,9565.5,0.232,0.529,1,0,defaulted,56.1,3,4,4.15,0.5097,0,1,defaulted
SYNTH-02926,2,KAPATAGAN,SUZUKI,BURGMAN STREET 125,Maxi-Scooter,83400.0,10008.0,0.12,73392.0,36,3706.51,0.0857,43256.8,BPO / Call Center Agent,Owned (Clean Title),Married,5.5,16,0.4444,9,0,0,0.0,0.0,0.984,0,0,active,57.0,8,3,3.16,0.9632,0,0,completed
SYNTH-02927,3,TUBOD,YAMAHA,NMAX 155,Maxi-Scooter,151900.0,45570.0,0.3,106330.0,12,11364.65,0.294,38655.47,BPO / Call Center Agent,Rented (Apartment/House),Widowed,15.3,6,0.5833,0,3,1,11364.65,0.222,0.312,0,0,delinquent,34.6,1,2,2.03,0.5,0,0,defaulted
SYNTH-02928,3,TUBOD,HONDA,WAVE RSX,Underbone,64900.0,9735.0,0.15,55165.0,24,3601.84,0.1779,20251.12,Sari-Sari / Small Retail,Rented (Apartment/House),Married,19.6,9,0.4167,1,2,1,3601.84,0.204,0.57,0,0,delinquent,34.6,3,3,3.24,0.6284,0,1,defaulted
SYNTH-02929,3,TUBOD,SUZUKI,BURGMAN STREET 125,Maxi-Scooter,83400.0,10008.0,0.12,73392.0,36,3706.51,0.2113,17541.88,Tricycle / PUV Operator,Owned (Inherited/Tax Dec),Widowed,12.0,23,0.6944,0,2,2,7413.02,0.3,0.351,0,0,defaulted,31.6,5,3,3.26,0.5,0,1,defaulted
SYNTH-02930,3,TUBOD,HONDA,PCX160,Maxi-Scooter,134900.0,13490.0,0.1,121410.0,12,12948.05,0.4283,30229.11,Sari-Sari / Small Retail,Living with Parents/Relatives,Single,11.2,1,0.1667,0,4,1,12948.05,0.418,0.243,1,0,delinquent,13.2,8,3,3.47,0.5,0,1,defaulted
SYNTH-02931,2,KAPATAGAN,HONDA,PCX160,Maxi-Scooter,134900.0,16188.0,0.12,118712.0,36,5871.8,0.2317,25336.96,Sari-Sari / Small Retail,Owned (Inherited/Tax Dec),Married,13.4,1,0.1111,0,4,3,17615.4,0.437,0.639,0,0,defaulted,43.6,10,2,2.26,0.6252,0,1,defaulted
SYNTH-02932,1,LALA,KAWASAKI,P24KK (BARAKO II),Backbone/Tricycle,68500.0,13700.0,0.2,54800.0,24,3579.33,0.187,19145.48,Tricycle / PUV Operator,Owned (Clean Title),Married,3.5,14,0.625,0,4,1,3579.33,0.152,0.513,0,0,delinquent,47.0,10,4,3.96,0.5,0,1,defaulted
SYNTH-02933,2,KAPATAGAN,HONDA,TMX125 ALPHA,Backbone/Utility,57900.0,11580.0,0.2,46320.0,36,2413.07,0.0793,30415.02,BPO / Call Center Agent,Living with Parents/Relatives,Married,7.6,4,0.1389,1,1,1,2413.07,0.146,0.689,0,0,delinquent,32.0,5,4,3.48,0.6989,0,0,completed
SYNTH-02934,3,TUBOD,YAMAHA,MIO GEAR 125,Scooter,79400.0,11910.0,0.15,67490.0,12,7286.45,0.2026,35970.93,Employed (Private/Gov),Living with Parents/Relatives,Married,8.3,0,0.25,0,4,3,21859.35,0.315,0.497,0,0,defaulted,39.6,9,3,2.67,0.5,0,1,defaulted
SYNTH-02935,3,TUBOD,HONDA,BEAT PREMIUM,Scooter,72400.0,21720.0,0.3,50680.0,36,2621.38,0.1336,19617.84,Agri / Farmer / Fisherfolk,Living with Parents/Relatives,Married,5.2,1,0.1111,1,1,3,7864.14,0.253,0.243,0,0,defaulted,32.0,2,3,2.64,0.5,0,1,defaulted
SYNTH-02936,2,KAPATAGAN,YAMAHA,NMAX 155,Maxi-Scooter,151900.0,22785.0,0.15,129115.0,24,8162.09,0.3167,25774.23,BPO / Call Center Agent,Owned (Inherited/Tax Dec),Married,9.2,0,0.125,0,4,4,32648.36,0.292,0.376,1,0,defaulted,59.2,11,4,3.79,0.5,0,0,defaulted
SYNTH-02937,2,KAPATAGAN,HONDA,CLICK 160,Scooter,122900.0,30725.0,0.25,92175.0,36,4603.92,0.1969,23381.84,Tricycle / PUV Operator,Rented (Apartment/House),Single,1.7,12,0.3611,1,2,1,4603.92,0.382,0.559,0,1,delinquent,48.7,12,4,3.59,0.6739,0,1,defaulted
SYNTH-02938,1,LALA,HONDA,TMX125 ALPHA,Backbone/Utility,57900.0,11580.0,0.2,46320.0,24,3056.4,0.1125,27173.89,Agri / Farmer / Fisherfolk,Rented (Apartment/House),Married,13.3,0,0.0833,0,3,3,9169.2,0.351,0.237,0,0,defaulted,57.3,9,4,3.57,0.5,0,0,defaulted
SYNTH-02939,3,TUBOD,HONDA,BEAT PREMIUM,Scooter,72400.0,10860.0,0.15,61540.0,12,6661.7,0.1509,44145.37,Public School Teacher,Living with Parents/Relatives,Married,2.8,7,0.6667,0,3,1,6661.7,0.445,0.471,1,0,delinquent,64.9,8,3,2.84,0.5,0,1,defaulted
SYNTH-02940,3,TUBOD,HONDA,BEAT PREMIUM,Scooter,72400.0,8688.0,0.12,63712.0,36,3244.02,0.1633,19868.45,BPO / Call Center Agent,Owned (Inherited/Tax Dec),Single,10.4,11,0.3056,2,2,0,0.0,0.026,0.811,0,0,active,25.6,11,4,3.82,0.8751,0,0,completed
SYNTH-02941,3,TUBOD,YAMAHA,MIO FAZZIO,Retro Scooter,93900.0,18780.0,0.2,75120.0,24,4832.4,0.2851,16948.47,Agri / Farmer / Fisherfolk,Owned (Inherited/Tax Dec),Widowed,12.1,20,1.0,0,4,4,19329.6,0.216,0.472,0,1,defaulted,32.5,4,2,1.45,0.5,0,0,defaulted
SYNTH-02942,3,TUBOD,YAMAHA,SNIPER 155,Sport Underbone,123900.0,18585.0,0.15,105315.0,36,5231.72,0.1742,30030.72,Employed (Private/Gov),Owned (Inherited/Tax Dec),Married,6.2,31,0.8611,3,2,0,0.0,0.128,0.804,0,0,active,57.1,4,2,1.51,0.8602,0,1,defaulted
SYNTH-02943,1,LALA,HONDA,BEAT PREMIUM,Scooter,72400.0,21720.0,0.3,50680.0,36,2621.38,0.0612,42824.33,Public School Teacher,Living with Parents/Relatives,Single,6.1,12,0.3333,12,0,0,0.0,0.0,0.881,0,0,active,20.8,9,6,5.8,0.8584,1,0,early_settled
SYNTH-02944,3,TUBOD,HONDA,CLICK 125I,Scooter,81400.0,24420.0,0.3,56980.0,24,3713.77,0.2002,18546.63,Agri / Farmer / Fisherfolk,Rented (Apartment/House),Married,4.6,16,0.7917,0,1,3,11141.31,0.34,0.376,1,0,defaulted,33.7,9,3,2.58,0.5,0,1,defaulted
SYNTH-02945,3,TUBOD,HONDA,TMX125 ALPHA,Backbone/Utility,57900.0,5790.0,0.1,52110.0,12,5671.55,0.0758,74784.15,OFW Remittance / Dependent,Owned (Inherited/Tax Dec),Single,6.8,1,0.0833,1,0,0,0.0,0.0,0.9,0,0,active,22.8,6,4,4.1,0.8011,0,0,completed
SYNTH-02946,2,KAPATAGAN,KAWASAKI,P24KK (BARAKO II),Backbone/Tricycle,68500.0,13700.0,0.2,54800.0,24,3579.33,0.0907,39482.15,Employed (Private/Gov),Owned (Inherited/Tax Dec),Married,4.7,15,0.6667,1,1,1,3579.33,0.067,0.681,0,0,delinquent,33.4,8,4,3.84,0.6667,0,1,defaulted
SYNTH-02947,3,TUBOD,SUZUKI,SMASH 115,Underbone,62400.0,15600.0,0.25,46800.0,12,5114.0,0.151,33876.49,BPO / Call Center Agent,Living with Parents/Relatives,Widowed,8.8,10,0.8333,3,2,0,0.0,0.033,0.618,1,0,active,28.0,6,3,3.56,0.5514,0,1,defaulted
SYNTH-02948,1,LALA,SUZUKI,RAIDER 150 FI,Sport Underbone,119900.0,17985.0,0.15,101915.0,36,5069.27,0.1949,26015.32,BPO / Call Center Agent,Owned (Inherited/Tax Dec),Widowed,3.7,22,0.6944,0,2,3,15207.81,0.439,0.28,0,1,defaulted,50.7,9,3,3.41,0.5,0,1,defaulted
SYNTH-02949,1,LALA,HONDA,WAVE RSX,Underbone,64900.0,7788.0,0.12,57112.0,24,3721.91,0.1599,23281.58,Employed (Private/Gov),Owned (Inherited/Tax Dec),Married,9.7,16,0.7083,2,1,1,3721.91,0.096,0.728,0,0,delinquent,34.4,7,4,4.9,0.6796,0,0,completed
SYNTH-02950,1,LALA,HONDA,PCX160,Maxi-Scooter,134900.0,33725.0,0.25,101175.0,12,10823.38,0.8384,12908.84,BPO / Call Center Agent,Owned (Inherited/Tax Dec),Married,6.4,4,0.4167,0,1,1,10823.38,0.34,0.6,0,0,delinquent,45.4,3,3,3.54,0.6504,0,0,defaulted
SYNTH-02951,3,TUBOD,HONDA,CLICK 125I,Scooter,81400.0,8140.0,0.1,73260.0,24,4717.7,0.1341,35179.4,Public School Teacher,Owned (Inherited/Tax Dec),Widowed,6.9,17,0.7083,5,0,0,0.0,0.0,0.855,0,0,active,15.3,11,5,4.92,0.9572,0,0,completed
SYNTH-02952,2,KAPATAGAN,KAWASAKI,ROUSER NS125,Sport Backbone,82000.0,9840.0,0.12,72160.0,24,4649.87,0.2088,22266.74,Sari-Sari / Small Retail,Owned (Clean Title),Single,14.0,8,0.375,1,2,1,4649.87,0.227,0.323,1,1,delinquent,54.8,12,2,1.51,0.5,0,1,defaulted
SYNTH-02953,1,LALA,YAMAHA,MIO FAZZIO,Retro Scooter,93900.0,11268.0,0.12,82632.0,24,5295.64,0.3107,17042.15,BPO / Call Center Agent,Owned (Inherited/Tax Dec),Widowed,3.8,14,0.7083,0,3,3,15886.92,0.296,0.253,1,0,defaulted,24.8,11,5,4.93,0.5,0,1,defaulted
SYNTH-02954,2,KAPATAGAN,YAMAHA,AEROX 155,Sport Scooter,125400.0,31350.0,0.25,94050.0,12,10075.25,0.3355,30032.46,Sari-Sari / Small Retail,Rented (Apartment/House),Married,8.5,5,0.5,0,1,1,10075.25,0.36,0.47,0,0,delinquent,62.7,7,3,2.65,0.5067,0,1,defaulted
SYNTH-02955,3,TUBOD,YAMAHA,NMAX 155,Maxi-Scooter,151900.0,30380.0,0.2,121520.0,12,12959.6,0.6799,19060.07,Tricycle / PUV Operator,Owned (Clean Title),Single,5.9,0,0.0833,0,4,1,12959.6,0.208,0.395,0,0,delinquent,14.8,6,3,3.49,0.5,0,1,defaulted
SYNTH-02956,1,LALA,SUZUKI,RAIDER 150 FI,Sport Underbone,119900.0,14388.0,0.12,105512.0,36,5241.13,0.379,13829.67,Agri / Farmer / Fisherfolk,Owned (Clean Title),Widowed,5.1,19,0.5556,0,1,1,5241.13,0.151,0.415,0,0,delinquent,24.2,5,4,4.03,0.5,0,1,defaulted
SYNTH-02957,2,KAPATAGAN,YAMAHA,SNIPER 155,Sport Underbone,123900.0,24780.0,0.2,99120.0,36,4935.73,0.3184,15499.9,Agri / Farmer / Fisherfolk,Owned (Inherited/Tax Dec),Married,5.0,20,0.6389,0,2,3,14807.19,0.272,0.333,1,1,defaulted,30.3,4,3,3.31,0.5,0,1,defaulted
SYNTH-02958,2,KAPATAGAN,KAWASAKI,CT100B,Backbone/Utility,54000.0,5400.0,0.1,48600.0,24,3197.0,0.1518,21054.56,Tricycle / PUV Operator,Living with Parents/Relatives,Single,8.5,19,0.875,0,4,2,6394.0,0.427,0.49,0,0,defaulted,63.4,11,4,3.99,0.6158,0,1,defaulted
SYNTH-02959,3,TUBOD,HONDA,CLICK 125I,Scooter,81400.0,8140.0,0.1,73260.0,24,4717.7,0.1096,43036.22,OFW Remittance / Dependent,Owned (Clean Title),Widowed,8.0,9,0.375,9,0,0,0.0,0.0,0.939,0,0,active,48.6,4,3,2.2,0.955,1,0,early_settled
SYNTH-02960,3,TUBOD,HONDA,WAVE RSX,Underbone,64900.0,9735.0,0.15,55165.0,36,2835.66,0.2363,12000.0,Agri / Farmer / Fisherfolk,Owned (Clean Title),Widowed,8.8,27,0.8333,1,3,3,8506.98,0.41,0.468,1,0,defaulted,17.0,9,4,4.53,0.5,0,1,defaulted
SYNTH-02961,3,TUBOD,HONDA,TMX125 ALPHA,Backbone/Utility,57900.0,6948.0,0.12,50952.0,12,5549.96,0.0764,72674.55,OFW Remittance / Dependent,Owned (Inherited/Tax Dec),Married,4.1,9,0.75,0,1,0,0.0,0.125,0.726,1,0,active,21.8,11,5,4.7,0.8367,0,0,completed
SYNTH-02962,2,KAPATAGAN,HONDA,BEAT PREMIUM,Scooter,72400.0,7240.0,0.1,65160.0,24,4218.2,0.1009,41823.9,Employed (Private/Gov),Rented (Apartment/House),Widowed,2.5,4,0.25,0,4,2,8436.4,0.235,0.467,1,1,defaulted,50.5,1,4,4.14,0.5,0,1,defaulted
SYNTH-02963,2,KAPATAGAN,KAWASAKI,P24KK (BARAKO II),Backbone/Tricycle,68500.0,17125.0,0.25,51375.0,36,2654.58,0.1271,20892.15,Tricycle / PUV Operator,Owned (Inherited/Tax Dec),Married,7.0,3,0.1389,0,3,2,5309.16,0.158,0.327,1,0,defaulted,11.5,3,5,5.58,0.5,0,1,defaulted
SYNTH-02964,2,KAPATAGAN,HONDA,CLICK 160,Scooter,122900.0,24580.0,0.2,98320.0,12,10523.6,0.5038,20888.17,Tricycle / PUV Operator,Owned (Inherited/Tax Dec),Widowed,3.4,0,0.25,0,2,3,31570.8,0.195,0.608,1,0,defaulted,35.8,11,4,3.96,0.685,0,0,defaulted
SYNTH-02965,1,LALA,YAMAHA,SNIPER 155,Sport Underbone,123900.0,30975.0,0.25,92925.0,12,9957.12,0.4314,23083.13,Tricycle / PUV Operator,Rented (Apartment/House),Married,9.8,8,0.8333,1,3,2,19914.24,0.264,0.243,0,0,defaulted,50.3,9,3,2.71,0.5,0,1,defaulted
SYNTH-02966,1,LALA,HONDA,WAVE RSX,Underbone,64900.0,6490.0,0.1,58410.0,24,3801.95,0.104,36544.37,Public School Teacher,Owned (Clean Title),Widowed,10.3,10,0.4167,9,0,0,0.0,0.0,0.92,0,0,active,53.6,4,4,4.05,0.9613,0,0,completed
SYNTH-02967,1,LALA,SUZUKI,BURGMAN STREET 125,Maxi-Scooter,83400.0,12510.0,0.15,70890.0,36,3586.97,0.1944,18455.43,Tricycle / PUV Operator,Owned (Clean Title),Married,6.4,3,0.1111,0,4,1,3586.97,0.262,0.505,1,1,delinquent,11.2,9,5,5.22,0.5169,0,1,defaulted
SYNTH-02968,1,LALA,HONDA,WAVE RSX,Underbone,64900.0,16225.0,0.25,48675.0,12,5310.88,0.2202,24120.89,BPO / Call Center Agent,Rented (Apartment/House),Married,9.4,0,0.0833,0,3,3,15932.64,0.412,0.481,1,0,defaulted,53.1,2,4,3.93,0.5218,0,1,defaulted
SYNTH-02969,3,TUBOD,HONDA,PCX160,Maxi-Scooter,134900.0,40470.0,0.3,94430.0,36,4711.66,0.1561,30182.91,BPO / Call Center Agent,Owned (Clean Title),Widowed,1.0,0,0.0278,0,2,3,14134.98,0.417,0.214,0,0,defaulted,64.0,12,2,2.28,0.5,0,0,defaulted
SYNTH-02970,2,KAPATAGAN,SUZUKI,RAIDER 150 FI,Sport Underbone,119900.0,23980.0,0.2,95920.0,36,4782.84,0.1301,36755.04,BPO / Call Center Agent,Living with Parents/Relatives,Widowed,4.0,15,0.5278,0,4,4,19131.36,0.197,0.531,0,1,defaulted,57.6,7,3,2.9,0.5163,0,1,defaulted
SYNTH-02971,2,KAPATAGAN,HONDA,CLICK 160,Scooter,122900.0,14748.0,0.12,108152.0,12,11555.96,0.5089,22708.48,Agri / Farmer / Fisherfolk,Living with Parents/Relatives,Widowed,3.1,0,0.0833,1,1,1,11555.96,0.182,0.606,1,0,delinquent,50.5,11,4,4.05,0.6937,0,1,defaulted
SYNTH-02972,1,LALA,YAMAHA,MIO GEAR 125,Scooter,79400.0,9528.0,0.12,69872.0,12,7536.56,0.4234,17801.29,Agri / Farmer / Fisherfolk,Owned (Inherited/Tax Dec),Married,2.2,9,0.8333,0,3,1,7536.56,0.258,0.613,0,1,delinquent,63.0,12,5,5.25,0.7029,0,1,defaulted
SYNTH-02973,2,KAPATAGAN,YAMAHA,SNIPER 155,Sport Underbone,123900.0,24780.0,0.2,99120.0,36,4935.73,0.1433,34443.83,BPO / Call Center Agent,Living with Parents/Relatives,Married,9.1,27,0.75,2,2,0,0.0,0.021,0.747,0,0,active,49.9,7,3,2.48,0.774,0,0,completed
SYNTH-02974,1,LALA,YAMAHA,MIO FAZZIO,Retro Scooter,93900.0,14085.0,0.15,79815.0,24,5121.93,0.1695,30226.49,BPO / Call Center Agent,Owned (Clean Title),Widowed,4.6,19,0.875,1,1,2,10243.86,0.3,0.235,1,0,defaulted,51.8,3,3,3.03,0.5,0,0,defaulted
SYNTH-02975,3,TUBOD,SUZUKI,RAIDER 150 FI,Sport Underbone,119900.0,29975.0,0.25,89925.0,12,9642.12,0.2077,46413.44,Public School Teacher,Owned (Inherited/Tax Dec),Single,7.9,5,0.5,1,2,1,9642.12,0.014,0.808,0,0,delinquent,58.2,7,2,1.86,0.7692,0,0,completed
SYNTH-02976,1,LALA,SUZUKI,RAIDER 150 FI,Sport Underbone,119900.0,29975.0,0.25,89925.0,12,9642.12,0.4497,21439.54,Tricycle / PUV Operator,Living with Parents/Relatives,Married,3.4,7,0.6667,0,3,1,9642.12,0.436,0.624,1,0,delinquent,37.5,8,3,2.22,0.6303,0,1,defaulted
SYNTH-02977,3,TUBOD,KAWASAKI,ROUSER NS125,Sport Backbone,82000.0,9840.0,0.12,72160.0,36,3647.64,0.1112,32810.67,BPO / Call Center Agent,Living with Parents/Relatives,Married,7.1,28,0.8056,3,0,1,3647.64,0.04,0.627,0,0,delinquent,25.1,7,2,2.14,0.6383,1,0,completed
SYNTH-02978,2,KAPATAGAN,SUZUKI,SMASH 115,Underbone,62400.0,12480.0,0.2,49920.0,36,2585.07,0.0661,39113.14,Employed (Private/Gov),Living with Parents/Relatives,Married,12.8,22,0.6111,10,0,0,0.0,0.0,0.88,0,0,active,19.3,8,5,5.25,0.8899,0,0,completed
SYNTH-02979,1,LALA,YAMAHA,MIO FAZZIO,Retro Scooter,93900.0,14085.0,0.15,79815.0,36,4013.38,0.0997,40248.15,Employed (Private/Gov),Owned (Clean Title),Married,10.9,2,0.0556,2,0,0,0.0,0.0,0.883,0,0,active,33.0,8,3,3.37,0.9331,0,0,completed
SYNTH-02980,1,LALA,YAMAHA,MIO FAZZIO,Retro Scooter,93900.0,28170.0,0.3,65730.0,24,4253.35,0.147,28930.56,Sari-Sari / Small Retail,Owned (Clean Title),Single,6.4,0,0.0417,2,0,1,4253.35,0.019,0.724,0,0,delinquent,53.0,10,3,3.04,0.7161,0,0,completed
SYNTH-02981,3,TUBOD,KAWASAKI,CT100B,Backbone/Utility,54000.0,6480.0,0.12,47520.0,36,2470.4,0.0761,32446.14,Public School Teacher,Owned (Clean Title),Widowed,5.8,7,0.1944,6,0,0,0.0,0.0,0.892,0,0,active,48.8,9,3,3.44,0.9298,0,0,completed
SYNTH-02982,2,KAPATAGAN,YAMAHA,AEROX 155,Sport Scooter,125400.0,31350.0,0.25,94050.0,36,4693.5,0.1935,24253.99,Agri / Farmer / Fisherfolk,Owned (Clean Title),Widowed,6.0,3,0.1944,0,3,4,18774.0,0.403,0.217,1,0,defaulted,17.0,2,4,3.87,0.5,0,1,defaulted
SYNTH-02983,1,LALA,HONDA,CLICK 160,Scooter,122900.0,36870.0,0.3,86030.0,36,4310.32,0.121,35619.95,OFW Remittance / Dependent,Living with Parents/Relatives,Widowed,9.8,27,0.75,3,0,0,0.0,0.047,0.705,0,0,active,46.8,9,4,3.34,0.6879,0,0,completed
SYNTH-02984,1,LALA,SUZUKI,SMASH 115,Underbone,62400.0,15600.0,0.25,46800.0,36,2436.0,0.0576,42273.7,Public School Teacher,Owned (Clean Title),Married,7.4,35,0.9722,9,0,0,0.0,0.0,0.921,0,0,active,17.7,11,6,5.73,1.0797,0,0,completed
SYNTH-02985,1,LALA,KAWASAKI,CT100B,Backbone/Utility,54000.0,13500.0,0.25,40500.0,12,4452.5,0.371,12000.0,Sari-Sari / Small Retail,Owned (Clean Title),Widowed,5.5,2,0.4167,0,3,3,13357.5,0.434,0.613,0,1,defaulted,54.6,1,3,2.74,0.5237,0,1,defaulted
SYNTH-02986,3,TUBOD,KAWASAKI,CT100B,Backbone/Utility,54000.0,13500.0,0.25,40500.0,12,4452.5,0.2441,18236.77,Public School Teacher,Rented (Apartment/House),Widowed,12.2,2,0.5,0,4,4,17810.0,0.441,0.471,1,0,defaulted,39.9,10,3,3.85,0.5,0,1,defaulted
SYNTH-02987,2,KAPATAGAN,KAWASAKI,CT100B,Backbone/Utility,54000.0,5400.0,0.1,48600.0,36,2522.0,0.0962,26223.52,Sari-Sari / Small Retail,Owned (Clean Title),Married,13.0,0,0.0278,0,2,1,2522.0,0.093,0.843,1,0,delinquent,46.3,7,3,2.67,0.8884,0,0,completed
SYNTH-02988,1,LALA,HONDA,BEAT PREMIUM,Scooter,72400.0,10860.0,0.15,61540.0,36,3140.24,0.083,37849.12,Public School Teacher,Owned (Clean Title),Single,5.4,3,0.0833,2,0,0,0.0,0.0,0.925,0,0,active,64.1,10,5,5.52,0.9172,0,0,completed
SYNTH-02989,2,KAPATAGAN,HONDA,TMX125 ALPHA,Backbone/Utility,57900.0,14475.0,0.25,43425.0,12,4759.62,0.223,21340.78,Sari-Sari / Small Retail,Rented (Apartment/House),Married,5.6,6,0.75,1,3,3,14278.86,0.255,0.444,1,0,defaulted,30.7,5,4,3.6,0.5,0,1,defaulted
SYNTH-02990,3,TUBOD,YAMAHA,SNIPER 155,Sport Underbone,123900.0,37170.0,0.3,86730.0,12,9306.65,0.3073,30288.38,Sari-Sari / Small Retail,Owned (Inherited/Tax Dec),Married,9.4,6,0.8333,0,2,4,37226.6,0.32,0.369,0,0,defaulted,58.3,5,2,1.95,0.5,0,1,defaulted
SYNTH-02991,2,KAPATAGAN,YAMAHA,MIO GEAR 125,Scooter,79400.0,15880.0,0.2,63520.0,36,3234.84,0.1572,20576.85,Sari-Sari / Small Retail,Rented (Apartment/House),Married,5.7,3,0.1389,0,3,2,6469.68,0.319,0.365,0,0,defaulted,46.7,11,4,4.42,0.5,0,1,defaulted
SYNTH-02992,3,TUBOD,SUZUKI,BURGMAN STREET 125,Maxi-Scooter,83400.0,20850.0,0.25,62550.0,24,4057.25,0.1213,33447.5,Employed (Private/Gov),Rented (Apartment/House),Widowed,9.0,10,0.4583,0,4,1,4057.25,0.313,0.461,0,1,delinquent,33.3,4,3,3.31,0.5,0,1,defaulted
SYNTH-02993,3,TUBOD,HONDA,CLICK 125I,Scooter,81400.0,8140.0,0.1,73260.0,24,4717.7,0.078,60493.33,OFW Remittance / Dependent,Owned (Clean Title),Married,22.5,2,0.0833,2,0,0,0.0,0.0,0.856,0,0,active,27.3,2,3,3.06,0.8255,0,0,completed
SYNTH-02994,1,LALA,HONDA,ADV160,Adventure Scooter,166900.0,20028.0,0.12,146872.0,24,9257.11,0.3812,24281.86,BPO / Call Center Agent,Rented (Apartment/House),Widowed,8.7,15,0.6667,0,4,1,9257.11,0.345,0.516,0,0,delinquent,18.1,12,3,2.71,0.5982,0,1,defaulted
SYNTH-02995,3,TUBOD,YAMAHA,AEROX 155,Sport Scooter,125400.0,18810.0,0.15,106590.0,12,11391.95,0.3817,29842.49,Employed (Private/Gov),Rented (Apartment/House),Widowed,2.0,0,0.0833,0,3,2,22783.9,0.2,0.647,0,0,defaulted,64.7,10,2,2.17,0.6642,0,1,defaulted
SYNTH-02996,1,LALA,KAWASAKI,ROUSER NS125,Sport Backbone,82000.0,16400.0,0.2,65600.0,36,3334.22,0.0738,45175.34,Public School Teacher,Owned (Clean Title),Widowed,5.9,30,0.8333,7,0,0,0.0,0.0,0.876,0,0,active,44.1,3,2,1.99,0.8985,1,0,early_settled
SYNTH-02997,2,KAPATAGAN,HONDA,CLICK 160,Scooter,122900.0,12290.0,0.1,110610.0,12,11814.05,0.4135,28568.6,Public School Teacher,Living with Parents/Relatives,Married,8.3,6,0.5833,1,2,1,11814.05,0.392,0.217,1,0,delinquent,14.3,8,5,4.97,0.5,0,1,defaulted
SYNTH-02998,1,LALA,YAMAHA,MIO SPORTY,Scooter,73900.0,14780.0,0.2,59120.0,24,3845.73,0.1096,35085.83,BPO / Call Center Agent,Owned (Clean Title),Married,3.5,17,0.7083,1,2,0,0.0,0.137,0.728,0,0,active,31.6,1,4,4.21,0.6784,0,0,completed
SYNTH-02999,2,KAPATAGAN,HONDA,ADV160,Adventure Scooter,166900.0,20028.0,0.12,146872.0,36,7217.22,0.1481,48716.68,OFW Remittance / Dependent,Living with Parents/Relatives,Single,2.9,23,0.7222,0,2,3,21651.66,0.219,0.551,1,0,defaulted,14.1,4,3,3.2,0.5701,0,0,defaulted
SYNTH-03000,1,LALA,HONDA,BEAT PREMIUM,Scooter,72400.0,14480.0,0.2,57920.0,24,3771.73,0.1524,24749.2,Public School Teacher,Owned (Clean Title),Widowed,6.0,13,0.5417,6,0,0,0.0,0.0,0.95,0,0,active,53.0,1,4,3.59,0.8185,1,0,early_settled
SYNTH-03001,2,KAPATAGAN,KAWASAKI,P24KK (BARAKO II),Backbone/Tricycle,68500.0,20550.0,0.3,47950.0,12,5234.75,0.361,14500.07,Tricycle / PUV Operator,Owned (Inherited/Tax Dec),Married,12.5,0,0.1667,1,4,3,15704.25,0.328,0.544,1,1,defaulted,48.4,9,4,4.17,0.5593,0,1,defaulted
SYNTH-03002,3,TUBOD,YAMAHA,NMAX 155,Maxi-Scooter,151900.0,15190.0,0.1,136710.0,24,8630.45,0.2599,33207.91,Employed (Private/Gov),Rented (Apartment/House),Single,4.0,5,0.3333,1,1,3,25891.35,0.209,0.375,0,1,defaulted,12.7,8,3,3.11,0.5,0,1,defaulted
SYNTH-03003,3,TUBOD,SUZUKI,SMASH 115,Underbone,62400.0,9360.0,0.15,53040.0,24,3470.8,0.0863,40238.8,BPO / Call Center Agent,Living with Parents/Relatives,Married,12.6,4,0.2083,3,0,1,3470.8,0.095,0.763,0,0,delinquent,44.0,12,3,2.82,0.8667,0,0,completed
SYNTH-03004,2,KAPATAGAN,YAMAHA,MIO GEAR 125,Scooter,79400.0,9528.0,0.12,69872.0,36,3538.33,0.1541,22965.68,BPO / Call Center Agent,Owned (Clean Title),Married,10.2,23,0.6667,0,2,1,3538.33,0.039,0.734,0,0,delinquent,33.5,5,4,3.97,0.7604,0,0,completed
SYNTH-03005,2,KAPATAGAN,HONDA,PCX160,Maxi-Scooter,134900.0,33725.0,0.25,101175.0,36,5033.92,0.142,35451.31,Public School Teacher,Owned (Inherited/Tax Dec),Married,7.1,35,0.9722,10,0,0,0.0,0.0,0.862,0,0,active,22.5,3,4,4.42,0.8858,0,0,completed
SYNTH-03006,2,KAPATAGAN,SUZUKI,SMASH 115,Underbone,62400.0,12480.0,0.2,49920.0,12,5441.6,0.211,25786.22,BPO / Call Center Agent,Owned (Inherited/Tax Dec),Widowed,9.1,1,0.0833,0,1,0,0.0,0.05,0.708,0,0,active,31.6,6,3,3.33,0.5699,0,0,completed
SYNTH-03007,1,LALA,YAMAHA,SNIPER 155,Sport Underbone,123900.0,30975.0,0.25,92925.0,12,9957.12,0.5259,18932.05,Agri / Farmer / Fisherfolk,Rented (Apartment/House),Married,7.5,1,0.3333,0,3,3,29871.36,0.317,0.491,1,0,defaulted,16.1,4,4,4.51,0.5233,0,1,defaulted
SYNTH-03008,2,KAPATAGAN,KAWASAKI,CT100B,Backbone/Utility,54000.0,13500.0,0.25,40500.0,36,2135.0,0.1033,20665.89,Agri / Farmer / Fisherfolk,Living with Parents/Relatives,Single,10.0,31,0.8889,0,2,1,2135.0,0.231,0.286,1,0,delinquent,17.4,7,4,3.34,0.5,0,1,defaulted
SYNTH-03009,2,KAPATAGAN,YAMAHA,MIO FAZZIO,Retro Scooter,93900.0,18780.0,0.2,75120.0,36,3789.07,0.1678,22577.31,Employed (Private/Gov),Living with Parents/Relatives,Married,5.1,22,0.6111,1,0,0,0.0,0.128,0.777,0,0,active,12.0,5,4,3.87,0.7786,0,0,completed
SYNTH-03010,2,KAPATAGAN,HONDA,CLICK 160,Scooter,122900.0,30725.0,0.25,92175.0,12,9878.38,0.4707,20987.55,Tricycle / PUV Operator,Owned (Clean Title),Single,4.8,8,1.0,0,2,4,39513.52,0.292,0.566,1,0,defaulted,23.7,9,5,5.07,0.5603,0,1,defaulted
SYNTH-03011,3,TUBOD,KAWASAKI,CT100B,Backbone/Utility,54000.0,16200.0,0.3,37800.0,24,2531.0,0.063,40149.19,Public School Teacher,Rented (Apartment/House),Married,5.2,23,1.0,0,0,1,2531.0,0.093,0.639,0,0,delinquent,21.5,10,3,3.63,0.656,0,0,completed
SYNTH-03012,1,LALA,HONDA,CLICK 125I,Scooter,81400.0,20350.0,0.25,61050.0,24,3964.75,0.1746,22706.2,Tricycle / PUV Operator,Owned (Clean Title),Single,4.6,16,0.7917,1,1,3,11894.25,0.286,0.514,0,0,defaulted,32.3,9,4,4.07,0.5,0,1,defaulted
SYNTH-03013,1,LALA,KAWASAKI,CT100B,Backbone/Utility,54000.0,5400.0,0.1,48600.0,12,5303.0,0.2282,23240.16,Employed (Private/Gov),Owned (Inherited/Tax Dec),Married,4.3,5,0.5,0,1,1,5303.0,0.21,0.596,1,0,delinquent,21.5,6,4,3.76,0.5617,0,1,defaulted
SYNTH-03014,3,TUBOD,SUZUKI,RAIDER 150 FI,Sport Underbone,119900.0,11990.0,0.1,107910.0,24,6854.45,0.2577,26593.65,Tricycle / PUV Operator,Rented (Apartment/House),Single,10.3,4,0.3333,0,1,4,27417.8,0.362,0.518,0,0,defaulted,58.3,3,2,2.1,0.5412,0,1,defaulted
SYNTH-03015,3,TUBOD,HONDA,PCX160,Maxi-Scooter,134900.0,26980.0,0.2,107920.0,36,5356.18,0.1374,38986.38,Public School Teacher,Living with Parents/Relatives,Widowed,5.1,17,0.4722,1,2,0,0.0,0.097,0.811,0,0,active,11.7,12,3,3.31,0.9444,0,0,completed
SYNTH-03016,2,KAPATAGAN,SUZUKI,BURGMAN STREET 125,Maxi-Scooter,83400.0,8340.0,0.1,75060.0,36,3786.2,0.1447,26167.32,Sari-Sari / Small Retail,Owned (Inherited/Tax Dec),Widowed,9.8,29,0.8333,2,2,1,3786.2,0.072,0.682,0,0,delinquent,15.6,6,4,4.2,0.5885,0,0,completed
SYNTH-03017,3,TUBOD,HONDA,PCX160,Maxi-Scooter,134900.0,33725.0,0.25,101175.0,12,10823.38,0.6437,16813.33,Agri / Farmer / Fisherfolk,Owned (Inherited/Tax Dec),Widowed,9.2,1,0.25,0,2,2,21646.76,0.421,0.26,1,0,defaulted,47.6,6,2,2.04,0.5,0,1,defaulted
SYNTH-03018,2,KAPATAGAN,YAMAHA,MIO GEAR 125,Scooter,79400.0,15880.0,0.2,63520.0,24,4117.07,0.155,26563.82,BPO / Call Center Agent,Owned (Clean Title),Widowed,3.5,15,0.7083,1,1,2,8234.14,0.428,0.473,1,0,defaulted,62.9,1,3,2.7,0.5,0,1,defaulted
SYNTH-03019,2,KAPATAGAN,KAWASAKI,P24KK (BARAKO II),Backbone/Tricycle,68500.0,13700.0,0.2,54800.0,24,3579.33,0.1119,31980.45,Sari-Sari / Small Retail,Rented (Apartment/House),Married,4.7,5,0.375,0,1,4,14317.32,0.158,0.35,1,0,defaulted,13.7,6,4,4.11,0.5,0,0,defaulted
SYNTH-03020,1,LALA,HONDA,BEAT PREMIUM,Scooter,72400.0,8688.0,0.12,63712.0,12,6889.76,0.2737,25168.98,Agri / Farmer / Fisherfolk,Owned (Inherited/Tax Dec),Married,3.3,1,0.4167,1,4,4,27559.04,0.283,0.42,1,0,defaulted,63.2,4,5,4.65,0.5,0,1,defaulted
SYNTH-03021,3,TUBOD,SUZUKI,BURGMAN STREET 125,Maxi-Scooter,83400.0,20850.0,0.25,62550.0,12,6767.75,0.1741,38870.99,OFW Remittance / Dependent,Living with Parents/Relatives,Widowed,4.2,4,0.5833,0,1,3,20303.25,0.368,0.502,0,1,defaulted,59.8,1,2,1.82,0.5,0,1,defaulted
SYNTH-03022,3,TUBOD,KAWASAKI,P24KK (BARAKO II),Backbone/Tricycle,68500.0,20550.0,0.3,47950.0,36,2490.94,0.0566,44036.72,OFW Remittance / Dependent,Living with Parents/Relatives,Married,7.2,31,0.8611,9,0,0,0.0,0.0,0.861,0,0,active,35.4,10,3,2.56,0.8509,0,0,completed
SYNTH-03023,3,TUBOD,SUZUKI,RAIDER 150 FI,Sport Underbone,119900.0,23980.0,0.2,95920.0,24,6115.07,0.2485,24611.53,Employed (Private/Gov),Owned (Inherited/Tax Dec),Single,1.0,10,0.5,0,2,2,12230.14,0.314,0.366,0,0,defaulted,43.8,3,2,1.53,0.5,0,1,defaulted
SYNTH-03024,2,KAPATAGAN,YAMAHA,NMAX 155,Maxi-Scooter,151900.0,37975.0,0.25,113925.0,12,12162.12,0.4475,27177.32,Tricycle / PUV Operator,Owned (Inherited/Tax Dec),Married,6.4,0,0.3333,0,2,4,48648.48,0.283,0.562,1,0,defaulted,22.2,4,4,3.96,0.6523,0,1,defaulted
SYNTH-03025,3,TUBOD,YAMAHA,MIO GEAR 125,Scooter,79400.0,9528.0,0.12,69872.0,12,7536.56,0.1025,73521.97,OFW Remittance / Dependent,Rented (Apartment/House),Single,2.4,5,0.75,0,1,4,30146.24,0.33,0.397,0,0,defaulted,13.1,3,4,3.36,0.5,0,1,defaulted
SYNTH-03026,3,TUBOD,KAWASAKI,ROUSER NS125,Sport Backbone,82000.0,24600.0,0.3,57400.0,36,2942.44,0.0469,62781.49,OFW Remittance / Dependent,Owned (Clean Title),Married,4.1,19,0.5278,5,0,0,0.0,0.0,0.889,0,0,active,51.2,6,2,2.12,0.7959,0,0,completed
SYNTH-03027,3,TUBOD,HONDA,WAVE RSX,Underbone,64900.0,16225.0,0.25,48675.0,36,2525.58,0.048,52640.35,OFW Remittance / Dependent,Owned (Clean Title),Married,3.2,5,0.1389,1,0,0,0.0,0.0,0.897,0,0,active,13.3,12,4,4.44,1.0275,0,0,completed
SYNTH-03028,1,LALA,HONDA,TMX125 ALPHA,Backbone/Utility,57900.0,17370.0,0.3,40530.0,36,2136.43,0.0675,31629.5,Public School Teacher,Owned (Clean Title),Widowed,4.0,28,0.7778,8,0,0,0.0,0.0,0.947,0,0,active,45.8,11,5,6.01,1.0986,0,0,completed
SYNTH-03029,1,LALA,YAMAHA,NMAX 155,Maxi-Scooter,151900.0,45570.0,0.3,106330.0,24,6757.02,0.211,32021.35,BPO / Call Center Agent,Rented (Apartment/House),Married,15.4,20,0.875,0,1,1,6757.02,0.449,0.64,1,0,delinquent,32.2,9,3,3.07,0.6551,0,1,defaulted
SYNTH-03030,1,LALA,SUZUKI,RAIDER 150 FI,Sport Underbone,119900.0,14388.0,0.12,105512.0,36,5241.13,0.1452,36107.76,OFW Remittance / Dependent,Owned (Inherited/Tax Dec),Widowed,5.5,26,0.7222,1,0,0,0.0,0.0,0.965,0,0,active,41.1,2,3,2.45,0.9612,0,0,completed
SYNTH-03031,3,TUBOD,SUZUKI,SMASH 115,Underbone,62400.0,9360.0,0.15,53040.0,36,2734.13,0.0807,33870.89,BPO / Call Center Agent,Rented (Apartment/House),Widowed,7.3,14,0.4167,1,2,1,2734.13,0.087,0.797,0,0,delinquent,21.5,10,4,4.26,0.7814,0,0,completed
SYNTH-03032,1,LALA,HONDA,BEAT PREMIUM,Scooter,72400.0,14480.0,0.2,57920.0,24,3771.73,0.0955,39483.86,Public School Teacher,Living with Parents/Relatives,Married,8.8,16,0.6667,8,0,0,0.0,0.0,0.92,0,0,active,16.6,8,6,5.27,0.9482,0,0,completed
SYNTH-03033,2,KAPATAGAN,KAWASAKI,CT100B,Backbone/Utility,54000.0,5400.0,0.1,48600.0,12,5303.0,0.223,23775.58,OFW Remittance / Dependent,Rented (Apartment/House),Married,1.3,9,0.9167,1,3,2,10606.0,0.437,0.486,1,0,defaulted,40.6,5,3,3.11,0.5104,0,1,defaulted
SYNTH-03034,2,KAPATAGAN,HONDA,CLICK 160,Scooter,122900.0,30725.0,0.25,92175.0,24,5884.12,0.1753,33572.89,Public School Teacher,Rented (Apartment/House),Married,7.5,10,0.5417,1,4,3,17652.36,0.269,0.461,1,0,defaulted,58.5,11,4,4.49,0.5362,0,1,defaulted
SYNTH-03035,2,KAPATAGAN,YAMAHA,AEROX 155,Sport Scooter,125400.0,31350.0,0.25,94050.0,36,4693.5,0.0627,74870.19,OFW Remittance / Dependent,Owned (Inherited/Tax Dec),Married,3.3,20,0.5556,8,0,0,0.0,0.0,0.89,0,0,active,34.3,1,3,3.54,0.7872,0,0,completed
SYNTH-03036,2,KAPATAGAN,SUZUKI,BURGMAN STREET 125,Maxi-Scooter,83400.0,10008.0,0.12,73392.0,24,4725.84,0.3938,12000.0,Tricycle / PUV Operator,Owned (Inherited/Tax Dec),Married,20.1,3,0.2083,1,1,2,9451.68,0.421,0.292,0,0,defaulted,62.2,2,3,3.39,0.5,0,1,defaulted
SYNTH-03037,2,KAPATAGAN,YAMAHA,SNIPER 155,Sport Underbone,123900.0,24780.0,0.2,99120.0,36,4935.73,0.2261,21829.63,Sari-Sari / Small Retail,Living with Parents/Relatives,Widowed,5.8,25,0.8056,1,1,4,19742.92,0.324,0.649,1,0,defaulted,25.3,4,3,2.73,0.6837,0,0,defaulted
SYNTH-03038,3,TUBOD,YAMAHA,MIO SPORTY,Scooter,73900.0,18475.0,0.25,55425.0,36,2848.08,0.1212,23506.64,Sari-Sari / Small Retail,Living with Parents/Relatives,Married,10.7,8,0.25,1,1,1,2848.08,0.266,0.335,0,0,delinquent,52.6,4,4,4.46,0.5,0,1,defaulted
SYNTH-03039,3,TUBOD,YAMAHA,MIO SPORTY,Scooter,73900.0,14780.0,0.2,59120.0,24,3845.73,0.1994,19286.74,Tricycle / PUV Operator,Owned (Clean Title),Single,3.2,3,0.2917,0,4,4,15382.92,0.168,0.383,1,0,defaulted,10.6,10,5,5.66,0.5,0,1,defaulted
SYNTH-03040,2,KAPATAGAN,YAMAHA,MIO GEAR 125,Scooter,79400.0,23820.0,0.3,55580.0,24,3627.43,0.0584,62114.41,OFW Remittance / Dependent,Rented (Apartment/House),Widowed,7.5,16,0.6667,1,0,0,0.0,0.109,0.748,1,0,active,18.8,2,5,4.94,0.7915,0,0,completed
SYNTH-03041,1,LALA,HONDA,CLICK 125I,Scooter,81400.0,16280.0,0.2,65120.0,24,4215.73,0.1181,35681.58,Employed (Private/Gov),Living with Parents/Relatives,Married,11.6,22,0.9167,3,2,0,0.0,0.145,0.729,0,0,active,44.3,6,4,3.47,0.6414,0,0,completed
SYNTH-03042,3,TUBOD,YAMAHA,MIO SPORTY,Scooter,73900.0,14780.0,0.2,59120.0,24,3845.73,0.1339,28719.82,Employed (Private/Gov),Living with Parents/Relatives,Single,6.4,15,0.625,0,2,0,0.0,0.059,0.681,0,0,active,37.3,12,4,4.22,0.7788,0,1,defaulted
SYNTH-03043,2,KAPATAGAN,YAMAHA,MIO GEAR 125,Scooter,79400.0,23820.0,0.3,55580.0,12,6035.9,0.264,22867.56,Sari-Sari / Small Retail,Rented (Apartment/House),Married,3.2,0,0.25,0,3,4,24143.6,0.357,0.214,0,0,defaulted,18.8,5,5,4.94,0.5,0,1,defaulted
SYNTH-03044,3,TUBOD,HONDA,WAVE RSX,Underbone,64900.0,6490.0,0.1,58410.0,12,6333.05,0.3435,18434.6,Agri / Farmer / Fisherfolk,Owned (Clean Title),Married,4.8,7,0.8333,0,2,3,18999.15,0.186,0.383,1,0,defaulted,30.0,5,3,3.51,0.5,0,0,defaulted
SYNTH-03045,1,LALA,KAWASAKI,P24KK (BARAKO II),Backbone/Tricycle,68500.0,20550.0,0.3,47950.0,24,3156.92,0.0556,56732.36,OFW Remittance / Dependent,Owned (Inherited/Tax Dec),Widowed,2.9,15,0.625,11,0,0,0.0,0.0,0.897,0,0,active,32.3,8,4,3.85,0.8917,0,0,completed
SYNTH-03046,1,LALA,KAWASAKI,CT100B,Backbone/Utility,54000.0,8100.0,0.15,45900.0,36,2393.0,0.1333,17958.01,Tricycle / PUV Operator,Owned (Inherited/Tax Dec),Widowed,13.9,34,0.9722,0,3,1,2393.0,0.162,0.431,1,1,delinquent,14.4,11,5,5.09,0.5246,0,1,defaulted
SYNTH-03047,3,TUBOD,YAMAHA,AEROX 155,Sport Scooter,125400.0,25080.0,0.2,100320.0,12,10733.6,0.3532,30388.1,Sari-Sari / Small Retail,Owned (Clean Title),Married,7.6,1,0.1667,1,2,1,10733.6,0.234,0.526,0,0,delinquent,48.5,10,2,2.36,0.5581,0,0,defaulted
SYNTH-03048,3,TUBOD,HONDA,CLICK 160,Scooter,122900.0,36870.0,0.3,86030.0,24,5505.18,0.1735,31738.6,BPO / Call Center Agent,Living with Parents/Relatives,Widowed,3.9,11,0.5833,1,4,3,16515.54,0.438,0.41,0,0,defaulted,11.3,12,4,4.32,0.5,0,0,defaulted
SYNTH-03049,1,LALA,YAMAHA,AEROX 155,Sport Scooter,125400.0,18810.0,0.15,106590.0,36,5292.63,0.1562,33876.56,Employed (Private/Gov),Owned (Inherited/Tax Dec),Married,9.4,25,0.6944,3,2,0,0.0,0.073,0.798,0,0,active,26.0,6,3,2.64,0.7404,0,0,completed
SYNTH-03050,1,LALA,YAMAHA,MIO FAZZIO,Retro Scooter,93900.0,14085.0,0.15,79815.0,36,4013.38,0.1666,24091.25,Agri / Farmer / Fisherfolk,Living with Parents/Relatives,Married,6.7,31,0.9722,0,4,4,16053.52,0.171,0.64,1,0,defaulted,62.0,9,3,3.02,0.6654,0,1,defaulted
SYNTH-03051,1,LALA,HONDA,CLICK 160,Scooter,122900.0,14748.0,0.12,108152.0,24,6869.37,0.3853,17829.36,Tricycle / PUV Operator,Rented (Apartment/House),Married,5.1,17,0.875,1,3,4,27477.48,0.296,0.219,0,0,defaulted,20.3,12,6,6.49,0.5,0,1,defaulted
SYNTH-03052,3,TUBOD,HONDA,PCX160,Maxi-Scooter,134900.0,40470.0,0.3,94430.0,12,10115.15,0.231,43784.03,Public School Teacher,Rented (Apartment/House),Single,6.6,7,0.9167,1,2,4,40460.6,0.251,0.525,0,1,defaulted,39.3,7,2,1.73,0.5071,0,1,defaulted
SYNTH-03053,1,LALA,YAMAHA,AEROX 155,Sport Scooter,125400.0,31350.0,0.25,94050.0,12,10075.25,0.1777,56708.99,OFW Remittance / Dependent,Rented (Apartment/House),Married,1.8,0,0.0833,1,3,1,10075.25,0.199,0.53,0,0,delinquent,10.7,7,4,4.41,0.554,0,1,defaulted
SYNTH-03054,1,LALA,HONDA,CLICK 125I,Scooter,81400.0,24420.0,0.3,56980.0,24,3713.77,0.1113,33361.62,Employed (Private/Gov),Rented (Apartment/House),Married,4.8,3,0.1667,0,3,1,3713.77,0.163,0.266,0,1,delinquent,61.8,12,5,5.61,0.5,0,1,defaulted
SYNTH-03055,3,TUBOD,HONDA,CLICK 160,Scooter,122900.0,36870.0,0.3,86030.0,12,9233.15,0.3764,24528.19,Agri / Farmer / Fisherfolk,Living with Parents/Relatives,Single,10.3,7,0.9167,0,2,4,36932.6,0.193,0.465,0,0,defaulted,21.9,10,4,3.97,0.5,0,1,defaulted
SYNTH-03056,2,KAPATAGAN,YAMAHA,MIO GEAR 125,Scooter,79400.0,19850.0,0.25,59550.0,36,3045.17,0.0829,36718.98,Public School Teacher,Rented (Apartment/House),Married,4.2,17,0.5833,1,4,4,12180.68,0.399,0.37,0,0,defaulted,23.0,5,5,5.75,0.5,0,1,defaulted
SYNTH-03057,3,TUBOD,SUZUKI,BURGMAN STREET 125,Maxi-Scooter,83400.0,10008.0,0.12,73392.0,12,7906.16,0.2742,28833.52,Sari-Sari / Small Retail,Owned (Clean Title),Widowed,14.9,11,1.0,1,4,1,7906.16,0.279,0.308,1,0,delinquent,31.3,8,3,3.12,0.5,0,1,defaulted
SYNTH-03058,1,LALA,HONDA,CLICK 160,Scooter,122900.0,36870.0,0.3,86030.0,12,9233.15,0.5698,16205.19,Tricycle / PUV Operator,Owned (Inherited/Tax Dec),Married,1.9,0,0.1667,0,2,4,36932.6,0.32,0.437,0,1,defaulted,60.5,7,4,3.54,0.5,0,1,defaulted
SYNTH-03059,1,LALA,HONDA,TMX125 ALPHA,Backbone/Utility,57900.0,14475.0,0.25,43425.0,36,2274.75,0.119,19114.45,Employed (Private/Gov),Owned (Inherited/Tax Dec),Widowed,8.4,19,0.5278,2,0,0,0.0,0.0,0.9,0,0,active,43.5,6,4,4.03,0.7756,0,0,completed
SYNTH-03060,2,KAPATAGAN,YAMAHA,SNIPER 155,Sport Underbone,123900.0,14868.0,0.12,109032.0,24,6923.64,0.1574,43977.57,Employed (Private/Gov),Owned (Inherited/Tax Dec),Single,7.2,22,0.9583,2,0,1,6923.64,0.078,0.795,0,0,delinquent,18.8,8,4,3.97,0.8057,0,0,completed
SYNTH-03061,2,KAPATAGAN,YAMAHA,MIO GEAR 125,Scooter,79400.0,11910.0,0.15,67490.0,12,7286.45,0.295,24701.66,OFW Remittance / Dependent,Owned (Inherited/Tax Dec),Married,8.7,2,0.5,0,3,4,29145.8,0.177,0.449,0,0,defaulted,52.3,4,4,4.5,0.5073,0,0,defaulted
SYNTH-03062,1,LALA,HONDA,BEAT PREMIUM,Scooter,72400.0,8688.0,0.12,63712.0,24,4128.91,0.2458,16799.22,Agri / Farmer / Fisherfolk,Owned (Inherited/Tax Dec),Married,4.7,4,0.3333,0,2,4,16515.64,0.353,0.262,0,0,defaulted,56.6,4,5,4.84,0.5,0,1,defaulted
SYNTH-03063,2,KAPATAGAN,YAMAHA,NMAX 155,Maxi-Scooter,151900.0,45570.0,0.3,106330.0,24,6757.02,0.1107,61031.4,OFW Remittance / Dependent,Rented (Apartment/House),Married,13.0,9,0.4167,3,1,1,6757.02,0.078,0.777,0,0,delinquent,59.6,11,4,4.59,0.8478,1,0,completed
SYNTH-03064,1,LALA,SUZUKI,RAIDER 150 FI,Sport Underbone,119900.0,11990.0,0.1,107910.0,36,5355.7,0.1454,36827.76,Public School Teacher,Owned (Clean Title),Single,6.1,36,1.0,6,0,0,0.0,0.0,0.974,0,0,active,53.4,1,3,3.16,0.8264,0,0,completed
SYNTH-03065,3,TUBOD,SUZUKI,SMASH 115,Underbone,62400.0,9360.0,0.15,53040.0,24,3470.8,0.057,60890.8,Employed (Private/Gov),Rented (Apartment/House),Married,12.9,11,0.5,0,2,1,3470.8,0.048,0.816,0,0,delinquent,49.3,6,3,2.8,0.7097,0,0,completed
SYNTH-03066,3,TUBOD,HONDA,CLICK 125I,Scooter,81400.0,16280.0,0.2,65120.0,24,4215.73,0.1797,23454.37,Employed (Private/Gov),Owned (Clean Title),Widowed,9.1,8,0.375,2,1,1,4215.73,0.101,0.765,1,0,delinquent,63.8,9,3,2.86,0.7959,0,0,completed
SYNTH-03067,3,TUBOD,SUZUKI,SMASH 115,Underbone,62400.0,18720.0,0.3,43680.0,36,2286.93,0.0712,32142.03,BPO / Call Center Agent,Rented (Apartment/House),Married,2.5,17,0.5278,0,3,2,4573.86,0.274,0.521,0,1,defaulted,54.6,8,3,2.74,0.5393,0,1,defaulted
SYNTH-03068,2,KAPATAGAN,SUZUKI,BURGMAN STREET 125,Maxi-Scooter,83400.0,20850.0,0.25,62550.0,36,3188.5,0.0867,36790.07,BPO / Call Center Agent,Owned (Inherited/Tax Dec),Married,2.2,9,0.2778,1,2,1,3188.5,0.087,0.737,0,0,delinquent,43.6,2,3,3.5,0.7411,0,1,defaulted
SYNTH-03069,3,TUBOD,HONDA,PCX160,Maxi-Scooter,134900.0,20235.0,0.15,114665.0,12,12239.82,0.1838,66598.45,OFW Remittance / Dependent,Owned (Clean Title),Married,6.8,3,0.3333,3,0,1,12239.82,0.019,0.666,0,0,delinquent,29.1,3,2,2.43,0.6891,0,1,defaulted
SYNTH-03070,1,LALA,KAWASAKI,ROUSER NS125,Sport Backbone,82000.0,9840.0,0.12,72160.0,12,7776.8,0.264,29452.77,Employed (Private/Gov),Living with Parents/Relatives,Single,10.1,3,0.5833,0,4,4,31107.2,0.303,0.376,1,1,defaulted,55.1,10,2,1.66,0.5,0,1,defaulted
SYNTH-03071,2,KAPATAGAN,YAMAHA,AEROX 155,Sport Scooter,125400.0,31350.0,0.25,94050.0,12,10075.25,0.3671,27448.8,Public School Teacher,Rented (Apartment/House),Widowed,2.8,11,1.0,0,1,1,10075.25,0.165,0.615,0,0,delinquent,59.2,4,3,2.86,0.5959,0,0,defaulted
SYNTH-03072,2,KAPATAGAN,YAMAHA,NMAX 155,Maxi-Scooter,151900.0,37975.0,0.25,113925.0,24,7225.38,0.1463,49387.41,OFW Remittance / Dependent,Owned (Inherited/Tax Dec),Widowed,3.8,11,0.5,3,1,1,7225.38,0.032,0.822,0,0,delinquent,62.5,4,3,3.13,0.8358,0,0,completed
SYNTH-03073,1,LALA,SUZUKI,SMASH 115,Underbone,62400.0,18720.0,0.3,43680.0,36,2286.93,0.03,76274.36,OFW Remittance / Dependent,Living with Parents/Relatives,Married,13.4,25,0.6944,2,0,0,0.0,0.0,0.901,0,0,active,62.5,7,4,3.54,0.9153,0,0,completed
SYNTH-03074,1,LALA,SUZUKI,BURGMAN STREET 125,Maxi-Scooter,83400.0,16680.0,0.2,66720.0,24,4314.4,0.0676,63856.86,OFW Remittance / Dependent,Owned (Inherited/Tax Dec),Married,5.5,16,0.6667,8,0,0,0.0,0.0,0.99,0,0,active,35.5,8,4,3.47,0.9532,1,0,early_settled
SYNTH-03075,3,TUBOD,HONDA,TMX125 ALPHA,Backbone/Utility,57900.0,14475.0,0.25,43425.0,24,2877.88,0.0722,39856.92,Employed (Private/Gov),Owned (Inherited/Tax Dec),Married,11.5,15,0.625,8,0,0,0.0,0.0,0.928,0,0,active,40.7,2,3,2.31,0.9505,0,0,completed
SYNTH-03076,3,TUBOD,HONDA,PCX160,Maxi-Scooter,134900.0,33725.0,0.25,101175.0,24,6439.12,0.2212,29105.23,Sari-Sari / Small Retail,Rented (Apartment/House),Married,11.6,20,0.9167,1,2,2,12878.24,0.156,0.547,0,0,defaulted,50.1,1,2,2.11,0.5,0,1,defaulted
SYNTH-03077,1,LALA,YAMAHA,MIO SPORTY,Scooter,73900.0,22170.0,0.3,51730.0,12,5631.65,0.4693,12000.0,Sari-Sari / Small Retail,Owned (Clean Title),Married,12.4,0,0.1667,0,2,4,22526.6,0.217,0.216,1,0,defaulted,31.0,12,6,6.12,0.5,0,1,defaulted
SYNTH-03078,3,TUBOD,HONDA,PCX160,Maxi-Scooter,134900.0,16188.0,0.12,118712.0,24,7520.57,0.305,24659.7,Sari-Sari / Small Retail,Owned (Inherited/Tax Dec),Married,1.9,6,0.4167,0,2,4,30082.28,0.413,0.389,1,1,defaulted,22.3,4,3,3.01,0.5,0,1,defaulted
SYNTH-03079,1,LALA,YAMAHA,NMAX 155,Maxi-Scooter,151900.0,18228.0,0.12,133672.0,24,8443.11,0.1086,77736.74,OFW Remittance / Dependent,Owned (Inherited/Tax Dec),Married,5.0,23,0.9583,6,0,0,0.0,0.0,0.996,0,0,active,11.0,8,5,4.31,1.0066,0,0,completed
SYNTH-03080,2,KAPATAGAN,SUZUKI,BURGMAN STREET 125,Maxi-Scooter,83400.0,10008.0,0.12,73392.0,36,3706.51,0.177,20939.69,Tricycle / PUV Operator,Owned (Clean Title),Widowed,8.0,29,0.9167,0,1,4,14826.04,0.245,0.62,0,0,defaulted,50.8,11,4,4.2,0.7409,0,1,defaulted
SYNTH-03081,2,KAPATAGAN,YAMAHA,SNIPER 155,Sport Underbone,123900.0,24780.0,0.2,99120.0,36,4935.73,0.1706,28929.26,Sari-Sari / Small Retail,Owned (Inherited/Tax Dec),Widowed,2.4,24,0.7778,0,1,4,19742.92,0.172,0.441,0,0,defaulted,11.1,12,4,3.83,0.5,0,1,defaulted
SYNTH-03082,1,LALA,YAMAHA,NMAX 155,Maxi-Scooter,151900.0,30380.0,0.2,121520.0,12,12959.6,0.6024,21511.78,Agri / Farmer / Fisherfolk,Rented (Apartment/House),Widowed,3.3,8,0.9167,1,4,3,38878.8,0.316,0.242,0,0,defaulted,41.3,1,3,3.33,0.5,0,1,defaulted
SYNTH-03083,3,TUBOD,KAWASAKI,ROUSER NS125,Sport Backbone,82000.0,9840.0,0.12,72160.0,24,4649.87,0.0737,63123.63,OFW Remittance / Dependent,Living with Parents/Relatives,Single,9.0,20,0.8333,7,0,0,0.0,0.0,0.962,0,0,active,20.3,10,2,1.76,0.9324,1,0,early_settled
SYNTH-03084,3,TUBOD,HONDA,CLICK 125I,Scooter,81400.0,20350.0,0.25,61050.0,36,3116.83,0.167,18668.83,Tricycle / PUV Operator,Owned (Clean Title),Single,6.3,13,0.4167,1,2,2,6233.66,0.344,0.494,0,1,defaulted,41.3,6,3,2.86,0.5,0,1,defaulted
SYNTH-03085,2,KAPATAGAN,YAMAHA,MIO FAZZIO,Retro Scooter,93900.0,28170.0,0.3,65730.0,24,4253.35,0.131,32467.2,Public School Teacher,Owned (Clean Title),Married,1.8,2,0.125,2,1,1,4253.35,0.041,0.602,0,0,delinquent,39.0,6,3,3.15,0.5263,0,0,completed
SYNTH-03086,1,LALA,SUZUKI,BURGMAN STREET 125,Maxi-Scooter,83400.0,25020.0,0.3,58380.0,12,6329.9,0.2322,27266.34,Sari-Sari / Small Retail,Rented (Apartment/House),Married,4.8,2,0.5,1,1,4,25319.6,0.262,0.368,0,0,defaulted,16.4,5,5,5.35,0.5,0,1,defaulted
SYNTH-03087,1,LALA,YAMAHA,SNIPER 155,Sport Underbone,123900.0,12390.0,0.1,111510.0,36,5527.7,0.1296,42665.08,OFW Remittance / Dependent,Living with Parents/Relatives,Married,2.4,21,0.6667,0,4,3,16583.1,0.372,0.415,0,0,defaulted,34.2,4,3,3.01,0.5,0,1,defaulted
SYNTH-03088,3,TUBOD,YAMAHA,MIO GEAR 125,Scooter,79400.0,9528.0,0.12,69872.0,24,4508.77,0.1512,29822.21,Employed (Private/Gov),Rented (Apartment/House),Single,7.2,0,0.0833,0,4,4,18035.08,0.208,0.367,1,0,defaulted,25.8,6,3,3.24,0.5,0,1,defaulted
SYNTH-03089,2,KAPATAGAN,SUZUKI,SMASH 115,Underbone,62400.0,7488.0,0.12,54912.0,36,2823.57,0.0889,31747.37,Public School Teacher,Rented (Apartment/House),Single,14.6,30,0.8611,2,0,1,2823.57,0.096,0.659,0,0,delinquent,47.6,3,4,3.79,0.6737,0,0,completed
SYNTH-03090,1,LALA,KAWASAKI,ROUSER NS125,Sport Backbone,82000.0,16400.0,0.2,65600.0,12,7088.0,0.3194,22192.91,Tricycle / PUV Operator,Owned (Inherited/Tax Dec),Married,10.6,1,0.1667,0,2,1,7088.0,0.168,0.612,0,0,delinquent,30.5,1,2,1.58,0.5294,0,1,defaulted
SYNTH-03091,3,TUBOD,YAMAHA,MIO GEAR 125,Scooter,79400.0,11910.0,0.15,67490.0,24,4361.88,0.2533,17223.12,Sari-Sari / Small Retail,Owned (Inherited/Tax Dec),Single,5.2,18,0.9167,1,2,4,17447.52,0.428,0.429,0,0,defaulted,48.8,7,3,2.96,0.5,0,0,defaulted
SYNTH-03092,2,KAPATAGAN,HONDA,TMX125 ALPHA,Backbone/Utility,57900.0,11580.0,0.2,46320.0,24,3056.4,0.0986,31008.92,Public School Teacher,Rented (Apartment/House),Widowed,3.9,0,0.0833,0,4,4,12225.6,0.396,0.526,0,0,defaulted,27.1,8,4,4.3,0.5,0,1,defaulted
SYNTH-03093,1,LALA,YAMAHA,MIO SPORTY,Scooter,73900.0,22170.0,0.3,51730.0,24,3390.02,0.0695,48759.27,OFW Remittance / Dependent,Owned (Clean Title),Single,6.9,21,0.875,11,0,0,0.0,0.0,0.917,0,0,active,36.7,8,5,4.72,0.9332,0,0,completed
SYNTH-03094,3,TUBOD,HONDA,BEAT PREMIUM,Scooter,72400.0,10860.0,0.15,61540.0,12,6661.7,0.1106,60209.73,OFW Remittance / Dependent,Owned (Clean Title),Married,3.6,11,1.0,0,0,1,6661.7,0.097,0.608,0,0,delinquent,29.2,3,4,4.13,0.6091,0,0,completed
SYNTH-03095,1,LALA,YAMAHA,MIO SPORTY,Scooter,73900.0,22170.0,0.3,51730.0,36,2671.54,0.1131,23631.01,BPO / Call Center Agent,Living with Parents/Relatives,Married,7.8,10,0.2778,0,2,0,0.0,0.015,0.607,0,0,active,44.1,1,4,3.64,0.5364,0,0,completed
SYNTH-03096,2,KAPATAGAN,HONDA,PCX160,Maxi-Scooter,134900.0,20235.0,0.15,114665.0,36,5678.44,0.1913,29685.22,OFW Remittance / Dependent,Owned (Clean Title),Widowed,4.1,12,0.4444,0,4,4,22713.76,0.234,0.231,1,0,defaulted,24.8,11,4,3.81,0.5,0,1,defaulted
SYNTH-03097,1,LALA,HONDA,PCX160,Maxi-Scooter,134900.0,13490.0,0.1,121410.0,36,6000.7,0.1289,46569.49,OFW Remittance / Dependent,Living with Parents/Relatives,Widowed,8.3,14,0.4167,2,0,1,6000.7,0.049,0.769,0,0,delinquent,17.1,1,3,3.62,0.6128,0,0,completed
SYNTH-03098,1,LALA,HONDA,CLICK 160,Scooter,122900.0,12290.0,0.1,110610.0,24,7020.95,0.3762,18662.76,Agri / Farmer / Fisherfolk,Living with Parents/Relatives,Married,10.8,19,0.875,1,2,2,14041.9,0.174,0.571,0,1,defaulted,55.7,10,4,3.87,0.5576,0,0,defaulted
SYNTH-03099,3,TUBOD,HONDA,CLICK 160,Scooter,122900.0,18435.0,0.15,104465.0,24,6642.01,0.3264,20347.54,Tricycle / PUV Operator,Rented (Apartment/House),Married,12.4,16,0.8333,0,3,4,26568.04,0.394,0.261,0,0,defaulted,32.6,11,3,2.95,0.5,0,0,defaulted
SYNTH-03100,3,TUBOD,HONDA,CLICK 160,Scooter,122900.0,14748.0,0.12,108152.0,12,11555.96,0.7556,15294.47,Tricycle / PUV Operator,Owned (Inherited/Tax Dec),Widowed,4.3,5,0.5833,0,4,2,23111.92,0.258,0.513,0,0,defaulted,38.3,9,3,2.79,0.5181,0,1,defaulted
SYNTH-03101,3,TUBOD,HONDA,ADV160,Adventure Scooter,166900.0,16690.0,0.1,150210.0,12,15972.05,0.4262,37477.58,BPO / Call Center Agent,Owned (Clean Title),Married,5.7,2,0.4167,1,2,3,47916.15,0.198,0.373,1,0,defaulted,15.1,11,2,2.44,0.5,0,1,defaulted
SYNTH-03102,3,TUBOD,YAMAHA,NMAX 155,Maxi-Scooter,151900.0,45570.0,0.3,106330.0,36,5280.21,0.2169,24346.43,BPO / Call Center Agent,Owned (Inherited/Tax Dec),Single,17.6,3,0.0833,2,1,0,0.0,0.09,0.83,0,0,active,37.3,9,3,3.13,0.8769,0,0,completed
SYNTH-03103,1,LALA,KAWASAKI,CT100B,Backbone/Utility,54000.0,8100.0,0.15,45900.0,24,3030.5,0.1291,23474.62,Tricycle / PUV Operator,Rented (Apartment/House),Widowed,7.5,0,0.1667,0,1,4,12122.0,0.357,0.244,1,0,defaulted,45.3,9,3,3.1,0.5,0,1,defaulted
SYNTH-03104,2,KAPATAGAN,HONDA,WAVE RSX,Underbone,64900.0,16225.0,0.25,48675.0,36,2525.58,0.0699,36136.22,Employed (Private/Gov),Rented (Apartment/House),Single,10.8,8,0.2222,3,1,0,0.0,0.027,0.791,0,0,active,27.3,9,3,2.51,0.7742,0,1,defaulted
SYNTH-03105,2,KAPATAGAN,YAMAHA,MIO FAZZIO,Retro Scooter,93900.0,14085.0,0.15,79815.0,24,5121.93,0.2654,19295.73,Sari-Sari / Small Retail,Owned (Clean Title),Married,4.8,0,0.0833,0,4,3,15365.79,0.292,0.209,1,0,defaulted,55.1,3,3,3.13,0.5,0,1,defaulted
SYNTH-03106,2,KAPATAGAN,YAMAHA,AEROX 155,Sport Scooter,125400.0,15048.0,0.12,110352.0,36,5472.37,0.1114,49113.07,Public School Teacher,Owned (Clean Title),Married,4.6,26,0.75,0,0,1,5472.37,0.101,0.614,0,0,delinquent,43.9,7,3,3.2,0.6479,0,0,completed
SYNTH-03107,1,LALA,HONDA,TMX125 ALPHA,Backbone/Utility,57900.0,17370.0,0.3,40530.0,36,2136.43,0.1136,18799.47,Agri / Farmer / Fisherfolk,Living with Parents/Relatives,Widowed,6.0,17,0.5556,0,3,3,6409.29,0.382,0.563,1,1,defaulted,19.7,9,6,5.93,0.5498,0,1,defaulted
SYNTH-03108,3,TUBOD,YAMAHA,AEROX 155,Sport Scooter,125400.0,12540.0,0.1,112860.0,36,5592.2,0.1844,30332.06,Employed (Private/Gov),Rented (Apartment/House),Married,5.4,18,0.6111,0,1,4,22368.8,0.412,0.608,1,0,defaulted,17.1,2,3,2.61,0.6466,0,1,defaulted
SYNTH-03109,2,KAPATAGAN,KAWASAKI,CT100B,Backbone/Utility,54000.0,8100.0,0.15,45900.0,24,3030.5,0.0795,38096.84,BPO / Call Center Agent,Owned (Clean Title),Widowed,3.5,9,0.375,0,1,0,0.0,0.003,0.773,0,0,active,49.2,6,3,2.73,0.6942,0,0,completed
SYNTH-03110,3,TUBOD,SUZUKI,RAIDER 150 FI,Sport Underbone,119900.0,17985.0,0.15,101915.0,36,5069.27,0.2728,18582.71,Tricycle / PUV Operator,Owned (Inherited/Tax Dec),Widowed,20.4,23,0.6667,0,1,1,5069.27,0.44,0.548,0,0,delinquent,48.2,9,2,2.09,0.5537,0,1,defaulted
SYNTH-03111,1,LALA,KAWASAKI,CT100B,Backbone/Utility,54000.0,13500.0,0.25,40500.0,12,4452.5,0.2341,19021.79,Sari-Sari / Small Retail,Rented (Apartment/House),Widowed,7.5,0,0.3333,1,2,4,17810.0,0.391,0.569,1,0,defaulted,11.4,3,5,5.72,0.5646,0,1,defaulted
SYNTH-03112,2,KAPATAGAN,HONDA,TMX125 ALPHA,Backbone/Utility,57900.0,11580.0,0.2,46320.0,12,5063.6,0.3539,14307.37,Agri / Farmer / Fisherfolk,Rented (Apartment/House),Widowed,1.7,2,0.4167,1,1,3,15190.8,0.183,0.618,0,0,defaulted,64.5,1,4,4.11,0.5,0,0,defaulted
SYNTH-03113,1,LALA,YAMAHA,NMAX 155,Maxi-Scooter,151900.0,22785.0,0.15,129115.0,24,8162.09,0.4238,19257.99,Tricycle / PUV Operator,Owned (Clean Title),Married,2.7,2,0.2083,0,3,3,24486.27,0.341,0.302,0,0,defaulted,61.6,7,3,2.76,0.5,0,1,defaulted
SYNTH-03114,3,TUBOD,HONDA,BEAT PREMIUM,Scooter,72400.0,7240.0,0.1,65160.0,24,4218.2,0.1921,21953.53,Agri / Farmer / Fisherfolk,Owned (Clean Title),Married,5.2,22,0.9583,0,3,1,4218.2,0.3,0.242,0,0,delinquent,49.0,3,4,3.56,0.5,0,1,defaulted
SYNTH-03115,3,TUBOD,YAMAHA,MIO GEAR 125,Scooter,79400.0,11910.0,0.15,67490.0,24,4361.88,0.3188,13683.37,Agri / Farmer / Fisherfolk,Owned (Inherited/Tax Dec),Widowed,5.6,10,0.5417,1,1,3,13085.64,0.415,0.486,0,0,defaulted,35.0,1,3,2.78,0.5,0,1,defaulted
SYNTH-03116,2,KAPATAGAN,HONDA,TMX125 ALPHA,Backbone/Utility,57900.0,6948.0,0.12,50952.0,24,3342.04,0.1024,32634.35,BPO / Call Center Agent,Owned (Clean Title),Married,6.5,10,0.4167,1,0,0,0.0,0.0,0.933,0,0,active,64.3,12,5,4.82,1.072,0,0,completed
SYNTH-03117,3,TUBOD,HONDA,TMX125 ALPHA,Backbone/Utility,57900.0,5790.0,0.1,52110.0,24,3413.45,0.1365,25004.6,Tricycle / PUV Operator,Owned (Inherited/Tax Dec),Widowed,17.8,20,1.0,0,2,4,13653.8,0.321,0.531,0,0,defaulted,46.8,7,3,2.8,0.566,0,1,defaulted
SYNTH-03118,1,LALA,YAMAHA,AEROX 155,Sport Scooter,125400.0,31350.0,0.25,94050.0,12,10075.25,0.3114,32353.64,BPO / Call Center Agent,Rented (Apartment/House),Widowed,9.6,3,0.5,1,1,3,30225.75,0.444,0.384,0,0,defaulted,21.9,12,5,4.36,0.5,0,1,defaulted
SYNTH-03119,2,KAPATAGAN,KAWASAKI,ROUSER NS125,Sport Backbone,82000.0,20500.0,0.25,61500.0,12,6657.5,0.3751,17747.86,Sari-Sari / Small Retail,Owned (Inherited/Tax Dec),Married,6.0,0,0.3333,0,2,4,26630.0,0.306,0.284,0,0,defaulted,57.2,12,2,2.33,0.5,0,1,defaulted
SYNTH-03120,2,KAPATAGAN,YAMAHA,NMAX 155,Maxi-Scooter,151900.0,22785.0,0.15,129115.0,36,6368.83,0.3027,21039.43,Sari-Sari / Small Retail,Living with Parents/Relatives,Single,3.9,11,0.4167,0,4,4,25475.32,0.362,0.471,0,1,defaulted,31.7,4,3,2.68,0.52,0,1,defaulted
SYNTH-03121,1,LALA,YAMAHA,MIO FAZZIO,Retro Scooter,93900.0,23475.0,0.25,70425.0,24,4542.88,0.1151,39474.63,Employed (Private/Gov),Owned (Inherited/Tax Dec),Single,4.9,0,0.0417,2,0,1,4542.88,0.078,0.731,1,0,delinquent,21.5,11,5,4.75,0.8406,0,0,completed
SYNTH-03122,3,TUBOD,KAWASAKI,P24KK (BARAKO II),Backbone/Tricycle,68500.0,20550.0,0.3,47950.0,36,2490.94,0.0554,44976.07,Public School Teacher,Owned (Inherited/Tax Dec),Single,2.0,7,0.1944,5,0,0,0.0,0.0,0.881,0,0,active,44.8,7,3,2.9,0.898,1,0,early_settled
SYNTH-03123,2,KAPATAGAN,KAWASAKI,CT100B,Backbone/Utility,54000.0,6480.0,0.12,47520.0,12,5189.6,0.2182,23779.32,Sari-Sari / Small Retail,Owned (Clean Title),Married,6.5,7,0.75,0,1,2,10379.2,0.272,0.463,0,0,defaulted,46.0,10,3,3.01,0.5,0,1,defaulted
SYNTH-03124,3,TUBOD,YAMAHA,MIO GEAR 125,Scooter,79400.0,23820.0,0.3,55580.0,24,3627.43,0.0856,42374.74,Public School Teacher,Owned (Clean Title),Single,9.9,8,0.3333,8,0,0,0.0,0.0,0.882,0,0,active,55.5,2,3,2.92,0.9053,0,0,completed
SYNTH-03125,2,KAPATAGAN,YAMAHA,SNIPER 155,Sport Underbone,123900.0,30975.0,0.25,92925.0,36,4639.75,0.1062,43672.34,Public School Teacher,Living with Parents/Relatives,Single,7.9,6,0.1667,1,0,0,0.0,0.0,0.907,0,0,active,53.6,11,3,2.68,1.0396,0,0,completed
SYNTH-03126,2,KAPATAGAN,YAMAHA,NMAX 155,Maxi-Scooter,151900.0,30380.0,0.2,121520.0,12,12959.6,0.4691,27625.36,Employed (Private/Gov),Rented (Apartment/House),Married,20.8,2,0.5,0,3,4,51838.4,0.394,0.406,1,1,defaulted,27.1,11,4,3.52,0.5119,0,0,defaulted
SYNTH-03127,1,LALA,HONDA,BEAT PREMIUM,Scooter,72400.0,10860.0,0.15,61540.0,12,6661.7,0.1169,56990.86,OFW Remittance / Dependent,Rented (Apartment/House),Married,11.8,2,0.1667,1,1,0,0.0,0.042,0.803,0,0,active,11.9,6,6,6.11,0.6968,0,0,completed
SYNTH-03128,1,LALA,YAMAHA,NMAX 155,Maxi-Scooter,151900.0,15190.0,0.1,136710.0,24,8630.45,0.2492,34629.19,Public School Teacher,Owned (Clean Title),Single,10.6,2,0.125,2,1,1,8630.45,0.071,0.686,0,0,delinquent,32.2,3,4,3.95,0.6824,0,1,defaulted
SYNTH-03129,3,TUBOD,SUZUKI,RAIDER 150 FI,Sport Underbone,119900.0,14388.0,0.12,105512.0,24,6706.57,0.1926,34824.06,Employed (Private/Gov),Owned (Clean Title),Widowed,4.9,10,0.5833,1,4,4,26826.28,0.427,0.514,0,1,defaulted,58.5,7,2,1.87,0.5,0,1,defaulted
SYNTH-03130,3,TUBOD,HONDA,PCX160,Maxi-Scooter,134900.0,13490.0,0.1,121410.0,12,12948.05,1.079,12000.0,Agri / Farmer / Fisherfolk,Rented (Apartment/House),Married,8.0,6,0.6667,0,4,2,25896.1,0.42,0.4,1,0,defaulted,29.7,5,2,2.32,0.5,0,1,defaulted
SYNTH-03131,1,LALA,SUZUKI,BURGMAN STREET 125,Maxi-Scooter,83400.0,10008.0,0.12,73392.0,24,4725.84,0.1493,31646.52,Employed (Private/Gov),Owned (Inherited/Tax Dec),Single,4.4,0,0.0417,0,1,1,4725.84,0.137,0.688,0,0,delinquent,64.9,8,4,3.97,0.71,0,0,completed
SYNTH-03132,1,LALA,HONDA,TMX125 ALPHA,Backbone/Utility,57900.0,8685.0,0.15,49215.0,12,5367.57,0.205,26185.79,Tricycle / PUV Operator,Living with Parents/Relatives,Widowed,15.4,10,0.9167,0,2,1,5367.57,0.433,0.416,1,0,delinquent,11.3,6,5,4.76,0.5,0,1,defaulted
SYNTH-03133,1,LALA,HONDA,BEAT PREMIUM,Scooter,72400.0,14480.0,0.2,57920.0,12,6281.6,0.1957,32098.7,Sari-Sari / Small Retail,Owned (Inherited/Tax Dec),Married,11.5,8,0.9167,1,2,3,18844.8,0.207,0.328,1,1,defaulted,19.2,11,7,6.68,0.5,0,1,defaulted
SYNTH-03134,1,LALA,SUZUKI,SMASH 115,Underbone,62400.0,9360.0,0.15,53040.0,36,2734.13,0.1179,23195.33,Tricycle / PUV Operator,Living with Parents/Relatives,Widowed,2.0,15,0.5278,0,1,4,10936.52,0.249,0.524,0,0,defaulted,43.2,9,4,3.65,0.5191,0,1,defaulted
SYNTH-03135,1,LALA,HONDA,CLICK 160,Scooter,122900.0,14748.0,0.12,108152.0,36,5367.26,0.1447,37104.94,BPO / Call Center Agent,Owned (Inherited/Tax Dec),Married,7.2,26,0.7222,3,2,0,0.0,0.006,0.805,0,0,active,15.4,11,6,6.89,0.8946,0,0,completed
SYNTH-03136,2,KAPATAGAN,HONDA,CLICK 125I,Scooter,81400.0,12210.0,0.15,69190.0,24,4466.72,0.074,60386.44,OFW Remittance / Dependent,Living with Parents/Relatives,Married,3.6,1,0.0833,0,2,1,4466.72,0.075,0.838,0,0,delinquent,51.8,10,4,3.73,0.8644,0,0,completed
SYNTH-03137,3,TUBOD,HONDA,CLICK 160,Scooter,122900.0,14748.0,0.12,108152.0,24,6869.37,0.3405,20177.29,Tricycle / PUV Operator,Owned (Inherited/Tax Dec),Single,4.5,2,0.1667,1,1,2,13738.74,0.341,0.303,0,0,defaulted,25.6,1,3,2.6,0.5,0,1,defaulted
SYNTH-03138,2,KAPATAGAN,HONDA,WAVE RSX,Underbone,64900.0,9735.0,0.15,55165.0,36,2835.66,0.0671,42257.13,Public School Teacher,Owned (Inherited/Tax Dec),Single,5.5,27,0.75,10,0,0,0.0,0.0,0.976,0,0,active,47.3,1,3,3.05,0.8656,0,0,completed
SYNTH-03139,1,LALA,HONDA,CLICK 160,Scooter,122900.0,30725.0,0.25,92175.0,12,9878.38,0.4409,22403.03,Employed (Private/Gov),Living with Parents/Relatives,Widowed,3.6,8,0.9167,0,2,3,29635.14,0.192,0.368,1,0,defaulted,39.4,3,4,4.51,0.5,0,1,defaulted
SYNTH-03140,2,KAPATAGAN,HONDA,CLICK 160,Scooter,122900.0,36870.0,0.3,86030.0,36,4310.32,0.2507,17194.69,Tricycle / PUV Operator,Owned (Inherited/Tax Dec),Single,7.7,14,0.5,0,4,4,17241.28,0.22,0.383,0,1,defaulted,11.7,2,5,4.84,0.5,0,1,defaulted
SYNTH-03141,2,KAPATAGAN,HONDA,CLICK 160,Scooter,122900.0,12290.0,0.1,110610.0,12,11814.05,0.4147,28491.48,Sari-Sari / Small Retail,Owned (Inherited/Tax Dec),Married,8.2,7,0.6667,0,4,1,11814.05,0.23,0.379,0,0,delinquent,61.4,12,4,4.4,0.5,0,1,defaulted
SYNTH-03142,2,KAPATAGAN,HONDA,CLICK 160,Scooter,122900.0,12290.0,0.1,110610.0,12,11814.05,0.1701,69464.95,OFW Remittance / Dependent,Owned (Clean Title),Married,12.6,9,0.8333,0,0,1,11814.05,0.09,0.671,0,0,delinquent,33.7,4,4,4.01,0.6971,0,0,completed
SYNTH-03143,3,TUBOD,YAMAHA,MIO GEAR 125,Scooter,79400.0,11910.0,0.15,67490.0,24,4361.88,0.1427,30573.81,Public School Teacher,Rented (Apartment/House),Married,2.8,1,0.125,0,4,2,8723.76,0.273,0.649,0,0,defaulted,20.0,1,4,3.52,0.5328,0,1,defaulted
SYNTH-03144,1,LALA,HONDA,TMX125 ALPHA,Backbone/Utility,57900.0,5790.0,0.1,52110.0,36,2689.7,0.1302,20651.86,Agri / Farmer / Fisherfolk,Rented (Apartment/House),Widowed,6.4,22,0.7222,0,3,4,10758.8,0.385,0.283,1,0,defaulted,17.1,4,6,6.06,0.5,0,1,defaulted
SYNTH-03145,2,KAPATAGAN,YAMAHA,AEROX 155,Sport Scooter,125400.0,18810.0,0.15,106590.0,12,11391.95,0.3278,34752.36,BPO / Call Center Agent,Rented (Apartment/House),Married,4.9,6,0.8333,0,3,4,45567.8,0.296,0.528,1,0,defaulted,17.3,12,5,5.11,0.5514,0,1,defaulted
SYNTH-03146,2,KAPATAGAN,YAMAHA,SNIPER 155,Sport Underbone,123900.0,12390.0,0.1,111510.0,24,7076.45,0.3958,17876.65,Tricycle / PUV Operator,Living with Parents/Relatives,Married,4.7,10,0.4583,1,4,1,7076.45,0.234,0.561,0,0,delinquent,25.2,2,3,2.91,0.5493,0,0,defaulted
SYNTH-03147,2,KAPATAGAN,HONDA,ADV160,Adventure Scooter,166900.0,20028.0,0.12,146872.0,12,15621.56,0.2823,55330.01,OFW Remittance / Dependent,Owned (Clean Title),Single,8.8,10,1.0,0,1,2,31243.12,0.246,0.228,1,0,defaulted,17.8,6,2,2.26,0.5,0,1,defaulted
SYNTH-03148,2,KAPATAGAN,YAMAHA,NMAX 155,Maxi-Scooter,151900.0,18228.0,0.12,133672.0,36,6586.55,0.2848,23123.45,BPO / Call Center Agent,Owned (Inherited/Tax Dec),Single,4.9,26,0.8056,0,4,3,19759.65,0.274,0.205,1,0,defaulted,59.5,7,3,2.86,0.5,0,1,defaulted
SYNTH-03149,2,KAPATAGAN,YAMAHA,MIO SPORTY,Scooter,73900.0,14780.0,0.2,59120.0,24,3845.73,0.1148,33490.35,OFW Remittance / Dependent,Living with Parents/Relatives,Single,9.1,23,1.0,0,0,1,3845.73,0.014,0.748,1,0,delinquent,36.3,2,4,3.34,0.7876,0,1,defaulted
SYNTH-03150,2,KAPATAGAN,YAMAHA,MIO FAZZIO,Retro Scooter,93900.0,11268.0,0.12,82632.0,24,5295.64,0.1585,33415.67,Employed (Private/Gov),Rented (Apartment/House),Single,21.6,20,0.875,0,1,1,5295.64,0.267,0.583,0,0,delinquent,38.4,2,3,3.27,0.6211,0,1,defaulted
SYNTH-03151,3,TUBOD,SUZUKI,RAIDER 150 FI,Sport Underbone,119900.0,14388.0,0.12,105512.0,12,11278.76,0.6378,17682.64,Tricycle / PUV Operator,Owned (Clean Title),Widowed,4.2,3,0.5,0,4,3,33836.28,0.161,0.34,0,0,defaulted,38.1,2,2,2.04,0.5,0,1,defaulted
SYNTH-03152,3,TUBOD,HONDA,PCX160,Maxi-Scooter,134900.0,26980.0,0.2,107920.0,36,5356.18,0.3812,14051.29,Tricycle / PUV Operator,Living with Parents/Relatives,Married,5.8,2,0.1111,1,4,2,10712.36,0.27,0.228,0,1,defaulted,26.6,5,2,2.2,0.5,0,1,defaulted
SYNTH-03153,1,LALA,KAWASAKI,CT100B,Backbone/Utility,54000.0,16200.0,0.3,37800.0,36,2006.0,0.1672,12000.0,Agri / Farmer / Fisherfolk,Owned (Inherited/Tax Dec),Married,16.9,1,0.1389,0,3,4,8024.0,0.213,0.329,1,0,defaulted,39.7,7,3,2.3,0.5,0,1,defaulted
SYNTH-03154,1,LALA,KAWASAKI,CT100B,Backbone/Utility,54000.0,5400.0,0.1,48600.0,12,5303.0,0.3328,15932.99,Agri / Farmer / Fisherfolk,Owned (Inherited/Tax Dec),Married,6.1,9,0.9167,0,3,2,10606.0,0.382,0.252,0,0,defaulted,30.3,9,3,2.48,0.5,0,1,defaulted
SYNTH-03155,2,KAPATAGAN,YAMAHA,MIO FAZZIO,Retro Scooter,93900.0,28170.0,0.3,65730.0,12,7101.65,0.3102,22893.9,Employed (Private/Gov),Owned (Inherited/Tax Dec),Married,8.9,4,0.5,1,2,2,14203.3,0.2,0.269,1,0,defaulted,64.4,3,3,2.63,0.5,0,1,defaulted
SYNTH-03156,1,LALA,YAMAHA,SNIPER 155,Sport Underbone,123900.0,14868.0,0.12,109032.0,24,6923.64,0.1381,50136.82,OFW Remittance / Dependent,Rented (Apartment/House),Married,4.2,1,0.1667,0,3,3,20770.92,0.287,0.351,1,1,defaulted,19.2,5,4,3.82,0.5,0,1,defaulted
SYNTH-03157,1,LALA,HONDA,ADV160,Adventure Scooter,166900.0,50070.0,0.3,116830.0,36,5781.88,0.3015,19173.97,Tricycle / PUV Operator,Owned (Inherited/Tax Dec),Widowed,6.1,3,0.1944,0,3,4,23127.52,0.292,0.357,0,0,defaulted,26.0,11,2,2.29,0.5,0,1,defaulted
SYNTH-03158,1,LALA,YAMAHA,SNIPER 155,Sport Underbone,123900.0,30975.0,0.25,92925.0,24,5930.38,0.2248,26383.86,Sari-Sari / Small Retail,Owned (Clean Title),Widowed,3.4,18,0.9167,1,3,4,23721.52,0.342,0.288,0,1,defaulted,15.2,9,4,4.09,0.5,0,1,defaulted
SYNTH-03159,1,LALA,HONDA,CLICK 125I,Scooter,81400.0,12210.0,0.15,69190.0,24,4466.72,0.0525,85157.51,OFW Remittance / Dependent,Owned (Clean Title),Married,8.0,21,0.875,5,0,0,0.0,0.0,0.883,0,0,active,29.4,8,4,3.69,0.8587,0,0,completed
SYNTH-03160,1,LALA,KAWASAKI,P24KK (BARAKO II),Backbone/Tricycle,68500.0,20550.0,0.3,47950.0,36,2490.94,0.0481,51756.67,OFW Remittance / Dependent,Owned (Inherited/Tax Dec),Married,7.1,31,0.8611,4,0,0,0.0,0.0,0.973,0,0,active,27.7,10,4,3.45,0.9823,0,0,completed
SYNTH-03161,2,KAPATAGAN,HONDA,CLICK 160,Scooter,122900.0,18435.0,0.15,104465.0,12,11168.82,0.2985,37415.06,Employed (Private/Gov),Rented (Apartment/House),Married,11.1,1,0.3333,0,4,3,33506.46,0.226,0.308,1,0,defaulted,31.1,4,4,3.86,0.5,0,1,defaulted
SYNTH-03162,2,KAPATAGAN,HONDA,CLICK 125I,Scooter,81400.0,20350.0,0.25,61050.0,24,3964.75,0.1601,24760.18,Employed (Private/Gov),Owned (Clean Title),Married,11.2,19,0.7917,3,1,0,0.0,0.125,0.658,0,0,active,59.0,6,4,3.87,0.5944,0,0,completed
SYNTH-03163,3,TUBOD,YAMAHA,MIO GEAR 125,Scooter,79400.0,9528.0,0.12,69872.0,36,3538.33,0.1126,31420.76,Employed (Private/Gov),Living with Parents/Relatives,Widowed,11.7,32,0.9167,0,2,1,3538.33,0.088,0.749,0,0,delinquent,30.8,7,3,2.84,0.7697,0,1,defaulted
SYNTH-03164,3,TUBOD,HONDA,CLICK 160,Scooter,122900.0,24580.0,0.2,98320.0,12,10523.6,0.2676,39329.04,BPO / Call Center Agent,Owned (Inherited/Tax Dec),Married,7.5,8,0.9167,0,1,3,31570.8,0.371,0.473,0,1,defaulted,63.6,12,3,2.78,0.6047,0,1,defaulted
SYNTH-03165,3,TUBOD,YAMAHA,MIO FAZZIO,Retro Scooter,93900.0,23475.0,0.25,70425.0,24,4542.88,0.1234,36816.06,Public School Teacher,Rented (Apartment/House),Single,3.7,20,1.0,1,1,4,18171.52,0.3,0.596,0,1,defaulted,20.3,3,3,3.08,0.6145,0,1,defaulted
SYNTH-03166,3,TUBOD,HONDA,ADV160,Adventure Scooter,166900.0,20028.0,0.12,146872.0,36,7217.22,0.301,23975.34,BPO / Call Center Agent,Living with Parents/Relatives,Married,18.1,10,0.3056,0,2,1,7217.22,0.156,0.381,1,0,delinquent,43.6,6,1,1.27,0.5,0,1,defaulted
SYNTH-03167,1,LALA,HONDA,WAVE RSX,Underbone,64900.0,7788.0,0.12,57112.0,12,6196.76,0.2661,23283.15,Sari-Sari / Small Retail,Living with Parents/Relatives,Widowed,2.9,9,1.0,0,1,3,18590.28,0.155,0.607,1,0,defaulted,28.0,11,4,4.06,0.7482,0,1,defaulted
SYNTH-03168,3,TUBOD,YAMAHA,SNIPER 155,Sport Underbone,123900.0,24780.0,0.2,99120.0,24,6312.4,0.1528,41318.29,Public School Teacher,Owned (Inherited/Tax Dec),Married,2.4,8,0.3333,3,1,0,0.0,0.037,0.651,0,0,active,20.6,12,3,3.58,0.7534,0,1,defaulted
SYNTH-03169,1,LALA,HONDA,CLICK 125I,Scooter,81400.0,20350.0,0.25,61050.0,12,6610.25,0.2192,30154.56,Sari-Sari / Small Retail,Living with Parents/Relatives,Married,1.0,3,0.3333,0,3,1,6610.25,0.236,0.404,0,0,delinquent,25.1,12,5,4.76,0.5,0,1,defaulted
SYNTH-03170,3,TUBOD,KAWASAKI,ROUSER NS125,Sport Backbone,82000.0,24600.0,0.3,57400.0,36,2942.44,0.0977,30110.07,Public School Teacher,Living with Parents/Relatives,Single,2.5,21,0.6111,1,2,1,2942.44,0.086,0.833,0,0,delinquent,64.0,11,2,2.19,0.9267,0,0,completed
SYNTH-03171,1,LALA,SUZUKI,BURGMAN STREET 125,Maxi-Scooter,83400.0,25020.0,0.3,58380.0,24,3800.1,0.0744,51070.82,OFW Remittance / Dependent,Living with Parents/Relatives,Widowed,2.6,19,0.8333,1,1,1,3800.1,0.051,0.651,0,0,delinquent,22.5,4,5,4.87,0.6984,0,0,completed
SYNTH-03172,2,KAPATAGAN,SUZUKI,BURGMAN STREET 125,Maxi-Scooter,83400.0,25020.0,0.3,58380.0,12,6329.9,0.103,61441.67,OFW Remittance / Dependent,Rented (Apartment/House),Married,7.4,11,0.9167,0,1,0,0.0,0.066,0.625,0,0,active,41.0,4,3,2.64,0.6569,0,1,defaulted
SYNTH-03173,2,KAPATAGAN,HONDA,ADV160,Adventure Scooter,166900.0,16690.0,0.1,150210.0,36,7376.7,0.3159,23350.49,Employed (Private/Gov),Owned (Clean Title),Married,1.7,4,0.1944,0,4,3,22130.1,0.22,0.219,1,0,defaulted,54.5,3,2,1.88,0.5,0,1,defaulted
SYNTH-03174,2,KAPATAGAN,YAMAHA,MIO FAZZIO,Retro Scooter,93900.0,9390.0,0.1,84510.0,36,4237.7,0.2754,15387.23,Sari-Sari / Small Retail,Living with Parents/Relatives,Married,3.9,9,0.3056,0,2,2,8475.4,0.398,0.461,1,0,defaulted,30.0,9,3,2.84,0.5,0,0,defaulted
SYNTH-03175,2,KAPATAGAN,KAWASAKI,P24KK (BARAKO II),Backbone/Tricycle,68500.0,20550.0,0.3,47950.0,12,5234.75,0.39,13422.19,Sari-Sari / Small Retail,Living with Parents/Relatives,Widowed,13.4,9,0.8333,0,2,1,5234.75,0.267,0.464,1,1,delinquent,49.4,6,3,2.82,0.5,0,1,defaulted
SYNTH-03176,3,TUBOD,YAMAHA,AEROX 155,Sport Scooter,125400.0,12540.0,0.1,112860.0,24,7159.7,0.3495,20486.11,Sari-Sari / Small Retail,Owned (Inherited/Tax Dec),Widowed,11.3,6,0.3333,0,4,2,14319.4,0.181,0.634,1,0,defaulted,35.3,10,2,2.63,0.6286,0,1,defaulted
SYNTH-03177,3,TUBOD,HONDA,WAVE RSX,Underbone,64900.0,7788.0,0.12,57112.0,12,6196.76,0.292,21219.64,BPO / Call Center Agent,Owned (Clean Title),Married,8.5,0,0.1667,0,3,3,18590.28,0.435,0.489,0,0,defaulted,31.1,4,3,3.62,0.5247,0,1,defaulted
SYNTH-03178,3,TUBOD,HONDA,CLICK 125I,Scooter,81400.0,16280.0,0.2,65120.0,36,3311.29,0.0882,37543.76,Public School Teacher,Rented (Apartment/House),Married,3.2,14,0.4167,1,1,1,3311.29,0.287,0.288,1,1,delinquent,58.0,5,3,2.43,0.5,0,1,defaulted
SYNTH-03179,3,TUBOD,KAWASAKI,CT100B,Backbone/Utility,54000.0,8100.0,0.15,45900.0,36,2393.0,0.0662,36129.91,BPO / Call Center Agent,Owned (Inherited/Tax Dec),Married,1.7,19,0.5556,0,1,1,2393.0,0.135,0.601,0,0,delinquent,22.0,6,3,3.15,0.5,0,1,defaulted
SYNTH-03180,1,LALA,YAMAHA,MIO GEAR 125,Scooter,79400.0,19850.0,0.25,59550.0,36,3045.17,0.0596,51074.05,OFW Remittance / Dependent,Owned (Inherited/Tax Dec),Married,16.7,7,0.1944,6,0,0,0.0,0.0,0.964,0,0,active,35.2,9,4,3.95,0.966,1,0,early_settled
SYNTH-03181,1,LALA,SUZUKI,SMASH 115,Underbone,62400.0,9360.0,0.15,53040.0,24,3470.8,0.2857,12147.79,Agri / Farmer / Fisherfolk,Owned (Inherited/Tax Dec),Married,12.8,0,0.0833,0,3,4,13883.2,0.44,0.229,0,0,defaulted,18.3,6,5,5.35,0.5,0,1,defaulted
SYNTH-03182,3,TUBOD,YAMAHA,SNIPER 155,Sport Underbone,123900.0,18585.0,0.15,105315.0,24,6694.43,0.3951,16944.61,Tricycle / PUV Operator,Living with Parents/Relatives,Married,2.8,11,0.5833,0,1,3,20083.29,0.286,0.456,0,0,defaulted,60.5,12,2,2.33,0.5139,0,1,defaulted
SYNTH-03183,1,LALA,YAMAHA,AEROX 155,Sport Scooter,125400.0,37620.0,0.3,87780.0,24,5613.1,0.4552,12330.05,Agri / Farmer / Fisherfolk,Owned (Clean Title),Widowed,5.7,14,0.6667,0,4,2,11226.2,0.327,0.301,0,1,defaulted,18.4,2,4,4.02,0.5,0,1,defaulted
SYNTH-03184,3,TUBOD,YAMAHA,NMAX 155,Maxi-Scooter,151900.0,37975.0,0.25,113925.0,36,5643.08,0.3487,16184.78,Tricycle / PUV Operator,Owned (Clean Title),Single,4.1,21,0.6111,0,2,1,5643.08,0.186,0.302,0,0,delinquent,21.1,4,4,3.99,0.5,0,1,defaulted
SYNTH-03185,2,KAPATAGAN,HONDA,CLICK 160,Scooter,122900.0,24580.0,0.2,98320.0,24,6263.07,0.1303,48074.42,Public School Teacher,Rented (Apartment/House),Widowed,9.1,1,0.0417,1,1,0,0.0,0.041,0.642,1,0,active,23.1,9,5,4.35,0.6381,0,1,defaulted
SYNTH-03186,3,TUBOD,HONDA,BEAT PREMIUM,Scooter,72400.0,10860.0,0.15,61540.0,36,3140.24,0.0984,31909.66,Employed (Private/Gov),Owned (Clean Title),Married,19.2,34,0.9444,3,0,0,0.0,0.0,0.957,0,0,active,21.3,1,4,4.04,0.848,0,0,completed
SYNTH-03187,2,KAPATAGAN,HONDA,BEAT PREMIUM,Scooter,72400.0,10860.0,0.15,61540.0,12,6661.7,0.4949,13459.45,Agri / Farmer / Fisherfolk,Owned (Clean Title),Widowed,1.3,6,0.6667,1,3,2,13323.4,0.444,0.341,1,0,defaulted,51.7,4,4,4.0,0.5,0,0,defaulted
SYNTH-03188,1,LALA,YAMAHA,MIO GEAR 125,Scooter,79400.0,11910.0,0.15,67490.0,36,3424.52,0.2306,14851.88,Agri / Farmer / Fisherfolk,Living with Parents/Relatives,Single,17.0,6,0.25,1,1,3,10273.56,0.26,0.418,0,1,defaulted,24.9,8,6,5.95,0.5,0,1,defaulted
SYNTH-03189,3,TUBOD,HONDA,ADV160,Adventure Scooter,166900.0,50070.0,0.3,116830.0,36,5781.88,0.1428,40478.34,Public School Teacher,Owned (Clean Title),Widowed,7.8,3,0.0833,3,0,0,0.0,0.0,0.971,0,0,active,55.3,6,1,0.55,0.8868,0,0,completed
SYNTH-03190,2,KAPATAGAN,SUZUKI,SMASH 115,Underbone,62400.0,18720.0,0.3,43680.0,24,2893.6,0.153,18908.85,Agri / Farmer / Fisherfolk,Owned (Clean Title),Married,7.7,7,0.4583,0,1,4,11574.4,0.3,0.451,0,0,defaulted,43.1,5,4,3.7,0.5,0,0,defaulted
SYNTH-03191,2,KAPATAGAN,YAMAHA,MIO SPORTY,Scooter,73900.0,22170.0,0.3,51730.0,36,2671.54,0.0793,33706.37,BPO / Call Center Agent,Living with Parents/Relatives,Widowed,9.6,34,0.9722,0,2,1,2671.54,0.062,0.809,0,0,delinquent,43.9,1,4,3.91,0.7733,0,0,completed
SYNTH-03192,2,KAPATAGAN,KAWASAKI,CT100B,Backbone/Utility,54000.0,8100.0,0.15,45900.0,36,2393.0,0.0968,24722.77,Employed (Private/Gov),Living with Parents/Relatives,Single,10.2,20,0.5833,3,1,1,2393.0,0.12,0.644,1,0,delinquent,25.0,12,4,4.14,0.7831,1,0,completed
SYNTH-03193,2,KAPATAGAN,YAMAHA,SNIPER 155,Sport Underbone,123900.0,12390.0,0.1,111510.0,12,11908.55,0.5113,23291.16,Agri / Farmer / Fisherfolk,Living with Parents/Relatives,Married,5.1,1,0.1667,0,3,1,11908.55,0.395,0.6,1,1,delinquent,41.6,9,3,3.75,0.5965,0,1,defaulted
SYNTH-03194,1,LALA,YAMAHA,MIO FAZZIO,Retro Scooter,93900.0,14085.0,0.15,79815.0,24,5121.93,0.2838,18046.68,Tricycle / PUV Operator,Rented (Apartment/House),Single,19.8,6,0.375,0,3,3,15365.79,0.361,0.577,0,1,defaulted,28.1,1,3,2.98,0.5,0,1,defaulted
SYNTH-03195,2,KAPATAGAN,HONDA,CLICK 160,Scooter,122900.0,18435.0,0.15,104465.0,12,11168.82,0.2642,42271.99,Employed (Private/Gov),Living with Parents/Relatives,Widowed,10.2,1,0.4167,1,4,4,44675.28,0.192,0.495,0,1,defaulted,15.2,9,5,5.32,0.5073,0,1,defaulted
SYNTH-03196,2,KAPATAGAN,YAMAHA,MIO GEAR 125,Scooter,79400.0,19850.0,0.25,59550.0,12,6452.75,0.1835,35168.29,Public School Teacher,Living with Parents/Relatives,Widowed,8.5,9,0.8333,1,1,1,6452.75,0.121,0.736,0,0,delinquent,25.2,7,4,3.92,0.781,0,0,completed
SYNTH-03197,1,LALA,HONDA,PCX160,Maxi-Scooter,134900.0,40470.0,0.3,94430.0,24,6023.18,0.1486,40535.65,Public School Teacher,Owned (Clean Title),Widowed,5.6,3,0.125,1,0,0,0.0,0.0,0.93,0,0,active,36.4,9,3,2.89,0.9652,0,0,completed
SYNTH-03198,1,LALA,HONDA,TMX125 ALPHA,Backbone/Utility,57900.0,17370.0,0.3,40530.0,24,2699.35,0.1069,25252.68,Tricycle / PUV Operator,Owned (Clean Title),Widowed,14.2,22,0.9167,2,0,0,0.0,0.091,0.656,0,0,active,33.8,1,4,3.7,0.6056,0,0,completed
SYNTH-03199,2,KAPATAGAN,KAWASAKI,P24KK (BARAKO II),Backbone/Tricycle,68500.0,6850.0,0.1,61650.0,24,4001.75,0.1335,29968.79,Employed (Private/Gov),Living with Parents/Relatives,Single,7.1,15,0.6667,2,0,1,4001.75,0.124,0.696,0,0,delinquent,14.4,8,5,5.33,0.6928,0,0,completed
SYNTH-03200,3,TUBOD,YAMAHA,MIO FAZZIO,Retro Scooter,93900.0,11268.0,0.12,82632.0,36,4147.97,0.103,40254.33,Public School Teacher,Owned (Clean Title),Single,5.2,11,0.3056,4,0,0,0.0,0.0,0.914,0,0,active,56.2,8,2,2.55,0.9459,1,0,early_settled
SYNTH-03201,2,KAPATAGAN,YAMAHA,SNIPER 155,Sport Underbone,123900.0,24780.0,0.2,99120.0,24,6312.4,0.1886,33463.66,Employed (Private/Gov),Owned (Inherited/Tax Dec),Married,7.3,3,0.1667,3,2,1,6312.4,0.104,0.752,0,0,delinquent,60.5,10,3,2.77,0.7294,0,0,completed
SYNTH-03202,2,KAPATAGAN,KAWASAKI,ROUSER NS125,Sport Backbone,82000.0,8200.0,0.1,73800.0,36,3726.0,0.0607,61425.79,OFW Remittance / Dependent,Owned (Inherited/Tax Dec),Married,6.4,35,0.9722,4,0,0,0.0,0.0,0.982,0,0,active,15.6,2,3,3.13,0.9837,1,0,early_settled
SYNTH-03203,1,LALA,KAWASAKI,P24KK (BARAKO II),Backbone/Tricycle,68500.0,20550.0,0.3,47950.0,12,5234.75,0.262,19980.23,Agri / Farmer / Fisherfolk,Rented (Apartment/House),Married,1.4,7,0.9167,1,3,4,20939.0,0.211,0.636,0,0,defaulted,41.9,10,4,3.73,0.6372,0,1,defaulted
SYNTH-03204,2,KAPATAGAN,YAMAHA,MIO SPORTY,Scooter,73900.0,11085.0,0.15,62815.0,36,3201.16,0.1097,29174.69,Sari-Sari / Small Retail,Owned (Clean Title),Married,6.7,34,0.9444,2,0,0,0.0,0.143,0.609,0,0,active,19.6,6,5,4.19,0.5461,0,0,completed
SYNTH-03205,3,TUBOD,KAWASAKI,CT100B,Backbone/Utility,54000.0,8100.0,0.15,45900.0,24,3030.5,0.0864,35076.07,BPO / Call Center Agent,Owned (Inherited/Tax Dec),Married,17.1,18,0.75,12,0,0,0.0,0.0,0.873,0,0,active,37.5,9,3,2.9,0.841,0,0,completed
SYNTH-03206,2,KAPATAGAN,SUZUKI,SMASH 115,Underbone,62400.0,18720.0,0.3,43680.0,24,2893.6,0.0667,43371.51,Employed (Private/Gov),Rented (Apartment/House),Married,4.8,17,0.875,1,4,4,11574.4,0.263,0.257,0,0,defaulted,39.8,4,4,4.06,0.5,0,1,defaulted
SYNTH-03207,2,KAPATAGAN,SUZUKI,RAIDER 150 FI,Sport Underbone,119900.0,14388.0,0.12,105512.0,12,11278.76,0.4268,26425.49,Employed (Private/Gov),Living with Parents/Relatives,Married,4.7,2,0.5,0,1,4,45115.04,0.167,0.575,1,1,defaulted,21.3,8,4,3.54,0.5976,0,1,defaulted
SYNTH-03208,2,KAPATAGAN,YAMAHA,AEROX 155,Sport Scooter,125400.0,25080.0,0.2,100320.0,24,6386.4,0.2055,31079.58,BPO / Call Center Agent,Rented (Apartment/House),Widowed,8.8,1,0.0833,1,1,1,6386.4,0.216,0.567,0,0,delinquent,50.1,5,3,3.48,0.5844,0,1,defaulted
SYNTH-03209,1,LALA,YAMAHA,MIO SPORTY,Scooter,73900.0,18475.0,0.25,55425.0,24,3617.88,0.2001,18077.18,Sari-Sari / Small Retail,Owned (Inherited/Tax Dec),Single,8.3,12,0.6667,0,3,4,14471.52,0.178,0.22,0,0,defaulted,16.8,1,6,5.4,0.5,0,1,defaulted
SYNTH-03210,3,TUBOD,YAMAHA,MIO GEAR 125,Scooter,79400.0,23820.0,0.3,55580.0,36,2855.49,0.185,15434.51,Agri / Farmer / Fisherfolk,Rented (Apartment/House),Married,6.2,24,0.75,0,1,3,8566.47,0.259,0.523,0,0,defaulted,29.4,8,3,3.27,0.5646,0,1,defaulted
SYNTH-03211,1,LALA,KAWASAKI,CT100B,Backbone/Utility,54000.0,10800.0,0.2,43200.0,36,2264.0,0.0601,37665.26,Employed (Private/Gov),Living with Parents/Relatives,Widowed,4.5,4,0.1111,1,1,0,0.0,0.124,0.767,0,0,active,20.6,5,5,4.3,0.7318,0,0,completed
SYNTH-03212,2,KAPATAGAN,KAWASAKI,ROUSER NS125,Sport Backbone,82000.0,9840.0,0.12,72160.0,36,3647.64,0.092,39626.79,Employed (Private/Gov),Living with Parents/Relatives,Widowed,21.9,24,0.6667,3,2,0,0.0,0.013,0.648,0,0,active,44.5,12,2,1.61,0.7486,0,0,completed
SYNTH-03213,3,TUBOD,KAWASAKI,CT100B,Backbone/Utility,54000.0,16200.0,0.3,37800.0,36,2006.0,0.0426,47056.47,OFW Remittance / Dependent,Living with Parents/Relatives,Married,7.3,31,0.8611,7,0,0,0.0,0.0,1.0,0,0,active,32.3,11,3,3.19,1.1,0,0,completed
SYNTH-03214,2,KAPATAGAN,HONDA,WAVE RSX,Underbone,64900.0,6490.0,0.1,58410.0,36,2990.7,0.102,29322.31,Public School Teacher,Living with Parents/Relatives,Married,6.5,22,0.6111,1,0,0,0.0,0.0,0.918,0,0,active,53.8,10,3,3.06,0.8689,0,0,completed
SYNTH-03215,2,KAPATAGAN,HONDA,WAVE RSX,Underbone,64900.0,19470.0,0.3,45430.0,12,4970.15,0.2853,17419.86,Agri / Farmer / Fisherfolk,Owned (Clean Title),Widowed,4.4,4,0.6667,0,2,4,19880.6,0.25,0.326,0,0,defaulted,40.6,9,3,2.9,0.5,0,1,defaulted
SYNTH-03216,2,KAPATAGAN,HONDA,CLICK 160,Scooter,122900.0,36870.0,0.3,86030.0,36,4310.32,0.2405,17924.17,Tricycle / PUV Operator,Living with Parents/Relatives,Married,5.5,26,0.7778,0,1,2,8620.64,0.218,0.477,0,0,defaulted,57.9,1,3,3.22,0.5,0,1,defaulted
SYNTH-03217,3,TUBOD,HONDA,TMX125 ALPHA,Backbone/Utility,57900.0,8685.0,0.15,49215.0,36,2551.38,0.1194,21368.66,Agri / Farmer / Fisherfolk,Rented (Apartment/House),Widowed,8.3,14,0.4722,1,2,3,7654.14,0.217,0.368,1,0,defaulted,40.7,8,3,3.08,0.5,0,1,defaulted
SYNTH-03218,3,TUBOD,YAMAHA,MIO FAZZIO,Retro Scooter,93900.0,18780.0,0.2,75120.0,24,4832.4,0.2185,22117.28,Agri / Farmer / Fisherfolk,Owned (Clean Title),Widowed,5.8,14,0.6667,0,3,2,9664.8,0.351,0.492,1,1,defaulted,45.5,10,2,1.83,0.5117,0,0,defaulted
SYNTH-03219,1,LALA,SUZUKI,BURGMAN STREET 125,Maxi-Scooter,83400.0,16680.0,0.2,66720.0,36,3387.73,0.1173,28878.94,Employed (Private/Gov),Rented (Apartment/House),Married,1.0,20,0.6111,0,4,2,6775.46,0.374,0.552,1,1,defaulted,59.8,7,4,4.43,0.52,0,1,defaulted
SYNTH-03220,3,TUBOD,HONDA,PCX160,Maxi-Scooter,134900.0,26980.0,0.2,107920.0,24,6855.07,0.2891,23714.65,OFW Remittance / Dependent,Rented (Apartment/House),Widowed,8.2,18,0.8333,1,2,2,13710.14,0.342,0.326,1,0,defaulted,27.4,2,2,1.25,0.5,0,1,defaulted
SYNTH-03221,1,LALA,HONDA,WAVE RSX,Underbone,64900.0,12980.0,0.2,51920.0,12,5651.6,0.4058,13927.86,Agri / Farmer / Fisherfolk,Living with Parents/Relatives,Single,6.1,1,0.4167,0,2,4,22606.4,0.349,0.362,0,0,defaulted,41.1,5,4,4.25,0.5,0,1,defaulted
SYNTH-03222,3,TUBOD,KAWASAKI,ROUSER NS125,Sport Backbone,82000.0,24600.0,0.3,57400.0,36,2942.44,0.1127,26108.72,Employed (Private/Gov),Owned (Clean Title),Single,3.2,23,0.6389,0,0,0,0.0,0.007,0.763,0,0,active,26.0,5,2,2.03,0.7504,0,0,completed
SYNTH-03223,1,LALA,KAWASAKI,P24KK (BARAKO II),Backbone/Tricycle,68500.0,17125.0,0.25,51375.0,24,3368.12,0.0783,43035.69,Employed (Private/Gov),Owned (Clean Title),Married,3.0,3,0.1667,2,1,1,3368.12,0.071,0.769,0,0,delinquent,60.4,2,4,3.52,0.7852,0,1,defaulted
SYNTH-03224,3,TUBOD,HONDA,BEAT PREMIUM,Scooter,72400.0,21720.0,0.3,50680.0,24,3325.27,0.121,27480.96,Employed (Private/Gov),Owned (Inherited/Tax Dec),Married,10.7,2,0.0833,2,0,0,0.0,0.0,0.902,0,0,active,31.9,10,3,3.36,0.9576,0,0,completed
SYNTH-03225,2,KAPATAGAN,YAMAHA,NMAX 155,Maxi-Scooter,151900.0,37975.0,0.25,113925.0,12,12162.12,0.7638,15922.29,Tricycle / PUV Operator,Rented (Apartment/House),Married,4.0,1,0.4167,0,2,4,48648.48,0.235,0.364,0,0,defaulted,14.7,5,4,3.69,0.5,0,1,defaulted
SYNTH-03226,1,LALA,SUZUKI,RAIDER 150 FI,Sport Underbone,119900.0,35970.0,0.3,83930.0,12,9012.65,0.495,18206.72,Sari-Sari / Small Retail,Living with Parents/Relatives,Widowed,14.9,5,0.6667,0,3,3,27037.95,0.398,0.625,1,1,defaulted,64.2,12,4,4.1,0.7266,0,1,defaulted
SYNTH-03227,1,LALA,YAMAHA,AEROX 155,Sport Scooter,125400.0,31350.0,0.25,94050.0,36,4693.5,0.1318,35597.41,BPO / Call Center Agent,Owned (Inherited/Tax Dec),Single,3.4,14,0.3889,0,1,0,0.0,0.076,0.75,0,0,active,48.1,6,3,3.4,0.6679,0,0,completed
SYNTH-03228,2,KAPATAGAN,HONDA,WAVE RSX,Underbone,64900.0,7788.0,0.12,57112.0,24,3721.91,0.1928,19308.82,Public School Teacher,Rented (Apartment/House),Widowed,15.2,7,0.375,1,3,2,7443.82,0.386,0.578,0,1,defaulted,10.8,12,5,4.92,0.6429,0,0,defaulted
SYNTH-03229,2,KAPATAGAN,YAMAHA,SNIPER 155,Sport Underbone,123900.0,12390.0,0.1,111510.0,36,5527.7,0.2109,26205.52,Sari-Sari / Small Retail,Owned (Inherited/Tax Dec),Married,6.1,7,0.3056,1,4,4,22110.8,0.342,0.537,1,0,defaulted,32.9,9,3,3.18,0.5429,0,1,defaulted
SYNTH-03230,2,KAPATAGAN,HONDA,PCX160,Maxi-Scooter,134900.0,40470.0,0.3,94430.0,24,6023.18,0.1271,47377.91,Employed (Private/Gov),Living with Parents/Relatives,Single,10.9,5,0.25,3,2,1,6023.18,0.0,0.773,0,0,delinquent,40.2,12,3,2.43,0.8492,0,0,completed
SYNTH-03231,2,KAPATAGAN,YAMAHA,SNIPER 155,Sport Underbone,123900.0,18585.0,0.15,105315.0,12,11258.07,0.3484,32310.33,Public School Teacher,Owned (Clean Title),Single,7.7,0,0.0833,0,1,1,11258.07,0.294,0.523,0,1,delinquent,29.8,10,3,2.97,0.5111,0,1,defaulted
SYNTH-03232,2,KAPATAGAN,KAWASAKI,P24KK (BARAKO II),Backbone/Tricycle,68500.0,8220.0,0.12,60280.0,12,6529.4,0.3976,16420.37,Agri / Farmer / Fisherfolk,Owned (Inherited/Tax Dec),Widowed,12.0,6,0.5833,0,4,1,6529.4,0.232,0.322,1,0,delinquent,34.6,6,3,2.79,0.5,0,1,defaulted
SYNTH-03233,1,LALA,HONDA,PCX160,Maxi-Scooter,134900.0,13490.0,0.1,121410.0,12,12948.05,0.4481,28892.94,Sari-Sari / Small Retail,Owned (Inherited/Tax Dec),Married,20.4,10,0.9167,0,1,1,12948.05,0.381,0.538,0,0,delinquent,61.3,8,3,3.0,0.5,0,1,defaulted
SYNTH-03234,1,LALA,HONDA,PCX160,Maxi-Scooter,134900.0,13490.0,0.1,121410.0,12,12948.05,0.4921,26309.57,Agri / Farmer / Fisherfolk,Owned (Inherited/Tax Dec),Widowed,2.6,8,1.0,1,1,4,51792.2,0.318,0.524,1,1,defaulted,38.6,8,3,2.81,0.5,0,0,defaulted
SYNTH-03235,2,KAPATAGAN,YAMAHA,NMAX 155,Maxi-Scooter,151900.0,15190.0,0.1,136710.0,12,14554.55,0.3625,40151.46,Employed (Private/Gov),Rented (Apartment/House),Married,3.3,10,1.0,1,4,2,29109.1,0.321,0.416,0,1,defaulted,15.4,11,5,5.2,0.5,0,1,defaulted
SYNTH-03236,3,TUBOD,HONDA,CLICK 160,Scooter,122900.0,18435.0,0.15,104465.0,36,5191.11,0.1538,33749.32,Employed (Private/Gov),Owned (Clean Title),Single,10.9,11,0.3056,3,0,0,0.0,0.113,0.716,0,0,active,59.0,3,3,3.04,0.7335,0,0,completed
SYNTH-03237,1,LALA,KAWASAKI,CT100B,Backbone/Utility,54000.0,13500.0,0.25,40500.0,12,4452.5,0.1728,25760.08,Employed (Private/Gov),Owned (Clean Title),Widowed,5.1,6,0.5833,2,1,1,4452.5,0.106,0.78,0,0,delinquent,29.2,11,4,4.09,0.9123,0,1,defaulted
SYNTH-03238,2,KAPATAGAN,HONDA,PCX160,Maxi-Scooter,134900.0,13490.0,0.1,121410.0,24,7686.95,0.0954,80585.96,OFW Remittance / Dependent,Owned (Inherited/Tax Dec),Married,11.9,9,0.375,8,0,0,0.0,0.0,0.897,0,0,active,54.9,9,2,2.45,0.9166,1,0,early_settled
SYNTH-03239,3,TUBOD,HONDA,CLICK 125I,Scooter,81400.0,8140.0,0.1,73260.0,24,4717.7,0.2526,18678.09,Agri / Farmer / Fisherfolk,Owned (Clean Title),Married,4.2,10,0.4583,1,2,1,4717.7,0.29,0.608,0,0,delinquent,22.9,11,5,4.98,0.6903,0,1,defaulted
SYNTH-03240,2,KAPATAGAN,HONDA,CLICK 160,Scooter,122900.0,14748.0,0.12,108152.0,24,6869.37,0.3402,20191.54,Agri / Farmer / Fisherfolk,Owned (Inherited/Tax Dec),Widowed,7.1,19,0.9583,0,4,4,27477.48,0.361,0.255,0,0,defaulted,54.7,5,4,4.28,0.5,0,0,defaulted
SYNTH-03241,3,TUBOD,YAMAHA,MIO SPORTY,Scooter,73900.0,7390.0,0.1,66510.0,24,4301.45,0.1819,23651.63,BPO / Call Center Agent,Owned (Inherited/Tax Dec),Married,4.7,6,0.375,0,2,3,12904.35,0.297,0.509,0,0,defaulted,11.5,10,5,5.5,0.5,0,1,defaulted
SYNTH-03242,2,KAPATAGAN,SUZUKI,RAIDER 150 FI,Sport Underbone,119900.0,17985.0,0.15,101915.0,24,6484.76,0.2202,29446.96,BPO / Call Center Agent,Owned (Clean Title),Widowed,4.0,0,0.1667,1,2,4,25939.04,0.323,0.286,0,1,defaulted,17.8,9,4,4.06,0.5,0,1,defaulted
SYNTH-03243,3,TUBOD,HONDA,ADV160,Adventure Scooter,166900.0,16690.0,0.1,150210.0,36,7376.7,0.2907,25372.62,BPO / Call Center Agent,Owned (Clean Title),Married,12.4,2,0.1389,1,4,3,22130.1,0.371,0.532,0,0,defaulted,47.9,7,2,1.87,0.5513,0,1,defaulted
SYNTH-03244,2,KAPATAGAN,SUZUKI,SMASH 115,Underbone,62400.0,18720.0,0.3,43680.0,12,4786.4,0.1938,24703.39,BPO / Call Center Agent,Living with Parents/Relatives,Single,1.6,2,0.4167,0,3,3,14359.2,0.291,0.295,0,0,defaulted,43.5,3,4,4.73,0.5,0,0,defaulted
SYNTH-03245,3,TUBOD,YAMAHA,MIO FAZZIO,Retro Scooter,93900.0,9390.0,0.1,84510.0,36,4237.7,0.1958,21641.81,BPO / Call Center Agent,Owned (Clean Title),Single,7.6,5,0.1389,2,0,0,0.0,0.117,0.733,0,0,active,63.6,7,2,2.66,0.7062,0,0,completed
SYNTH-03246,1,LALA,YAMAHA,NMAX 155,Maxi-Scooter,151900.0,18228.0,0.12,133672.0,12,14235.56,0.6153,23135.37,Sari-Sari / Small Retail,Living with Parents/Relatives,Widowed,5.8,4,0.4167,0,4,1,14235.56,0.338,0.303,1,0,delinquent,58.2,8,3,2.6,0.5,0,0,defaulted
SYNTH-03247,2,KAPATAGAN,SUZUKI,SMASH 115,Underbone,62400.0,15600.0,0.25,46800.0,12,5114.0,0.1847,27686.16,Employed (Private/Gov),Rented (Apartment/House),Single,9.0,0,0.1667,0,2,4,20456.0,0.243,0.214,0,0,defaulted,18.2,4,5,5.48,0.5,0,1,defaulted
SYNTH-03248,3,TUBOD,YAMAHA,AEROX 155,Sport Scooter,125400.0,18810.0,0.15,106590.0,36,5292.63,0.2426,21819.21,BPO / Call Center Agent,Rented (Apartment/House),Single,5.6,16,0.4722,0,4,1,5292.63,0.255,0.42,1,1,delinquent,56.4,1,2,2.24,0.5,0,1,defaulted
SYNTH-03249,1,LALA,YAMAHA,AEROX 155,Sport Scooter,125400.0,25080.0,0.2,100320.0,12,10733.6,0.1723,62298.52,OFW Remittance / Dependent,Owned (Clean Title),Single,12.8,7,0.6667,2,0,1,10733.6,0.092,0.601,0,0,delinquent,34.5,7,3,2.89,0.5758,0,0,completed
SYNTH-03250,1,LALA,SUZUKI,RAIDER 150 FI,Sport Underbone,119900.0,11990.0,0.1,107910.0,24,6854.45,0.2986,22958.89,Tricycle / PUV Operator,Rented (Apartment/House),Widowed,1.1,12,0.5833,0,4,2,13708.9,0.193,0.35,0,0,defaulted,18.8,3,4,3.9,0.5,0,1,defaulted
SYNTH-03251,3,TUBOD,KAWASAKI,P24KK (BARAKO II),Backbone/Tricycle,68500.0,20550.0,0.3,47950.0,12,5234.75,0.1134,46173.83,OFW Remittance / Dependent,Owned (Clean Title),Married,1.4,9,0.8333,1,0,1,5234.75,0.064,0.834,0,0,delinquent,36.8,12,3,3.01,0.9182,0,0,completed
SYNTH-03252,2,KAPATAGAN,YAMAHA,SNIPER 155,Sport Underbone,123900.0,24780.0,0.2,99120.0,24,6312.4,0.2349,26877.58,Sari-Sari / Small Retail,Owned (Inherited/Tax Dec),Married,8.9,8,0.375,1,1,1,6312.4,0.41,0.456,1,0,delinquent,51.7,10,3,3.08,0.5301,0,1,defaulted
SYNTH-03253,2,KAPATAGAN,KAWASAKI,ROUSER NS125,Sport Backbone,82000.0,20500.0,0.25,61500.0,24,3992.5,0.2347,17008.27,Tricycle / PUV Operator,Rented (Apartment/House),Widowed,6.1,16,0.75,0,1,2,7985.0,0.208,0.481,0,1,defaulted,11.8,3,3,2.73,0.5,0,1,defaulted
SYNTH-03254,1,LALA,SUZUKI,SMASH 115,Underbone,62400.0,15600.0,0.25,46800.0,36,2436.0,0.0763,31943.53,Public School Teacher,Rented (Apartment/House),Single,10.9,34,0.9722,0,0,1,2436.0,0.126,0.775,0,0,delinquent,61.6,2,4,4.2,0.7707,0,0,completed
SYNTH-03255,2,KAPATAGAN,HONDA,TMX125 ALPHA,Backbone/Utility,57900.0,11580.0,0.2,46320.0,36,2413.07,0.1468,16439.22,Tricycle / PUV Operator,Owned (Clean Title),Widowed,4.2,1,0.1111,0,3,3,7239.21,0.419,0.238,0,0,defaulted,46.4,6,4,4.05,0.5,0,1,defaulted
SYNTH-03256,1,LALA,YAMAHA,MIO FAZZIO,Retro Scooter,93900.0,18780.0,0.2,75120.0,24,4832.4,0.1785,27079.39,BPO / Call Center Agent,Rented (Apartment/House),Single,9.1,2,0.2083,1,4,3,14497.2,0.412,0.488,0,0,defaulted,36.1,4,3,3.16,0.5415,0,0,defaulted
SYNTH-03257,2,KAPATAGAN,HONDA,CLICK 160,Scooter,122900.0,24580.0,0.2,98320.0,36,4897.51,0.0917,53391.86,Public School Teacher,Living with Parents/Relatives,Married,8.2,33,0.9167,8,0,0,0.0,0.0,0.911,0,0,active,11.1,3,5,4.12,0.9818,1,0,early_settled
SYNTH-03258,1,LALA,HONDA,BEAT PREMIUM,Scooter,72400.0,18100.0,0.25,54300.0,24,3548.5,0.1424,24924.1,Public School Teacher,Living with Parents/Relatives,Married,6.5,0,0.0417,3,2,1,3548.5,0.069,0.622,1,0,delinquent,25.4,8,5,5.58,0.644,0,0,completed
SYNTH-03259,1,LALA,SUZUKI,SMASH 115,Underbone,62400.0,9360.0,0.15,53040.0,24,3470.8,0.1356,25598.8,BPO / Call Center Agent,Owned (Clean Title),Married,5.7,4,0.1667,0,0,0,0.0,0.1,0.681,0,0,active,40.5,5,4,3.25,0.6649,0,0,completed
SYNTH-03260,3,TUBOD,KAWASAKI,ROUSER NS125,Sport Backbone,82000.0,12300.0,0.15,69700.0,36,3530.11,0.1041,33897.63,Public School Teacher,Owned (Inherited/Tax Dec),Single,9.5,28,0.7778,1,0,0,0.0,0.0,0.87,0,0,active,20.4,4,2,1.75,0.9188,0,0,completed
SYNTH-03261,3,TUBOD,YAMAHA,MIO SPORTY,Scooter,73900.0,18475.0,0.25,55425.0,36,2848.08,0.2188,13016.59,Agri / Farmer / Fisherfolk,Rented (Apartment/House),Single,7.1,29,0.8889,0,4,3,8544.24,0.291,0.254,0,0,defaulted,17.9,6,4,4.49,0.5,0,1,defaulted
SYNTH-03262,3,TUBOD,HONDA,CLICK 125I,Scooter,81400.0,8140.0,0.1,73260.0,36,3700.2,0.1062,34838.92,OFW Remittance / Dependent,Living with Parents/Relatives,Widowed,16.4,20,0.5833,1,0,1,3700.2,0.05,0.8,0,0,delinquent,48.9,11,4,3.67,0.8995,0,1,defaulted
SYNTH-03263,3,TUBOD,SUZUKI,BURGMAN STREET 125,Maxi-Scooter,83400.0,12510.0,0.15,70890.0,24,4571.55,0.114,40087.28,Employed (Private/Gov),Owned (Inherited/Tax Dec),Widowed,9.5,4,0.1667,2,0,0,0.0,0.0,0.903,0,0,active,26.1,1,2,1.63,0.7981,0,0,completed
SYNTH-03264,3,TUBOD,HONDA,CLICK 160,Scooter,122900.0,30725.0,0.25,92175.0,36,4603.92,0.0911,50559.21,OFW Remittance / Dependent,Owned (Clean Title),Single,4.3,20,0.5833,3,1,1,4603.92,0.149,0.823,0,0,delinquent,26.8,1,3,2.96,0.7074,0,0,completed
SYNTH-03265,3,TUBOD,KAWASAKI,ROUSER NS125,Sport Backbone,82000.0,9840.0,0.12,72160.0,12,7776.8,0.2414,32209.28,Public School Teacher,Rented (Apartment/House),Married,8.4,8,0.75,0,3,1,7776.8,0.292,0.225,0,0,delinquent,39.6,1,2,1.63,0.5,0,1,defaulted
SYNTH-03266,2,KAPATAGAN,HONDA,BEAT PREMIUM,Scooter,72400.0,10860.0,0.15,61540.0,24,3994.97,0.185,21589.01,Sari-Sari / Small Retail,Living with Parents/Relatives,Single,8.0,0,0.0833,0,2,3,11984.91,0.283,0.212,1,0,defaulted,41.6,8,4,4.04,0.5,0,1,defaulted
SYNTH-03267,3,TUBOD,SUZUKI,RAIDER 150 FI,Sport Underbone,119900.0,11990.0,0.1,107910.0,36,5355.7,0.1763,30380.09,BPO / Call Center Agent,Living with Parents/Relatives,Single,2.8,11,0.3889,1,1,3,16067.1,0.209,0.416,1,1,defaulted,50.9,5,2,2.0,0.5,0,1,defaulted
SYNTH-03268,1,LALA,HONDA,BEAT PREMIUM,Scooter,72400.0,7240.0,0.1,65160.0,12,7041.8,0.2706,26019.88,Employed (Private/Gov),Owned (Clean Title),Widowed,7.4,4,0.4167,1,3,1,7041.8,0.245,0.477,1,0,delinquent,30.5,4,5,4.84,0.5048,0,0,defaulted
SYNTH-03269,1,LALA,HONDA,BEAT PREMIUM,Scooter,72400.0,14480.0,0.2,57920.0,36,2967.29,0.1216,24393.36,BPO / Call Center Agent,Rented (Apartment/House),Married,10.1,32,1.0,1,3,4,11869.16,0.18,0.591,1,0,defaulted,37.1,1,4,4.33,0.5011,0,1,defaulted
SYNTH-03270,3,TUBOD,HONDA,BEAT PREMIUM,Scooter,72400.0,18100.0,0.25,54300.0,36,2794.33,0.1404,19895.6,Tricycle / PUV Operator,Living with Parents/Relatives,Married,14.8,1,0.1111,0,1,3,8382.99,0.32,0.205,0,0,defaulted,24.2,2,5,4.83,0.5,0,1,defaulted
SYNTH-03271,1,LALA,KAWASAKI,ROUSER NS125,Sport Backbone,82000.0,20500.0,0.25,61500.0,24,3992.5,0.1726,23135.98,Agri / Farmer / Fisherfolk,Owned (Clean Title),Married,13.9,8,0.4167,1,1,2,7985.0,0.23,0.32,0,0,defaulted,54.9,10,2,1.58,0.5,0,1,defaulted
SYNTH-03272,1,LALA,YAMAHA,NMAX 155,Maxi-Scooter,151900.0,18228.0,0.12,133672.0,24,8443.11,0.2208,38238.7,BPO / Call Center Agent,Living with Parents/Relatives,Married,2.7,13,0.5833,0,2,1,8443.11,0.337,0.229,0,0,delinquent,32.8,12,4,3.95,0.5,0,0,defaulted
SYNTH-03273,3,TUBOD,KAWASAKI,CT100B,Backbone/Utility,54000.0,13500.0,0.25,40500.0,24,2697.5,0.0563,47874.1,OFW Remittance / Dependent,Rented (Apartment/House),Single,3.6,16,0.7917,0,1,3,8092.5,0.298,0.363,0,1,defaulted,23.1,2,3,2.28,0.5,0,1,defaulted
SYNTH-03274,3,TUBOD,YAMAHA,AEROX 155,Sport Scooter,125400.0,15048.0,0.12,110352.0,36,5472.37,0.1892,28921.41,Sari-Sari / Small Retail,Rented (Apartment/House),Widowed,8.3,2,0.0833,0,2,1,5472.37,0.345,0.429,1,0,delinquent,45.3,4,3,3.33,0.5,0,1,defaulted
SYNTH-03275,3,TUBOD,SUZUKI,RAIDER 150 FI,Sport Underbone,119900.0,23980.0,0.2,95920.0,36,4782.84,0.2026,23610.16,Sari-Sari / Small Retail,Owned (Inherited/Tax Dec),Single,5.6,0,0.0278,0,3,1,4782.84,0.302,0.209,0,0,delinquent,16.2,1,3,3.25,0.5,0,1,defaulted
SYNTH-03276,2,KAPATAGAN,HONDA,CLICK 125I,Scooter,81400.0,20350.0,0.25,61050.0,36,3116.83,0.145,21493.54,Employed (Private/Gov),Living with Parents/Relatives,Married,4.1,25,0.7778,0,4,3,9350.49,0.306,0.597,0,0,defaulted,31.3,7,4,4.48,0.5606,0,1,defaulted
SYNTH-03277,1,LALA,HONDA,TMX125 ALPHA,Backbone/Utility,57900.0,14475.0,0.25,43425.0,36,2274.75,0.0632,36009.87,BPO / Call Center Agent,Living with Parents/Relatives,Widowed,3.3,26,0.75,3,0,1,2274.75,0.055,0.648,0,0,delinquent,28.4,8,4,4.23,0.6614,0,0,completed
SYNTH-03278,1,LALA,SUZUKI,RAIDER 150 FI,Sport Underbone,119900.0,11990.0,0.1,107910.0,12,11530.55,0.2859,40335.6,Employed (Private/Gov),Owned (Inherited/Tax Dec),Married,16.1,9,0.8333,0,1,1,11530.55,0.377,0.51,0,0,delinquent,41.9,5,3,2.56,0.5256,0,1,defaulted
SYNTH-03279,2,KAPATAGAN,YAMAHA,SNIPER 155,Sport Underbone,123900.0,37170.0,0.3,86730.0,12,9306.65,0.2789,33369.0,Employed (Private/Gov),Rented (Apartment/House),Married,4.9,6,0.5833,0,1,1,9306.65,0.321,0.327,0,0,delinquent,15.3,11,4,3.8,0.5,0,0,defaulted
SYNTH-03280,2,KAPATAGAN,HONDA,WAVE RSX,Underbone,64900.0,19470.0,0.3,45430.0,24,3001.52,0.092,32633.91,BPO / Call Center Agent,Rented (Apartment/House),Married,7.8,2,0.125,0,4,1,3001.52,0.163,0.483,1,0,delinquent,22.6,9,5,4.71,0.5,0,0,defaulted
SYNTH-03281,3,TUBOD,SUZUKI,RAIDER 150 FI,Sport Underbone,119900.0,17985.0,0.15,101915.0,24,6484.76,0.261,24847.35,Employed (Private/Gov),Owned (Inherited/Tax Dec),Widowed,8.2,22,1.0,0,3,2,12969.52,0.363,0.499,0,0,defaulted,28.4,1,2,3.05,0.5,0,1,defaulted
SYNTH-03282,2,KAPATAGAN,SUZUKI,SMASH 115,Underbone,62400.0,7488.0,0.12,54912.0,24,3586.24,0.1846,19427.41,Agri / Farmer / Fisherfolk,Owned (Clean Title),Widowed,17.0,17,0.875,0,1,4,14344.96,0.243,0.307,0,0,defaulted,15.4,1,4,3.79,0.5,0,1,defaulted
SYNTH-03283,3,TUBOD,HONDA,CLICK 160,Scooter,122900.0,12290.0,0.1,110610.0,24,7020.95,0.5552,12645.17,Sari-Sari / Small Retail,Owned (Inherited/Tax Dec),Married,2.4,17,0.8333,1,3,3,21062.85,0.304,0.385,1,0,defaulted,62.8,10,3,2.74,0.5,0,1,defaulted
SYNTH-03284,1,LALA,KAWASAKI,CT100B,Backbone/Utility,54000.0,8100.0,0.15,45900.0,12,5019.5,0.208,24133.49,Sari-Sari / Small Retail,Owned (Inherited/Tax Dec),Married,8.5,7,0.75,0,4,2,10039.0,0.449,0.328,0,1,defaulted,10.2,11,5,4.4,0.5,0,1,defaulted
SYNTH-03285,3,TUBOD,HONDA,CLICK 125I,Scooter,81400.0,12210.0,0.15,69190.0,12,7464.95,0.2817,26495.64,BPO / Call Center Agent,Rented (Apartment/House),Widowed,5.9,8,0.9167,1,4,3,22394.85,0.322,0.452,1,1,defaulted,10.2,9,4,3.79,0.5,0,1,defaulted
SYNTH-03286,1,LALA,HONDA,WAVE RSX,Underbone,64900.0,7788.0,0.12,57112.0,36,2928.68,0.0785,37307.18,BPO / Call Center Agent,Owned (Inherited/Tax Dec),Married,2.7,28,0.8056,0,0,1,2928.68,0.081,0.659,0,0,delinquent,12.8,9,5,5.04,0.6909,0,0,completed
SYNTH-03287,2,KAPATAGAN,HONDA,CLICK 125I,Scooter,81400.0,12210.0,0.15,69190.0,36,3505.74,0.1025,34210.15,OFW Remittance / Dependent,Owned (Clean Title),Married,5.5,32,0.8889,9,0,0,0.0,0.0,0.872,0,0,active,16.2,2,5,5.19,0.878,0,0,completed
SYNTH-03288,1,LALA,YAMAHA,AEROX 155,Sport Scooter,125400.0,12540.0,0.1,112860.0,36,5592.2,0.2171,25755.86,Public School Teacher,Owned (Clean Title),Married,10.4,31,0.8611,2,1,0,0.0,0.063,0.71,0,0,active,28.1,5,3,3.25,0.7448,0,0,completed
SYNTH-03289,3,TUBOD,KAWASAKI,CT100B,Backbone/Utility,54000.0,13500.0,0.25,40500.0,24,2697.5,0.0529,50981.02,Public School Teacher,Owned (Inherited/Tax Dec),Single,2.2,6,0.25,4,0,0,0.0,0.0,0.889,0,0,active,19.2,1,3,3.57,0.8104,1,0,early_settled
SYNTH-03290,2,KAPATAGAN,YAMAHA,SNIPER 155,Sport Underbone,123900.0,18585.0,0.15,105315.0,12,11258.07,0.3512,32057.69,BPO / Call Center Agent,Rented (Apartment/House),Married,10.1,0,0.0833,0,3,4,45032.28,0.184,0.508,1,1,defaulted,12.3,8,4,3.96,0.5,0,1,defaulted
SYNTH-03291,2,KAPATAGAN,KAWASAKI,ROUSER NS125,Sport Backbone,82000.0,20500.0,0.25,61500.0,12,6657.5,0.2725,24429.05,BPO / Call Center Agent,Rented (Apartment/House),Married,5.1,8,1.0,0,3,4,26630.0,0.195,0.503,1,1,defaulted,56.1,11,2,1.99,0.6187,0,0,defaulted
SYNTH-03292,2,KAPATAGAN,HONDA,BEAT PREMIUM,Scooter,72400.0,8688.0,0.12,63712.0,24,4128.91,0.1061,38929.69,OFW Remittance / Dependent,Living with Parents/Relatives,Widowed,10.7,20,0.8333,1,2,0,0.0,0.032,0.662,0,0,active,12.9,12,7,7.18,0.8192,0,1,defaulted
SYNTH-03293,2,KAPATAGAN,YAMAHA,SNIPER 155,Sport Underbone,123900.0,12390.0,0.1,111510.0,24,7076.45,0.2775,25500.79,Sari-Sari / Small Retail,Living with Parents/Relatives,Single,11.8,3,0.1667,0,3,1,7076.45,0.369,0.58,1,1,delinquent,20.9,4,4,4.27,0.556,0,1,defaulted
SYNTH-03294,3,TUBOD,YAMAHA,NMAX 155,Maxi-Scooter,151900.0,18228.0,0.12,133672.0,24,8443.11,0.6311,13379.46,Tricycle / PUV Operator,Owned (Inherited/Tax Dec),Married,4.4,16,0.75,1,4,2,16886.22,0.201,0.432,1,0,defaulted,36.5,11,3,3.12,0.5,0,1,defaulted
SYNTH-03295,3,TUBOD,YAMAHA,NMAX 155,Maxi-Scooter,151900.0,15190.0,0.1,136710.0,36,6731.7,0.1806,37284.17,Public School Teacher,Rented (Apartment/House),Widowed,16.1,12,0.4167,0,4,3,20195.1,0.405,0.414,0,0,defaulted,38.2,5,3,3.16,0.5,0,1,defaulted
SYNTH-03296,1,LALA,YAMAHA,SNIPER 155,Sport Underbone,123900.0,30975.0,0.25,92925.0,36,4639.75,0.2017,23008.0,Tricycle / PUV Operator,Owned (Clean Title),Married,5.0,7,0.3056,0,2,4,18559.0,0.348,0.461,1,0,defaulted,21.6,1,3,3.24,0.5,0,1,defaulted
SYNTH-03297,1,LALA,HONDA,PCX160,Maxi-Scooter,134900.0,26980.0,0.2,107920.0,36,5356.18,0.1315,40716.18,Public School Teacher,Rented (Apartment/House),Widowed,6.6,2,0.0833,3,0,1,5356.18,0.122,0.835,0,0,delinquent,26.7,2,3,3.46,0.7989,0,1,defaulted
SYNTH-03298,1,LALA,HONDA,CLICK 160,Scooter,122900.0,36870.0,0.3,86030.0,24,5505.18,0.2832,19438.89,Sari-Sari / Small Retail,Owned (Clean Title),Widowed,18.1,16,0.7917,0,3,3,16515.54,0.244,0.542,0,0,defaulted,27.8,1,3,3.66,0.5,0,1,defaulted
SYNTH-03299,1,LALA,YAMAHA,SNIPER 155,Sport Underbone,123900.0,37170.0,0.3,86730.0,12,9306.65,0.3267,28487.86,Sari-Sari / Small Retail,Living with Parents/Relatives,Widowed,5.9,6,0.6667,1,3,2,18613.3,0.256,0.329,0,1,defaulted,18.1,3,4,3.49,0.5,0,1,defaulted
SYNTH-03300,3,TUBOD,HONDA,BEAT PREMIUM,Scooter,72400.0,8688.0,0.12,63712.0,12,6889.76,0.1554,44333.86,OFW Remittance / Dependent,Rented (Apartment/House),Married,9.6,0,0.25,0,4,4,27559.04,0.444,0.256,0,0,defaulted,52.3,2,3,2.94,0.5,0,1,defaulted
SYNTH-03301,1,LALA,YAMAHA,AEROX 155,Sport Scooter,125400.0,25080.0,0.2,100320.0,36,4993.07,0.1292,38646.06,Employed (Private/Gov),Rented (Apartment/House),Single,9.1,5,0.1667,0,3,1,4993.07,0.23,0.505,0,0,delinquent,16.7,7,4,3.52,0.5,0,0,defaulted
SYNTH-03302,2,KAPATAGAN,HONDA,TMX125 ALPHA,Backbone/Utility,57900.0,8685.0,0.15,49215.0,36,2551.38,0.0702,36368.8,Public School Teacher,Rented (Apartment/House),Widowed,3.9,12,0.4444,0,3,4,10205.52,0.337,0.456,1,0,defaulted,62.6,6,4,3.87,0.5,0,1,defaulted
SYNTH-03303,1,LALA,YAMAHA,MIO SPORTY,Scooter,73900.0,22170.0,0.3,51730.0,36,2671.54,0.0803,33268.31,Public School Teacher,Living with Parents/Relatives,Widowed,7.2,17,0.4722,2,0,0,0.0,0.0,0.999,0,0,active,15.9,2,7,6.4,1.0416,0,0,completed
SYNTH-03304,2,KAPATAGAN,HONDA,CLICK 125I,Scooter,81400.0,20350.0,0.25,61050.0,12,6610.25,0.2165,30531.98,Public School Teacher,Living with Parents/Relatives,Married,3.1,6,0.75,1,4,3,19830.75,0.175,0.635,0,0,defaulted,56.7,6,4,4.37,0.5432,0,1,defaulted
SYNTH-03305,3,TUBOD,HONDA,TMX125 ALPHA,Backbone/Utility,57900.0,8685.0,0.15,49215.0,36,2551.38,0.0933,27349.95,Employed (Private/Gov),Living with Parents/Relatives,Single,8.5,11,0.3056,1,0,0,0.0,0.053,0.651,0,0,active,43.7,5,3,3.37,0.6433,0,1,defaulted
SYNTH-03306,3,TUBOD,KAWASAKI,P24KK (BARAKO II),Backbone/Tricycle,68500.0,13700.0,0.2,54800.0,24,3579.33,0.0845,42364.06,Employed (Private/Gov),Owned (Inherited/Tax Dec),Married,10.2,15,0.625,12,0,0,0.0,0.0,0.927,0,0,active,29.1,11,3,3.32,1.1,0,0,completed
SYNTH-03307,2,KAPATAGAN,KAWASAKI,P24KK (BARAKO II),Backbone/Tricycle,68500.0,13700.0,0.2,54800.0,24,3579.33,0.121,29575.6,Public School Teacher,Owned (Inherited/Tax Dec),Married,3.7,16,0.7083,3,1,1,3579.33,0.081,0.69,0,0,delinquent,14.0,8,5,4.89,0.7246,0,1,defaulted
SYNTH-03308,2,KAPATAGAN,HONDA,BEAT PREMIUM,Scooter,72400.0,14480.0,0.2,57920.0,36,2967.29,0.0384,77332.19,OFW Remittance / Dependent,Rented (Apartment/House),Married,16.5,9,0.2778,1,2,1,2967.29,0.12,0.705,0,0,delinquent,59.3,7,4,3.86,0.7249,0,0,completed
SYNTH-03309,2,KAPATAGAN,HONDA,PCX160,Maxi-Scooter,134900.0,20235.0,0.15,114665.0,24,7271.01,0.1747,41630.31,Employed (Private/Gov),Owned (Clean Title),Widowed,9.8,6,0.25,1,2,0,0.0,0.145,0.731,1,0,active,25.8,3,3,2.83,0.7447,0,0,completed
SYNTH-03310,1,LALA,HONDA,BEAT PREMIUM,Scooter,72400.0,10860.0,0.15,61540.0,24,3994.97,0.2213,18054.35,Sari-Sari / Small Retail,Owned (Inherited/Tax Dec),Widowed,8.6,18,0.8333,0,1,2,7989.94,0.405,0.385,1,0,defaulted,13.3,11,7,6.62,0.5,0,1,defaulted
SYNTH-03311,2,KAPATAGAN,YAMAHA,SNIPER 155,Sport Underbone,123900.0,30975.0,0.25,92925.0,36,4639.75,0.1961,23660.05,Sari-Sari / Small Retail,Owned (Clean Title),Married,1.9,14,0.4722,0,3,3,13919.25,0.342,0.375,0,0,defaulted,37.7,3,3,2.97,0.5,0,1,defaulted
SYNTH-03312,1,LALA,KAWASAKI,ROUSER NS125,Sport Backbone,82000.0,16400.0,0.2,65600.0,12,7088.0,0.2122,33399.22,Public School Teacher,Living with Parents/Relatives,Married,14.0,12,1.0,0,2,0,0.0,0.105,0.628,0,0,active,25.6,2,2,2.15,0.6409,0,0,completed
SYNTH-03313,3,TUBOD,KAWASAKI,P24KK (BARAKO II),Backbone/Tricycle,68500.0,13700.0,0.2,54800.0,12,5954.0,0.2403,24778.88,Sari-Sari / Small Retail,Living with Parents/Relatives,Married,5.8,6,0.75,1,3,3,17862.0,0.228,0.615,0,0,defaulted,55.7,12,3,2.7,0.727,0,1,defaulted
SYNTH-03314,3,TUBOD,HONDA,ADV160,Adventure Scooter,166900.0,16690.0,0.1,150210.0,24,9462.95,0.3244,29166.57,Public School Teacher,Owned (Inherited/Tax Dec),Single,6.8,4,0.25,0,3,2,18925.9,0.187,0.438,1,0,defaulted,23.8,5,2,2.7,0.5,0,1,defaulted
SYNTH-03315,2,KAPATAGAN,YAMAHA,SNIPER 155,Sport Underbone,123900.0,24780.0,0.2,99120.0,24,6312.4,0.2001,31548.51,Sari-Sari / Small Retail,Owned (Inherited/Tax Dec),Widowed,4.0,0,0.0833,0,1,3,18937.2,0.303,0.609,0,0,defaulted,49.5,11,3,3.08,0.7045,0,1,defaulted
SYNTH-03316,3,TUBOD,HONDA,CLICK 125I,Scooter,81400.0,9768.0,0.12,71632.0,24,4617.31,0.2029,22754.65,Tricycle / PUV Operator,Rented (Apartment/House),Married,12.8,4,0.25,0,4,2,9234.62,0.403,0.462,0,0,defaulted,26.3,4,3,3.09,0.5132,0,0,defaulted
SYNTH-03317,1,LALA,YAMAHA,NMAX 155,Maxi-Scooter,151900.0,30380.0,0.2,121520.0,12,12959.6,0.2039,63565.8,OFW Remittance / Dependent,Rented (Apartment/House),Married,17.7,7,0.8333,1,1,3,38878.8,0.295,0.577,0,1,defaulted,59.6,12,4,4.74,0.6282,0,1,defaulted
SYNTH-03318,3,TUBOD,KAWASAKI,P24KK (BARAKO II),Backbone/Tricycle,68500.0,8220.0,0.12,60280.0,36,3080.04,0.1001,30780.52,BPO / Call Center Agent,Rented (Apartment/House),Widowed,4.4,11,0.3611,1,4,2,6160.08,0.431,0.468,0,0,defaulted,57.6,5,3,3.16,0.5,0,1,defaulted
SYNTH-03319,2,KAPATAGAN,KAWASAKI,CT100B,Backbone/Utility,54000.0,8100.0,0.15,45900.0,36,2393.0,0.0276,86650.9,OFW Remittance / Dependent,Owned (Clean Title),Married,6.2,29,0.8056,12,0,0,0.0,0.0,0.857,0,0,active,58.1,3,3,3.2,0.8969,0,0,completed
SYNTH-03320,3,TUBOD,HONDA,TMX125 ALPHA,Backbone/Utility,57900.0,8685.0,0.15,49215.0,12,5367.57,0.1593,33690.27,BPO / Call Center Agent,Owned (Inherited/Tax Dec),Single,7.3,1,0.1667,2,2,1,5367.57,0.02,0.686,0,0,delinquent,47.1,8,3,2.73,0.6865,0,0,completed
SYNTH-03321,3,TUBOD,YAMAHA,SNIPER 155,Sport Underbone,123900.0,14868.0,0.12,109032.0,36,5409.31,0.158,34230.3,Employed (Private/Gov),Living with Parents/Relatives,Married,18.9,13,0.3889,0,2,1,5409.31,0.122,0.769,0,0,delinquent,47.7,2,2,2.36,0.7571,0,0,completed
SYNTH-03322,3,TUBOD,HONDA,WAVE RSX,Underbone,64900.0,12980.0,0.2,51920.0,24,3401.73,0.1593,21356.26,Tricycle / PUV Operator,Living with Parents/Relatives,Widowed,5.8,2,0.125,1,4,1,3401.73,0.214,0.568,0,0,delinquent,61.1,3,3,3.49,0.6212,0,1,defaulted
SYNTH-03323,1,LALA,HONDA,CLICK 125I,Scooter,81400.0,20350.0,0.25,61050.0,12,6610.25,0.3296,20058.29,Agri / Farmer / Fisherfolk,Owned (Clean Title),Single,4.1,3,0.5833,0,3,4,26441.0,0.287,0.623,1,1,defaulted,47.1,3,5,5.26,0.6282,0,1,defaulted
SYNTH-03324,2,KAPATAGAN,KAWASAKI,P24KK (BARAKO II),Backbone/Tricycle,68500.0,17125.0,0.25,51375.0,12,5594.38,0.2161,25884.27,Sari-Sari / Small Retail,Owned (Clean Title),Widowed,10.1,10,1.0,0,3,2,11188.76,0.206,0.538,0,0,defaulted,16.0,10,5,4.93,0.5954,0,1,defaulted
SYNTH-03325,1,LALA,HONDA,TMX125 ALPHA,Backbone/Utility,57900.0,11580.0,0.2,46320.0,36,2413.07,0.1391,17341.71,Tricycle / PUV Operator,Rented (Apartment/House),Married,6.5,17,0.5278,1,4,2,4826.14,0.309,0.542,1,0,defaulted,63.2,8,4,3.54,0.5582,0,1,defaulted
SYNTH-03326,2,KAPATAGAN,HONDA,WAVE RSX,Underbone,64900.0,9735.0,0.15,55165.0,12,5992.32,0.1863,32165.67,Employed (Private/Gov),Owned (Clean Title),Married,3.2,2,0.3333,1,4,2,11984.64,0.336,0.345,0,1,defaulted,35.5,10,3,3.26,0.5,0,1,defaulted
SYNTH-03327,1,LALA,HONDA,ADV160,Adventure Scooter,166900.0,25035.0,0.15,141865.0,36,6977.99,0.1447,48235.29,OFW Remittance / Dependent,Living with Parents/Relatives,Married,9.2,7,0.2222,3,2,1,6977.99,0.135,0.719,0,0,delinquent,21.8,11,3,3.01,0.8281,0,0,completed
SYNTH-03328,2,KAPATAGAN,HONDA,TMX125 ALPHA,Backbone/Utility,57900.0,5790.0,0.1,52110.0,24,3413.45,0.1376,24798.15,Tricycle / PUV Operator,Living with Parents/Relatives,Married,10.8,15,0.7917,1,2,4,13653.8,0.153,0.427,0,0,defaulted,56.9,8,4,3.59,0.5,0,0,defaulted
SYNTH-03329,1,LALA,YAMAHA,NMAX 155,Maxi-Scooter,151900.0,15190.0,0.1,136710.0,24,8630.45,0.5048,17098.26,Sari-Sari / Small Retail,Living with Parents/Relatives,Single,5.1,9,0.4583,1,1,2,17260.9,0.256,0.537,1,0,defaulted,31.0,1,3,3.2,0.5,0,1,defaulted
SYNTH-03330,1,LALA,HONDA,PCX160,Maxi-Scooter,134900.0,13490.0,0.1,121410.0,12,12948.05,0.8841,14644.8,Tricycle / PUV Operator,Rented (Apartment/House),Widowed,4.4,5,0.6667,0,1,3,38844.15,0.234,0.505,1,0,defaulted,25.3,2,3,2.26,0.5161,0,1,defaulted
SYNTH-03331,3,TUBOD,YAMAHA,NMAX 155,Maxi-Scooter,151900.0,15190.0,0.1,136710.0,36,6731.7,0.4578,14705.37,Agri / Farmer / Fisherfolk,Rented (Apartment/House),Widowed,16.0,5,0.1667,1,3,1,6731.7,0.229,0.623,0,1,delinquent,23.3,2,3,2.51,0.574,0,0,defaulted
SYNTH-03332,1,LALA,HONDA,TMX125 ALPHA,Backbone/Utility,57900.0,17370.0,0.3,40530.0,24,2699.35,0.1046,25806.58,BPO / Call Center Agent,Living with Parents/Relatives,Married,3.4,6,0.4167,0,3,4,10797.4,0.354,0.545,0,0,defaulted,24.7,7,6,4.92,0.5617,0,0,defaulted
SYNTH-03333,2,KAPATAGAN,YAMAHA,AEROX 155,Sport Scooter,125400.0,18810.0,0.15,106590.0,24,6773.05,0.1857,36469.94,Public School Teacher,Owned (Inherited/Tax Dec),Widowed,4.7,3,0.125,0,1,0,0.0,0.013,0.614,0,0,active,31.6,1,3,2.52,0.5174,0,0,completed
SYNTH-03334,3,TUBOD,HONDA,BEAT PREMIUM,Scooter,72400.0,10860.0,0.15,61540.0,24,3994.97,0.111,35980.38,Public School Teacher,Owned (Inherited/Tax Dec),Single,5.2,14,0.5833,12,0,0,0.0,0.0,0.86,0,0,active,48.7,5,3,2.93,0.8443,1,0,early_settled
SYNTH-03335,3,TUBOD,YAMAHA,SNIPER 155,Sport Underbone,123900.0,24780.0,0.2,99120.0,36,4935.73,0.3595,13729.56,Tricycle / PUV Operator,Owned (Clean Title),Widowed,3.3,20,0.6111,0,4,2,9871.46,0.22,0.302,0,0,defaulted,24.1,5,3,2.96,0.5,0,1,defaulted
SYNTH-03336,1,LALA,SUZUKI,SMASH 115,Underbone,62400.0,6240.0,0.1,56160.0,36,2883.2,0.1128,25561.12,Sari-Sari / Small Retail,Owned (Clean Title),Widowed,4.5,26,0.75,0,2,1,2883.2,0.34,0.4,0,0,delinquent,53.2,6,3,3.02,0.5,0,1,defaulted
SYNTH-03337,1,LALA,YAMAHA,SNIPER 155,Sport Underbone,123900.0,24780.0,0.2,99120.0,24,6312.4,0.2352,26843.3,Employed (Private/Gov),Owned (Clean Title),Widowed,13.0,19,0.8333,0,0,1,6312.4,0.15,0.784,0,0,delinquent,17.8,6,3,2.99,0.6961,0,0,completed
SYNTH-03338,3,TUBOD,HONDA,CLICK 160,Scooter,122900.0,30725.0,0.25,92175.0,24,5884.12,0.1473,39948.91,OFW Remittance / Dependent,Owned (Clean Title),Single,4.7,20,0.875,3,1,1,5884.12,0.051,0.799,0,0,delinquent,35.6,5,3,3.31,0.802,0,1,defaulted
SYNTH-03339,2,KAPATAGAN,YAMAHA,AEROX 155,Sport Scooter,125400.0,18810.0,0.15,106590.0,24,6773.05,0.2238,30265.81,Employed (Private/Gov),Rented (Apartment/House),Single,7.3,18,0.8333,0,1,2,13546.1,0.234,0.309,1,0,defaulted,41.8,1,3,3.07,0.5,0,1,defaulted
SYNTH-03340,3,TUBOD,YAMAHA,SNIPER 155,Sport Underbone,123900.0,30975.0,0.25,92925.0,24,5930.38,0.1977,30002.18,Sari-Sari / Small Retail,Living with Parents/Relatives,Widowed,9.7,15,0.75,1,2,3,17791.14,0.275,0.572,0,0,defaulted,23.5,9,3,2.63,0.5574,0,1,defaulted
SYNTH-03341,3,TUBOD,YAMAHA,MIO FAZZIO,Retro Scooter,93900.0,14085.0,0.15,79815.0,24,5121.93,0.2532,20230.11,Sari-Sari / Small Retail,Rented (Apartment/House),Married,3.5,16,0.7083,0,2,1,5121.93,0.324,0.5,0,0,delinquent,52.3,8,2,2.44,0.5,0,1,defaulted
SYNTH-03342,1,LALA,YAMAHA,MIO SPORTY,Scooter,73900.0,11085.0,0.15,62815.0,24,4073.59,0.0743,54804.15,OFW Remittance / Dependent,Rented (Apartment/House),Married,3.3,0,0.0417,0,2,2,8147.18,0.247,0.437,0,0,defaulted,50.8,2,5,5.07,0.5,0,1,defaulted
SYNTH-03343,1,LALA,YAMAHA,MIO SPORTY,Scooter,73900.0,18475.0,0.25,55425.0,12,6019.62,0.2257,26676.22,BPO / Call Center Agent,Rented (Apartment/House),Single,3.9,0,0.25,1,2,3,18058.86,0.432,0.397,0,0,defaulted,60.9,11,6,5.96,0.5,0,0,defaulted
SYNTH-03344,1,LALA,KAWASAKI,P24KK (BARAKO II),Backbone/Tricycle,68500.0,6850.0,0.1,61650.0,36,3145.5,0.0905,34764.55,BPO / Call Center Agent,Owned (Clean Title),Widowed,5.9,18,0.5,11,0,0,0.0,0.0,0.878,0,0,active,41.8,11,5,4.88,1.044,0,0,completed
SYNTH-03345,1,LALA,HONDA,ADV160,Adventure Scooter,166900.0,41725.0,0.25,125175.0,24,7919.12,0.1409,56188.11,OFW Remittance / Dependent,Rented (Apartment/House),Married,8.1,2,0.125,0,1,1,7919.12,0.194,0.253,0,0,delinquent,27.7,4,2,1.99,0.5,0,1,defaulted
SYNTH-03346,2,KAPATAGAN,SUZUKI,BURGMAN STREET 125,Maxi-Scooter,83400.0,16680.0,0.2,66720.0,12,7205.6,0.3136,22973.84,Agri / Farmer / Fisherfolk,Owned (Clean Title),Single,4.7,6,0.8333,0,3,4,28822.4,0.157,0.51,0,0,defaulted,44.6,6,3,3.02,0.5,0,1,defaulted
SYNTH-03347,3,TUBOD,SUZUKI,SMASH 115,Underbone,62400.0,7488.0,0.12,54912.0,24,3586.24,0.1113,32217.24,Employed (Private/Gov),Living with Parents/Relatives,Single,5.9,19,0.8333,2,0,1,3586.24,0.044,0.613,0,0,delinquent,56.3,12,3,2.51,0.6937,0,0,completed
SYNTH-03348,3,TUBOD,HONDA,PCX160,Maxi-Scooter,134900.0,33725.0,0.25,101175.0,36,5033.92,0.2824,17827.97,Sari-Sari / Small Retail,Owned (Inherited/Tax Dec),Widowed,2.1,3,0.1111,0,4,1,5033.92,0.223,0.506,0,0,delinquent,31.3,5,2,2.21,0.5,0,1,defaulted
SYNTH-03349,2,KAPATAGAN,HONDA,PCX160,Maxi-Scooter,134900.0,26980.0,0.2,107920.0,12,11531.6,0.3536,32607.66,BPO / Call Center Agent,Rented (Apartment/House),Widowed,9.7,5,0.6667,1,2,3,34594.8,0.339,0.473,1,1,defaulted,24.3,8,3,2.69,0.5,0,0,defaulted
SYNTH-03350,1,LALA,SUZUKI,SMASH 115,Underbone,62400.0,9360.0,0.15,53040.0,24,3470.8,0.0786,44135.24,Employed (Private/Gov),Living with Parents/Relatives,Married,6.0,21,0.9167,0,1,1,3470.8,0.04,0.631,0,0,delinquent,24.2,12,6,5.91,0.724,0,0,completed
SYNTH-03351,2,KAPATAGAN,YAMAHA,SNIPER 155,Sport Underbone,123900.0,12390.0,0.1,111510.0,12,11908.55,0.3546,33585.15,Public School Teacher,Living with Parents/Relatives,Single,8.6,3,0.3333,0,3,1,11908.55,0.272,0.572,0,0,delinquent,47.8,8,3,2.8,0.5303,0,1,defaulted
SYNTH-03352,2,KAPATAGAN,SUZUKI,BURGMAN STREET 125,Maxi-Scooter,83400.0,25020.0,0.3,58380.0,36,2989.27,0.1982,15079.09,Sari-Sari / Small Retail,Rented (Apartment/House),Married,3.8,16,0.5556,1,3,4,11957.08,0.181,0.212,0,0,defaulted,46.4,5,3,3.05,0.5,0,1,defaulted
SYNTH-03353,3,TUBOD,YAMAHA,MIO GEAR 125,Scooter,79400.0,7940.0,0.1,71460.0,36,3614.2,0.2039,17723.02,Agri / Farmer / Fisherfolk,Owned (Inherited/Tax Dec),Married,1.5,1,0.0833,0,1,2,7228.4,0.293,0.545,0,0,defaulted,21.8,5,4,3.75,0.5,0,1,defaulted
SYNTH-03354,3,TUBOD,HONDA,BEAT PREMIUM,Scooter,72400.0,14480.0,0.2,57920.0,36,2967.29,0.065,45621.86,Public School Teacher,Rented (Apartment/House),Widowed,8.7,3,0.1111,2,2,1,2967.29,0.095,0.843,0,0,delinquent,64.2,9,3,3.04,0.8099,0,1,defaulted
SYNTH-03355,1,LALA,KAWASAKI,P24KK (BARAKO II),Backbone/Tricycle,68500.0,20550.0,0.3,47950.0,12,5234.75,0.22,23794.45,Sari-Sari / Small Retail,Living with Parents/Relatives,Married,6.5,4,0.4167,0,2,1,5234.75,0.248,0.43,1,0,delinquent,28.5,6,4,3.63,0.5,0,1,defaulted
SYNTH-03356,3,TUBOD,YAMAHA,MIO SPORTY,Scooter,73900.0,22170.0,0.3,51730.0,36,2671.54,0.0821,32533.7,BPO / Call Center Agent,Rented (Apartment/House),Married,8.7,23,0.6667,0,0,1,2671.54,0.147,0.691,0,0,delinquent,41.7,4,4,4.28,0.7694,0,0,completed
SYNTH-03357,1,LALA,HONDA,WAVE RSX,Underbone,64900.0,7788.0,0.12,57112.0,24,3721.91,0.1111,33492.28,BPO / Call Center Agent,Living with Parents/Relatives,Single,7.1,20,0.8333,3,0,0,0.0,0.01,0.74,0,0,active,48.1,3,4,4.29,0.7586,0,0,completed
SYNTH-03358,3,TUBOD,KAWASAKI,P24KK (BARAKO II),Backbone/Tricycle,68500.0,8220.0,0.12,60280.0,12,6529.4,0.2307,28304.14,Public School Teacher,Living with Parents/Relatives,Married,5.3,1,0.1667,1,2,1,6529.4,0.048,0.717,0,0,delinquent,40.9,10,3,2.78,0.6876,0,0,completed
SYNTH-03359,2,KAPATAGAN,YAMAHA,MIO SPORTY,Scooter,73900.0,8868.0,0.12,65032.0,24,4210.31,0.2004,21005.61,BPO / Call Center Agent,Owned (Inherited/Tax Dec),Single,12.0,11,0.5,0,0,1,4210.31,0.066,0.79,0,0,delinquent,37.7,6,4,4.13,0.6777,0,0,completed
SYNTH-03360,2,KAPATAGAN,SUZUKI,RAIDER 150 FI,Sport Underbone,119900.0,17985.0,0.15,101915.0,24,6484.76,0.2349,27612.3,Employed (Private/Gov),Living with Parents/Relatives,Married,10.8,0,0.0833,0,2,4,25939.04,0.355,0.542,1,0,defaulted,24.6,12,4,4.2,0.6294,0,1,defaulted
SYNTH-03361,1,LALA,SUZUKI,BURGMAN STREET 125,Maxi-Scooter,83400.0,10008.0,0.12,73392.0,36,3706.51,0.0937,39555.5,Public School Teacher,Rented (Apartment/House),Single,7.6,24,0.6667,3,2,0,0.0,0.099,0.818,0,0,active,27.1,9,4,3.95,0.8306,0,0,completed
SYNTH-03362,1,LALA,HONDA,BEAT PREMIUM,Scooter,72400.0,21720.0,0.3,50680.0,36,2621.38,0.0896,29246.77,BPO / Call Center Agent,Owned (Inherited/Tax Dec),Married,5.1,6,0.1667,4,0,0,0.0,0.0,0.857,0,0,active,20.4,6,6,5.8,0.6801,0,0,completed
SYNTH-03363,1,LALA,HONDA,PCX160,Maxi-Scooter,134900.0,40470.0,0.3,94430.0,36,4711.66,0.1388,33946.72,Employed (Private/Gov),Living with Parents/Relatives,Married,3.0,27,0.8056,1,1,2,9423.32,0.18,0.377,0,0,defaulted,19.5,5,4,3.54,0.5,0,0,defaulted
SYNTH-03364,2,KAPATAGAN,YAMAHA,SNIPER 155,Sport Underbone,123900.0,24780.0,0.2,99120.0,12,10607.6,0.2986,35521.71,OFW Remittance / Dependent,Rented (Apartment/House),Widowed,5.9,0,0.1667,0,4,4,42430.4,0.38,0.567,1,1,defaulted,27.0,6,2,1.85,0.5026,0,1,defaulted
SYNTH-03365,1,LALA,SUZUKI,RAIDER 150 FI,Sport Underbone,119900.0,35970.0,0.3,83930.0,36,4209.99,0.1023,41151.05,Public School Teacher,Owned (Clean Title),Married,6.0,15,0.4167,11,0,0,0.0,0.0,0.891,0,0,active,59.9,7,3,3.39,0.9023,0,0,completed
SYNTH-03366,2,KAPATAGAN,YAMAHA,AEROX 155,Sport Scooter,125400.0,25080.0,0.2,100320.0,36,4993.07,0.2502,19953.03,Tricycle / PUV Operator,Living with Parents/Relatives,Married,6.1,22,0.6944,0,3,3,14979.21,0.24,0.524,1,0,defaulted,51.5,3,3,3.02,0.5604,0,0,defaulted
SYNTH-03367,1,LALA,HONDA,BEAT PREMIUM,Scooter,72400.0,10860.0,0.15,61540.0,36,3140.24,0.1225,25641.79,Employed (Private/Gov),Owned (Inherited/Tax Dec),Married,5.3,18,0.5,3,0,0,0.0,0.0,0.976,0,0,active,20.6,10,6,6.19,0.9556,0,0,completed
SYNTH-03368,3,TUBOD,YAMAHA,MIO FAZZIO,Retro Scooter,93900.0,23475.0,0.25,70425.0,24,4542.88,0.124,36632.36,Employed (Private/Gov),Owned (Inherited/Tax Dec),Single,2.1,21,0.9167,3,0,1,4542.88,0.001,0.716,0,0,delinquent,39.2,10,2,2.18,0.7158,0,0,completed
SYNTH-03369,2,KAPATAGAN,YAMAHA,MIO SPORTY,Scooter,73900.0,18475.0,0.25,55425.0,36,2848.08,0.0872,32649.98,Employed (Private/Gov),Owned (Clean Title),Widowed,4.7,13,0.3611,1,2,0,0.0,0.074,0.835,1,0,active,29.5,10,4,3.38,0.8628,0,1,defaulted
SYNTH-03370,3,TUBOD,YAMAHA,MIO FAZZIO,Retro Scooter,93900.0,14085.0,0.15,79815.0,24,5121.93,0.2073,24702.45,Employed (Private/Gov),Living with Parents/Relatives,Married,9.0,22,0.9583,0,1,1,5121.93,0.179,0.408,1,0,delinquent,53.8,6,2,1.52,0.5,0,1,defaulted
SYNTH-03371,2,KAPATAGAN,YAMAHA,MIO SPORTY,Scooter,73900.0,7390.0,0.1,66510.0,24,4301.45,0.1617,26602.08,Tricycle / PUV Operator,Rented (Apartment/House),Married,6.0,19,0.9167,1,4,3,12904.35,0.259,0.477,1,1,defaulted,20.5,9,6,6.3,0.5,0,1,defaulted
SYNTH-03372,3,TUBOD,SUZUKI,BURGMAN STREET 125,Maxi-Scooter,83400.0,20850.0,0.25,62550.0,36,3188.5,0.1507,21151.98,Tricycle / PUV Operator,Owned (Clean Title),Widowed,12.3,1,0.1389,0,1,4,12754.0,0.419,0.523,1,0,defaulted,52.5,4,3,2.95,0.5646,0,1,defaulted
SYNTH-03373,3,TUBOD,YAMAHA,MIO FAZZIO,Retro Scooter,93900.0,23475.0,0.25,70425.0,24,4542.88,0.1171,38784.7,Employed (Private/Gov),Owned (Inherited/Tax Dec),Widowed,7.7,21,0.875,6,0,0,0.0,0.0,0.856,0,0,active,46.2,11,3,2.9,1.008,0,0,completed
SYNTH-03374,3,TUBOD,KAWASAKI,ROUSER NS125,Sport Backbone,82000.0,16400.0,0.2,65600.0,36,3334.22,0.059,56466.27,OFW Remittance / Dependent,Living with Parents/Relatives,Married,11.7,9,0.25,2,0,0,0.0,0.0,0.911,0,0,active,41.3,4,2,1.8,0.9717,0,0,completed
SYNTH-03375,1,LALA,YAMAHA,NMAX 155,Maxi-Scooter,151900.0,18228.0,0.12,133672.0,36,6586.55,0.3638,18106.29,Agri / Farmer / Fisherfolk,Rented (Apartment/House),Widowed,3.7,35,1.0,0,1,1,6586.55,0.379,0.458,0,0,delinquent,13.8,4,5,4.29,0.5,0,1,defaulted
SYNTH-03376,3,TUBOD,KAWASAKI,ROUSER NS125,Sport Backbone,82000.0,16400.0,0.2,65600.0,36,3334.22,0.1726,19318.1,Tricycle / PUV Operator,Owned (Inherited/Tax Dec),Single,8.7,29,0.8889,0,4,3,10002.66,0.366,0.221,1,0,defaulted,39.7,1,2,2.01,0.5,0,1,defaulted
SYNTH-03377,1,LALA,SUZUKI,RAIDER 150 FI,Sport Underbone,119900.0,29975.0,0.25,89925.0,24,5745.38,0.2404,23903.97,Agri / Farmer / Fisherfolk,Rented (Apartment/House),Married,4.4,2,0.125,1,2,1,5745.38,0.156,0.323,1,0,delinquent,13.7,12,5,4.96,0.5,0,1,defaulted
SYNTH-03378,2,KAPATAGAN,KAWASAKI,ROUSER NS125,Sport Backbone,82000.0,24600.0,0.3,57400.0,12,6227.0,0.1937,32146.93,BPO / Call Center Agent,Owned (Clean Title),Married,5.5,4,0.3333,0,0,0,0.0,0.073,0.76,0,0,active,15.4,1,3,3.23,0.6864,0,1,defaulted
SYNTH-03379,2,KAPATAGAN,HONDA,TMX125 ALPHA,Backbone/Utility,57900.0,8685.0,0.15,49215.0,24,3234.92,0.1178,27451.58,Tricycle / PUV Operator,Owned (Inherited/Tax Dec),Married,8.0,16,0.7083,1,1,1,3234.92,0.289,0.398,0,0,delinquent,62.5,7,4,3.94,0.5,0,1,defaulted
SYNTH-03380,1,LALA,HONDA,CLICK 125I,Scooter,81400.0,9768.0,0.12,71632.0,24,4617.31,0.3547,13017.6,Agri / Farmer / Fisherfolk,Living with Parents/Relatives,Single,3.8,14,0.625,0,4,1,4617.31,0.22,0.329,0,0,delinquent,28.9,6,4,4.01,0.5,0,1,defaulted
SYNTH-03381,1,LALA,HONDA,ADV160,Adventure Scooter,166900.0,50070.0,0.3,116830.0,24,7404.52,0.1819,40711.28,Employed (Private/Gov),Owned (Clean Title),Single,4.5,4,0.25,0,1,2,14809.04,0.272,0.607,0,0,defaulted,63.9,9,2,2.35,0.5658,0,1,defaulted
SYNTH-03382,3,TUBOD,HONDA,CLICK 125I,Scooter,81400.0,9768.0,0.12,71632.0,36,3622.42,0.1277,28363.93,Employed (Private/Gov),Owned (Inherited/Tax Dec),Widowed,5.7,2,0.0556,1,0,0,0.0,0.0,0.941,0,0,active,27.1,10,3,3.45,0.9365,0,0,completed
SYNTH-03383,2,KAPATAGAN,HONDA,CLICK 125I,Scooter,81400.0,8140.0,0.1,73260.0,24,4717.7,0.1564,30158.12,Employed (Private/Gov),Living with Parents/Relatives,Widowed,3.9,22,0.9583,0,4,1,4717.7,0.398,0.422,0,0,delinquent,30.6,3,4,3.6,0.5,0,0,defaulted
SYNTH-03384,1,LALA,KAWASAKI,ROUSER NS125,Sport Backbone,82000.0,9840.0,0.12,72160.0,24,4649.87,0.0988,47078.4,OFW Remittance / Dependent,Owned (Clean Title),Single,6.5,23,0.9583,11,0,0,0.0,0.0,0.912,0,0,active,35.0,6,2,1.86,0.8091,0,0,completed
SYNTH-03385,1,LALA,KAWASAKI,P24KK (BARAKO II),Backbone/Tricycle,68500.0,13700.0,0.2,54800.0,12,5954.0,0.1458,40833.26,Public School Teacher,Living with Parents/Relatives,Single,4.2,12,1.0,1,1,0,0.0,0.054,0.693,0,0,active,64.9,5,4,3.51,0.6614,0,1,defaulted
SYNTH-03386,3,TUBOD,KAWASAKI,CT100B,Backbone/Utility,54000.0,8100.0,0.15,45900.0,12,5019.5,0.192,26149.79,BPO / Call Center Agent,Owned (Clean Title),Widowed,12.9,10,0.9167,0,2,1,5019.5,0.005,0.755,0,0,delinquent,38.9,3,3,2.7,0.8076,0,0,completed
SYNTH-03387,1,LALA,SUZUKI,BURGMAN STREET 125,Maxi-Scooter,83400.0,20850.0,0.25,62550.0,12,6767.75,0.2877,23519.66,BPO / Call Center Agent,Rented (Apartment/House),Married,10.4,0,0.25,0,1,4,27071.0,0.348,0.622,1,0,defaulted,10.4,10,5,5.15,0.6202,0,1,defaulted
SYNTH-03388,3,TUBOD,YAMAHA,NMAX 155,Maxi-Scooter,151900.0,15190.0,0.1,136710.0,12,14554.55,0.5112,28471.69,BPO / Call Center Agent,Living with Parents/Relatives,Married,4.9,1,0.3333,0,2,3,43663.65,0.226,0.347,0,1,defaulted,34.4,10,3,2.52,0.5,0,1,defaulted
SYNTH-03389,2,KAPATAGAN,SUZUKI,RAIDER 150 FI,Sport Underbone,119900.0,17985.0,0.15,101915.0,36,5069.27,0.1257,40337.12,Employed (Private/Gov),Owned (Clean Title),Single,7.6,7,0.1944,4,0,0,0.0,0.0,0.933,0,0,active,35.0,7,3,3.05,0.9194,1,0,early_settled
SYNTH-03390,2,KAPATAGAN,YAMAHA,MIO GEAR 125,Scooter,79400.0,9528.0,0.12,69872.0,24,4508.77,0.1136,39691.89,Employed (Private/Gov),Owned (Clean Title),Married,6.8,21,0.875,2,0,0,0.0,0.0,0.903,0,0,active,38.7,5,4,4.68,0.9275,0,0,completed
SYNTH-03391,2,KAPATAGAN,YAMAHA,MIO GEAR 125,Scooter,79400.0,23820.0,0.3,55580.0,24,3627.43,0.1052,34489.66,Employed (Private/Gov),Owned (Clean Title),Married,9.8,12,0.5,6,0,0,0.0,0.0,0.951,0,0,active,36.5,11,4,4.24,1.0587,0,0,completed
SYNTH-03392,3,TUBOD,KAWASAKI,ROUSER NS125,Sport Backbone,82000.0,20500.0,0.25,61500.0,12,6657.5,0.2725,24432.58,BPO / Call Center Agent,Living with Parents/Relatives,Married,5.2,0,0.1667,1,1,2,13315.0,0.379,0.289,1,1,defaulted,52.3,6,2,2.14,0.5,0,1,defaulted
SYNTH-03393,1,LALA,SUZUKI,RAIDER 150 FI,Sport Underbone,119900.0,29975.0,0.25,89925.0,36,4496.42,0.1742,25806.99,Sari-Sari / Small Retail,Owned (Clean Title),Widowed,11.9,7,0.2222,0,3,1,4496.42,0.366,0.412,0,0,delinquent,21.8,12,5,4.88,0.5,0,0,defaulted
SYNTH-03394,3,TUBOD,HONDA,TMX125 ALPHA,Backbone/Utility,57900.0,5790.0,0.1,52110.0,24,3413.45,0.0889,38388.19,BPO / Call Center Agent,Rented (Apartment/House),Widowed,3.5,5,0.375,0,1,4,13653.8,0.427,0.294,0,0,defaulted,46.7,9,3,3.04,0.5,0,1,defaulted
SYNTH-03395,3,TUBOD,KAWASAKI,ROUSER NS125,Sport Backbone,82000.0,24600.0,0.3,57400.0,24,3739.67,0.084,44524.2,Public School Teacher,Rented (Apartment/House),Married,11.3,21,0.875,3,0,0,0.0,0.088,0.809,0,0,active,44.8,9,2,2.18,0.8544,0,1,defaulted
SYNTH-03396,2,KAPATAGAN,HONDA,PCX160,Maxi-Scooter,134900.0,20235.0,0.15,114665.0,36,5678.44,0.2724,20844.21,Employed (Private/Gov),Owned (Inherited/Tax Dec),Widowed,1.9,11,0.4167,0,4,4,22713.76,0.431,0.544,0,1,defaulted,12.9,3,4,4.12,0.5896,0,1,defaulted
SYNTH-03397,3,TUBOD,YAMAHA,SNIPER 155,Sport Underbone,123900.0,12390.0,0.1,111510.0,24,7076.45,0.2866,24694.84,Employed (Private/Gov),Rented (Apartment/House),Married,9.3,7,0.4167,0,3,3,21229.35,0.215,0.599,1,0,defaulted,15.9,3,3,3.41,0.6469,0,1,defaulted
SYNTH-03398,3,TUBOD,HONDA,CLICK 125I,Scooter,81400.0,12210.0,0.15,69190.0,24,4466.72,0.1375,32489.49,BPO / Call Center Agent,Living with Parents/Relatives,Married,8.9,13,0.5833,2,0,1,4466.72,0.009,0.775,0,0,delinquent,15.9,4,5,4.78,0.8163,0,0,completed
SYNTH-03399,2,KAPATAGAN,HONDA,PCX160,Maxi-Scooter,134900.0,13490.0,0.1,121410.0,12,12948.05,0.3524,36741.98,Employed (Private/Gov),Owned (Clean Title),Married,5.8,8,0.9167,1,1,3,38844.15,0.236,0.222,0,0,defaulted,44.3,3,3,2.62,0.5,0,1,defaulted
SYNTH-03400,1,LALA,YAMAHA,NMAX 155,Maxi-Scooter,151900.0,15190.0,0.1,136710.0,12,14554.55,0.5446,26724.86,Employed (Private/Gov),Rented (Apartment/House),Married,4.1,5,0.5833,0,2,2,29109.1,0.395,0.489,0,0,defaulted,25.9,4,4,3.98,0.5086,0,0,defaulted
SYNTH-03401,3,TUBOD,HONDA,PCX160,Maxi-Scooter,134900.0,16188.0,0.12,118712.0,24,7520.57,0.1861,40406.24,Public School Teacher,Living with Parents/Relatives,Single,3.4,3,0.25,1,1,3,22561.71,0.371,0.622,1,1,defaulted,41.7,11,2,1.92,0.6757,0,1,defaulted
SYNTH-03402,1,LALA,HONDA,ADV160,Adventure Scooter,166900.0,25035.0,0.15,141865.0,24,8948.34,0.3126,28622.19,BPO / Call Center Agent,Owned (Inherited/Tax Dec),Widowed,16.8,17,0.75,0,2,1,8948.34,0.18,0.302,0,0,delinquent,31.1,10,2,2.03,0.5,0,1,defaulted
SYNTH-03403,3,TUBOD,YAMAHA,MIO FAZZIO,Retro Scooter,93900.0,23475.0,0.25,70425.0,36,3564.75,0.1267,28133.43,Sari-Sari / Small Retail,Owned (Clean Title),Single,3.0,8,0.3056,1,4,3,10694.25,0.387,0.413,0,1,defaulted,63.3,7,2,1.55,0.5,0,1,defaulted
SYNTH-03404,2,KAPATAGAN,YAMAHA,MIO FAZZIO,Retro Scooter,93900.0,18780.0,0.2,75120.0,24,4832.4,0.0928,52085.62,OFW Remittance / Dependent,Rented (Apartment/House),Widowed,12.3,18,0.75,2,1,0,0.0,0.124,0.813,0,0,active,36.0,5,3,3.61,0.8366,0,1,defaulted
SYNTH-03405,2,KAPATAGAN,HONDA,CLICK 160,Scooter,122900.0,30725.0,0.25,92175.0,12,9878.38,0.4497,21964.89,Tricycle / PUV Operator,Owned (Clean Title),Married,5.3,7,0.8333,1,2,3,29635.14,0.252,0.548,0,1,defaulted,51.2,3,4,3.28,0.6223,0,1,defaulted
SYNTH-03406,3,TUBOD,YAMAHA,NMAX 155,Maxi-Scooter,151900.0,45570.0,0.3,106330.0,24,6757.02,0.2789,24230.49,Employed (Private/Gov),Owned (Clean Title),Married,7.5,9,0.4583,0,3,2,13514.04,0.437,0.209,0,0,defaulted,52.6,6,2,2.34,0.5,0,1,defaulted
SYNTH-03407,1,LALA,HONDA,CLICK 125I,Scooter,81400.0,20350.0,0.25,61050.0,24,3964.75,0.1436,27600.41,Public School Teacher,Owned (Inherited/Tax Dec),Widowed,2.3,4,0.1667,0,2,0,0.0,0.008,0.653,0,0,active,38.4,4,5,5.2,0.7085,0,0,completed
SYNTH-03408,3,TUBOD,HONDA,CLICK 160,Scooter,122900.0,24580.0,0.2,98320.0,12,10523.6,0.877,12000.0,Agri / Farmer / Fisherfolk,Living with Parents/Relatives,Married,17.3,6,0.6667,0,1,2,21047.2,0.256,0.423,0,1,defaulted,27.0,5,3,3.49,0.5,0,0,defaulted
SYNTH-03409,1,LALA,HONDA,ADV160,Adventure Scooter,166900.0,33380.0,0.2,133520.0,24,8433.73,0.6123,13774.15,Tricycle / PUV Operator,Rented (Apartment/House),Widowed,8.9,18,0.7917,0,1,1,8433.73,0.3,0.321,0,0,delinquent,63.0,2,2,2.72,0.5,0,0,defaulted
SYNTH-03410,3,TUBOD,YAMAHA,AEROX 155,Sport Scooter,125400.0,18810.0,0.15,106590.0,12,11391.95,0.4411,25828.02,Employed (Private/Gov),Living with Parents/Relatives,Widowed,10.9,5,0.5,1,3,1,11391.95,0.263,0.573,0,0,delinquent,23.9,2,3,2.98,0.5828,0,0,defaulted
SYNTH-03411,2,KAPATAGAN,KAWASAKI,P24KK (BARAKO II),Backbone/Tricycle,68500.0,17125.0,0.25,51375.0,24,3368.12,0.1229,27404.48,Sari-Sari / Small Retail,Rented (Apartment/House),Widowed,6.7,20,0.875,0,2,1,3368.12,0.299,0.203,0,0,delinquent,50.6,6,3,2.81,0.5,0,1,defaulted
SYNTH-03412,2,KAPATAGAN,YAMAHA,SNIPER 155,Sport Underbone,123900.0,30975.0,0.25,92925.0,24,5930.38,0.1817,32641.95,BPO / Call Center Agent,Living with Parents/Relatives,Widowed,1.8,11,0.5417,0,4,2,11860.76,0.392,0.399,1,0,defaulted,26.5,5,3,3.18,0.5,0,1,defaulted
SYNTH-03413,1,LALA,YAMAHA,SNIPER 155,Sport Underbone,123900.0,37170.0,0.3,86730.0,36,4343.77,0.2461,17653.61,Agri / Farmer / Fisherfolk,Owned (Clean Title),Married,7.0,3,0.1667,1,1,3,13031.31,0.365,0.542,0,0,defaulted,50.0,2,3,3.02,0.5293,0,1,defaulted
SYNTH-03414,2,KAPATAGAN,HONDA,PCX160,Maxi-Scooter,134900.0,26980.0,0.2,107920.0,12,11531.6,0.6702,17207.16,Tricycle / PUV Operator,Owned (Inherited/Tax Dec),Married,6.0,5,0.5833,1,2,2,23063.2,0.364,0.567,0,0,defaulted,32.7,12,3,3.57,0.6555,0,1,defaulted
SYNTH-03415,3,TUBOD,HONDA,PCX160,Maxi-Scooter,134900.0,40470.0,0.3,94430.0,36,4711.66,0.2414,19519.73,Tricycle / PUV Operator,Rented (Apartment/House),Single,11.8,2,0.1667,1,1,4,18846.64,0.22,0.269,0,1,defaulted,24.6,4,3,3.17,0.5,0,1,defaulted
SYNTH-03416,2,KAPATAGAN,KAWASAKI,P24KK (BARAKO II),Backbone/Tricycle,68500.0,17125.0,0.25,51375.0,24,3368.12,0.1023,32932.85,BPO / Call Center Agent,Living with Parents/Relatives,Married,24.8,2,0.0833,0,0,0,0.0,0.008,0.678,0,0,active,36.5,5,4,3.79,0.6733,0,0,completed
SYNTH-03417,1,LALA,HONDA,WAVE RSX,Underbone,64900.0,19470.0,0.3,45430.0,36,2370.54,0.0479,49486.56,OFW Remittance / Dependent,Rented (Apartment/House),Single,12.0,36,1.0,1,1,0,0.0,0.019,0.706,1,0,active,60.1,5,4,3.68,0.7189,0,0,completed
SYNTH-03418,2,KAPATAGAN,YAMAHA,MIO FAZZIO,Retro Scooter,93900.0,18780.0,0.2,75120.0,12,8087.6,0.2463,32838.7,Public School Teacher,Owned (Clean Title),Widowed,12.7,8,0.75,3,0,1,8087.6,0.029,0.605,0,0,delinquent,42.1,6,3,3.03,0.5773,0,0,completed
SYNTH-03419,2,KAPATAGAN,KAWASAKI,ROUSER NS125,Sport Backbone,82000.0,16400.0,0.2,65600.0,36,3334.22,0.153,21797.62,BPO / Call Center Agent,Owned (Inherited/Tax Dec),Single,22.8,33,0.9167,2,2,0,0.0,0.067,0.818,0,0,active,48.5,11,2,1.7,0.9493,0,0,completed
SYNTH-03420,3,TUBOD,HONDA,CLICK 125I,Scooter,81400.0,8140.0,0.1,73260.0,24,4717.7,0.137,34439.08,Employed (Private/Gov),Living with Parents/Relatives,Married,10.9,3,0.1667,2,2,1,4717.7,0.023,0.82,0,0,delinquent,14.5,2,4,4.57,0.8839,0,0,completed
SYNTH-03421,2,KAPATAGAN,YAMAHA,MIO GEAR 125,Scooter,79400.0,11910.0,0.15,67490.0,36,3424.52,0.0921,37170.51,BPO / Call Center Agent,Owned (Clean Title),Single,4.2,5,0.1389,0,2,0,0.0,0.011,0.624,0,0,active,14.9,12,6,5.33,0.6964,0,0,completed
SYNTH-03422,1,LALA,SUZUKI,SMASH 115,Underbone,62400.0,7488.0,0.12,54912.0,12,5965.76,0.1935,30827.29,Sari-Sari / Small Retail,Owned (Inherited/Tax Dec),Widowed,3.3,4,0.4167,1,4,1,5965.76,0.211,0.385,0,0,delinquent,48.4,7,4,4.18,0.5,0,1,defaulted
SYNTH-03423,1,LALA,HONDA,PCX160,Maxi-Scooter,134900.0,16188.0,0.12,118712.0,24,7520.57,0.1158,64948.33,OFW Remittance / Dependent,Owned (Inherited/Tax Dec),Single,4.7,15,0.625,1,0,0,0.0,0.086,0.678,0,0,active,11.5,5,4,3.52,0.6565,0,0,completed
SYNTH-03424,2,KAPATAGAN,HONDA,CLICK 125I,Scooter,81400.0,24420.0,0.3,56980.0,36,2922.38,0.1676,17432.03,Tricycle / PUV Operator,Owned (Inherited/Tax Dec),Single,7.3,31,0.9444,1,2,3,8767.14,0.26,0.392,0,0,defaulted,53.2,8,4,3.39,0.5,0,1,defaulted
SYNTH-03425,2,KAPATAGAN,KAWASAKI,CT100B,Backbone/Utility,54000.0,16200.0,0.3,37800.0,12,4169.0,0.2066,20178.06,Sari-Sari / Small Retail,Owned (Inherited/Tax Dec),Widowed,3.9,5,0.5833,1,1,2,8338.0,0.307,0.271,0,0,defaulted,51.0,3,3,3.07,0.5,0,1,defaulted
SYNTH-03426,3,TUBOD,HONDA,TMX125 ALPHA,Backbone/Utility,57900.0,8685.0,0.15,49215.0,24,3234.92,0.1651,19595.21,Tricycle / PUV Operator,Rented (Apartment/House),Single,11.5,9,0.5,0,2,3,9704.76,0.21,0.545,0,0,defaulted,63.8,3,3,3.65,0.5844,0,1,defaulted
SYNTH-03427,1,LALA,HONDA,WAVE RSX,Underbone,64900.0,19470.0,0.3,45430.0,24,3001.52,0.0718,41775.98,BPO / Call Center Agent,Rented (Apartment/House),Single,8.0,7,0.3333,1,2,1,3001.52,0.031,0.757,1,0,delinquent,39.0,9,4,3.75,0.7559,0,0,completed
SYNTH-03428,2,KAPATAGAN,YAMAHA,MIO FAZZIO,Retro Scooter,93900.0,9390.0,0.1,84510.0,24,5411.45,0.1413,38291.9,Employed (Private/Gov),Owned (Inherited/Tax Dec),Widowed,9.1,15,0.6667,1,1,1,5411.45,0.033,0.743,0,0,delinquent,33.4,6,3,3.22,0.65,0,1,defaulted
SYNTH-03429,3,TUBOD,HONDA,CLICK 125I,Scooter,81400.0,8140.0,0.1,73260.0,24,4717.7,0.113,41753.79,Public School Teacher,Owned (Clean Title),Widowed,10.3,6,0.25,5,0,0,0.0,0.0,0.853,0,0,active,40.2,4,3,2.99,0.8597,0,0,completed
SYNTH-03430,2,KAPATAGAN,KAWASAKI,P24KK (BARAKO II),Backbone/Tricycle,68500.0,6850.0,0.1,61650.0,36,3145.5,0.0959,32815.76,Sari-Sari / Small Retail,Living with Parents/Relatives,Married,9.5,35,1.0,1,0,1,3145.5,0.039,0.677,0,0,delinquent,43.0,5,4,4.19,0.7098,0,0,completed
SYNTH-03431,2,KAPATAGAN,SUZUKI,BURGMAN STREET 125,Maxi-Scooter,83400.0,16680.0,0.2,66720.0,12,7205.6,0.1608,44814.16,OFW Remittance / Dependent,Owned (Inherited/Tax Dec),Married,2.1,10,0.8333,1,0,0,0.0,0.012,0.836,1,0,active,16.0,5,4,3.96,0.8399,0,1,defaulted
SYNTH-03432,3,TUBOD,YAMAHA,NMAX 155,Maxi-Scooter,151900.0,45570.0,0.3,106330.0,24,6757.02,0.2302,29355.32,Employed (Private/Gov),Owned (Clean Title),Married,22.7,5,0.25,1,0,1,6757.02,0.115,0.828,0,0,delinquent,64.1,11,3,2.7,0.9167,0,1,defaulted
SYNTH-03433,3,TUBOD,KAWASAKI,CT100B,Backbone/Utility,54000.0,8100.0,0.15,45900.0,36,2393.0,0.0805,29709.61,BPO / Call Center Agent,Rented (Apartment/House),Single,2.4,2,0.1389,0,1,3,7179.0,0.201,0.421,1,1,defaulted,47.0,3,3,2.49,0.5,0,0,defaulted
SYNTH-03434,1,LALA,SUZUKI,SMASH 115,Underbone,62400.0,12480.0,0.2,49920.0,12,5441.6,0.1788,30437.08,Public School Teacher,Rented (Apartment/House),Married,20.1,1,0.4167,1,3,4,21766.4,0.415,0.518,1,0,defaulted,25.3,9,4,4.19,0.5,0,1,defaulted
SYNTH-03435,2,KAPATAGAN,HONDA,PCX160,Maxi-Scooter,134900.0,26980.0,0.2,107920.0,36,5356.18,0.2067,25915.82,BPO / Call Center Agent,Owned (Inherited/Tax Dec),Married,2.5,25,0.75,0,4,2,10712.36,0.238,0.642,0,0,defaulted,59.7,2,2,2.15,0.6607,0,1,defaulted
SYNTH-03436,3,TUBOD,KAWASAKI,P24KK (BARAKO II),Backbone/Tricycle,68500.0,13700.0,0.2,54800.0,24,3579.33,0.131,27325.02,BPO / Call Center Agent,Owned (Clean Title),Widowed,3.8,9,0.4167,0,2,1,3579.33,0.024,0.823,0,0,delinquent,49.9,4,3,3.55,0.8643,0,0,completed
SYNTH-03437,2,KAPATAGAN,YAMAHA,MIO FAZZIO,Retro Scooter,93900.0,14085.0,0.15,79815.0,24,5121.93,0.2749,18630.48,Tricycle / PUV Operator,Owned (Inherited/Tax Dec),Married,6.2,11,0.5833,0,3,3,15365.79,0.339,0.354,1,0,defaulted,10.7,8,4,4.27,0.5,0,1,defaulted
SYNTH-03438,3,TUBOD,YAMAHA,MIO GEAR 125,Scooter,79400.0,19850.0,0.25,59550.0,36,3045.17,0.0957,31809.7,Sari-Sari / Small Retail,Owned (Inherited/Tax Dec),Married,9.0,15,0.4167,3,0,0,0.0,0.149,0.665,0,0,active,18.6,3,4,4.34,0.7066,0,0,completed
SYNTH-03439,1,LALA,YAMAHA,MIO FAZZIO,Retro Scooter,93900.0,14085.0,0.15,79815.0,12,8580.57,0.2166,39608.56,Employed (Private/Gov),Living with Parents/Relatives,Married,3.2,0,0.0833,0,3,4,34322.28,0.206,0.5,0,1,defaulted,46.4,8,3,2.15,0.5217,0,1,defaulted
SYNTH-03440,3,TUBOD,HONDA,TMX125 ALPHA,Backbone/Utility,57900.0,5790.0,0.1,52110.0,36,2689.7,0.1159,23199.49,Sari-Sari / Small Retail,Living with Parents/Relatives,Single,7.8,0,0.0278,0,4,4,10758.8,0.435,0.453,1,1,defaulted,46.0,4,3,2.85,0.5,0,1,defaulted
SYNTH-03441,3,TUBOD,HONDA,CLICK 125I,Scooter,81400.0,24420.0,0.3,56980.0,12,6182.9,0.0951,65012.71,OFW Remittance / Dependent,Owned (Inherited/Tax Dec),Widowed,8.3,3,0.25,2,0,0,0.0,0.0,0.911,0,0,active,49.9,10,3,3.08,0.9205,0,0,completed
SYNTH-03442,3,TUBOD,HONDA,CLICK 125I,Scooter,81400.0,8140.0,0.1,73260.0,24,4717.7,0.2134,22107.87,Sari-Sari / Small Retail,Rented (Apartment/House),Married,9.2,0,0.0417,1,4,1,4717.7,0.271,0.321,0,0,delinquent,36.8,1,3,3.71,0.5,0,0,defaulted
SYNTH-03443,2,KAPATAGAN,SUZUKI,RAIDER 150 FI,Sport Underbone,119900.0,29975.0,0.25,89925.0,12,9642.12,0.4694,20540.63,Public School Teacher,Owned (Inherited/Tax Dec),Single,8.8,1,0.4167,0,2,4,38568.48,0.221,0.274,0,0,defaulted,13.7,1,3,3.24,0.5,0,1,defaulted
SYNTH-03444,1,LALA,YAMAHA,MIO FAZZIO,Retro Scooter,93900.0,18780.0,0.2,75120.0,24,4832.4,0.1308,36943.34,OFW Remittance / Dependent,Rented (Apartment/House),Married,3.1,8,0.4167,1,4,2,9664.8,0.253,0.459,0,0,defaulted,47.2,11,4,4.19,0.5,0,0,defaulted
SYNTH-03445,3,TUBOD,YAMAHA,SNIPER 155,Sport Underbone,123900.0,18585.0,0.15,105315.0,24,6694.43,0.2557,26178.7,Tricycle / PUV Operator,Owned (Clean Title),Married,7.0,8,0.4583,0,2,3,20083.29,0.38,0.606,1,0,defaulted,37.1,1,2,2.02,0.5,0,1,defaulted
SYNTH-03446,3,TUBOD,YAMAHA,NMAX 155,Maxi-Scooter,151900.0,45570.0,0.3,106330.0,36,5280.21,0.1596,33080.59,BPO / Call Center Agent,Owned (Clean Title),Widowed,4.3,3,0.1389,1,3,2,10560.42,0.41,0.587,0,0,defaulted,43.3,12,3,3.57,0.6666,0,1,defaulted
SYNTH-03447,1,LALA,KAWASAKI,ROUSER NS125,Sport Backbone,82000.0,24600.0,0.3,57400.0,24,3739.67,0.1044,35818.43,OFW Remittance / Dependent,Living with Parents/Relatives,Widowed,4.9,19,0.7917,0,2,0,0.0,0.131,0.77,0,0,active,53.5,12,3,3.08,0.9292,0,0,completed
SYNTH-03448,2,KAPATAGAN,YAMAHA,AEROX 155,Sport Scooter,125400.0,18810.0,0.15,106590.0,36,5292.63,0.0954,55466.24,OFW Remittance / Dependent,Rented (Apartment/House),Married,13.9,16,0.4722,3,0,1,5292.63,0.117,0.828,0,0,delinquent,21.5,7,4,3.83,0.774,0,0,completed
SYNTH-03449,1,LALA,YAMAHA,MIO GEAR 125,Scooter,79400.0,11910.0,0.15,67490.0,36,3424.52,0.0856,40005.29,Public School Teacher,Owned (Inherited/Tax Dec),Married,12.2,28,0.7778,10,0,0,0.0,0.0,0.933,0,0,active,13.3,12,6,5.7,1.1,0,0,completed
SYNTH-03450,1,LALA,SUZUKI,SMASH 115,Underbone,62400.0,15600.0,0.25,46800.0,36,2436.0,0.0936,26016.45,Tricycle / PUV Operator,Owned (Clean Title),Widowed,15.7,36,1.0,0,1,0,0.0,0.113,0.792,0,0,active,46.1,7,4,4.0,0.8129,0,1,defaulted
SYNTH-03451,1,LALA,KAWASAKI,ROUSER NS125,Sport Backbone,82000.0,9840.0,0.12,72160.0,24,4649.87,0.1909,24355.52,Sari-Sari / Small Retail,Rented (Apartment/House),Married,11.3,22,1.0,0,1,2,9299.74,0.441,0.406,0,0,defaulted,11.8,3,3,2.94,0.5,0,0,defaulted
SYNTH-03452,3,TUBOD,HONDA,WAVE RSX,Underbone,64900.0,6490.0,0.1,58410.0,12,6333.05,0.416,15224.69,Employed (Private/Gov),Living with Parents/Relatives,Married,3.4,9,0.9167,0,1,2,12666.1,0.347,0.325,1,0,defaulted,55.2,8,3,3.22,0.5,0,1,defaulted
SYNTH-03453,3,TUBOD,HONDA,CLICK 125I,Scooter,81400.0,16280.0,0.2,65120.0,24,4215.73,0.1132,37248.96,Employed (Private/Gov),Rented (Apartment/House),Married,1.0,16,0.75,0,2,2,8431.46,0.296,0.334,1,0,defaulted,28.4,6,3,3.19,0.5,0,0,defaulted
SYNTH-03454,2,KAPATAGAN,SUZUKI,RAIDER 150 FI,Sport Underbone,119900.0,17985.0,0.15,101915.0,24,6484.76,0.2149,30175.69,Public School Teacher,Rented (Apartment/House),Single,11.4,3,0.1667,0,3,1,6484.76,0.356,0.517,1,0,delinquent,13.1,7,4,4.0,0.5322,0,1,defaulted
SYNTH-03455,2,KAPATAGAN,YAMAHA,MIO GEAR 125,Scooter,79400.0,9528.0,0.12,69872.0,36,3538.33,0.1972,17943.53,Agri / Farmer / Fisherfolk,Owned (Inherited/Tax Dec),Married,4.3,14,0.5,1,4,4,14153.32,0.383,0.288,1,1,defaulted,24.4,6,4,3.59,0.5,0,1,defaulted
SYNTH-03456,2,KAPATAGAN,YAMAHA,AEROX 155,Sport Scooter,125400.0,31350.0,0.25,94050.0,12,10075.25,0.4354,23142.45,Sari-Sari / Small Retail,Owned (Clean Title),Married,12.7,4,0.4167,0,3,1,10075.25,0.222,0.553,0,0,delinquent,48.1,12,3,2.9,0.6632,0,1,defaulted
SYNTH-03457,2,KAPATAGAN,KAWASAKI,ROUSER NS125,Sport Backbone,82000.0,16400.0,0.2,65600.0,36,3334.22,0.0908,36727.71,Public School Teacher,Owned (Inherited/Tax Dec),Widowed,4.6,26,0.7222,10,0,0,0.0,0.0,0.9,0,0,active,32.8,2,2,2.27,0.8891,1,0,early_settled
SYNTH-03458,1,LALA,YAMAHA,MIO FAZZIO,Retro Scooter,93900.0,23475.0,0.25,70425.0,36,3564.75,0.1047,34063.16,BPO / Call Center Agent,Rented (Apartment/House),Married,8.8,27,0.7778,1,4,1,3564.75,0.163,0.37,0,0,delinquent,52.0,10,3,3.45,0.5,0,1,defaulted
SYNTH-03459,1,LALA,KAWASAKI,ROUSER NS125,Sport Backbone,82000.0,24600.0,0.3,57400.0,24,3739.67,0.1087,34391.32,Employed (Private/Gov),Owned (Inherited/Tax Dec),Married,7.5,24,1.0,10,0,0,0.0,0.0,0.985,0,0,active,16.0,1,3,3.39,0.8464,0,0,completed
SYNTH-03460,3,TUBOD,KAWASAKI,ROUSER NS125,Sport Backbone,82000.0,9840.0,0.12,72160.0,24,4649.87,0.3875,12000.0,Agri / Farmer / Fisherfolk,Living with Parents/Relatives,Married,6.0,13,0.625,0,4,2,9299.74,0.163,0.585,0,0,defaulted,29.6,8,2,2.25,0.5531,0,1,defaulted
SYNTH-03461,3,TUBOD,YAMAHA,NMAX 155,Maxi-Scooter,151900.0,45570.0,0.3,106330.0,12,11364.65,0.3359,33832.26,Employed (Private/Gov),Owned (Clean Title),Married,7.7,0,0.25,1,4,3,34093.95,0.271,0.61,0,0,defaulted,44.9,10,3,2.4,0.6148,0,0,defaulted
SYNTH-03462,1,LALA,HONDA,ADV160,Adventure Scooter,166900.0,41725.0,0.25,125175.0,12,13343.38,0.5002,26678.47,OFW Remittance / Dependent,Rented (Apartment/House),Single,1.3,1,0.25,1,1,2,26686.76,0.357,0.485,1,0,defaulted,22.7,12,3,3.02,0.5779,0,1,defaulted
SYNTH-03463,1,LALA,HONDA,CLICK 125I,Scooter,81400.0,8140.0,0.1,73260.0,24,4717.7,0.19,24832.93,Sari-Sari / Small Retail,Living with Parents/Relatives,Widowed,9.6,23,1.0,0,3,1,4717.7,0.308,0.229,1,0,delinquent,40.4,4,5,4.81,0.5,0,1,defaulted
SYNTH-03464,3,TUBOD,HONDA,TMX125 ALPHA,Backbone/Utility,57900.0,11580.0,0.2,46320.0,36,2413.07,0.0657,36729.67,OFW Remittance / Dependent,Rented (Apartment/House),Widowed,6.3,20,0.5556,3,0,0,0.0,0.045,0.848,0,0,active,47.4,9,3,3.1,0.8535,0,0,completed
SYNTH-03465,2,KAPATAGAN,HONDA,TMX125 ALPHA,Backbone/Utility,57900.0,14475.0,0.25,43425.0,36,2274.75,0.1092,20825.91,BPO / Call Center Agent,Rented (Apartment/House),Widowed,8.6,25,0.75,0,4,2,4549.5,0.433,0.463,0,0,defaulted,64.4,9,4,4.48,0.5,0,1,defaulted
SYNTH-03466,1,LALA,KAWASAKI,P24KK (BARAKO II),Backbone/Tricycle,68500.0,13700.0,0.2,54800.0,36,2818.22,0.1534,18369.35,Employed (Private/Gov),Owned (Inherited/Tax Dec),Married,2.6,8,0.25,2,2,1,2818.22,0.082,0.743,0,0,delinquent,20.4,7,6,6.16,0.6927,0,0,completed
SYNTH-03467,2,KAPATAGAN,YAMAHA,MIO GEAR 125,Scooter,79400.0,11910.0,0.15,67490.0,24,4361.88,0.2399,18179.32,Agri / Farmer / Fisherfolk,Living with Parents/Relatives,Widowed,6.0,5,0.3333,0,3,3,13085.64,0.191,0.459,0,0,defaulted,40.1,10,4,4.19,0.5139,0,1,defaulted
SYNTH-03468,3,TUBOD,YAMAHA,MIO SPORTY,Scooter,73900.0,14780.0,0.2,59120.0,12,6407.6,0.1496,42818.84,OFW Remittance / Dependent,Owned (Clean Title),Married,6.3,7,0.5833,2,0,0,0.0,0.0,0.913,0,0,active,25.7,1,3,3.18,0.8126,0,0,completed
SYNTH-03469,3,TUBOD,HONDA,CLICK 160,Scooter,122900.0,30725.0,0.25,92175.0,36,4603.92,0.1947,23643.31,Agri / Farmer / Fisherfolk,Owned (Clean Title),Married,14.4,15,0.4444,0,2,1,4603.92,0.391,0.355,0,0,delinquent,36.2,1,3,3.06,0.5,0,1,defaulted
SYNTH-03470,2,KAPATAGAN,KAWASAKI,P24KK (BARAKO II),Backbone/Tricycle,68500.0,20550.0,0.3,47950.0,12,5234.75,0.239,21904.95,Agri / Farmer / Fisherfolk,Rented (Apartment/House),Married,20.4,2,0.5,0,4,4,20939.0,0.408,0.3,0,1,defaulted,42.6,3,4,3.87,0.5,0,1,defaulted
SYNTH-03471,1,LALA,HONDA,WAVE RSX,Underbone,64900.0,6490.0,0.1,58410.0,36,2990.7,0.0889,33647.95,Employed (Private/Gov),Living with Parents/Relatives,Married,4.0,17,0.5,0,1,1,2990.7,0.041,0.727,0,0,delinquent,62.4,12,4,4.49,0.868,0,0,completed
SYNTH-03472,1,LALA,YAMAHA,AEROX 155,Sport Scooter,125400.0,15048.0,0.12,110352.0,36,5472.37,0.2453,22310.29,BPO / Call Center Agent,Rented (Apartment/House),Single,15.3,29,0.8611,0,2,2,10944.74,0.423,0.331,1,0,defaulted,33.3,10,3,2.82,0.5,0,1,defaulted
SYNTH-03473,2,KAPATAGAN,HONDA,BEAT PREMIUM,Scooter,72400.0,10860.0,0.15,61540.0,12,6661.7,0.1553,42888.36,Employed (Private/Gov),Owned (Clean Title),Married,7.1,8,0.6667,3,1,0,0.0,0.095,0.624,0,0,active,58.3,3,4,4.2,0.6818,0,0,completed
SYNTH-03474,3,TUBOD,YAMAHA,MIO GEAR 125,Scooter,79400.0,9528.0,0.12,69872.0,12,7536.56,0.2907,25922.03,Employed (Private/Gov),Rented (Apartment/House),Married,8.0,1,0.1667,1,3,1,7536.56,0.232,0.417,0,0,delinquent,36.0,4,3,3.01,0.5,0,0,defaulted
SYNTH-03475,3,TUBOD,HONDA,TMX125 ALPHA,Backbone/Utility,57900.0,6948.0,0.12,50952.0,36,2634.37,0.1346,19569.88,Tricycle / PUV Operator,Rented (Apartment/House),Married,2.2,14,0.4722,1,4,3,7903.11,0.233,0.598,0,0,defaulted,55.8,12,4,3.93,0.6979,0,1,defaulted
SYNTH-03476,1,LALA,HONDA,BEAT PREMIUM,Scooter,72400.0,18100.0,0.25,54300.0,36,2794.33,0.1524,18333.79,Agri / Farmer / Fisherfolk,Owned (Clean Title),Married,7.3,14,0.5,1,4,4,11177.32,0.445,0.329,0,0,defaulted,47.6,1,4,3.73,0.5,0,1,defaulted
SYNTH-03477,1,LALA,SUZUKI,RAIDER 150 FI,Sport Underbone,119900.0,35970.0,0.3,83930.0,36,4209.99,0.1849,22765.41,Sari-Sari / Small Retail,Owned (Inherited/Tax Dec),Single,6.5,11,0.3889,0,2,3,12629.97,0.368,0.545,0,0,defaulted,21.1,6,4,3.9,0.5,0,0,defaulted
SYNTH-03478,3,TUBOD,YAMAHA,NMAX 155,Maxi-Scooter,151900.0,37975.0,0.25,113925.0,24,7225.38,0.1881,38411.43,Public School Teacher,Rented (Apartment/House),Single,14.2,0,0.125,0,3,4,28901.52,0.443,0.576,0,0,defaulted,43.4,5,3,2.88,0.5598,0,1,defaulted
SYNTH-03479,1,LALA,YAMAHA,AEROX 155,Sport Scooter,125400.0,37620.0,0.3,87780.0,24,5613.1,0.3523,15933.05,Tricycle / PUV Operator,Living with Parents/Relatives,Single,8.7,9,0.4583,0,3,2,11226.2,0.405,0.56,0,1,defaulted,24.7,6,4,4.13,0.5264,0,1,defaulted
SYNTH-03480,2,KAPATAGAN,YAMAHA,NMAX 155,Maxi-Scooter,151900.0,30380.0,0.2,121520.0,12,12959.6,0.5526,23451.58,Tricycle / PUV Operator,Living with Parents/Relatives,Single,7.1,9,0.8333,0,4,1,12959.6,0.275,0.318,1,0,delinquent,20.1,10,4,3.76,0.5,0,1,defaulted
SYNTH-03481,2,KAPATAGAN,HONDA,WAVE RSX,Underbone,64900.0,6490.0,0.1,58410.0,24,3801.95,0.1117,34023.49,Tricycle / PUV Operator,Rented (Apartment/House),Married,9.7,5,0.3333,0,3,3,11405.85,0.265,0.228,0,1,defaulted,32.5,5,3,2.6,0.5,0,1,defaulted
SYNTH-03482,2,KAPATAGAN,HONDA,BEAT PREMIUM,Scooter,72400.0,7240.0,0.1,65160.0,12,7041.8,0.3564,19756.18,Sari-Sari / Small Retail,Owned (Clean Title),Married,3.4,0,0.0833,1,2,2,14083.6,0.217,0.607,1,0,defaulted,47.6,8,4,3.87,0.593,0,0,defaulted
SYNTH-03483,3,TUBOD,YAMAHA,SNIPER 155,Sport Underbone,123900.0,30975.0,0.25,92925.0,36,4639.75,0.1476,31434.07,Public School Teacher,Owned (Clean Title),Married,8.6,2,0.0556,1,0,0,0.0,0.0,0.954,0,0,active,43.1,4,2,1.87,0.9963,0,0,completed
SYNTH-03484,2,KAPATAGAN,HONDA,WAVE RSX,Underbone,64900.0,9735.0,0.15,55165.0,12,5992.32,0.1615,37107.49,Public School Teacher,Owned (Inherited/Tax Dec),Widowed,3.3,10,0.9167,2,2,1,5992.32,0.052,0.755,0,0,delinquent,44.6,12,4,4.17,0.8306,0,0,completed
SYNTH-03485,2,KAPATAGAN,HONDA,BEAT PREMIUM,Scooter,72400.0,10860.0,0.15,61540.0,24,3994.97,0.2106,18971.3,Sari-Sari / Small Retail,Living with Parents/Relatives,Widowed,3.8,22,1.0,0,2,2,7989.94,0.224,0.269,0,0,defaulted,19.3,4,6,5.72,0.5,0,1,defaulted
SYNTH-03486,1,LALA,HONDA,CLICK 125I,Scooter,81400.0,20350.0,0.25,61050.0,36,3116.83,0.0947,32925.15,Sari-Sari / Small Retail,Living with Parents/Relatives,Single,4.5,29,0.9167,0,4,4,12467.32,0.258,0.277,0,1,defaulted,14.0,1,5,5.14,0.5,0,0,defaulted
SYNTH-03487,3,TUBOD,SUZUKI,BURGMAN STREET 125,Maxi-Scooter,83400.0,20850.0,0.25,62550.0,36,3188.5,0.0799,39917.9,OFW Remittance / Dependent,Rented (Apartment/House),Married,12.2,16,0.4444,3,2,0,0.0,0.076,0.838,1,0,active,34.7,9,3,2.86,0.8736,0,0,completed
SYNTH-03488,2,KAPATAGAN,YAMAHA,MIO GEAR 125,Scooter,79400.0,23820.0,0.3,55580.0,36,2855.49,0.1502,19014.9,Tricycle / PUV Operator,Living with Parents/Relatives,Widowed,1.5,0,0.0556,0,3,3,8566.47,0.401,0.293,0,1,defaulted,65.0,12,4,4.32,0.5,0,1,defaulted
SYNTH-03489,2,KAPATAGAN,YAMAHA,AEROX 155,Sport Scooter,125400.0,31350.0,0.25,94050.0,24,5999.75,0.2124,28245.37,Employed (Private/Gov),Owned (Inherited/Tax Dec),Married,13.0,20,0.875,3,1,1,5999.75,0.106,0.756,0,0,delinquent,50.8,1,3,3.16,0.6429,0,1,defaulted
SYNTH-03490,3,TUBOD,HONDA,BEAT PREMIUM,Scooter,72400.0,21720.0,0.3,50680.0,36,2621.38,0.0909,28853.73,Employed (Private/Gov),Rented (Apartment/House),Married,2.4,5,0.25,0,3,4,10485.52,0.44,0.589,0,0,defaulted,51.2,8,3,2.46,0.5773,0,1,defaulted
SYNTH-03491,2,KAPATAGAN,HONDA,WAVE RSX,Underbone,64900.0,16225.0,0.25,48675.0,36,2525.58,0.1374,18376.36,Sari-Sari / Small Retail,Owned (Clean Title),Widowed,13.2,17,0.4722,3,1,0,0.0,0.048,0.703,0,0,active,34.1,5,3,2.95,0.7176,0,1,defaulted
SYNTH-03492,2,KAPATAGAN,HONDA,CLICK 125I,Scooter,81400.0,20350.0,0.25,61050.0,24,3964.75,0.133,29806.5,Tricycle / PUV Operator,Rented (Apartment/House),Married,2.0,15,0.6667,0,1,1,3964.75,0.342,0.531,1,1,delinquent,51.0,7,4,3.95,0.5254,0,1,defaulted
SYNTH-03493,2,KAPATAGAN,HONDA,TMX125 ALPHA,Backbone/Utility,57900.0,17370.0,0.3,40530.0,24,2699.35,0.116,23268.26,Sari-Sari / Small Retail,Owned (Clean Title),Widowed,3.0,8,0.375,0,4,1,2699.35,0.26,0.46,0,0,delinquent,13.8,11,6,5.67,0.521,0,1,defaulted
SYNTH-03494,2,KAPATAGAN,KAWASAKI,CT100B,Backbone/Utility,54000.0,13500.0,0.25,40500.0,24,2697.5,0.086,31351.95,BPO / Call Center Agent,Owned (Clean Title),Single,10.4,8,0.3333,6,0,0,0.0,0.0,0.872,0,0,active,53.3,6,3,2.64,0.7862,1,0,early_settled
SYNTH-03495,2,KAPATAGAN,YAMAHA,MIO GEAR 125,Scooter,79400.0,23820.0,0.3,55580.0,12,6035.9,0.1829,32999.63,Public School Teacher,Owned (Clean Title),Married,10.6,4,0.3333,0,2,0,0.0,0.008,0.826,1,0,active,14.6,11,6,5.67,0.9482,0,0,completed
SYNTH-03496,3,TUBOD,KAWASAKI,P24KK (BARAKO II),Backbone/Tricycle,68500.0,17125.0,0.25,51375.0,12,5594.38,0.1326,42192.99,Public School Teacher,Owned (Clean Title),Married,3.9,0,0.0833,0,1,1,5594.38,0.11,0.67,1,0,delinquent,48.6,7,3,3.38,0.6578,0,0,completed
SYNTH-03497,3,TUBOD,KAWASAKI,CT100B,Backbone/Utility,54000.0,8100.0,0.15,45900.0,12,5019.5,0.1099,45664.48,Public School Teacher,Owned (Clean Title),Widowed,5.3,3,0.25,3,0,0,0.0,0.0,0.961,0,0,active,22.6,11,4,4.03,1.1,0,0,completed
SYNTH-03498,1,LALA,HONDA,ADV160,Adventure Scooter,166900.0,25035.0,0.15,141865.0,12,15095.82,0.4287,35211.94,BPO / Call Center Agent,Rented (Apartment/House),Married,11.7,4,0.5833,1,3,3,45287.46,0.445,0.633,0,1,defaulted,46.7,7,2,1.89,0.6112,0,1,defaulted
SYNTH-03499,1,LALA,YAMAHA,NMAX 155,Maxi-Scooter,151900.0,37975.0,0.25,113925.0,36,5643.08,0.2106,26790.94,BPO / Call Center Agent,Owned (Inherited/Tax Dec),Widowed,12.8,34,0.9722,1,0,1,5643.08,0.011,0.626,0,0,delinquent,37.9,1,3,3.24,0.5524,0,1,defaulted
SYNTH-03500,2,KAPATAGAN,HONDA,TMX125 ALPHA,Backbone/Utility,57900.0,14475.0,0.25,43425.0,24,2877.88,0.2135,13477.02,Agri / Farmer / Fisherfolk,Owned (Clean Title),Married,8.7,23,1.0,0,1,1,2877.88,0.269,0.258,0,0,delinquent,64.2,5,4,4.0,0.5,0,1,defaulted
