transition_id,current_state,term_months,term_progress_ratio,dti_ratio,on_time_reliability,overdue_count,rebate_streak,partial_payment_ratio,total_arrears,ci_negative_flags,has_phone_bounce,length_of_stay_years,dependents_count,employment_type,residential_ownership,season_month,label_active_to_delinquent,label_delinquent_to_default,label_delinquent_to_cured
MRK-00001,active,24,0.536,0.3261,0.649,1,0,0.069,4216.12,0,0,6.1,1,Tricycle / PUV Operator,Living with Parents/Relatives,10,1,0,0
MRK-00002,active,36,0.128,0.2135,0.852,0,1,0.036,0.0,0,0,1.7,1,Public School Teacher,Owned (Clean Title),10,0,0,0
MRK-00003,active,36,0.55,0.4944,0.391,1,1,0.208,3740.99,0,0,2.8,2,Sari-Sari / Small Retail,Rented (Apartment/House),10,1,0,0
MRK-00004,active,12,0.362,0.446,0.94,0,9,0.003,0.0,0,0,3.8,0,BPO / Call Center Agent,Living with Parents/Relatives,7,0,0,0
MRK-00005,active,24,0.509,0.2035,0.844,0,1,0.01,0.0,0,0,1.8,1,Sari-Sari / Small Retail,Rented (Apartment/House),7,0,0,0
MRK-00006,active,36,0.054,0.3173,0.972,0,5,0.004,0.0,0,0,2.8,2,Sari-Sari / Small Retail,Owned (Clean Title),5,0,0,0
MRK-00007,active,36,0.792,0.1581,0.982,0,4,0.002,0.0,0,0,9.7,2,Tricycle / PUV Operator,Owned (Clean Title),5,0,0,0
MRK-00008,active,24,0.525,0.23,0.779,0,3,0.059,0.0,0,0,9.9,1,OFW Remittance / Dependent,Rented (Apartment/House),1,0,0,0
MRK-00009,active,24,0.13,0.3716,0.991,0,8,0.013,0.0,0,0,2.4,2,Sari-Sari / Small Retail,Rented (Apartment/House),3,0,0,0
MRK-00010,active,12,0.172,0.6798,0.906,0,4,0.013,0.0,0,0,2.5,0,Tricycle / PUV Operator,Rented (Apartment/House),3,0,0,0
MRK-00011,active,24,0.068,0.0985,0.883,0,2,0.023,0.0,0,0,1.5,3,OFW Remittance / Dependent,Owned (Inherited/Tax Dec),4,0,0,0
MRK-00012,active,12,0.651,0.8,0.806,0,1,0.041,0.0,1,0,5.7,4,Agri / Farmer / Fisherfolk,Owned (Clean Title),12,0,0,0
MRK-00013,active,12,0.448,0.3885,0.837,0,3,0.043,0.0,0,0,8.8,1,Employed (Private/Gov),Owned (Inherited/Tax Dec),10,0,0,0
MRK-00014,active,36,0.062,0.2041,0.811,0,0,0.055,0.0,1,0,9.3,3,Employed (Private/Gov),Owned (Clean Title),10,0,0,0
MRK-00015,active,12,0.521,0.5779,0.812,1,2,0.058,8502.23,0,0,5.6,2,Agri / Farmer / Fisherfolk,Owned (Clean Title),11,0,0,0
MRK-00016,active,36,0.542,0.2897,0.455,1,1,0.12,2801.46,1,0,18.7,0,Employed (Private/Gov),Owned (Clean Title),9,1,0,0
MRK-00017,active,36,0.241,0.2366,0.995,0,7,0.005,0.0,0,0,6.4,2,Public School Teacher,Rented (Apartment/House),11,1,0,0
MRK-00018,active,36,0.073,0.0929,0.83,0,5,0.004,0.0,0,0,5.8,1,Employed (Private/Gov),Owned (Clean Title),10,0,0,0
MRK-00019,active,24,0.075,0.5354,0.339,1,0,0.23,7177.5,0,0,7.9,0,Sari-Sari / Small Retail,Rented (Apartment/House),8,1,0,0
MRK-00020,active,24,0.447,0.3788,0.788,1,0,0.077,6182.79,0,0,8.3,3,Public School Teacher,Living with Parents/Relatives,8,0,0,0
MRK-00021,active,24,0.653,0.5318,0.914,0,4,0.006,0.0,0,0,11.0,2,Employed (Private/Gov),Living with Parents/Relatives,2,0,0,0
MRK-00022,active,12,0.624,0.5456,0.453,1,0,0.177,10465.91,0,0,11.4,1,Public School Teacher,Owned (Inherited/Tax Dec),9,1,0,0
MRK-00023,active,36,0.472,0.1591,0.938,0,4,0.004,0.0,0,0,12.2,2,Employed (Private/Gov),Owned (Clean Title),6,0,0,0
MRK-00024,active,24,0.801,0.0821,0.917,0,5,0.016,0.0,0,0,6.8,1,Public School Teacher,Living with Parents/Relatives,6,0,0,0
MRK-00025,active,12,0.192,0.2104,0.906,0,4,0.052,0.0,0,0,12.0,3,Public School Teacher,Rented (Apartment/House),9,0,0,0
MRK-00026,active,36,0.536,0.2159,0.745,0,3,0.055,0.0,1,0,6.5,0,BPO / Call Center Agent,Living with Parents/Relatives,7,0,0,0
MRK-00027,active,24,0.746,0.4673,0.774,0,0,0.076,0.0,0,0,4.3,2,Employed (Private/Gov),Owned (Inherited/Tax Dec),3,0,0,0
MRK-00028,active,36,0.12,0.05,0.934,0,6,0.007,0.0,0,0,11.7,1,OFW Remittance / Dependent,Owned (Inherited/Tax Dec),2,0,0,0
MRK-00029,active,24,0.81,0.2895,0.744,0,0,0.076,0.0,1,0,3.6,0,Sari-Sari / Small Retail,Living with Parents/Relatives,9,0,0,0
MRK-00030,active,36,0.204,0.159,0.949,0,3,0.016,0.0,0,0,16.0,0,Employed (Private/Gov),Rented (Apartment/House),3,0,0,0
MRK-00031,active,36,0.69,0.2401,0.814,0,3,0.073,0.0,0,0,6.5,1,Public School Teacher,Rented (Apartment/House),10,0,0,0
MRK-00032,active,36,0.653,0.229,0.699,0,2,0.058,0.0,0,0,2.7,0,BPO / Call Center Agent,Owned (Clean Title),7,1,0,0
MRK-00033,active,24,0.102,0.2511,0.826,0,1,0.059,0.0,0,0,3.9,1,Public School Teacher,Rented (Apartment/House),2,0,0,0
MRK-00034,active,24,0.437,0.1906,0.943,0,8,0.008,0.0,0,0,4.5,3,OFW Remittance / Dependent,Owned (Clean Title),3,1,0,0
MRK-00035,active,12,0.811,0.3097,0.89,0,4,0.006,0.0,0,0,9.6,0,Agri / Farmer / Fisherfolk,Rented (Apartment/House),1,0,0,0
MRK-00036,active,36,0.114,0.2219,0.893,0,3,0.02,0.0,0,0,6.3,3,Employed (Private/Gov),Owned (Inherited/Tax Dec),12,1,0,0
MRK-00037,active,36,0.626,0.1404,0.894,0,6,0.02,0.0,0,0,9.3,3,Agri / Farmer / Fisherfolk,Owned (Inherited/Tax Dec),4,0,0,0
MRK-00038,active,12,0.805,0.5552,0.722,0,1,0.079,0.0,0,0,3.4,1,OFW Remittance / Dependent,Rented (Apartment/House),8,0,0,0
MRK-00039,active,24,0.606,0.3116,0.748,1,2,0.072,3383.26,0,0,3.1,0,OFW Remittance / Dependent,Living with Parents/Relatives,10,0,0,0
MRK-00040,active,12,0.904,0.8,0.556,1,2,0.093,12524.46,0,0,9.4,1,Tricycle / PUV Operator,Living with Parents/Relatives,5,0,0,0
MRK-00041,active,12,0.504,0.4333,0.654,0,1,0.083,0.0,0,0,2.6,1,Employed (Private/Gov),Owned (Clean Title),6,0,0,0
MRK-00042,active,12,0.798,0.517,0.92,0,8,0.023,0.0,0,0,1.8,3,OFW Remittance / Dependent,Owned (Inherited/Tax Dec),6,0,0,0
MRK-00043,active,24,0.949,0.0785,0.838,0,4,0.037,0.0,0,0,10.1,3,Employed (Private/Gov),Rented (Apartment/House),3,0,0,0
MRK-00044,active,12,0.37,0.3902,0.71,0,2,0.089,0.0,0,0,4.7,1,Public School Teacher,Living with Parents/Relatives,1,0,0,0
MRK-00045,active,12,0.646,0.3571,0.693,1,0,0.124,6405.69,0,0,2.8,0,Sari-Sari / Small Retail,Owned (Inherited/Tax Dec),7,1,0,0
MRK-00046,active,24,0.809,0.4415,0.519,1,0,0.082,4879.51,0,0,2.7,2,Tricycle / PUV Operator,Owned (Clean Title),6,1,0,0
MRK-00047,active,36,0.828,0.2667,0.788,0,2,0.074,0.0,0,0,2.6,3,BPO / Call Center Agent,Owned (Clean Title),4,0,0,0
MRK-00048,active,36,0.439,0.1008,0.96,0,5,0.022,0.0,0,0,6.2,1,OFW Remittance / Dependent,Rented (Apartment/House),4,0,0,0
MRK-00049,active,36,0.89,0.2787,0.815,0,1,0.029,0.0,0,0,5.3,3,Agri / Farmer / Fisherfolk,Owned (Inherited/Tax Dec),6,0,0,0
MRK-00050,active,24,0.919,0.5192,0.775,0,0,0.041,0.0,0,0,1.7,3,Employed (Private/Gov),Living with Parents/Relatives,8,0,0,0
MRK-00051,active,12,0.109,0.3898,0.603,1,0,0.179,8309.98,0,0,8.7,2,Public School Teacher,Living with Parents/Relatives,9,1,0,0
MRK-00052,active,36,0.107,0.3117,0.746,0,3,0.062,0.0,0,0,2.0,2,Agri / Farmer / Fisherfolk,Rented (Apartment/House),1,0,0,0
MRK-00053,active,36,0.2,0.4164,0.782,0,4,0.041,0.0,0,0,3.1,0,Tricycle / PUV Operator,Living with Parents/Relatives,9,1,0,0
MRK-00054,active,24,0.866,0.1638,0.847,0,2,0.028,0.0,0,0,9.7,2,Sari-Sari / Small Retail,Owned (Clean Title),1,0,0,0
MRK-00055,active,12,0.682,0.3919,0.487,1,1,0.099,8344.59,0,0,13.2,3,Public School Teacher,Living with Parents/Relatives,2,1,0,0
MRK-00056,active,24,0.889,0.4067,0.786,1,2,0.088,8314.44,0,0,7.9,0,OFW Remittance / Dependent,Owned (Clean Title),9,0,0,0
MRK-00057,active,24,0.691,0.5765,0.564,1,2,0.166,6381.94,0,0,8.2,2,Tricycle / PUV Operator,Rented (Apartment/House),9,1,0,0
MRK-00058,active,24,0.52,0.2866,0.864,0,5,0.003,0.0,0,0,9.5,1,OFW Remittance / Dependent,Rented (Apartment/House),6,0,0,0
MRK-00059,active,24,0.076,0.1518,0.841,0,2,0.021,0.0,0,0,2.2,2,BPO / Call Center Agent,Rented (Apartment/House),4,0,0,0
MRK-00060,active,36,0.552,0.1327,0.913,0,9,0.01,0.0,0,0,6.7,2,Sari-Sari / Small Retail,Living with Parents/Relatives,7,0,0,0
MRK-00061,active,24,0.103,0.312,0.913,0,1,0.01,0.0,0,0,5.3,0,Agri / Farmer / Fisherfolk,Owned (Clean Title),4,0,0,0
MRK-00062,active,24,0.885,0.4695,0.797,1,0,0.088,7592.0,0,0,11.0,1,Agri / Farmer / Fisherfolk,Owned (Inherited/Tax Dec),4,0,0,0
MRK-00063,active,12,0.253,0.4684,0.858,0,3,0.002,0.0,0,0,9.0,4,Agri / Farmer / Fisherfolk,Living with Parents/Relatives,10,0,0,0
MRK-00064,active,36,0.778,0.3521,0.579,1,1,0.109,5604.51,0,0,10.2,2,Agri / Farmer / Fisherfolk,Rented (Apartment/House),11,1,0,0
MRK-00065,active,12,0.923,0.3801,0.988,0,9,0.026,0.0,0,0,3.5,1,BPO / Call Center Agent,Owned (Inherited/Tax Dec),8,0,0,0
MRK-00066,active,24,0.423,0.5546,0.856,0,4,0.013,0.0,0,0,9.3,0,Sari-Sari / Small Retail,Owned (Clean Title),3,0,0,0
MRK-00067,active,36,0.172,0.5335,0.804,1,1,0.039,5817.47,0,0,7.1,4,Agri / Farmer / Fisherfolk,Owned (Clean Title),1,0,0,0
MRK-00068,active,36,0.299,0.0895,0.923,0,5,0.009,0.0,0,0,17.1,1,OFW Remittance / Dependent,Rented (Apartment/House),3,0,0,0
MRK-00069,active,36,0.7,0.0808,0.945,0,7,0.001,0.0,0,1,9.8,1,Sari-Sari / Small Retail,Rented (Apartment/House),6,1,0,0
MRK-00070,active,24,0.947,0.1076,0.826,0,1,0.044,0.0,0,0,7.1,1,BPO / Call Center Agent,Owned (Inherited/Tax Dec),6,0,0,0
MRK-00071,active,36,0.782,0.3519,0.83,0,4,0.034,0.0,1,0,4.1,1,Sari-Sari / Small Retail,Rented (Apartment/House),5,0,0,0
MRK-00072,active,36,0.725,0.3694,0.319,1,0,0.267,4861.86,1,0,10.6,0,Employed (Private/Gov),Living with Parents/Relatives,9,1,0,0
MRK-00073,active,12,0.567,0.2901,0.82,0,1,0.042,0.0,0,0,8.3,0,BPO / Call Center Agent,Owned (Clean Title),2,0,0,0
MRK-00074,active,24,0.163,0.1576,0.886,0,3,0.003,0.0,0,0,15.0,2,Employed (Private/Gov),Rented (Apartment/House),6,0,0,0
MRK-00075,active,36,0.342,0.0987,0.961,0,7,0.016,0.0,0,0,9.7,2,Employed (Private/Gov),Owned (Clean Title),8,0,0,0
MRK-00076,active,24,0.677,0.1424,0.951,0,7,0.016,0.0,0,0,10.1,3,Sari-Sari / Small Retail,Owned (Inherited/Tax Dec),10,0,0,0
MRK-00077,active,24,0.769,0.3013,0.486,1,0,0.276,3535.36,0,0,6.9,2,OFW Remittance / Dependent,Owned (Clean Title),3,1,0,0
MRK-00078,active,24,0.868,0.3017,0.808,0,5,0.048,0.0,0,0,6.5,1,OFW Remittance / Dependent,Owned (Inherited/Tax Dec),1,0,0,0
MRK-00079,active,36,0.853,0.2048,0.812,0,5,0.059,0.0,0,0,9.5,1,OFW Remittance / Dependent,Owned (Inherited/Tax Dec),4,0,0,0
MRK-00080,active,12,0.207,0.4604,0.783,0,1,0.018,0.0,0,0,5.5,4,Sari-Sari / Small Retail,Owned (Inherited/Tax Dec),9,0,0,0
MRK-00081,active,36,0.301,0.1909,0.912,0,3,0.056,0.0,0,0,3.4,0,Agri / Farmer / Fisherfolk,Owned (Clean Title),7,0,0,0
MRK-00082,active,36,0.485,0.4137,0.359,1,1,0.089,2781.24,1,1,11.2,4,Sari-Sari / Small Retail,Rented (Apartment/House),5,1,0,0
MRK-00083,active,24,0.185,0.1577,0.819,0,2,0.035,0.0,1,0,8.5,2,Sari-Sari / Small Retail,Owned (Clean Title),6,0,0,0
MRK-00084,active,12,0.479,0.2599,0.789,0,3,0.047,0.0,0,0,4.3,1,Public School Teacher,Rented (Apartment/House),12,0,0,0
MRK-00085,active,36,0.637,0.1374,0.883,0,1,0.04,0.0,0,0,10.9,2,OFW Remittance / Dependent,Owned (Inherited/Tax Dec),2,0,0,0
MRK-00086,active,12,0.426,0.6102,0.913,0,1,0.035,0.0,0,0,16.0,0,Sari-Sari / Small Retail,Rented (Apartment/House),9,0,0,0
MRK-00087,active,24,0.246,0.3899,0.385,1,1,0.22,5674.57,0,0,3.6,1,OFW Remittance / Dependent,Living with Parents/Relatives,7,1,0,0
MRK-00088,active,36,0.503,0.0846,0.941,0,9,0.029,0.0,0,0,19.7,2,Agri / Farmer / Fisherfolk,Owned (Inherited/Tax Dec),9,0,0,0
MRK-00089,active,24,0.667,0.1124,0.914,0,4,0.016,0.0,0,0,11.0,0,Tricycle / PUV Operator,Owned (Clean Title),4,0,0,0
MRK-00090,active,12,0.092,0.4504,0.854,0,5,0.05,0.0,0,0,4.5,2,Agri / Farmer / Fisherfolk,Owned (Inherited/Tax Dec),4,0,0,0
MRK-00091,active,12,0.327,0.4366,0.656,0,1,0.042,0.0,0,0,3.2,0,Agri / Farmer / Fisherfolk,Living with Parents/Relatives,3,0,0,0
MRK-00092,active,36,0.404,0.2281,0.99,0,5,0.007,0.0,0,0,9.2,0,Public School Teacher,Owned (Inherited/Tax Dec),12,0,0,0
MRK-00093,active,24,0.546,0.2568,0.952,0,10,0.004,0.0,0,0,13.2,1,Sari-Sari / Small Retail,Living with Parents/Relatives,9,0,0,0
MRK-00094,active,36,0.813,0.1008,0.991,0,7,0.011,0.0,0,0,9.8,1,Tricycle / PUV Operator,Owned (Clean Title),4,0,0,0
MRK-00095,active,36,0.421,0.2069,0.85,0,2,0.052,0.0,0,0,10.4,4,Agri / Farmer / Fisherfolk,Rented (Apartment/House),1,0,0,0
MRK-00096,active,24,0.755,0.0912,0.962,0,9,0.012,0.0,0,0,5.4,1,BPO / Call Center Agent,Rented (Apartment/House),11,0,0,0
MRK-00097,active,24,0.517,0.2583,0.903,0,3,0.023,0.0,0,0,10.3,1,Employed (Private/Gov),Living with Parents/Relatives,4,0,0,0
MRK-00098,active,24,0.713,0.1699,0.974,0,10,0.001,0.0,0,0,3.9,1,Public School Teacher,Living with Parents/Relatives,3,0,0,0
MRK-00099,active,36,0.466,0.3012,0.494,1,0,0.073,6169.72,0,0,4.6,2,Public School Teacher,Owned (Inherited/Tax Dec),12,1,0,0
MRK-00100,active,24,0.779,0.05,0.991,0,8,0.026,0.0,0,0,6.5,1,Employed (Private/Gov),Owned (Clean Title),11,0,0,0
MRK-00101,active,12,0.333,0.3523,0.951,0,10,0.014,0.0,0,0,22.5,1,OFW Remittance / Dependent,Owned (Clean Title),2,0,0,0
MRK-00102,active,12,0.774,0.8,0.921,0,5,0.024,0.0,0,0,4.3,0,Agri / Farmer / Fisherfolk,Owned (Clean Title),11,0,0,0
MRK-00103,active,24,0.174,0.3835,0.45,1,0,0.212,3321.3,0,0,7.2,2,Tricycle / PUV Operator,Owned (Inherited/Tax Dec),2,1,0,0
MRK-00104,active,36,0.293,0.2042,0.708,1,2,0.031,3740.55,0,0,9.2,2,Agri / Farmer / Fisherfolk,Rented (Apartment/House),12,0,0,0
MRK-00105,active,36,0.413,0.2789,0.652,1,3,0.1,5988.52,0,0,6.8,1,Employed (Private/Gov),Owned (Clean Title),11,0,0,0
MRK-00106,active,12,0.723,0.4678,0.669,1,1,0.161,10993.0,1,0,5.4,3,Public School Teacher,Owned (Clean Title),6,1,0,0
MRK-00107,active,24,0.232,0.3115,0.745,0,1,0.045,0.0,0,0,13.4,2,Employed (Private/Gov),Owned (Inherited/Tax Dec),1,0,0,0
MRK-00108,active,12,0.548,0.2273,0.743,1,3,0.026,6140.92,1,0,6.2,2,OFW Remittance / Dependent,Rented (Apartment/House),8,0,0,0
MRK-00109,active,24,0.417,0.4102,0.87,0,3,0.059,0.0,0,0,6.1,2,Agri / Farmer / Fisherfolk,Rented (Apartment/House),4,0,0,0
MRK-00110,active,24,0.33,0.051,0.986,0,4,0.012,0.0,0,0,11.5,1,BPO / Call Center Agent,Rented (Apartment/House),7,0,0,0
MRK-00111,active,24,0.146,0.3979,0.567,1,0,0.18,6103.37,0,0,2.3,2,Public School Teacher,Owned (Inherited/Tax Dec),11,1,0,0
MRK-00112,active,24,0.146,0.1941,0.984,0,8,0.013,0.0,0,0,11.5,1,BPO / Call Center Agent,Owned (Inherited/Tax Dec),12,0,0,0
MRK-00113,active,24,0.689,0.5031,0.665,0,1,0.084,0.0,0,0,4.6,2,Public School Teacher,Owned (Clean Title),10,0,0,0
MRK-00114,active,12,0.821,0.8,0.805,1,1,0.062,11908.79,0,0,11.7,1,Agri / Farmer / Fisherfolk,Owned (Inherited/Tax Dec),2,0,0,0
MRK-00115,active,36,0.404,0.1379,0.84,0,5,0.03,0.0,0,0,5.2,2,Sari-Sari / Small Retail,Owned (Clean Title),3,0,0,0
MRK-00116,active,12,0.941,0.3655,0.697,1,1,0.065,7515.41,0,0,11.7,1,OFW Remittance / Dependent,Owned (Clean Title),6,1,0,0
MRK-00117,active,36,0.343,0.1681,0.604,1,1,0.142,2243.69,0,0,7.8,1,OFW Remittance / Dependent,Owned (Inherited/Tax Dec),6,1,0,0
MRK-00118,active,24,0.653,0.2178,0.893,0,4,0.053,0.0,0,0,3.4,0,Sari-Sari / Small Retail,Owned (Clean Title),5,0,0,0
MRK-00119,active,36,0.115,0.1374,0.808,1,0,0.035,2211.43,0,0,19.6,1,BPO / Call Center Agent,Living with Parents/Relatives,1,0,0,0
MRK-00120,active,36,0.587,0.4144,0.324,1,1,0.14,5659.32,0,0,4.6,3,BPO / Call Center Agent,Owned (Clean Title),10,1,0,0
MRK-00121,active,24,0.805,0.1578,0.819,0,1,0.005,0.0,0,0,1.8,2,Sari-Sari / Small Retail,Owned (Inherited/Tax Dec),12,0,0,0
MRK-00122,active,12,0.517,0.5664,0.932,0,3,0.027,0.0,0,0,11.6,3,Public School Teacher,Owned (Inherited/Tax Dec),2,0,0,0
MRK-00123,active,24,0.179,0.2279,0.588,1,1,0.106,2796.21,0,0,4.5,1,Employed (Private/Gov),Owned (Inherited/Tax Dec),6,1,0,0
MRK-00124,active,24,0.06,0.1551,0.759,0,2,0.063,0.0,0,0,14.4,4,Public School Teacher,Owned (Clean Title),3,0,0,0
MRK-00125,active,36,0.623,0.272,0.731,1,2,0.05,4391.25,0,0,15.7,2,OFW Remittance / Dependent,Living with Parents/Relatives,3,0,0,0
MRK-00126,active,36,0.332,0.3236,0.754,1,3,0.023,3255.36,0,0,5.4,2,Sari-Sari / Small Retail,Owned (Clean Title),5,0,0,0
MRK-00127,active,36,0.189,0.3171,0.597,1,0,0.132,5792.38,0,0,5.2,0,Public School Teacher,Owned (Inherited/Tax Dec),7,1,0,0
MRK-00128,active,12,0.757,0.3023,0.79,0,4,0.059,0.0,0,0,6.2,1,Public School Teacher,Owned (Clean Title),11,0,0,0
MRK-00129,active,24,0.888,0.3597,0.554,1,1,0.142,5168.96,0,0,14.1,2,Public School Teacher,Living with Parents/Relatives,2,1,0,0
MRK-00130,active,24,0.565,0.0565,0.898,0,3,0.009,0.0,0,0,9.1,1,Employed (Private/Gov),Rented (Apartment/House),9,0,0,0
MRK-00131,active,24,0.417,0.3921,0.758,0,3,0.086,0.0,0,0,20.0,1,Employed (Private/Gov),Owned (Inherited/Tax Dec),10,0,0,0
MRK-00132,active,36,0.789,0.3972,0.549,1,0,0.294,5816.23,0,0,3.8,0,OFW Remittance / Dependent,Owned (Clean Title),12,1,0,0
MRK-00133,active,24,0.149,0.146,0.998,0,6,0.006,0.0,0,0,3.9,0,OFW Remittance / Dependent,Rented (Apartment/House),6,0,0,0
MRK-00134,active,24,0.142,0.4161,0.652,0,1,0.097,0.0,0,0,5.2,1,Employed (Private/Gov),Owned (Clean Title),11,0,0,0
MRK-00135,active,24,0.335,0.5731,0.658,0,2,0.078,0.0,0,0,14.7,3,Tricycle / PUV Operator,Owned (Inherited/Tax Dec),4,0,0,0
MRK-00136,active,36,0.228,0.2473,0.634,1,1,0.132,4356.88,0,0,14.5,0,OFW Remittance / Dependent,Owned (Inherited/Tax Dec),9,1,0,0
MRK-00137,active,12,0.805,0.6871,0.523,1,0,0.059,10422.22,0,0,14.8,1,Agri / Farmer / Fisherfolk,Owned (Clean Title),4,1,0,0
MRK-00138,active,12,0.744,0.4652,0.883,0,5,0.051,0.0,0,0,4.0,1,Tricycle / PUV Operator,Living with Parents/Relatives,2,0,0,0
MRK-00139,active,36,0.818,0.3085,0.597,1,0,0.09,3349.61,0,0,16.0,1,Tricycle / PUV Operator,Owned (Clean Title),2,1,0,0
MRK-00140,active,24,0.496,0.1351,0.902,0,6,0.024,0.0,0,0,9.0,2,Tricycle / PUV Operator,Rented (Apartment/House),3,0,0,0
MRK-00141,active,12,0.509,0.3966,0.822,0,2,0.052,0.0,0,0,10.2,0,Employed (Private/Gov),Owned (Clean Title),3,0,0,0
MRK-00142,active,12,0.644,0.2795,0.895,0,1,0.032,0.0,0,0,8.7,1,BPO / Call Center Agent,Living with Parents/Relatives,6,0,0,0
MRK-00143,active,24,0.435,0.0848,0.944,0,6,0.017,0.0,0,0,4.9,2,Employed (Private/Gov),Owned (Clean Title),8,0,0,0
MRK-00144,active,36,0.309,0.3592,0.46,1,0,0.151,4571.73,1,0,6.7,0,Tricycle / PUV Operator,Owned (Inherited/Tax Dec),4,1,0,0
MRK-00145,active,12,0.263,0.5676,0.8,0,2,0.005,0.0,0,0,8.3,2,OFW Remittance / Dependent,Owned (Clean Title),3,0,0,0
MRK-00146,active,12,0.272,0.1949,0.985,0,5,0.023,0.0,0,0,10.8,1,Tricycle / PUV Operator,Owned (Clean Title),6,0,0,0
MRK-00147,active,12,0.768,0.3553,0.883,0,10,0.003,0.0,0,0,15.1,1,Public School Teacher,Rented (Apartment/House),7,0,0,0
MRK-00148,active,24,0.174,0.2231,0.809,0,3,0.069,0.0,1,0,9.5,0,OFW Remittance / Dependent,Owned (Clean Title),6,0,0,0
MRK-00149,active,36,0.625,0.245,0.729,1,2,0.06,2981.34,0,0,3.4,3,Agri / Farmer / Fisherfolk,Owned (Inherited/Tax Dec),9,0,0,0
MRK-00150,active,12,0.223,0.5109,0.635,1,1,0.067,8808.8,0,0,1.7,0,Employed (Private/Gov),Living with Parents/Relatives,9,1,0,0
MRK-00151,active,12,0.939,0.4028,0.687,1,1,0.133,10197.92,0,1,4.1,0,Employed (Private/Gov),Living with Parents/Relatives,4,1,0,0
MRK-00152,active,12,0.096,0.3641,0.775,1,2,0.027,7162.06,0,0,10.9,2,Tricycle / PUV Operator,Rented (Apartment/House),6,0,0,0
MRK-00153,active,12,0.245,0.8,0.842,0,3,0.056,0.0,0,0,1.0,4,Sari-Sari / Small Retail,Owned (Inherited/Tax Dec),11,0,0,0
MRK-00154,active,12,0.386,0.1965,0.913,0,10,0.013,0.0,0,0,6.7,0,OFW Remittance / Dependent,Owned (Inherited/Tax Dec),4,0,0,0
MRK-00155,active,24,0.558,0.1384,0.883,0,7,0.022,0.0,0,0,5.2,1,Public School Teacher,Owned (Clean Title),2,0,0,0
MRK-00156,active,24,0.16,0.0974,0.908,0,6,0.001,0.0,0,0,4.7,1,Sari-Sari / Small Retail,Owned (Inherited/Tax Dec),8,0,0,0
MRK-00157,active,24,0.653,0.1615,0.903,0,1,0.026,0.0,0,0,7.8,1,OFW Remittance / Dependent,Owned (Inherited/Tax Dec),11,0,0,0
MRK-00158,active,36,0.659,0.2099,0.962,0,4,0.027,0.0,0,0,8.0,4,Agri / Farmer / Fisherfolk,Living with Parents/Relatives,6,0,0,0
MRK-00159,active,36,0.72,0.3976,0.466,1,0,0.28,5731.97,1,0,4.5,3,BPO / Call Center Agent,Rented (Apartment/House),12,1,0,0
MRK-00160,active,24,0.727,0.2024,0.992,0,8,0.017,0.0,0,0,1.6,2,Employed (Private/Gov),Rented (Apartment/House),6,0,0,0
MRK-00161,active,24,0.586,0.2455,0.824,0,1,0.029,0.0,0,0,8.7,1,Public School Teacher,Rented (Apartment/House),2,0,0,0
MRK-00162,active,24,0.815,0.2829,0.952,0,9,0.004,0.0,0,0,13.5,3,BPO / Call Center Agent,Living with Parents/Relatives,6,0,0,0
MRK-00163,active,24,0.947,0.1855,0.519,1,1,0.155,2625.45,0,0,8.6,4,OFW Remittance / Dependent,Rented (Apartment/House),3,1,0,0
MRK-00164,active,24,0.357,0.4568,0.438,1,0,0.156,7851.77,1,0,9.9,1,BPO / Call Center Agent,Owned (Clean Title),9,1,0,0
MRK-00165,active,24,0.843,0.6735,0.66,1,0,0.056,7106.19,0,0,7.3,1,Tricycle / PUV Operator,Rented (Apartment/House),3,1,0,0
MRK-00166,active,24,0.322,0.4988,0.49,1,1,0.158,8048.48,0,0,20.8,1,OFW Remittance / Dependent,Living with Parents/Relatives,4,1,0,0
MRK-00167,active,24,0.772,0.2514,0.844,0,1,0.051,0.0,0,0,15.0,2,Tricycle / PUV Operator,Rented (Apartment/House),3,0,0,0
MRK-00168,active,12,0.948,0.3093,0.529,1,1,0.113,5336.37,0,0,17.2,2,Public School Teacher,Owned (Clean Title),11,1,0,0
MRK-00169,active,12,0.672,0.606,0.684,1,1,0.03,10349.17,0,0,6.8,1,Tricycle / PUV Operator,Owned (Inherited/Tax Dec),12,0,0,0
MRK-00170,active,24,0.538,0.05,0.953,0,5,0.008,0.0,0,0,17.5,2,BPO / Call Center Agent,Rented (Apartment/House),5,0,0,0
MRK-00171,active,24,0.752,0.1873,0.924,0,6,0.027,0.0,0,0,8.8,2,Public School Teacher,Owned (Clean Title),2,0,0,0
MRK-00172,active,24,0.065,0.365,0.713,1,1,0.067,5710.01,0,0,7.0,2,Sari-Sari / Small Retail,Owned (Inherited/Tax Dec),9,0,0,0
MRK-00173,active,24,0.41,0.5233,0.425,1,1,0.169,5800.31,1,0,5.7,1,Agri / Farmer / Fisherfolk,Owned (Clean Title),12,1,0,0
MRK-00174,active,24,0.6,0.1361,0.823,0,5,0.011,0.0,0,0,12.3,2,Agri / Farmer / Fisherfolk,Rented (Apartment/House),9,0,0,0
MRK-00175,active,36,0.628,0.0528,0.819,0,4,0.044,0.0,0,0,13.9,1,BPO / Call Center Agent,Rented (Apartment/House),12,1,0,0
MRK-00176,active,12,0.394,0.3327,0.572,1,1,0.088,6943.19,1,0,4.6,2,OFW Remittance / Dependent,Rented (Apartment/House),11,0,0,0
MRK-00177,active,24,0.87,0.4871,0.381,1,0,0.185,6594.68,1,0,1.5,2,BPO / Call Center Agent,Owned (Clean Title),3,1,0,0
MRK-00178,active,12,0.653,0.3861,0.809,0,1,0.074,0.0,0,0,5.8,4,OFW Remittance / Dependent,Owned (Inherited/Tax Dec),1,0,0,0
MRK-00179,active,36,0.609,0.1084,0.992,0,10,0.015,0.0,0,0,4.3,3,Agri / Farmer / Fisherfolk,Rented (Apartment/House),5,0,0,0
MRK-00180,active,12,0.32,0.3926,0.93,0,8,0.027,0.0,0,0,16.7,2,Tricycle / PUV Operator,Owned (Clean Title),1,0,0,0
MRK-00181,active,12,0.111,0.3039,0.737,0,1,0.051,0.0,1,0,3.7,4,Public School Teacher,Living with Parents/Relatives,2,0,0,0
MRK-00182,active,36,0.573,0.1809,0.822,0,1,0.036,0.0,0,0,4.9,2,Employed (Private/Gov),Owned (Clean Title),9,0,0,0
MRK-00183,active,12,0.521,0.2459,0.935,0,9,0.027,0.0,0,0,2.0,1,BPO / Call Center Agent,Owned (Clean Title),5,0,0,0
MRK-00184,active,36,0.783,0.1563,0.995,0,7,0.0,0.0,0,0,15.4,3,BPO / Call Center Agent,Living with Parents/Relatives,8,0,0,0
MRK-00185,active,24,0.06,0.0801,0.943,0,7,0.011,0.0,0,0,4.0,1,OFW Remittance / Dependent,Owned (Inherited/Tax Dec),12,0,0,0
MRK-00186,active,12,0.76,0.2504,0.943,0,4,0.022,0.0,0,0,8.5,4,OFW Remittance / Dependent,Owned (Inherited/Tax Dec),8,0,0,0
MRK-00187,active,36,0.46,0.1809,0.84,0,5,0.048,0.0,0,0,7.4,1,Public School Teacher,Living with Parents/Relatives,6,0,0,0
MRK-00188,active,36,0.404,0.0553,0.819,0,1,0.011,0.0,0,0,13.3,2,Employed (Private/Gov),Owned (Inherited/Tax Dec),1,0,0,0
MRK-00189,active,24,0.788,0.0919,0.844,0,2,0.003,0.0,0,0,4.3,3,Agri / Farmer / Fisherfolk,Living with Parents/Relatives,5,0,0,0
MRK-00190,active,12,0.053,0.5349,0.688,1,0,0.156,6873.49,0,0,10.2,3,Public School Teacher,Owned (Clean Title),12,1,0,0
MRK-00191,active,36,0.367,0.1611,0.98,0,9,0.012,0.0,0,0,10.2,1,Sari-Sari / Small Retail,Owned (Inherited/Tax Dec),11,0,0,0
MRK-00192,active,36,0.062,0.3772,0.682,1,0,0.041,6417.13,0,1,5.9,1,Employed (Private/Gov),Owned (Inherited/Tax Dec),6,0,0,0
MRK-00193,active,24,0.218,0.2537,0.861,0,4,0.002,0.0,0,0,1.1,4,Sari-Sari / Small Retail,Living with Parents/Relatives,12,0,0,0
MRK-00194,active,12,0.892,0.2129,0.793,0,3,0.0,0.0,0,0,4.8,3,OFW Remittance / Dependent,Rented (Apartment/House),9,0,0,0
MRK-00195,active,24,0.105,0.4477,0.674,1,2,0.098,5699.28,0,0,11.9,3,Tricycle / PUV Operator,Living with Parents/Relatives,1,1,0,0
MRK-00196,active,24,0.922,0.4092,0.82,0,2,0.048,0.0,0,0,5.0,0,Tricycle / PUV Operator,Owned (Inherited/Tax Dec),4,0,0,0
MRK-00197,active,36,0.171,0.2642,0.453,1,0,0.15,5525.59,0,0,4.1,3,Employed (Private/Gov),Owned (Inherited/Tax Dec),4,1,0,0
MRK-00198,active,24,0.867,0.4342,0.947,0,10,0.009,0.0,0,0,8.0,2,Sari-Sari / Small Retail,Rented (Apartment/House),9,0,0,0
MRK-00199,active,36,0.494,0.3958,0.726,0,3,0.031,0.0,0,0,5.4,1,Sari-Sari / Small Retail,Living with Parents/Relatives,4,0,0,0
MRK-00200,active,12,0.931,0.6445,0.382,1,0,0.088,11272.37,0,1,6.8,0,Public School Teacher,Owned (Clean Title),6,1,0,0
MRK-00201,active,36,0.399,0.4705,0.835,0,5,0.027,0.0,1,0,12.9,2,Sari-Sari / Small Retail,Owned (Clean Title),1,0,0,0
MRK-00202,active,24,0.649,0.3106,0.455,1,2,0.173,4748.28,1,0,5.3,1,Employed (Private/Gov),Owned (Inherited/Tax Dec),3,1,0,0
MRK-00203,active,24,0.642,0.5666,0.649,1,1,0.068,5936.71,0,0,7.6,1,Tricycle / PUV Operator,Rented (Apartment/House),8,1,0,0
MRK-00204,active,24,0.154,0.4187,0.72,0,0,0.085,0.0,0,0,2.8,4,Sari-Sari / Small Retail,Owned (Inherited/Tax Dec),12,0,0,0
MRK-00205,active,36,0.288,0.05,0.934,0,9,0.006,0.0,0,0,8.7,2,Public School Teacher,Living with Parents/Relatives,1,0,0,0
MRK-00206,active,24,0.637,0.3054,0.904,0,3,0.011,0.0,0,0,5.4,2,BPO / Call Center Agent,Owned (Clean Title),5,0,0,0
MRK-00207,active,12,0.294,0.8,0.792,0,3,0.032,0.0,0,0,12.2,1,Sari-Sari / Small Retail,Owned (Clean Title),1,1,0,0
MRK-00208,active,36,0.117,0.2621,0.694,1,2,0.123,3238.6,0,0,9.2,2,Tricycle / PUV Operator,Owned (Clean Title),3,1,0,0
MRK-00209,active,12,0.335,0.5986,0.571,1,1,0.159,11321.55,0,0,14.0,4,Tricycle / PUV Operator,Owned (Clean Title),6,1,0,0
MRK-00210,active,12,0.874,0.2828,0.667,0,0,0.036,0.0,0,0,3.2,1,OFW Remittance / Dependent,Living with Parents/Relatives,7,0,0,0
MRK-00211,active,12,0.639,0.6473,0.799,0,5,0.006,0.0,0,1,5.9,3,Sari-Sari / Small Retail,Living with Parents/Relatives,10,0,0,0
MRK-00212,active,12,0.937,0.6107,0.786,0,3,0.002,0.0,0,0,8.5,4,Tricycle / PUV Operator,Owned (Inherited/Tax Dec),10,0,0,0
MRK-00213,active,36,0.424,0.1511,0.92,0,9,0.006,0.0,0,0,5.9,0,Public School Teacher,Owned (Inherited/Tax Dec),10,0,0,0
MRK-00214,active,24,0.488,0.2536,0.9,0,8,0.002,0.0,0,0,11.8,3,Sari-Sari / Small Retail,Owned (Clean Title),4,0,0,0
MRK-00215,active,12,0.563,0.8,0.417,1,0,0.201,10506.5,1,0,15.5,3,Employed (Private/Gov),Rented (Apartment/House),6,1,0,0
MRK-00216,active,36,0.638,0.3116,0.78,1,2,0.095,5777.85,1,0,11.8,0,Tricycle / PUV Operator,Living with Parents/Relatives,12,0,0,0
MRK-00217,active,12,0.092,0.3342,0.586,1,2,0.152,5914.31,0,1,7.6,2,OFW Remittance / Dependent,Owned (Inherited/Tax Dec),10,1,0,0
MRK-00218,active,24,0.56,0.6289,0.879,0,1,0.04,0.0,0,0,4.9,1,Sari-Sari / Small Retail,Owned (Inherited/Tax Dec),3,0,0,0
MRK-00219,active,24,0.363,0.2284,0.898,0,3,0.023,0.0,1,0,11.8,1,Public School Teacher,Rented (Apartment/House),2,0,0,0
MRK-00220,active,24,0.834,0.2736,0.816,0,1,0.034,0.0,1,1,5.6,2,Agri / Farmer / Fisherfolk,Owned (Inherited/Tax Dec),1,0,0,0
MRK-00221,active,36,0.315,0.5191,0.52,1,2,0.057,5570.93,1,0,9.5,1,Employed (Private/Gov),Living with Parents/Relatives,5,1,0,0
MRK-00222,active,12,0.426,0.7272,0.564,1,2,0.172,8447.72,0,0,6.1,2,Agri / Farmer / Fisherfolk,Living with Parents/Relatives,1,1,0,0
MRK-00223,active,36,0.528,0.2714,0.8,0,1,0.008,0.0,0,0,7.0,3,BPO / Call Center Agent,Rented (Apartment/House),10,0,0,0
MRK-00224,active,36,0.941,0.4843,0.801,0,1,0.004,0.0,0,0,14.3,1,Agri / Farmer / Fisherfolk,Rented (Apartment/House),2,0,0,0
MRK-00225,active,12,0.581,0.3372,0.71,1,2,0.073,8566.44,0,0,6.2,1,Public School Teacher,Rented (Apartment/House),10,0,0,0
MRK-00226,active,24,0.547,0.2569,0.906,0,10,0.02,0.0,0,0,8.2,3,Agri / Farmer / Fisherfolk,Owned (Inherited/Tax Dec),10,0,0,0
MRK-00227,active,36,0.138,0.3946,0.359,1,0,0.163,5215.96,0,0,5.5,1,BPO / Call Center Agent,Owned (Inherited/Tax Dec),6,1,0,0
MRK-00228,active,12,0.604,0.228,0.881,0,1,0.016,0.0,0,0,3.4,1,Employed (Private/Gov),Owned (Clean Title),5,0,0,0
MRK-00229,active,12,0.079,0.3629,0.62,1,2,0.092,5649.81,1,1,6.3,2,Tricycle / PUV Operator,Owned (Clean Title),11,1,0,0
MRK-00230,active,36,0.317,0.4821,0.328,1,1,0.258,4148.87,1,0,5.2,2,Sari-Sari / Small Retail,Living with Parents/Relatives,6,1,0,0
MRK-00231,active,36,0.617,0.3609,0.814,1,3,0.072,5582.57,0,0,4.9,1,OFW Remittance / Dependent,Living with Parents/Relatives,5,0,0,0
MRK-00232,active,36,0.45,0.1859,0.509,1,1,0.162,2757.88,0,0,9.7,1,Public School Teacher,Rented (Apartment/House),2,1,0,0
MRK-00233,active,24,0.658,0.272,0.994,0,8,0.019,0.0,0,0,3.9,0,OFW Remittance / Dependent,Living with Parents/Relatives,5,0,0,0
MRK-00234,active,36,0.312,0.3875,0.667,1,0,0.137,4749.6,1,0,5.7,2,Agri / Farmer / Fisherfolk,Owned (Clean Title),7,1,0,0
MRK-00235,active,12,0.415,0.4568,0.805,0,1,0.021,0.0,0,0,3.9,1,OFW Remittance / Dependent,Rented (Apartment/House),10,0,0,0
MRK-00236,active,24,0.721,0.4282,0.482,1,0,0.172,3905.05,0,0,9.8,1,Tricycle / PUV Operator,Owned (Inherited/Tax Dec),3,1,0,0
MRK-00237,active,12,0.209,0.3619,0.669,0,0,0.048,0.0,0,0,11.8,3,Sari-Sari / Small Retail,Owned (Inherited/Tax Dec),2,0,0,0
MRK-00238,active,12,0.457,0.2276,0.825,0,5,0.034,0.0,0,0,6.5,3,Employed (Private/Gov),Living with Parents/Relatives,5,0,0,0
MRK-00239,active,24,0.908,0.3692,0.966,0,9,0.003,0.0,0,0,9.6,3,Employed (Private/Gov),Owned (Inherited/Tax Dec),2,0,0,0
MRK-00240,active,12,0.1,0.155,0.963,0,6,0.023,0.0,0,0,4.4,4,Employed (Private/Gov),Owned (Inherited/Tax Dec),3,0,0,0
MRK-00241,active,24,0.243,0.1579,0.891,0,3,0.012,0.0,0,1,7.1,0,BPO / Call Center Agent,Owned (Clean Title),8,0,0,0
MRK-00242,active,12,0.061,0.4044,0.785,0,1,0.049,0.0,0,0,7.2,0,Public School Teacher,Rented (Apartment/House),3,0,0,0
MRK-00243,active,12,0.867,0.2382,0.931,0,10,0.017,0.0,0,0,1.5,1,BPO / Call Center Agent,Owned (Inherited/Tax Dec),12,0,0,0
MRK-00244,active,24,0.369,0.2371,0.89,0,4,0.039,0.0,0,0,4.3,2,Agri / Farmer / Fisherfolk,Living with Parents/Relatives,1,0,0,0
MRK-00245,active,24,0.272,0.2462,0.891,0,8,0.019,0.0,0,0,6.9,4,Employed (Private/Gov),Owned (Clean Title),10,0,0,0
MRK-00246,active,12,0.233,0.3172,0.916,0,5,0.047,0.0,0,0,11.5,2,Agri / Farmer / Fisherfolk,Rented (Apartment/House),8,0,0,0
MRK-00247,active,36,0.382,0.1621,0.895,0,1,0.053,0.0,0,0,5.0,0,Public School Teacher,Rented (Apartment/House),1,0,0,0
MRK-00248,active,12,0.873,0.3265,0.796,0,5,0.026,0.0,0,0,12.5,2,Tricycle / PUV Operator,Owned (Inherited/Tax Dec),11,0,0,0
MRK-00249,active,24,0.92,0.5165,0.795,0,5,0.05,0.0,0,0,10.2,3,BPO / Call Center Agent,Owned (Inherited/Tax Dec),9,1,0,0
MRK-00250,active,36,0.409,0.05,0.889,0,6,0.027,0.0,0,0,1.0,2,Public School Teacher,Owned (Inherited/Tax Dec),5,0,0,0
MRK-00251,active,12,0.343,0.7999,0.759,1,2,0.063,13268.47,0,0,4.4,0,Tricycle / PUV Operator,Owned (Clean Title),9,0,0,0
MRK-00252,active,12,0.38,0.8,0.511,1,2,0.069,13229.87,1,0,4.7,1,Tricycle / PUV Operator,Owned (Clean Title),5,1,0,0
MRK-00253,active,12,0.732,0.1438,0.88,0,7,0.017,0.0,0,0,6.6,4,Sari-Sari / Small Retail,Owned (Inherited/Tax Dec),7,0,0,0
MRK-00254,active,24,0.51,0.3685,0.921,0,3,0.004,0.0,0,0,2.2,0,Agri / Farmer / Fisherfolk,Owned (Inherited/Tax Dec),10,0,0,0
MRK-00255,active,24,0.89,0.0794,0.904,0,3,0.034,0.0,0,0,8.6,0,Agri / Farmer / Fisherfolk,Owned (Inherited/Tax Dec),8,0,0,0
MRK-00256,active,12,0.344,0.4709,0.501,1,0,0.171,6660.3,0,0,8.3,4,Public School Teacher,Owned (Inherited/Tax Dec),8,1,0,0
MRK-00257,active,24,0.375,0.1549,0.789,0,1,0.054,0.0,0,0,2.1,2,OFW Remittance / Dependent,Owned (Inherited/Tax Dec),3,0,0,0
MRK-00258,active,24,0.052,0.2684,0.871,0,4,0.004,0.0,0,0,6.7,1,BPO / Call Center Agent,Rented (Apartment/House),6,0,0,0
MRK-00259,active,24,0.557,0.1982,0.876,0,3,0.04,0.0,1,0,17.7,1,Public School Teacher,Living with Parents/Relatives,10,0,0,0
MRK-00260,active,24,0.15,0.5816,0.657,1,1,0.024,7472.8,0,1,13.9,1,Sari-Sari / Small Retail,Rented (Apartment/House),6,0,0,0
MRK-00261,active,24,0.106,0.2673,0.849,0,1,0.056,0.0,0,0,14.4,1,Agri / Farmer / Fisherfolk,Rented (Apartment/House),4,0,0,0
MRK-00262,active,12,0.218,0.369,0.461,1,1,0.101,6222.08,0,0,9.0,3,BPO / Call Center Agent,Rented (Apartment/House),2,1,0,0
MRK-00263,active,24,0.067,0.4656,0.412,1,0,0.183,5587.52,0,0,4.4,2,Employed (Private/Gov),Living with Parents/Relatives,4,1,0,0
MRK-00264,active,12,0.635,0.7419,0.806,0,0,0.092,0.0,0,0,5.0,0,Tricycle / PUV Operator,Rented (Apartment/House),3,0,0,0
MRK-00265,active,24,0.454,0.2973,0.701,0,0,0.089,0.0,0,0,3.3,3,Employed (Private/Gov),Rented (Apartment/House),5,0,0,0
MRK-00266,active,36,0.426,0.5068,0.371,1,0,0.198,4772.48,0,0,2.7,1,Agri / Farmer / Fisherfolk,Rented (Apartment/House),12,1,0,0
MRK-00267,active,36,0.11,0.0519,0.884,0,4,0.011,0.0,0,0,4.5,2,OFW Remittance / Dependent,Owned (Clean Title),9,0,0,0
MRK-00268,active,24,0.324,0.1981,0.502,1,2,0.055,3058.13,0,0,4.7,1,BPO / Call Center Agent,Owned (Clean Title),2,1,0,0
MRK-00269,active,12,0.858,0.7783,0.889,0,4,0.017,0.0,0,0,5.5,1,Sari-Sari / Small Retail,Rented (Apartment/House),9,0,0,0
MRK-00270,active,24,0.183,0.3122,0.956,0,9,0.008,0.0,0,0,7.2,1,Sari-Sari / Small Retail,Rented (Apartment/House),1,0,0,0
MRK-00271,active,36,0.695,0.3468,0.576,1,0,0.118,5107.97,0,0,15.1,3,BPO / Call Center Agent,Owned (Inherited/Tax Dec),4,1,0,0
MRK-00272,active,36,0.152,0.2107,0.787,0,1,0.046,0.0,0,0,2.1,2,Sari-Sari / Small Retail,Living with Parents/Relatives,3,0,0,0
MRK-00273,active,12,0.439,0.3776,0.967,0,3,0.027,0.0,0,0,13.2,2,Sari-Sari / Small Retail,Owned (Clean Title),11,0,0,0
MRK-00274,active,36,0.114,0.3607,0.68,1,1,0.159,5883.71,0,0,15.4,1,BPO / Call Center Agent,Owned (Clean Title),2,1,0,0
MRK-00275,active,36,0.133,0.4817,0.382,1,1,0.172,6208.15,0,1,5.5,2,Employed (Private/Gov),Owned (Clean Title),7,1,0,0
MRK-00276,active,36,0.418,0.192,0.9,0,3,0.031,0.0,0,0,18.2,3,Tricycle / PUV Operator,Owned (Inherited/Tax Dec),9,0,0,0
MRK-00277,active,12,0.544,0.5393,0.461,1,1,0.064,11245.13,0,0,6.5,0,Public School Teacher,Living with Parents/Relatives,10,1,0,0
MRK-00278,active,12,0.303,0.3986,0.954,0,5,0.012,0.0,0,0,3.5,3,Employed (Private/Gov),Living with Parents/Relatives,12,0,0,0
MRK-00279,active,24,0.379,0.3627,0.672,1,0,0.17,5477.63,0,0,10.2,4,Employed (Private/Gov),Owned (Inherited/Tax Dec),2,1,0,0
MRK-00280,active,12,0.362,0.4278,0.908,0,9,0.024,0.0,0,0,1.5,3,Employed (Private/Gov),Owned (Clean Title),3,0,0,0
MRK-00281,active,24,0.644,0.4301,0.8,0,5,0.02,0.0,0,0,13.0,1,Sari-Sari / Small Retail,Living with Parents/Relatives,6,0,0,0
MRK-00282,active,12,0.668,0.6807,0.759,1,0,0.069,11809.42,0,0,15.3,3,Public School Teacher,Rented (Apartment/House),2,0,0,0
MRK-00283,active,12,0.835,0.5032,0.631,1,1,0.171,7891.48,0,0,6.0,1,Sari-Sari / Small Retail,Owned (Inherited/Tax Dec),7,1,0,0
MRK-00284,active,12,0.335,0.8,0.439,1,0,0.257,13709.55,1,0,3.2,4,Public School Teacher,Living with Parents/Relatives,12,1,0,0
MRK-00285,active,36,0.602,0.4277,0.474,1,1,0.158,4314.75,0,1,3.4,3,Agri / Farmer / Fisherfolk,Owned (Inherited/Tax Dec),7,1,0,0
MRK-00286,active,24,0.129,0.3059,0.882,0,4,0.052,0.0,0,0,4.6,1,Public School Teacher,Owned (Clean Title),2,0,0,0
MRK-00287,active,36,0.314,0.2193,0.653,1,1,0.021,3408.54,0,0,7.4,2,Sari-Sari / Small Retail,Living with Parents/Relatives,12,0,0,0
MRK-00288,active,24,0.504,0.104,0.916,0,5,0.04,0.0,0,0,9.6,0,Public School Teacher,Rented (Apartment/House),9,0,0,0
MRK-00289,active,12,0.495,0.2975,0.895,0,10,0.018,0.0,0,0,3.7,1,Sari-Sari / Small Retail,Owned (Inherited/Tax Dec),9,0,0,0
MRK-00290,active,12,0.404,0.8,0.883,0,4,0.0,0.0,0,0,4.5,3,Agri / Farmer / Fisherfolk,Owned (Clean Title),6,0,0,0
MRK-00291,active,24,0.313,0.4311,0.555,1,0,0.055,8046.59,0,0,9.2,2,Public School Teacher,Owned (Clean Title),5,1,0,0
MRK-00292,active,36,0.147,0.4601,0.506,1,1,0.096,6320.3,0,1,2.7,1,Sari-Sari / Small Retail,Living with Parents/Relatives,7,1,0,0
MRK-00293,active,12,0.595,0.5288,0.903,0,5,0.053,0.0,0,0,7.0,2,Agri / Farmer / Fisherfolk,Living with Parents/Relatives,1,0,0,0
MRK-00294,active,36,0.613,0.4537,0.887,0,3,0.038,0.0,0,0,9.1,2,Agri / Farmer / Fisherfolk,Living with Parents/Relatives,4,0,0,0
MRK-00295,active,36,0.051,0.1406,0.962,0,3,0.01,0.0,0,0,7.8,1,Public School Teacher,Rented (Apartment/House),8,0,0,0
MRK-00296,active,36,0.776,0.05,0.966,0,9,0.013,0.0,0,0,3.8,4,Employed (Private/Gov),Owned (Clean Title),9,0,0,0
MRK-00297,active,36,0.546,0.3019,0.878,0,1,0.056,0.0,0,0,13.9,0,Tricycle / PUV Operator,Owned (Inherited/Tax Dec),10,1,0,0
MRK-00298,active,24,0.389,0.5963,0.75,1,0,0.061,6668.27,0,0,1.2,2,Sari-Sari / Small Retail,Owned (Inherited/Tax Dec),10,0,0,0
MRK-00299,active,36,0.615,0.173,0.984,0,9,0.012,0.0,0,0,9.6,3,Agri / Farmer / Fisherfolk,Rented (Apartment/House),2,0,0,0
MRK-00300,active,12,0.602,0.6094,0.826,0,1,0.056,0.0,0,0,5.2,0,Public School Teacher,Owned (Inherited/Tax Dec),4,0,0,0
MRK-00301,active,36,0.933,0.0838,0.974,0,6,0.024,0.0,0,0,2.9,4,Tricycle / PUV Operator,Rented (Apartment/House),1,0,0,0
MRK-00302,active,36,0.256,0.4155,0.446,1,1,0.244,5969.76,0,0,8.2,2,BPO / Call Center Agent,Owned (Clean Title),4,1,0,0
MRK-00303,active,36,0.522,0.3923,0.54,1,2,0.131,5140.03,0,1,3.2,1,Public School Teacher,Owned (Clean Title),3,1,0,0
MRK-00304,active,12,0.697,0.3223,0.91,0,6,0.004,0.0,0,0,5.5,4,Sari-Sari / Small Retail,Rented (Apartment/House),5,0,0,0
MRK-00305,active,36,0.525,0.3617,0.887,0,1,0.026,0.0,0,0,4.5,1,Agri / Farmer / Fisherfolk,Rented (Apartment/House),6,0,0,0
MRK-00306,active,12,0.611,0.3384,0.451,1,1,0.067,6709.34,0,0,10.3,3,Employed (Private/Gov),Owned (Clean Title),1,1,0,0
MRK-00307,active,36,0.44,0.1143,0.959,0,7,0.004,0.0,0,0,6.2,3,OFW Remittance / Dependent,Rented (Apartment/House),1,0,0,0
MRK-00308,active,24,0.632,0.2631,0.786,0,5,0.041,0.0,0,0,2.3,3,OFW Remittance / Dependent,Living with Parents/Relatives,11,0,0,0
MRK-00309,active,36,0.633,0.2359,0.762,0,3,0.071,0.0,0,0,2.7,2,OFW Remittance / Dependent,Owned (Clean Title),6,1,0,0
MRK-00310,active,24,0.328,0.2758,0.544,1,2,0.15,3551.41,1,1,9.3,2,Tricycle / PUV Operator,Rented (Apartment/House),8,1,0,0
MRK-00311,active,36,0.169,0.176,0.902,0,3,0.015,0.0,0,0,2.5,3,Employed (Private/Gov),Owned (Clean Title),9,0,0,0
MRK-00312,active,36,0.167,0.1038,0.853,0,2,0.029,0.0,0,0,1.4,2,Employed (Private/Gov),Rented (Apartment/House),11,0,0,0
MRK-00313,active,36,0.35,0.1762,0.685,1,0,0.169,2032.1,0,0,4.5,2,Employed (Private/Gov),Owned (Clean Title),9,1,0,0
MRK-00314,active,12,0.526,0.5987,0.556,1,1,0.277,8409.99,0,1,3.7,2,Employed (Private/Gov),Rented (Apartment/House),1,1,0,0
MRK-00315,active,12,0.779,0.7583,0.803,1,1,0.05,8429.24,0,0,1.0,2,Tricycle / PUV Operator,Owned (Clean Title),1,0,0,0
MRK-00316,active,24,0.763,0.7141,0.687,0,0,0.076,0.0,0,0,7.7,1,Sari-Sari / Small Retail,Owned (Inherited/Tax Dec),2,0,0,0
MRK-00317,active,12,0.64,0.3588,0.576,1,1,0.22,4889.32,0,0,4.9,0,BPO / Call Center Agent,Living with Parents/Relatives,2,1,0,0
MRK-00318,active,36,0.622,0.1947,0.918,0,5,0.012,0.0,0,0,7.2,3,Sari-Sari / Small Retail,Owned (Clean Title),5,0,0,0
MRK-00319,active,24,0.897,0.327,0.738,0,2,0.095,0.0,0,0,8.3,2,Employed (Private/Gov),Living with Parents/Relatives,1,0,0,0
MRK-00320,active,24,0.592,0.05,0.996,0,5,0.018,0.0,0,0,19.4,2,BPO / Call Center Agent,Owned (Clean Title),12,0,0,0
MRK-00321,active,36,0.18,0.3502,0.904,0,3,0.019,0.0,0,0,4.5,1,Sari-Sari / Small Retail,Owned (Clean Title),6,0,0,0
MRK-00322,active,24,0.551,0.2527,0.822,0,1,0.046,0.0,0,0,3.8,3,Agri / Farmer / Fisherfolk,Owned (Inherited/Tax Dec),10,0,0,0
MRK-00323,active,24,0.187,0.4157,0.908,0,10,0.016,0.0,0,0,3.7,1,Tricycle / PUV Operator,Rented (Apartment/House),3,0,0,0
MRK-00324,active,36,0.536,0.342,0.726,1,1,0.024,6037.75,1,0,5.3,2,Agri / Farmer / Fisherfolk,Living with Parents/Relatives,7,0,0,0
MRK-00325,active,24,0.344,0.2018,0.817,1,0,0.075,3678.83,1,0,5.4,0,OFW Remittance / Dependent,Owned (Inherited/Tax Dec),12,0,0,0
MRK-00326,active,24,0.622,0.3295,0.9,0,5,0.056,0.0,0,0,4.3,2,Tricycle / PUV Operator,Owned (Inherited/Tax Dec),5,0,0,0
MRK-00327,active,24,0.302,0.2005,0.914,0,3,0.059,0.0,0,0,2.6,1,BPO / Call Center Agent,Owned (Clean Title),11,0,0,0
MRK-00328,active,24,0.395,0.2875,0.715,0,1,0.056,0.0,0,0,4.9,1,BPO / Call Center Agent,Owned (Clean Title),10,0,0,0
MRK-00329,active,36,0.061,0.4585,0.722,0,1,0.083,0.0,0,0,15.1,2,Tricycle / PUV Operator,Living with Parents/Relatives,11,0,0,0
MRK-00330,active,24,0.7,0.2763,0.721,1,0,0.07,6841.66,0,0,2.8,3,Tricycle / PUV Operator,Owned (Clean Title),8,0,0,0
MRK-00331,active,36,0.159,0.2065,0.655,0,0,0.077,0.0,0,0,8.6,0,Public School Teacher,Owned (Clean Title),9,0,0,0
MRK-00332,active,12,0.608,0.2467,1.0,0,5,0.006,0.0,0,0,4.5,2,OFW Remittance / Dependent,Living with Parents/Relatives,8,0,0,0
MRK-00333,active,36,0.818,0.3008,0.6,1,1,0.112,3156.52,0,1,5.5,2,Agri / Farmer / Fisherfolk,Owned (Clean Title),11,1,0,0
MRK-00334,active,24,0.402,0.558,0.493,1,1,0.18,5788.11,0,0,11.0,1,Tricycle / PUV Operator,Owned (Clean Title),3,1,0,0
MRK-00335,active,24,0.236,0.227,0.817,0,0,0.056,0.0,0,0,4.7,2,Tricycle / PUV Operator,Owned (Inherited/Tax Dec),1,0,0,0
MRK-00336,active,24,0.938,0.18,0.875,0,3,0.033,0.0,0,0,10.4,1,Agri / Farmer / Fisherfolk,Owned (Inherited/Tax Dec),6,0,0,0
MRK-00337,active,12,0.76,0.3962,0.893,0,2,0.003,0.0,0,0,9.6,1,Public School Teacher,Living with Parents/Relatives,1,0,0,0
MRK-00338,active,36,0.745,0.1247,0.943,0,9,0.021,0.0,0,0,9.7,3,BPO / Call Center Agent,Owned (Inherited/Tax Dec),1,0,0,0
MRK-00339,active,12,0.768,0.7756,0.99,0,6,0.021,0.0,0,0,4.1,0,Agri / Farmer / Fisherfolk,Owned (Inherited/Tax Dec),3,0,0,0
MRK-00340,active,24,0.398,0.3795,0.682,1,1,0.034,8350.2,1,1,4.8,4,Employed (Private/Gov),Owned (Inherited/Tax Dec),7,0,0,0
MRK-00341,active,36,0.078,0.5298,0.365,1,0,0.24,4162.65,1,0,10.5,4,OFW Remittance / Dependent,Rented (Apartment/House),1,1,0,0
MRK-00342,active,12,0.653,0.3291,0.59,1,1,0.069,5101.56,0,0,3.4,1,Employed (Private/Gov),Owned (Inherited/Tax Dec),6,1,0,0
MRK-00343,active,12,0.138,0.5637,0.813,0,5,0.025,0.0,0,0,11.7,1,Sari-Sari / Small Retail,Rented (Apartment/House),9,0,0,0
MRK-00344,active,36,0.684,0.4796,0.563,1,1,0.096,5263.94,1,1,5.2,2,Public School Teacher,Owned (Clean Title),5,1,0,0
MRK-00345,active,24,0.257,0.21,0.806,0,4,0.002,0.0,0,0,6.0,2,Sari-Sari / Small Retail,Rented (Apartment/House),7,0,0,0
MRK-00346,active,24,0.462,0.4981,0.883,0,7,0.016,0.0,0,0,1.4,1,Agri / Farmer / Fisherfolk,Owned (Clean Title),4,0,0,0
MRK-00347,active,36,0.292,0.2525,0.936,0,6,0.011,0.0,0,0,3.7,4,OFW Remittance / Dependent,Living with Parents/Relatives,10,0,0,0
MRK-00348,active,24,0.819,0.3999,0.89,0,6,0.028,0.0,0,0,4.7,2,BPO / Call Center Agent,Living with Parents/Relatives,8,0,0,0
MRK-00349,active,12,0.164,0.5688,0.337,1,1,0.185,10013.25,1,0,23.6,1,OFW Remittance / Dependent,Living with Parents/Relatives,1,1,0,0
MRK-00350,active,24,0.556,0.5316,0.369,1,1,0.237,4968.33,0,0,6.6,2,Tricycle / PUV Operator,Living with Parents/Relatives,5,1,0,0
MRK-00351,active,24,0.845,0.1784,0.897,0,9,0.019,0.0,0,0,5.7,2,Agri / Farmer / Fisherfolk,Living with Parents/Relatives,7,0,0,0
MRK-00352,active,24,0.42,0.3293,0.661,0,2,0.072,0.0,1,0,10.8,1,BPO / Call Center Agent,Living with Parents/Relatives,9,0,0,0
MRK-00353,active,12,0.712,0.4412,0.964,0,6,0.009,0.0,0,0,5.4,3,Sari-Sari / Small Retail,Living with Parents/Relatives,4,0,0,0
MRK-00354,active,12,0.713,0.4399,0.987,0,6,0.006,0.0,0,0,7.4,1,Public School Teacher,Owned (Clean Title),10,0,0,0
MRK-00355,active,24,0.596,0.2364,0.918,0,1,0.026,0.0,0,0,4.7,1,OFW Remittance / Dependent,Owned (Inherited/Tax Dec),7,0,0,0
MRK-00356,active,36,0.23,0.2997,0.442,1,0,0.277,4423.14,0,0,6.2,3,BPO / Call Center Agent,Living with Parents/Relatives,4,1,0,0
MRK-00357,active,12,0.763,0.4261,0.791,0,4,0.022,0.0,0,0,16.2,0,Employed (Private/Gov),Living with Parents/Relatives,1,0,0,0
MRK-00358,active,24,0.644,0.1669,0.884,0,4,0.003,0.0,0,0,2.3,4,Employed (Private/Gov),Rented (Apartment/House),2,0,0,0
MRK-00359,active,36,0.365,0.1238,0.923,0,10,0.004,0.0,0,0,2.0,4,Sari-Sari / Small Retail,Owned (Clean Title),3,0,0,0
MRK-00360,active,12,0.868,0.3896,0.669,1,2,0.146,5685.72,0,0,5.3,1,OFW Remittance / Dependent,Owned (Inherited/Tax Dec),1,1,0,0
MRK-00361,active,24,0.68,0.2935,0.814,0,4,0.032,0.0,0,0,4.7,2,Public School Teacher,Living with Parents/Relatives,4,0,0,0
MRK-00362,active,24,0.688,0.1605,0.869,0,2,0.013,0.0,0,0,9.6,4,Tricycle / PUV Operator,Owned (Clean Title),4,0,0,0
MRK-00363,active,12,0.252,0.2317,0.81,0,3,0.035,0.0,1,0,6.1,3,Public School Teacher,Owned (Clean Title),3,0,0,0
MRK-00364,active,12,0.411,0.5205,0.827,0,2,0.015,0.0,0,0,3.0,4,Public School Teacher,Living with Parents/Relatives,5,0,0,0
MRK-00365,active,12,0.73,0.8,0.915,0,4,0.011,0.0,0,1,6.5,2,Tricycle / PUV Operator,Living with Parents/Relatives,6,0,0,0
MRK-00366,active,24,0.524,0.2496,0.79,1,3,0.057,5264.98,0,0,7.8,1,OFW Remittance / Dependent,Rented (Apartment/House),10,0,0,0
MRK-00367,active,12,0.441,0.3598,0.793,0,3,0.079,0.0,0,0,14.4,4,Tricycle / PUV Operator,Living with Parents/Relatives,7,0,0,0
MRK-00368,active,12,0.549,0.2951,0.885,0,5,0.025,0.0,0,0,5.8,0,BPO / Call Center Agent,Living with Parents/Relatives,3,0,0,0
MRK-00369,active,12,0.838,0.8,0.545,1,1,0.122,11529.03,1,0,7.1,2,Agri / Farmer / Fisherfolk,Living with Parents/Relatives,8,1,0,0
MRK-00370,active,12,0.57,0.8,0.657,0,0,0.035,0.0,0,0,3.5,0,Tricycle / PUV Operator,Living with Parents/Relatives,1,0,0,0
MRK-00371,active,36,0.057,0.1483,0.995,0,9,0.009,0.0,0,0,6.8,2,OFW Remittance / Dependent,Owned (Inherited/Tax Dec),11,0,0,0
MRK-00372,active,24,0.772,0.6364,0.659,1,0,0.096,7804.86,0,0,4.3,0,Tricycle / PUV Operator,Living with Parents/Relatives,3,0,0,0
MRK-00373,active,24,0.529,0.0866,0.974,0,8,0.002,0.0,0,0,7.0,2,BPO / Call Center Agent,Rented (Apartment/House),12,0,0,0
MRK-00374,active,36,0.783,0.2085,0.676,1,3,0.084,4137.3,0,1,6.0,2,BPO / Call Center Agent,Owned (Inherited/Tax Dec),9,0,0,0
MRK-00375,active,12,0.591,0.5426,0.659,1,0,0.033,7279.6,0,0,3.1,0,Tricycle / PUV Operator,Rented (Apartment/House),1,0,0,0
MRK-00376,active,24,0.942,0.1419,0.933,0,8,0.012,0.0,0,0,7.0,3,Agri / Farmer / Fisherfolk,Owned (Inherited/Tax Dec),8,0,0,0
MRK-00377,active,24,0.761,0.1982,0.721,0,0,0.099,0.0,0,0,8.8,3,BPO / Call Center Agent,Owned (Inherited/Tax Dec),7,0,0,0
MRK-00378,active,12,0.522,0.4502,0.74,1,0,0.076,9086.61,0,0,6.4,4,OFW Remittance / Dependent,Owned (Inherited/Tax Dec),3,0,0,0
MRK-00379,active,12,0.638,0.3086,0.877,0,1,0.048,0.0,0,0,7.2,3,OFW Remittance / Dependent,Owned (Clean Title),5,0,0,0
MRK-00380,active,12,0.185,0.3407,0.823,0,3,0.004,0.0,0,0,4.9,0,BPO / Call Center Agent,Rented (Apartment/House),10,0,0,0
MRK-00381,active,12,0.396,0.4107,0.975,0,5,0.024,0.0,0,0,11.4,1,Agri / Farmer / Fisherfolk,Owned (Clean Title),11,0,0,0
MRK-00382,active,36,0.693,0.1023,0.82,0,4,0.058,0.0,0,0,4.3,4,Tricycle / PUV Operator,Owned (Inherited/Tax Dec),2,1,0,0
MRK-00383,active,24,0.776,0.2361,0.871,0,5,0.055,0.0,0,0,10.4,1,OFW Remittance / Dependent,Rented (Apartment/House),10,0,0,0
MRK-00384,active,24,0.602,0.1431,0.917,0,8,0.01,0.0,0,0,8.1,0,Employed (Private/Gov),Rented (Apartment/House),7,0,0,0
MRK-00385,active,36,0.635,0.2371,0.704,1,1,0.049,4754.13,1,0,2.1,1,OFW Remittance / Dependent,Owned (Clean Title),2,0,0,0
MRK-00386,active,12,0.815,0.1464,0.793,0,1,0.024,0.0,0,0,10.5,4,BPO / Call Center Agent,Rented (Apartment/House),4,0,0,0
MRK-00387,active,24,0.178,0.3226,0.791,1,1,0.097,6307.85,1,0,2.9,3,Public School Teacher,Rented (Apartment/House),11,0,0,0
MRK-00388,active,24,0.408,0.1713,0.912,0,5,0.059,0.0,0,0,9.4,2,BPO / Call Center Agent,Owned (Inherited/Tax Dec),1,0,0,0
MRK-00389,active,36,0.726,0.3542,0.489,1,0,0.176,4701.25,0,0,11.3,0,Sari-Sari / Small Retail,Rented (Apartment/House),12,1,0,0
MRK-00390,active,24,0.882,0.5423,0.423,1,0,0.165,6424.47,0,1,2.7,1,Sari-Sari / Small Retail,Living with Parents/Relatives,8,1,0,0
MRK-00391,active,36,0.696,0.1859,0.823,0,5,0.025,0.0,0,0,9.3,0,Agri / Farmer / Fisherfolk,Rented (Apartment/House),6,0,0,0
MRK-00392,active,24,0.706,0.3827,0.799,0,1,0.039,0.0,0,0,1.8,3,Public School Teacher,Owned (Clean Title),10,0,0,0
MRK-00393,active,36,0.244,0.2221,0.542,1,2,0.136,3612.87,0,0,3.0,2,Employed (Private/Gov),Rented (Apartment/House),11,1,0,0
MRK-00394,active,12,0.39,0.5274,0.694,1,0,0.126,13322.43,1,0,5.5,2,Employed (Private/Gov),Owned (Clean Title),4,1,0,0
MRK-00395,active,24,0.656,0.5103,0.776,1,3,0.026,5478.02,0,0,4.2,0,Tricycle / PUV Operator,Owned (Inherited/Tax Dec),4,0,0,0
MRK-00396,active,24,0.772,0.2221,0.935,0,5,0.016,0.0,0,0,2.4,3,OFW Remittance / Dependent,Living with Parents/Relatives,4,0,0,0
MRK-00397,active,24,0.416,0.2447,0.797,0,5,0.019,0.0,0,0,5.4,1,Agri / Farmer / Fisherfolk,Living with Parents/Relatives,9,0,0,0
MRK-00398,active,36,0.193,0.2403,0.856,0,1,0.037,0.0,0,0,9.8,2,Employed (Private/Gov),Owned (Inherited/Tax Dec),3,0,0,0
MRK-00399,active,12,0.633,0.3011,0.895,0,5,0.006,0.0,0,0,10.6,1,BPO / Call Center Agent,Living with Parents/Relatives,4,0,0,0
MRK-00400,active,36,0.947,0.2114,0.658,1,1,0.063,2774.03,0,0,18.8,2,Tricycle / PUV Operator,Owned (Inherited/Tax Dec),10,1,0,0
MRK-00401,active,36,0.459,0.2322,0.6,1,2,0.083,2317.1,0,0,12.7,0,Agri / Farmer / Fisherfolk,Owned (Clean Title),11,1,0,0
MRK-00402,active,12,0.152,0.5498,0.971,0,10,0.025,0.0,0,0,8.8,3,Agri / Farmer / Fisherfolk,Rented (Apartment/House),3,0,0,0
MRK-00403,active,12,0.812,0.5677,0.934,0,8,0.021,0.0,0,0,2.4,3,BPO / Call Center Agent,Owned (Clean Title),11,0,0,0
MRK-00404,active,24,0.554,0.0518,0.851,0,1,0.034,0.0,0,0,9.4,1,Employed (Private/Gov),Living with Parents/Relatives,6,0,0,0
MRK-00405,active,12,0.05,0.3459,0.896,0,5,0.023,0.0,0,0,13.8,2,BPO / Call Center Agent,Owned (Inherited/Tax Dec),2,0,0,0
MRK-00406,active,36,0.627,0.3669,0.656,1,2,0.047,4782.89,0,0,8.8,0,Tricycle / PUV Operator,Living with Parents/Relatives,1,0,0,0
MRK-00407,active,24,0.175,0.1464,0.869,0,5,0.01,0.0,0,0,5.5,2,Tricycle / PUV Operator,Living with Parents/Relatives,11,0,0,0
MRK-00408,active,24,0.223,0.2837,0.918,0,9,0.005,0.0,0,0,6.9,3,OFW Remittance / Dependent,Living with Parents/Relatives,3,0,0,0
MRK-00409,active,24,0.923,0.487,0.386,1,0,0.209,6720.14,1,0,4.1,1,Sari-Sari / Small Retail,Rented (Apartment/House),11,1,0,0
MRK-00410,active,24,0.698,0.2008,0.949,0,6,0.001,0.0,0,0,8.3,0,Public School Teacher,Living with Parents/Relatives,9,0,0,0
MRK-00411,active,12,0.551,0.1652,0.889,0,1,0.047,0.0,0,0,12.8,3,BPO / Call Center Agent,Owned (Clean Title),10,0,0,0
MRK-00412,active,12,0.236,0.1557,0.949,0,6,0.024,0.0,0,0,5.1,2,BPO / Call Center Agent,Rented (Apartment/House),5,0,0,0
MRK-00413,active,24,0.254,0.1813,0.93,0,7,0.021,0.0,0,0,8.3,1,Agri / Farmer / Fisherfolk,Living with Parents/Relatives,4,0,0,0
MRK-00414,active,36,0.471,0.2059,0.986,0,6,0.005,0.0,0,0,3.4,1,OFW Remittance / Dependent,Owned (Inherited/Tax Dec),9,0,0,0
MRK-00415,active,12,0.361,0.4772,0.869,0,5,0.054,0.0,0,0,9.8,1,BPO / Call Center Agent,Living with Parents/Relatives,6,0,0,0
MRK-00416,active,12,0.146,0.5733,0.373,1,1,0.277,9353.29,0,0,15.1,2,BPO / Call Center Agent,Rented (Apartment/House),1,1,0,0
MRK-00417,active,24,0.575,0.4585,0.716,1,3,0.036,5486.03,0,0,7.8,0,Sari-Sari / Small Retail,Rented (Apartment/House),1,0,0,0
MRK-00418,active,36,0.19,0.264,0.673,1,0,0.121,4272.51,0,1,3.6,2,BPO / Call Center Agent,Rented (Apartment/House),3,1,0,0
MRK-00419,active,12,0.813,0.4646,0.672,0,2,0.051,0.0,0,0,5.6,0,BPO / Call Center Agent,Owned (Clean Title),8,0,0,0
MRK-00420,active,24,0.929,0.1988,0.75,0,0,0.077,0.0,0,0,1.2,1,Public School Teacher,Owned (Clean Title),10,1,0,0
MRK-00421,active,24,0.28,0.3609,0.979,0,4,0.024,0.0,0,0,7.4,1,Tricycle / PUV Operator,Owned (Inherited/Tax Dec),3,0,0,0
MRK-00422,active,36,0.427,0.2232,0.886,0,9,0.01,0.0,0,0,4.5,3,Sari-Sari / Small Retail,Rented (Apartment/House),1,0,0,0
MRK-00423,active,24,0.787,0.1607,0.976,0,9,0.019,0.0,0,0,3.6,2,Sari-Sari / Small Retail,Rented (Apartment/House),11,0,0,0
MRK-00424,active,12,0.102,0.147,0.925,0,4,0.006,0.0,0,0,15.1,2,Employed (Private/Gov),Rented (Apartment/House),9,0,0,0
MRK-00425,active,24,0.069,0.1317,0.931,0,7,0.018,0.0,0,0,1.0,3,Public School Teacher,Owned (Inherited/Tax Dec),8,0,0,0
MRK-00426,active,12,0.635,0.2744,0.841,0,4,0.035,0.0,0,0,22.3,1,BPO / Call Center Agent,Living with Parents/Relatives,12,0,0,0
MRK-00427,active,24,0.221,0.0549,0.897,0,5,0.005,0.0,0,0,4.9,1,BPO / Call Center Agent,Owned (Inherited/Tax Dec),8,0,0,0
MRK-00428,active,24,0.852,0.6297,0.457,1,0,0.15,8009.24,1,0,5.5,2,OFW Remittance / Dependent,Owned (Clean Title),1,1,0,0
MRK-00429,active,36,0.874,0.3064,0.807,1,3,0.099,4084.94,0,0,6.0,3,Agri / Farmer / Fisherfolk,Owned (Inherited/Tax Dec),9,0,0,0
MRK-00430,active,24,0.812,0.2441,0.988,0,6,0.024,0.0,0,0,10.7,2,Public School Teacher,Owned (Clean Title),5,0,0,0
MRK-00431,active,24,0.875,0.0649,0.999,0,7,0.026,0.0,0,0,12.2,1,BPO / Call Center Agent,Owned (Inherited/Tax Dec),11,0,0,0
MRK-00432,active,36,0.341,0.4722,0.387,1,1,0.133,6155.45,0,0,4.6,3,OFW Remittance / Dependent,Owned (Clean Title),10,1,0,0
MRK-00433,active,12,0.214,0.285,0.807,0,1,0.055,0.0,0,0,6.8,3,Public School Teacher,Owned (Inherited/Tax Dec),8,0,0,0
MRK-00434,active,36,0.758,0.345,0.98,0,9,0.024,0.0,0,0,8.8,2,Tricycle / PUV Operator,Owned (Clean Title),7,0,0,0
MRK-00435,active,36,0.362,0.4277,0.719,1,0,0.028,6010.29,0,0,2.5,3,Agri / Farmer / Fisherfolk,Rented (Apartment/House),2,0,0,0
MRK-00436,active,36,0.151,0.3025,0.506,1,1,0.174,2500.39,1,1,11.4,4,BPO / Call Center Agent,Living with Parents/Relatives,5,1,0,0
MRK-00437,active,12,0.116,0.4451,0.525,1,2,0.102,8114.78,0,0,1.8,0,OFW Remittance / Dependent,Living with Parents/Relatives,4,1,0,0
MRK-00438,active,36,0.852,0.1092,0.974,0,7,0.013,0.0,0,0,5.9,0,Employed (Private/Gov),Owned (Inherited/Tax Dec),1,0,0,0
MRK-00439,active,24,0.543,0.5779,0.371,1,1,0.295,8052.76,0,0,7.6,3,BPO / Call Center Agent,Owned (Clean Title),1,1,0,0
MRK-00440,active,24,0.567,0.223,0.896,0,3,0.02,0.0,0,0,7.6,1,Tricycle / PUV Operator,Owned (Inherited/Tax Dec),2,0,0,0
MRK-00441,active,36,0.872,0.208,0.633,1,2,0.105,3180.54,0,0,8.7,0,Public School Teacher,Rented (Apartment/House),7,1,0,0
MRK-00442,active,24,0.654,0.538,0.673,1,3,0.069,8375.11,0,0,8.3,1,Agri / Farmer / Fisherfolk,Living with Parents/Relatives,7,0,0,0
MRK-00443,active,12,0.728,0.1856,0.937,0,10,0.018,0.0,0,0,10.2,1,Employed (Private/Gov),Rented (Apartment/House),12,0,0,0
MRK-00444,active,36,0.48,0.5257,0.462,1,2,0.075,5066.36,0,1,8.9,3,Agri / Farmer / Fisherfolk,Living with Parents/Relatives,7,1,0,0
MRK-00445,active,24,0.757,0.1005,0.8,0,1,0.002,0.0,0,0,6.6,0,OFW Remittance / Dependent,Living with Parents/Relatives,1,0,0,0
MRK-00446,active,12,0.066,0.5183,0.591,1,0,0.145,11171.12,1,1,11.2,1,Employed (Private/Gov),Living with Parents/Relatives,10,1,0,0
MRK-00447,active,12,0.219,0.4316,0.454,1,1,0.204,4809.28,0,0,6.5,0,Agri / Farmer / Fisherfolk,Owned (Inherited/Tax Dec),4,1,0,0
MRK-00448,active,36,0.888,0.3041,0.39,1,0,0.209,3051.46,1,0,10.5,0,Public School Teacher,Owned (Inherited/Tax Dec),9,1,0,0
MRK-00449,active,12,0.467,0.6803,0.756,0,3,0.065,0.0,0,0,16.0,1,Sari-Sari / Small Retail,Rented (Apartment/House),5,0,0,0
MRK-00450,active,12,0.354,0.2276,0.827,0,5,0.014,0.0,0,0,8.7,2,Sari-Sari / Small Retail,Owned (Clean Title),4,0,0,0
MRK-00451,active,24,0.314,0.1141,0.793,0,5,0.043,0.0,0,0,4.3,2,OFW Remittance / Dependent,Owned (Clean Title),7,0,0,0
MRK-00452,active,12,0.716,0.7194,0.915,0,5,0.025,0.0,0,0,5.5,2,Tricycle / PUV Operator,Rented (Apartment/House),3,0,0,0
MRK-00453,active,12,0.733,0.28,0.892,0,4,0.022,0.0,0,0,9.6,2,Agri / Farmer / Fisherfolk,Living with Parents/Relatives,8,0,0,0
MRK-00454,active,36,0.261,0.284,0.917,0,3,0.001,0.0,0,0,1.0,0,Tricycle / PUV Operator,Living with Parents/Relatives,7,0,0,0
MRK-00455,active,36,0.524,0.1893,0.898,0,1,0.059,0.0,0,0,4.0,2,Employed (Private/Gov),Owned (Clean Title),6,0,0,0
MRK-00456,active,36,0.196,0.1877,0.818,0,1,0.045,0.0,0,0,8.3,3,BPO / Call Center Agent,Rented (Apartment/House),1,0,0,0
MRK-00457,active,12,0.896,0.3843,0.98,0,4,0.002,0.0,0,0,8.7,2,Tricycle / PUV Operator,Rented (Apartment/House),8,0,0,0
MRK-00458,active,12,0.608,0.1791,0.993,0,3,0.003,0.0,0,0,8.5,1,BPO / Call Center Agent,Owned (Inherited/Tax Dec),8,0,0,0
MRK-00459,active,12,0.222,0.8,0.357,1,0,0.159,8389.48,0,1,3.6,0,Tricycle / PUV Operator,Owned (Inherited/Tax Dec),1,1,0,0
MRK-00460,active,12,0.153,0.6079,0.917,0,5,0.014,0.0,0,0,5.0,4,Tricycle / PUV Operator,Living with Parents/Relatives,7,0,0,0
MRK-00461,active,36,0.834,0.05,0.888,0,4,0.019,0.0,0,0,2.4,2,Public School Teacher,Living with Parents/Relatives,11,0,0,0
MRK-00462,active,36,0.866,0.229,0.884,0,2,0.009,0.0,0,0,3.3,1,Agri / Farmer / Fisherfolk,Owned (Clean Title),12,0,0,0
MRK-00463,active,36,0.456,0.0516,0.906,0,9,0.012,0.0,0,0,13.6,1,Agri / Farmer / Fisherfolk,Rented (Apartment/House),11,0,0,0
MRK-00464,active,24,0.415,0.1795,0.719,1,2,0.053,3028.53,0,0,5.6,1,OFW Remittance / Dependent,Rented (Apartment/House),2,0,0,0
MRK-00465,active,36,0.296,0.3048,0.455,1,1,0.283,2152.23,1,0,6.9,3,OFW Remittance / Dependent,Rented (Apartment/House),10,1,0,0
MRK-00466,active,24,0.676,0.1872,0.912,0,3,0.016,0.0,0,0,7.0,1,Tricycle / PUV Operator,Living with Parents/Relatives,12,0,0,0
MRK-00467,active,12,0.298,0.8,0.911,0,4,0.009,0.0,0,0,14.7,1,Employed (Private/Gov),Rented (Apartment/House),12,0,0,0
MRK-00468,active,36,0.522,0.1367,0.687,1,0,0.06,2288.32,0,0,6.0,1,Employed (Private/Gov),Rented (Apartment/House),8,0,0,0
MRK-00469,active,36,0.579,0.2809,0.905,0,1,0.044,0.0,0,0,2.8,4,Tricycle / PUV Operator,Owned (Clean Title),5,0,0,0
MRK-00470,active,24,0.819,0.2494,0.865,0,2,0.033,0.0,0,0,1.1,0,Sari-Sari / Small Retail,Owned (Inherited/Tax Dec),8,0,0,0
MRK-00471,active,24,0.169,0.1322,0.899,0,3,0.023,0.0,0,0,8.0,0,OFW Remittance / Dependent,Owned (Inherited/Tax Dec),6,0,0,0
MRK-00472,active,24,0.716,0.4598,0.341,1,1,0.235,4831.67,0,0,9.0,2,Public School Teacher,Living with Parents/Relatives,6,1,0,0
MRK-00473,active,24,0.476,0.2913,0.326,1,1,0.204,2927.23,0,1,7.7,4,Employed (Private/Gov),Owned (Clean Title),12,1,0,0
MRK-00474,active,36,0.392,0.1616,0.677,0,3,0.047,0.0,0,0,5.5,0,Public School Teacher,Owned (Clean Title),7,0,0,0
MRK-00475,active,24,0.773,0.1012,0.987,0,7,0.011,0.0,0,0,2.7,3,BPO / Call Center Agent,Living with Parents/Relatives,1,0,0,0
MRK-00476,active,36,0.737,0.3402,0.764,0,0,0.05,0.0,0,0,1.0,2,Tricycle / PUV Operator,Owned (Inherited/Tax Dec),5,0,0,0
MRK-00477,active,36,0.301,0.0603,0.883,0,9,0.013,0.0,0,0,18.5,2,Public School Teacher,Living with Parents/Relatives,7,0,0,0
MRK-00478,active,24,0.813,0.1907,0.949,0,6,0.025,0.0,0,0,4.7,2,Public School Teacher,Owned (Inherited/Tax Dec),1,0,0,0
MRK-00479,active,36,0.858,0.0899,0.848,0,1,0.002,0.0,0,0,5.4,0,OFW Remittance / Dependent,Owned (Clean Title),11,0,0,0
MRK-00480,active,12,0.893,0.1734,0.842,0,4,0.031,0.0,0,0,14.1,1,BPO / Call Center Agent,Living with Parents/Relatives,2,0,0,0
MRK-00481,active,12,0.742,0.3904,0.942,0,4,0.003,0.0,0,0,5.7,1,Public School Teacher,Rented (Apartment/House),7,0,0,0
MRK-00482,active,12,0.677,0.7767,0.456,1,0,0.066,9677.02,0,0,9.8,2,Tricycle / PUV Operator,Owned (Clean Title),3,1,0,0
MRK-00483,active,36,0.811,0.1074,0.875,0,5,0.052,0.0,0,0,7.8,1,Public School Teacher,Owned (Clean Title),5,0,0,0
MRK-00484,active,12,0.421,0.8,0.796,1,2,0.045,12479.56,0,0,12.8,0,Agri / Farmer / Fisherfolk,Owned (Clean Title),11,0,0,0
MRK-00485,active,36,0.412,0.191,0.8,0,5,0.044,0.0,0,0,1.9,0,Tricycle / PUV Operator,Living with Parents/Relatives,1,0,0,0
MRK-00486,active,12,0.519,0.7987,0.539,1,1,0.074,13599.01,0,0,5.5,2,BPO / Call Center Agent,Living with Parents/Relatives,3,1,0,0
MRK-00487,active,24,0.632,0.4414,0.846,0,2,0.003,0.0,0,0,7.2,4,Tricycle / PUV Operator,Rented (Apartment/House),6,0,0,0
MRK-00488,active,36,0.749,0.1629,0.787,0,2,0.039,0.0,0,0,8.5,2,Public School Teacher,Living with Parents/Relatives,2,0,0,0
MRK-00489,active,12,0.067,0.4965,0.689,1,0,0.113,8562.95,0,0,7.7,2,Public School Teacher,Owned (Inherited/Tax Dec),2,1,0,0
MRK-00490,active,24,0.941,0.0967,0.997,0,9,0.025,0.0,0,0,8.2,2,OFW Remittance / Dependent,Owned (Inherited/Tax Dec),11,0,0,0
MRK-00491,active,24,0.844,0.6629,0.843,0,4,0.029,0.0,1,0,3.8,1,Tricycle / PUV Operator,Living with Parents/Relatives,11,0,0,0
MRK-00492,active,12,0.231,0.2913,0.62,1,2,0.135,5264.15,1,0,9.4,0,Public School Teacher,Rented (Apartment/House),8,1,0,0
MRK-00493,active,12,0.435,0.2733,0.89,0,5,0.007,0.0,0,0,7.1,2,Employed (Private/Gov),Living with Parents/Relatives,2,0,0,0
MRK-00494,active,12,0.55,0.4307,0.864,0,1,0.02,0.0,0,0,10.0,3,Employed (Private/Gov),Rented (Apartment/House),5,0,0,0
MRK-00495,active,36,0.454,0.101,0.989,0,3,0.009,0.0,0,0,4.5,0,Tricycle / PUV Operator,Owned (Inherited/Tax Dec),6,0,0,0
MRK-00496,active,12,0.39,0.6967,0.954,0,6,0.027,0.0,0,0,4.4,2,Tricycle / PUV Operator,Rented (Apartment/House),12,0,0,0
MRK-00497,active,24,0.174,0.3729,0.515,1,1,0.179,5649.45,0,0,10.6,4,Public School Teacher,Owned (Clean Title),2,0,0,0
MRK-00498,active,36,0.465,0.1848,0.968,0,5,0.0,0.0,0,0,5.1,1,Agri / Farmer / Fisherfolk,Owned (Clean Title),11,0,0,0
MRK-00499,active,36,0.145,0.2158,0.869,0,1,0.024,0.0,0,0,9.9,1,Sari-Sari / Small Retail,Rented (Apartment/House),12,0,0,0
MRK-00500,active,24,0.281,0.2828,0.904,0,4,0.043,0.0,0,0,11.9,1,Public School Teacher,Rented (Apartment/House),1,0,0,0
MRK-00501,active,36,0.323,0.05,0.987,0,4,0.015,0.0,0,0,9.5,0,Tricycle / PUV Operator,Owned (Inherited/Tax Dec),3,0,0,0
MRK-00502,active,36,0.516,0.1477,0.787,0,1,0.029,0.0,0,0,4.6,0,BPO / Call Center Agent,Living with Parents/Relatives,6,1,0,0
MRK-00503,active,12,0.762,0.5704,0.799,0,4,0.031,0.0,0,0,8.3,4,Public School Teacher,Owned (Inherited/Tax Dec),7,0,0,0
MRK-00504,active,36,0.431,0.2809,0.53,1,0,0.152,3458.8,0,0,9.2,2,Public School Teacher,Rented (Apartment/House),5,1,0,0
MRK-00505,active,12,0.248,0.4249,0.921,0,7,0.025,0.0,0,0,3.4,0,Tricycle / PUV Operator,Living with Parents/Relatives,11,0,0,0
MRK-00506,active,12,0.858,0.5093,0.781,0,4,0.049,0.0,0,0,11.8,1,BPO / Call Center Agent,Rented (Apartment/House),4,0,0,0
MRK-00507,active,36,0.177,0.1878,0.826,0,1,0.02,0.0,0,0,5.3,1,Public School Teacher,Owned (Inherited/Tax Dec),9,0,0,0
MRK-00508,active,24,0.307,0.2365,0.795,0,3,0.038,0.0,0,0,12.9,0,Employed (Private/Gov),Rented (Apartment/House),9,0,0,0
MRK-00509,active,24,0.378,0.3602,0.8,1,3,0.036,5067.11,0,0,6.3,4,Agri / Farmer / Fisherfolk,Owned (Inherited/Tax Dec),12,0,0,0
MRK-00510,active,24,0.355,0.3978,0.559,1,0,0.088,6408.87,0,0,11.5,2,Agri / Farmer / Fisherfolk,Living with Parents/Relatives,4,1,0,0
MRK-00511,active,12,0.826,0.4799,0.776,0,2,0.036,0.0,0,0,8.6,1,Tricycle / PUV Operator,Owned (Clean Title),7,0,0,0
MRK-00512,active,12,0.235,0.3303,0.828,0,5,0.053,0.0,0,0,6.7,3,Employed (Private/Gov),Living with Parents/Relatives,5,0,0,0
MRK-00513,active,36,0.4,0.2129,0.959,0,10,0.022,0.0,0,0,5.8,0,Sari-Sari / Small Retail,Owned (Clean Title),3,0,0,0
MRK-00514,active,12,0.311,0.6934,0.892,0,9,0.003,0.0,0,0,2.3,2,Sari-Sari / Small Retail,Owned (Clean Title),11,0,0,0
MRK-00515,active,36,0.498,0.3591,0.681,1,1,0.085,6294.22,0,0,4.0,2,Public School Teacher,Rented (Apartment/House),6,1,0,0
MRK-00516,active,36,0.408,0.1698,0.818,0,2,0.013,0.0,0,0,10.2,2,Public School Teacher,Owned (Clean Title),11,0,0,0
MRK-00517,active,12,0.79,0.3605,0.773,1,3,0.033,10101.83,1,0,5.2,2,Employed (Private/Gov),Rented (Apartment/House),4,0,0,0
MRK-00518,active,12,0.366,0.438,0.931,0,10,0.006,0.0,0,0,14.2,2,Public School Teacher,Owned (Inherited/Tax Dec),8,0,0,0
MRK-00519,active,36,0.673,0.3061,0.557,1,0,0.1,6022.87,0,0,5.3,0,OFW Remittance / Dependent,Owned (Inherited/Tax Dec),12,1,0,0
MRK-00520,active,36,0.84,0.1435,0.951,0,10,0.011,0.0,0,0,6.4,4,OFW Remittance / Dependent,Rented (Apartment/House),2,0,0,0
MRK-00521,active,24,0.186,0.512,0.933,0,8,0.004,0.0,0,0,2.3,1,Tricycle / PUV Operator,Rented (Apartment/House),2,0,0,0
MRK-00522,active,36,0.539,0.2399,0.914,0,4,0.005,0.0,0,0,8.7,2,OFW Remittance / Dependent,Owned (Clean Title),7,0,0,0
MRK-00523,active,36,0.503,0.087,0.996,0,7,0.022,0.0,0,0,7.2,3,OFW Remittance / Dependent,Living with Parents/Relatives,9,0,0,0
MRK-00524,active,24,0.519,0.2569,0.637,1,2,0.119,4298.2,0,0,1.6,2,OFW Remittance / Dependent,Rented (Apartment/House),4,1,0,0
MRK-00525,active,12,0.737,0.3029,0.787,0,3,0.049,0.0,0,0,12.6,2,BPO / Call Center Agent,Living with Parents/Relatives,12,0,0,0
MRK-00526,active,24,0.615,0.5514,0.38,1,0,0.18,8066.25,1,0,4.6,0,Agri / Farmer / Fisherfolk,Rented (Apartment/House),10,1,0,0
MRK-00527,active,24,0.126,0.2817,0.827,0,2,0.03,0.0,1,0,8.4,2,Public School Teacher,Owned (Clean Title),5,0,0,0
MRK-00528,active,24,0.276,0.3084,0.862,0,5,0.05,0.0,0,0,2.7,0,Public School Teacher,Living with Parents/Relatives,1,0,0,0
MRK-00529,active,24,0.329,0.3442,0.577,1,2,0.133,5665.33,0,0,8.5,4,BPO / Call Center Agent,Owned (Inherited/Tax Dec),3,1,0,0
MRK-00530,active,12,0.393,0.3025,0.956,0,6,0.012,0.0,0,0,7.8,1,BPO / Call Center Agent,Owned (Clean Title),5,0,0,0
MRK-00531,active,24,0.804,0.2557,0.914,0,2,0.035,0.0,0,0,6.9,2,Tricycle / PUV Operator,Owned (Clean Title),4,0,0,0
MRK-00532,active,24,0.652,0.1746,0.962,0,10,0.025,0.0,0,0,2.3,2,OFW Remittance / Dependent,Rented (Apartment/House),4,0,0,0
MRK-00533,active,12,0.777,0.4165,0.676,1,2,0.108,8190.59,1,0,2.9,0,OFW Remittance / Dependent,Owned (Clean Title),11,1,0,0
MRK-00534,active,36,0.105,0.2225,0.882,0,4,0.015,0.0,0,0,6.1,0,Tricycle / PUV Operator,Rented (Apartment/House),11,0,0,0
MRK-00535,active,24,0.569,0.0757,0.81,0,1,0.003,0.0,0,0,4.0,2,Employed (Private/Gov),Owned (Inherited/Tax Dec),12,0,0,0
MRK-00536,active,24,0.363,0.2754,0.818,0,2,0.058,0.0,0,0,9.4,2,Tricycle / PUV Operator,Rented (Apartment/House),8,0,0,0
MRK-00537,active,12,0.406,0.7601,0.698,1,2,0.108,14087.02,0,0,8.2,1,Employed (Private/Gov),Living with Parents/Relatives,5,1,0,0
MRK-00538,active,36,0.39,0.2515,0.659,0,3,0.07,0.0,0,0,12.7,2,Employed (Private/Gov),Living with Parents/Relatives,10,0,0,0
MRK-00539,active,12,0.665,0.6475,0.99,0,9,0.021,0.0,0,1,5.2,1,Public School Teacher,Living with Parents/Relatives,6,0,0,0
MRK-00540,active,36,0.256,0.4857,0.486,1,1,0.099,6149.15,0,0,9.0,4,Sari-Sari / Small Retail,Rented (Apartment/House),9,1,0,0
MRK-00541,active,24,0.305,0.1478,0.883,0,1,0.019,0.0,0,0,11.3,0,Employed (Private/Gov),Owned (Clean Title),2,0,0,0
MRK-00542,active,36,0.34,0.4003,0.58,1,1,0.191,5386.46,0,1,8.1,3,Public School Teacher,Owned (Inherited/Tax Dec),5,1,0,0
MRK-00543,active,12,0.843,0.2236,0.971,0,8,0.027,0.0,0,0,6.9,2,BPO / Call Center Agent,Living with Parents/Relatives,4,0,0,0
MRK-00544,active,24,0.827,0.3384,0.403,1,0,0.102,2748.67,0,0,2.4,1,Public School Teacher,Owned (Clean Title),5,1,0,0
MRK-00545,active,24,0.505,0.1328,0.784,0,2,0.058,0.0,0,0,1.7,3,Public School Teacher,Owned (Clean Title),6,0,0,0
MRK-00546,active,12,0.453,0.8,0.664,1,1,0.129,11094.48,0,0,9.1,1,Tricycle / PUV Operator,Owned (Clean Title),9,1,0,0
MRK-00547,active,24,0.337,0.5584,0.81,0,0,0.025,0.0,0,0,2.1,2,Tricycle / PUV Operator,Owned (Clean Title),6,1,0,0
MRK-00548,active,12,0.267,0.4315,0.571,1,2,0.131,5823.58,0,0,6.3,3,Tricycle / PUV Operator,Rented (Apartment/House),4,1,0,0
MRK-00549,active,36,0.78,0.1436,0.784,0,5,0.047,0.0,1,0,3.3,1,OFW Remittance / Dependent,Rented (Apartment/House),12,0,0,0
MRK-00550,active,12,0.676,0.2664,0.736,0,1,0.048,0.0,0,0,12.3,2,Agri / Farmer / Fisherfolk,Owned (Inherited/Tax Dec),11,0,0,0
MRK-00551,active,24,0.85,0.3291,0.642,1,2,0.153,5957.84,0,0,10.9,1,Public School Teacher,Living with Parents/Relatives,11,1,0,0
MRK-00552,active,24,0.588,0.2014,0.938,0,10,0.015,0.0,0,0,16.8,3,BPO / Call Center Agent,Owned (Clean Title),6,0,0,0
MRK-00553,active,12,0.397,0.3989,0.995,0,6,0.025,0.0,0,0,4.3,2,BPO / Call Center Agent,Owned (Clean Title),6,0,0,0
MRK-00554,active,36,0.782,0.1847,0.718,0,1,0.098,0.0,0,0,11.6,2,Tricycle / PUV Operator,Owned (Clean Title),6,0,0,0
MRK-00555,active,12,0.372,0.2562,0.95,0,6,0.016,0.0,0,0,5.9,3,Employed (Private/Gov),Owned (Clean Title),2,0,0,0
MRK-00556,active,24,0.45,0.2398,0.865,0,3,0.023,0.0,0,0,15.9,2,BPO / Call Center Agent,Owned (Clean Title),5,0,0,0
MRK-00557,active,36,0.239,0.263,0.338,1,1,0.198,2912.36,1,0,8.9,0,Public School Teacher,Living with Parents/Relatives,12,1,0,0
MRK-00558,active,12,0.677,0.4503,0.46,1,1,0.08,8397.75,0,0,9.9,3,Sari-Sari / Small Retail,Owned (Clean Title),1,1,0,0
MRK-00559,active,24,0.688,0.2045,0.866,0,2,0.034,0.0,0,0,7.4,2,Employed (Private/Gov),Owned (Inherited/Tax Dec),6,0,0,0
MRK-00560,active,12,0.458,0.6695,0.41,1,1,0.115,6691.74,0,0,8.3,4,Sari-Sari / Small Retail,Owned (Clean Title),10,1,0,0
MRK-00561,active,24,0.29,0.05,0.987,0,4,0.006,0.0,0,0,7.9,1,Tricycle / PUV Operator,Owned (Inherited/Tax Dec),8,0,0,0
MRK-00562,active,24,0.106,0.1126,0.935,0,7,0.004,0.0,0,0,5.7,3,Agri / Farmer / Fisherfolk,Living with Parents/Relatives,7,0,0,0
MRK-00563,active,24,0.686,0.3133,0.405,1,0,0.187,3739.2,0,0,10.0,1,Public School Teacher,Rented (Apartment/House),4,1,0,0
MRK-00564,active,36,0.333,0.1057,0.889,0,7,0.017,0.0,1,0,5.4,2,Employed (Private/Gov),Rented (Apartment/House),5,0,0,0
MRK-00565,active,12,0.737,0.4292,0.923,0,7,0.023,0.0,0,0,8.7,1,BPO / Call Center Agent,Owned (Inherited/Tax Dec),2,0,0,0
MRK-00566,active,12,0.772,0.4365,0.787,0,3,0.045,0.0,0,0,6.1,0,Public School Teacher,Living with Parents/Relatives,7,0,0,0
MRK-00567,active,24,0.911,0.1925,0.934,0,3,0.024,0.0,0,0,5.1,1,BPO / Call Center Agent,Living with Parents/Relatives,11,0,0,0
MRK-00568,active,24,0.128,0.1347,0.922,0,8,0.022,0.0,0,0,13.0,2,Tricycle / PUV Operator,Owned (Clean Title),4,0,0,0
MRK-00569,active,24,0.864,0.372,0.51,1,1,0.086,5677.35,0,0,8.2,1,BPO / Call Center Agent,Rented (Apartment/House),11,1,0,0
MRK-00570,active,12,0.672,0.5062,0.853,0,5,0.043,0.0,0,0,10.4,1,OFW Remittance / Dependent,Owned (Inherited/Tax Dec),7,0,0,0
MRK-00571,active,36,0.462,0.1929,0.792,0,4,0.031,0.0,0,0,10.3,1,Employed (Private/Gov),Living with Parents/Relatives,10,0,0,0
MRK-00572,active,12,0.201,0.3939,0.949,0,9,0.022,0.0,0,0,8.1,0,Agri / Farmer / Fisherfolk,Living with Parents/Relatives,4,0,0,0
MRK-00573,active,24,0.409,0.1709,0.783,0,2,0.028,0.0,0,0,13.6,2,Public School Teacher,Owned (Clean Title),10,0,0,0
MRK-00574,active,12,0.884,0.7213,0.43,1,0,0.168,10584.17,0,0,9.5,0,Agri / Farmer / Fisherfolk,Owned (Inherited/Tax Dec),6,1,0,0
MRK-00575,active,12,0.69,0.402,0.788,1,3,0.026,10883.25,0,0,4.4,1,Employed (Private/Gov),Owned (Inherited/Tax Dec),11,0,0,0
MRK-00576,active,36,0.14,0.4501,0.573,1,1,0.264,4858.94,1,0,2.0,2,Agri / Farmer / Fisherfolk,Rented (Apartment/House),3,1,0,0
MRK-00577,active,24,0.592,0.1542,0.924,0,7,0.003,0.0,0,0,15.3,2,OFW Remittance / Dependent,Living with Parents/Relatives,12,0,0,0
MRK-00578,active,24,0.633,0.5237,0.501,1,1,0.149,4090.21,0,0,9.7,2,BPO / Call Center Agent,Living with Parents/Relatives,1,1,0,0
MRK-00579,active,36,0.166,0.2221,0.888,0,2,0.014,0.0,0,0,3.0,2,Tricycle / PUV Operator,Owned (Inherited/Tax Dec),2,0,0,0
MRK-00580,active,36,0.188,0.1433,0.803,0,1,0.049,0.0,0,0,4.6,0,Employed (Private/Gov),Owned (Clean Title),2,0,0,0
MRK-00581,active,24,0.205,0.3506,0.663,1,1,0.132,7591.68,1,0,3.8,1,Public School Teacher,Living with Parents/Relatives,11,1,0,0
MRK-00582,active,36,0.393,0.3372,0.543,1,1,0.129,5238.36,0,0,2.5,2,Employed (Private/Gov),Owned (Clean Title),3,0,0,0
MRK-00583,active,36,0.774,0.1704,0.94,0,5,0.014,0.0,0,0,3.7,1,Sari-Sari / Small Retail,Living with Parents/Relatives,7,1,0,0
MRK-00584,active,12,0.287,0.256,0.915,0,10,0.03,0.0,0,0,4.7,3,Employed (Private/Gov),Living with Parents/Relatives,6,0,0,0
MRK-00585,active,36,0.279,0.05,0.891,0,10,0.005,0.0,0,0,4.0,0,Sari-Sari / Small Retail,Owned (Inherited/Tax Dec),6,0,0,0
MRK-00586,active,24,0.101,0.2026,0.816,0,4,0.044,0.0,0,0,4.7,1,Sari-Sari / Small Retail,Living with Parents/Relatives,9,0,0,0
MRK-00587,active,12,0.642,0.8,0.651,0,1,0.038,0.0,0,0,13.9,0,BPO / Call Center Agent,Owned (Clean Title),9,0,0,0
MRK-00588,active,12,0.816,0.3233,0.884,0,6,0.01,0.0,0,0,3.6,1,Public School Teacher,Rented (Apartment/House),4,0,0,0
MRK-00589,active,36,0.089,0.0858,0.946,0,9,0.013,0.0,0,0,3.1,1,Employed (Private/Gov),Owned (Clean Title),6,0,0,0
MRK-00590,active,12,0.849,0.6479,0.845,0,4,0.032,0.0,0,0,5.3,3,Employed (Private/Gov),Owned (Clean Title),7,0,0,0
MRK-00591,active,12,0.459,0.3841,0.607,1,0,0.063,4878.29,1,0,14.4,1,Sari-Sari / Small Retail,Owned (Inherited/Tax Dec),12,1,0,0
MRK-00592,active,12,0.918,0.5642,0.481,1,1,0.178,8284.44,0,0,4.7,0,Employed (Private/Gov),Owned (Inherited/Tax Dec),7,1,0,0
MRK-00593,active,36,0.224,0.1875,0.805,1,0,0.065,3879.28,0,0,7.9,2,Public School Teacher,Owned (Clean Title),10,0,0,0
MRK-00594,active,24,0.449,0.1816,0.907,0,4,0.039,0.0,0,0,5.2,4,Sari-Sari / Small Retail,Owned (Inherited/Tax Dec),10,0,0,0
MRK-00595,active,24,0.069,0.4406,0.882,0,2,0.01,0.0,0,0,4.3,4,BPO / Call Center Agent,Owned (Clean Title),10,0,0,0
MRK-00596,active,12,0.67,0.7538,0.744,1,1,0.041,13845.69,0,0,4.4,0,Sari-Sari / Small Retail,Living with Parents/Relatives,10,0,0,0
MRK-00597,active,36,0.311,0.2012,0.531,1,1,0.065,3094.23,0,1,4.5,4,BPO / Call Center Agent,Living with Parents/Relatives,8,1,0,0
MRK-00598,active,24,0.818,0.05,0.899,0,8,0.014,0.0,0,0,5.0,2,Employed (Private/Gov),Owned (Inherited/Tax Dec),2,0,0,0
MRK-00599,active,24,0.403,0.2651,0.876,0,3,0.056,0.0,0,0,7.4,3,Agri / Farmer / Fisherfolk,Living with Parents/Relatives,2,0,0,0
MRK-00600,active,24,0.802,0.186,0.842,0,3,0.053,0.0,0,0,20.4,4,Public School Teacher,Owned (Clean Title),6,0,0,0
MRK-00601,active,12,0.738,0.6371,0.334,1,1,0.282,5439.88,0,0,4.7,1,Sari-Sari / Small Retail,Rented (Apartment/House),8,1,0,0
MRK-00602,active,36,0.904,0.12,0.864,0,1,0.037,0.0,1,0,7.8,1,Employed (Private/Gov),Owned (Inherited/Tax Dec),3,0,0,0
MRK-00603,active,24,0.918,0.1486,0.978,0,10,0.019,0.0,0,0,14.6,2,Agri / Farmer / Fisherfolk,Living with Parents/Relatives,5,0,0,0
MRK-00604,active,12,0.103,0.2488,0.844,0,5,0.05,0.0,0,0,8.4,2,Sari-Sari / Small Retail,Rented (Apartment/House),9,1,0,0
MRK-00605,active,24,0.841,0.1609,0.886,0,8,0.024,0.0,0,0,13.4,3,OFW Remittance / Dependent,Owned (Clean Title),6,0,0,0
MRK-00606,active,12,0.169,0.5966,0.697,1,0,0.138,9725.88,1,0,8.6,1,Public School Teacher,Owned (Clean Title),8,1,0,0
MRK-00607,active,36,0.57,0.1612,0.929,0,3,0.027,0.0,0,0,7.8,1,Sari-Sari / Small Retail,Living with Parents/Relatives,3,0,0,0
MRK-00608,active,36,0.112,0.3011,0.646,1,2,0.081,4540.14,0,0,12.1,1,Sari-Sari / Small Retail,Rented (Apartment/House),4,1,0,0
MRK-00609,active,36,0.42,0.1603,0.994,0,10,0.028,0.0,0,0,12.7,2,OFW Remittance / Dependent,Living with Parents/Relatives,6,0,0,0
MRK-00610,active,12,0.645,0.2243,0.887,0,9,0.008,0.0,0,0,3.1,3,Sari-Sari / Small Retail,Living with Parents/Relatives,12,0,0,0
MRK-00611,active,36,0.479,0.315,0.564,1,1,0.226,3667.7,0,0,12.8,1,OFW Remittance / Dependent,Owned (Inherited/Tax Dec),3,1,0,0
MRK-00612,active,36,0.324,0.2076,0.691,0,1,0.071,0.0,0,0,15.0,2,BPO / Call Center Agent,Living with Parents/Relatives,6,0,0,0
MRK-00613,active,24,0.322,0.183,0.863,0,2,0.027,0.0,0,0,4.8,2,OFW Remittance / Dependent,Owned (Inherited/Tax Dec),10,0,0,0
MRK-00614,active,12,0.401,0.6142,0.396,1,1,0.081,6525.14,0,0,8.1,3,Tricycle / PUV Operator,Rented (Apartment/House),6,1,0,0
MRK-00615,active,24,0.924,0.3616,0.912,0,3,0.033,0.0,0,0,6.2,1,Agri / Farmer / Fisherfolk,Living with Parents/Relatives,8,0,0,0
MRK-00616,active,36,0.272,0.0987,0.878,0,5,0.016,0.0,0,0,11.8,1,Tricycle / PUV Operator,Living with Parents/Relatives,6,0,0,0
MRK-00617,active,24,0.717,0.3536,0.789,0,2,0.039,0.0,0,0,7.4,3,Sari-Sari / Small Retail,Owned (Inherited/Tax Dec),6,0,0,0
MRK-00618,active,24,0.208,0.3829,0.785,0,2,0.044,0.0,0,0,6.3,2,Sari-Sari / Small Retail,Owned (Clean Title),3,0,0,0
MRK-00619,active,24,0.882,0.4542,0.816,0,1,0.034,0.0,0,0,1.0,1,Sari-Sari / Small Retail,Living with Parents/Relatives,3,0,0,0
MRK-00620,active,12,0.713,0.467,0.938,0,10,0.024,0.0,0,0,6.7,4,Public School Teacher,Living with Parents/Relatives,3,0,0,0
MRK-00621,active,36,0.223,0.5108,0.737,1,3,0.087,6018.68,0,0,3.4,1,Sari-Sari / Small Retail,Owned (Inherited/Tax Dec),12,0,0,0
MRK-00622,active,12,0.944,0.7182,0.992,0,9,0.001,0.0,0,0,10.4,3,Public School Teacher,Rented (Apartment/House),12,0,0,0
MRK-00623,active,24,0.288,0.1713,0.942,0,4,0.024,0.0,0,0,5.3,3,Agri / Farmer / Fisherfolk,Rented (Apartment/House),1,0,0,0
MRK-00624,active,24,0.655,0.4635,0.543,1,2,0.109,6696.38,0,0,2.2,1,Sari-Sari / Small Retail,Rented (Apartment/House),2,1,0,0
MRK-00625,active,36,0.881,0.2869,0.798,0,4,0.049,0.0,0,0,4.0,2,Sari-Sari / Small Retail,Owned (Inherited/Tax Dec),1,0,0,0
MRK-00626,active,36,0.329,0.211,0.915,0,4,0.008,0.0,0,0,2.3,2,Sari-Sari / Small Retail,Owned (Clean Title),6,0,0,0
MRK-00627,active,36,0.805,0.0845,0.826,0,2,0.027,0.0,0,0,8.0,4,BPO / Call Center Agent,Owned (Inherited/Tax Dec),11,0,0,0
MRK-00628,active,36,0.75,0.0877,0.893,0,5,0.014,0.0,0,0,9.2,2,Sari-Sari / Small Retail,Owned (Clean Title),7,0,0,0
MRK-00629,active,12,0.902,0.2338,0.869,0,4,0.051,0.0,0,0,7.9,2,Public School Teacher,Rented (Apartment/House),9,0,0,0
MRK-00630,active,12,0.283,0.6456,0.915,0,3,0.03,0.0,0,0,2.2,1,Sari-Sari / Small Retail,Owned (Inherited/Tax Dec),7,0,0,0
MRK-00631,active,12,0.448,0.6313,0.789,0,3,0.061,0.0,1,0,2.6,2,Sari-Sari / Small Retail,Rented (Apartment/House),12,0,0,0
MRK-00632,active,36,0.177,0.0985,0.954,0,7,0.008,0.0,0,0,12.2,1,BPO / Call Center Agent,Rented (Apartment/House),4,0,0,0
MRK-00633,active,36,0.14,0.4508,0.795,0,3,0.053,0.0,0,0,6.5,1,Agri / Farmer / Fisherfolk,Owned (Clean Title),8,0,0,0
MRK-00634,active,24,0.454,0.2341,0.938,0,4,0.006,0.0,0,0,2.5,2,BPO / Call Center Agent,Owned (Inherited/Tax Dec),9,0,0,0
MRK-00635,active,36,0.848,0.1168,0.894,0,2,0.025,0.0,0,0,4.0,1,Sari-Sari / Small Retail,Rented (Apartment/House),1,0,0,0
MRK-00636,active,24,0.373,0.4271,0.908,0,4,0.02,0.0,0,0,14.1,2,Sari-Sari / Small Retail,Living with Parents/Relatives,5,0,0,0
MRK-00637,active,12,0.868,0.8,0.507,1,1,0.128,11209.4,0,0,3.3,1,Sari-Sari / Small Retail,Living with Parents/Relatives,4,1,0,0
MRK-00638,active,36,0.868,0.3376,0.792,0,1,0.043,0.0,0,0,6.2,2,Agri / Farmer / Fisherfolk,Owned (Inherited/Tax Dec),9,0,0,0
MRK-00639,active,36,0.151,0.2152,0.801,0,4,0.001,0.0,0,0,8.7,3,Agri / Farmer / Fisherfolk,Rented (Apartment/House),5,0,0,0
MRK-00640,active,36,0.439,0.2152,0.834,0,2,0.03,0.0,0,0,18.1,2,BPO / Call Center Agent,Living with Parents/Relatives,3,0,0,0
MRK-00641,active,24,0.8,0.358,0.598,1,2,0.133,7053.05,0,0,12.4,2,OFW Remittance / Dependent,Owned (Inherited/Tax Dec),9,1,0,0
MRK-00642,active,12,0.371,0.3457,0.967,0,6,0.003,0.0,0,0,10.0,1,Public School Teacher,Living with Parents/Relatives,10,0,0,0
MRK-00643,active,24,0.793,0.4693,0.659,0,1,0.035,0.0,0,0,9.4,2,Agri / Farmer / Fisherfolk,Living with Parents/Relatives,7,0,0,0
MRK-00644,active,24,0.277,0.1914,0.888,0,9,0.017,0.0,0,0,9.1,4,Sari-Sari / Small Retail,Living with Parents/Relatives,5,0,0,0
MRK-00645,active,36,0.149,0.2453,0.681,1,0,0.052,3665.06,0,0,11.8,0,OFW Remittance / Dependent,Rented (Apartment/House),11,1,0,0
MRK-00646,active,36,0.473,0.1979,0.815,0,1,0.036,0.0,0,0,15.0,2,Tricycle / PUV Operator,Owned (Clean Title),8,0,0,0
MRK-00647,active,36,0.128,0.4034,0.672,0,3,0.084,0.0,0,0,7.5,0,Tricycle / PUV Operator,Rented (Apartment/House),4,0,0,0
MRK-00648,active,12,0.339,0.4846,0.677,0,2,0.037,0.0,0,0,8.5,1,Tricycle / PUV Operator,Owned (Inherited/Tax Dec),12,0,0,0
MRK-00649,active,12,0.646,0.5024,0.793,0,1,0.011,0.0,0,0,2.1,1,BPO / Call Center Agent,Owned (Clean Title),10,0,0,0
MRK-00650,active,36,0.458,0.2147,0.836,0,3,0.032,0.0,0,0,6.3,2,Sari-Sari / Small Retail,Owned (Clean Title),6,0,0,0
MRK-00651,active,24,0.909,0.3908,0.51,1,0,0.121,4662.36,1,0,12.3,1,BPO / Call Center Agent,Owned (Inherited/Tax Dec),9,0,0,0
MRK-00652,active,36,0.733,0.2105,0.956,0,6,0.024,0.0,1,0,10.8,0,Tricycle / PUV Operator,Rented (Apartment/House),10,0,0,0
MRK-00653,active,36,0.404,0.05,0.895,0,5,0.008,0.0,0,0,10.0,4,Employed (Private/Gov),Living with Parents/Relatives,12,0,0,0
MRK-00654,active,36,0.89,0.2234,0.591,1,1,0.085,2158.28,0,0,6.9,0,Agri / Farmer / Fisherfolk,Owned (Inherited/Tax Dec),7,1,0,0
MRK-00655,active,12,0.746,0.643,0.897,0,4,0.015,0.0,0,0,5.4,2,Tricycle / PUV Operator,Rented (Apartment/House),10,0,0,0
MRK-00656,active,12,0.441,0.5029,0.85,0,4,0.021,0.0,0,0,14.9,3,Public School Teacher,Living with Parents/Relatives,1,0,0,0
MRK-00657,active,36,0.181,0.3372,0.592,1,1,0.146,3912.81,0,0,7.6,2,Tricycle / PUV Operator,Owned (Clean Title),2,1,0,0
MRK-00658,active,12,0.522,0.5206,0.737,1,1,0.065,5600.2,1,0,3.8,2,Public School Teacher,Rented (Apartment/House),1,0,0,0
MRK-00659,active,12,0.596,0.2671,0.733,1,0,0.089,5802.3,1,0,3.7,1,BPO / Call Center Agent,Rented (Apartment/House),7,0,0,0
MRK-00660,active,24,0.455,0.2216,0.829,0,4,0.015,0.0,0,0,1.0,1,Employed (Private/Gov),Rented (Apartment/House),5,0,0,0
MRK-00661,active,36,0.809,0.1895,0.695,1,2,0.07,2939.02,1,0,23.6,2,Public School Teacher,Rented (Apartment/House),12,0,0,0
MRK-00662,active,12,0.086,0.1927,0.926,0,8,0.006,0.0,0,0,9.9,2,Public School Teacher,Owned (Inherited/Tax Dec),12,0,0,0
MRK-00663,active,36,0.453,0.2283,0.977,0,4,0.004,0.0,0,0,13.7,2,Tricycle / PUV Operator,Living with Parents/Relatives,2,0,0,0
MRK-00664,active,36,0.689,0.4172,0.712,1,1,0.049,5770.45,0,0,1.4,0,Tricycle / PUV Operator,Owned (Clean Title),3,0,0,0
MRK-00665,active,12,0.933,0.5653,0.744,1,0,0.03,14064.96,1,0,2.5,0,BPO / Call Center Agent,Owned (Inherited/Tax Dec),9,0,0,0
MRK-00666,active,12,0.469,0.6788,0.823,0,1,0.045,0.0,0,0,5.4,1,BPO / Call Center Agent,Owned (Clean Title),3,0,0,0
MRK-00667,active,24,0.814,0.1451,0.917,0,10,0.017,0.0,0,0,6.1,2,Employed (Private/Gov),Living with Parents/Relatives,4,0,0,0
MRK-00668,active,12,0.71,0.8,0.918,0,6,0.025,0.0,0,0,2.5,2,Sari-Sari / Small Retail,Rented (Apartment/House),4,0,0,0
MRK-00669,active,36,0.606,0.1166,0.931,0,5,0.008,0.0,0,0,6.4,1,Agri / Farmer / Fisherfolk,Owned (Clean Title),5,0,0,0
MRK-00670,active,36,0.117,0.2518,0.322,1,0,0.219,2408.2,0,0,14.6,3,BPO / Call Center Agent,Living with Parents/Relatives,11,1,0,0
MRK-00671,active,36,0.164,0.4509,0.513,1,1,0.287,5776.6,0,0,7.2,4,Public School Teacher,Rented (Apartment/House),10,1,0,0
MRK-00672,active,36,0.779,0.208,0.914,0,4,0.056,0.0,0,0,5.4,1,OFW Remittance / Dependent,Living with Parents/Relatives,10,0,0,0
MRK-00673,active,12,0.537,0.4747,0.997,0,3,0.026,0.0,0,0,9.2,1,Sari-Sari / Small Retail,Living with Parents/Relatives,8,0,0,0
MRK-00674,active,24,0.707,0.5017,0.484,1,2,0.113,5839.18,0,0,14.8,1,Sari-Sari / Small Retail,Owned (Inherited/Tax Dec),10,1,0,0
MRK-00675,active,24,0.793,0.3399,0.578,1,1,0.172,4794.51,0,1,9.4,2,Public School Teacher,Owned (Inherited/Tax Dec),8,1,0,0
MRK-00676,active,12,0.659,0.7716,0.671,1,2,0.025,13890.03,0,0,10.0,0,Sari-Sari / Small Retail,Owned (Inherited/Tax Dec),4,0,0,0
MRK-00677,active,36,0.09,0.3284,0.591,1,1,0.082,2717.6,0,0,9.1,3,Sari-Sari / Small Retail,Owned (Inherited/Tax Dec),4,1,0,0
MRK-00678,active,12,0.484,0.2082,0.927,0,9,0.022,0.0,0,0,1.1,2,Tricycle / PUV Operator,Owned (Clean Title),2,0,0,0
MRK-00679,active,36,0.737,0.1213,0.773,0,1,0.06,0.0,0,0,6.9,2,Employed (Private/Gov),Owned (Clean Title),2,0,0,0
MRK-00680,active,12,0.429,0.4642,0.89,0,4,0.024,0.0,0,0,4.9,1,BPO / Call Center Agent,Living with Parents/Relatives,7,0,0,0
MRK-00681,active,24,0.375,0.2415,0.753,0,2,0.037,0.0,0,0,3.6,0,Sari-Sari / Small Retail,Rented (Apartment/House),2,0,0,0
MRK-00682,active,24,0.857,0.05,0.959,0,6,0.004,0.0,0,0,4.5,3,OFW Remittance / Dependent,Living with Parents/Relatives,12,0,0,0
MRK-00683,active,36,0.643,0.2021,0.531,1,2,0.151,2481.44,1,0,4.1,2,Employed (Private/Gov),Rented (Apartment/House),4,1,0,0
MRK-00684,active,24,0.14,0.352,0.455,1,0,0.112,4817.19,0,0,4.1,1,Public School Teacher,Owned (Inherited/Tax Dec),4,1,0,0
MRK-00685,active,24,0.252,0.3896,0.495,1,1,0.119,5852.05,0,0,2.8,0,Employed (Private/Gov),Rented (Apartment/House),11,1,0,0
MRK-00686,active,24,0.119,0.1809,0.889,0,3,0.019,0.0,0,0,10.3,4,Tricycle / PUV Operator,Rented (Apartment/House),5,0,0,0
MRK-00687,active,24,0.464,0.2217,0.995,0,10,0.005,0.0,0,0,8.8,2,Agri / Farmer / Fisherfolk,Living with Parents/Relatives,10,0,0,0
MRK-00688,active,24,0.565,0.2325,0.899,0,2,0.022,0.0,0,0,16.1,2,Agri / Farmer / Fisherfolk,Owned (Clean Title),11,0,0,0
MRK-00689,active,36,0.655,0.1819,0.869,0,1,0.045,0.0,0,0,18.2,4,Employed (Private/Gov),Owned (Inherited/Tax Dec),5,0,0,0
MRK-00690,active,36,0.482,0.2875,0.669,1,1,0.111,2230.67,1,0,4.0,1,Tricycle / PUV Operator,Owned (Inherited/Tax Dec),4,1,0,0
MRK-00691,active,12,0.067,0.8,0.752,0,1,0.067,0.0,1,0,14.1,1,Agri / Farmer / Fisherfolk,Rented (Apartment/House),2,1,0,0
MRK-00692,active,12,0.229,0.2938,0.482,1,0,0.071,5030.18,0,0,7.4,1,BPO / Call Center Agent,Owned (Inherited/Tax Dec),8,0,0,0
MRK-00693,active,36,0.419,0.4235,0.571,1,1,0.09,4513.71,0,0,5.8,0,Agri / Farmer / Fisherfolk,Living with Parents/Relatives,9,1,0,0
MRK-00694,active,24,0.389,0.0874,0.793,0,3,0.052,0.0,0,0,9.1,1,OFW Remittance / Dependent,Rented (Apartment/House),1,0,0,0
MRK-00695,active,36,0.228,0.0767,0.979,0,5,0.019,0.0,0,0,6.4,3,Sari-Sari / Small Retail,Owned (Clean Title),7,0,0,0
MRK-00696,active,24,0.763,0.5008,0.451,1,0,0.086,7669.22,1,0,6.8,1,Sari-Sari / Small Retail,Living with Parents/Relatives,12,1,0,0
MRK-00697,active,24,0.809,0.5478,0.98,0,9,0.026,0.0,0,0,3.9,1,Public School Teacher,Rented (Apartment/House),11,0,0,0
MRK-00698,active,12,0.507,0.1357,0.95,0,6,0.001,0.0,0,0,6.9,3,OFW Remittance / Dependent,Living with Parents/Relatives,5,0,0,0
MRK-00699,active,36,0.721,0.3616,0.754,0,2,0.065,0.0,0,0,7.7,3,Tricycle / PUV Operator,Living with Parents/Relatives,2,0,0,0
MRK-00700,active,24,0.342,0.5768,0.323,1,0,0.105,8106.27,0,0,10.0,1,Sari-Sari / Small Retail,Living with Parents/Relatives,2,1,0,0
MRK-00701,active,36,0.943,0.3423,0.881,0,2,0.043,0.0,0,0,4.4,1,Public School Teacher,Living with Parents/Relatives,2,0,0,0
MRK-00702,active,36,0.675,0.2338,0.707,1,3,0.04,3669.33,0,0,5.7,3,Employed (Private/Gov),Owned (Inherited/Tax Dec),3,0,0,0
MRK-00703,active,12,0.203,0.7344,0.576,1,2,0.121,13492.6,0,0,12.0,4,OFW Remittance / Dependent,Rented (Apartment/House),1,1,0,0
MRK-00704,active,24,0.097,0.0742,0.995,0,6,0.028,0.0,0,0,13.2,4,Tricycle / PUV Operator,Rented (Apartment/House),2,0,0,0
MRK-00705,active,36,0.282,0.1461,0.929,0,10,0.017,0.0,0,0,6.2,2,Public School Teacher,Owned (Inherited/Tax Dec),9,0,0,0
MRK-00706,active,12,0.206,0.1795,0.801,0,1,0.038,0.0,0,0,5.8,3,Employed (Private/Gov),Owned (Clean Title),3,0,0,0
MRK-00707,active,36,0.815,0.2713,0.785,0,3,0.035,0.0,0,0,5.7,2,Tricycle / PUV Operator,Living with Parents/Relatives,7,0,0,0
MRK-00708,active,36,0.792,0.0612,0.781,0,3,0.032,0.0,0,0,4.2,3,Tricycle / PUV Operator,Living with Parents/Relatives,4,0,0,0
MRK-00709,active,36,0.19,0.2054,0.778,0,3,0.066,0.0,0,0,21.5,0,OFW Remittance / Dependent,Rented (Apartment/House),1,0,0,0
MRK-00710,active,24,0.118,0.3118,0.716,1,3,0.052,6022.2,0,0,12.7,0,Tricycle / PUV Operator,Living with Parents/Relatives,6,0,0,0
MRK-00711,active,12,0.24,0.8,0.751,0,1,0.085,0.0,0,0,3.1,1,Tricycle / PUV Operator,Owned (Clean Title),9,0,0,0
MRK-00712,active,12,0.566,0.2425,0.955,0,7,0.028,0.0,0,0,6.0,1,OFW Remittance / Dependent,Owned (Inherited/Tax Dec),10,0,0,0
MRK-00713,active,24,0.558,0.4988,0.596,1,2,0.079,7807.22,1,0,3.1,1,Agri / Farmer / Fisherfolk,Living with Parents/Relatives,7,1,0,0
MRK-00714,active,12,0.415,0.8,0.397,1,1,0.244,9919.25,0,0,7.0,4,Sari-Sari / Small Retail,Owned (Inherited/Tax Dec),9,1,0,0
MRK-00715,active,12,0.371,0.0877,0.917,0,8,0.003,0.0,0,0,4.9,2,OFW Remittance / Dependent,Owned (Clean Title),12,0,0,0
MRK-00716,active,24,0.52,0.2746,0.673,1,1,0.076,5806.44,0,0,5.2,0,OFW Remittance / Dependent,Rented (Apartment/House),3,1,0,0
MRK-00717,active,12,0.77,0.5201,0.924,0,3,0.011,0.0,0,0,4.9,1,Sari-Sari / Small Retail,Rented (Apartment/House),4,0,0,0
MRK-00718,active,24,0.216,0.3625,0.813,0,2,0.018,0.0,1,1,10.9,3,BPO / Call Center Agent,Rented (Apartment/House),5,0,0,0
MRK-00719,active,36,0.09,0.4188,0.756,0,1,0.04,0.0,0,0,5.9,3,Sari-Sari / Small Retail,Owned (Inherited/Tax Dec),6,1,0,0
MRK-00720,active,24,0.393,0.7209,0.504,1,0,0.123,7389.0,0,0,10.6,3,Tricycle / PUV Operator,Owned (Clean Title),1,1,0,0
MRK-00721,active,24,0.798,0.0617,0.919,0,5,0.032,0.0,1,0,1.9,0,Agri / Farmer / Fisherfolk,Rented (Apartment/House),11,0,0,0
MRK-00722,active,24,0.572,0.2263,0.802,0,1,0.035,0.0,0,0,19.3,0,BPO / Call Center Agent,Living with Parents/Relatives,12,0,0,0
MRK-00723,active,12,0.087,0.4043,0.447,1,1,0.239,5773.23,1,0,2.2,2,OFW Remittance / Dependent,Owned (Clean Title),2,1,0,0
MRK-00724,active,36,0.267,0.0769,0.899,0,4,0.006,0.0,0,0,3.1,3,OFW Remittance / Dependent,Rented (Apartment/House),8,1,0,0
MRK-00725,active,24,0.908,0.2422,0.873,0,3,0.012,0.0,0,0,4.5,2,Tricycle / PUV Operator,Living with Parents/Relatives,11,0,0,0
MRK-00726,active,12,0.31,0.6259,0.946,0,6,0.021,0.0,0,0,10.5,0,Sari-Sari / Small Retail,Living with Parents/Relatives,6,0,0,0
MRK-00727,active,36,0.47,0.0827,0.899,0,10,0.015,0.0,0,0,13.1,2,OFW Remittance / Dependent,Owned (Clean Title),12,0,0,0
MRK-00728,active,24,0.44,0.354,0.938,0,6,0.005,0.0,0,0,6.1,1,Agri / Farmer / Fisherfolk,Owned (Inherited/Tax Dec),3,0,0,0
MRK-00729,active,12,0.373,0.4172,0.698,1,0,0.067,8666.8,1,0,4.6,3,OFW Remittance / Dependent,Living with Parents/Relatives,3,0,0,0
MRK-00730,active,24,0.903,0.4131,0.761,0,0,0.024,0.0,0,0,1.8,2,Tricycle / PUV Operator,Rented (Apartment/House),6,0,0,0
MRK-00731,active,24,0.157,0.186,0.789,0,4,0.029,0.0,0,0,4.9,3,Employed (Private/Gov),Owned (Clean Title),4,1,0,0
MRK-00732,active,12,0.749,0.4479,0.786,0,1,0.048,0.0,0,0,4.0,2,Employed (Private/Gov),Owned (Inherited/Tax Dec),9,0,0,0
MRK-00733,active,36,0.573,0.1354,0.963,0,9,0.005,0.0,1,0,5.7,4,OFW Remittance / Dependent,Rented (Apartment/House),6,0,0,0
MRK-00734,active,24,0.16,0.2268,0.639,1,0,0.142,3567.43,0,0,7.1,3,Public School Teacher,Owned (Inherited/Tax Dec),4,1,0,0
MRK-00735,active,24,0.361,0.179,0.961,0,3,0.015,0.0,0,0,5.1,1,Public School Teacher,Rented (Apartment/House),11,0,0,0
MRK-00736,active,24,0.642,0.1574,0.884,0,5,0.04,0.0,0,0,4.7,2,Employed (Private/Gov),Rented (Apartment/House),10,0,0,0
MRK-00737,active,24,0.082,0.0525,0.979,0,5,0.01,0.0,0,0,1.7,0,Employed (Private/Gov),Owned (Clean Title),2,0,0,0
MRK-00738,active,24,0.058,0.2723,0.781,0,2,0.066,0.0,0,0,7.9,0,BPO / Call Center Agent,Owned (Clean Title),3,0,0,0
MRK-00739,active,24,0.495,0.565,0.935,0,8,0.002,0.0,0,0,12.6,4,Agri / Farmer / Fisherfolk,Rented (Apartment/House),1,0,0,0
MRK-00740,active,12,0.731,0.7171,0.974,0,5,0.011,0.0,0,0,8.0,3,Sari-Sari / Small Retail,Rented (Apartment/House),8,0,0,0
MRK-00741,active,24,0.442,0.3452,0.775,0,1,0.022,0.0,0,0,12.7,0,Agri / Farmer / Fisherfolk,Rented (Apartment/House),6,0,0,0
MRK-00742,active,36,0.087,0.2058,0.755,1,3,0.043,3099.93,1,0,25.3,1,Public School Teacher,Rented (Apartment/House),12,0,0,0
MRK-00743,active,36,0.276,0.336,0.634,1,2,0.079,3490.51,0,0,8.5,0,Tricycle / PUV Operator,Owned (Clean Title),3,1,0,0
MRK-00744,active,24,0.773,0.1913,0.86,0,5,0.001,0.0,0,0,4.5,4,Public School Teacher,Living with Parents/Relatives,8,0,0,0
MRK-00745,active,36,0.59,0.1144,0.889,0,3,0.028,0.0,0,0,9.4,0,Sari-Sari / Small Retail,Living with Parents/Relatives,7,0,0,0
MRK-00746,active,12,0.596,0.4119,0.893,0,1,0.009,0.0,0,0,6.2,0,BPO / Call Center Agent,Rented (Apartment/House),5,0,0,0
MRK-00747,active,12,0.497,0.3664,0.909,0,3,0.007,0.0,0,0,7.1,0,BPO / Call Center Agent,Living with Parents/Relatives,9,0,0,0
MRK-00748,active,36,0.199,0.1798,0.816,0,5,0.058,0.0,0,0,1.5,2,BPO / Call Center Agent,Living with Parents/Relatives,9,0,0,0
MRK-00749,active,12,0.273,0.2466,0.913,0,3,0.024,0.0,0,0,4.7,0,BPO / Call Center Agent,Owned (Inherited/Tax Dec),3,0,0,0
MRK-00750,active,24,0.585,0.1672,0.912,0,3,0.023,0.0,0,0,12.2,2,Public School Teacher,Living with Parents/Relatives,9,0,0,0
MRK-00751,active,12,0.175,0.5285,0.737,0,2,0.094,0.0,0,0,8.7,3,Sari-Sari / Small Retail,Owned (Clean Title),5,0,0,0
MRK-00752,active,24,0.699,0.206,0.775,0,3,0.042,0.0,1,0,10.7,1,OFW Remittance / Dependent,Living with Parents/Relatives,5,0,0,0
MRK-00753,active,24,0.123,0.2176,0.916,0,1,0.058,0.0,0,0,13.4,0,Employed (Private/Gov),Owned (Clean Title),7,0,0,0
MRK-00754,active,24,0.136,0.3171,0.947,0,5,0.003,0.0,0,0,3.5,1,Employed (Private/Gov),Rented (Apartment/House),1,0,0,0
MRK-00755,active,12,0.067,0.1146,0.994,0,7,0.012,0.0,0,0,9.3,1,Employed (Private/Gov),Owned (Inherited/Tax Dec),7,0,0,0
MRK-00756,active,24,0.35,0.2598,0.738,1,0,0.089,4974.26,1,0,6.6,2,Agri / Farmer / Fisherfolk,Owned (Inherited/Tax Dec),11,0,0,0
MRK-00757,active,12,0.729,0.5308,0.784,1,2,0.088,11208.95,1,0,5.0,4,Employed (Private/Gov),Owned (Inherited/Tax Dec),12,1,0,0
MRK-00758,active,36,0.769,0.1932,0.82,0,2,0.033,0.0,0,0,9.4,3,Public School Teacher,Living with Parents/Relatives,7,0,0,0
MRK-00759,active,12,0.378,0.217,0.983,0,5,0.004,0.0,0,0,4.9,3,OFW Remittance / Dependent,Owned (Clean Title),10,0,0,0
MRK-00760,active,24,0.209,0.4267,0.542,1,0,0.202,3843.69,0,0,5.5,4,Tricycle / PUV Operator,Living with Parents/Relatives,5,1,0,0
MRK-00761,active,24,0.502,0.0865,0.888,0,4,0.045,0.0,0,1,1.9,2,Public School Teacher,Owned (Clean Title),4,0,0,0
MRK-00762,active,12,0.788,0.2061,0.913,0,2,0.02,0.0,0,0,8.1,2,OFW Remittance / Dependent,Owned (Inherited/Tax Dec),7,0,0,0
MRK-00763,active,12,0.765,0.4521,0.955,0,10,0.01,0.0,0,0,13.3,0,Public School Teacher,Rented (Apartment/House),5,0,0,0
MRK-00764,active,24,0.113,0.0621,0.943,0,3,0.023,0.0,0,0,2.6,0,OFW Remittance / Dependent,Living with Parents/Relatives,7,0,0,0
MRK-00765,active,24,0.138,0.2109,0.718,0,0,0.068,0.0,0,0,4.4,2,BPO / Call Center Agent,Owned (Clean Title),4,0,0,0
MRK-00766,active,12,0.259,0.1596,0.87,0,1,0.053,0.0,0,0,13.8,2,Employed (Private/Gov),Owned (Inherited/Tax Dec),3,0,0,0
MRK-00767,active,24,0.851,0.2258,0.797,0,3,0.071,0.0,0,0,5.8,2,Tricycle / PUV Operator,Rented (Apartment/House),12,0,0,0
MRK-00768,active,24,0.123,0.1547,0.833,0,5,0.041,0.0,0,0,9.0,1,Sari-Sari / Small Retail,Living with Parents/Relatives,7,0,0,0
MRK-00769,active,24,0.341,0.228,0.493,1,1,0.089,2760.42,1,0,6.9,1,BPO / Call Center Agent,Owned (Clean Title),4,1,0,0
MRK-00770,active,24,0.094,0.3411,0.466,1,1,0.135,6160.72,0,0,4.2,1,BPO / Call Center Agent,Rented (Apartment/House),9,1,0,0
MRK-00771,active,24,0.226,0.3065,0.732,0,3,0.056,0.0,1,0,1.0,3,Sari-Sari / Small Retail,Rented (Apartment/House),2,0,0,0
MRK-00772,active,12,0.705,0.1877,0.883,0,3,0.024,0.0,0,0,21.3,1,OFW Remittance / Dependent,Owned (Clean Title),9,0,0,0
MRK-00773,active,24,0.271,0.2175,0.794,0,2,0.043,0.0,0,0,2.4,1,BPO / Call Center Agent,Rented (Apartment/House),12,0,0,0
MRK-00774,active,12,0.204,0.7146,0.788,0,1,0.006,0.0,0,0,2.8,3,Sari-Sari / Small Retail,Owned (Inherited/Tax Dec),3,0,0,0
MRK-00775,active,36,0.255,0.3137,0.935,0,4,0.021,0.0,0,0,6.7,2,Agri / Farmer / Fisherfolk,Living with Parents/Relatives,3,1,0,0
MRK-00776,active,36,0.408,0.1358,0.914,0,10,0.024,0.0,0,0,4.0,2,Agri / Farmer / Fisherfolk,Rented (Apartment/House),11,0,0,0
MRK-00777,active,36,0.429,0.2002,0.706,0,1,0.071,0.0,0,0,1.7,0,Employed (Private/Gov),Owned (Clean Title),3,0,0,0
MRK-00778,active,36,0.133,0.2152,0.955,0,5,0.015,0.0,0,0,10.6,4,Agri / Farmer / Fisherfolk,Rented (Apartment/House),11,0,0,0
MRK-00779,active,36,0.28,0.193,0.652,1,2,0.077,3224.11,0,0,10.2,2,BPO / Call Center Agent,Owned (Clean Title),7,1,0,0
MRK-00780,active,36,0.747,0.215,0.892,0,5,0.008,0.0,0,0,8.3,1,Sari-Sari / Small Retail,Rented (Apartment/House),7,0,0,0
MRK-00781,active,36,0.17,0.0837,0.99,0,4,0.011,0.0,0,0,6.1,2,Tricycle / PUV Operator,Owned (Clean Title),8,0,0,0
MRK-00782,active,24,0.291,0.204,0.704,0,1,0.023,0.0,0,1,2.4,2,Public School Teacher,Owned (Inherited/Tax Dec),8,0,0,0
MRK-00783,active,36,0.498,0.2209,0.94,0,6,0.019,0.0,0,0,5.9,2,BPO / Call Center Agent,Rented (Apartment/House),6,0,0,0
MRK-00784,active,36,0.197,0.2382,0.939,0,5,0.027,0.0,0,0,5.5,2,Sari-Sari / Small Retail,Living with Parents/Relatives,3,0,0,0
MRK-00785,active,36,0.526,0.1301,0.975,0,4,0.004,0.0,0,0,3.5,1,Tricycle / PUV Operator,Owned (Clean Title),6,0,0,0
MRK-00786,active,24,0.432,0.1753,0.947,0,5,0.027,0.0,1,0,19.2,4,BPO / Call Center Agent,Living with Parents/Relatives,9,0,0,0
MRK-00787,active,36,0.77,0.0537,0.922,0,6,0.007,0.0,0,0,8.4,1,Sari-Sari / Small Retail,Living with Parents/Relatives,7,0,0,0
MRK-00788,active,12,0.426,0.4353,0.485,1,1,0.106,5568.81,0,0,6.7,2,BPO / Call Center Agent,Owned (Clean Title),10,1,0,0
MRK-00789,active,36,0.341,0.3798,0.671,1,0,0.078,5495.37,0,0,6.6,4,Sari-Sari / Small Retail,Owned (Inherited/Tax Dec),11,0,0,0
MRK-00790,active,36,0.216,0.1836,0.913,0,10,0.012,0.0,1,0,10.1,2,Public School Teacher,Owned (Inherited/Tax Dec),8,0,0,0
MRK-00791,active,36,0.563,0.2114,0.779,0,2,0.078,0.0,0,0,1.0,3,Employed (Private/Gov),Owned (Clean Title),1,0,0,0
MRK-00792,active,24,0.647,0.334,0.838,0,2,0.013,0.0,0,0,17.6,2,Sari-Sari / Small Retail,Owned (Clean Title),9,0,0,0
MRK-00793,active,24,0.105,0.1999,0.5,1,1,0.073,2929.72,0,0,10.5,4,Public School Teacher,Owned (Inherited/Tax Dec),5,1,0,0
MRK-00794,active,12,0.194,0.4024,0.921,0,3,0.004,0.0,0,0,6.9,3,Employed (Private/Gov),Owned (Inherited/Tax Dec),5,0,0,0
MRK-00795,active,24,0.709,0.3062,0.944,0,6,0.022,0.0,0,0,7.7,2,Agri / Farmer / Fisherfolk,Owned (Clean Title),7,0,0,0
MRK-00796,active,12,0.53,0.6057,0.826,0,4,0.005,0.0,0,0,7.5,1,OFW Remittance / Dependent,Owned (Inherited/Tax Dec),11,0,0,0
MRK-00797,active,12,0.157,0.286,0.858,0,2,0.003,0.0,0,0,5.5,4,Agri / Farmer / Fisherfolk,Rented (Apartment/House),10,0,0,0
MRK-00798,active,24,0.298,0.3788,0.654,1,2,0.138,8238.33,0,0,2.9,1,Employed (Private/Gov),Living with Parents/Relatives,2,1,0,0
MRK-00799,active,12,0.251,0.1351,0.896,0,10,0.016,0.0,0,0,5.1,2,Public School Teacher,Living with Parents/Relatives,9,0,0,0
MRK-00800,active,12,0.733,0.4556,0.908,0,3,0.024,0.0,0,0,6.7,3,Agri / Farmer / Fisherfolk,Rented (Apartment/House),6,0,0,0
MRK-00801,active,36,0.092,0.2852,0.552,1,2,0.094,3408.7,0,0,24.6,0,Tricycle / PUV Operator,Owned (Clean Title),4,1,0,0
MRK-00802,active,36,0.381,0.2413,0.881,0,5,0.046,0.0,0,0,3.5,0,Public School Teacher,Owned (Inherited/Tax Dec),10,0,0,0
MRK-00803,active,24,0.662,0.0803,0.913,0,2,0.032,0.0,0,0,9.5,2,BPO / Call Center Agent,Owned (Inherited/Tax Dec),1,0,0,0
MRK-00804,active,12,0.589,0.4735,0.813,0,4,0.009,0.0,0,0,8.2,2,BPO / Call Center Agent,Owned (Inherited/Tax Dec),3,0,0,0
MRK-00805,active,24,0.688,0.2377,0.919,0,1,0.031,0.0,1,0,12.8,2,Employed (Private/Gov),Owned (Inherited/Tax Dec),8,0,0,0
MRK-00806,active,12,0.55,0.1179,0.915,0,1,0.059,0.0,0,1,3.8,1,OFW Remittance / Dependent,Owned (Clean Title),2,0,0,0
MRK-00807,active,24,0.47,0.2298,0.823,0,4,0.05,0.0,0,0,7.2,1,Employed (Private/Gov),Owned (Inherited/Tax Dec),4,0,0,0
MRK-00808,active,36,0.63,0.05,0.991,0,4,0.018,0.0,0,0,2.8,1,OFW Remittance / Dependent,Owned (Clean Title),3,0,0,0
MRK-00809,active,12,0.272,0.1917,0.918,0,6,0.004,0.0,0,0,8.0,4,Employed (Private/Gov),Living with Parents/Relatives,10,0,0,0
MRK-00810,active,12,0.682,0.5517,0.487,1,1,0.175,10751.89,0,0,11.4,1,Employed (Private/Gov),Owned (Inherited/Tax Dec),4,1,0,0
MRK-00811,active,12,0.198,0.3509,0.749,0,1,0.065,0.0,0,0,5.2,4,Public School Teacher,Owned (Inherited/Tax Dec),1,0,0,0
MRK-00812,active,36,0.865,0.0653,0.914,0,10,0.017,0.0,0,0,2.3,1,Sari-Sari / Small Retail,Living with Parents/Relatives,6,0,0,0
MRK-00813,active,24,0.195,0.1185,0.895,0,2,0.003,0.0,0,0,11.6,2,BPO / Call Center Agent,Rented (Apartment/House),12,0,0,0
MRK-00814,active,36,0.242,0.2764,0.586,1,0,0.134,5027.71,0,0,4.9,1,Tricycle / PUV Operator,Owned (Inherited/Tax Dec),8,1,0,0
MRK-00815,active,12,0.655,0.2165,0.995,0,6,0.013,0.0,1,0,4.8,0,Tricycle / PUV Operator,Owned (Inherited/Tax Dec),5,0,0,0
MRK-00816,active,12,0.685,0.7781,0.359,1,1,0.223,7117.64,0,0,8.9,3,OFW Remittance / Dependent,Owned (Inherited/Tax Dec),7,1,0,0
MRK-00817,active,36,0.744,0.1221,0.813,0,1,0.004,0.0,0,0,10.6,1,BPO / Call Center Agent,Rented (Apartment/House),12,0,0,0
MRK-00818,active,36,0.54,0.1251,0.869,0,1,0.011,0.0,0,0,6.6,0,Public School Teacher,Rented (Apartment/House),8,0,0,0
MRK-00819,active,12,0.209,0.7971,0.54,1,1,0.18,12808.52,0,0,2.4,1,Agri / Farmer / Fisherfolk,Rented (Apartment/House),1,1,0,0
MRK-00820,active,36,0.135,0.0944,0.861,0,1,0.028,0.0,0,0,3.2,4,BPO / Call Center Agent,Rented (Apartment/House),3,0,0,0
MRK-00821,active,24,0.82,0.0987,0.913,0,9,0.009,0.0,0,0,7.9,1,BPO / Call Center Agent,Living with Parents/Relatives,4,0,0,0
MRK-00822,active,36,0.384,0.05,0.889,0,7,0.011,0.0,0,0,1.8,1,Employed (Private/Gov),Living with Parents/Relatives,10,0,0,0
MRK-00823,active,36,0.277,0.1314,0.827,0,2,0.055,0.0,0,0,13.5,2,BPO / Call Center Agent,Living with Parents/Relatives,8,0,0,0
MRK-00824,active,36,0.117,0.2033,0.982,0,3,0.02,0.0,0,0,2.3,2,Public School Teacher,Owned (Clean Title),12,0,0,0
MRK-00825,active,36,0.346,0.3511,0.765,0,0,0.056,0.0,0,0,8.5,0,Public School Teacher,Living with Parents/Relatives,8,0,0,0
MRK-00826,active,12,0.472,0.1483,0.991,0,8,0.02,0.0,0,0,10.3,0,BPO / Call Center Agent,Owned (Clean Title),5,0,0,0
MRK-00827,active,24,0.495,0.5066,0.395,1,0,0.109,7232.79,1,0,4.7,1,BPO / Call Center Agent,Rented (Apartment/House),5,1,0,0
MRK-00828,active,36,0.117,0.2537,0.467,1,0,0.248,2215.95,1,0,4.4,0,BPO / Call Center Agent,Rented (Apartment/House),7,1,0,0
MRK-00829,active,36,0.705,0.1787,0.782,0,2,0.041,0.0,0,0,7.1,2,BPO / Call Center Agent,Owned (Inherited/Tax Dec),2,0,0,0
MRK-00830,active,36,0.36,0.2389,0.913,0,4,0.026,0.0,0,0,10.2,0,Agri / Farmer / Fisherfolk,Living with Parents/Relatives,12,0,0,0
MRK-00831,active,36,0.568,0.363,0.539,1,2,0.058,5659.34,0,0,5.3,0,Tricycle / PUV Operator,Rented (Apartment/House),3,1,0,0
MRK-00832,active,24,0.872,0.1368,0.968,0,5,0.024,0.0,0,0,8.0,0,Public School Teacher,Owned (Inherited/Tax Dec),10,0,0,0
MRK-00833,active,24,0.715,0.2186,0.881,0,3,0.014,0.0,0,0,4.0,1,Sari-Sari / Small Retail,Owned (Inherited/Tax Dec),2,0,0,0
MRK-00834,active,36,0.486,0.0995,0.941,0,4,0.029,0.0,0,0,6.6,2,Sari-Sari / Small Retail,Living with Parents/Relatives,11,0,0,0
MRK-00835,active,24,0.218,0.2857,0.566,1,2,0.1,4456.58,0,0,5.5,4,Agri / Farmer / Fisherfolk,Owned (Inherited/Tax Dec),10,1,0,0
MRK-00836,active,12,0.267,0.4328,0.539,1,1,0.099,8799.18,0,1,2.7,1,BPO / Call Center Agent,Owned (Inherited/Tax Dec),1,1,0,0
MRK-00837,active,24,0.254,0.229,0.805,0,0,0.092,0.0,1,0,6.5,1,Agri / Farmer / Fisherfolk,Living with Parents/Relatives,7,0,0,0
MRK-00838,active,24,0.59,0.062,0.947,0,9,0.007,0.0,0,0,3.8,3,Public School Teacher,Owned (Inherited/Tax Dec),7,0,0,0
MRK-00839,active,36,0.095,0.1626,0.821,0,2,0.052,0.0,0,0,9.8,1,OFW Remittance / Dependent,Rented (Apartment/House),11,1,0,0
MRK-00840,active,12,0.93,0.6419,0.912,0,8,0.028,0.0,0,0,6.8,0,Tricycle / PUV Operator,Owned (Inherited/Tax Dec),10,0,0,0
MRK-00841,active,12,0.108,0.8,0.52,1,2,0.148,12928.15,1,0,4.8,3,Employed (Private/Gov),Owned (Clean Title),3,1,0,0
MRK-00842,active,36,0.199,0.05,0.961,0,8,0.02,0.0,0,0,7.4,2,Public School Teacher,Owned (Inherited/Tax Dec),6,0,0,0
MRK-00843,active,12,0.885,0.4357,0.679,1,1,0.039,8680.85,0,0,8.8,1,Employed (Private/Gov),Living with Parents/Relatives,8,0,0,0
MRK-00844,active,24,0.173,0.1288,0.989,0,6,0.008,0.0,1,0,1.6,1,Tricycle / PUV Operator,Owned (Inherited/Tax Dec),4,0,0,0
MRK-00845,active,36,0.715,0.05,0.882,0,9,0.002,0.0,0,0,8.5,1,Employed (Private/Gov),Rented (Apartment/House),10,0,0,0
MRK-00846,active,24,0.395,0.1629,0.915,0,7,0.005,0.0,0,0,20.6,0,OFW Remittance / Dependent,Owned (Inherited/Tax Dec),9,0,0,0
MRK-00847,active,24,0.63,0.128,0.945,0,10,0.03,0.0,0,0,14.2,2,Tricycle / PUV Operator,Owned (Clean Title),8,0,0,0
MRK-00848,active,24,0.281,0.2067,0.945,0,10,0.002,0.0,0,0,4.3,2,OFW Remittance / Dependent,Rented (Apartment/House),11,0,0,0
MRK-00849,active,24,0.648,0.2123,0.914,0,5,0.03,0.0,0,0,7.2,0,BPO / Call Center Agent,Owned (Inherited/Tax Dec),12,0,0,0
MRK-00850,active,36,0.361,0.05,0.976,0,7,0.025,0.0,0,0,11.0,0,Agri / Farmer / Fisherfolk,Owned (Clean Title),9,0,0,0
MRK-00851,active,12,0.708,0.308,0.962,0,5,0.007,0.0,1,0,1.5,1,OFW Remittance / Dependent,Living with Parents/Relatives,3,1,0,0
MRK-00852,active,12,0.391,0.8,0.655,1,1,0.087,11795.44,1,0,6.0,1,Employed (Private/Gov),Owned (Inherited/Tax Dec),8,1,0,0
MRK-00853,active,24,0.207,0.2695,0.9,0,3,0.035,0.0,0,0,22.0,2,BPO / Call Center Agent,Owned (Clean Title),5,0,0,0
MRK-00854,active,12,0.652,0.345,0.379,1,1,0.221,5270.24,1,0,3.4,3,OFW Remittance / Dependent,Rented (Apartment/House),5,1,0,0
MRK-00855,active,24,0.308,0.4583,0.391,1,1,0.26,7527.98,0,0,3.0,2,Agri / Farmer / Fisherfolk,Owned (Inherited/Tax Dec),10,1,0,0
MRK-00856,active,24,0.398,0.2235,0.899,0,2,0.048,0.0,0,0,12.2,1,BPO / Call Center Agent,Owned (Inherited/Tax Dec),6,0,0,0
MRK-00857,active,36,0.253,0.3509,0.542,1,2,0.06,4636.79,1,0,1.0,0,BPO / Call Center Agent,Living with Parents/Relatives,6,1,0,0
MRK-00858,active,36,0.265,0.05,0.915,0,7,0.019,0.0,0,0,2.1,0,BPO / Call Center Agent,Living with Parents/Relatives,6,0,0,0
MRK-00859,active,24,0.321,0.245,0.797,0,2,0.03,0.0,0,0,5.9,0,OFW Remittance / Dependent,Rented (Apartment/House),7,0,0,0
MRK-00860,active,12,0.21,0.4901,0.482,1,1,0.086,5363.19,0,0,6.2,1,Agri / Farmer / Fisherfolk,Owned (Clean Title),10,1,0,0
MRK-00861,active,24,0.615,0.2211,0.658,1,2,0.058,3012.86,0,0,6.3,0,OFW Remittance / Dependent,Living with Parents/Relatives,5,0,0,0
MRK-00862,active,12,0.759,0.8,0.513,1,0,0.217,13593.52,1,0,1.4,2,Employed (Private/Gov),Owned (Clean Title),2,1,0,0
MRK-00863,active,36,0.072,0.05,0.908,0,5,0.003,0.0,0,0,12.9,3,OFW Remittance / Dependent,Owned (Clean Title),11,0,0,0
MRK-00864,active,24,0.585,0.1455,0.916,0,8,0.002,0.0,0,0,8.1,2,BPO / Call Center Agent,Owned (Inherited/Tax Dec),9,0,0,0
MRK-00865,active,24,0.792,0.1836,0.955,0,6,0.011,0.0,0,0,3.7,2,Public School Teacher,Owned (Inherited/Tax Dec),1,0,0,0
MRK-00866,active,36,0.283,0.2561,0.976,0,6,0.022,0.0,0,0,8.2,1,Agri / Farmer / Fisherfolk,Living with Parents/Relatives,8,0,0,0
MRK-00867,active,24,0.395,0.3178,0.507,1,2,0.15,3946.69,0,0,8.8,1,Public School Teacher,Owned (Inherited/Tax Dec),4,1,0,0
MRK-00868,active,36,0.486,0.2278,0.927,0,7,0.002,0.0,0,0,4.6,2,BPO / Call Center Agent,Owned (Clean Title),2,0,0,0
MRK-00869,active,36,0.456,0.184,0.849,0,5,0.049,0.0,1,0,17.1,1,BPO / Call Center Agent,Owned (Clean Title),7,0,0,0
MRK-00870,active,24,0.433,0.3375,0.989,0,6,0.022,0.0,0,0,6.3,4,Tricycle / PUV Operator,Owned (Clean Title),11,0,0,0
MRK-00871,active,12,0.575,0.671,0.542,1,1,0.097,8320.78,0,0,12.0,3,Sari-Sari / Small Retail,Owned (Clean Title),7,1,0,0
MRK-00872,active,24,0.576,0.1856,0.479,1,1,0.123,2705.14,0,0,3.3,0,BPO / Call Center Agent,Owned (Inherited/Tax Dec),4,1,0,0
MRK-00873,active,36,0.918,0.1243,0.893,0,5,0.034,0.0,0,0,8.1,0,Tricycle / PUV Operator,Owned (Clean Title),1,0,0,0
MRK-00874,active,12,0.626,0.5547,0.905,0,7,0.014,0.0,0,0,9.8,2,Tricycle / PUV Operator,Owned (Clean Title),1,0,0,0
MRK-00875,active,24,0.18,0.4078,0.675,1,2,0.164,3662.22,0,0,6.3,2,Tricycle / PUV Operator,Owned (Clean Title),8,1,0,0
MRK-00876,active,12,0.242,0.6224,0.876,0,5,0.015,0.0,0,0,8.1,0,Tricycle / PUV Operator,Owned (Inherited/Tax Dec),5,0,0,0
MRK-00877,active,36,0.064,0.1465,0.896,0,5,0.004,0.0,0,0,4.8,2,Tricycle / PUV Operator,Rented (Apartment/House),7,0,0,0
MRK-00878,active,12,0.358,0.5533,0.468,1,0,0.116,7551.92,0,0,7.5,2,Public School Teacher,Living with Parents/Relatives,11,1,0,0
MRK-00879,active,36,0.14,0.2777,0.663,1,2,0.092,2924.65,0,0,4.4,1,Tricycle / PUV Operator,Owned (Clean Title),5,1,0,0
MRK-00880,active,36,0.749,0.1756,0.949,0,8,0.008,0.0,0,0,13.5,0,Sari-Sari / Small Retail,Owned (Inherited/Tax Dec),6,0,0,0
MRK-00881,active,24,0.871,0.2744,0.903,0,1,0.026,0.0,0,0,1.0,3,Tricycle / PUV Operator,Owned (Inherited/Tax Dec),3,0,0,0
MRK-00882,active,24,0.256,0.2832,0.744,1,0,0.038,6520.95,0,0,5.6,3,OFW Remittance / Dependent,Rented (Apartment/House),3,0,0,0
MRK-00883,active,36,0.514,0.3614,0.678,1,0,0.052,4937.49,1,0,16.4,1,Tricycle / PUV Operator,Owned (Clean Title),9,1,0,0
MRK-00884,active,12,0.661,0.4359,0.888,0,5,0.03,0.0,0,0,7.7,3,Employed (Private/Gov),Living with Parents/Relatives,9,0,0,0
MRK-00885,active,36,0.522,0.5,0.799,0,1,0.043,0.0,0,0,9.6,2,Sari-Sari / Small Retail,Owned (Clean Title),12,1,0,0
MRK-00886,active,24,0.669,0.0817,0.953,0,5,0.018,0.0,0,0,2.7,3,OFW Remittance / Dependent,Living with Parents/Relatives,1,0,0,0
MRK-00887,active,24,0.619,0.3677,0.886,0,2,0.014,0.0,0,0,14.5,1,Agri / Farmer / Fisherfolk,Rented (Apartment/House),3,0,0,0
MRK-00888,active,12,0.619,0.8,0.726,0,2,0.049,0.0,0,0,5.9,2,Tricycle / PUV Operator,Owned (Inherited/Tax Dec),6,0,0,0
MRK-00889,active,12,0.904,0.8,0.401,1,1,0.103,13939.46,0,0,2.8,2,Public School Teacher,Living with Parents/Relatives,6,1,0,0
MRK-00890,active,24,0.18,0.1425,0.963,0,7,0.017,0.0,0,0,6.0,2,OFW Remittance / Dependent,Rented (Apartment/House),7,0,0,0
MRK-00891,active,36,0.521,0.6195,0.531,1,0,0.164,5282.4,0,0,5.7,3,Tricycle / PUV Operator,Owned (Clean Title),7,1,0,0
MRK-00892,active,24,0.405,0.3463,0.848,0,5,0.056,0.0,0,0,7.1,1,Tricycle / PUV Operator,Rented (Apartment/House),10,0,0,0
MRK-00893,active,36,0.712,0.3487,0.792,1,3,0.068,4963.44,0,0,9.6,2,Sari-Sari / Small Retail,Rented (Apartment/House),8,0,0,0
MRK-00894,active,36,0.902,0.3779,0.689,0,3,0.069,0.0,0,0,9.5,3,Employed (Private/Gov),Owned (Inherited/Tax Dec),3,0,0,0
MRK-00895,active,36,0.565,0.2602,0.817,0,2,0.052,0.0,0,0,3.8,1,Tricycle / PUV Operator,Owned (Clean Title),4,0,0,0
MRK-00896,active,24,0.427,0.5442,0.792,0,3,0.074,0.0,0,0,13.0,1,Agri / Farmer / Fisherfolk,Rented (Apartment/House),4,0,0,0
MRK-00897,active,12,0.947,0.3378,0.776,0,3,0.087,0.0,0,0,12.7,1,OFW Remittance / Dependent,Owned (Clean Title),6,0,0,0
MRK-00898,active,12,0.511,0.4994,0.538,1,1,0.135,5578.63,0,0,13.7,0,BPO / Call Center Agent,Owned (Clean Title),8,1,0,0
MRK-00899,active,36,0.474,0.0701,0.846,0,4,0.048,0.0,0,0,8.7,2,OFW Remittance / Dependent,Living with Parents/Relatives,4,0,0,0
MRK-00900,active,24,0.208,0.1596,0.876,0,3,0.052,0.0,1,0,8.1,1,Sari-Sari / Small Retail,Living with Parents/Relatives,12,0,0,0
MRK-00901,active,12,0.483,0.4228,0.98,0,8,0.004,0.0,0,0,5.7,3,Employed (Private/Gov),Owned (Clean Title),7,0,0,0
MRK-00902,active,12,0.169,0.6704,0.562,1,0,0.168,9714.68,0,0,2.6,3,Agri / Farmer / Fisherfolk,Rented (Apartment/House),6,1,0,0
MRK-00903,active,12,0.098,0.4214,0.979,0,7,0.026,0.0,0,0,5.4,2,OFW Remittance / Dependent,Owned (Clean Title),4,0,0,0
MRK-00904,active,36,0.314,0.0976,0.893,0,4,0.003,0.0,0,0,11.3,2,Employed (Private/Gov),Living with Parents/Relatives,10,0,0,0
MRK-00905,active,36,0.486,0.0693,0.963,0,4,0.001,0.0,0,0,9.7,1,Tricycle / PUV Operator,Living with Parents/Relatives,4,0,0,0
MRK-00906,active,24,0.119,0.5253,0.384,1,0,0.091,5385.5,1,0,9.6,1,Employed (Private/Gov),Owned (Inherited/Tax Dec),5,1,0,0
MRK-00907,active,36,0.735,0.2411,0.802,0,5,0.049,0.0,0,0,7.0,2,OFW Remittance / Dependent,Owned (Clean Title),5,0,0,0
MRK-00908,active,24,0.927,0.3841,0.985,0,7,0.026,0.0,0,0,1.0,1,Sari-Sari / Small Retail,Rented (Apartment/House),7,0,0,0
MRK-00909,active,24,0.274,0.2877,0.967,0,4,0.02,0.0,0,0,4.0,2,Public School Teacher,Owned (Clean Title),4,0,0,0
MRK-00910,active,36,0.447,0.3298,0.465,1,2,0.078,3874.61,0,0,4.6,2,BPO / Call Center Agent,Rented (Apartment/House),8,1,0,0
MRK-00911,active,36,0.504,0.3582,0.628,1,2,0.176,6232.33,0,0,2.2,1,Public School Teacher,Rented (Apartment/House),9,1,0,0
MRK-00912,active,12,0.859,0.1604,0.804,0,5,0.055,0.0,0,0,2.1,2,BPO / Call Center Agent,Rented (Apartment/House),5,0,0,0
MRK-00913,active,36,0.426,0.2126,0.845,0,4,0.026,0.0,0,0,14.6,2,Sari-Sari / Small Retail,Owned (Clean Title),10,0,0,0
MRK-00914,active,12,0.914,0.287,0.892,0,3,0.0,0.0,0,0,13.0,1,Agri / Farmer / Fisherfolk,Rented (Apartment/House),7,0,0,0
MRK-00915,active,36,0.402,0.2035,0.77,1,3,0.025,2629.32,0,0,6.6,3,Tricycle / PUV Operator,Living with Parents/Relatives,5,0,0,0
MRK-00916,active,12,0.144,0.17,0.957,0,5,0.011,0.0,0,0,7.0,2,Public School Teacher,Owned (Inherited/Tax Dec),11,0,0,0
MRK-00917,active,12,0.142,0.6733,0.392,1,1,0.127,13326.05,1,0,19.1,2,Public School Teacher,Rented (Apartment/House),4,1,0,0
MRK-00918,active,12,0.121,0.1692,0.906,0,8,0.022,0.0,0,0,4.2,0,Agri / Farmer / Fisherfolk,Living with Parents/Relatives,11,0,0,0
MRK-00919,active,24,0.832,0.4827,0.916,0,1,0.033,0.0,0,0,8.0,4,Agri / Farmer / Fisherfolk,Owned (Clean Title),12,0,0,0
MRK-00920,active,12,0.797,0.3649,0.974,0,3,0.002,0.0,0,0,8.7,1,Agri / Farmer / Fisherfolk,Living with Parents/Relatives,10,0,0,0
MRK-00921,active,12,0.769,0.2686,0.906,0,10,0.001,0.0,0,0,14.8,3,BPO / Call Center Agent,Living with Parents/Relatives,12,0,0,0
MRK-00922,active,24,0.101,0.4822,0.328,1,1,0.194,7000.52,0,0,3.4,3,Employed (Private/Gov),Living with Parents/Relatives,3,1,0,0
MRK-00923,active,24,0.833,0.1584,0.937,0,9,0.027,0.0,0,0,7.6,0,OFW Remittance / Dependent,Living with Parents/Relatives,1,0,0,0
MRK-00924,active,36,0.17,0.1195,0.883,0,8,0.0,0.0,0,0,3.2,1,Sari-Sari / Small Retail,Owned (Inherited/Tax Dec),5,0,0,0
MRK-00925,active,36,0.733,0.4373,0.417,1,1,0.109,4552.29,0,1,5.3,0,OFW Remittance / Dependent,Owned (Inherited/Tax Dec),9,1,0,0
MRK-00926,active,12,0.331,0.1917,0.819,0,3,0.007,0.0,0,0,4.4,1,Agri / Farmer / Fisherfolk,Living with Parents/Relatives,3,0,0,0
MRK-00927,active,24,0.682,0.4352,0.795,1,1,0.056,7510.43,0,0,21.0,1,Sari-Sari / Small Retail,Owned (Clean Title),8,0,0,0
MRK-00928,active,36,0.766,0.2574,0.789,1,0,0.026,4025.83,0,0,4.2,0,Tricycle / PUV Operator,Living with Parents/Relatives,9,0,0,0
MRK-00929,active,12,0.213,0.4493,0.822,0,4,0.01,0.0,1,0,7.7,2,Employed (Private/Gov),Owned (Clean Title),2,0,0,0
MRK-00930,active,12,0.778,0.5081,0.854,0,5,0.044,0.0,0,0,10.5,1,BPO / Call Center Agent,Living with Parents/Relatives,7,0,0,0
MRK-00931,active,24,0.491,0.3918,0.827,0,1,0.017,0.0,0,0,4.0,2,Sari-Sari / Small Retail,Rented (Apartment/House),6,0,0,0
MRK-00932,active,24,0.475,0.0995,0.845,0,1,0.051,0.0,0,0,7.6,3,Employed (Private/Gov),Rented (Apartment/House),1,0,0,0
MRK-00933,active,24,0.885,0.2524,0.791,0,3,0.032,0.0,0,0,8.4,0,BPO / Call Center Agent,Owned (Clean Title),12,0,0,0
MRK-00934,active,24,0.862,0.1603,0.793,0,5,0.015,0.0,0,0,1.9,2,OFW Remittance / Dependent,Owned (Clean Title),9,0,0,0
MRK-00935,active,36,0.323,0.4135,0.653,1,1,0.062,3731.22,0,0,1.8,2,Agri / Farmer / Fisherfolk,Owned (Clean Title),9,1,0,0
MRK-00936,active,36,0.413,0.05,0.925,0,8,0.029,0.0,0,0,8.8,0,Public School Teacher,Owned (Inherited/Tax Dec),12,0,0,0
MRK-00937,active,24,0.071,0.0843,0.904,0,9,0.004,0.0,0,0,4.7,2,OFW Remittance / Dependent,Owned (Clean Title),9,0,0,0
MRK-00938,active,24,0.815,0.3769,0.916,0,4,0.056,0.0,0,0,4.8,2,Public School Teacher,Owned (Clean Title),8,0,0,0
MRK-00939,active,24,0.753,0.0645,0.935,0,5,0.02,0.0,0,0,6.7,1,Agri / Farmer / Fisherfolk,Owned (Inherited/Tax Dec),11,0,0,0
MRK-00940,active,24,0.526,0.31,0.814,0,1,0.035,0.0,0,0,5.6,1,Tricycle / PUV Operator,Rented (Apartment/House),1,0,0,0
MRK-00941,active,36,0.526,0.05,0.987,0,6,0.008,0.0,0,0,11.3,4,Public School Teacher,Living with Parents/Relatives,9,1,0,0
MRK-00942,active,12,0.661,0.6348,0.996,0,5,0.005,0.0,0,0,3.5,4,Tricycle / PUV Operator,Rented (Apartment/House),1,0,0,0
MRK-00943,active,24,0.644,0.3107,0.657,0,1,0.035,0.0,0,0,3.3,3,Tricycle / PUV Operator,Owned (Inherited/Tax Dec),7,0,0,0
MRK-00944,active,36,0.458,0.1971,0.945,0,4,0.003,0.0,0,0,4.3,2,Tricycle / PUV Operator,Owned (Inherited/Tax Dec),12,0,0,0
MRK-00945,active,36,0.17,0.2486,0.706,0,2,0.094,0.0,0,0,7.8,1,OFW Remittance / Dependent,Owned (Clean Title),9,0,0,0
MRK-00946,active,36,0.25,0.2504,0.931,0,8,0.007,0.0,1,0,3.8,2,Sari-Sari / Small Retail,Owned (Inherited/Tax Dec),5,0,0,0
MRK-00947,active,36,0.674,0.1475,0.783,0,2,0.051,0.0,0,0,6.2,1,Public School Teacher,Owned (Inherited/Tax Dec),2,0,0,0
MRK-00948,active,24,0.865,0.4124,0.609,1,0,0.128,7886.51,0,0,7.6,1,OFW Remittance / Dependent,Living with Parents/Relatives,9,1,0,0
MRK-00949,active,12,0.251,0.8,0.587,1,2,0.126,13992.27,1,0,11.0,4,Public School Teacher,Owned (Clean Title),5,1,0,0
MRK-00950,active,36,0.858,0.1391,0.913,0,3,0.013,0.0,0,0,9.7,3,Public School Teacher,Living with Parents/Relatives,1,0,0,0
MRK-00951,active,36,0.7,0.3274,0.816,1,3,0.08,5857.38,0,0,4.7,1,Public School Teacher,Rented (Apartment/House),12,0,0,0
MRK-00952,active,24,0.144,0.5497,0.486,1,2,0.178,7478.02,0,0,3.5,2,Sari-Sari / Small Retail,Living with Parents/Relatives,10,1,0,0
MRK-00953,active,36,0.103,0.1202,0.938,0,4,0.004,0.0,0,0,5.4,2,Sari-Sari / Small Retail,Rented (Apartment/House),9,0,0,0
MRK-00954,active,24,0.331,0.2105,0.931,0,6,0.019,0.0,0,0,15.0,0,Sari-Sari / Small Retail,Owned (Clean Title),5,0,0,0
MRK-00955,active,36,0.219,0.3757,0.49,1,1,0.127,5994.57,0,0,7.1,2,OFW Remittance / Dependent,Owned (Inherited/Tax Dec),9,1,0,0
MRK-00956,active,12,0.766,0.6098,0.794,0,3,0.083,0.0,0,0,9.6,2,Employed (Private/Gov),Living with Parents/Relatives,10,0,0,0
MRK-00957,active,24,0.298,0.4268,0.429,1,0,0.199,5296.76,1,0,3.6,1,Employed (Private/Gov),Owned (Inherited/Tax Dec),8,1,0,0
MRK-00958,active,36,0.603,0.5507,0.477,1,2,0.088,6088.62,0,0,7.3,2,Sari-Sari / Small Retail,Living with Parents/Relatives,10,1,0,0
MRK-00959,active,36,0.263,0.0883,0.891,0,9,0.028,0.0,0,0,7.2,0,BPO / Call Center Agent,Owned (Inherited/Tax Dec),10,0,0,0
MRK-00960,active,36,0.86,0.3984,0.337,1,0,0.157,3019.99,0,0,7.8,1,Sari-Sari / Small Retail,Owned (Inherited/Tax Dec),3,1,0,0
MRK-00961,active,12,0.128,0.1212,0.788,0,1,0.01,0.0,0,0,9.2,0,OFW Remittance / Dependent,Owned (Clean Title),11,0,0,0
MRK-00962,active,36,0.271,0.09,0.944,0,9,0.025,0.0,0,0,15.5,4,BPO / Call Center Agent,Rented (Apartment/House),2,1,0,0
MRK-00963,active,36,0.539,0.2618,0.722,1,0,0.05,4993.88,0,0,3.3,1,OFW Remittance / Dependent,Owned (Inherited/Tax Dec),4,0,0,0
MRK-00964,active,12,0.07,0.6331,0.79,0,3,0.01,0.0,0,0,3.3,1,Agri / Farmer / Fisherfolk,Living with Parents/Relatives,5,0,0,0
MRK-00965,active,24,0.141,0.2361,0.892,0,8,0.023,0.0,0,0,11.9,0,Sari-Sari / Small Retail,Rented (Apartment/House),1,0,0,0
MRK-00966,active,24,0.854,0.0716,0.898,0,8,0.011,0.0,1,0,4.6,1,BPO / Call Center Agent,Living with Parents/Relatives,6,0,0,0
MRK-00967,active,36,0.7,0.2994,0.624,1,2,0.132,4842.89,0,0,2.5,4,Public School Teacher,Rented (Apartment/House),7,1,0,0
MRK-00968,active,24,0.092,0.2864,0.815,1,1,0.046,5169.04,0,0,2.4,2,BPO / Call Center Agent,Living with Parents/Relatives,1,0,0,0
MRK-00969,active,12,0.154,0.2189,0.984,0,5,0.01,0.0,0,0,5.0,1,Public School Teacher,Rented (Apartment/House),7,0,0,0
MRK-00970,active,12,0.308,0.3703,0.813,0,4,0.008,0.0,0,0,4.5,2,Public School Teacher,Rented (Apartment/House),5,0,0,0
MRK-00971,active,12,0.387,0.4588,0.487,1,0,0.176,5730.65,1,1,15.9,2,OFW Remittance / Dependent,Living with Parents/Relatives,5,1,0,0
MRK-00972,active,12,0.681,0.3528,0.842,0,5,0.015,0.0,0,0,7.6,2,OFW Remittance / Dependent,Owned (Inherited/Tax Dec),12,0,0,0
MRK-00973,active,36,0.375,0.2298,0.811,0,4,0.046,0.0,0,0,2.0,3,Agri / Farmer / Fisherfolk,Owned (Inherited/Tax Dec),6,0,0,0
MRK-00974,active,24,0.898,0.2717,0.787,0,4,0.014,0.0,0,0,6.8,1,Public School Teacher,Owned (Inherited/Tax Dec),8,0,0,0
MRK-00975,active,12,0.232,0.444,0.88,0,5,0.02,0.0,0,0,6.3,4,OFW Remittance / Dependent,Owned (Clean Title),3,0,0,0
MRK-00976,active,24,0.894,0.342,0.676,1,0,0.02,5202.68,0,0,6.4,3,Tricycle / PUV Operator,Owned (Clean Title),11,0,0,0
MRK-00977,active,12,0.525,0.3774,0.906,0,8,0.007,0.0,0,0,2.0,2,Tricycle / PUV Operator,Owned (Clean Title),3,0,0,0
MRK-00978,active,24,0.463,0.4223,0.829,0,1,0.015,0.0,0,0,11.7,4,Sari-Sari / Small Retail,Rented (Apartment/House),1,0,0,0
MRK-00979,active,24,0.492,0.1276,0.824,0,5,0.041,0.0,0,0,20.6,3,Sari-Sari / Small Retail,Living with Parents/Relatives,9,0,0,0
MRK-00980,active,12,0.582,0.7268,0.915,0,8,0.014,0.0,0,0,5.1,2,Sari-Sari / Small Retail,Owned (Inherited/Tax Dec),8,0,0,0
MRK-00981,active,24,0.899,0.1515,0.833,0,5,0.032,0.0,0,0,1.0,2,Employed (Private/Gov),Rented (Apartment/House),10,0,0,0
MRK-00982,active,24,0.731,0.2211,0.648,1,1,0.173,2854.73,0,0,9.0,1,Employed (Private/Gov),Rented (Apartment/House),6,1,0,0
MRK-00983,active,36,0.492,0.1411,0.919,0,1,0.037,0.0,0,0,5.6,2,Employed (Private/Gov),Owned (Clean Title),11,0,0,0
MRK-00984,active,24,0.465,0.1591,0.87,0,1,0.016,0.0,0,0,3.9,3,BPO / Call Center Agent,Owned (Inherited/Tax Dec),9,0,0,0
MRK-00985,active,24,0.6,0.0607,0.904,0,7,0.007,0.0,0,0,8.0,2,Sari-Sari / Small Retail,Living with Parents/Relatives,2,0,0,0
MRK-00986,active,12,0.869,0.6426,0.521,1,1,0.136,13799.8,0,0,6.5,2,Public School Teacher,Owned (Inherited/Tax Dec),7,1,0,0
MRK-00987,active,36,0.615,0.2488,0.851,0,2,0.04,0.0,0,0,2.5,2,BPO / Call Center Agent,Living with Parents/Relatives,10,0,0,0
MRK-00988,active,12,0.246,0.2012,0.93,0,7,0.027,0.0,0,0,13.2,1,Employed (Private/Gov),Rented (Apartment/House),1,0,0,0
MRK-00989,active,24,0.853,0.3871,0.87,0,2,0.009,0.0,0,0,4.4,1,Tricycle / PUV Operator,Owned (Clean Title),2,0,0,0
MRK-00990,active,12,0.644,0.265,0.993,0,6,0.005,0.0,0,0,2.7,1,Agri / Farmer / Fisherfolk,Rented (Apartment/House),11,0,0,0
MRK-00991,active,36,0.389,0.2928,0.646,1,0,0.144,3340.15,0,0,8.5,0,Agri / Farmer / Fisherfolk,Owned (Inherited/Tax Dec),12,1,0,0
MRK-00992,active,12,0.482,0.395,0.725,1,3,0.049,6900.06,0,0,6.0,3,Sari-Sari / Small Retail,Rented (Apartment/House),5,0,0,0
MRK-00993,active,24,0.793,0.2445,0.881,0,4,0.011,0.0,0,0,5.1,3,Sari-Sari / Small Retail,Rented (Apartment/House),4,0,0,0
MRK-00994,active,24,0.833,0.1189,0.915,0,4,0.006,0.0,0,0,8.5,1,Tricycle / PUV Operator,Owned (Inherited/Tax Dec),7,0,0,0
MRK-00995,active,12,0.456,0.6842,0.527,1,1,0.27,14064.71,0,0,6.4,2,Public School Teacher,Owned (Inherited/Tax Dec),4,1,0,0
MRK-00996,active,36,0.873,0.136,0.84,0,1,0.013,0.0,0,0,8.3,4,Employed (Private/Gov),Owned (Inherited/Tax Dec),12,0,0,0
MRK-00997,active,36,0.589,0.154,0.882,0,5,0.02,0.0,0,0,12.7,2,Sari-Sari / Small Retail,Living with Parents/Relatives,10,0,0,0
MRK-00998,active,36,0.303,0.1584,0.935,0,9,0.03,0.0,0,0,5.4,1,BPO / Call Center Agent,Owned (Clean Title),1,0,0,0
MRK-00999,active,12,0.546,0.2845,0.859,0,3,0.04,0.0,0,0,17.7,0,BPO / Call Center Agent,Owned (Inherited/Tax Dec),1,0,0,0
MRK-01000,active,24,0.93,0.2142,0.819,0,2,0.049,0.0,0,0,1.9,2,OFW Remittance / Dependent,Living with Parents/Relatives,1,0,0,0
MRK-01001,active,36,0.657,0.2891,0.881,0,3,0.018,0.0,0,0,5.1,0,Public School Teacher,Living with Parents/Relatives,6,0,0,0
MRK-01002,active,36,0.748,0.3036,0.85,0,1,0.035,0.0,0,0,5.0,2,Sari-Sari / Small Retail,Owned (Clean Title),10,0,0,0
MRK-01003,active,12,0.203,0.343,0.842,0,5,0.013,0.0,0,0,18.4,3,BPO / Call Center Agent,Owned (Inherited/Tax Dec),7,0,0,0
MRK-01004,active,12,0.884,0.7202,0.528,1,0,0.077,12612.65,1,0,13.1,1,Agri / Farmer / Fisherfolk,Owned (Clean Title),7,1,0,0
MRK-01005,active,12,0.273,0.8,0.535,1,2,0.175,13540.71,0,0,6.0,0,Sari-Sari / Small Retail,Owned (Inherited/Tax Dec),1,1,0,0
MRK-01006,active,36,0.179,0.0686,0.91,0,9,0.027,0.0,0,0,9.8,2,Public School Teacher,Owned (Clean Title),11,0,0,0
MRK-01007,active,36,0.641,0.6578,0.404,1,1,0.193,5686.13,0,0,11.6,2,Sari-Sari / Small Retail,Owned (Clean Title),11,1,0,0
MRK-01008,active,36,0.657,0.2806,0.721,1,1,0.032,3909.98,0,0,10.9,3,Public School Teacher,Living with Parents/Relatives,7,0,0,0
MRK-01009,active,12,0.339,0.2616,0.907,0,1,0.054,0.0,0,0,10.3,4,Sari-Sari / Small Retail,Living with Parents/Relatives,11,0,0,0
MRK-01010,active,24,0.309,0.2409,0.593,1,0,0.175,3273.25,0,0,6.4,1,Public School Teacher,Owned (Inherited/Tax Dec),2,1,0,0
MRK-01011,active,12,0.457,0.8,0.536,1,0,0.064,13484.82,0,0,5.0,1,Tricycle / PUV Operator,Rented (Apartment/House),9,1,0,0
MRK-01012,active,24,0.501,0.4138,0.645,1,0,0.063,8102.5,1,0,6.6,1,Sari-Sari / Small Retail,Owned (Clean Title),10,1,0,0
MRK-01013,active,12,0.576,0.1868,0.91,0,6,0.021,0.0,0,0,11.6,0,BPO / Call Center Agent,Rented (Apartment/House),7,0,0,0
MRK-01014,active,36,0.053,0.0741,0.99,0,6,0.028,0.0,0,0,2.8,0,BPO / Call Center Agent,Owned (Clean Title),7,0,0,0
MRK-01015,active,12,0.713,0.439,0.791,1,3,0.088,9049.49,0,0,1.5,0,OFW Remittance / Dependent,Rented (Apartment/House),7,0,0,0
MRK-01016,active,12,0.58,0.3707,0.913,0,10,0.004,0.0,0,0,14.0,0,BPO / Call Center Agent,Living with Parents/Relatives,10,0,0,0
MRK-01017,active,24,0.162,0.2739,0.927,0,10,0.013,0.0,0,0,4.3,0,BPO / Call Center Agent,Rented (Apartment/House),5,0,0,0
MRK-01018,active,12,0.562,0.6172,0.586,1,0,0.063,8916.49,0,0,13.0,1,Agri / Farmer / Fisherfolk,Living with Parents/Relatives,6,1,0,0
MRK-01019,active,24,0.838,0.1524,0.814,0,4,0.001,0.0,0,0,9.1,1,OFW Remittance / Dependent,Rented (Apartment/House),4,0,0,0
MRK-01020,active,12,0.237,0.4114,0.941,0,5,0.008,0.0,0,1,9.1,2,Sari-Sari / Small Retail,Owned (Clean Title),6,0,0,0
MRK-01021,active,24,0.725,0.4691,0.873,0,4,0.003,0.0,0,0,5.0,4,Public School Teacher,Rented (Apartment/House),7,0,0,0
MRK-01022,active,24,0.746,0.2373,0.879,0,2,0.047,0.0,0,0,11.7,1,Employed (Private/Gov),Owned (Inherited/Tax Dec),10,0,0,0
MRK-01023,active,36,0.435,0.0846,0.945,0,6,0.03,0.0,0,0,13.9,2,BPO / Call Center Agent,Living with Parents/Relatives,6,0,0,0
MRK-01024,active,12,0.556,0.7538,0.616,1,2,0.059,11075.72,0,0,5.0,2,Agri / Farmer / Fisherfolk,Owned (Clean Title),12,1,0,0
MRK-01025,active,36,0.798,0.1475,0.781,0,1,0.017,0.0,0,0,5.3,3,BPO / Call Center Agent,Owned (Inherited/Tax Dec),4,0,0,0
MRK-01026,active,24,0.602,0.1667,0.956,0,6,0.002,0.0,0,0,11.5,2,Tricycle / PUV Operator,Owned (Clean Title),5,0,0,0
MRK-01027,active,24,0.625,0.213,0.795,0,3,0.031,0.0,0,0,10.9,2,BPO / Call Center Agent,Rented (Apartment/House),7,0,0,0
MRK-01028,active,12,0.407,0.5649,0.692,1,0,0.027,13123.69,0,0,2.6,1,Public School Teacher,Rented (Apartment/House),7,0,0,0
MRK-01029,active,24,0.932,0.4276,0.321,1,1,0.281,7153.89,0,1,8.4,1,BPO / Call Center Agent,Living with Parents/Relatives,2,1,0,0
MRK-01030,active,12,0.727,0.2365,0.794,0,4,0.009,0.0,0,0,3.3,3,BPO / Call Center Agent,Owned (Inherited/Tax Dec),6,0,0,0
MRK-01031,active,12,0.699,0.3424,0.889,0,4,0.009,0.0,0,0,1.0,1,Tricycle / PUV Operator,Living with Parents/Relatives,7,0,0,0
MRK-01032,active,12,0.864,0.8,0.544,1,1,0.11,12087.26,0,0,2.7,3,Tricycle / PUV Operator,Living with Parents/Relatives,4,1,0,0
MRK-01033,active,12,0.516,0.2246,0.919,0,3,0.03,0.0,0,0,3.0,2,BPO / Call Center Agent,Rented (Apartment/House),2,0,0,0
MRK-01034,active,36,0.812,0.0582,0.953,0,10,0.022,0.0,0,0,8.5,0,Tricycle / PUV Operator,Owned (Inherited/Tax Dec),2,0,0,0
MRK-01035,active,36,0.361,0.3034,0.697,1,1,0.098,5547.81,0,1,1.6,2,Public School Teacher,Owned (Inherited/Tax Dec),1,1,0,0
MRK-01036,active,24,0.103,0.0975,0.909,0,6,0.004,0.0,0,0,4.1,2,OFW Remittance / Dependent,Owned (Inherited/Tax Dec),5,0,0,0
MRK-01037,active,24,0.887,0.167,0.976,0,7,0.002,0.0,0,0,4.1,2,OFW Remittance / Dependent,Owned (Inherited/Tax Dec),2,0,0,0
MRK-01038,active,12,0.409,0.7496,0.311,1,0,0.275,10616.52,1,1,8.7,4,BPO / Call Center Agent,Owned (Inherited/Tax Dec),5,1,0,0
MRK-01039,active,24,0.477,0.1448,0.961,0,10,0.026,0.0,0,0,6.1,0,Public School Teacher,Living with Parents/Relatives,5,0,0,0
MRK-01040,active,24,0.062,0.0687,1.0,0,6,0.007,0.0,0,0,6.1,0,Agri / Farmer / Fisherfolk,Living with Parents/Relatives,11,0,0,0
MRK-01041,active,36,0.416,0.3553,0.42,1,1,0.08,2929.15,0,0,4.4,1,Tricycle / PUV Operator,Owned (Clean Title),4,1,0,0
MRK-01042,active,24,0.659,0.4336,0.558,1,1,0.173,3969.92,1,0,10.2,3,Agri / Farmer / Fisherfolk,Rented (Apartment/House),8,1,0,0
MRK-01043,active,24,0.652,0.051,0.935,0,6,0.009,0.0,0,0,14.4,2,Employed (Private/Gov),Rented (Apartment/House),11,0,0,0
MRK-01044,active,36,0.817,0.1932,0.882,0,6,0.016,0.0,0,0,8.7,2,Employed (Private/Gov),Living with Parents/Relatives,1,0,0,0
MRK-01045,active,24,0.736,0.1421,0.786,0,5,0.017,0.0,0,1,1.8,1,Public School Teacher,Owned (Clean Title),9,0,0,0
MRK-01046,active,12,0.865,0.203,0.89,0,4,0.033,0.0,0,0,12.8,1,OFW Remittance / Dependent,Owned (Inherited/Tax Dec),4,0,0,0
MRK-01047,active,24,0.504,0.4068,0.752,1,2,0.081,7400.73,0,0,7.0,1,Agri / Farmer / Fisherfolk,Owned (Inherited/Tax Dec),9,0,0,0
MRK-01048,active,12,0.501,0.5574,0.503,1,2,0.088,5442.49,0,0,12.6,1,Tricycle / PUV Operator,Owned (Inherited/Tax Dec),2,1,0,0
MRK-01049,active,12,0.112,0.8,0.815,1,1,0.035,14012.89,0,0,12.2,2,Agri / Farmer / Fisherfolk,Owned (Inherited/Tax Dec),1,0,0,0
MRK-01050,active,36,0.681,0.4155,0.835,0,1,0.035,0.0,0,0,11.0,3,Agri / Farmer / Fisherfolk,Rented (Apartment/House),2,0,0,0
MRK-01051,active,24,0.302,0.322,0.932,0,9,0.0,0.0,0,0,3.7,0,Agri / Farmer / Fisherfolk,Owned (Clean Title),8,0,0,0
MRK-01052,active,12,0.693,0.7708,0.53,1,0,0.169,11943.77,1,0,5.3,2,OFW Remittance / Dependent,Living with Parents/Relatives,2,1,0,0
MRK-01053,active,36,0.842,0.3908,0.484,1,2,0.1,5259.12,0,0,1.0,1,Tricycle / PUV Operator,Owned (Clean Title),7,1,0,0
MRK-01054,active,36,0.285,0.4192,0.513,1,1,0.13,4836.33,0,0,13.2,4,Tricycle / PUV Operator,Owned (Inherited/Tax Dec),7,1,0,0
MRK-01055,active,36,0.772,0.3497,0.468,1,0,0.071,3860.21,0,0,5.1,1,Agri / Farmer / Fisherfolk,Living with Parents/Relatives,1,1,0,0
MRK-01056,active,36,0.93,0.2992,0.857,0,5,0.027,0.0,0,0,2.8,2,Agri / Farmer / Fisherfolk,Owned (Clean Title),1,0,0,0
MRK-01057,active,36,0.172,0.05,0.889,0,6,0.012,0.0,0,0,2.8,2,Public School Teacher,Rented (Apartment/House),2,0,0,0
MRK-01058,active,12,0.662,0.2029,0.831,0,1,0.002,0.0,0,0,11.6,1,Employed (Private/Gov),Owned (Inherited/Tax Dec),2,0,0,0
MRK-01059,active,24,0.614,0.1722,0.995,0,5,0.013,0.0,0,0,19.2,0,Public School Teacher,Living with Parents/Relatives,11,0,0,0
MRK-01060,active,12,0.857,0.4975,0.858,0,5,0.002,0.0,0,0,8.3,3,Sari-Sari / Small Retail,Owned (Clean Title),5,0,0,0
MRK-01061,active,12,0.37,0.3719,0.656,1,1,0.075,7197.59,0,0,13.1,1,OFW Remittance / Dependent,Living with Parents/Relatives,2,1,0,0
MRK-01062,active,12,0.733,0.4007,0.513,1,2,0.147,6979.83,0,0,8.5,1,Sari-Sari / Small Retail,Rented (Apartment/House),3,1,0,0
MRK-01063,active,24,0.397,0.2025,0.954,0,5,0.001,0.0,0,0,6.6,1,Agri / Farmer / Fisherfolk,Rented (Apartment/House),8,0,0,0
MRK-01064,active,24,0.559,0.3203,0.786,0,5,0.055,0.0,0,0,9.9,4,OFW Remittance / Dependent,Living with Parents/Relatives,1,0,0,0
MRK-01065,active,36,0.427,0.188,0.776,1,2,0.094,3421.06,1,0,6.3,4,BPO / Call Center Agent,Owned (Clean Title),11,0,0,0
MRK-01066,active,24,0.461,0.4124,0.451,1,1,0.084,6496.81,0,0,2.7,1,Employed (Private/Gov),Owned (Clean Title),2,1,0,0
MRK-01067,active,24,0.339,0.2239,0.9,0,2,0.034,0.0,0,0,12.1,1,Public School Teacher,Owned (Clean Title),12,0,0,0
MRK-01068,active,12,0.555,0.4324,0.87,0,1,0.037,0.0,0,0,2.4,3,Agri / Farmer / Fisherfolk,Living with Parents/Relatives,8,0,0,0
MRK-01069,active,24,0.351,0.1925,0.919,0,6,0.02,0.0,0,0,9.5,2,Public School Teacher,Owned (Inherited/Tax Dec),8,1,0,0
MRK-01070,active,12,0.927,0.2443,0.955,0,7,0.009,0.0,0,0,12.0,2,OFW Remittance / Dependent,Living with Parents/Relatives,12,0,0,0
MRK-01071,active,24,0.42,0.1691,0.998,0,6,0.028,0.0,0,0,10.2,3,Employed (Private/Gov),Owned (Clean Title),6,0,0,0
MRK-01072,active,36,0.103,0.0623,0.917,0,4,0.032,0.0,0,0,5.4,2,Employed (Private/Gov),Owned (Clean Title),5,0,0,0
MRK-01073,active,36,0.084,0.1542,0.805,0,2,0.047,0.0,0,0,3.7,1,Tricycle / PUV Operator,Rented (Apartment/House),3,0,0,0
MRK-01074,active,24,0.459,0.1051,0.963,0,7,0.006,0.0,0,0,7.5,1,Public School Teacher,Rented (Apartment/House),12,0,0,0
MRK-01075,active,24,0.585,0.05,0.906,0,10,0.014,0.0,0,0,12.0,2,OFW Remittance / Dependent,Owned (Inherited/Tax Dec),6,0,0,0
MRK-01076,active,36,0.302,0.1889,0.992,0,10,0.016,0.0,0,0,2.9,2,Tricycle / PUV Operator,Owned (Inherited/Tax Dec),11,0,0,0
MRK-01077,active,36,0.814,0.0742,0.867,0,4,0.038,0.0,0,0,20.6,1,Employed (Private/Gov),Living with Parents/Relatives,5,1,0,0
MRK-01078,active,36,0.701,0.1952,0.903,0,5,0.038,0.0,0,0,5.7,2,Public School Teacher,Owned (Clean Title),2,0,0,0
MRK-01079,active,24,0.404,0.6061,0.922,0,7,0.016,0.0,0,0,19.8,2,Agri / Farmer / Fisherfolk,Living with Parents/Relatives,8,0,0,0
MRK-01080,active,24,0.425,0.2259,0.822,0,5,0.003,0.0,0,0,9.1,0,Public School Teacher,Owned (Inherited/Tax Dec),8,0,0,0
MRK-01081,active,24,0.891,0.3787,0.784,0,4,0.043,0.0,0,0,2.2,1,Agri / Farmer / Fisherfolk,Rented (Apartment/House),9,0,0,0
MRK-01082,active,24,0.922,0.2521,0.949,0,9,0.005,0.0,0,0,5.7,2,OFW Remittance / Dependent,Rented (Apartment/House),6,0,0,0
MRK-01083,active,24,0.339,0.3037,0.533,1,0,0.244,3584.76,0,0,3.4,2,Employed (Private/Gov),Owned (Clean Title),8,1,0,0
MRK-01084,active,12,0.858,0.6402,0.938,0,8,0.02,0.0,0,0,4.7,1,Employed (Private/Gov),Owned (Clean Title),1,0,0,0
MRK-01085,active,24,0.833,0.5515,0.823,0,1,0.004,0.0,0,0,5.3,0,Sari-Sari / Small Retail,Owned (Inherited/Tax Dec),2,0,0,0
MRK-01086,active,24,0.78,0.2185,0.625,1,0,0.109,2797.49,1,0,8.0,3,Public School Teacher,Rented (Apartment/House),1,1,0,0
MRK-01087,active,12,0.75,0.6344,0.494,1,0,0.235,6545.94,0,0,3.1,0,Public School Teacher,Owned (Clean Title),12,1,0,0
MRK-01088,active,12,0.78,0.6231,0.526,1,0,0.229,10535.42,0,0,4.0,0,Tricycle / PUV Operator,Living with Parents/Relatives,10,1,0,0
MRK-01089,active,24,0.787,0.05,0.88,0,6,0.028,0.0,0,0,9.9,1,Public School Teacher,Owned (Inherited/Tax Dec),3,0,0,0
MRK-01090,active,12,0.144,0.5844,0.403,1,0,0.241,10019.29,1,0,9.9,0,Public School Teacher,Rented (Apartment/House),3,1,0,0
MRK-01091,active,24,0.715,0.287,0.92,0,8,0.018,0.0,0,0,6.1,1,Tricycle / PUV Operator,Owned (Inherited/Tax Dec),1,0,0,0
MRK-01092,active,36,0.533,0.1307,0.998,0,5,0.021,0.0,0,0,16.5,0,BPO / Call Center Agent,Owned (Inherited/Tax Dec),4,0,0,0
MRK-01093,active,36,0.714,0.2537,0.911,0,10,0.014,0.0,0,0,4.2,3,Agri / Farmer / Fisherfolk,Rented (Apartment/House),10,0,0,0
MRK-01094,active,24,0.331,0.5995,0.808,1,0,0.059,6539.58,0,0,5.3,2,Agri / Farmer / Fisherfolk,Rented (Apartment/House),2,0,0,0
MRK-01095,active,24,0.686,0.2445,0.675,0,3,0.062,0.0,0,0,5.7,3,OFW Remittance / Dependent,Owned (Clean Title),8,0,0,0
MRK-01096,active,36,0.441,0.1078,0.905,0,3,0.002,0.0,0,0,4.9,4,Sari-Sari / Small Retail,Rented (Apartment/House),6,0,0,0
MRK-01097,active,12,0.27,0.3427,0.919,0,4,0.05,0.0,0,0,1.7,2,Sari-Sari / Small Retail,Rented (Apartment/House),5,1,0,0
MRK-01098,active,24,0.148,0.3366,0.789,0,0,0.09,0.0,0,0,5.3,0,Employed (Private/Gov),Owned (Inherited/Tax Dec),12,0,0,0
MRK-01099,active,36,0.736,0.1076,0.804,0,4,0.054,0.0,0,1,3.9,1,Agri / Farmer / Fisherfolk,Living with Parents/Relatives,5,0,0,0
MRK-01100,active,24,0.492,0.128,0.845,0,2,0.021,0.0,0,0,5.4,1,Employed (Private/Gov),Rented (Apartment/House),7,0,0,0
MRK-01101,active,36,0.407,0.3976,0.512,1,2,0.09,6461.45,0,0,3.6,0,BPO / Call Center Agent,Rented (Apartment/House),5,1,0,0
MRK-01102,active,12,0.092,0.8,0.49,1,0,0.12,13969.39,0,0,11.4,0,Employed (Private/Gov),Rented (Apartment/House),1,1,0,0
MRK-01103,active,36,0.209,0.2124,0.854,0,4,0.025,0.0,0,0,7.7,1,Sari-Sari / Small Retail,Owned (Clean Title),12,1,0,0
MRK-01104,active,24,0.437,0.3738,0.424,1,0,0.13,4710.33,0,0,6.6,4,BPO / Call Center Agent,Owned (Clean Title),7,1,0,0
MRK-01105,active,24,0.709,0.3893,0.402,1,0,0.126,5119.73,0,0,3.9,2,BPO / Call Center Agent,Living with Parents/Relatives,2,1,0,0
MRK-01106,active,12,0.429,0.6304,0.879,0,2,0.053,0.0,0,0,12.7,2,Agri / Farmer / Fisherfolk,Owned (Inherited/Tax Dec),4,0,0,0
MRK-01107,active,36,0.722,0.3595,0.679,1,0,0.118,5938.63,0,0,8.4,2,Public School Teacher,Rented (Apartment/House),4,1,0,0
MRK-01108,active,36,0.905,0.1469,0.914,0,3,0.016,0.0,0,0,5.8,2,OFW Remittance / Dependent,Owned (Inherited/Tax Dec),5,0,0,0
MRK-01109,active,24,0.906,0.2667,0.902,0,4,0.049,0.0,0,0,14.6,4,Tricycle / PUV Operator,Rented (Apartment/House),12,0,0,0
MRK-01110,active,24,0.506,0.1573,0.887,0,6,0.028,0.0,0,0,3.7,1,Employed (Private/Gov),Owned (Inherited/Tax Dec),2,0,0,0
MRK-01111,active,24,0.613,0.3265,0.817,0,0,0.099,0.0,0,0,8.4,1,Tricycle / PUV Operator,Rented (Apartment/House),11,0,0,0
MRK-01112,active,12,0.579,0.3826,0.948,0,4,0.011,0.0,0,0,6.0,2,Tricycle / PUV Operator,Rented (Apartment/House),3,0,0,0
MRK-01113,active,24,0.294,0.1821,0.829,0,1,0.031,0.0,0,0,4.7,0,Agri / Farmer / Fisherfolk,Owned (Clean Title),8,0,0,0
MRK-01114,active,36,0.247,0.3295,0.451,1,0,0.07,6426.5,0,0,3.7,1,Employed (Private/Gov),Owned (Inherited/Tax Dec),3,1,0,0
MRK-01115,active,12,0.616,0.2877,0.781,0,1,0.056,0.0,0,0,5.0,3,Agri / Farmer / Fisherfolk,Living with Parents/Relatives,12,0,0,0
MRK-01116,active,36,0.382,0.418,0.536,1,1,0.254,4562.07,0,0,8.0,1,Sari-Sari / Small Retail,Owned (Clean Title),2,1,0,0
MRK-01117,active,24,0.681,0.1492,0.784,0,5,0.037,0.0,0,0,6.6,1,Sari-Sari / Small Retail,Owned (Inherited/Tax Dec),3,0,0,0
MRK-01118,active,24,0.288,0.2488,0.899,0,8,0.017,0.0,0,0,8.6,4,BPO / Call Center Agent,Owned (Clean Title),8,0,0,0
MRK-01119,active,12,0.709,0.6109,0.982,0,9,0.019,0.0,0,0,2.2,0,BPO / Call Center Agent,Owned (Clean Title),2,0,0,0
MRK-01120,active,24,0.679,0.1323,0.932,0,4,0.014,0.0,0,0,7.0,2,Employed (Private/Gov),Rented (Apartment/House),1,0,0,0
MRK-01121,active,12,0.332,0.1891,0.814,0,1,0.039,0.0,0,0,4.5,3,Employed (Private/Gov),Owned (Clean Title),8,0,0,0
MRK-01122,active,36,0.239,0.1634,0.9,0,1,0.052,0.0,0,0,10.2,4,Agri / Farmer / Fisherfolk,Owned (Clean Title),11,0,0,0
MRK-01123,active,12,0.643,0.8,0.567,1,0,0.173,9695.0,0,0,1.2,1,Tricycle / PUV Operator,Owned (Inherited/Tax Dec),2,1,0,0
MRK-01124,active,12,0.105,0.1731,0.846,0,3,0.05,0.0,0,0,3.3,1,Employed (Private/Gov),Rented (Apartment/House),9,0,0,0
MRK-01125,active,36,0.12,0.2733,0.709,0,0,0.073,0.0,0,0,16.4,2,Agri / Farmer / Fisherfolk,Rented (Apartment/House),3,0,0,0
MRK-01126,active,12,0.858,0.2683,0.919,0,2,0.021,0.0,0,0,13.3,2,BPO / Call Center Agent,Rented (Apartment/House),12,0,0,0
MRK-01127,active,36,0.575,0.4811,0.732,0,0,0.095,0.0,1,0,9.4,3,OFW Remittance / Dependent,Owned (Clean Title),8,0,0,0
MRK-01128,active,24,0.544,0.1972,0.94,0,4,0.008,0.0,0,0,5.6,4,Sari-Sari / Small Retail,Living with Parents/Relatives,7,0,0,0
MRK-01129,active,36,0.801,0.1743,0.919,0,10,0.029,0.0,0,0,5.8,3,OFW Remittance / Dependent,Owned (Inherited/Tax Dec),5,0,0,0
MRK-01130,active,12,0.859,0.3662,0.458,1,1,0.131,5838.07,1,0,7.5,0,OFW Remittance / Dependent,Owned (Inherited/Tax Dec),7,0,0,0
MRK-01131,active,36,0.782,0.2709,0.511,1,0,0.103,4230.01,0,0,4.5,2,OFW Remittance / Dependent,Rented (Apartment/House),2,1,0,0
MRK-01132,active,12,0.133,0.3396,0.867,0,3,0.051,0.0,0,0,5.6,3,OFW Remittance / Dependent,Rented (Apartment/House),12,0,0,0
MRK-01133,active,12,0.878,0.3231,0.815,0,4,0.041,0.0,0,0,1.7,2,Agri / Farmer / Fisherfolk,Living with Parents/Relatives,3,0,0,0
MRK-01134,active,12,0.826,0.8,0.802,0,1,0.056,0.0,0,0,3.3,2,Tricycle / PUV Operator,Owned (Inherited/Tax Dec),2,0,0,0
MRK-01135,active,24,0.334,0.1064,0.939,0,4,0.025,0.0,0,0,2.4,1,Agri / Farmer / Fisherfolk,Owned (Clean Title),9,0,0,0
MRK-01136,active,24,0.35,0.4792,0.455,1,1,0.169,7602.66,0,0,6.1,0,OFW Remittance / Dependent,Owned (Inherited/Tax Dec),1,1,0,0
MRK-01137,active,12,0.861,0.8,0.681,1,2,0.105,12515.42,0,0,8.4,2,Agri / Farmer / Fisherfolk,Living with Parents/Relatives,6,1,0,0
MRK-01138,active,36,0.883,0.05,0.935,0,6,0.03,0.0,0,0,4.9,0,Public School Teacher,Living with Parents/Relatives,8,0,0,0
MRK-01139,active,12,0.25,0.4826,0.385,1,1,0.166,7378.17,0,0,5.7,0,Employed (Private/Gov),Rented (Apartment/House),1,1,0,0
MRK-01140,active,12,0.469,0.1394,0.904,0,7,0.014,0.0,0,0,2.3,1,BPO / Call Center Agent,Rented (Apartment/House),7,0,0,0
MRK-01141,active,24,0.852,0.2126,0.912,0,1,0.041,0.0,0,0,3.2,0,Employed (Private/Gov),Living with Parents/Relatives,9,0,0,0
MRK-01142,active,24,0.529,0.2345,0.819,1,3,0.057,5535.55,0,0,8.0,2,Employed (Private/Gov),Rented (Apartment/House),4,0,0,0
MRK-01143,active,12,0.149,0.3921,0.693,1,2,0.074,6354.23,0,0,1.0,1,Tricycle / PUV Operator,Owned (Clean Title),3,0,0,0
MRK-01144,active,36,0.783,0.3543,0.598,1,1,0.085,4961.53,0,1,8.6,3,BPO / Call Center Agent,Rented (Apartment/House),10,1,0,0
MRK-01145,active,24,0.924,0.4417,0.459,1,1,0.144,7367.58,1,0,1.6,0,Employed (Private/Gov),Owned (Clean Title),7,1,0,0
MRK-01146,active,36,0.421,0.1844,0.825,0,3,0.02,0.0,0,0,8.6,2,Agri / Farmer / Fisherfolk,Owned (Clean Title),7,1,0,0
MRK-01147,active,24,0.767,0.3152,0.551,1,0,0.209,2625.64,1,1,3.1,2,Sari-Sari / Small Retail,Living with Parents/Relatives,10,1,0,0
MRK-01148,active,36,0.184,0.3889,0.472,1,2,0.149,3762.74,0,0,7.9,1,OFW Remittance / Dependent,Owned (Inherited/Tax Dec),10,1,0,0
MRK-01149,active,24,0.35,0.6311,0.803,0,2,0.07,0.0,0,0,5.7,2,Tricycle / PUV Operator,Rented (Apartment/House),9,0,0,0
MRK-01150,active,24,0.867,0.3081,0.932,0,6,0.022,0.0,0,0,8.5,4,Employed (Private/Gov),Living with Parents/Relatives,7,0,0,0
MRK-01151,active,12,0.581,0.3709,0.821,0,1,0.008,0.0,0,0,11.6,1,Agri / Farmer / Fisherfolk,Owned (Inherited/Tax Dec),12,0,0,0
MRK-01152,active,12,0.333,0.4673,0.549,1,0,0.261,7353.41,0,0,1.7,4,Tricycle / PUV Operator,Living with Parents/Relatives,3,1,0,0
MRK-01153,active,36,0.872,0.0545,0.841,0,4,0.006,0.0,0,0,11.9,1,BPO / Call Center Agent,Rented (Apartment/House),2,0,0,0
MRK-01154,active,12,0.788,0.5104,0.822,0,1,0.047,0.0,0,0,7.4,0,Public School Teacher,Rented (Apartment/House),6,0,0,0
MRK-01155,active,36,0.54,0.471,0.729,0,1,0.095,0.0,0,0,8.0,1,Sari-Sari / Small Retail,Rented (Apartment/House),8,0,0,0
MRK-01156,active,12,0.468,0.2203,0.988,0,9,0.029,0.0,0,0,3.9,1,Tricycle / PUV Operator,Living with Parents/Relatives,8,0,0,0
MRK-01157,active,36,0.714,0.3734,0.897,0,5,0.051,0.0,0,0,11.8,4,Agri / Farmer / Fisherfolk,Owned (Inherited/Tax Dec),2,0,0,0
MRK-01158,active,24,0.174,0.2537,0.941,0,10,0.024,0.0,0,0,6.3,2,Employed (Private/Gov),Owned (Inherited/Tax Dec),10,0,0,0
MRK-01159,active,12,0.35,0.6594,0.736,1,0,0.031,13415.61,0,0,7.1,1,Employed (Private/Gov),Owned (Inherited/Tax Dec),2,0,0,0
MRK-01160,active,24,0.903,0.3633,0.699,1,0,0.098,6695.51,1,0,8.8,1,BPO / Call Center Agent,Owned (Clean Title),3,1,0,0
MRK-01161,active,12,0.8,0.73,0.483,1,1,0.111,11105.46,0,0,9.9,3,Sari-Sari / Small Retail,Owned (Clean Title),4,1,0,0
MRK-01162,active,24,0.5,0.1879,0.916,0,4,0.011,0.0,0,0,11.6,2,Tricycle / PUV Operator,Rented (Apartment/House),7,0,0,0
MRK-01163,active,36,0.661,0.1571,0.789,0,3,0.04,0.0,0,0,5.9,2,Public School Teacher,Owned (Clean Title),11,0,0,0
MRK-01164,active,24,0.372,0.3255,0.792,1,1,0.028,6810.57,0,0,6.9,1,Sari-Sari / Small Retail,Living with Parents/Relatives,2,0,0,0
MRK-01165,active,12,0.303,0.7474,0.622,1,1,0.174,10885.07,1,1,12.5,0,Sari-Sari / Small Retail,Living with Parents/Relatives,12,1,0,0
MRK-01166,active,12,0.572,0.749,0.518,1,1,0.269,10180.38,0,0,5.6,4,Public School Teacher,Living with Parents/Relatives,10,1,0,0
MRK-01167,active,36,0.338,0.0915,0.859,0,1,0.034,0.0,0,0,7.5,1,OFW Remittance / Dependent,Owned (Inherited/Tax Dec),2,0,0,0
MRK-01168,active,24,0.319,0.5227,0.685,1,1,0.137,6983.83,1,0,6.8,2,Agri / Farmer / Fisherfolk,Rented (Apartment/House),4,1,0,0
MRK-01169,active,36,0.63,0.3698,0.836,0,4,0.017,0.0,0,0,8.8,2,Sari-Sari / Small Retail,Owned (Inherited/Tax Dec),8,0,0,0
MRK-01170,active,24,0.854,0.1683,0.817,1,1,0.1,3294.26,0,0,14.6,1,BPO / Call Center Agent,Owned (Clean Title),7,0,0,0
MRK-01171,active,36,0.682,0.1786,0.823,0,2,0.055,0.0,0,0,4.8,2,Public School Teacher,Living with Parents/Relatives,11,0,0,0
MRK-01172,active,12,0.483,0.2797,0.955,0,5,0.02,0.0,0,0,4.0,2,OFW Remittance / Dependent,Rented (Apartment/House),11,0,0,0
MRK-01173,active,36,0.722,0.0508,0.817,0,5,0.027,0.0,0,0,9.7,1,OFW Remittance / Dependent,Rented (Apartment/House),10,0,0,0
MRK-01174,active,12,0.077,0.8,0.523,1,1,0.108,9429.43,0,0,8.3,2,Sari-Sari / Small Retail,Owned (Clean Title),6,1,0,0
MRK-01175,active,36,0.195,0.2666,0.59,1,2,0.075,4867.86,0,0,7.2,2,OFW Remittance / Dependent,Owned (Clean Title),4,1,0,0
MRK-01176,active,36,0.857,0.2604,0.535,1,2,0.094,3982.3,0,0,1.1,2,Public School Teacher,Rented (Apartment/House),1,0,0,0
MRK-01177,active,36,0.304,0.1092,0.808,0,2,0.027,0.0,0,0,11.0,1,Employed (Private/Gov),Living with Parents/Relatives,5,0,0,0
MRK-01178,active,24,0.09,0.2442,0.857,0,1,0.014,0.0,0,0,10.8,1,Public School Teacher,Owned (Inherited/Tax Dec),10,0,0,0
MRK-01179,active,24,0.222,0.1932,0.879,0,5,0.037,0.0,0,0,5.1,1,Employed (Private/Gov),Owned (Inherited/Tax Dec),6,0,0,0
MRK-01180,active,36,0.798,0.1706,0.984,0,9,0.029,0.0,0,0,5.8,1,OFW Remittance / Dependent,Owned (Clean Title),8,0,0,0
MRK-01181,active,36,0.915,0.05,0.97,0,8,0.004,0.0,0,0,12.3,1,BPO / Call Center Agent,Rented (Apartment/House),10,0,0,0
MRK-01182,active,24,0.254,0.1574,0.737,1,1,0.041,2721.22,0,0,6.5,0,OFW Remittance / Dependent,Owned (Inherited/Tax Dec),4,0,0,0
MRK-01183,active,36,0.704,0.2338,0.809,0,5,0.023,0.0,0,0,9.3,2,Tricycle / PUV Operator,Rented (Apartment/House),3,0,0,0
MRK-01184,active,36,0.696,0.2288,0.919,0,9,0.025,0.0,0,0,2.6,1,Tricycle / PUV Operator,Owned (Clean Title),12,0,0,0
MRK-01185,active,24,0.693,0.05,0.886,0,10,0.011,0.0,0,0,6.0,2,Public School Teacher,Living with Parents/Relatives,5,0,0,0
MRK-01186,active,12,0.183,0.6225,0.898,0,8,0.007,0.0,0,0,4.9,3,Agri / Farmer / Fisherfolk,Living with Parents/Relatives,4,0,0,0
MRK-01187,active,24,0.785,0.2,0.925,0,4,0.003,0.0,0,0,2.0,1,Agri / Farmer / Fisherfolk,Owned (Clean Title),11,0,0,0
MRK-01188,active,24,0.805,0.4876,0.994,0,5,0.014,0.0,0,0,4.6,2,Tricycle / PUV Operator,Owned (Inherited/Tax Dec),2,0,0,0
MRK-01189,active,36,0.612,0.3065,0.886,0,4,0.039,0.0,0,0,4.2,1,BPO / Call Center Agent,Rented (Apartment/House),2,0,0,0
MRK-01190,active,36,0.794,0.1901,0.898,0,2,0.011,0.0,1,0,15.9,0,Public School Teacher,Owned (Clean Title),1,0,0,0
MRK-01191,active,36,0.884,0.0772,0.911,0,2,0.039,0.0,0,0,12.2,2,Employed (Private/Gov),Living with Parents/Relatives,3,0,0,0
MRK-01192,active,12,0.359,0.5469,0.816,0,2,0.059,0.0,0,0,3.3,3,Employed (Private/Gov),Owned (Inherited/Tax Dec),10,0,0,0
MRK-01193,active,12,0.375,0.7298,0.934,0,8,0.027,0.0,0,0,7.5,2,Sari-Sari / Small Retail,Owned (Clean Title),5,0,0,0
MRK-01194,active,24,0.762,0.292,0.743,1,2,0.067,4542.14,0,0,5.5,1,Tricycle / PUV Operator,Living with Parents/Relatives,6,0,0,0
MRK-01195,active,24,0.579,0.0994,0.909,0,9,0.019,0.0,0,0,7.1,0,Agri / Farmer / Fisherfolk,Rented (Apartment/House),2,0,0,0
MRK-01196,active,24,0.264,0.1546,0.812,0,2,0.02,0.0,0,0,13.6,3,Sari-Sari / Small Retail,Owned (Inherited/Tax Dec),5,1,0,0
MRK-01197,active,36,0.525,0.2406,0.935,0,6,0.002,0.0,0,0,9.8,3,Sari-Sari / Small Retail,Owned (Inherited/Tax Dec),12,0,0,0
MRK-01198,active,24,0.711,0.2004,0.998,0,8,0.018,0.0,0,0,1.4,1,BPO / Call Center Agent,Rented (Apartment/House),7,0,0,0
MRK-01199,active,36,0.302,0.0956,0.916,0,5,0.045,0.0,0,0,11.7,2,Public School Teacher,Owned (Inherited/Tax Dec),5,0,0,0
MRK-01200,active,24,0.418,0.613,0.519,1,0,0.114,5267.21,0,0,30.0,0,Sari-Sari / Small Retail,Owned (Inherited/Tax Dec),2,1,0,0
MRK-01201,active,24,0.125,0.3412,0.484,1,0,0.18,3692.92,1,0,8.0,2,Agri / Farmer / Fisherfolk,Owned (Inherited/Tax Dec),7,0,0,0
MRK-01202,active,12,0.125,0.2993,0.466,1,0,0.122,4893.78,0,0,3.0,0,Employed (Private/Gov),Owned (Clean Title),1,1,0,0
MRK-01203,active,12,0.383,0.7811,0.553,1,1,0.148,10321.43,0,0,10.4,1,Sari-Sari / Small Retail,Owned (Clean Title),9,1,0,0
MRK-01204,active,36,0.843,0.2073,0.907,0,3,0.013,0.0,0,0,8.0,2,Employed (Private/Gov),Living with Parents/Relatives,7,0,0,0
MRK-01205,active,12,0.263,0.1503,0.94,0,10,0.009,0.0,0,0,4.8,0,OFW Remittance / Dependent,Living with Parents/Relatives,7,0,0,0
MRK-01206,active,36,0.378,0.1678,0.984,0,10,0.0,0.0,0,0,13.1,4,Tricycle / PUV Operator,Owned (Inherited/Tax Dec),2,0,0,0
MRK-01207,active,24,0.387,0.2691,0.664,1,0,0.086,4274.21,1,0,3.1,2,Tricycle / PUV Operator,Rented (Apartment/House),11,1,0,0
MRK-01208,active,24,0.537,0.1532,0.938,0,6,0.018,0.0,0,0,23.7,1,Public School Teacher,Living with Parents/Relatives,11,0,0,0
MRK-01209,active,24,0.463,0.2643,0.568,1,2,0.063,3917.45,0,1,4.2,2,OFW Remittance / Dependent,Living with Parents/Relatives,8,1,0,0
MRK-01210,active,36,0.803,0.1909,0.753,0,2,0.029,0.0,0,0,13.2,3,BPO / Call Center Agent,Rented (Apartment/House),8,0,0,0
MRK-01211,active,12,0.402,0.3784,0.845,0,5,0.047,0.0,0,0,1.0,2,Employed (Private/Gov),Living with Parents/Relatives,10,0,0,0
MRK-01212,active,24,0.257,0.4108,0.885,0,3,0.055,0.0,0,0,10.3,2,Agri / Farmer / Fisherfolk,Owned (Inherited/Tax Dec),3,0,0,0
MRK-01213,active,12,0.626,0.486,0.335,1,0,0.105,10921.11,1,0,10.2,2,Public School Teacher,Owned (Inherited/Tax Dec),12,1,0,0
MRK-01214,active,12,0.901,0.6557,0.788,0,4,0.028,0.0,0,0,3.4,2,Agri / Farmer / Fisherfolk,Living with Parents/Relatives,9,0,0,0
MRK-01215,active,36,0.096,0.1496,0.963,0,4,0.006,0.0,0,0,15.3,2,Sari-Sari / Small Retail,Living with Parents/Relatives,4,0,0,0
MRK-01216,active,24,0.426,0.3274,0.749,0,2,0.061,0.0,0,0,5.0,0,Agri / Farmer / Fisherfolk,Owned (Clean Title),7,0,0,0
MRK-01217,active,24,0.712,0.4019,0.83,0,5,0.022,0.0,0,0,14.5,1,Sari-Sari / Small Retail,Rented (Apartment/House),1,1,0,0
MRK-01218,active,24,0.805,0.5548,0.679,1,0,0.096,6684.48,1,0,7.9,3,OFW Remittance / Dependent,Owned (Inherited/Tax Dec),7,1,0,0
MRK-01219,active,24,0.742,0.2504,0.965,0,6,0.02,0.0,0,0,5.9,2,Sari-Sari / Small Retail,Living with Parents/Relatives,1,0,0,0
MRK-01220,active,36,0.084,0.3995,0.806,0,4,0.046,0.0,0,0,6.2,0,Sari-Sari / Small Retail,Living with Parents/Relatives,7,0,0,0
MRK-01221,active,36,0.927,0.0625,0.933,0,8,0.014,0.0,0,0,8.1,2,BPO / Call Center Agent,Owned (Clean Title),1,0,0,0
MRK-01222,active,12,0.67,0.282,0.734,0,3,0.073,0.0,0,0,4.4,2,Tricycle / PUV Operator,Rented (Apartment/House),1,0,0,0
MRK-01223,active,24,0.792,0.2388,0.919,0,5,0.01,0.0,0,0,22.5,2,Tricycle / PUV Operator,Owned (Inherited/Tax Dec),12,0,0,0
MRK-01224,active,12,0.623,0.5545,0.903,0,4,0.028,0.0,0,0,8.7,1,Public School Teacher,Owned (Clean Title),11,0,0,0
MRK-01225,active,36,0.521,0.3008,0.616,1,1,0.054,4824.69,0,0,6.2,1,OFW Remittance / Dependent,Living with Parents/Relatives,1,1,0,0
MRK-01226,active,12,0.241,0.785,0.796,0,4,0.048,0.0,0,0,1.3,0,Agri / Farmer / Fisherfolk,Rented (Apartment/House),11,0,0,0
MRK-01227,active,24,0.114,0.3252,0.469,1,0,0.22,4555.45,0,0,2.7,2,Employed (Private/Gov),Owned (Inherited/Tax Dec),9,1,0,0
MRK-01228,active,12,0.57,0.658,0.734,1,0,0.077,12932.66,0,0,1.0,4,Agri / Farmer / Fisherfolk,Owned (Clean Title),9,0,0,0
MRK-01229,active,24,0.434,0.2675,0.804,0,3,0.003,0.0,0,0,7.6,4,Employed (Private/Gov),Owned (Inherited/Tax Dec),12,0,0,0
MRK-01230,active,12,0.52,0.3634,0.96,0,7,0.023,0.0,0,0,4.2,1,Public School Teacher,Living with Parents/Relatives,5,0,0,0
MRK-01231,active,24,0.423,0.4395,0.572,1,1,0.136,4173.27,0,0,7.0,2,Tricycle / PUV Operator,Owned (Clean Title),2,0,0,0
MRK-01232,active,36,0.167,0.1758,0.665,1,2,0.084,2097.21,0,0,2.2,3,OFW Remittance / Dependent,Owned (Inherited/Tax Dec),1,1,0,0
MRK-01233,active,24,0.211,0.2354,0.582,1,2,0.122,2880.79,0,0,1.5,1,Public School Teacher,Living with Parents/Relatives,11,1,0,0
MRK-01234,active,36,0.916,0.1841,0.904,0,1,0.004,0.0,0,0,4.2,2,Employed (Private/Gov),Owned (Clean Title),6,0,0,0
MRK-01235,active,12,0.512,0.33,0.915,0,3,0.03,0.0,0,0,4.9,2,Employed (Private/Gov),Owned (Inherited/Tax Dec),11,0,0,0
MRK-01236,active,24,0.35,0.1399,0.789,0,5,0.05,0.0,0,0,9.6,3,Employed (Private/Gov),Rented (Apartment/House),4,0,0,0
MRK-01237,active,36,0.479,0.1474,0.871,0,1,0.008,0.0,0,0,3.5,1,OFW Remittance / Dependent,Owned (Clean Title),1,0,0,0
MRK-01238,active,24,0.617,0.2217,0.81,0,2,0.019,0.0,0,0,5.2,1,OFW Remittance / Dependent,Owned (Inherited/Tax Dec),11,0,0,0
MRK-01239,active,36,0.085,0.2347,0.897,0,2,0.012,0.0,0,0,11.8,2,Employed (Private/Gov),Owned (Inherited/Tax Dec),10,0,0,0
MRK-01240,active,24,0.47,0.2569,0.894,0,1,0.007,0.0,0,0,1.6,1,Sari-Sari / Small Retail,Owned (Inherited/Tax Dec),7,0,0,0
MRK-01241,active,12,0.75,0.2435,0.7,1,2,0.024,4572.86,0,0,5.3,1,OFW Remittance / Dependent,Living with Parents/Relatives,3,1,0,0
MRK-01242,active,36,0.772,0.0872,0.883,0,6,0.02,0.0,0,0,3.5,2,BPO / Call Center Agent,Owned (Inherited/Tax Dec),12,0,0,0
MRK-01243,active,24,0.054,0.2364,0.996,0,8,0.028,0.0,0,1,1.9,0,Agri / Farmer / Fisherfolk,Owned (Clean Title),3,1,0,0
MRK-01244,active,36,0.655,0.208,0.767,0,3,0.025,0.0,0,0,4.5,1,Tricycle / PUV Operator,Owned (Inherited/Tax Dec),3,0,0,0
MRK-01245,active,12,0.88,0.4707,0.855,0,3,0.007,0.0,0,0,2.3,2,Tricycle / PUV Operator,Living with Parents/Relatives,7,0,0,0
MRK-01246,active,36,0.209,0.2257,0.738,0,0,0.03,0.0,0,0,4.9,3,Tricycle / PUV Operator,Rented (Apartment/House),10,0,0,0
MRK-01247,active,12,0.497,0.8,0.882,0,7,0.01,0.0,0,0,3.4,3,Agri / Farmer / Fisherfolk,Owned (Clean Title),12,0,0,0
MRK-01248,active,24,0.592,0.4753,0.79,0,1,0.042,0.0,0,0,5.3,0,Tricycle / PUV Operator,Owned (Clean Title),9,0,0,0
MRK-01249,active,12,0.075,0.4279,0.816,0,5,0.04,0.0,0,0,4.5,1,Employed (Private/Gov),Living with Parents/Relatives,2,0,0,0
MRK-01250,active,12,0.329,0.1321,0.886,0,3,0.01,0.0,0,0,6.4,2,Public School Teacher,Owned (Inherited/Tax Dec),8,0,0,0
MRK-01251,active,36,0.709,0.462,0.546,1,0,0.082,5368.78,1,0,5.4,1,BPO / Call Center Agent,Owned (Clean Title),11,1,0,0
MRK-01252,active,24,0.154,0.1005,0.939,0,8,0.019,0.0,0,0,6.9,4,Public School Teacher,Owned (Inherited/Tax Dec),12,0,0,0
MRK-01253,active,24,0.115,0.3132,0.765,0,1,0.097,0.0,0,0,10.8,0,Sari-Sari / Small Retail,Rented (Apartment/House),7,0,0,0
MRK-01254,active,24,0.325,0.1713,0.8,0,4,0.022,0.0,0,0,2.5,1,Tricycle / PUV Operator,Owned (Inherited/Tax Dec),9,0,0,0
MRK-01255,active,24,0.447,0.1936,0.523,1,0,0.064,2814.74,0,0,2.9,1,OFW Remittance / Dependent,Rented (Apartment/House),3,1,0,0
MRK-01256,active,12,0.193,0.2247,0.896,0,7,0.011,0.0,0,0,1.8,1,BPO / Call Center Agent,Living with Parents/Relatives,11,0,0,0
MRK-01257,active,12,0.398,0.6586,0.552,1,1,0.065,10774.58,0,1,5.1,1,Sari-Sari / Small Retail,Living with Parents/Relatives,5,1,0,0
MRK-01258,active,12,0.695,0.5068,0.481,1,0,0.116,9186.93,0,0,6.1,1,Public School Teacher,Living with Parents/Relatives,10,1,0,0
MRK-01259,active,24,0.847,0.1909,0.952,0,10,0.013,0.0,0,0,4.4,1,Public School Teacher,Owned (Clean Title),5,0,0,0
MRK-01260,active,36,0.254,0.3641,0.648,1,2,0.142,3999.88,1,1,2.0,3,Tricycle / PUV Operator,Owned (Clean Title),11,1,0,0
MRK-01261,active,36,0.122,0.1299,0.849,0,3,0.016,0.0,0,0,4.8,2,BPO / Call Center Agent,Owned (Inherited/Tax Dec),8,1,0,0
MRK-01262,active,12,0.461,0.463,0.86,0,2,0.001,0.0,0,0,6.7,3,Tricycle / PUV Operator,Rented (Apartment/House),1,0,0,0
MRK-01263,active,24,0.143,0.0918,0.847,0,5,0.047,0.0,0,0,6.1,3,Public School Teacher,Owned (Inherited/Tax Dec),11,0,0,0
MRK-01264,active,12,0.694,0.4824,0.809,0,0,0.022,0.0,0,0,16.6,2,Public School Teacher,Rented (Apartment/House),7,0,0,0
MRK-01265,active,12,0.521,0.3521,0.511,1,2,0.06,6504.3,0,0,6.1,1,Agri / Farmer / Fisherfolk,Living with Parents/Relatives,3,1,0,0
MRK-01266,active,24,0.935,0.3422,0.893,0,3,0.009,0.0,0,0,5.1,0,Sari-Sari / Small Retail,Living with Parents/Relatives,5,0,0,0
MRK-01267,active,24,0.117,0.2921,0.801,0,1,0.052,0.0,0,0,7.4,4,Public School Teacher,Living with Parents/Relatives,11,0,0,0
MRK-01268,active,24,0.828,0.5779,0.813,0,4,0.016,0.0,0,0,3.3,3,Agri / Farmer / Fisherfolk,Rented (Apartment/House),8,0,0,0
MRK-01269,active,12,0.316,0.8,0.541,1,1,0.232,12439.21,0,0,12.0,2,Tricycle / PUV Operator,Rented (Apartment/House),12,1,0,0
MRK-01270,active,24,0.054,0.3074,0.792,1,2,0.041,3382.13,0,0,14.0,2,Sari-Sari / Small Retail,Owned (Clean Title),6,0,0,0
MRK-01271,active,36,0.219,0.5047,0.477,1,1,0.185,5216.14,0,0,7.5,0,Employed (Private/Gov),Rented (Apartment/House),11,1,0,0
MRK-01272,active,36,0.216,0.2659,0.536,1,2,0.167,3151.07,0,0,4.3,4,Tricycle / PUV Operator,Rented (Apartment/House),10,1,0,0
MRK-01273,active,36,0.145,0.3086,0.348,1,1,0.138,3726.81,1,0,11.7,1,Public School Teacher,Owned (Inherited/Tax Dec),7,1,0,0
MRK-01274,active,24,0.36,0.1668,0.778,0,0,0.094,0.0,0,0,4.6,2,OFW Remittance / Dependent,Rented (Apartment/House),5,0,0,0
MRK-01275,active,24,0.452,0.1432,0.857,0,1,0.008,0.0,0,0,6.6,0,Public School Teacher,Owned (Inherited/Tax Dec),5,0,0,0
MRK-01276,active,24,0.212,0.2926,0.498,1,2,0.101,2942.98,1,0,10.4,1,Sari-Sari / Small Retail,Living with Parents/Relatives,4,1,0,0
MRK-01277,active,24,0.113,0.1577,0.802,0,2,0.006,0.0,0,0,6.9,4,Employed (Private/Gov),Owned (Inherited/Tax Dec),9,0,0,0
MRK-01278,active,36,0.786,0.3571,0.789,0,3,0.012,0.0,0,0,4.4,2,Public School Teacher,Owned (Clean Title),2,0,0,0
MRK-01279,active,24,0.474,0.3417,0.961,0,5,0.019,0.0,0,0,3.3,2,Sari-Sari / Small Retail,Owned (Inherited/Tax Dec),1,0,0,0
MRK-01280,active,12,0.36,0.3514,0.864,0,4,0.052,0.0,0,0,8.6,2,BPO / Call Center Agent,Owned (Inherited/Tax Dec),8,0,0,0
MRK-01281,active,36,0.397,0.2772,0.574,1,1,0.239,2380.43,1,1,5.8,4,Sari-Sari / Small Retail,Owned (Inherited/Tax Dec),9,1,0,0
MRK-01282,active,24,0.791,0.2515,0.903,0,7,0.006,0.0,0,0,3.3,3,Public School Teacher,Living with Parents/Relatives,11,0,0,0
MRK-01283,active,24,0.392,0.2638,0.502,1,2,0.176,3343.77,1,0,5.1,1,Sari-Sari / Small Retail,Living with Parents/Relatives,10,1,0,0
MRK-01284,active,36,0.583,0.3166,0.699,1,2,0.071,3172.99,0,1,1.0,2,Tricycle / PUV Operator,Rented (Apartment/House),10,0,0,0
MRK-01285,active,24,0.692,0.6393,0.8,0,4,0.008,0.0,0,0,2.1,0,Tricycle / PUV Operator,Rented (Apartment/House),4,0,0,0
MRK-01286,active,36,0.67,0.3896,0.682,1,0,0.12,5526.14,1,0,13.2,1,BPO / Call Center Agent,Owned (Clean Title),7,1,0,0
MRK-01287,active,12,0.889,0.721,0.684,1,3,0.031,11189.94,0,0,8.9,3,Sari-Sari / Small Retail,Owned (Inherited/Tax Dec),5,0,0,0
MRK-01288,active,36,0.197,0.1031,0.861,0,2,0.003,0.0,0,0,4.3,1,Sari-Sari / Small Retail,Owned (Inherited/Tax Dec),8,0,0,0
MRK-01289,active,24,0.306,0.3255,0.304,1,1,0.183,3921.87,0,0,8.3,4,Tricycle / PUV Operator,Living with Parents/Relatives,3,1,0,0
MRK-01290,active,24,0.468,0.2066,0.791,0,3,0.019,0.0,0,0,16.4,2,Employed (Private/Gov),Living with Parents/Relatives,3,0,0,0
MRK-01291,active,36,0.16,0.1992,0.982,0,4,0.028,0.0,0,0,2.9,1,Tricycle / PUV Operator,Rented (Apartment/House),5,0,0,0
MRK-01292,active,36,0.057,0.05,0.897,0,6,0.016,0.0,0,0,3.6,3,Agri / Farmer / Fisherfolk,Owned (Clean Title),10,0,0,0
MRK-01293,active,24,0.217,0.5743,0.548,1,0,0.187,5266.77,0,0,2.1,3,Sari-Sari / Small Retail,Rented (Apartment/House),10,1,0,0
MRK-01294,active,12,0.527,0.8,0.94,0,7,0.019,0.0,0,0,3.5,2,OFW Remittance / Dependent,Rented (Apartment/House),1,0,0,0
MRK-01295,active,36,0.748,0.0627,0.93,0,8,0.023,0.0,0,0,5.7,0,Agri / Farmer / Fisherfolk,Owned (Clean Title),5,0,0,0
MRK-01296,active,36,0.874,0.1058,0.966,0,8,0.013,0.0,0,0,6.4,2,OFW Remittance / Dependent,Living with Parents/Relatives,5,0,0,0
MRK-01297,active,24,0.513,0.2451,0.489,1,2,0.173,3631.16,0,0,1.4,1,BPO / Call Center Agent,Owned (Clean Title),1,1,0,0
MRK-01298,active,12,0.109,0.3594,0.844,0,3,0.055,0.0,0,0,17.1,1,Employed (Private/Gov),Owned (Clean Title),1,0,0,0
MRK-01299,active,24,0.815,0.453,0.853,0,1,0.048,0.0,0,0,3.7,0,Sari-Sari / Small Retail,Owned (Clean Title),12,0,0,0
MRK-01300,active,36,0.116,0.0717,0.904,0,5,0.008,0.0,0,0,3.6,1,BPO / Call Center Agent,Rented (Apartment/House),4,0,0,0
MRK-01301,active,24,0.946,0.1343,0.832,0,5,0.06,0.0,0,0,6.2,1,Employed (Private/Gov),Rented (Apartment/House),2,0,0,0
MRK-01302,active,24,0.408,0.1052,0.981,0,4,0.017,0.0,0,0,10.5,1,Tricycle / PUV Operator,Owned (Inherited/Tax Dec),12,0,0,0
MRK-01303,active,24,0.329,0.1993,0.992,0,9,0.006,0.0,0,0,18.7,1,Employed (Private/Gov),Owned (Inherited/Tax Dec),4,0,0,0
MRK-01304,active,36,0.59,0.1165,0.893,0,3,0.018,0.0,0,0,6.2,0,Employed (Private/Gov),Owned (Inherited/Tax Dec),8,0,0,0
MRK-01305,active,12,0.343,0.326,0.886,0,2,0.005,0.0,0,0,3.6,2,Public School Teacher,Owned (Inherited/Tax Dec),12,0,0,0
MRK-01306,active,24,0.941,0.5271,0.491,1,1,0.093,7839.35,0,0,2.5,4,Public School Teacher,Rented (Apartment/House),8,1,0,0
MRK-01307,active,36,0.132,0.05,0.99,0,5,0.014,0.0,0,0,8.8,1,Public School Teacher,Rented (Apartment/House),4,0,0,0
MRK-01308,active,12,0.826,0.6651,0.839,0,2,0.059,0.0,0,0,6.9,1,Tricycle / PUV Operator,Rented (Apartment/House),9,0,0,0
MRK-01309,active,12,0.081,0.7745,0.81,0,5,0.025,0.0,0,0,12.2,2,Sari-Sari / Small Retail,Owned (Clean Title),11,0,0,0
MRK-01310,active,36,0.171,0.2517,0.771,0,3,0.039,0.0,0,0,6.5,2,OFW Remittance / Dependent,Owned (Inherited/Tax Dec),4,0,0,0
MRK-01311,active,24,0.093,0.4315,0.708,1,0,0.096,7710.79,0,0,7.5,1,Public School Teacher,Owned (Clean Title),12,0,0,0
MRK-01312,active,24,0.104,0.0927,0.886,0,8,0.025,0.0,0,0,4.8,3,Public School Teacher,Living with Parents/Relatives,7,0,0,0
MRK-01313,active,36,0.076,0.342,0.862,0,3,0.059,0.0,0,0,3.7,2,Sari-Sari / Small Retail,Living with Parents/Relatives,4,0,0,0
MRK-01314,active,36,0.646,0.4865,0.507,1,1,0.157,5951.59,0,0,5.5,2,Agri / Farmer / Fisherfolk,Owned (Inherited/Tax Dec),4,1,0,0
MRK-01315,active,24,0.38,0.5433,0.34,1,1,0.116,5520.89,0,0,14.1,3,OFW Remittance / Dependent,Owned (Clean Title),8,1,0,0
MRK-01316,active,24,0.091,0.6393,0.817,0,1,0.027,0.0,0,0,2.8,1,Agri / Farmer / Fisherfolk,Owned (Inherited/Tax Dec),4,0,0,0
MRK-01317,active,24,0.459,0.2763,0.852,0,5,0.043,0.0,0,0,11.3,0,Tricycle / PUV Operator,Owned (Inherited/Tax Dec),4,0,0,0
MRK-01318,active,36,0.351,0.3674,0.697,1,1,0.132,3181.97,0,0,1.4,0,Agri / Farmer / Fisherfolk,Rented (Apartment/House),9,1,0,0
MRK-01319,active,36,0.162,0.2206,0.8,0,2,0.053,0.0,0,0,3.4,2,Tricycle / PUV Operator,Owned (Clean Title),11,0,0,0
MRK-01320,active,12,0.471,0.5122,0.779,0,1,0.09,0.0,0,0,5.0,0,Employed (Private/Gov),Owned (Inherited/Tax Dec),4,0,0,0
MRK-01321,active,24,0.24,0.2869,0.784,0,4,0.037,0.0,0,0,9.0,1,Agri / Farmer / Fisherfolk,Owned (Clean Title),10,0,0,0
MRK-01322,active,12,0.881,0.3969,0.682,1,2,0.135,5877.35,0,0,4.5,2,BPO / Call Center Agent,Owned (Inherited/Tax Dec),2,1,0,0
MRK-01323,active,24,0.836,0.3616,0.611,1,2,0.102,6131.42,0,0,10.8,2,Public School Teacher,Owned (Inherited/Tax Dec),9,1,0,0
MRK-01324,active,24,0.662,0.1667,0.889,0,3,0.021,0.0,0,0,6.5,1,Tricycle / PUV Operator,Living with Parents/Relatives,4,0,0,0
MRK-01325,active,24,0.7,0.2605,0.874,0,4,0.057,0.0,0,0,10.1,3,Employed (Private/Gov),Living with Parents/Relatives,11,0,0,0
MRK-01326,active,24,0.251,0.3202,0.817,0,5,0.057,0.0,0,0,11.4,0,Tricycle / PUV Operator,Rented (Apartment/House),4,0,0,0
MRK-01327,active,12,0.405,0.2167,0.905,0,4,0.011,0.0,0,0,15.0,2,OFW Remittance / Dependent,Rented (Apartment/House),1,0,0,0
MRK-01328,active,24,0.11,0.3821,0.724,0,0,0.044,0.0,0,0,2.7,0,Agri / Farmer / Fisherfolk,Rented (Apartment/House),9,0,0,0
MRK-01329,active,36,0.594,0.3054,0.471,1,0,0.172,4290.6,0,0,7.2,1,Public School Teacher,Owned (Clean Title),7,0,0,0
MRK-01330,active,36,0.548,0.2628,0.673,1,2,0.083,3977.67,0,0,1.0,4,Sari-Sari / Small Retail,Owned (Inherited/Tax Dec),1,1,0,0
MRK-01331,active,12,0.835,0.8,0.679,1,2,0.148,11994.8,0,0,4.5,1,Sari-Sari / Small Retail,Owned (Inherited/Tax Dec),4,1,0,0
MRK-01332,active,36,0.811,0.2525,0.804,0,4,0.034,0.0,1,0,1.5,1,Agri / Farmer / Fisherfolk,Rented (Apartment/House),6,1,0,0
MRK-01333,active,36,0.944,0.1267,0.924,0,10,0.026,0.0,0,0,22.3,0,Employed (Private/Gov),Rented (Apartment/House),10,0,0,0
MRK-01334,active,36,0.564,0.3239,0.397,1,0,0.221,2448.52,0,0,6.8,1,Sari-Sari / Small Retail,Living with Parents/Relatives,7,1,0,0
MRK-01335,active,36,0.555,0.0618,0.981,0,6,0.011,0.0,0,0,13.1,0,Sari-Sari / Small Retail,Owned (Clean Title),10,0,0,0
MRK-01336,active,24,0.226,0.2148,0.851,0,4,0.023,0.0,0,0,9.2,2,OFW Remittance / Dependent,Owned (Clean Title),5,0,0,0
MRK-01337,active,36,0.724,0.2416,0.651,1,2,0.034,5349.09,0,0,1.8,0,Public School Teacher,Owned (Clean Title),4,0,0,0
MRK-01338,active,12,0.922,0.4083,0.976,0,8,0.005,0.0,0,0,7.5,2,BPO / Call Center Agent,Owned (Clean Title),2,0,0,0
MRK-01339,active,36,0.287,0.2209,0.909,0,2,0.049,0.0,0,0,4.2,1,Sari-Sari / Small Retail,Living with Parents/Relatives,5,0,0,0
MRK-01340,active,24,0.344,0.1846,1.0,0,6,0.003,0.0,0,0,6.8,3,BPO / Call Center Agent,Living with Parents/Relatives,5,0,0,0
MRK-01341,active,36,0.63,0.3931,0.575,1,0,0.075,5609.46,0,0,8.3,0,Employed (Private/Gov),Rented (Apartment/House),8,1,0,0
MRK-01342,active,36,0.523,0.05,0.947,0,6,0.021,0.0,0,0,6.8,3,Public School Teacher,Owned (Clean Title),5,0,0,0
MRK-01343,active,24,0.824,0.1678,0.954,0,7,0.005,0.0,0,0,4.7,2,OFW Remittance / Dependent,Owned (Clean Title),8,0,0,0
MRK-01344,active,36,0.499,0.1203,0.933,0,4,0.023,0.0,0,0,9.2,3,BPO / Call Center Agent,Living with Parents/Relatives,6,0,0,0
MRK-01345,active,12,0.335,0.4189,0.856,0,1,0.017,0.0,0,0,5.7,0,Tricycle / PUV Operator,Rented (Apartment/House),5,0,0,0
MRK-01346,active,24,0.791,0.1552,0.987,0,10,0.028,0.0,0,0,9.1,1,Public School Teacher,Owned (Clean Title),7,0,0,0
MRK-01347,active,24,0.525,0.1872,0.812,1,0,0.058,3535.23,0,0,12.2,4,Sari-Sari / Small Retail,Owned (Inherited/Tax Dec),6,0,0,0
MRK-01348,active,12,0.078,0.567,0.738,1,2,0.06,11509.37,0,0,3.3,1,Tricycle / PUV Operator,Owned (Inherited/Tax Dec),11,0,0,0
MRK-01349,active,24,0.758,0.3446,0.928,0,5,0.003,0.0,0,0,6.8,1,Agri / Farmer / Fisherfolk,Owned (Inherited/Tax Dec),3,0,0,0
MRK-01350,active,12,0.667,0.8,0.929,0,6,0.025,0.0,0,0,9.6,3,Sari-Sari / Small Retail,Owned (Inherited/Tax Dec),3,0,0,0
MRK-01351,active,36,0.453,0.05,0.921,0,6,0.01,0.0,0,0,3.1,1,Agri / Farmer / Fisherfolk,Living with Parents/Relatives,5,0,0,0
MRK-01352,active,24,0.858,0.0706,0.989,0,9,0.007,0.0,0,0,6.9,2,Employed (Private/Gov),Owned (Clean Title),7,0,0,0
MRK-01353,active,36,0.741,0.4474,0.455,1,1,0.13,5078.31,0,0,6.1,0,Tricycle / PUV Operator,Owned (Clean Title),7,1,0,0
MRK-01354,active,12,0.238,0.423,0.793,1,3,0.081,6185.08,0,0,4.3,0,Agri / Farmer / Fisherfolk,Living with Parents/Relatives,8,0,0,0
MRK-01355,active,24,0.285,0.4192,0.83,0,5,0.006,0.0,0,0,4.8,0,Tricycle / PUV Operator,Owned (Inherited/Tax Dec),5,0,0,0
MRK-01356,active,24,0.744,0.6064,0.868,0,2,0.039,0.0,0,0,2.1,1,BPO / Call Center Agent,Living with Parents/Relatives,3,1,0,0
MRK-01357,active,12,0.23,0.4582,0.477,1,1,0.107,9399.74,1,1,6.7,3,Public School Teacher,Rented (Apartment/House),9,1,0,0
MRK-01358,active,24,0.796,0.162,0.954,0,10,0.017,0.0,0,0,7.4,2,Agri / Farmer / Fisherfolk,Owned (Clean Title),4,0,0,0
MRK-01359,active,24,0.595,0.1517,0.84,0,1,0.022,0.0,0,0,8.0,1,BPO / Call Center Agent,Owned (Inherited/Tax Dec),12,0,0,0
MRK-01360,active,36,0.05,0.05,0.956,0,3,0.028,0.0,0,0,6.1,0,Public School Teacher,Owned (Clean Title),7,0,0,0
MRK-01361,active,24,0.137,0.0504,0.992,0,9,0.003,0.0,0,0,7.2,1,Tricycle / PUV Operator,Rented (Apartment/House),5,1,0,0
MRK-01362,active,36,0.828,0.3294,0.931,0,6,0.013,0.0,0,0,5.0,2,Tricycle / PUV Operator,Owned (Clean Title),1,0,0,0
MRK-01363,active,24,0.835,0.3245,0.303,1,0,0.12,4961.99,0,0,22.6,4,Employed (Private/Gov),Living with Parents/Relatives,2,1,0,0
MRK-01364,active,24,0.059,0.7561,0.502,1,0,0.212,6971.11,0,0,5.2,0,Tricycle / PUV Operator,Rented (Apartment/House),4,1,0,0
MRK-01365,active,36,0.659,0.0944,0.903,0,9,0.014,0.0,0,0,5.0,1,BPO / Call Center Agent,Living with Parents/Relatives,1,0,0,0
MRK-01366,active,36,0.303,0.2846,0.547,1,0,0.256,2373.08,0,0,13.9,0,Sari-Sari / Small Retail,Rented (Apartment/House),9,1,0,0
MRK-01367,active,36,0.564,0.05,0.914,0,4,0.002,0.0,0,0,3.0,1,Employed (Private/Gov),Owned (Clean Title),7,0,0,0
MRK-01368,active,12,0.835,0.6569,0.891,0,3,0.029,0.0,0,0,5.6,0,Employed (Private/Gov),Owned (Clean Title),3,0,0,0
MRK-01369,active,36,0.812,0.2288,0.559,1,1,0.057,3589.18,0,1,10.0,1,OFW Remittance / Dependent,Owned (Inherited/Tax Dec),3,1,0,0
MRK-01370,active,24,0.575,0.1916,0.783,0,2,0.022,0.0,0,0,15.9,2,Tricycle / PUV Operator,Living with Parents/Relatives,9,0,0,0
MRK-01371,active,36,0.654,0.1469,0.905,0,1,0.028,0.0,0,0,15.0,2,Public School Teacher,Rented (Apartment/House),1,0,0,0
MRK-01372,active,24,0.754,0.6067,0.754,1,1,0.056,6624.36,0,0,8.1,2,Tricycle / PUV Operator,Rented (Apartment/House),3,0,0,0
MRK-01373,active,36,0.916,0.053,0.995,0,3,0.014,0.0,0,0,14.6,4,Agri / Farmer / Fisherfolk,Living with Parents/Relatives,9,1,0,0
MRK-01374,active,24,0.809,0.1172,0.811,0,2,0.036,0.0,0,0,2.5,0,OFW Remittance / Dependent,Owned (Clean Title),10,0,0,0
MRK-01375,active,12,0.516,0.543,0.392,1,0,0.188,8065.64,1,0,5.2,2,Tricycle / PUV Operator,Living with Parents/Relatives,8,0,0,0
MRK-01376,active,24,0.675,0.216,0.926,0,10,0.015,0.0,0,0,19.1,1,Agri / Farmer / Fisherfolk,Owned (Inherited/Tax Dec),3,0,0,0
MRK-01377,active,24,0.652,0.478,0.564,1,0,0.111,5256.7,1,0,3.1,2,Agri / Farmer / Fisherfolk,Rented (Apartment/House),3,1,0,0
MRK-01378,active,12,0.176,0.8,0.626,1,0,0.081,9440.94,0,0,1.9,1,Sari-Sari / Small Retail,Living with Parents/Relatives,10,1,0,0
MRK-01379,active,12,0.665,0.8,0.767,1,1,0.039,10841.78,0,0,6.4,1,Agri / Farmer / Fisherfolk,Living with Parents/Relatives,4,0,0,0
MRK-01380,active,12,0.091,0.4558,0.935,0,10,0.03,0.0,0,0,9.6,1,OFW Remittance / Dependent,Owned (Inherited/Tax Dec),10,0,0,0
MRK-01381,active,12,0.375,0.3579,0.909,0,10,0.015,0.0,0,0,8.4,0,Public School Teacher,Living with Parents/Relatives,8,0,0,0
MRK-01382,active,12,0.777,0.3771,0.792,0,5,0.054,0.0,0,0,4.2,0,OFW Remittance / Dependent,Owned (Inherited/Tax Dec),5,0,0,0
MRK-01383,active,36,0.387,0.1721,0.984,0,6,0.017,0.0,0,0,5.8,2,BPO / Call Center Agent,Rented (Apartment/House),1,0,0,0
MRK-01384,active,24,0.205,0.2777,0.884,0,3,0.015,0.0,0,0,5.4,0,Tricycle / PUV Operator,Rented (Apartment/House),6,0,0,0
MRK-01385,active,36,0.285,0.0724,0.796,0,1,0.034,0.0,0,0,10.0,1,BPO / Call Center Agent,Rented (Apartment/House),3,0,0,0
MRK-01386,active,12,0.599,0.6479,0.806,0,4,0.039,0.0,0,0,8.4,4,Public School Teacher,Owned (Clean Title),5,0,0,0
MRK-01387,active,36,0.228,0.1528,0.866,0,3,0.045,0.0,0,0,9.1,2,BPO / Call Center Agent,Owned (Inherited/Tax Dec),4,0,0,0
MRK-01388,active,24,0.132,0.4972,0.794,0,4,0.012,0.0,0,0,4.8,0,Sari-Sari / Small Retail,Rented (Apartment/House),8,0,0,0
MRK-01389,active,24,0.939,0.2006,0.901,0,1,0.014,0.0,0,0,9.4,1,Tricycle / PUV Operator,Owned (Clean Title),12,0,0,0
MRK-01390,active,12,0.077,0.2684,0.926,0,5,0.029,0.0,0,0,4.9,1,BPO / Call Center Agent,Owned (Clean Title),12,0,0,0
MRK-01391,active,36,0.435,0.0863,0.886,0,4,0.005,0.0,0,0,6.1,0,Sari-Sari / Small Retail,Owned (Inherited/Tax Dec),9,0,0,0
MRK-01392,active,24,0.42,0.1911,0.951,0,8,0.02,0.0,0,0,10.4,2,Public School Teacher,Owned (Clean Title),3,0,0,0
MRK-01393,active,36,0.827,0.2245,0.601,1,0,0.13,3254.6,0,0,1.2,2,Tricycle / PUV Operator,Rented (Apartment/House),2,1,0,0
MRK-01394,active,36,0.676,0.132,0.941,0,3,0.015,0.0,0,0,6.2,0,Sari-Sari / Small Retail,Owned (Inherited/Tax Dec),11,0,0,0
MRK-01395,active,36,0.075,0.0804,0.889,0,2,0.023,0.0,0,0,6.4,2,Tricycle / PUV Operator,Owned (Inherited/Tax Dec),11,0,0,0
MRK-01396,active,12,0.078,0.322,0.954,0,8,0.003,0.0,0,0,22.6,1,Agri / Farmer / Fisherfolk,Living with Parents/Relatives,9,0,0,0
MRK-01397,active,12,0.68,0.4341,0.675,1,3,0.06,4570.35,0,0,9.2,1,Tricycle / PUV Operator,Owned (Inherited/Tax Dec),11,0,0,0
MRK-01398,active,36,0.895,0.1934,0.954,0,5,0.03,0.0,0,0,6.1,0,OFW Remittance / Dependent,Living with Parents/Relatives,11,0,0,0
MRK-01399,active,36,0.944,0.3047,0.487,1,1,0.069,4663.58,0,0,4.9,4,BPO / Call Center Agent,Owned (Inherited/Tax Dec),4,1,0,0
MRK-01400,active,12,0.119,0.6839,0.789,0,5,0.046,0.0,0,0,11.5,3,BPO / Call Center Agent,Living with Parents/Relatives,3,0,0,0
MRK-01401,active,12,0.674,0.6918,0.533,1,0,0.062,11545.76,0,0,13.2,2,Agri / Farmer / Fisherfolk,Living with Parents/Relatives,11,1,0,0
MRK-01402,active,36,0.577,0.3986,0.374,1,1,0.292,4643.6,0,0,5.5,1,Agri / Farmer / Fisherfolk,Rented (Apartment/House),2,1,0,0
MRK-01403,active,24,0.543,0.3654,0.723,0,2,0.025,0.0,0,0,6.0,1,Sari-Sari / Small Retail,Rented (Apartment/House),4,0,0,0
MRK-01404,active,12,0.141,0.1933,0.891,0,4,0.006,0.0,0,0,3.5,1,Employed (Private/Gov),Living with Parents/Relatives,5,0,0,0
MRK-01405,active,36,0.653,0.0572,0.978,0,9,0.013,0.0,0,0,8.1,2,Sari-Sari / Small Retail,Rented (Apartment/House),3,0,0,0
MRK-01406,active,36,0.924,0.0651,0.823,0,3,0.006,0.0,0,0,10.2,1,Public School Teacher,Owned (Clean Title),2,0,0,0
MRK-01407,active,12,0.929,0.6848,0.986,0,10,0.003,0.0,0,0,7.5,2,Tricycle / PUV Operator,Living with Parents/Relatives,6,0,0,0
MRK-01408,active,36,0.718,0.2085,0.877,0,1,0.014,0.0,0,0,11.4,1,Employed (Private/Gov),Owned (Inherited/Tax Dec),4,0,0,0
MRK-01409,active,24,0.915,0.2073,0.994,0,4,0.002,0.0,0,0,12.8,2,Public School Teacher,Owned (Clean Title),12,0,0,0
MRK-01410,active,24,0.904,0.2549,0.846,0,2,0.005,0.0,0,0,8.4,1,Public School Teacher,Living with Parents/Relatives,7,0,0,0
MRK-01411,active,12,0.832,0.2832,0.961,0,8,0.001,0.0,0,0,6.1,0,OFW Remittance / Dependent,Owned (Clean Title),9,0,0,0
MRK-01412,active,24,0.086,0.3503,0.346,1,0,0.149,4358.15,0,0,5.5,2,BPO / Call Center Agent,Owned (Clean Title),3,1,0,0
MRK-01413,active,36,0.877,0.2867,0.657,1,0,0.114,3521.1,0,0,1.0,4,OFW Remittance / Dependent,Living with Parents/Relatives,10,1,0,0
MRK-01414,active,12,0.25,0.5991,0.689,0,1,0.07,0.0,0,0,1.4,3,BPO / Call Center Agent,Living with Parents/Relatives,2,0,0,0
MRK-01415,active,12,0.126,0.2871,0.826,0,5,0.014,0.0,0,0,2.8,2,Employed (Private/Gov),Owned (Inherited/Tax Dec),3,0,0,0
MRK-01416,active,24,0.913,0.05,0.968,0,5,0.002,0.0,0,0,11.8,2,BPO / Call Center Agent,Rented (Apartment/House),4,0,0,0
MRK-01417,active,24,0.523,0.1546,0.897,0,2,0.025,0.0,0,0,19.9,0,Tricycle / PUV Operator,Owned (Clean Title),7,0,0,0
MRK-01418,active,36,0.141,0.137,0.972,0,6,0.018,0.0,0,0,4.9,0,Tricycle / PUV Operator,Owned (Clean Title),8,0,0,0
MRK-01419,active,24,0.583,0.2184,0.788,0,1,0.028,0.0,0,0,15.9,1,Agri / Farmer / Fisherfolk,Living with Parents/Relatives,1,0,0,0
MRK-01420,active,24,0.472,0.2963,0.847,0,1,0.037,0.0,0,0,8.2,1,Sari-Sari / Small Retail,Rented (Apartment/House),7,0,0,0
MRK-01421,active,24,0.383,0.1128,0.888,0,7,0.014,0.0,0,0,2.9,1,Agri / Farmer / Fisherfolk,Owned (Inherited/Tax Dec),6,0,0,0
MRK-01422,active,12,0.083,0.6259,0.842,0,1,0.027,0.0,0,0,5.2,0,Public School Teacher,Owned (Inherited/Tax Dec),12,0,0,0
MRK-01423,active,36,0.308,0.2358,0.918,0,2,0.005,0.0,0,0,5.9,2,Agri / Farmer / Fisherfolk,Owned (Inherited/Tax Dec),10,0,0,0
MRK-01424,active,24,0.72,0.0844,0.826,0,4,0.049,0.0,0,0,11.0,2,Sari-Sari / Small Retail,Rented (Apartment/House),7,0,0,0
MRK-01425,active,12,0.34,0.6208,0.541,1,0,0.156,5245.17,1,0,15.5,3,Tricycle / PUV Operator,Living with Parents/Relatives,6,1,0,0
MRK-01426,active,36,0.213,0.1836,0.929,0,8,0.007,0.0,1,0,2.3,3,BPO / Call Center Agent,Rented (Apartment/House),8,0,0,0
MRK-01427,active,12,0.311,0.4564,0.812,0,2,0.03,0.0,0,0,5.6,1,Tricycle / PUV Operator,Owned (Inherited/Tax Dec),9,0,0,0
MRK-01428,active,24,0.722,0.0929,0.91,0,6,0.0,0.0,0,0,15.4,1,OFW Remittance / Dependent,Owned (Clean Title),2,0,0,0
MRK-01429,active,36,0.704,0.2189,0.789,0,2,0.052,0.0,0,0,5.2,4,Public School Teacher,Rented (Apartment/House),7,0,0,0
MRK-01430,active,24,0.052,0.3095,0.911,0,2,0.015,0.0,0,0,9.3,2,Tricycle / PUV Operator,Owned (Clean Title),7,0,0,0
MRK-01431,active,12,0.807,0.4046,0.856,0,2,0.055,0.0,0,0,4.3,0,BPO / Call Center Agent,Living with Parents/Relatives,9,0,0,0
MRK-01432,active,36,0.8,0.0683,0.828,0,1,0.009,0.0,0,0,21.0,2,Public School Teacher,Living with Parents/Relatives,11,0,0,0
MRK-01433,active,24,0.079,0.4158,0.911,0,4,0.007,0.0,0,1,5.1,4,Public School Teacher,Living with Parents/Relatives,12,0,0,0
MRK-01434,active,24,0.946,0.1518,0.822,0,3,0.058,0.0,0,0,5.1,1,Sari-Sari / Small Retail,Living with Parents/Relatives,10,0,0,0
MRK-01435,active,24,0.929,0.4106,0.711,1,1,0.027,4291.02,0,1,7.5,3,Tricycle / PUV Operator,Owned (Clean Title),7,0,0,0
MRK-01436,active,12,0.579,0.4394,0.915,0,3,0.02,0.0,0,0,10.6,0,OFW Remittance / Dependent,Rented (Apartment/House),10,0,0,0
MRK-01437,active,12,0.859,0.7348,0.685,0,2,0.065,0.0,0,0,8.5,1,Sari-Sari / Small Retail,Rented (Apartment/House),11,1,0,0
MRK-01438,active,36,0.575,0.1838,0.65,0,2,0.064,0.0,0,0,7.0,3,Public School Teacher,Living with Parents/Relatives,8,0,0,0
MRK-01439,active,12,0.143,0.6552,0.56,1,1,0.151,14154.11,0,0,12.1,1,Sari-Sari / Small Retail,Owned (Clean Title),8,1,0,0
MRK-01440,active,12,0.783,0.2754,0.84,0,1,0.048,0.0,0,0,4.6,0,OFW Remittance / Dependent,Living with Parents/Relatives,5,0,0,0
MRK-01441,active,12,0.949,0.2526,0.819,1,2,0.026,4593.53,0,0,8.1,1,Sari-Sari / Small Retail,Owned (Clean Title),1,0,0,0
MRK-01442,active,12,0.361,0.1281,0.886,0,3,0.024,0.0,0,0,2.7,4,OFW Remittance / Dependent,Living with Parents/Relatives,6,0,0,0
MRK-01443,active,24,0.738,0.1539,0.913,0,5,0.006,0.0,0,0,10.1,2,BPO / Call Center Agent,Rented (Apartment/House),12,0,0,0
MRK-01444,active,12,0.489,0.7571,0.654,1,3,0.083,8667.46,0,0,9.6,1,Agri / Farmer / Fisherfolk,Owned (Inherited/Tax Dec),4,0,0,0
MRK-01445,active,24,0.641,0.3484,0.771,1,0,0.022,7478.67,0,0,4.6,2,OFW Remittance / Dependent,Owned (Clean Title),1,0,0,0
MRK-01446,active,12,0.229,0.344,0.977,0,3,0.019,0.0,0,0,2.9,1,Employed (Private/Gov),Owned (Inherited/Tax Dec),6,0,0,0
MRK-01447,active,36,0.892,0.338,0.598,1,1,0.074,5760.69,1,0,5.9,0,OFW Remittance / Dependent,Owned (Inherited/Tax Dec),10,1,0,0
MRK-01448,active,24,0.91,0.2251,0.834,0,1,0.005,0.0,0,0,6.3,3,BPO / Call Center Agent,Owned (Clean Title),12,0,0,0
MRK-01449,active,24,0.714,0.3505,0.894,0,3,0.044,0.0,1,0,3.7,2,Sari-Sari / Small Retail,Living with Parents/Relatives,8,0,0,0
MRK-01450,active,12,0.586,0.5079,0.584,1,2,0.172,4854.04,0,0,8.3,2,Agri / Farmer / Fisherfolk,Owned (Inherited/Tax Dec),12,1,0,0
MRK-01451,active,12,0.922,0.4617,0.872,0,1,0.016,0.0,0,0,2.5,1,Sari-Sari / Small Retail,Owned (Inherited/Tax Dec),8,0,0,0
MRK-01452,active,36,0.307,0.3397,0.692,1,1,0.06,3862.01,0,0,6.3,4,Sari-Sari / Small Retail,Owned (Inherited/Tax Dec),9,0,0,0
MRK-01453,active,24,0.467,0.2298,0.76,1,0,0.074,3685.56,0,0,4.8,1,BPO / Call Center Agent,Owned (Clean Title),12,0,0,0
MRK-01454,active,24,0.664,0.2654,0.526,1,2,0.145,3183.22,0,0,14.9,2,Employed (Private/Gov),Owned (Inherited/Tax Dec),9,1,0,0
MRK-01455,active,24,0.69,0.1433,0.867,0,4,0.043,0.0,0,0,3.1,1,Employed (Private/Gov),Owned (Clean Title),12,0,0,0
MRK-01456,active,12,0.846,0.3314,0.462,1,1,0.148,7017.89,0,0,15.5,2,Employed (Private/Gov),Living with Parents/Relatives,11,1,0,0
MRK-01457,active,24,0.31,0.0963,0.933,0,8,0.018,0.0,0,0,1.4,1,Tricycle / PUV Operator,Owned (Inherited/Tax Dec),4,0,0,0
MRK-01458,active,12,0.304,0.3205,0.903,0,10,0.003,0.0,0,0,7.5,3,BPO / Call Center Agent,Owned (Clean Title),9,0,0,0
MRK-01459,active,12,0.136,0.6912,0.518,1,0,0.104,9989.09,1,0,6.4,2,BPO / Call Center Agent,Rented (Apartment/House),11,1,0,0
MRK-01460,active,24,0.118,0.5141,0.592,1,2,0.092,8300.14,1,1,9.0,1,Public School Teacher,Owned (Clean Title),7,1,0,0
MRK-01461,active,24,0.056,0.0646,0.907,0,8,0.009,0.0,0,0,8.3,0,OFW Remittance / Dependent,Living with Parents/Relatives,11,0,0,0
MRK-01462,active,24,0.494,0.2619,0.982,0,4,0.009,0.0,0,0,5.5,1,OFW Remittance / Dependent,Owned (Clean Title),1,0,0,0
MRK-01463,active,24,0.067,0.1623,0.757,0,0,0.086,0.0,0,0,2.3,1,Public School Teacher,Owned (Inherited/Tax Dec),11,0,0,0
MRK-01464,active,36,0.602,0.2146,0.531,1,1,0.057,3238.53,0,1,8.8,1,Agri / Farmer / Fisherfolk,Owned (Clean Title),2,1,0,0
MRK-01465,active,36,0.616,0.5451,0.495,1,2,0.071,5423.62,0,0,6.6,0,Sari-Sari / Small Retail,Living with Parents/Relatives,8,1,0,0
MRK-01466,active,36,0.402,0.4281,0.543,1,1,0.227,5775.61,0,0,8.2,0,Public School Teacher,Owned (Inherited/Tax Dec),2,1,0,0
MRK-01467,active,36,0.641,0.2568,0.472,1,1,0.151,2504.2,0,0,7.2,1,OFW Remittance / Dependent,Rented (Apartment/House),12,1,0,0
MRK-01468,active,24,0.254,0.1356,0.98,0,4,0.02,0.0,0,0,5.3,3,Public School Teacher,Living with Parents/Relatives,4,0,0,0
MRK-01469,active,36,0.31,0.205,0.911,0,9,0.017,0.0,0,0,8.6,1,Tricycle / PUV Operator,Owned (Inherited/Tax Dec),5,0,0,0
MRK-01470,active,12,0.103,0.506,0.721,0,0,0.078,0.0,0,0,16.2,4,Agri / Farmer / Fisherfolk,Owned (Inherited/Tax Dec),8,0,0,0
MRK-01471,active,24,0.822,0.4561,0.46,1,0,0.077,4237.89,0,0,14.9,0,Sari-Sari / Small Retail,Rented (Apartment/House),1,1,0,0
MRK-01472,active,24,0.655,0.141,0.934,0,9,0.007,0.0,0,0,14.8,2,Agri / Farmer / Fisherfolk,Owned (Inherited/Tax Dec),4,0,0,0
MRK-01473,active,24,0.589,0.1756,0.864,0,1,0.039,0.0,0,0,17.6,0,Public School Teacher,Owned (Inherited/Tax Dec),3,0,0,0
MRK-01474,active,24,0.478,0.1445,0.984,0,5,0.002,0.0,0,0,7.9,2,BPO / Call Center Agent,Living with Parents/Relatives,1,0,0,0
MRK-01475,active,12,0.544,0.1525,0.914,0,3,0.029,0.0,0,0,4.6,0,BPO / Call Center Agent,Rented (Apartment/House),9,0,0,0
MRK-01476,active,12,0.194,0.6661,0.96,0,9,0.028,0.0,0,0,6.3,3,Sari-Sari / Small Retail,Owned (Clean Title),6,0,0,0
MRK-01477,active,36,0.079,0.2404,0.924,0,6,0.025,0.0,0,0,10.7,0,BPO / Call Center Agent,Rented (Apartment/House),12,0,0,0
MRK-01478,active,12,0.339,0.4831,0.659,0,1,0.089,0.0,0,0,9.0,0,Public School Teacher,Owned (Inherited/Tax Dec),1,0,0,0
MRK-01479,active,12,0.114,0.3235,0.913,0,1,0.027,0.0,0,0,2.5,1,Sari-Sari / Small Retail,Rented (Apartment/House),5,0,0,0
MRK-01480,active,24,0.107,0.2933,0.915,0,9,0.03,0.0,0,0,2.7,3,Public School Teacher,Owned (Clean Title),4,0,0,0
MRK-01481,active,12,0.314,0.4375,0.827,0,1,0.021,0.0,0,0,9.6,3,Sari-Sari / Small Retail,Rented (Apartment/House),11,0,0,0
MRK-01482,active,24,0.099,0.3328,0.807,0,2,0.021,0.0,0,0,6.3,0,BPO / Call Center Agent,Rented (Apartment/House),12,0,0,0
MRK-01483,active,36,0.768,0.1939,0.752,0,2,0.056,0.0,0,0,4.3,1,OFW Remittance / Dependent,Living with Parents/Relatives,7,0,0,0
MRK-01484,active,24,0.158,0.3668,0.543,1,0,0.149,4401.72,0,0,12.5,1,BPO / Call Center Agent,Owned (Clean Title),12,1,0,0
MRK-01485,active,36,0.858,0.1731,0.807,0,0,0.029,0.0,0,0,14.0,1,Tricycle / PUV Operator,Rented (Apartment/House),10,0,0,0
MRK-01486,active,36,0.788,0.3635,0.312,1,1,0.162,4021.72,0,0,6.9,2,OFW Remittance / Dependent,Living with Parents/Relatives,9,1,0,0
MRK-01487,active,36,0.769,0.1808,0.769,1,1,0.071,2376.59,0,0,5.2,3,Sari-Sari / Small Retail,Rented (Apartment/House),10,0,0,0
MRK-01488,active,24,0.718,0.0571,0.847,0,2,0.049,0.0,0,0,12.9,0,Sari-Sari / Small Retail,Rented (Apartment/House),9,0,0,0
MRK-01489,active,12,0.83,0.7001,0.657,1,3,0.03,7736.51,0,0,11.4,0,Agri / Farmer / Fisherfolk,Owned (Inherited/Tax Dec),4,0,0,0
MRK-01490,active,36,0.798,0.1579,0.887,0,6,0.021,0.0,0,0,15.1,4,BPO / Call Center Agent,Owned (Clean Title),6,0,0,0
MRK-01491,active,24,0.873,0.215,0.835,0,5,0.036,0.0,0,0,4.8,2,Employed (Private/Gov),Owned (Inherited/Tax Dec),9,0,0,0
MRK-01492,active,24,0.718,0.5946,0.533,1,2,0.123,5885.74,0,0,13.8,2,Sari-Sari / Small Retail,Rented (Apartment/House),9,1,0,0
MRK-01493,active,12,0.428,0.8,0.82,1,1,0.03,9542.35,0,0,8.9,1,Agri / Farmer / Fisherfolk,Owned (Clean Title),12,0,0,0
MRK-01494,active,24,0.298,0.1847,0.813,0,4,0.01,0.0,0,0,5.0,1,Agri / Farmer / Fisherfolk,Owned (Clean Title),8,0,0,0
MRK-01495,active,24,0.218,0.1544,0.985,0,4,0.019,0.0,0,0,3.9,1,OFW Remittance / Dependent,Living with Parents/Relatives,8,0,0,0
MRK-01496,active,36,0.535,0.2332,0.778,0,0,0.098,0.0,1,0,6.3,0,OFW Remittance / Dependent,Living with Parents/Relatives,10,0,0,0
MRK-01497,active,12,0.517,0.5215,0.876,0,2,0.014,0.0,0,0,6.9,0,Agri / Farmer / Fisherfolk,Rented (Apartment/House),2,0,0,0
MRK-01498,active,36,0.245,0.4151,0.487,1,0,0.09,5439.8,1,0,6.0,2,Employed (Private/Gov),Owned (Clean Title),5,1,0,0
MRK-01499,active,12,0.225,0.4663,0.764,0,2,0.06,0.0,0,0,2.7,1,Tricycle / PUV Operator,Rented (Apartment/House),3,0,0,0
MRK-01500,active,24,0.438,0.494,0.632,1,2,0.125,7606.67,0,1,8.2,0,Agri / Farmer / Fisherfolk,Owned (Clean Title),2,1,0,0
MRK-01501,active,24,0.633,0.5414,0.359,1,0,0.088,4815.11,0,0,6.8,1,Sari-Sari / Small Retail,Owned (Clean Title),2,1,0,0
MRK-01502,active,36,0.767,0.2316,0.669,1,3,0.032,3945.11,0,0,10.6,1,Agri / Farmer / Fisherfolk,Owned (Inherited/Tax Dec),1,0,0,0
MRK-01503,active,24,0.668,0.3592,0.697,0,3,0.062,0.0,0,0,13.3,4,Tricycle / PUV Operator,Owned (Clean Title),12,0,0,0
MRK-01504,active,12,0.843,0.7497,0.572,1,1,0.166,8430.59,1,0,3.7,2,Tricycle / PUV Operator,Owned (Clean Title),5,1,0,0
MRK-01505,active,12,0.256,0.2392,0.967,0,8,0.029,0.0,0,0,15.8,1,Public School Teacher,Rented (Apartment/House),10,0,0,0
MRK-01506,active,36,0.264,0.05,0.886,0,10,0.01,0.0,0,0,24.4,1,BPO / Call Center Agent,Rented (Apartment/House),2,0,0,0
MRK-01507,active,12,0.181,0.4947,0.925,0,4,0.002,0.0,0,0,5.2,3,Agri / Farmer / Fisherfolk,Living with Parents/Relatives,11,0,0,0
MRK-01508,active,36,0.286,0.2196,0.765,0,1,0.045,0.0,0,0,8.2,1,Sari-Sari / Small Retail,Rented (Apartment/House),4,0,0,0
MRK-01509,active,12,0.192,0.5258,0.811,0,4,0.054,0.0,0,0,5.3,0,OFW Remittance / Dependent,Living with Parents/Relatives,2,1,0,0
MRK-01510,active,36,0.539,0.2347,0.567,1,1,0.097,2650.1,0,0,4.2,2,Public School Teacher,Rented (Apartment/House),11,1,0,0
MRK-01511,active,12,0.168,0.4305,0.802,0,1,0.015,0.0,0,0,18.4,1,BPO / Call Center Agent,Owned (Inherited/Tax Dec),1,0,0,0
MRK-01512,active,36,0.372,0.3604,0.59,1,0,0.158,3098.23,0,0,10.8,0,Agri / Farmer / Fisherfolk,Rented (Apartment/House),10,1,0,0
MRK-01513,active,24,0.862,0.2753,0.746,1,0,0.06,3092.25,1,0,13.5,2,BPO / Call Center Agent,Rented (Apartment/House),3,0,0,0
MRK-01514,active,36,0.165,0.0934,0.901,0,4,0.014,0.0,0,0,3.5,2,Tricycle / PUV Operator,Living with Parents/Relatives,3,0,0,0
MRK-01515,active,12,0.944,0.7167,0.796,0,3,0.005,0.0,0,0,4.0,1,Tricycle / PUV Operator,Rented (Apartment/House),2,1,0,0
MRK-01516,active,36,0.6,0.1518,0.889,0,1,0.003,0.0,0,0,15.9,1,OFW Remittance / Dependent,Owned (Clean Title),2,0,0,0
MRK-01517,active,12,0.414,0.6872,0.634,1,2,0.051,12662.59,0,0,2.2,3,Sari-Sari / Small Retail,Owned (Clean Title),8,1,0,0
MRK-01518,active,24,0.411,0.5208,0.566,1,0,0.295,8188.93,0,0,5.4,2,BPO / Call Center Agent,Owned (Inherited/Tax Dec),6,1,0,0
MRK-01519,active,24,0.376,0.588,0.79,1,0,0.035,7385.62,0,0,3.0,1,Agri / Farmer / Fisherfolk,Living with Parents/Relatives,5,0,0,0
MRK-01520,active,36,0.828,0.2226,0.979,0,7,0.021,0.0,0,0,12.8,2,Public School Teacher,Rented (Apartment/House),4,0,0,0
MRK-01521,active,24,0.212,0.0972,0.935,0,8,0.014,0.0,0,0,5.2,3,Employed (Private/Gov),Rented (Apartment/House),2,0,0,0
MRK-01522,active,36,0.213,0.2594,0.679,1,0,0.069,2491.69,0,0,4.5,2,Sari-Sari / Small Retail,Living with Parents/Relatives,12,0,0,0
MRK-01523,active,36,0.41,0.3598,0.731,1,3,0.077,3989.86,0,0,7.2,1,Sari-Sari / Small Retail,Owned (Inherited/Tax Dec),7,0,0,0
MRK-01524,active,36,0.579,0.1547,0.845,0,4,0.046,0.0,0,0,3.0,2,Employed (Private/Gov),Owned (Clean Title),2,0,0,0
MRK-01525,active,12,0.879,0.5446,0.974,0,3,0.026,0.0,0,0,13.8,2,BPO / Call Center Agent,Owned (Inherited/Tax Dec),7,0,0,0
MRK-01526,active,36,0.346,0.063,0.966,0,10,0.018,0.0,0,0,9.7,2,OFW Remittance / Dependent,Rented (Apartment/House),12,0,0,0
MRK-01527,active,24,0.409,0.3142,0.908,0,5,0.05,0.0,0,0,4.8,1,BPO / Call Center Agent,Owned (Inherited/Tax Dec),12,0,0,0
MRK-01528,active,12,0.159,0.3471,0.9,0,4,0.013,0.0,0,0,5.2,1,Employed (Private/Gov),Rented (Apartment/House),1,0,0,0
MRK-01529,active,12,0.433,0.6709,0.69,1,3,0.028,12525.74,0,0,3.1,0,Tricycle / PUV Operator,Rented (Apartment/House),4,0,0,0
MRK-01530,active,12,0.147,0.5745,0.945,0,8,0.01,0.0,0,0,13.0,0,Tricycle / PUV Operator,Rented (Apartment/House),12,0,0,0
MRK-01531,active,12,0.889,0.2019,0.848,0,3,0.028,0.0,0,0,5.7,2,Employed (Private/Gov),Owned (Inherited/Tax Dec),11,0,0,0
MRK-01532,active,12,0.319,0.4619,0.928,0,8,0.021,0.0,0,0,4.2,2,Public School Teacher,Rented (Apartment/House),12,0,0,0
MRK-01533,active,36,0.598,0.05,0.91,0,7,0.011,0.0,0,0,14.5,3,Employed (Private/Gov),Living with Parents/Relatives,10,0,0,0
MRK-01534,active,36,0.116,0.1321,0.884,0,1,0.04,0.0,0,0,8.2,0,Tricycle / PUV Operator,Owned (Clean Title),6,0,0,0
MRK-01535,active,24,0.569,0.221,0.774,0,1,0.037,0.0,0,0,11.9,0,OFW Remittance / Dependent,Living with Parents/Relatives,5,0,0,0
MRK-01536,active,24,0.594,0.7131,0.586,1,1,0.121,7296.28,0,1,6.0,0,Tricycle / PUV Operator,Living with Parents/Relatives,9,1,0,0
MRK-01537,active,12,0.449,0.3143,0.825,0,3,0.012,0.0,0,0,4.4,2,Employed (Private/Gov),Owned (Inherited/Tax Dec),11,0,0,0
MRK-01538,active,36,0.5,0.3711,0.505,1,1,0.089,2691.03,1,0,16.8,0,Tricycle / PUV Operator,Living with Parents/Relatives,6,1,0,0
MRK-01539,active,36,0.617,0.2874,0.748,1,0,0.069,3934.54,0,0,11.1,2,Public School Teacher,Living with Parents/Relatives,8,0,0,0
MRK-01540,active,36,0.657,0.293,0.828,0,2,0.005,0.0,0,0,9.5,2,Sari-Sari / Small Retail,Owned (Clean Title),6,0,0,0
MRK-01541,active,12,0.121,0.4266,0.778,1,0,0.09,11807.14,0,0,4.0,4,Public School Teacher,Living with Parents/Relatives,7,0,0,0
MRK-01542,active,24,0.846,0.3902,0.636,1,1,0.127,4316.27,0,0,4.5,2,Agri / Farmer / Fisherfolk,Rented (Apartment/House),4,1,0,0
MRK-01543,active,24,0.792,0.3065,0.777,0,2,0.026,0.0,0,0,12.7,3,OFW Remittance / Dependent,Rented (Apartment/House),4,0,0,0
MRK-01544,active,36,0.382,0.0849,0.894,0,10,0.011,0.0,0,0,1.5,4,Sari-Sari / Small Retail,Rented (Apartment/House),4,0,0,0
MRK-01545,active,36,0.284,0.3116,0.493,1,2,0.065,3496.65,0,0,4.0,2,Agri / Farmer / Fisherfolk,Owned (Inherited/Tax Dec),1,1,0,0
MRK-01546,active,24,0.903,0.3943,0.384,1,0,0.239,3400.86,1,0,6.3,2,OFW Remittance / Dependent,Living with Parents/Relatives,4,1,0,0
MRK-01547,active,36,0.422,0.05,0.886,0,10,0.002,0.0,0,0,7.2,1,OFW Remittance / Dependent,Rented (Apartment/House),5,0,0,0
MRK-01548,active,24,0.076,0.3284,0.893,0,5,0.011,0.0,0,0,5.9,1,Tricycle / PUV Operator,Owned (Clean Title),1,0,0,0
MRK-01549,active,36,0.602,0.3163,0.899,0,4,0.012,0.0,0,0,14.0,0,Agri / Farmer / Fisherfolk,Owned (Clean Title),11,0,0,0
MRK-01550,active,24,0.705,0.2335,0.895,0,8,0.015,0.0,0,0,8.5,2,Sari-Sari / Small Retail,Rented (Apartment/House),10,0,0,0
MRK-01551,active,12,0.422,0.4036,0.788,0,1,0.027,0.0,0,0,3.1,2,OFW Remittance / Dependent,Owned (Inherited/Tax Dec),6,0,0,0
MRK-01552,active,24,0.648,0.1168,0.784,0,1,0.043,0.0,0,0,15.6,1,Employed (Private/Gov),Rented (Apartment/House),3,0,0,0
MRK-01553,active,36,0.869,0.0503,0.97,0,9,0.018,0.0,0,0,10.8,0,Employed (Private/Gov),Owned (Inherited/Tax Dec),11,0,0,0
MRK-01554,active,36,0.678,0.0584,0.897,0,7,0.018,0.0,0,0,5.2,0,Public School Teacher,Owned (Clean Title),3,0,0,0
MRK-01555,active,36,0.676,0.166,0.95,0,3,0.024,0.0,0,0,2.7,1,OFW Remittance / Dependent,Living with Parents/Relatives,4,0,0,0
MRK-01556,active,24,0.165,0.3451,0.869,0,3,0.015,0.0,0,0,2.9,4,Sari-Sari / Small Retail,Owned (Inherited/Tax Dec),12,0,0,0
MRK-01557,active,12,0.58,0.8,0.991,0,4,0.009,0.0,0,0,23.9,1,Tricycle / PUV Operator,Rented (Apartment/House),5,0,0,0
MRK-01558,active,12,0.488,0.6687,0.658,0,3,0.061,0.0,0,1,5.9,2,Sari-Sari / Small Retail,Rented (Apartment/House),12,0,0,0
MRK-01559,active,36,0.809,0.1996,0.942,0,10,0.014,0.0,0,0,11.1,1,Tricycle / PUV Operator,Living with Parents/Relatives,4,0,0,0
MRK-01560,active,36,0.303,0.2537,0.868,0,5,0.007,0.0,0,0,4.5,2,Agri / Farmer / Fisherfolk,Living with Parents/Relatives,2,0,0,0
MRK-01561,active,24,0.214,0.1167,0.87,0,2,0.036,0.0,0,0,3.8,2,Public School Teacher,Owned (Inherited/Tax Dec),6,0,0,0
MRK-01562,active,12,0.279,0.7009,0.726,0,1,0.032,0.0,0,0,4.4,3,Sari-Sari / Small Retail,Owned (Inherited/Tax Dec),2,0,0,0
MRK-01563,active,12,0.652,0.8,0.834,0,5,0.011,0.0,0,0,15.7,1,Agri / Farmer / Fisherfolk,Owned (Inherited/Tax Dec),12,0,0,0
MRK-01564,active,12,0.946,0.4679,0.824,0,5,0.031,0.0,0,0,4.3,0,BPO / Call Center Agent,Owned (Inherited/Tax Dec),8,0,0,0
MRK-01565,active,36,0.246,0.3273,0.566,1,0,0.083,2998.2,0,0,1.1,1,Tricycle / PUV Operator,Owned (Clean Title),3,1,0,0
MRK-01566,active,24,0.437,0.2829,0.588,1,1,0.053,4537.59,0,0,6.3,0,BPO / Call Center Agent,Owned (Clean Title),12,1,0,0
MRK-01567,active,24,0.522,0.1559,0.939,0,9,0.003,0.0,0,0,13.5,0,Public School Teacher,Owned (Inherited/Tax Dec),12,0,0,0
MRK-01568,active,12,0.784,0.2419,0.962,0,3,0.027,0.0,0,0,7.4,0,Public School Teacher,Rented (Apartment/House),1,0,0,0
MRK-01569,active,12,0.764,0.8,0.528,1,1,0.163,11610.61,0,1,3.7,2,Tricycle / PUV Operator,Living with Parents/Relatives,8,1,0,0
MRK-01570,active,24,0.257,0.1655,0.88,0,3,0.044,0.0,0,0,8.8,1,Agri / Farmer / Fisherfolk,Owned (Clean Title),5,0,0,0
MRK-01571,active,12,0.582,0.599,0.952,0,8,0.016,0.0,0,0,6.7,2,Sari-Sari / Small Retail,Living with Parents/Relatives,1,0,0,0
MRK-01572,active,36,0.247,0.1975,0.799,0,3,0.007,0.0,0,0,10.1,1,BPO / Call Center Agent,Living with Parents/Relatives,6,0,0,0
MRK-01573,active,24,0.331,0.171,0.972,0,9,0.029,0.0,0,0,9.6,4,Tricycle / PUV Operator,Rented (Apartment/House),10,0,0,0
MRK-01574,active,36,0.472,0.3254,0.557,1,0,0.13,4676.89,0,0,7.6,3,Agri / Farmer / Fisherfolk,Owned (Clean Title),1,1,0,0
MRK-01575,active,24,0.697,0.5098,0.814,0,5,0.055,0.0,0,0,20.8,1,Agri / Farmer / Fisherfolk,Owned (Inherited/Tax Dec),6,0,0,0
MRK-01576,active,24,0.408,0.2571,0.715,0,0,0.097,0.0,0,0,9.8,2,Employed (Private/Gov),Living with Parents/Relatives,4,0,0,0
MRK-01577,active,12,0.915,0.8,0.652,1,2,0.094,13402.96,0,0,2.6,2,Agri / Farmer / Fisherfolk,Owned (Inherited/Tax Dec),2,1,0,0
MRK-01578,active,24,0.366,0.3719,0.786,0,1,0.023,0.0,0,0,10.7,3,OFW Remittance / Dependent,Rented (Apartment/House),9,0,0,0
MRK-01579,active,12,0.24,0.2908,0.646,1,2,0.107,6303.42,0,0,9.0,4,BPO / Call Center Agent,Owned (Inherited/Tax Dec),10,1,0,0
MRK-01580,active,36,0.593,0.05,0.986,0,7,0.023,0.0,0,0,2.9,2,OFW Remittance / Dependent,Rented (Apartment/House),11,0,0,0
MRK-01581,active,24,0.453,0.2294,0.797,0,0,0.081,0.0,0,0,22.8,1,Sari-Sari / Small Retail,Owned (Clean Title),9,0,0,0
MRK-01582,active,36,0.654,0.0961,0.925,0,7,0.021,0.0,0,0,5.1,0,BPO / Call Center Agent,Owned (Clean Title),3,0,0,0
MRK-01583,active,12,0.226,0.3988,0.488,1,0,0.263,4546.22,0,0,4.5,2,Employed (Private/Gov),Living with Parents/Relatives,9,1,0,0
MRK-01584,active,24,0.428,0.3375,0.557,1,0,0.177,3720.72,1,0,7.0,1,Public School Teacher,Owned (Inherited/Tax Dec),11,1,0,0
MRK-01585,active,24,0.313,0.4491,0.889,0,5,0.023,0.0,0,0,18.2,3,Agri / Farmer / Fisherfolk,Living with Parents/Relatives,12,0,0,0
MRK-01586,active,24,0.292,0.1457,0.806,0,3,0.009,0.0,0,0,6.5,1,Tricycle / PUV Operator,Owned (Clean Title),6,0,0,0
MRK-01587,active,24,0.092,0.2283,0.472,1,2,0.102,3702.56,0,1,1.8,0,BPO / Call Center Agent,Living with Parents/Relatives,3,1,0,0
MRK-01588,active,36,0.129,0.2354,0.905,0,4,0.022,0.0,1,0,3.6,1,Sari-Sari / Small Retail,Living with Parents/Relatives,9,0,0,0
MRK-01589,active,24,0.572,0.0668,0.965,0,3,0.0,0.0,0,0,5.6,2,Public School Teacher,Rented (Apartment/House),11,0,0,0
MRK-01590,active,36,0.557,0.0778,0.818,0,3,0.033,0.0,0,0,4.6,1,Public School Teacher,Living with Parents/Relatives,7,0,0,0
MRK-01591,active,36,0.579,0.3031,0.718,0,1,0.097,0.0,0,0,5.8,1,OFW Remittance / Dependent,Owned (Inherited/Tax Dec),4,0,0,0
MRK-01592,active,12,0.122,0.8,0.59,1,0,0.129,12398.46,0,0,5.6,1,Agri / Farmer / Fisherfolk,Owned (Inherited/Tax Dec),4,1,0,0
MRK-01593,active,36,0.405,0.1951,0.923,0,4,0.004,0.0,0,0,2.7,1,Sari-Sari / Small Retail,Living with Parents/Relatives,11,0,0,0
MRK-01594,active,12,0.899,0.2677,0.73,0,0,0.097,0.0,0,0,5.4,0,Employed (Private/Gov),Living with Parents/Relatives,7,0,0,0
MRK-01595,active,12,0.505,0.6615,0.393,1,0,0.272,12069.02,1,0,15.9,0,OFW Remittance / Dependent,Rented (Apartment/House),8,1,0,0
MRK-01596,active,24,0.729,0.5485,0.69,1,3,0.061,6469.67,0,0,11.0,2,Tricycle / PUV Operator,Living with Parents/Relatives,3,0,0,0
MRK-01597,active,36,0.549,0.1315,0.813,0,1,0.055,0.0,0,0,17.4,1,BPO / Call Center Agent,Rented (Apartment/House),2,0,0,0
MRK-01598,active,24,0.476,0.2748,0.771,0,0,0.05,0.0,0,0,13.8,3,Public School Teacher,Owned (Clean Title),11,0,0,0
MRK-01599,active,24,0.309,0.0862,0.916,0,3,0.013,0.0,0,0,7.8,1,Employed (Private/Gov),Owned (Clean Title),11,0,0,0
MRK-01600,active,36,0.188,0.392,0.463,1,1,0.187,4797.78,1,0,7.8,2,Sari-Sari / Small Retail,Rented (Apartment/House),10,1,0,0
MRK-01601,active,36,0.201,0.3293,0.49,1,2,0.052,5774.81,0,0,12.4,2,Public School Teacher,Living with Parents/Relatives,12,1,0,0
MRK-01602,active,24,0.931,0.3431,0.377,1,0,0.252,3814.47,1,0,12.0,3,Employed (Private/Gov),Rented (Apartment/House),3,1,0,0
MRK-01603,active,24,0.728,0.551,0.782,0,5,0.045,0.0,0,0,4.7,1,OFW Remittance / Dependent,Owned (Clean Title),11,0,0,0
MRK-01604,active,36,0.269,0.1591,0.841,0,5,0.044,0.0,0,0,18.5,2,Tricycle / PUV Operator,Living with Parents/Relatives,7,0,0,0
MRK-01605,active,36,0.052,0.3184,0.627,1,0,0.093,5082.34,0,0,7.8,3,Public School Teacher,Owned (Inherited/Tax Dec),4,1,0,0
MRK-01606,active,24,0.823,0.1199,0.991,0,10,0.023,0.0,0,0,3.2,1,OFW Remittance / Dependent,Owned (Inherited/Tax Dec),5,0,0,0
MRK-01607,active,36,0.237,0.2207,0.598,1,0,0.066,2255.87,0,0,4.9,2,Sari-Sari / Small Retail,Owned (Inherited/Tax Dec),5,1,0,0
MRK-01608,active,12,0.139,0.5552,0.612,1,1,0.126,8601.49,0,1,6.6,2,Tricycle / PUV Operator,Rented (Apartment/House),7,1,0,0
MRK-01609,active,12,0.348,0.3174,0.89,0,3,0.033,0.0,0,0,4.2,1,Employed (Private/Gov),Living with Parents/Relatives,4,0,0,0
MRK-01610,active,36,0.729,0.1187,0.812,0,4,0.001,0.0,0,0,9.5,2,OFW Remittance / Dependent,Owned (Clean Title),1,0,0,0
MRK-01611,active,12,0.762,0.2896,0.859,0,4,0.05,0.0,0,0,7.3,2,OFW Remittance / Dependent,Living with Parents/Relatives,4,0,0,0
MRK-01612,active,24,0.871,0.05,0.965,0,7,0.023,0.0,1,0,3.5,2,OFW Remittance / Dependent,Rented (Apartment/House),9,0,0,0
MRK-01613,active,12,0.412,0.6119,0.534,1,0,0.064,12454.4,0,0,4.5,1,BPO / Call Center Agent,Owned (Inherited/Tax Dec),2,1,0,0
MRK-01614,active,12,0.552,0.3976,0.992,0,5,0.028,0.0,0,0,3.8,1,OFW Remittance / Dependent,Owned (Inherited/Tax Dec),5,0,0,0
MRK-01615,active,12,0.622,0.7167,0.393,1,1,0.124,13720.5,0,0,6.9,3,Tricycle / PUV Operator,Rented (Apartment/House),7,1,0,0
MRK-01616,active,24,0.705,0.4907,0.548,1,1,0.197,5207.7,0,0,1.6,3,Sari-Sari / Small Retail,Owned (Inherited/Tax Dec),4,1,0,0
MRK-01617,active,36,0.09,0.3066,0.682,1,3,0.084,6087.92,0,0,6.3,2,BPO / Call Center Agent,Rented (Apartment/House),9,0,0,0
MRK-01618,active,12,0.689,0.7256,0.654,1,0,0.045,13293.12,0,0,9.0,1,OFW Remittance / Dependent,Owned (Clean Title),5,0,0,0
MRK-01619,active,36,0.092,0.2517,0.671,1,0,0.023,5688.4,0,0,7.6,0,BPO / Call Center Agent,Living with Parents/Relatives,4,0,0,0
MRK-01620,active,36,0.052,0.2223,0.907,0,3,0.0,0.0,0,0,13.7,1,Employed (Private/Gov),Living with Parents/Relatives,2,0,0,0
MRK-01621,active,24,0.496,0.5575,0.982,0,4,0.012,0.0,0,0,4.4,2,Tricycle / PUV Operator,Living with Parents/Relatives,4,0,0,0
MRK-01622,active,24,0.684,0.2004,0.883,0,3,0.022,0.0,0,0,7.3,1,Sari-Sari / Small Retail,Living with Parents/Relatives,3,0,0,0
MRK-01623,active,12,0.758,0.8,0.66,1,0,0.091,9202.91,0,1,10.6,0,Agri / Farmer / Fisherfolk,Owned (Clean Title),3,1,0,0
MRK-01624,active,24,0.487,0.2916,0.801,0,5,0.0,0.0,0,0,7.9,2,Sari-Sari / Small Retail,Owned (Inherited/Tax Dec),11,0,0,0
MRK-01625,active,24,0.509,0.262,0.993,0,6,0.008,0.0,0,0,1.9,0,BPO / Call Center Agent,Owned (Inherited/Tax Dec),8,0,0,0
MRK-01626,active,24,0.423,0.3107,0.526,1,1,0.152,5573.53,0,0,8.4,3,Public School Teacher,Owned (Inherited/Tax Dec),2,1,0,0
MRK-01627,active,12,0.686,0.4122,0.805,0,5,0.008,0.0,0,0,8.2,2,Sari-Sari / Small Retail,Owned (Clean Title),12,0,0,0
MRK-01628,active,36,0.147,0.2783,0.625,1,1,0.052,5058.72,0,0,2.9,3,OFW Remittance / Dependent,Owned (Inherited/Tax Dec),2,1,0,0
MRK-01629,active,36,0.368,0.1449,0.816,0,1,0.02,0.0,0,0,5.5,2,Sari-Sari / Small Retail,Owned (Inherited/Tax Dec),10,0,0,0
MRK-01630,active,24,0.803,0.1508,0.801,0,5,0.018,0.0,0,0,2.2,0,BPO / Call Center Agent,Owned (Clean Title),4,0,0,0
MRK-01631,active,12,0.848,0.6736,0.946,0,5,0.003,0.0,0,0,9.3,2,Agri / Farmer / Fisherfolk,Rented (Apartment/House),6,0,0,0
MRK-01632,active,36,0.111,0.5983,0.553,1,1,0.123,5929.46,0,0,5.4,2,Sari-Sari / Small Retail,Living with Parents/Relatives,2,1,0,0
MRK-01633,active,36,0.77,0.1435,0.779,0,2,0.061,0.0,0,0,11.7,1,OFW Remittance / Dependent,Owned (Clean Title),10,0,0,0
MRK-01634,active,12,0.775,0.2604,0.999,0,6,0.017,0.0,0,0,16.3,2,Public School Teacher,Owned (Inherited/Tax Dec),2,0,0,0
MRK-01635,active,12,0.632,0.156,0.979,0,5,0.029,0.0,0,0,7.9,1,Public School Teacher,Rented (Apartment/House),12,0,0,0
MRK-01636,active,24,0.708,0.1487,0.89,0,3,0.012,0.0,0,0,14.8,4,Sari-Sari / Small Retail,Owned (Inherited/Tax Dec),8,0,0,0
MRK-01637,active,12,0.217,0.4451,0.98,0,8,0.024,0.0,0,0,7.7,3,BPO / Call Center Agent,Living with Parents/Relatives,1,0,0,0
MRK-01638,active,36,0.582,0.1946,0.868,0,3,0.021,0.0,0,0,5.3,2,BPO / Call Center Agent,Rented (Apartment/House),4,0,0,0
MRK-01639,active,36,0.563,0.4371,0.316,1,0,0.227,4633.32,0,0,3.2,2,Tricycle / PUV Operator,Living with Parents/Relatives,12,1,0,0
MRK-01640,active,24,0.284,0.197,0.803,0,2,0.039,0.0,0,0,3.5,0,BPO / Call Center Agent,Owned (Clean Title),5,0,0,0
MRK-01641,active,36,0.286,0.1076,0.954,0,9,0.007,0.0,0,0,5.0,0,Tricycle / PUV Operator,Owned (Inherited/Tax Dec),1,0,0,0
MRK-01642,active,36,0.66,0.3693,0.677,1,0,0.081,4348.97,0,0,4.6,1,BPO / Call Center Agent,Rented (Apartment/House),8,1,0,0
MRK-01643,active,12,0.797,0.2054,0.895,0,1,0.027,0.0,0,0,11.7,3,OFW Remittance / Dependent,Owned (Clean Title),8,0,0,0
MRK-01644,active,12,0.159,0.244,0.727,1,0,0.096,4626.01,0,0,14.8,2,Public School Teacher,Rented (Apartment/House),4,0,0,0
MRK-01645,active,12,0.598,0.3992,0.891,0,3,0.019,0.0,0,0,5.8,2,Employed (Private/Gov),Living with Parents/Relatives,4,0,0,0
MRK-01646,active,24,0.67,0.0983,0.942,0,4,0.026,0.0,0,0,8.5,1,BPO / Call Center Agent,Owned (Inherited/Tax Dec),1,0,0,0
MRK-01647,active,12,0.375,0.2902,0.893,0,3,0.016,0.0,1,0,6.9,4,Employed (Private/Gov),Owned (Clean Title),9,0,0,0
MRK-01648,active,12,0.06,0.3383,0.902,0,7,0.024,0.0,0,0,8.6,3,OFW Remittance / Dependent,Rented (Apartment/House),12,0,0,0
MRK-01649,active,24,0.31,0.0521,0.935,0,9,0.02,0.0,0,0,7.3,1,Employed (Private/Gov),Owned (Inherited/Tax Dec),12,0,0,0
MRK-01650,active,24,0.353,0.3169,0.907,0,1,0.047,0.0,0,0,13.6,1,Public School Teacher,Owned (Inherited/Tax Dec),12,0,0,0
MRK-01651,active,12,0.757,0.5619,0.82,0,4,0.024,0.0,0,0,9.8,1,Tricycle / PUV Operator,Owned (Clean Title),4,0,0,0
MRK-01652,active,24,0.265,0.0824,0.975,0,9,0.017,0.0,0,0,3.1,2,Employed (Private/Gov),Owned (Clean Title),1,0,0,0
MRK-01653,active,36,0.165,0.2159,0.691,1,1,0.038,4069.04,0,0,7.6,4,OFW Remittance / Dependent,Rented (Apartment/House),12,0,0,0
MRK-01654,active,24,0.883,0.5043,0.619,1,1,0.097,6541.65,0,0,9.8,2,Agri / Farmer / Fisherfolk,Owned (Clean Title),11,1,0,0
MRK-01655,active,36,0.28,0.3318,0.772,0,1,0.088,0.0,1,0,3.7,0,Agri / Farmer / Fisherfolk,Owned (Inherited/Tax Dec),5,0,0,0
MRK-01656,active,36,0.736,0.05,0.898,0,8,0.014,0.0,0,0,2.5,1,BPO / Call Center Agent,Living with Parents/Relatives,2,0,0,0
MRK-01657,active,36,0.918,0.1177,0.872,0,3,0.018,0.0,0,0,8.9,1,BPO / Call Center Agent,Owned (Clean Title),3,1,0,0
MRK-01658,active,24,0.305,0.4213,0.437,1,1,0.111,5202.23,0,0,4.0,1,Sari-Sari / Small Retail,Owned (Clean Title),11,1,0,0
MRK-01659,active,36,0.249,0.1233,0.815,0,3,0.039,0.0,0,0,4.5,4,BPO / Call Center Agent,Owned (Clean Title),4,0,0,0
MRK-01660,active,36,0.076,0.4038,0.649,1,2,0.157,5112.23,0,0,6.0,1,Agri / Farmer / Fisherfolk,Living with Parents/Relatives,11,1,0,0
MRK-01661,active,36,0.904,0.0664,0.8,0,3,0.049,0.0,0,0,5.0,0,Public School Teacher,Owned (Inherited/Tax Dec),2,0,0,0
MRK-01662,active,12,0.651,0.3942,0.356,1,1,0.286,6337.46,1,0,4.8,1,Employed (Private/Gov),Rented (Apartment/House),6,1,0,0
MRK-01663,active,12,0.598,0.6612,0.892,0,3,0.011,0.0,0,0,4.2,0,BPO / Call Center Agent,Living with Parents/Relatives,1,0,0,0
MRK-01664,active,36,0.24,0.2802,0.807,0,1,0.041,0.0,0,0,2.7,2,BPO / Call Center Agent,Rented (Apartment/House),12,0,0,0
MRK-01665,active,36,0.067,0.3375,0.808,0,0,0.034,0.0,0,0,12.0,1,Sari-Sari / Small Retail,Rented (Apartment/House),4,0,0,0
MRK-01666,active,24,0.456,0.2328,0.825,0,1,0.05,0.0,0,0,5.5,2,Public School Teacher,Rented (Apartment/House),3,0,0,0
MRK-01667,active,36,0.783,0.5215,0.513,1,0,0.155,4193.36,1,0,6.4,0,Sari-Sari / Small Retail,Rented (Apartment/House),10,1,0,0
MRK-01668,active,24,0.813,0.21,0.843,0,5,0.014,0.0,0,0,6.1,4,Agri / Farmer / Fisherfolk,Living with Parents/Relatives,9,0,0,0
MRK-01669,active,36,0.176,0.2814,0.374,1,0,0.086,3030.2,0,0,2.8,1,OFW Remittance / Dependent,Rented (Apartment/House),2,1,0,0
MRK-01670,active,12,0.546,0.4862,0.548,1,2,0.095,5073.08,0,0,3.9,2,BPO / Call Center Agent,Living with Parents/Relatives,1,1,0,0
MRK-01671,active,36,0.494,0.1402,0.882,0,10,0.002,0.0,0,0,11.5,3,Sari-Sari / Small Retail,Owned (Inherited/Tax Dec),3,0,0,0
MRK-01672,active,24,0.386,0.2771,0.902,0,1,0.001,0.0,0,0,9.3,0,Tricycle / PUV Operator,Owned (Clean Title),12,0,0,0
MRK-01673,active,12,0.555,0.2053,0.915,0,4,0.03,0.0,1,0,2.6,0,Agri / Farmer / Fisherfolk,Living with Parents/Relatives,2,0,0,0
MRK-01674,active,12,0.856,0.4672,0.719,1,1,0.03,6789.55,0,0,5.7,1,Agri / Farmer / Fisherfolk,Living with Parents/Relatives,9,0,0,0
MRK-01675,active,24,0.547,0.3881,0.795,0,4,0.058,0.0,0,0,4.3,2,Agri / Farmer / Fisherfolk,Owned (Clean Title),2,0,0,0
MRK-01676,active,36,0.69,0.0669,0.911,0,4,0.009,0.0,0,0,13.5,1,BPO / Call Center Agent,Living with Parents/Relatives,2,0,0,0
MRK-01677,active,12,0.293,0.356,0.936,0,3,0.015,0.0,0,0,8.4,3,OFW Remittance / Dependent,Owned (Clean Title),5,0,0,0
MRK-01678,active,24,0.053,0.2655,0.808,0,1,0.059,0.0,0,0,7.2,3,Agri / Farmer / Fisherfolk,Rented (Apartment/House),8,0,0,0
MRK-01679,active,24,0.219,0.3732,0.669,1,0,0.092,6553.95,0,0,1.8,1,Tricycle / PUV Operator,Owned (Clean Title),7,1,0,0
MRK-01680,active,36,0.449,0.4738,0.536,1,2,0.08,4448.7,0,0,5.0,3,Sari-Sari / Small Retail,Rented (Apartment/House),7,1,0,0
MRK-01681,active,12,0.136,0.2804,0.978,0,5,0.015,0.0,0,0,4.5,1,Agri / Farmer / Fisherfolk,Owned (Inherited/Tax Dec),4,0,0,0
MRK-01682,active,36,0.776,0.1877,0.836,0,5,0.015,0.0,0,0,8.4,1,Tricycle / PUV Operator,Living with Parents/Relatives,9,0,0,0
MRK-01683,active,36,0.162,0.1053,0.958,0,7,0.014,0.0,0,0,10.1,1,Employed (Private/Gov),Owned (Clean Title),12,0,0,0
MRK-01684,active,12,0.706,0.2991,0.908,0,5,0.014,0.0,0,0,21.7,2,OFW Remittance / Dependent,Rented (Apartment/House),8,0,0,0
MRK-01685,active,24,0.682,0.1073,0.88,0,5,0.0,0.0,0,0,9.0,3,BPO / Call Center Agent,Owned (Clean Title),8,0,0,0
MRK-01686,active,36,0.136,0.1441,0.745,1,0,0.083,2451.41,0,0,14.5,0,BPO / Call Center Agent,Owned (Clean Title),3,0,0,0
MRK-01687,active,36,0.091,0.2134,0.827,0,5,0.034,0.0,0,0,5.0,2,BPO / Call Center Agent,Owned (Inherited/Tax Dec),6,0,0,0
MRK-01688,active,24,0.114,0.3381,0.482,1,1,0.164,3243.23,0,0,5.1,2,Employed (Private/Gov),Living with Parents/Relatives,4,1,0,0
MRK-01689,active,24,0.375,0.1887,0.932,0,10,0.029,0.0,0,0,3.2,1,Agri / Farmer / Fisherfolk,Owned (Clean Title),1,0,0,0
MRK-01690,active,36,0.685,0.1101,0.814,0,2,0.038,0.0,0,0,7.9,0,BPO / Call Center Agent,Owned (Inherited/Tax Dec),12,0,0,0
MRK-01691,active,36,0.711,0.1705,0.95,0,8,0.009,0.0,0,0,4.6,1,Sari-Sari / Small Retail,Living with Parents/Relatives,9,0,0,0
MRK-01692,active,12,0.145,0.8,0.794,1,0,0.079,12021.77,0,0,9.4,2,Sari-Sari / Small Retail,Rented (Apartment/House),9,0,0,0
MRK-01693,active,24,0.104,0.0891,0.889,0,5,0.056,0.0,0,0,7.5,0,Employed (Private/Gov),Rented (Apartment/House),7,0,0,0
MRK-01694,active,12,0.823,0.3992,0.334,1,0,0.142,4850.82,0,0,3.3,2,OFW Remittance / Dependent,Owned (Clean Title),8,1,0,0
MRK-01695,active,24,0.137,0.1009,0.912,0,3,0.019,0.0,0,0,2.5,0,Employed (Private/Gov),Owned (Inherited/Tax Dec),9,0,0,0
MRK-01696,active,24,0.411,0.6426,0.857,0,5,0.0,0.0,0,0,16.1,2,Sari-Sari / Small Retail,Owned (Inherited/Tax Dec),11,0,0,0
MRK-01697,active,36,0.722,0.3144,0.343,1,1,0.173,3712.92,0,0,2.4,1,OFW Remittance / Dependent,Owned (Inherited/Tax Dec),5,1,0,0
MRK-01698,active,36,0.371,0.1947,0.867,0,3,0.049,0.0,0,0,6.1,1,BPO / Call Center Agent,Owned (Inherited/Tax Dec),4,0,0,0
MRK-01699,active,12,0.161,0.3663,0.994,0,7,0.009,0.0,0,0,5.5,0,Tricycle / PUV Operator,Rented (Apartment/House),6,0,0,0
MRK-01700,active,24,0.904,0.0696,0.885,0,3,0.029,0.0,0,0,19.0,2,Public School Teacher,Living with Parents/Relatives,7,0,0,0
MRK-01701,active,36,0.089,0.2545,0.69,1,2,0.056,3332.88,0,0,11.8,2,Tricycle / PUV Operator,Living with Parents/Relatives,2,1,0,0
MRK-01702,active,36,0.367,0.132,0.99,0,4,0.021,0.0,0,0,15.0,3,OFW Remittance / Dependent,Owned (Inherited/Tax Dec),10,0,0,0
MRK-01703,active,36,0.177,0.6008,0.309,1,0,0.243,5007.72,1,0,11.2,1,Agri / Farmer / Fisherfolk,Living with Parents/Relatives,5,1,0,0
MRK-01704,active,36,0.881,0.1859,0.973,0,4,0.024,0.0,0,0,11.6,2,Public School Teacher,Owned (Clean Title),7,0,0,0
MRK-01705,active,24,0.594,0.1832,0.961,0,8,0.018,0.0,0,0,3.5,0,BPO / Call Center Agent,Owned (Inherited/Tax Dec),7,0,0,0
MRK-01706,active,12,0.578,0.48,0.797,0,1,0.02,0.0,0,0,10.2,0,Agri / Farmer / Fisherfolk,Owned (Inherited/Tax Dec),3,0,0,0
MRK-01707,active,24,0.569,0.1787,0.914,0,10,0.011,0.0,0,0,3.7,0,Agri / Farmer / Fisherfolk,Living with Parents/Relatives,7,0,0,0
MRK-01708,active,24,0.656,0.2674,0.91,0,2,0.054,0.0,0,0,6.7,3,OFW Remittance / Dependent,Rented (Apartment/House),3,0,0,0
MRK-01709,active,24,0.426,0.3421,0.78,0,2,0.05,0.0,0,0,7.0,1,OFW Remittance / Dependent,Living with Parents/Relatives,8,0,0,0
MRK-01710,active,12,0.49,0.7681,0.81,0,5,0.008,0.0,0,0,18.6,2,OFW Remittance / Dependent,Rented (Apartment/House),6,0,0,0
MRK-01711,active,36,0.076,0.1135,0.87,0,4,0.053,0.0,0,0,4.8,0,OFW Remittance / Dependent,Living with Parents/Relatives,6,0,0,0
MRK-01712,active,12,0.765,0.3328,0.593,1,1,0.094,6177.07,0,0,4.2,3,BPO / Call Center Agent,Rented (Apartment/House),4,1,0,0
MRK-01713,active,36,0.475,0.08,0.969,0,3,0.013,0.0,0,0,13.4,1,Employed (Private/Gov),Owned (Inherited/Tax Dec),4,0,0,0
MRK-01714,active,24,0.473,0.3177,0.58,1,1,0.092,4698.03,0,0,5.1,3,BPO / Call Center Agent,Living with Parents/Relatives,7,1,0,0
MRK-01715,active,36,0.516,0.05,0.918,0,9,0.007,0.0,0,0,4.9,3,BPO / Call Center Agent,Living with Parents/Relatives,3,0,0,0
MRK-01716,active,12,0.561,0.3334,0.91,0,2,0.043,0.0,0,0,5.0,3,Agri / Farmer / Fisherfolk,Living with Parents/Relatives,2,0,0,0
MRK-01717,active,36,0.493,0.3291,0.955,0,5,0.014,0.0,0,0,4.5,1,Sari-Sari / Small Retail,Owned (Clean Title),4,0,0,0
MRK-01718,active,12,0.713,0.3916,0.549,1,2,0.094,5158.3,0,0,15.6,1,Public School Teacher,Owned (Inherited/Tax Dec),7,1,0,0
MRK-01719,active,24,0.632,0.1607,0.971,0,4,0.003,0.0,0,0,6.2,1,BPO / Call Center Agent,Owned (Clean Title),7,0,0,0
MRK-01720,active,24,0.818,0.4446,0.753,0,0,0.049,0.0,0,0,8.2,1,BPO / Call Center Agent,Living with Parents/Relatives,7,0,0,0
MRK-01721,active,12,0.284,0.6381,0.542,1,0,0.12,10066.6,1,0,12.9,3,OFW Remittance / Dependent,Rented (Apartment/House),2,1,0,0
MRK-01722,active,36,0.373,0.0857,0.963,0,3,0.016,0.0,0,0,6.9,3,Sari-Sari / Small Retail,Living with Parents/Relatives,3,0,0,0
MRK-01723,active,12,0.089,0.2864,0.815,0,2,0.038,0.0,0,1,6.9,1,Sari-Sari / Small Retail,Rented (Apartment/House),1,0,0,0
MRK-01724,active,36,0.393,0.2474,0.784,1,2,0.068,4866.25,0,0,10.1,0,Employed (Private/Gov),Owned (Clean Title),2,0,0,0
MRK-01725,active,24,0.482,0.1102,0.926,0,10,0.004,0.0,0,0,4.7,0,BPO / Call Center Agent,Owned (Clean Title),2,0,0,0
MRK-01726,active,36,0.177,0.3506,0.411,1,1,0.275,5394.57,0,0,6.0,0,BPO / Call Center Agent,Owned (Clean Title),2,1,0,0
MRK-01727,active,24,0.77,0.4876,0.748,1,0,0.054,6966.34,0,0,1.3,3,Employed (Private/Gov),Owned (Clean Title),7,1,0,0
MRK-01728,active,36,0.529,0.0871,0.872,0,5,0.052,0.0,0,0,5.0,4,Public School Teacher,Rented (Apartment/House),11,0,0,0
MRK-01729,active,36,0.081,0.192,0.989,0,4,0.009,0.0,0,0,11.4,3,Sari-Sari / Small Retail,Owned (Inherited/Tax Dec),2,0,0,0
MRK-01730,active,36,0.633,0.2616,0.971,0,4,0.01,0.0,0,0,4.1,2,Tricycle / PUV Operator,Owned (Inherited/Tax Dec),2,0,0,0
MRK-01731,active,36,0.654,0.3973,0.587,1,2,0.173,3537.56,0,0,6.3,1,Sari-Sari / Small Retail,Owned (Clean Title),12,1,0,0
MRK-01732,active,36,0.818,0.289,0.454,1,0,0.099,6204.04,0,0,13.4,0,BPO / Call Center Agent,Owned (Inherited/Tax Dec),6,1,0,0
MRK-01733,active,12,0.667,0.7248,0.802,0,2,0.014,0.0,0,0,13.2,0,Agri / Farmer / Fisherfolk,Owned (Inherited/Tax Dec),6,0,0,0
MRK-01734,active,36,0.511,0.3126,0.817,1,3,0.09,4738.45,1,0,9.2,0,Public School Teacher,Owned (Inherited/Tax Dec),11,0,0,0
MRK-01735,active,36,0.823,0.154,0.919,0,4,0.026,0.0,0,0,2.6,4,Agri / Farmer / Fisherfolk,Owned (Clean Title),3,0,0,0
MRK-01736,active,24,0.859,0.3032,0.854,0,4,0.058,0.0,1,0,12.6,0,OFW Remittance / Dependent,Owned (Inherited/Tax Dec),4,0,0,0
MRK-01737,active,36,0.377,0.1792,0.916,0,3,0.005,0.0,0,0,6.8,0,Agri / Farmer / Fisherfolk,Owned (Clean Title),7,0,0,0
MRK-01738,active,12,0.744,0.8,0.917,0,3,0.003,0.0,1,0,7.4,1,Agri / Farmer / Fisherfolk,Owned (Clean Title),1,1,0,0
MRK-01739,active,36,0.529,0.1866,0.672,0,0,0.073,0.0,0,0,9.8,0,OFW Remittance / Dependent,Living with Parents/Relatives,11,0,0,0
MRK-01740,active,24,0.598,0.0941,0.896,0,8,0.002,0.0,0,0,3.3,0,BPO / Call Center Agent,Owned (Inherited/Tax Dec),4,1,0,0
MRK-01741,active,24,0.148,0.3491,0.53,1,0,0.098,3539.44,0,0,2.6,2,OFW Remittance / Dependent,Owned (Clean Title),10,1,0,0
MRK-01742,active,12,0.765,0.5928,0.787,0,4,0.003,0.0,0,0,6.7,1,Public School Teacher,Owned (Clean Title),8,0,0,0
MRK-01743,active,12,0.77,0.4589,0.979,0,10,0.009,0.0,0,0,5.3,1,Employed (Private/Gov),Owned (Inherited/Tax Dec),8,0,0,0
MRK-01744,active,24,0.503,0.4596,0.322,1,0,0.173,6516.67,0,0,6.6,0,Employed (Private/Gov),Living with Parents/Relatives,5,1,0,0
MRK-01745,active,12,0.309,0.489,0.817,0,3,0.058,0.0,0,0,13.1,4,Employed (Private/Gov),Rented (Apartment/House),8,0,0,0
MRK-01746,active,36,0.254,0.0898,0.87,0,2,0.04,0.0,1,0,5.0,1,OFW Remittance / Dependent,Living with Parents/Relatives,2,0,0,0
MRK-01747,active,36,0.557,0.1308,0.814,0,2,0.04,0.0,0,0,3.4,1,OFW Remittance / Dependent,Living with Parents/Relatives,5,0,0,0
MRK-01748,active,12,0.396,0.8,0.755,1,2,0.084,11013.12,1,0,3.2,2,Agri / Farmer / Fisherfolk,Living with Parents/Relatives,8,0,0,0
MRK-01749,active,12,0.501,0.6425,0.512,1,0,0.273,9565.53,0,0,4.3,0,Public School Teacher,Rented (Apartment/House),2,1,0,0
MRK-01750,active,36,0.455,0.4083,0.954,0,5,0.007,0.0,0,0,6.8,3,Sari-Sari / Small Retail,Rented (Apartment/House),5,0,0,0
MRK-01751,active,36,0.42,0.1225,0.868,0,5,0.027,0.0,1,0,8.2,1,Agri / Farmer / Fisherfolk,Owned (Inherited/Tax Dec),9,0,0,0
MRK-01752,active,24,0.565,0.421,0.675,1,0,0.035,4415.27,0,0,3.8,3,Agri / Farmer / Fisherfolk,Living with Parents/Relatives,9,0,0,0
MRK-01753,active,24,0.139,0.1507,0.893,0,8,0.016,0.0,0,0,2.9,1,Employed (Private/Gov),Living with Parents/Relatives,1,0,0,0
MRK-01754,active,24,0.722,0.0642,0.88,0,6,0.001,0.0,0,0,12.3,1,Sari-Sari / Small Retail,Owned (Clean Title),9,0,0,0
MRK-01755,active,12,0.63,0.7643,0.923,0,9,0.019,0.0,0,0,16.0,0,Sari-Sari / Small Retail,Living with Parents/Relatives,12,0,0,0
MRK-01756,active,36,0.269,0.4372,0.383,1,1,0.231,4260.86,1,0,4.5,3,Sari-Sari / Small Retail,Rented (Apartment/House),7,1,0,0
MRK-01757,active,36,0.551,0.174,0.887,0,5,0.011,0.0,0,0,12.6,2,Public School Teacher,Living with Parents/Relatives,1,0,0,0
MRK-01758,active,12,0.124,0.2732,0.856,0,4,0.024,0.0,0,0,3.7,0,Sari-Sari / Small Retail,Owned (Clean Title),1,0,0,0
MRK-01759,active,36,0.846,0.1325,0.828,0,1,0.045,0.0,1,0,9.6,0,Employed (Private/Gov),Owned (Clean Title),4,0,0,0
MRK-01760,active,36,0.089,0.0801,0.862,0,3,0.034,0.0,1,0,6.6,0,Public School Teacher,Living with Parents/Relatives,8,0,0,0
MRK-01761,active,36,0.584,0.05,0.817,0,2,0.033,0.0,0,0,9.4,3,BPO / Call Center Agent,Owned (Clean Title),10,0,0,0
MRK-01762,active,24,0.237,0.1852,0.865,0,1,0.033,0.0,0,0,6.3,0,Sari-Sari / Small Retail,Owned (Inherited/Tax Dec),5,0,0,0
MRK-01763,active,12,0.397,0.3827,0.906,0,8,0.019,0.0,0,0,3.2,2,Tricycle / PUV Operator,Living with Parents/Relatives,6,0,0,0
MRK-01764,active,24,0.631,0.3122,0.672,1,2,0.06,5054.59,0,0,10.2,3,Employed (Private/Gov),Owned (Inherited/Tax Dec),10,1,0,0
MRK-01765,active,24,0.575,0.1307,0.864,0,4,0.011,0.0,0,0,7.0,0,Agri / Farmer / Fisherfolk,Rented (Apartment/House),10,0,0,0
MRK-01766,active,24,0.675,0.3554,0.48,1,2,0.124,6798.04,0,0,14.1,1,Employed (Private/Gov),Owned (Clean Title),8,1,0,0
MRK-01767,active,36,0.592,0.05,0.892,0,4,0.022,0.0,0,0,8.0,2,Employed (Private/Gov),Rented (Apartment/House),1,0,0,0
MRK-01768,active,12,0.47,0.3697,0.37,1,1,0.272,4836.41,0,0,10.0,3,Employed (Private/Gov),Rented (Apartment/House),6,1,0,0
MRK-01769,active,36,0.273,0.2286,0.783,0,1,0.043,0.0,0,0,5.4,3,Sari-Sari / Small Retail,Owned (Clean Title),3,0,0,0
MRK-01770,active,36,0.487,0.4267,0.696,0,2,0.029,0.0,0,0,4.4,1,Agri / Farmer / Fisherfolk,Owned (Clean Title),9,0,0,0
MRK-01771,active,24,0.937,0.6084,0.447,1,0,0.297,5097.7,1,0,9.7,0,Agri / Farmer / Fisherfolk,Owned (Clean Title),5,1,0,0
MRK-01772,active,36,0.778,0.05,0.896,0,6,0.006,0.0,0,0,6.9,0,Employed (Private/Gov),Owned (Inherited/Tax Dec),4,0,0,0
MRK-01773,active,36,0.211,0.3076,0.502,1,2,0.104,5539.52,0,0,3.7,0,BPO / Call Center Agent,Owned (Inherited/Tax Dec),3,1,0,0
MRK-01774,active,24,0.436,0.4123,0.656,0,3,0.072,0.0,0,0,4.2,2,BPO / Call Center Agent,Owned (Inherited/Tax Dec),7,0,0,0
MRK-01775,active,24,0.371,0.2921,0.645,1,1,0.107,4660.29,1,0,4.4,0,Public School Teacher,Owned (Inherited/Tax Dec),11,1,0,0
MRK-01776,active,12,0.442,0.2111,0.912,0,3,0.036,0.0,0,0,9.3,4,OFW Remittance / Dependent,Owned (Inherited/Tax Dec),1,0,0,0
MRK-01777,active,12,0.941,0.4467,0.53,1,1,0.066,8776.58,0,1,21.2,1,Tricycle / PUV Operator,Rented (Apartment/House),5,1,0,0
MRK-01778,active,36,0.498,0.1878,0.737,0,1,0.081,0.0,0,0,1.2,4,Sari-Sari / Small Retail,Owned (Clean Title),11,0,0,0
MRK-01779,active,24,0.848,0.4535,0.326,1,1,0.199,6355.48,1,0,1.4,1,Agri / Farmer / Fisherfolk,Living with Parents/Relatives,8,1,0,0
MRK-01780,active,12,0.265,0.5309,0.402,1,1,0.209,8020.09,1,1,5.2,4,Employed (Private/Gov),Owned (Inherited/Tax Dec),5,1,0,0
MRK-01781,active,12,0.62,0.6983,0.889,0,5,0.034,0.0,0,0,6.4,0,Sari-Sari / Small Retail,Living with Parents/Relatives,5,0,0,0
MRK-01782,active,12,0.874,0.3556,0.893,0,3,0.003,0.0,0,0,13.7,1,OFW Remittance / Dependent,Owned (Inherited/Tax Dec),3,1,0,0
MRK-01783,active,36,0.781,0.1811,0.914,0,4,0.052,0.0,0,0,5.7,2,Employed (Private/Gov),Living with Parents/Relatives,1,0,0,0
MRK-01784,active,12,0.271,0.2646,0.888,0,3,0.021,0.0,0,0,11.5,1,Public School Teacher,Living with Parents/Relatives,12,0,0,0
MRK-01785,active,36,0.909,0.1669,0.933,0,10,0.018,0.0,0,0,3.0,2,BPO / Call Center Agent,Rented (Apartment/House),10,0,0,0
MRK-01786,active,12,0.831,0.8,0.534,1,1,0.129,9745.44,0,0,2.9,1,Agri / Farmer / Fisherfolk,Owned (Inherited/Tax Dec),11,1,0,0
MRK-01787,active,36,0.877,0.1277,0.661,1,3,0.038,2125.56,0,0,5.4,4,Agri / Farmer / Fisherfolk,Rented (Apartment/House),6,0,0,0
MRK-01788,active,36,0.205,0.2698,0.343,1,0,0.214,2037.69,0,1,4.3,1,Tricycle / PUV Operator,Rented (Apartment/House),2,0,0,0
MRK-01789,active,12,0.243,0.5423,0.517,1,0,0.162,5263.4,0,0,10.6,2,Tricycle / PUV Operator,Owned (Clean Title),5,1,0,0
MRK-01790,active,24,0.734,0.1981,0.902,0,3,0.006,0.0,0,0,4.3,1,Public School Teacher,Living with Parents/Relatives,12,0,0,0
MRK-01791,active,12,0.815,0.3389,0.955,0,7,0.016,0.0,0,0,8.5,1,Public School Teacher,Owned (Clean Title),2,0,0,0
MRK-01792,active,36,0.531,0.2251,0.631,1,0,0.163,2730.52,0,0,8.4,2,Agri / Farmer / Fisherfolk,Rented (Apartment/House),12,0,0,0
MRK-01793,active,36,0.693,0.4601,0.331,1,1,0.089,5697.03,0,0,17.3,2,OFW Remittance / Dependent,Living with Parents/Relatives,7,1,0,0
MRK-01794,active,24,0.478,0.2972,0.852,0,1,0.048,0.0,0,0,14.5,1,Public School Teacher,Rented (Apartment/House),8,0,0,0
MRK-01795,active,36,0.191,0.2106,0.757,1,2,0.023,4089.97,0,0,8.3,1,Employed (Private/Gov),Living with Parents/Relatives,10,1,0,0
MRK-01796,active,36,0.307,0.1876,0.931,0,5,0.015,0.0,0,0,12.2,2,Agri / Farmer / Fisherfolk,Owned (Clean Title),6,0,0,0
MRK-01797,active,36,0.566,0.358,0.458,1,0,0.107,4182.67,0,0,6.3,1,BPO / Call Center Agent,Owned (Inherited/Tax Dec),4,1,0,0
MRK-01798,active,36,0.703,0.0561,0.896,0,4,0.045,0.0,0,0,7.6,1,BPO / Call Center Agent,Rented (Apartment/House),11,0,0,0
MRK-01799,active,24,0.894,0.2366,0.689,1,2,0.094,4168.69,1,0,11.3,1,Public School Teacher,Owned (Clean Title),11,0,0,0
MRK-01800,active,24,0.67,0.234,0.917,0,10,0.013,0.0,0,0,3.3,1,Employed (Private/Gov),Living with Parents/Relatives,10,0,0,0
MRK-01801,active,12,0.396,0.1135,0.905,0,10,0.022,0.0,0,0,1.0,2,Public School Teacher,Rented (Apartment/House),8,0,0,0
MRK-01802,active,12,0.403,0.4389,0.913,0,5,0.03,0.0,0,0,12.9,2,OFW Remittance / Dependent,Owned (Inherited/Tax Dec),2,0,0,0
MRK-01803,active,24,0.588,0.0856,0.942,0,10,0.009,0.0,0,0,3.9,2,BPO / Call Center Agent,Rented (Apartment/House),11,0,0,0
MRK-01804,active,36,0.911,0.2807,0.656,0,2,0.027,0.0,0,0,7.0,2,Tricycle / PUV Operator,Living with Parents/Relatives,11,0,0,0
MRK-01805,active,24,0.7,0.3972,0.869,0,5,0.015,0.0,0,0,3.7,2,Agri / Farmer / Fisherfolk,Living with Parents/Relatives,7,0,0,0
MRK-01806,active,12,0.51,0.7027,0.65,1,2,0.058,11714.73,0,0,5.8,0,Agri / Farmer / Fisherfolk,Owned (Clean Title),3,1,0,0
MRK-01807,active,36,0.27,0.1187,0.897,0,4,0.053,0.0,0,0,16.4,0,Sari-Sari / Small Retail,Owned (Inherited/Tax Dec),1,0,0,0
MRK-01808,active,12,0.642,0.3053,0.821,0,4,0.054,0.0,0,0,17.8,1,Employed (Private/Gov),Owned (Clean Title),8,0,0,0
MRK-01809,active,12,0.32,0.7701,0.452,1,0,0.297,11393.13,1,1,9.2,3,Agri / Farmer / Fisherfolk,Owned (Clean Title),10,0,0,0
MRK-01810,active,24,0.189,0.4184,0.513,1,2,0.163,5503.28,1,0,5.5,2,Sari-Sari / Small Retail,Rented (Apartment/House),6,1,0,0
MRK-01811,active,24,0.09,0.3131,0.99,0,10,0.018,0.0,0,0,6.4,1,Tricycle / PUV Operator,Owned (Clean Title),7,0,0,0
MRK-01812,active,36,0.06,0.1513,0.871,0,2,0.025,0.0,1,0,13.3,1,Agri / Farmer / Fisherfolk,Owned (Clean Title),1,0,0,0
MRK-01813,active,12,0.24,0.2399,0.813,0,4,0.032,0.0,1,0,8.4,2,Agri / Farmer / Fisherfolk,Owned (Inherited/Tax Dec),5,0,0,0
MRK-01814,active,36,0.696,0.0824,0.92,0,10,0.023,0.0,0,0,2.8,1,Tricycle / PUV Operator,Living with Parents/Relatives,12,0,0,0
MRK-01815,active,36,0.547,0.3585,0.695,0,3,0.075,0.0,0,0,7.1,2,OFW Remittance / Dependent,Owned (Clean Title),5,1,0,0
MRK-01816,active,36,0.863,0.1778,0.956,0,9,0.006,0.0,0,0,4.8,1,Agri / Farmer / Fisherfolk,Rented (Apartment/House),4,0,0,0
MRK-01817,active,12,0.182,0.6096,0.929,0,7,0.012,0.0,0,0,6.7,1,Sari-Sari / Small Retail,Owned (Inherited/Tax Dec),9,0,0,0
MRK-01818,active,12,0.877,0.4812,0.995,0,6,0.01,0.0,0,0,6.7,2,Employed (Private/Gov),Owned (Clean Title),6,1,0,0
MRK-01819,active,36,0.189,0.1291,0.848,0,3,0.038,0.0,0,0,3.9,1,Public School Teacher,Living with Parents/Relatives,11,1,0,0
MRK-01820,active,24,0.373,0.2117,0.992,0,5,0.021,0.0,0,0,7.9,0,OFW Remittance / Dependent,Owned (Clean Title),5,0,0,0
MRK-01821,active,12,0.406,0.609,0.653,1,2,0.115,11468.27,1,1,3.6,0,OFW Remittance / Dependent,Owned (Clean Title),7,0,0,0
MRK-01822,active,12,0.11,0.3547,0.878,0,5,0.031,0.0,0,0,5.1,0,Sari-Sari / Small Retail,Rented (Apartment/House),11,0,0,0
MRK-01823,active,24,0.593,0.3795,0.493,1,2,0.138,3405.7,0,0,10.0,1,BPO / Call Center Agent,Owned (Inherited/Tax Dec),6,1,0,0
MRK-01824,active,36,0.889,0.3809,0.756,1,3,0.086,4539.28,0,0,4.1,2,Tricycle / PUV Operator,Owned (Clean Title),1,0,0,0
MRK-01825,active,12,0.447,0.5152,0.834,0,2,0.059,0.0,0,0,9.7,2,Tricycle / PUV Operator,Owned (Inherited/Tax Dec),10,0,0,0
MRK-01826,active,24,0.569,0.2679,0.923,0,7,0.022,0.0,0,0,1.4,2,OFW Remittance / Dependent,Rented (Apartment/House),7,0,0,0
MRK-01827,active,24,0.323,0.4236,0.776,1,0,0.1,8284.18,0,0,12.0,1,Agri / Farmer / Fisherfolk,Owned (Clean Title),1,0,0,0
MRK-01828,active,12,0.29,0.1021,0.897,0,1,0.036,0.0,0,0,6.1,3,Employed (Private/Gov),Owned (Clean Title),10,0,0,0
MRK-01829,active,36,0.103,0.484,0.544,1,1,0.203,5955.01,0,0,3.6,0,Employed (Private/Gov),Living with Parents/Relatives,4,1,0,0
MRK-01830,active,36,0.574,0.1916,0.614,1,1,0.166,2965.55,0,0,8.9,0,Public School Teacher,Owned (Inherited/Tax Dec),4,1,0,0
MRK-01831,active,12,0.729,0.8,0.357,1,1,0.16,13160.75,1,0,1.8,3,BPO / Call Center Agent,Living with Parents/Relatives,9,1,0,0
MRK-01832,active,12,0.406,0.3661,0.716,1,2,0.027,5677.35,0,0,12.0,3,Agri / Farmer / Fisherfolk,Owned (Inherited/Tax Dec),9,0,0,0
MRK-01833,active,12,0.253,0.5936,0.869,0,5,0.009,0.0,0,0,10.1,3,Employed (Private/Gov),Owned (Clean Title),7,0,0,0
MRK-01834,active,36,0.741,0.139,0.914,0,7,0.023,0.0,0,0,8.1,1,Tricycle / PUV Operator,Living with Parents/Relatives,9,0,0,0
MRK-01835,active,24,0.088,0.2278,0.897,0,4,0.009,0.0,0,0,4.7,4,Tricycle / PUV Operator,Owned (Inherited/Tax Dec),5,0,0,0
MRK-01836,active,12,0.564,0.1958,0.944,0,3,0.011,0.0,0,0,6.3,0,Employed (Private/Gov),Rented (Apartment/House),1,0,0,0
MRK-01837,active,36,0.496,0.2475,0.686,0,3,0.022,0.0,0,0,8.3,2,OFW Remittance / Dependent,Owned (Clean Title),7,0,0,0
MRK-01838,active,12,0.084,0.7169,0.793,1,2,0.092,9972.43,1,0,8.8,2,Agri / Farmer / Fisherfolk,Owned (Inherited/Tax Dec),5,0,0,0
MRK-01839,active,36,0.143,0.1455,0.913,0,2,0.046,0.0,0,0,7.4,0,Employed (Private/Gov),Rented (Apartment/House),1,0,0,0
MRK-01840,active,24,0.104,0.1578,0.974,0,10,0.003,0.0,0,0,13.9,2,Tricycle / PUV Operator,Rented (Apartment/House),9,0,0,0
MRK-01841,active,36,0.154,0.1096,0.842,0,3,0.035,0.0,0,0,13.7,2,OFW Remittance / Dependent,Living with Parents/Relatives,4,0,0,0
MRK-01842,active,12,0.169,0.3915,0.815,0,4,0.03,0.0,0,0,6.8,2,Employed (Private/Gov),Living with Parents/Relatives,9,0,0,0
MRK-01843,active,36,0.092,0.2292,0.823,0,1,0.04,0.0,0,0,11.0,1,Employed (Private/Gov),Owned (Clean Title),10,0,0,0
MRK-01844,active,24,0.517,0.4037,0.693,0,0,0.099,0.0,0,0,9.9,3,Agri / Farmer / Fisherfolk,Owned (Inherited/Tax Dec),5,0,0,0
MRK-01845,active,24,0.432,0.3757,0.902,0,3,0.01,0.0,0,0,7.4,3,Tricycle / PUV Operator,Living with Parents/Relatives,12,0,0,0
MRK-01846,active,36,0.413,0.41,0.594,1,1,0.056,4210.52,0,1,3.9,2,Tricycle / PUV Operator,Living with Parents/Relatives,10,1,0,0
MRK-01847,active,36,0.22,0.1924,0.683,0,3,0.028,0.0,1,0,2.1,1,Sari-Sari / Small Retail,Owned (Inherited/Tax Dec),4,0,0,0
MRK-01848,active,36,0.202,0.395,0.451,1,2,0.137,4912.37,1,0,6.2,3,BPO / Call Center Agent,Rented (Apartment/House),12,1,0,0
MRK-01849,active,12,0.713,0.5037,0.427,1,0,0.267,6247.94,0,0,6.2,1,BPO / Call Center Agent,Rented (Apartment/House),3,1,0,0
MRK-01850,active,24,0.198,0.1389,0.912,0,9,0.009,0.0,0,0,9.3,4,OFW Remittance / Dependent,Owned (Clean Title),11,0,0,0
MRK-01851,active,24,0.793,0.6683,0.56,1,1,0.096,7076.9,0,0,5.7,2,Sari-Sari / Small Retail,Rented (Apartment/House),10,1,0,0
MRK-01852,active,36,0.406,0.1734,0.944,0,9,0.023,0.0,0,0,3.9,1,Public School Teacher,Owned (Clean Title),1,0,0,0
MRK-01853,active,24,0.239,0.2072,0.983,0,6,0.022,0.0,0,0,6.1,1,Sari-Sari / Small Retail,Living with Parents/Relatives,1,0,0,0
MRK-01854,active,24,0.534,0.2163,0.886,0,5,0.053,0.0,0,0,16.3,0,BPO / Call Center Agent,Rented (Apartment/House),9,0,0,0
MRK-01855,active,12,0.326,0.298,0.81,0,3,0.037,0.0,0,0,7.1,4,Employed (Private/Gov),Living with Parents/Relatives,9,1,0,0
MRK-01856,active,36,0.331,0.2765,0.481,1,0,0.182,2925.36,1,1,1.1,2,BPO / Call Center Agent,Owned (Inherited/Tax Dec),6,1,0,0
MRK-01857,active,12,0.568,0.3169,0.915,0,4,0.007,0.0,0,0,8.8,1,Agri / Farmer / Fisherfolk,Living with Parents/Relatives,3,0,0,0
MRK-01858,active,36,0.502,0.2304,0.682,1,0,0.157,3612.81,0,0,6.0,1,OFW Remittance / Dependent,Owned (Clean Title),12,1,0,0
MRK-01859,active,36,0.249,0.1295,0.819,0,4,0.034,0.0,0,0,12.2,0,OFW Remittance / Dependent,Owned (Clean Title),6,0,0,0
MRK-01860,active,24,0.387,0.6239,0.925,0,7,0.001,0.0,0,0,4.8,0,Sari-Sari / Small Retail,Owned (Inherited/Tax Dec),10,0,0,0
MRK-01861,active,36,0.125,0.1061,0.915,0,4,0.031,0.0,0,0,9.0,2,Agri / Farmer / Fisherfolk,Owned (Clean Title),12,0,0,0
MRK-01862,active,24,0.384,0.4273,0.724,0,1,0.054,0.0,0,0,6.0,4,Sari-Sari / Small Retail,Rented (Apartment/House),9,0,0,0
MRK-01863,active,24,0.677,0.3923,0.646,1,1,0.126,4771.8,0,0,3.9,2,OFW Remittance / Dependent,Rented (Apartment/House),4,1,0,0
MRK-01864,active,12,0.923,0.8,0.985,0,4,0.004,0.0,0,0,15.8,1,Sari-Sari / Small Retail,Owned (Inherited/Tax Dec),9,0,0,0
MRK-01865,active,24,0.9,0.1759,0.97,0,9,0.0,0.0,0,0,7.0,2,Public School Teacher,Owned (Inherited/Tax Dec),11,0,0,0
MRK-01866,active,24,0.83,0.3125,0.664,1,1,0.05,6676.59,0,0,5.2,0,BPO / Call Center Agent,Owned (Inherited/Tax Dec),2,0,0,0
MRK-01867,active,36,0.724,0.1585,0.54,1,2,0.106,2190.58,0,0,7.1,1,BPO / Call Center Agent,Living with Parents/Relatives,5,1,0,0
MRK-01868,active,12,0.301,0.8,0.968,0,3,0.018,0.0,0,0,12.1,1,Sari-Sari / Small Retail,Owned (Clean Title),3,0,0,0
MRK-01869,active,12,0.612,0.5565,0.969,0,4,0.023,0.0,0,0,3.5,2,Sari-Sari / Small Retail,Living with Parents/Relatives,4,0,0,0
MRK-01870,active,36,0.135,0.3164,0.599,1,2,0.169,5481.9,0,0,6.3,2,Public School Teacher,Owned (Clean Title),5,1,0,0
MRK-01871,active,24,0.92,0.2064,0.782,0,3,0.022,0.0,0,0,12.6,0,OFW Remittance / Dependent,Owned (Inherited/Tax Dec),7,0,0,0
MRK-01872,active,24,0.895,0.2386,0.873,0,5,0.006,0.0,0,0,10.5,2,Employed (Private/Gov),Owned (Clean Title),3,0,0,0
MRK-01873,active,12,0.113,0.6706,0.606,1,1,0.093,13156.16,1,0,1.0,0,Public School Teacher,Owned (Inherited/Tax Dec),2,1,0,0
MRK-01874,active,24,0.315,0.2864,0.854,0,4,0.006,0.0,0,0,7.2,2,Employed (Private/Gov),Rented (Apartment/House),6,0,0,0
MRK-01875,active,36,0.286,0.1812,0.672,0,0,0.054,0.0,0,0,6.3,2,Employed (Private/Gov),Living with Parents/Relatives,12,0,0,0
MRK-01876,active,36,0.318,0.1876,0.899,0,5,0.049,0.0,0,0,5.3,3,Tricycle / PUV Operator,Living with Parents/Relatives,4,0,0,0
MRK-01877,active,12,0.248,0.6482,0.619,1,1,0.141,12810.07,0,1,7.1,2,Employed (Private/Gov),Rented (Apartment/House),2,1,0,0
MRK-01878,active,36,0.385,0.4984,0.67,0,2,0.065,0.0,0,0,13.2,2,Agri / Farmer / Fisherfolk,Rented (Apartment/House),7,0,0,0
MRK-01879,active,12,0.598,0.7458,0.454,1,2,0.161,9606.21,0,0,3.0,2,Tricycle / PUV Operator,Rented (Apartment/House),1,1,0,0
MRK-01880,active,24,0.43,0.3965,0.729,1,1,0.089,6330.97,0,0,4.2,0,Sari-Sari / Small Retail,Owned (Inherited/Tax Dec),6,0,0,0
MRK-01881,active,36,0.239,0.1782,0.893,0,1,0.048,0.0,0,0,2.4,2,BPO / Call Center Agent,Living with Parents/Relatives,2,0,0,0
MRK-01882,active,12,0.276,0.6495,0.57,1,1,0.074,11044.98,0,0,7.6,1,Public School Teacher,Living with Parents/Relatives,1,1,0,0
MRK-01883,active,12,0.149,0.4896,0.823,0,3,0.057,0.0,0,0,9.5,1,Agri / Farmer / Fisherfolk,Living with Parents/Relatives,9,0,0,0
MRK-01884,active,36,0.664,0.4827,0.465,1,0,0.291,6421.82,0,0,8.9,0,Agri / Farmer / Fisherfolk,Owned (Inherited/Tax Dec),4,1,0,0
MRK-01885,active,24,0.774,0.1541,0.895,0,8,0.01,0.0,1,0,7.1,3,BPO / Call Center Agent,Owned (Inherited/Tax Dec),2,0,0,0
MRK-01886,active,24,0.842,0.7887,0.314,1,0,0.271,7692.92,1,0,9.4,4,Sari-Sari / Small Retail,Living with Parents/Relatives,7,1,0,0
MRK-01887,active,36,0.221,0.0609,0.95,0,10,0.016,0.0,0,0,9.1,3,Tricycle / PUV Operator,Owned (Inherited/Tax Dec),5,0,0,0
MRK-01888,active,12,0.929,0.1647,0.989,0,3,0.027,0.0,0,0,6.9,1,Public School Teacher,Rented (Apartment/House),4,0,0,0
MRK-01889,active,24,0.774,0.2578,0.665,1,3,0.073,4898.39,1,0,10.8,4,Public School Teacher,Owned (Inherited/Tax Dec),10,1,0,0
MRK-01890,active,24,0.362,0.263,0.755,1,3,0.049,3322.66,0,0,7.1,3,Sari-Sari / Small Retail,Rented (Apartment/House),7,0,0,0
MRK-01891,active,24,0.341,0.118,0.901,0,6,0.017,0.0,0,0,12.5,1,BPO / Call Center Agent,Rented (Apartment/House),11,0,0,0
MRK-01892,active,24,0.118,0.3681,0.568,1,2,0.085,7463.7,0,0,7.1,2,Public School Teacher,Owned (Inherited/Tax Dec),1,1,0,0
MRK-01893,active,24,0.777,0.0648,0.915,0,9,0.027,0.0,0,0,9.7,1,Public School Teacher,Owned (Inherited/Tax Dec),6,0,0,0
MRK-01894,active,24,0.922,0.3939,0.364,1,1,0.187,5078.09,0,0,6.4,2,Employed (Private/Gov),Owned (Inherited/Tax Dec),12,0,0,0
MRK-01895,active,24,0.935,0.1376,0.911,0,4,0.021,0.0,0,0,6.4,2,Tricycle / PUV Operator,Owned (Clean Title),11,0,0,0
MRK-01896,active,24,0.366,0.438,0.641,1,2,0.059,7832.89,0,0,6.6,4,Tricycle / PUV Operator,Living with Parents/Relatives,7,1,0,0
MRK-01897,active,12,0.287,0.5924,0.518,1,2,0.122,11495.97,1,0,14.5,4,Agri / Farmer / Fisherfolk,Owned (Inherited/Tax Dec),4,1,0,0
MRK-01898,active,12,0.76,0.3893,0.881,0,5,0.001,0.0,0,0,14.5,2,OFW Remittance / Dependent,Rented (Apartment/House),7,0,0,0
MRK-01899,active,24,0.069,0.2228,0.869,0,2,0.013,0.0,0,0,6.4,2,OFW Remittance / Dependent,Owned (Inherited/Tax Dec),9,1,0,0
MRK-01900,active,24,0.656,0.1785,0.816,0,1,0.008,0.0,0,0,17.5,2,Public School Teacher,Owned (Inherited/Tax Dec),6,0,0,0
MRK-01901,active,12,0.924,0.4311,0.867,0,2,0.045,0.0,0,0,10.6,3,BPO / Call Center Agent,Owned (Inherited/Tax Dec),2,0,0,0
MRK-01902,active,36,0.522,0.4568,0.694,1,0,0.072,4246.27,0,0,11.0,2,Sari-Sari / Small Retail,Rented (Apartment/House),8,1,0,0
MRK-01903,active,12,0.467,0.5258,0.99,0,8,0.005,0.0,0,0,12.1,1,Employed (Private/Gov),Owned (Clean Title),6,0,0,0
MRK-01904,active,36,0.904,0.1968,0.832,0,1,0.043,0.0,0,0,7.6,1,Agri / Farmer / Fisherfolk,Rented (Apartment/House),7,0,0,0
MRK-01905,active,36,0.318,0.2329,0.594,1,1,0.082,4677.45,0,0,16.3,2,OFW Remittance / Dependent,Owned (Inherited/Tax Dec),6,1,0,0
MRK-01906,active,36,0.492,0.1579,0.987,0,3,0.025,0.0,0,0,3.2,2,Sari-Sari / Small Retail,Living with Parents/Relatives,5,0,0,0
MRK-01907,active,24,0.741,0.359,0.792,0,3,0.018,0.0,0,0,6.2,1,Agri / Farmer / Fisherfolk,Rented (Apartment/House),1,0,0,0
MRK-01908,active,36,0.512,0.3797,0.71,0,2,0.021,0.0,0,1,8.8,3,Agri / Farmer / Fisherfolk,Rented (Apartment/House),11,0,0,0
MRK-01909,active,12,0.782,0.5229,0.884,0,9,0.029,0.0,0,0,5.9,1,Sari-Sari / Small Retail,Owned (Clean Title),7,0,0,0
MRK-01910,active,36,0.114,0.2865,0.707,1,3,0.077,2814.52,0,0,7.4,0,Agri / Farmer / Fisherfolk,Owned (Inherited/Tax Dec),9,0,0,0
MRK-01911,active,24,0.186,0.4478,0.319,1,0,0.279,6766.49,0,1,13.8,2,OFW Remittance / Dependent,Owned (Clean Title),8,1,0,0
MRK-01912,active,24,0.262,0.5063,0.54,1,0,0.148,7130.62,1,1,5.8,2,OFW Remittance / Dependent,Owned (Clean Title),3,1,0,0
MRK-01913,active,12,0.741,0.5881,0.71,1,2,0.022,12823.07,0,0,6.5,2,BPO / Call Center Agent,Owned (Clean Title),12,0,0,0
MRK-01914,active,24,0.943,0.8,0.494,1,1,0.088,8364.25,0,0,4.1,2,Agri / Farmer / Fisherfolk,Living with Parents/Relatives,3,1,0,0
MRK-01915,active,24,0.418,0.441,0.8,1,0,0.093,6568.6,0,0,18.7,1,Agri / Farmer / Fisherfolk,Owned (Inherited/Tax Dec),8,0,0,0
MRK-01916,active,36,0.322,0.2094,0.996,0,3,0.021,0.0,0,0,8.0,2,Tricycle / PUV Operator,Living with Parents/Relatives,10,0,0,0
MRK-01917,active,12,0.302,0.1051,0.91,0,6,0.026,0.0,0,0,2.2,0,BPO / Call Center Agent,Owned (Inherited/Tax Dec),9,0,0,0
MRK-01918,active,12,0.504,0.1358,0.871,0,1,0.011,0.0,0,0,4.3,0,Employed (Private/Gov),Rented (Apartment/House),6,0,0,0
MRK-01919,active,36,0.902,0.1153,0.949,0,10,0.021,0.0,0,0,8.5,3,Tricycle / PUV Operator,Owned (Clean Title),6,0,0,0
MRK-01920,active,24,0.784,0.4324,0.892,0,5,0.045,0.0,0,0,12.4,1,Agri / Farmer / Fisherfolk,Owned (Clean Title),10,0,0,0
MRK-01921,active,12,0.41,0.3104,0.781,1,1,0.029,4763.79,0,0,7.2,4,BPO / Call Center Agent,Owned (Inherited/Tax Dec),9,0,0,0
MRK-01922,active,36,0.653,0.4943,0.412,1,1,0.122,5450.8,0,0,7.5,0,OFW Remittance / Dependent,Rented (Apartment/House),8,1,0,0
MRK-01923,active,12,0.924,0.3618,0.48,1,0,0.128,6473.7,0,0,3.0,0,BPO / Call Center Agent,Living with Parents/Relatives,2,1,0,0
MRK-01924,active,24,0.473,0.1415,0.976,0,4,0.01,0.0,0,0,5.0,2,Employed (Private/Gov),Living with Parents/Relatives,11,0,0,0
MRK-01925,active,24,0.23,0.2714,0.905,0,3,0.054,0.0,0,0,3.3,1,Sari-Sari / Small Retail,Owned (Inherited/Tax Dec),12,0,0,0
MRK-01926,active,24,0.562,0.1847,0.832,0,1,0.055,0.0,0,0,3.4,0,Employed (Private/Gov),Owned (Inherited/Tax Dec),2,1,0,0
MRK-01927,active,24,0.72,0.2524,0.815,0,2,0.053,0.0,1,0,1.0,1,Public School Teacher,Living with Parents/Relatives,7,0,0,0
MRK-01928,active,36,0.423,0.1932,0.712,1,2,0.03,3560.33,1,0,5.4,3,Tricycle / PUV Operator,Rented (Apartment/House),3,1,0,0
MRK-01929,active,36,0.949,0.1374,0.923,0,4,0.01,0.0,0,0,1.4,4,Public School Teacher,Owned (Clean Title),9,0,0,0
MRK-01930,active,36,0.262,0.2921,0.877,0,2,0.059,0.0,0,1,9.4,0,Public School Teacher,Rented (Apartment/House),1,0,0,0
MRK-01931,active,36,0.072,0.2207,0.696,1,0,0.125,3448.65,0,1,4.2,1,BPO / Call Center Agent,Living with Parents/Relatives,10,1,0,0
MRK-01932,active,12,0.92,0.6426,0.849,0,2,0.039,0.0,0,0,4.2,1,Agri / Farmer / Fisherfolk,Rented (Apartment/House),12,0,0,0
MRK-01933,active,12,0.128,0.4523,0.959,0,10,0.014,0.0,0,0,3.0,1,Public School Teacher,Rented (Apartment/House),2,0,0,0
MRK-01934,active,12,0.315,0.1847,0.938,0,3,0.015,0.0,0,0,9.2,2,Sari-Sari / Small Retail,Owned (Inherited/Tax Dec),10,0,0,0
MRK-01935,active,24,0.211,0.3311,0.561,1,2,0.144,7475.47,1,0,2.9,3,Public School Teacher,Owned (Clean Title),12,1,0,0
MRK-01936,active,36,0.158,0.1545,0.982,0,10,0.027,0.0,0,0,6.7,3,Sari-Sari / Small Retail,Living with Parents/Relatives,7,0,0,0
MRK-01937,active,36,0.8,0.2905,0.642,1,0,0.149,4918.58,0,0,2.7,1,Public School Teacher,Owned (Inherited/Tax Dec),3,1,0,0
MRK-01938,active,36,0.807,0.2567,0.476,1,2,0.131,3010.83,0,0,4.5,2,Public School Teacher,Living with Parents/Relatives,3,1,0,0
MRK-01939,active,36,0.201,0.3787,0.45,1,1,0.232,4421.96,0,0,5.9,1,Employed (Private/Gov),Rented (Apartment/House),4,1,0,0
MRK-01940,active,12,0.618,0.2975,0.779,0,2,0.099,0.0,0,0,5.5,3,Agri / Farmer / Fisherfolk,Rented (Apartment/House),1,0,0,0
MRK-01941,active,24,0.606,0.5865,0.624,1,2,0.138,8344.59,0,1,7.8,3,BPO / Call Center Agent,Owned (Inherited/Tax Dec),8,1,0,0
MRK-01942,active,24,0.928,0.2506,0.9,0,6,0.019,0.0,0,0,8.0,1,Tricycle / PUV Operator,Owned (Clean Title),10,0,0,0
MRK-01943,active,36,0.757,0.1871,0.76,0,0,0.084,0.0,1,0,3.3,1,Agri / Farmer / Fisherfolk,Rented (Apartment/House),3,0,0,0
MRK-01944,active,12,0.536,0.6118,0.884,0,8,0.018,0.0,0,0,10.3,2,Public School Teacher,Rented (Apartment/House),3,0,0,0
MRK-01945,active,36,0.569,0.3411,0.519,1,1,0.21,3115.19,1,0,5.2,1,OFW Remittance / Dependent,Rented (Apartment/House),12,1,0,0
MRK-01946,active,36,0.813,0.0731,0.855,0,3,0.054,0.0,0,0,3.3,0,BPO / Call Center Agent,Living with Parents/Relatives,4,0,0,0
MRK-01947,active,12,0.548,0.4209,0.915,0,5,0.017,0.0,0,0,8.2,1,Public School Teacher,Rented (Apartment/House),10,0,0,0
MRK-01948,active,24,0.12,0.1286,0.934,0,9,0.018,0.0,0,0,4.2,1,OFW Remittance / Dependent,Living with Parents/Relatives,12,0,0,0
MRK-01949,active,36,0.065,0.1412,0.752,0,0,0.076,0.0,0,1,12.1,2,Public School Teacher,Living with Parents/Relatives,4,0,0,0
MRK-01950,active,36,0.312,0.2007,0.953,0,4,0.028,0.0,0,0,3.1,0,Agri / Farmer / Fisherfolk,Owned (Inherited/Tax Dec),12,1,0,0
MRK-01951,active,24,0.547,0.2794,0.725,1,3,0.026,5864.89,0,0,6.0,2,OFW Remittance / Dependent,Living with Parents/Relatives,8,0,0,0
MRK-01952,active,12,0.836,0.1895,0.991,0,6,0.008,0.0,0,0,8.6,3,Public School Teacher,Owned (Inherited/Tax Dec),6,0,0,0
MRK-01953,active,12,0.499,0.4555,0.925,0,10,0.001,0.0,0,0,2.1,0,Employed (Private/Gov),Owned (Clean Title),11,0,0,0
MRK-01954,active,12,0.113,0.3769,0.859,0,1,0.059,0.0,0,0,1.7,1,Public School Teacher,Owned (Clean Title),4,0,0,0
MRK-01955,active,24,0.28,0.4099,0.903,0,8,0.025,0.0,0,0,16.3,2,Agri / Farmer / Fisherfolk,Rented (Apartment/House),2,0,0,0
MRK-01956,active,12,0.681,0.4865,0.689,1,0,0.027,7849.14,0,0,4.3,0,Agri / Farmer / Fisherfolk,Living with Parents/Relatives,6,1,0,0
MRK-01957,active,36,0.863,0.1574,0.745,0,1,0.084,0.0,0,0,4.7,2,Employed (Private/Gov),Owned (Clean Title),12,0,0,0
MRK-01958,active,36,0.706,0.0697,0.922,0,5,0.008,0.0,0,0,16.8,4,OFW Remittance / Dependent,Owned (Clean Title),2,0,0,0
MRK-01959,active,24,0.416,0.7514,0.74,0,1,0.033,0.0,0,0,11.1,1,Employed (Private/Gov),Living with Parents/Relatives,9,0,0,0
MRK-01960,active,36,0.054,0.065,0.783,0,2,0.06,0.0,0,0,3.5,0,OFW Remittance / Dependent,Owned (Clean Title),4,0,0,0
MRK-01961,active,24,0.758,0.091,0.951,0,10,0.014,0.0,0,0,10.1,3,Public School Teacher,Owned (Clean Title),6,0,0,0
MRK-01962,active,12,0.884,0.3841,0.704,1,1,0.076,10769.51,1,0,3.4,1,Public School Teacher,Living with Parents/Relatives,5,0,0,0
MRK-01963,active,24,0.357,0.1604,0.919,0,6,0.006,0.0,0,0,3.0,2,Public School Teacher,Rented (Apartment/House),7,0,0,0
MRK-01964,active,36,0.114,0.05,0.898,0,1,0.025,0.0,0,0,7.2,0,BPO / Call Center Agent,Owned (Inherited/Tax Dec),5,0,0,0
MRK-01965,active,36,0.867,0.1768,0.89,0,1,0.034,0.0,0,0,10.7,0,OFW Remittance / Dependent,Owned (Clean Title),8,0,0,0
MRK-01966,active,36,0.762,0.1782,0.927,0,10,0.003,0.0,0,0,4.8,0,Employed (Private/Gov),Living with Parents/Relatives,8,0,0,0
MRK-01967,active,36,0.578,0.4173,0.991,0,3,0.027,0.0,0,0,4.2,0,Sari-Sari / Small Retail,Living with Parents/Relatives,2,0,0,0
MRK-01968,active,36,0.915,0.2833,0.415,1,1,0.102,2751.57,1,0,13.4,2,OFW Remittance / Dependent,Owned (Inherited/Tax Dec),10,1,0,0
MRK-01969,active,12,0.654,0.8,0.632,1,2,0.164,12214.41,0,0,5.3,3,Tricycle / PUV Operator,Rented (Apartment/House),7,1,0,0
MRK-01970,active,36,0.3,0.5064,0.762,1,2,0.067,5430.97,0,0,5.9,1,Agri / Farmer / Fisherfolk,Living with Parents/Relatives,7,1,0,0
MRK-01971,active,24,0.24,0.2141,0.927,0,7,0.002,0.0,0,0,6.3,1,BPO / Call Center Agent,Rented (Apartment/House),1,0,0,0
MRK-01972,active,24,0.478,0.2187,0.827,0,2,0.041,0.0,0,0,4.3,3,Sari-Sari / Small Retail,Rented (Apartment/House),9,0,0,0
MRK-01973,active,36,0.475,0.2461,0.605,1,2,0.168,2492.13,0,1,9.6,4,BPO / Call Center Agent,Owned (Inherited/Tax Dec),6,1,0,0
MRK-01974,active,36,0.532,0.5136,0.857,0,3,0.045,0.0,0,0,7.9,2,Tricycle / PUV Operator,Living with Parents/Relatives,6,0,0,0
MRK-01975,active,24,0.397,0.1316,0.881,0,10,0.006,0.0,0,0,15.1,2,Tricycle / PUV Operator,Living with Parents/Relatives,4,1,0,0
MRK-01976,active,24,0.399,0.2734,0.895,0,4,0.047,0.0,0,0,1.0,2,Tricycle / PUV Operator,Owned (Clean Title),4,0,0,0
MRK-01977,active,24,0.373,0.3498,0.942,0,8,0.016,0.0,0,0,4.9,1,Tricycle / PUV Operator,Living with Parents/Relatives,6,0,0,0
MRK-01978,active,12,0.097,0.3186,0.687,0,0,0.093,0.0,0,0,6.1,1,BPO / Call Center Agent,Rented (Apartment/House),3,0,0,0
MRK-01979,active,36,0.752,0.1279,0.951,0,10,0.022,0.0,0,0,4.0,3,BPO / Call Center Agent,Owned (Clean Title),8,0,0,0
MRK-01980,active,36,0.809,0.2092,0.651,1,2,0.125,3096.92,0,0,6.1,1,Employed (Private/Gov),Owned (Clean Title),1,1,0,0
MRK-01981,active,12,0.122,0.2292,0.939,0,9,0.008,0.0,0,0,4.8,3,Tricycle / PUV Operator,Rented (Apartment/House),4,0,0,0
MRK-01982,active,36,0.721,0.0704,0.876,0,3,0.034,0.0,0,0,8.2,2,Agri / Farmer / Fisherfolk,Owned (Inherited/Tax Dec),1,0,0,0
MRK-01983,active,12,0.521,0.4478,0.942,0,6,0.008,0.0,0,0,11.6,2,OFW Remittance / Dependent,Living with Parents/Relatives,9,0,0,0
MRK-01984,active,12,0.37,0.511,0.314,1,0,0.264,8150.28,0,0,17.1,0,OFW Remittance / Dependent,Rented (Apartment/House),10,1,0,0
MRK-01985,active,12,0.4,0.2853,0.92,0,3,0.016,0.0,0,0,5.1,2,Agri / Farmer / Fisherfolk,Rented (Apartment/House),11,0,0,0
MRK-01986,active,24,0.137,0.3978,0.765,1,2,0.077,6564.31,0,0,7.1,3,OFW Remittance / Dependent,Living with Parents/Relatives,6,0,0,0
MRK-01987,active,12,0.947,0.1163,0.908,0,5,0.03,0.0,0,0,11.6,1,Tricycle / PUV Operator,Owned (Inherited/Tax Dec),10,1,0,0
MRK-01988,active,24,0.208,0.1149,0.911,0,4,0.006,0.0,0,0,8.7,0,BPO / Call Center Agent,Owned (Clean Title),3,0,0,0
MRK-01989,active,36,0.867,0.2363,0.925,0,3,0.003,0.0,0,0,4.8,1,Tricycle / PUV Operator,Owned (Inherited/Tax Dec),6,0,0,0
MRK-01990,active,12,0.555,0.4922,0.473,1,1,0.151,7184.07,0,0,7.2,0,Public School Teacher,Owned (Clean Title),2,1,0,0
MRK-01991,active,36,0.401,0.1231,0.98,0,8,0.022,0.0,0,0,14.2,2,Employed (Private/Gov),Rented (Apartment/House),8,1,0,0
MRK-01992,active,24,0.591,0.5788,0.358,1,0,0.11,4745.85,0,0,7.2,1,Agri / Farmer / Fisherfolk,Rented (Apartment/House),5,1,0,0
MRK-01993,active,24,0.228,0.3109,0.751,1,1,0.068,4579.83,0,0,10.3,2,Employed (Private/Gov),Rented (Apartment/House),2,0,0,0
MRK-01994,active,24,0.531,0.1411,0.856,0,2,0.008,0.0,0,0,1.3,2,Employed (Private/Gov),Rented (Apartment/House),1,0,0,0
MRK-01995,active,24,0.733,0.172,0.909,0,2,0.053,0.0,0,0,9.1,2,Tricycle / PUV Operator,Owned (Clean Title),4,0,0,0
MRK-01996,active,12,0.803,0.491,0.639,1,1,0.078,6836.97,0,0,12.5,2,Agri / Farmer / Fisherfolk,Rented (Apartment/House),7,1,0,0
MRK-01997,active,36,0.565,0.2224,0.794,0,2,0.015,0.0,0,0,3.4,1,Agri / Farmer / Fisherfolk,Owned (Inherited/Tax Dec),7,0,0,0
MRK-01998,active,12,0.644,0.2962,0.894,0,4,0.016,0.0,0,0,8.1,2,OFW Remittance / Dependent,Living with Parents/Relatives,2,0,0,0
MRK-01999,active,24,0.268,0.4844,0.735,0,3,0.078,0.0,0,0,13.1,2,Agri / Farmer / Fisherfolk,Owned (Clean Title),5,0,0,0
MRK-02000,active,36,0.401,0.109,0.848,0,5,0.054,0.0,0,0,12.1,1,BPO / Call Center Agent,Owned (Inherited/Tax Dec),2,1,0,0
MRK-02001,active,12,0.689,0.8,0.489,1,2,0.069,13434.78,0,1,6.0,1,Tricycle / PUV Operator,Living with Parents/Relatives,6,1,0,0
MRK-02002,active,36,0.422,0.23,0.735,1,1,0.04,5057.22,0,0,1.2,3,Employed (Private/Gov),Owned (Inherited/Tax Dec),10,0,0,0
MRK-02003,active,12,0.443,0.3689,0.815,0,0,0.023,0.0,0,0,3.6,2,OFW Remittance / Dependent,Living with Parents/Relatives,1,1,0,0
MRK-02004,active,36,0.76,0.2744,0.775,0,3,0.02,0.0,0,0,5.8,2,Agri / Farmer / Fisherfolk,Owned (Inherited/Tax Dec),9,0,0,0
MRK-02005,active,36,0.636,0.0663,0.901,0,3,0.041,0.0,0,0,12.9,0,BPO / Call Center Agent,Living with Parents/Relatives,4,0,0,0
MRK-02006,active,12,0.629,0.4286,0.862,0,3,0.003,0.0,0,0,7.1,2,Agri / Farmer / Fisherfolk,Owned (Inherited/Tax Dec),9,0,0,0
MRK-02007,active,12,0.878,0.5452,0.831,0,2,0.015,0.0,0,0,21.3,4,Public School Teacher,Rented (Apartment/House),1,0,0,0
MRK-02008,active,36,0.111,0.1997,0.704,1,0,0.1,3764.45,0,0,15.4,0,OFW Remittance / Dependent,Owned (Clean Title),4,0,0,0
MRK-02009,active,36,0.113,0.2696,0.599,1,2,0.137,4747.62,0,0,9.5,1,BPO / Call Center Agent,Owned (Clean Title),1,1,0,0
MRK-02010,active,36,0.179,0.1637,0.925,0,4,0.013,0.0,0,0,2.7,1,Tricycle / PUV Operator,Owned (Inherited/Tax Dec),11,0,0,0
MRK-02011,active,36,0.729,0.3351,0.657,1,0,0.122,2797.72,0,0,4.2,1,Tricycle / PUV Operator,Owned (Clean Title),9,1,0,0
MRK-02012,active,36,0.684,0.05,0.987,0,4,0.008,0.0,0,0,14.6,2,Agri / Farmer / Fisherfolk,Owned (Clean Title),5,0,0,0
MRK-02013,active,36,0.778,0.1318,0.803,0,1,0.004,0.0,0,0,4.5,4,Public School Teacher,Rented (Apartment/House),6,0,0,0
MRK-02014,active,12,0.696,0.78,0.781,0,5,0.04,0.0,0,0,1.7,1,OFW Remittance / Dependent,Owned (Inherited/Tax Dec),4,1,0,0
MRK-02015,active,36,0.679,0.3222,0.798,0,5,0.03,0.0,0,0,8.3,2,Tricycle / PUV Operator,Living with Parents/Relatives,5,0,0,0
MRK-02016,active,36,0.107,0.1388,0.913,0,5,0.007,0.0,0,0,11.3,2,BPO / Call Center Agent,Owned (Clean Title),8,0,0,0
MRK-02017,active,36,0.275,0.2346,0.892,0,8,0.016,0.0,0,0,6.0,1,Sari-Sari / Small Retail,Owned (Clean Title),8,0,0,0
MRK-02018,active,36,0.415,0.1452,0.667,0,3,0.048,0.0,0,0,5.1,1,Employed (Private/Gov),Rented (Apartment/House),8,0,0,0
MRK-02019,active,24,0.081,0.4418,0.323,1,1,0.223,5354.4,1,0,11.0,1,Employed (Private/Gov),Owned (Inherited/Tax Dec),9,1,0,0
MRK-02020,active,12,0.651,0.41,0.54,1,0,0.117,7417.34,1,0,7.8,3,Public School Teacher,Living with Parents/Relatives,3,0,0,0
MRK-02021,active,12,0.892,0.4754,0.76,1,2,0.06,8928.19,0,0,1.0,0,OFW Remittance / Dependent,Owned (Inherited/Tax Dec),8,0,0,0
MRK-02022,active,12,0.246,0.2384,0.829,0,1,0.031,0.0,0,0,7.8,1,Public School Teacher,Rented (Apartment/House),8,0,0,0
MRK-02023,active,12,0.82,0.8,0.709,1,3,0.082,12552.4,0,0,1.9,2,Sari-Sari / Small Retail,Owned (Clean Title),6,0,0,0
MRK-02024,active,12,0.537,0.5785,0.671,1,0,0.06,12255.85,0,0,8.5,1,Public School Teacher,Living with Parents/Relatives,12,1,0,0
MRK-02025,active,12,0.115,0.5836,0.56,1,2,0.089,10720.8,0,0,12.8,2,Tricycle / PUV Operator,Rented (Apartment/House),1,1,0,0
MRK-02026,active,36,0.711,0.1039,0.935,0,10,0.01,0.0,0,1,11.1,1,Employed (Private/Gov),Living with Parents/Relatives,3,0,0,0
MRK-02027,active,12,0.808,0.1614,0.852,0,3,0.055,0.0,0,0,13.1,4,Public School Teacher,Rented (Apartment/House),11,0,0,0
MRK-02028,active,36,0.494,0.1842,0.816,1,2,0.034,3504.53,0,1,5.1,1,BPO / Call Center Agent,Owned (Clean Title),9,0,0,0
MRK-02029,active,12,0.238,0.558,0.83,0,2,0.045,0.0,0,1,7.6,2,Tricycle / PUV Operator,Owned (Inherited/Tax Dec),7,0,0,0
MRK-02030,active,36,0.179,0.0639,0.865,0,2,0.039,0.0,0,0,7.6,2,OFW Remittance / Dependent,Owned (Clean Title),8,0,0,0
MRK-02031,active,36,0.733,0.0851,0.822,0,4,0.043,0.0,0,0,4.3,4,Public School Teacher,Rented (Apartment/House),9,0,0,0
MRK-02032,active,12,0.077,0.5606,0.808,0,4,0.008,0.0,0,0,6.6,2,Employed (Private/Gov),Rented (Apartment/House),7,0,0,0
MRK-02033,active,24,0.079,0.05,0.939,0,6,0.016,0.0,0,0,4.5,2,OFW Remittance / Dependent,Living with Parents/Relatives,2,0,0,0
MRK-02034,active,36,0.877,0.1849,0.807,0,1,0.009,0.0,0,0,15.3,1,Employed (Private/Gov),Rented (Apartment/House),11,0,0,0
MRK-02035,active,36,0.743,0.2924,0.85,0,3,0.04,0.0,0,0,17.0,1,Agri / Farmer / Fisherfolk,Owned (Clean Title),5,0,0,0
MRK-02036,active,36,0.313,0.2568,0.928,0,9,0.001,0.0,0,0,3.4,3,Employed (Private/Gov),Living with Parents/Relatives,10,0,0,0
MRK-02037,active,24,0.633,0.1492,0.997,0,4,0.007,0.0,0,0,7.4,2,Sari-Sari / Small Retail,Rented (Apartment/House),11,0,0,0
MRK-02038,active,24,0.192,0.285,0.955,0,9,0.002,0.0,0,0,4.7,0,Public School Teacher,Owned (Inherited/Tax Dec),9,0,0,0
MRK-02039,active,36,0.279,0.3799,0.936,0,7,0.003,0.0,0,0,6.7,4,Tricycle / PUV Operator,Living with Parents/Relatives,12,0,0,0
MRK-02040,active,36,0.079,0.0721,0.897,0,3,0.012,0.0,0,0,5.2,1,Sari-Sari / Small Retail,Rented (Apartment/House),5,0,0,0
MRK-02041,active,36,0.23,0.1703,0.87,0,3,0.041,0.0,0,0,5.0,0,Public School Teacher,Living with Parents/Relatives,4,0,0,0
MRK-02042,active,36,0.916,0.1643,0.756,0,3,0.085,0.0,0,0,5.8,3,Employed (Private/Gov),Owned (Inherited/Tax Dec),8,0,0,0
MRK-02043,active,24,0.672,0.0781,0.89,0,4,0.027,0.0,0,0,2.0,0,BPO / Call Center Agent,Living with Parents/Relatives,4,0,0,0
MRK-02044,active,24,0.733,0.3226,0.475,1,2,0.088,5958.41,0,0,10.1,2,OFW Remittance / Dependent,Owned (Inherited/Tax Dec),11,1,0,0
MRK-02045,active,36,0.523,0.4216,0.418,1,1,0.144,4254.8,0,0,22.5,4,Tricycle / PUV Operator,Living with Parents/Relatives,9,1,0,0
MRK-02046,active,12,0.745,0.8,0.652,0,3,0.073,0.0,0,0,3.9,2,Agri / Farmer / Fisherfolk,Rented (Apartment/House),4,0,0,0
MRK-02047,active,24,0.194,0.414,0.889,0,4,0.056,0.0,0,0,2.9,2,Public School Teacher,Owned (Inherited/Tax Dec),4,0,0,0
MRK-02048,active,12,0.129,0.1811,0.911,0,1,0.03,0.0,0,0,12.7,1,Public School Teacher,Rented (Apartment/House),9,0,0,0
MRK-02049,active,36,0.223,0.3037,0.665,1,1,0.123,4534.39,0,0,14.3,2,Agri / Farmer / Fisherfolk,Owned (Inherited/Tax Dec),5,1,0,0
MRK-02050,active,24,0.913,0.525,0.707,1,1,0.076,5652.64,0,0,11.3,1,Tricycle / PUV Operator,Living with Parents/Relatives,8,0,0,0
MRK-02051,active,12,0.459,0.3039,0.907,0,3,0.016,0.0,0,0,4.3,4,Sari-Sari / Small Retail,Owned (Inherited/Tax Dec),5,0,0,0
MRK-02052,active,12,0.609,0.2855,0.957,0,8,0.026,0.0,0,0,3.5,0,Public School Teacher,Owned (Inherited/Tax Dec),2,0,0,0
MRK-02053,active,12,0.504,0.2755,0.716,0,3,0.09,0.0,1,0,5.5,2,Agri / Farmer / Fisherfolk,Rented (Apartment/House),4,0,0,0
MRK-02054,active,24,0.308,0.2285,0.819,0,1,0.031,0.0,0,0,11.7,1,Agri / Farmer / Fisherfolk,Owned (Clean Title),2,0,0,0
MRK-02055,active,12,0.468,0.306,0.793,0,1,0.019,0.0,0,0,8.1,1,Public School Teacher,Rented (Apartment/House),1,0,0,0
MRK-02056,active,24,0.696,0.4563,0.886,0,1,0.028,0.0,1,0,6.1,1,Agri / Farmer / Fisherfolk,Owned (Clean Title),3,0,0,0
MRK-02057,active,24,0.434,0.3776,0.978,0,6,0.005,0.0,0,0,10.3,2,Sari-Sari / Small Retail,Rented (Apartment/House),1,0,0,0
MRK-02058,active,36,0.892,0.4113,0.878,0,5,0.04,0.0,0,0,4.5,1,Sari-Sari / Small Retail,Rented (Apartment/House),12,0,0,0
MRK-02059,active,12,0.064,0.3586,0.713,0,3,0.026,0.0,1,0,8.0,0,OFW Remittance / Dependent,Living with Parents/Relatives,8,0,0,0
MRK-02060,active,12,0.147,0.1446,0.982,0,5,0.004,0.0,0,0,3.6,4,OFW Remittance / Dependent,Rented (Apartment/House),10,0,0,0
MRK-02061,active,24,0.625,0.2267,0.893,0,3,0.043,0.0,0,0,1.0,0,Employed (Private/Gov),Rented (Apartment/House),4,0,0,0
MRK-02062,active,24,0.42,0.2185,0.901,0,1,0.029,0.0,0,0,2.4,0,OFW Remittance / Dependent,Rented (Apartment/House),5,0,0,0
MRK-02063,active,36,0.055,0.3525,0.364,1,1,0.088,3447.47,1,0,7.1,0,Tricycle / PUV Operator,Rented (Apartment/House),2,1,0,0
MRK-02064,active,12,0.604,0.4788,0.942,0,7,0.006,0.0,0,0,13.9,1,Agri / Farmer / Fisherfolk,Owned (Inherited/Tax Dec),10,0,0,0
MRK-02065,active,36,0.643,0.1058,0.904,0,1,0.021,0.0,0,0,7.8,2,OFW Remittance / Dependent,Rented (Apartment/House),8,0,0,0
MRK-02066,active,12,0.699,0.4363,0.986,0,3,0.022,0.0,0,0,4.3,0,Tricycle / PUV Operator,Owned (Inherited/Tax Dec),4,1,0,0
MRK-02067,active,36,0.605,0.1274,0.797,0,3,0.019,0.0,0,1,4.3,3,Sari-Sari / Small Retail,Living with Parents/Relatives,1,0,0,0
MRK-02068,active,24,0.661,0.05,0.966,0,3,0.028,0.0,0,0,11.0,2,Employed (Private/Gov),Owned (Clean Title),9,0,0,0
MRK-02069,active,36,0.914,0.2327,0.65,1,1,0.171,3099.02,0,0,14.6,1,Tricycle / PUV Operator,Living with Parents/Relatives,5,1,0,0
MRK-02070,active,36,0.564,0.1358,0.795,0,1,0.028,0.0,0,0,5.3,1,Sari-Sari / Small Retail,Owned (Inherited/Tax Dec),4,0,0,0
MRK-02071,active,24,0.635,0.4312,0.3,1,0,0.15,5348.87,0,0,5.1,1,Employed (Private/Gov),Owned (Inherited/Tax Dec),4,1,0,0
MRK-02072,active,24,0.613,0.2685,0.803,0,4,0.021,0.0,0,0,5.8,2,Agri / Farmer / Fisherfolk,Owned (Inherited/Tax Dec),2,0,0,0
MRK-02073,active,36,0.778,0.05,0.986,0,5,0.026,0.0,0,0,17.3,4,OFW Remittance / Dependent,Living with Parents/Relatives,9,0,0,0
MRK-02074,active,36,0.868,0.207,0.877,0,1,0.036,0.0,0,0,1.6,1,OFW Remittance / Dependent,Living with Parents/Relatives,12,0,0,0
MRK-02075,active,12,0.259,0.8,0.754,1,0,0.043,13818.75,0,0,8.8,2,Tricycle / PUV Operator,Owned (Inherited/Tax Dec),3,0,0,0
MRK-02076,active,12,0.915,0.3225,0.93,0,5,0.002,0.0,0,0,4.2,1,Sari-Sari / Small Retail,Owned (Clean Title),6,0,0,0
MRK-02077,active,36,0.941,0.2238,0.911,0,9,0.03,0.0,0,0,9.1,4,BPO / Call Center Agent,Living with Parents/Relatives,12,0,0,0
MRK-02078,active,24,0.443,0.3061,0.83,0,4,0.048,0.0,0,0,3.5,3,OFW Remittance / Dependent,Owned (Inherited/Tax Dec),7,0,0,0
MRK-02079,active,36,0.127,0.323,0.908,0,3,0.003,0.0,0,0,26.1,2,Public School Teacher,Owned (Clean Title),6,0,0,0
MRK-02080,active,24,0.862,0.2623,0.832,0,3,0.051,0.0,0,0,4.3,2,OFW Remittance / Dependent,Owned (Inherited/Tax Dec),9,0,0,0
MRK-02081,active,24,0.622,0.4094,0.834,0,2,0.046,0.0,0,0,3.7,0,Sari-Sari / Small Retail,Owned (Clean Title),8,0,0,0
MRK-02082,active,24,0.254,0.4435,0.987,0,10,0.009,0.0,0,0,6.8,0,Tricycle / PUV Operator,Owned (Inherited/Tax Dec),1,0,0,0
MRK-02083,active,24,0.145,0.4148,0.865,0,4,0.004,0.0,0,0,5.4,2,Agri / Farmer / Fisherfolk,Owned (Inherited/Tax Dec),12,0,0,0
MRK-02084,active,36,0.807,0.1613,0.84,0,3,0.033,0.0,0,0,1.0,1,Sari-Sari / Small Retail,Owned (Inherited/Tax Dec),1,0,0,0
MRK-02085,active,36,0.59,0.1649,0.493,1,0,0.097,2363.45,0,0,1.5,2,Employed (Private/Gov),Living with Parents/Relatives,11,1,0,0
MRK-02086,active,12,0.872,0.8,0.365,1,1,0.295,13002.48,1,1,1.4,2,Agri / Farmer / Fisherfolk,Owned (Clean Title),3,0,0,0
MRK-02087,active,36,0.703,0.4882,0.379,1,0,0.102,6198.09,0,0,1.0,3,Employed (Private/Gov),Rented (Apartment/House),9,1,0,0
MRK-02088,active,24,0.377,0.317,0.904,0,7,0.026,0.0,0,0,7.1,4,Agri / Farmer / Fisherfolk,Owned (Inherited/Tax Dec),3,0,0,0
MRK-02089,active,12,0.609,0.3063,0.788,0,4,0.02,0.0,0,0,9.9,3,Employed (Private/Gov),Living with Parents/Relatives,5,0,0,0
MRK-02090,active,24,0.488,0.3308,0.809,0,4,0.023,0.0,0,0,3.1,2,Employed (Private/Gov),Living with Parents/Relatives,7,0,0,0
MRK-02091,active,36,0.669,0.05,0.895,0,9,0.013,0.0,0,0,9.3,2,Employed (Private/Gov),Living with Parents/Relatives,6,0,0,0
MRK-02092,active,24,0.944,0.0736,0.893,0,6,0.004,0.0,0,0,10.8,0,BPO / Call Center Agent,Rented (Apartment/House),10,0,0,0
MRK-02093,active,24,0.174,0.2672,0.819,0,4,0.009,0.0,0,0,4.4,4,Agri / Farmer / Fisherfolk,Owned (Inherited/Tax Dec),1,0,0,0
MRK-02094,active,24,0.669,0.3573,0.858,0,2,0.036,0.0,0,0,7.0,3,Tricycle / PUV Operator,Owned (Inherited/Tax Dec),11,0,0,0
MRK-02095,active,36,0.815,0.1861,0.825,0,4,0.01,0.0,0,0,4.5,1,Employed (Private/Gov),Owned (Inherited/Tax Dec),11,0,0,0
MRK-02096,active,24,0.323,0.2655,0.995,0,8,0.009,0.0,0,0,6.9,1,BPO / Call Center Agent,Owned (Inherited/Tax Dec),4,1,0,0
MRK-02097,active,36,0.343,0.3455,0.957,0,9,0.013,0.0,0,0,12.0,4,Agri / Farmer / Fisherfolk,Rented (Apartment/House),1,0,0,0
MRK-02098,active,12,0.713,0.4393,0.432,1,1,0.104,6134.84,1,0,4.3,1,BPO / Call Center Agent,Owned (Inherited/Tax Dec),1,1,0,0
MRK-02099,active,12,0.251,0.4631,0.81,0,3,0.093,0.0,0,0,2.8,1,Public School Teacher,Owned (Inherited/Tax Dec),5,0,0,0
MRK-02100,active,12,0.587,0.8,0.499,1,1,0.096,9971.81,0,0,3.4,1,Sari-Sari / Small Retail,Owned (Clean Title),2,1,0,0
MRK-02101,active,36,0.506,0.1282,0.92,0,10,0.003,0.0,0,0,5.0,1,Public School Teacher,Living with Parents/Relatives,7,0,0,0
MRK-02102,active,36,0.788,0.2285,0.778,0,1,0.043,0.0,1,0,8.5,1,Agri / Farmer / Fisherfolk,Owned (Inherited/Tax Dec),11,0,0,0
MRK-02103,active,12,0.373,0.1301,0.899,0,5,0.01,0.0,0,0,5.7,2,BPO / Call Center Agent,Owned (Inherited/Tax Dec),11,0,0,0
MRK-02104,active,12,0.441,0.1894,0.821,0,2,0.026,0.0,0,0,17.1,0,Sari-Sari / Small Retail,Living with Parents/Relatives,7,0,0,0
MRK-02105,active,36,0.884,0.2728,0.75,0,2,0.094,0.0,1,0,7.7,2,Agri / Farmer / Fisherfolk,Living with Parents/Relatives,8,0,0,0
MRK-02106,active,36,0.801,0.3512,0.536,1,0,0.155,6118.21,0,0,4.3,1,Public School Teacher,Rented (Apartment/House),2,1,0,0
MRK-02107,active,36,0.194,0.2435,0.651,1,2,0.131,2742.52,0,0,2.5,4,BPO / Call Center Agent,Owned (Inherited/Tax Dec),6,1,0,0
MRK-02108,active,24,0.545,0.1868,0.802,0,3,0.048,0.0,0,0,15.9,2,OFW Remittance / Dependent,Owned (Clean Title),9,0,0,0
MRK-02109,active,36,0.856,0.1767,0.746,1,0,0.046,2409.85,0,0,2.6,2,BPO / Call Center Agent,Rented (Apartment/House),4,0,0,0
MRK-02110,active,36,0.696,0.1987,0.652,1,2,0.027,2879.5,0,0,12.1,2,Public School Teacher,Living with Parents/Relatives,11,0,0,0
MRK-02111,active,36,0.504,0.2706,0.512,1,0,0.173,2193.33,0,0,5.1,2,Employed (Private/Gov),Owned (Inherited/Tax Dec),11,1,0,0
MRK-02112,active,36,0.657,0.2791,0.851,0,5,0.016,0.0,0,0,7.0,1,Sari-Sari / Small Retail,Owned (Inherited/Tax Dec),2,0,0,0
MRK-02113,active,12,0.576,0.3497,0.639,1,1,0.128,4928.85,0,0,8.4,3,Sari-Sari / Small Retail,Living with Parents/Relatives,6,0,0,0
MRK-02114,active,24,0.051,0.0711,0.957,0,4,0.02,0.0,0,0,6.0,1,Tricycle / PUV Operator,Owned (Inherited/Tax Dec),9,0,0,0
MRK-02115,active,12,0.108,0.3537,0.827,0,4,0.022,0.0,0,0,15.2,2,Public School Teacher,Rented (Apartment/House),10,0,0,0
MRK-02116,active,24,0.494,0.159,0.872,0,5,0.022,0.0,1,0,11.3,2,Public School Teacher,Rented (Apartment/House),2,0,0,0
MRK-02117,active,12,0.184,0.8,0.665,0,3,0.036,0.0,0,0,4.6,2,Sari-Sari / Small Retail,Owned (Inherited/Tax Dec),11,0,0,0
MRK-02118,active,24,0.507,0.6638,0.507,1,0,0.243,6136.04,0,0,2.7,2,Sari-Sari / Small Retail,Owned (Clean Title),3,1,0,0
MRK-02119,active,12,0.056,0.2101,0.896,0,3,0.02,0.0,0,0,26.7,1,Public School Teacher,Rented (Apartment/House),7,0,0,0
MRK-02120,active,24,0.243,0.3953,0.577,1,1,0.06,4723.53,0,0,6.7,2,Agri / Farmer / Fisherfolk,Owned (Clean Title),1,1,0,0
MRK-02121,active,24,0.373,0.1789,0.997,0,4,0.008,0.0,0,0,11.5,0,BPO / Call Center Agent,Owned (Clean Title),11,0,0,0
MRK-02122,active,36,0.369,0.3584,0.331,1,0,0.113,4540.5,1,0,5.0,0,Employed (Private/Gov),Living with Parents/Relatives,12,1,0,0
MRK-02123,active,24,0.528,0.3726,0.51,1,1,0.126,5344.27,1,0,7.5,2,Tricycle / PUV Operator,Rented (Apartment/House),9,1,0,0
MRK-02124,active,12,0.105,0.2051,0.957,0,4,0.004,0.0,0,0,6.7,1,Employed (Private/Gov),Owned (Clean Title),6,0,0,0
MRK-02125,active,24,0.44,0.1277,0.959,0,3,0.03,0.0,0,0,6.4,2,OFW Remittance / Dependent,Owned (Clean Title),8,0,0,0
MRK-02126,active,12,0.158,0.5575,0.577,1,0,0.241,10250.94,1,0,2.5,2,BPO / Call Center Agent,Owned (Inherited/Tax Dec),5,1,0,0
MRK-02127,active,24,0.806,0.336,0.334,1,0,0.275,4192.61,1,0,5.7,2,BPO / Call Center Agent,Living with Parents/Relatives,8,1,0,0
MRK-02128,active,12,0.445,0.327,0.896,0,3,0.012,0.0,0,0,3.6,0,Employed (Private/Gov),Living with Parents/Relatives,1,0,0,0
MRK-02129,active,36,0.401,0.3251,0.369,1,1,0.153,4279.52,0,0,5.3,1,OFW Remittance / Dependent,Living with Parents/Relatives,2,1,0,0
MRK-02130,active,24,0.901,0.5196,0.589,1,1,0.172,8323.09,0,0,7.5,0,Tricycle / PUV Operator,Rented (Apartment/House),2,1,0,0
MRK-02131,active,36,0.283,0.4077,0.564,1,1,0.168,5476.83,0,0,7.2,2,Public School Teacher,Owned (Clean Title),10,1,0,0
MRK-02132,active,36,0.221,0.2013,0.903,0,4,0.033,0.0,0,0,20.7,3,OFW Remittance / Dependent,Owned (Inherited/Tax Dec),8,0,0,0
MRK-02133,active,12,0.12,0.4147,0.637,1,1,0.166,6734.07,0,0,13.1,1,Tricycle / PUV Operator,Owned (Inherited/Tax Dec),1,1,0,0
MRK-02134,active,12,0.325,0.2551,0.854,0,3,0.059,0.0,0,0,7.4,4,Sari-Sari / Small Retail,Owned (Inherited/Tax Dec),1,0,0,0
MRK-02135,active,24,0.826,0.2424,0.85,0,4,0.024,0.0,0,0,2.9,0,OFW Remittance / Dependent,Owned (Clean Title),8,0,0,0
MRK-02136,active,36,0.321,0.2432,0.707,0,0,0.036,0.0,0,0,4.9,1,Tricycle / PUV Operator,Rented (Apartment/House),10,0,0,0
MRK-02137,active,24,0.93,0.1845,0.767,0,3,0.031,0.0,0,0,3.8,4,BPO / Call Center Agent,Rented (Apartment/House),5,0,0,0
MRK-02138,active,36,0.311,0.2615,0.834,0,1,0.03,0.0,0,0,7.9,1,Agri / Farmer / Fisherfolk,Owned (Clean Title),12,0,0,0
MRK-02139,active,12,0.209,0.8,0.716,1,0,0.02,13462.33,0,0,3.5,3,Tricycle / PUV Operator,Rented (Apartment/House),10,0,0,0
MRK-02140,active,36,0.144,0.0854,0.896,0,5,0.01,0.0,0,0,6.2,1,Employed (Private/Gov),Living with Parents/Relatives,9,0,0,0
MRK-02141,active,12,0.582,0.5555,0.466,1,1,0.243,9433.68,0,0,6.6,3,BPO / Call Center Agent,Living with Parents/Relatives,11,1,0,0
MRK-02142,active,12,0.11,0.3387,0.764,0,1,0.084,0.0,0,0,1.7,1,BPO / Call Center Agent,Owned (Clean Title),5,0,0,0
MRK-02143,active,36,0.605,0.1985,0.751,1,3,0.031,2640.02,0,0,14.4,0,Sari-Sari / Small Retail,Rented (Apartment/House),6,0,0,0
MRK-02144,active,36,0.263,0.254,0.888,0,3,0.033,0.0,0,0,9.7,4,Tricycle / PUV Operator,Owned (Clean Title),1,1,0,0
MRK-02145,active,24,0.343,0.2132,0.912,0,4,0.007,0.0,0,0,10.4,0,OFW Remittance / Dependent,Owned (Clean Title),1,0,0,0
MRK-02146,active,36,0.344,0.2915,0.783,0,1,0.045,0.0,0,0,6.2,0,Employed (Private/Gov),Owned (Clean Title),6,0,0,0
MRK-02147,active,36,0.734,0.0903,0.872,0,1,0.036,0.0,0,0,4.5,0,Public School Teacher,Living with Parents/Relatives,12,0,0,0
MRK-02148,active,12,0.124,0.5572,0.729,0,1,0.051,0.0,0,0,6.3,0,OFW Remittance / Dependent,Owned (Clean Title),3,0,0,0
MRK-02149,active,24,0.429,0.4626,0.402,1,1,0.208,5738.1,0,0,6.4,2,Tricycle / PUV Operator,Owned (Clean Title),3,1,0,0
MRK-02150,active,24,0.487,0.4114,0.442,1,1,0.274,5162.83,0,0,10.4,2,OFW Remittance / Dependent,Living with Parents/Relatives,6,1,0,0
MRK-02151,active,12,0.744,0.1279,0.905,0,5,0.01,0.0,0,0,1.6,0,Public School Teacher,Living with Parents/Relatives,7,0,0,0
MRK-02152,active,12,0.262,0.2592,0.886,0,5,0.023,0.0,0,0,4.7,1,Agri / Farmer / Fisherfolk,Owned (Inherited/Tax Dec),6,0,0,0
MRK-02153,active,36,0.371,0.1247,0.924,0,9,0.012,0.0,0,0,1.5,4,OFW Remittance / Dependent,Rented (Apartment/House),4,0,0,0
MRK-02154,active,24,0.653,0.4498,0.78,0,3,0.015,0.0,0,0,13.8,0,Tricycle / PUV Operator,Owned (Inherited/Tax Dec),3,0,0,0
MRK-02155,active,24,0.13,0.0924,0.898,0,4,0.021,0.0,0,0,2.9,1,BPO / Call Center Agent,Owned (Clean Title),11,0,0,0
MRK-02156,active,24,0.324,0.0882,0.786,0,1,0.046,0.0,0,0,15.0,0,BPO / Call Center Agent,Living with Parents/Relatives,7,0,0,0
MRK-02157,active,36,0.222,0.1163,0.78,0,1,0.03,0.0,0,0,9.5,3,Public School Teacher,Living with Parents/Relatives,2,0,0,0
MRK-02158,active,24,0.511,0.3681,0.603,1,0,0.141,7459.67,0,0,1.6,2,BPO / Call Center Agent,Rented (Apartment/House),1,1,0,0
MRK-02159,active,12,0.687,0.2623,0.97,0,10,0.001,0.0,0,0,7.9,1,Sari-Sari / Small Retail,Owned (Inherited/Tax Dec),12,0,0,0
MRK-02160,active,24,0.615,0.3203,0.863,0,4,0.047,0.0,0,0,2.4,1,Tricycle / PUV Operator,Owned (Clean Title),10,0,0,0
MRK-02161,active,36,0.752,0.0905,0.867,0,4,0.03,0.0,0,0,4.7,0,BPO / Call Center Agent,Owned (Inherited/Tax Dec),9,0,0,0
MRK-02162,active,36,0.878,0.05,0.921,0,3,0.006,0.0,0,0,4.7,2,Sari-Sari / Small Retail,Living with Parents/Relatives,3,0,0,0
MRK-02163,active,24,0.059,0.2573,0.666,1,0,0.068,4003.49,0,0,3.3,1,BPO / Call Center Agent,Living with Parents/Relatives,10,1,0,0
MRK-02164,active,24,0.37,0.8,0.349,1,1,0.286,7979.21,0,1,3.4,0,Tricycle / PUV Operator,Living with Parents/Relatives,7,1,0,0
MRK-02165,active,24,0.534,0.2974,0.92,0,4,0.012,0.0,0,0,9.9,0,Sari-Sari / Small Retail,Rented (Apartment/House),8,0,0,0
MRK-02166,active,36,0.378,0.2473,0.721,1,1,0.09,5513.1,0,0,14.6,4,Public School Teacher,Owned (Inherited/Tax Dec),12,0,0,0
MRK-02167,active,36,0.657,0.1127,0.961,0,4,0.013,0.0,0,0,2.8,3,BPO / Call Center Agent,Living with Parents/Relatives,8,0,0,0
MRK-02168,active,24,0.836,0.4153,0.959,0,7,0.009,0.0,0,0,5.2,0,OFW Remittance / Dependent,Rented (Apartment/House),4,0,0,0
MRK-02169,active,36,0.257,0.3249,0.978,0,3,0.021,0.0,0,0,3.4,1,Sari-Sari / Small Retail,Rented (Apartment/House),8,0,0,0
MRK-02170,active,24,0.546,0.4276,0.607,1,1,0.15,6567.29,0,0,14.1,4,Public School Teacher,Owned (Clean Title),8,1,0,0
MRK-02171,active,36,0.81,0.341,0.566,1,1,0.151,4734.56,1,1,8.1,1,BPO / Call Center Agent,Owned (Inherited/Tax Dec),8,1,0,0
MRK-02172,active,12,0.898,0.2349,0.781,0,3,0.028,0.0,0,0,19.1,2,Sari-Sari / Small Retail,Owned (Inherited/Tax Dec),8,0,0,0
MRK-02173,active,12,0.831,0.491,0.577,1,0,0.273,9422.16,0,0,12.6,2,Employed (Private/Gov),Living with Parents/Relatives,2,1,0,0
MRK-02174,active,24,0.401,0.413,0.867,0,1,0.012,0.0,0,0,11.0,3,Agri / Farmer / Fisherfolk,Owned (Clean Title),7,0,0,0
MRK-02175,active,36,0.553,0.1555,0.909,0,6,0.021,0.0,0,0,4.6,0,Public School Teacher,Living with Parents/Relatives,5,0,0,0
MRK-02176,active,12,0.383,0.6681,0.512,1,2,0.062,13764.16,0,0,3.4,2,Employed (Private/Gov),Owned (Inherited/Tax Dec),6,1,0,0
MRK-02177,active,12,0.469,0.2879,0.807,0,2,0.007,0.0,0,0,5.4,3,Public School Teacher,Owned (Inherited/Tax Dec),12,0,0,0
MRK-02178,active,24,0.297,0.1428,0.959,0,4,0.001,0.0,0,0,3.5,1,Tricycle / PUV Operator,Owned (Clean Title),3,0,0,0
MRK-02179,active,24,0.897,0.4674,0.668,1,2,0.134,6285.18,0,0,8.2,0,Tricycle / PUV Operator,Owned (Inherited/Tax Dec),3,1,0,0
MRK-02180,active,24,0.551,0.1573,0.952,0,6,0.003,0.0,0,0,5.4,3,Employed (Private/Gov),Owned (Inherited/Tax Dec),1,0,0,0
MRK-02181,active,24,0.926,0.3019,0.981,0,5,0.0,0.0,0,0,6.0,2,Tricycle / PUV Operator,Rented (Apartment/House),8,0,0,0
MRK-02182,active,12,0.17,0.4478,0.716,0,0,0.09,0.0,0,0,13.4,0,Agri / Farmer / Fisherfolk,Owned (Clean Title),1,0,0,0
MRK-02183,active,12,0.654,0.3075,0.917,0,2,0.014,0.0,0,0,6.2,1,BPO / Call Center Agent,Rented (Apartment/House),1,0,0,0
MRK-02184,active,36,0.281,0.2179,0.984,0,3,0.006,0.0,0,0,11.8,1,Public School Teacher,Living with Parents/Relatives,10,0,0,0
MRK-02185,active,36,0.867,0.4597,0.393,1,0,0.278,5349.03,1,0,4.8,2,Sari-Sari / Small Retail,Owned (Clean Title),11,1,0,0
MRK-02186,active,24,0.252,0.2837,0.783,0,5,0.024,0.0,0,0,8.4,2,Sari-Sari / Small Retail,Rented (Apartment/House),10,0,0,0
MRK-02187,active,24,0.823,0.0853,0.911,0,5,0.014,0.0,0,0,10.9,3,Public School Teacher,Rented (Apartment/House),9,0,0,0
MRK-02188,active,24,0.872,0.7824,0.42,1,0,0.159,7168.25,1,0,4.3,2,Public School Teacher,Rented (Apartment/House),12,1,0,0
MRK-02189,active,12,0.565,0.159,0.89,0,3,0.001,0.0,0,0,2.8,2,Agri / Farmer / Fisherfolk,Living with Parents/Relatives,11,0,0,0
MRK-02190,active,12,0.331,0.8,0.552,1,1,0.206,13698.8,0,0,4.3,2,OFW Remittance / Dependent,Rented (Apartment/House),10,1,0,0
MRK-02191,active,36,0.497,0.1583,0.802,0,2,0.032,0.0,0,0,4.9,0,Employed (Private/Gov),Owned (Clean Title),3,0,0,0
MRK-02192,active,12,0.396,0.8,0.53,1,1,0.238,9817.37,0,0,6.7,4,Sari-Sari / Small Retail,Owned (Clean Title),12,1,0,0
MRK-02193,active,36,0.744,0.0611,0.981,0,4,0.018,0.0,0,0,10.3,0,Agri / Farmer / Fisherfolk,Owned (Inherited/Tax Dec),2,0,0,0
MRK-02194,active,12,0.188,0.2332,0.919,0,8,0.027,0.0,0,0,13.9,1,OFW Remittance / Dependent,Living with Parents/Relatives,8,0,0,0
MRK-02195,active,12,0.865,0.4463,0.957,0,3,0.026,0.0,0,0,6.9,3,Public School Teacher,Owned (Inherited/Tax Dec),8,0,0,0
MRK-02196,active,24,0.476,0.4004,0.996,0,4,0.004,0.0,0,0,3.5,1,Sari-Sari / Small Retail,Living with Parents/Relatives,11,0,0,0
MRK-02197,active,36,0.282,0.05,0.882,0,6,0.018,0.0,0,0,3.6,1,Public School Teacher,Owned (Inherited/Tax Dec),12,1,0,0
MRK-02198,active,12,0.16,0.2657,0.896,0,2,0.046,0.0,0,0,10.0,3,OFW Remittance / Dependent,Living with Parents/Relatives,7,0,0,0
MRK-02199,active,12,0.561,0.216,0.897,0,10,0.028,0.0,0,0,5.8,0,Public School Teacher,Living with Parents/Relatives,4,0,0,0
MRK-02200,active,36,0.673,0.2035,0.863,0,1,0.013,0.0,0,0,5.5,3,BPO / Call Center Agent,Living with Parents/Relatives,11,0,0,0
MRK-02201,active,24,0.551,0.0791,0.908,0,5,0.003,0.0,0,0,11.1,0,Public School Teacher,Owned (Inherited/Tax Dec),3,0,0,0
MRK-02202,active,24,0.157,0.2141,0.689,1,0,0.099,3165.07,0,0,10.1,0,Public School Teacher,Living with Parents/Relatives,6,1,0,0
MRK-02203,active,36,0.709,0.0654,0.85,0,2,0.048,0.0,0,0,10.9,2,Employed (Private/Gov),Owned (Inherited/Tax Dec),1,0,0,0
MRK-02204,active,12,0.936,0.8,0.876,0,5,0.06,0.0,0,0,3.9,2,Public School Teacher,Living with Parents/Relatives,8,0,0,0
MRK-02205,active,36,0.354,0.1762,0.828,0,2,0.024,0.0,0,0,4.4,0,Public School Teacher,Owned (Clean Title),4,0,0,0
MRK-02206,active,36,0.249,0.28,0.843,0,4,0.056,0.0,0,0,14.7,0,OFW Remittance / Dependent,Rented (Apartment/House),4,0,0,0
MRK-02207,active,24,0.737,0.3396,0.893,0,4,0.012,0.0,0,0,4.8,1,Sari-Sari / Small Retail,Owned (Inherited/Tax Dec),6,0,0,0
MRK-02208,active,36,0.424,0.2285,0.731,1,1,0.06,3952.7,0,0,9.8,1,Employed (Private/Gov),Rented (Apartment/House),6,0,0,0
MRK-02209,active,24,0.566,0.2993,0.55,1,1,0.081,5526.8,0,0,5.7,0,Employed (Private/Gov),Owned (Clean Title),12,1,0,0
MRK-02210,active,24,0.057,0.1703,0.821,0,4,0.04,0.0,0,0,3.5,2,BPO / Call Center Agent,Owned (Inherited/Tax Dec),6,0,0,0
MRK-02211,active,12,0.35,0.5626,0.889,0,3,0.05,0.0,0,0,6.5,0,Agri / Farmer / Fisherfolk,Living with Parents/Relatives,8,0,0,0
MRK-02212,active,36,0.558,0.05,0.928,0,3,0.002,0.0,0,0,12.3,3,BPO / Call Center Agent,Owned (Inherited/Tax Dec),3,1,0,0
MRK-02213,active,12,0.183,0.8,0.596,1,0,0.097,12427.31,1,0,7.4,1,Agri / Farmer / Fisherfolk,Owned (Inherited/Tax Dec),10,1,0,0
MRK-02214,active,36,0.572,0.05,0.884,0,9,0.026,0.0,0,0,14.3,1,BPO / Call Center Agent,Living with Parents/Relatives,12,0,0,0
MRK-02215,active,12,0.627,0.3839,0.54,1,0,0.134,6956.79,0,0,3.9,2,Public School Teacher,Rented (Apartment/House),5,1,0,0
MRK-02216,active,36,0.371,0.1902,0.981,0,4,0.028,0.0,0,0,4.7,2,Agri / Farmer / Fisherfolk,Rented (Apartment/House),7,1,0,0
MRK-02217,active,12,0.562,0.8,0.346,1,1,0.246,12711.1,0,0,10.6,1,Sari-Sari / Small Retail,Rented (Apartment/House),5,1,0,0
MRK-02218,active,12,0.401,0.2378,0.792,0,3,0.022,0.0,0,0,20.8,3,BPO / Call Center Agent,Owned (Inherited/Tax Dec),11,0,0,0
MRK-02219,active,12,0.381,0.4889,0.558,1,0,0.159,10593.65,1,0,7.9,2,Sari-Sari / Small Retail,Owned (Clean Title),1,1,0,0
MRK-02220,active,24,0.436,0.3762,0.977,0,5,0.023,0.0,0,0,7.5,3,Tricycle / PUV Operator,Rented (Apartment/House),2,0,0,0
MRK-02221,active,36,0.311,0.1157,0.89,0,7,0.02,0.0,0,0,4.5,1,Employed (Private/Gov),Owned (Clean Title),10,0,0,0
MRK-02222,active,24,0.447,0.3826,0.809,0,3,0.034,0.0,0,0,5.8,3,OFW Remittance / Dependent,Living with Parents/Relatives,12,0,0,0
MRK-02223,active,36,0.521,0.3179,0.807,0,3,0.084,0.0,0,0,2.6,3,Employed (Private/Gov),Owned (Clean Title),11,0,0,0
MRK-02224,active,24,0.353,0.281,0.83,0,3,0.003,0.0,0,0,2.3,0,BPO / Call Center Agent,Rented (Apartment/House),5,0,0,0
MRK-02225,active,36,0.743,0.0727,0.946,0,10,0.004,0.0,0,0,9.8,1,Employed (Private/Gov),Living with Parents/Relatives,2,0,0,0
MRK-02226,active,24,0.507,0.0539,0.985,0,9,0.005,0.0,0,0,9.3,2,Public School Teacher,Living with Parents/Relatives,3,0,0,0
MRK-02227,active,24,0.139,0.2655,0.706,0,3,0.061,0.0,0,0,5.0,2,Agri / Farmer / Fisherfolk,Rented (Apartment/House),4,0,0,0
MRK-02228,active,36,0.926,0.05,0.976,0,10,0.016,0.0,0,0,3.4,1,Employed (Private/Gov),Rented (Apartment/House),3,0,0,0
MRK-02229,active,24,0.835,0.3195,0.818,0,5,0.042,0.0,0,0,17.9,3,Public School Teacher,Living with Parents/Relatives,12,1,0,0
MRK-02230,active,24,0.344,0.4274,0.537,1,1,0.234,4864.52,0,0,4.5,1,Tricycle / PUV Operator,Owned (Clean Title),1,1,0,0
MRK-02231,active,24,0.118,0.1868,0.709,1,1,0.07,2961.2,0,0,6.2,0,Agri / Farmer / Fisherfolk,Owned (Clean Title),9,0,0,0
MRK-02232,active,36,0.514,0.1949,0.788,0,3,0.094,0.0,0,0,2.4,2,BPO / Call Center Agent,Owned (Inherited/Tax Dec),2,0,0,0
MRK-02233,active,36,0.455,0.2347,0.67,0,3,0.038,0.0,0,0,4.4,4,Public School Teacher,Owned (Inherited/Tax Dec),12,0,0,0
MRK-02234,active,12,0.322,0.3605,0.988,0,4,0.005,0.0,0,0,7.1,2,Agri / Farmer / Fisherfolk,Owned (Inherited/Tax Dec),1,0,0,0
MRK-02235,active,12,0.905,0.419,0.906,0,2,0.059,0.0,0,0,8.1,0,Public School Teacher,Living with Parents/Relatives,4,0,0,0
MRK-02236,active,36,0.336,0.3248,0.672,1,1,0.089,5612.79,0,0,5.1,3,Tricycle / PUV Operator,Rented (Apartment/House),8,0,0,0
MRK-02237,active,36,0.516,0.2362,0.697,1,0,0.066,3299.56,0,0,1.0,0,BPO / Call Center Agent,Living with Parents/Relatives,9,0,0,0
MRK-02238,active,24,0.711,0.3087,0.819,0,3,0.002,0.0,0,0,6.6,4,OFW Remittance / Dependent,Living with Parents/Relatives,2,0,0,0
MRK-02239,active,24,0.122,0.1076,0.943,0,9,0.03,0.0,0,0,6.3,4,BPO / Call Center Agent,Rented (Apartment/House),4,0,0,0
MRK-02240,active,36,0.907,0.1938,0.655,1,0,0.068,4192.66,0,0,5.5,2,Sari-Sari / Small Retail,Rented (Apartment/House),3,0,0,0
MRK-02241,active,24,0.389,0.2517,0.914,0,5,0.017,0.0,0,0,3.4,2,BPO / Call Center Agent,Rented (Apartment/House),6,0,0,0
MRK-02242,active,36,0.112,0.2488,0.68,0,1,0.034,0.0,0,0,1.3,3,Agri / Farmer / Fisherfolk,Owned (Inherited/Tax Dec),5,0,0,0
MRK-02243,active,36,0.635,0.2165,0.729,0,3,0.088,0.0,0,0,3.2,4,Sari-Sari / Small Retail,Owned (Inherited/Tax Dec),6,0,0,0
MRK-02244,active,24,0.932,0.0591,0.925,0,10,0.029,0.0,0,0,4.4,2,Employed (Private/Gov),Owned (Clean Title),11,0,0,0
MRK-02245,active,24,0.74,0.3008,0.896,0,1,0.036,0.0,0,0,13.0,2,Public School Teacher,Owned (Inherited/Tax Dec),5,0,0,0
MRK-02246,active,36,0.714,0.0975,0.868,0,5,0.029,0.0,0,0,3.2,2,Agri / Farmer / Fisherfolk,Owned (Clean Title),11,0,0,0
MRK-02247,active,24,0.3,0.1075,0.827,0,5,0.056,0.0,0,0,5.0,1,Sari-Sari / Small Retail,Owned (Clean Title),12,0,0,0
MRK-02248,active,36,0.567,0.2636,0.769,0,2,0.083,0.0,0,0,8.1,3,Tricycle / PUV Operator,Owned (Inherited/Tax Dec),11,0,0,0
MRK-02249,active,12,0.311,0.187,0.891,0,3,0.051,0.0,0,0,6.8,2,Employed (Private/Gov),Rented (Apartment/House),3,0,0,0
MRK-02250,active,12,0.108,0.8,0.514,1,0,0.244,10004.87,0,0,4.1,2,Agri / Farmer / Fisherfolk,Owned (Inherited/Tax Dec),4,1,0,0
MRK-02251,active,36,0.611,0.1139,0.904,0,5,0.024,0.0,0,0,9.9,0,Sari-Sari / Small Retail,Living with Parents/Relatives,1,0,0,0
MRK-02252,active,36,0.136,0.2325,0.609,1,1,0.112,2234.21,0,0,3.6,2,Agri / Farmer / Fisherfolk,Living with Parents/Relatives,2,1,0,0
MRK-02253,active,36,0.647,0.1906,0.813,0,2,0.096,0.0,0,0,7.2,0,Public School Teacher,Living with Parents/Relatives,11,0,0,0
MRK-02254,active,12,0.555,0.2865,0.877,0,3,0.051,0.0,0,0,6.1,1,Sari-Sari / Small Retail,Owned (Inherited/Tax Dec),10,0,0,0
MRK-02255,active,12,0.746,0.5692,0.341,1,1,0.234,11428.35,1,0,15.8,1,Public School Teacher,Rented (Apartment/House),9,1,0,0
MRK-02256,active,36,0.716,0.2857,0.387,1,1,0.169,2082.14,1,0,11.0,1,Public School Teacher,Owned (Clean Title),6,1,0,0
MRK-02257,active,36,0.386,0.4191,0.579,1,1,0.083,5906.94,0,0,7.3,2,Employed (Private/Gov),Living with Parents/Relatives,7,1,0,0
MRK-02258,active,24,0.389,0.198,0.906,0,7,0.015,0.0,0,0,2.2,0,Employed (Private/Gov),Rented (Apartment/House),7,0,0,0
MRK-02259,active,36,0.75,0.141,0.676,1,3,0.055,2860.22,0,0,4.5,3,OFW Remittance / Dependent,Owned (Inherited/Tax Dec),8,0,0,0
MRK-02260,active,36,0.905,0.1895,0.685,0,3,0.099,0.0,0,0,15.2,1,Employed (Private/Gov),Rented (Apartment/House),10,0,0,0
MRK-02261,active,24,0.18,0.5088,0.467,1,2,0.057,7718.32,0,0,12.7,2,Agri / Farmer / Fisherfolk,Owned (Clean Title),7,1,0,0
MRK-02262,active,12,0.682,0.8,0.984,0,5,0.019,0.0,0,0,11.6,1,Sari-Sari / Small Retail,Owned (Inherited/Tax Dec),11,0,0,0
MRK-02263,active,24,0.893,0.4365,0.344,1,0,0.177,7368.56,0,0,13.9,2,Public School Teacher,Owned (Clean Title),5,1,0,0
MRK-02264,active,36,0.682,0.2737,0.958,0,5,0.011,0.0,0,0,2.1,4,Public School Teacher,Rented (Apartment/House),11,0,0,0
MRK-02265,active,12,0.898,0.6873,0.878,0,5,0.031,0.0,0,0,7.0,2,Sari-Sari / Small Retail,Owned (Inherited/Tax Dec),2,0,0,0
MRK-02266,active,12,0.303,0.8,0.522,1,1,0.188,11394.5,0,0,7.0,1,Tricycle / PUV Operator,Owned (Inherited/Tax Dec),8,1,0,0
MRK-02267,active,24,0.405,0.101,0.876,0,5,0.01,0.0,0,0,6.9,4,Public School Teacher,Owned (Clean Title),7,0,0,0
MRK-02268,active,24,0.54,0.4247,0.556,1,1,0.098,8014.53,0,0,5.5,4,BPO / Call Center Agent,Rented (Apartment/House),4,1,0,0
MRK-02269,active,12,0.125,0.8,0.918,0,4,0.018,0.0,0,0,3.9,2,Agri / Farmer / Fisherfolk,Owned (Inherited/Tax Dec),4,0,0,0
MRK-02270,active,36,0.249,0.1018,0.804,0,4,0.003,0.0,0,0,10.5,2,Sari-Sari / Small Retail,Living with Parents/Relatives,3,0,0,0
MRK-02271,active,24,0.34,0.05,0.964,0,8,0.003,0.0,0,0,10.6,2,BPO / Call Center Agent,Living with Parents/Relatives,8,0,0,0
MRK-02272,active,12,0.6,0.2548,0.816,0,5,0.008,0.0,0,0,6.6,1,Agri / Farmer / Fisherfolk,Rented (Apartment/House),4,0,0,0
MRK-02273,active,24,0.938,0.2091,0.897,0,7,0.016,0.0,1,0,5.4,4,Public School Teacher,Living with Parents/Relatives,9,0,0,0
MRK-02274,active,36,0.591,0.0713,0.991,0,9,0.009,0.0,0,0,11.5,4,OFW Remittance / Dependent,Rented (Apartment/House),10,0,0,0
MRK-02275,active,12,0.387,0.6197,0.913,0,3,0.006,0.0,0,0,9.9,3,OFW Remittance / Dependent,Owned (Clean Title),8,0,0,0
MRK-02276,active,36,0.888,0.2041,0.828,0,5,0.016,0.0,0,0,9.5,1,Tricycle / PUV Operator,Owned (Inherited/Tax Dec),11,0,0,0
MRK-02277,active,36,0.229,0.093,0.795,0,2,0.046,0.0,0,0,6.1,4,Agri / Farmer / Fisherfolk,Rented (Apartment/House),9,0,0,0
MRK-02278,active,24,0.054,0.206,0.869,0,3,0.057,0.0,0,0,10.1,2,Employed (Private/Gov),Living with Parents/Relatives,10,0,0,0
MRK-02279,active,36,0.693,0.2833,0.912,0,10,0.004,0.0,0,0,5.3,2,Agri / Farmer / Fisherfolk,Owned (Clean Title),2,0,0,0
MRK-02280,active,24,0.86,0.0923,0.91,0,10,0.009,0.0,0,0,3.7,0,Employed (Private/Gov),Owned (Inherited/Tax Dec),8,0,0,0
MRK-02281,active,36,0.508,0.4042,0.785,0,4,0.052,0.0,0,0,7.1,1,Tricycle / PUV Operator,Owned (Clean Title),7,0,0,0
MRK-02282,active,12,0.523,0.4281,0.902,0,7,0.011,0.0,0,0,1.7,2,Tricycle / PUV Operator,Owned (Clean Title),3,0,0,0
MRK-02283,active,24,0.38,0.4346,0.435,1,1,0.225,6505.31,0,0,5.6,3,Public School Teacher,Owned (Inherited/Tax Dec),3,1,0,0
MRK-02284,active,36,0.338,0.1555,0.794,0,2,0.021,0.0,0,0,7.3,1,Agri / Farmer / Fisherfolk,Owned (Inherited/Tax Dec),9,0,0,0
MRK-02285,active,12,0.92,0.2546,0.963,0,5,0.011,0.0,0,0,6.0,2,OFW Remittance / Dependent,Living with Parents/Relatives,8,0,0,0
MRK-02286,active,24,0.665,0.2394,0.714,0,1,0.025,0.0,0,0,4.7,3,Agri / Farmer / Fisherfolk,Living with Parents/Relatives,8,0,0,0
MRK-02287,active,12,0.256,0.361,0.685,1,0,0.08,6856.71,0,0,13.0,2,Employed (Private/Gov),Owned (Clean Title),6,0,0,0
MRK-02288,active,24,0.399,0.2809,0.893,0,1,0.036,0.0,0,0,3.5,0,BPO / Call Center Agent,Owned (Inherited/Tax Dec),8,0,0,0
MRK-02289,active,24,0.391,0.255,0.94,0,6,0.027,0.0,0,0,3.0,1,Agri / Farmer / Fisherfolk,Owned (Inherited/Tax Dec),12,0,0,0
MRK-02290,active,24,0.288,0.245,0.79,0,4,0.027,0.0,0,0,3.5,0,OFW Remittance / Dependent,Living with Parents/Relatives,11,0,0,0
MRK-02291,active,36,0.239,0.4378,0.356,1,0,0.105,4913.27,0,0,8.4,3,Sari-Sari / Small Retail,Living with Parents/Relatives,3,1,0,0
MRK-02292,active,36,0.394,0.1518,0.96,0,5,0.02,0.0,0,0,2.5,2,Sari-Sari / Small Retail,Owned (Inherited/Tax Dec),2,0,0,0
MRK-02293,active,24,0.242,0.3153,0.61,1,1,0.067,2858.98,0,0,6.6,1,OFW Remittance / Dependent,Owned (Inherited/Tax Dec),2,1,0,0
MRK-02294,active,36,0.11,0.2053,0.93,0,9,0.007,0.0,0,0,10.5,3,Public School Teacher,Living with Parents/Relatives,6,0,0,0
MRK-02295,active,36,0.385,0.3617,0.874,0,2,0.003,0.0,0,0,5.2,1,Tricycle / PUV Operator,Owned (Inherited/Tax Dec),11,0,0,0
MRK-02296,active,24,0.717,0.0736,0.848,0,4,0.033,0.0,0,0,5.3,2,OFW Remittance / Dependent,Owned (Clean Title),4,0,0,0
MRK-02297,active,12,0.638,0.8,0.401,1,0,0.167,13255.96,1,0,6.9,1,Tricycle / PUV Operator,Rented (Apartment/House),6,1,0,0
MRK-02298,active,36,0.277,0.3403,0.914,0,5,0.053,0.0,0,0,7.9,2,Tricycle / PUV Operator,Owned (Clean Title),3,0,0,0
MRK-02299,active,12,0.465,0.4459,0.966,0,10,0.01,0.0,0,0,7.1,2,Agri / Farmer / Fisherfolk,Owned (Inherited/Tax Dec),6,0,0,0
MRK-02300,active,12,0.347,0.3431,0.76,0,2,0.082,0.0,0,0,8.7,3,Agri / Farmer / Fisherfolk,Owned (Inherited/Tax Dec),2,0,0,0
MRK-02301,active,24,0.254,0.2614,0.673,1,1,0.17,2677.24,0,0,11.1,1,BPO / Call Center Agent,Owned (Inherited/Tax Dec),10,1,0,0
MRK-02302,active,24,0.413,0.1609,0.93,0,3,0.028,0.0,0,0,7.1,2,Public School Teacher,Owned (Clean Title),2,0,0,0
MRK-02303,active,24,0.737,0.1436,0.925,0,8,0.001,0.0,0,0,12.7,3,Sari-Sari / Small Retail,Owned (Inherited/Tax Dec),4,0,0,0
MRK-02304,active,12,0.801,0.4607,0.906,0,1,0.039,0.0,0,0,3.2,1,Public School Teacher,Living with Parents/Relatives,6,0,0,0
MRK-02305,active,12,0.855,0.4803,0.897,0,3,0.017,0.0,0,0,3.1,0,Agri / Farmer / Fisherfolk,Rented (Apartment/House),11,0,0,0
MRK-02306,active,24,0.175,0.3687,1.0,0,8,0.0,0.0,0,0,15.1,1,OFW Remittance / Dependent,Owned (Inherited/Tax Dec),9,0,0,0
MRK-02307,active,36,0.776,0.0946,0.971,0,3,0.004,0.0,0,0,4.1,0,Employed (Private/Gov),Owned (Inherited/Tax Dec),2,0,0,0
MRK-02308,active,36,0.422,0.05,0.991,0,10,0.029,0.0,0,0,6.2,1,Public School Teacher,Owned (Clean Title),7,0,0,0
MRK-02309,active,12,0.889,0.5328,0.986,0,4,0.008,0.0,0,0,1.4,2,OFW Remittance / Dependent,Rented (Apartment/House),9,0,0,0
MRK-02310,active,24,0.768,0.7491,0.484,1,1,0.236,7331.23,0,0,12.8,1,Agri / Farmer / Fisherfolk,Owned (Clean Title),9,1,0,0
MRK-02311,active,12,0.244,0.8,0.503,1,0,0.167,13722.02,0,0,1.2,1,Agri / Farmer / Fisherfolk,Owned (Clean Title),12,1,0,0
MRK-02312,active,36,0.173,0.1856,0.863,0,5,0.054,0.0,0,0,5.6,2,BPO / Call Center Agent,Owned (Clean Title),4,0,0,0
MRK-02313,active,36,0.182,0.2025,0.88,0,3,0.008,0.0,0,0,13.5,0,BPO / Call Center Agent,Owned (Clean Title),8,0,0,0
MRK-02314,active,24,0.472,0.05,0.949,0,10,0.018,0.0,0,0,13.2,2,Public School Teacher,Owned (Inherited/Tax Dec),12,0,0,0
MRK-02315,active,12,0.24,0.3877,0.997,0,4,0.026,0.0,0,0,8.7,0,OFW Remittance / Dependent,Owned (Inherited/Tax Dec),2,0,0,0
MRK-02316,active,24,0.315,0.2314,0.905,0,7,0.02,0.0,0,0,18.2,3,OFW Remittance / Dependent,Living with Parents/Relatives,9,0,0,0
MRK-02317,active,36,0.097,0.1627,0.794,0,5,0.052,0.0,0,0,10.9,1,Agri / Farmer / Fisherfolk,Owned (Clean Title),2,0,0,0
MRK-02318,active,36,0.102,0.1813,0.911,0,4,0.045,0.0,0,0,6.2,1,BPO / Call Center Agent,Living with Parents/Relatives,4,0,0,0
MRK-02319,active,36,0.407,0.1506,0.916,0,3,0.032,0.0,0,0,11.8,1,Agri / Farmer / Fisherfolk,Owned (Inherited/Tax Dec),10,0,0,0
MRK-02320,active,24,0.212,0.3783,0.957,0,10,0.008,0.0,0,0,2.5,4,Employed (Private/Gov),Owned (Clean Title),4,0,0,0
MRK-02321,active,24,0.084,0.2626,0.719,1,0,0.079,7183.44,0,0,9.2,1,OFW Remittance / Dependent,Living with Parents/Relatives,5,0,0,0
MRK-02322,active,24,0.207,0.4073,0.496,1,2,0.146,6897.42,0,0,6.0,1,Tricycle / PUV Operator,Rented (Apartment/House),4,1,0,0
MRK-02323,active,12,0.664,0.3605,0.775,1,2,0.028,7634.3,0,0,5.9,3,OFW Remittance / Dependent,Owned (Inherited/Tax Dec),8,0,0,0
MRK-02324,active,24,0.224,0.4323,0.666,1,1,0.057,7913.98,1,1,10.8,3,Tricycle / PUV Operator,Owned (Clean Title),1,1,0,0
MRK-02325,active,36,0.222,0.1019,0.894,0,3,0.015,0.0,0,0,5.7,2,Tricycle / PUV Operator,Living with Parents/Relatives,11,0,0,0
MRK-02326,active,24,0.668,0.1948,0.682,1,1,0.095,3580.62,0,0,14.0,4,Employed (Private/Gov),Rented (Apartment/House),4,0,0,0
MRK-02327,active,36,0.429,0.05,0.894,0,3,0.028,0.0,0,0,12.5,0,Employed (Private/Gov),Rented (Apartment/House),1,0,0,0
MRK-02328,active,24,0.087,0.4604,0.826,0,4,0.045,0.0,0,0,17.5,1,Agri / Farmer / Fisherfolk,Owned (Clean Title),1,0,0,0
MRK-02329,active,12,0.202,0.6403,0.536,1,0,0.122,8977.21,0,0,6.8,2,Public School Teacher,Living with Parents/Relatives,3,1,0,0
MRK-02330,active,24,0.625,0.4028,0.847,0,3,0.017,0.0,0,0,13.9,2,Tricycle / PUV Operator,Owned (Inherited/Tax Dec),4,0,0,0
MRK-02331,active,24,0.474,0.1413,0.814,0,2,0.034,0.0,0,0,14.4,0,Public School Teacher,Rented (Apartment/House),9,0,0,0
MRK-02332,active,12,0.579,0.8,0.705,0,3,0.074,0.0,1,1,4.3,1,Sari-Sari / Small Retail,Living with Parents/Relatives,10,0,0,0
MRK-02333,active,36,0.669,0.4969,0.592,1,0,0.167,4896.71,1,0,10.2,2,Tricycle / PUV Operator,Owned (Clean Title),5,1,0,0
MRK-02334,active,36,0.488,0.1807,0.536,1,1,0.062,2454.73,0,0,2.6,0,BPO / Call Center Agent,Owned (Clean Title),11,1,0,0
MRK-02335,active,36,0.59,0.1504,0.855,0,3,0.008,0.0,0,0,8.8,2,Tricycle / PUV Operator,Living with Parents/Relatives,3,0,0,0
MRK-02336,active,24,0.644,0.3797,0.638,1,1,0.152,5418.48,0,0,6.6,1,Tricycle / PUV Operator,Living with Parents/Relatives,2,1,0,0
MRK-02337,active,12,0.125,0.688,0.66,1,3,0.097,11430.61,0,0,14.8,1,Sari-Sari / Small Retail,Owned (Inherited/Tax Dec),8,0,0,0
MRK-02338,active,36,0.633,0.1313,0.946,0,7,0.024,0.0,0,0,10.6,3,BPO / Call Center Agent,Owned (Inherited/Tax Dec),5,0,0,0
MRK-02339,active,36,0.94,0.2715,0.743,0,1,0.094,0.0,0,0,2.5,2,Public School Teacher,Owned (Inherited/Tax Dec),10,0,0,0
MRK-02340,active,24,0.566,0.1386,0.935,0,7,0.03,0.0,0,0,8.7,2,OFW Remittance / Dependent,Owned (Inherited/Tax Dec),2,0,0,0
MRK-02341,active,24,0.321,0.0974,0.811,0,2,0.032,0.0,0,0,5.7,2,OFW Remittance / Dependent,Rented (Apartment/House),5,0,0,0
MRK-02342,active,24,0.766,0.1208,0.865,0,1,0.025,0.0,0,0,13.7,1,BPO / Call Center Agent,Owned (Inherited/Tax Dec),10,0,0,0
MRK-02343,active,36,0.275,0.3915,0.535,1,1,0.14,6090.79,0,1,13.5,0,BPO / Call Center Agent,Owned (Clean Title),2,1,0,0
MRK-02344,active,24,0.258,0.2915,0.785,0,5,0.008,0.0,1,0,2.4,1,Employed (Private/Gov),Living with Parents/Relatives,4,0,0,0
MRK-02345,active,12,0.94,0.6165,0.302,1,0,0.166,11892.13,1,0,2.9,4,Employed (Private/Gov),Living with Parents/Relatives,2,1,0,0
MRK-02346,active,12,0.641,0.5535,0.507,1,1,0.165,6621.07,1,0,3.3,0,Tricycle / PUV Operator,Rented (Apartment/House),6,1,0,0
MRK-02347,active,36,0.539,0.3046,0.857,0,2,0.013,0.0,0,0,5.5,2,Sari-Sari / Small Retail,Rented (Apartment/House),10,0,0,0
MRK-02348,active,12,0.558,0.8,0.667,1,0,0.051,14101.8,0,1,10.1,3,Agri / Farmer / Fisherfolk,Owned (Inherited/Tax Dec),11,1,0,0
MRK-02349,active,12,0.147,0.3198,0.667,1,0,0.069,5264.7,0,0,10.5,1,BPO / Call Center Agent,Living with Parents/Relatives,8,0,0,0
MRK-02350,active,12,0.441,0.4819,0.97,0,6,0.012,0.0,0,0,12.0,1,BPO / Call Center Agent,Rented (Apartment/House),4,0,0,0
MRK-02351,active,36,0.57,0.2001,0.788,0,1,0.04,0.0,0,0,8.4,2,Tricycle / PUV Operator,Living with Parents/Relatives,11,0,0,0
MRK-02352,active,24,0.855,0.1732,0.918,0,5,0.017,0.0,0,0,6.0,1,BPO / Call Center Agent,Rented (Apartment/House),6,0,0,0
MRK-02353,active,12,0.901,0.2267,0.958,0,10,0.029,0.0,0,0,9.0,3,Agri / Farmer / Fisherfolk,Living with Parents/Relatives,9,0,0,0
MRK-02354,active,12,0.724,0.7296,0.53,1,2,0.15,9146.21,0,0,4.0,1,Sari-Sari / Small Retail,Living with Parents/Relatives,7,1,0,0
MRK-02355,active,12,0.537,0.3289,0.816,0,1,0.008,0.0,0,0,7.3,4,Employed (Private/Gov),Living with Parents/Relatives,6,0,0,0
MRK-02356,active,24,0.213,0.0933,0.915,0,9,0.014,0.0,0,0,5.4,2,Sari-Sari / Small Retail,Living with Parents/Relatives,10,0,0,0
MRK-02357,active,12,0.629,0.2378,0.819,0,1,0.029,0.0,0,0,3.5,1,Employed (Private/Gov),Rented (Apartment/House),6,0,0,0
MRK-02358,active,24,0.849,0.2715,0.93,0,10,0.025,0.0,0,0,5.2,1,Agri / Farmer / Fisherfolk,Owned (Inherited/Tax Dec),1,0,0,0
MRK-02359,active,36,0.309,0.2616,0.632,1,0,0.061,3896.61,1,0,2.7,4,Sari-Sari / Small Retail,Owned (Inherited/Tax Dec),9,1,0,0
MRK-02360,active,36,0.911,0.0739,0.869,0,4,0.019,0.0,0,0,2.3,4,OFW Remittance / Dependent,Living with Parents/Relatives,12,0,0,0
MRK-02361,active,12,0.185,0.4804,0.576,1,0,0.204,7925.29,0,0,10.0,3,BPO / Call Center Agent,Living with Parents/Relatives,2,1,0,0
MRK-02362,active,36,0.246,0.0856,0.91,0,4,0.01,0.0,0,0,3.7,3,OFW Remittance / Dependent,Owned (Clean Title),2,0,0,0
MRK-02363,active,36,0.33,0.1302,0.795,0,2,0.013,0.0,0,0,6.4,0,Employed (Private/Gov),Owned (Inherited/Tax Dec),3,0,0,0
MRK-02364,active,24,0.35,0.3157,0.41,1,0,0.157,3613.47,0,0,4.3,2,OFW Remittance / Dependent,Owned (Clean Title),8,1,0,0
MRK-02365,active,36,0.161,0.205,0.82,0,3,0.027,0.0,0,0,2.4,1,Employed (Private/Gov),Living with Parents/Relatives,11,0,0,0
MRK-02366,active,36,0.873,0.1202,0.801,0,5,0.051,0.0,0,0,18.7,1,Agri / Farmer / Fisherfolk,Owned (Clean Title),5,0,0,0
MRK-02367,active,24,0.088,0.2072,0.911,0,4,0.01,0.0,0,0,2.6,2,Public School Teacher,Rented (Apartment/House),8,0,0,0
MRK-02368,active,12,0.535,0.4862,0.953,0,4,0.025,0.0,0,0,1.9,1,Tricycle / PUV Operator,Rented (Apartment/House),6,0,0,0
MRK-02369,active,36,0.598,0.4381,0.917,0,6,0.01,0.0,0,0,8.4,1,OFW Remittance / Dependent,Living with Parents/Relatives,11,1,0,0
MRK-02370,active,24,0.753,0.3783,0.674,1,2,0.07,5409.29,0,0,15.0,4,Sari-Sari / Small Retail,Owned (Inherited/Tax Dec),1,0,0,0
MRK-02371,active,24,0.328,0.1976,0.883,0,10,0.017,0.0,0,0,4.2,2,OFW Remittance / Dependent,Owned (Inherited/Tax Dec),7,0,0,0
MRK-02372,active,12,0.137,0.8,0.687,1,0,0.042,13363.33,0,0,5.3,3,BPO / Call Center Agent,Owned (Inherited/Tax Dec),10,0,0,0
MRK-02373,active,12,0.622,0.3252,0.871,0,2,0.055,0.0,0,0,6.9,2,Employed (Private/Gov),Owned (Inherited/Tax Dec),6,0,0,0
MRK-02374,active,24,0.491,0.2606,0.93,0,7,0.007,0.0,0,0,9.9,1,BPO / Call Center Agent,Owned (Clean Title),5,0,0,0
MRK-02375,active,12,0.451,0.4167,0.927,0,9,0.013,0.0,0,0,4.8,2,OFW Remittance / Dependent,Living with Parents/Relatives,9,0,0,0
MRK-02376,active,24,0.741,0.5239,0.674,1,1,0.084,6178.3,0,0,2.0,1,Tricycle / PUV Operator,Owned (Clean Title),5,1,0,0
MRK-02377,active,36,0.817,0.2239,0.828,0,4,0.022,0.0,0,0,14.4,2,Employed (Private/Gov),Rented (Apartment/House),3,0,0,0
MRK-02378,active,12,0.102,0.3885,0.487,1,1,0.144,7608.4,0,0,7.4,3,OFW Remittance / Dependent,Owned (Clean Title),8,1,0,0
MRK-02379,active,24,0.383,0.6728,0.336,1,0,0.164,7570.11,1,0,22.7,2,Agri / Farmer / Fisherfolk,Rented (Apartment/House),6,1,0,0
MRK-02380,active,24,0.943,0.3082,0.721,0,0,0.078,0.0,0,0,5.2,1,Public School Teacher,Rented (Apartment/House),10,0,0,0
MRK-02381,active,12,0.94,0.4838,0.468,1,1,0.13,6653.83,1,0,8.7,0,Tricycle / PUV Operator,Owned (Clean Title),12,1,0,0
MRK-02382,active,12,0.135,0.3907,0.9,0,7,0.028,0.0,0,0,20.1,3,BPO / Call Center Agent,Owned (Clean Title),4,0,0,0
MRK-02383,active,36,0.747,0.1164,0.966,0,7,0.016,0.0,0,0,18.2,1,Public School Teacher,Owned (Inherited/Tax Dec),5,0,0,0
MRK-02384,active,24,0.366,0.3566,0.793,0,2,0.043,0.0,0,0,5.8,3,Agri / Farmer / Fisherfolk,Living with Parents/Relatives,8,0,0,0
MRK-02385,active,12,0.814,0.8,0.759,1,0,0.051,13946.92,0,0,6.9,0,OFW Remittance / Dependent,Owned (Clean Title),11,0,0,0
MRK-02386,active,36,0.389,0.0797,0.781,0,4,0.0,0.0,0,0,16.2,3,Employed (Private/Gov),Owned (Inherited/Tax Dec),8,0,0,0
MRK-02387,active,36,0.259,0.4666,0.514,1,1,0.152,5665.01,0,0,8.3,2,BPO / Call Center Agent,Rented (Apartment/House),5,1,0,0
MRK-02388,active,36,0.298,0.067,0.905,0,4,0.035,0.0,0,0,12.0,2,Employed (Private/Gov),Rented (Apartment/House),6,0,0,0
MRK-02389,active,24,0.499,0.3707,0.354,1,1,0.092,3153.6,1,0,16.0,3,Agri / Farmer / Fisherfolk,Rented (Apartment/House),6,1,0,0
MRK-02390,active,24,0.074,0.2616,0.844,0,5,0.034,0.0,0,0,8.4,2,Public School Teacher,Living with Parents/Relatives,4,0,0,0
MRK-02391,active,24,0.783,0.0528,0.964,0,3,0.021,0.0,0,0,12.5,3,Public School Teacher,Living with Parents/Relatives,3,1,0,0
MRK-02392,active,12,0.209,0.1841,0.904,0,5,0.018,0.0,0,0,10.1,1,BPO / Call Center Agent,Owned (Clean Title),2,0,0,0
MRK-02393,active,36,0.241,0.1731,0.701,1,3,0.094,3436.29,0,0,4.7,4,BPO / Call Center Agent,Living with Parents/Relatives,12,0,0,0
MRK-02394,active,36,0.641,0.2491,0.85,0,5,0.027,0.0,0,0,13.0,1,Tricycle / PUV Operator,Owned (Clean Title),10,0,0,0
MRK-02395,active,24,0.178,0.3128,0.921,0,3,0.015,0.0,0,0,13.5,3,Sari-Sari / Small Retail,Rented (Apartment/House),1,0,0,0
MRK-02396,active,12,0.78,0.4743,0.731,1,3,0.028,7289.6,0,0,5.5,2,Employed (Private/Gov),Rented (Apartment/House),3,0,0,0
MRK-02397,active,24,0.502,0.1545,0.916,0,1,0.008,0.0,0,0,4.3,1,Sari-Sari / Small Retail,Rented (Apartment/House),5,0,0,0
MRK-02398,active,24,0.772,0.1237,0.906,0,4,0.024,0.0,0,0,8.4,1,Employed (Private/Gov),Living with Parents/Relatives,6,0,0,0
MRK-02399,active,24,0.435,0.1739,0.906,0,10,0.015,0.0,0,0,1.9,2,OFW Remittance / Dependent,Living with Parents/Relatives,9,0,0,0
MRK-02400,active,24,0.175,0.2791,0.575,1,1,0.138,2634.34,1,0,4.5,2,BPO / Call Center Agent,Living with Parents/Relatives,3,1,0,0
MRK-02401,active,36,0.667,0.3246,0.752,0,2,0.1,0.0,0,0,11.8,0,Sari-Sari / Small Retail,Owned (Clean Title),2,0,0,0
MRK-02402,active,12,0.526,0.5926,0.986,0,4,0.003,0.0,0,0,3.9,3,Tricycle / PUV Operator,Owned (Inherited/Tax Dec),4,0,0,0
MRK-02403,active,24,0.704,0.3886,0.579,1,1,0.164,3876.3,0,1,2.4,0,OFW Remittance / Dependent,Owned (Clean Title),10,1,0,0
MRK-02404,active,24,0.47,0.4604,0.382,1,1,0.295,4884.71,0,1,9.6,0,Agri / Farmer / Fisherfolk,Owned (Clean Title),8,0,0,0
MRK-02405,active,24,0.29,0.3842,0.641,1,1,0.13,7712.53,1,0,11.0,2,Public School Teacher,Owned (Inherited/Tax Dec),8,1,0,0
MRK-02406,active,12,0.707,0.2864,0.781,0,5,0.029,0.0,0,0,5.6,1,Public School Teacher,Rented (Apartment/House),12,0,0,0
MRK-02407,active,24,0.134,0.3274,0.826,0,4,0.053,0.0,0,0,5.9,1,Agri / Farmer / Fisherfolk,Owned (Inherited/Tax Dec),2,0,0,0
MRK-02408,active,12,0.138,0.5928,0.933,0,4,0.019,0.0,0,0,9.5,1,Sari-Sari / Small Retail,Rented (Apartment/House),11,0,0,0
MRK-02409,active,36,0.116,0.3407,0.619,1,2,0.098,6425.97,0,1,2.6,3,OFW Remittance / Dependent,Owned (Clean Title),4,1,0,0
MRK-02410,active,36,0.255,0.1609,0.884,0,2,0.0,0.0,0,0,4.7,2,OFW Remittance / Dependent,Living with Parents/Relatives,10,0,0,0
MRK-02411,active,12,0.141,0.8,0.858,0,2,0.05,0.0,0,0,6.3,3,Agri / Farmer / Fisherfolk,Living with Parents/Relatives,2,0,0,0
MRK-02412,active,36,0.439,0.3925,0.486,1,2,0.147,3480.79,0,0,7.0,3,Agri / Farmer / Fisherfolk,Owned (Clean Title),6,1,0,0
MRK-02413,active,12,0.706,0.451,0.885,0,3,0.038,0.0,0,0,6.4,4,BPO / Call Center Agent,Owned (Clean Title),4,0,0,0
MRK-02414,active,36,0.513,0.3336,0.517,1,0,0.147,5647.88,0,0,3.3,2,Employed (Private/Gov),Owned (Inherited/Tax Dec),11,1,0,0
MRK-02415,active,12,0.879,0.5322,0.359,1,0,0.189,8182.29,0,0,2.4,3,Public School Teacher,Owned (Inherited/Tax Dec),2,1,0,0
MRK-02416,active,12,0.504,0.7582,0.615,1,0,0.076,10443.7,0,0,15.9,3,Sari-Sari / Small Retail,Owned (Inherited/Tax Dec),5,1,0,0
MRK-02417,active,36,0.422,0.0692,0.935,0,10,0.016,0.0,0,0,2.9,1,OFW Remittance / Dependent,Owned (Clean Title),7,0,0,0
MRK-02418,active,12,0.295,0.8,0.409,1,0,0.171,12583.99,1,0,4.7,0,Sari-Sari / Small Retail,Rented (Apartment/House),11,1,0,0
MRK-02419,active,12,0.883,0.3568,0.841,0,5,0.028,0.0,0,0,2.0,2,Employed (Private/Gov),Rented (Apartment/House),11,0,0,0
MRK-02420,active,24,0.903,0.1368,0.997,0,3,0.025,0.0,0,0,9.5,4,Sari-Sari / Small Retail,Owned (Clean Title),3,0,0,0
MRK-02421,active,36,0.088,0.4382,0.811,1,3,0.056,6445.95,0,0,14.3,1,Tricycle / PUV Operator,Living with Parents/Relatives,10,0,0,0
MRK-02422,active,24,0.68,0.3289,0.744,0,3,0.036,0.0,0,0,12.1,3,OFW Remittance / Dependent,Owned (Inherited/Tax Dec),7,0,0,0
MRK-02423,active,24,0.849,0.4322,0.508,1,2,0.154,8014.34,0,0,7.3,2,Tricycle / PUV Operator,Rented (Apartment/House),8,1,0,0
MRK-02424,active,24,0.483,0.3164,0.533,1,0,0.112,4363.47,1,0,13.7,1,Employed (Private/Gov),Rented (Apartment/House),10,1,0,0
MRK-02425,active,24,0.819,0.1928,0.941,0,5,0.023,0.0,0,0,4.7,1,Public School Teacher,Owned (Clean Title),6,0,0,0
MRK-02426,active,12,0.812,0.4213,0.382,1,0,0.16,7038.51,0,0,5.3,1,OFW Remittance / Dependent,Living with Parents/Relatives,6,1,0,0
MRK-02427,active,12,0.617,0.409,0.642,1,2,0.059,8088.76,0,1,7.1,0,BPO / Call Center Agent,Owned (Inherited/Tax Dec),1,1,0,0
MRK-02428,active,36,0.297,0.0615,0.995,0,7,0.01,0.0,0,0,4.0,0,Employed (Private/Gov),Owned (Clean Title),9,0,0,0
MRK-02429,active,36,0.743,0.065,0.889,0,4,0.002,0.0,0,0,4.7,2,Tricycle / PUV Operator,Owned (Inherited/Tax Dec),12,0,0,0
MRK-02430,active,24,0.895,0.2131,0.774,1,2,0.091,3787.49,0,0,7.0,1,Employed (Private/Gov),Owned (Clean Title),11,0,0,0
MRK-02431,active,24,0.131,0.05,0.923,0,10,0.023,0.0,0,0,10.1,1,Public School Teacher,Owned (Clean Title),4,0,0,0
MRK-02432,active,12,0.669,0.7106,0.891,0,1,0.047,0.0,0,0,8.1,0,Agri / Farmer / Fisherfolk,Living with Parents/Relatives,11,0,0,0
MRK-02433,active,36,0.827,0.2843,0.793,0,2,0.028,0.0,0,0,1.4,1,Employed (Private/Gov),Owned (Clean Title),2,0,0,0
MRK-02434,active,12,0.121,0.6711,0.798,0,1,0.086,0.0,0,0,15.1,2,BPO / Call Center Agent,Owned (Clean Title),8,0,0,0
MRK-02435,active,36,0.742,0.1931,0.948,0,6,0.009,0.0,0,0,1.4,2,Sari-Sari / Small Retail,Owned (Clean Title),5,0,0,0
MRK-02436,active,24,0.577,0.2065,0.919,0,3,0.006,0.0,0,0,6.6,2,Agri / Farmer / Fisherfolk,Rented (Apartment/House),4,0,0,0
MRK-02437,active,24,0.415,0.3889,0.681,1,2,0.154,6729.16,0,0,7.2,2,Employed (Private/Gov),Living with Parents/Relatives,6,1,0,0
MRK-02438,active,12,0.659,0.4691,0.83,0,3,0.002,0.0,0,0,4.2,2,Public School Teacher,Owned (Inherited/Tax Dec),8,0,0,0
MRK-02439,active,36,0.336,0.1719,0.818,0,5,0.015,0.0,0,0,4.0,2,Tricycle / PUV Operator,Owned (Clean Title),5,0,0,0
MRK-02440,active,24,0.105,0.3596,0.822,0,4,0.029,0.0,0,0,7.7,1,Agri / Farmer / Fisherfolk,Living with Parents/Relatives,9,0,0,0
MRK-02441,active,36,0.247,0.3015,0.564,1,1,0.15,5256.32,0,1,7.7,1,Public School Teacher,Owned (Clean Title),3,1,0,0
MRK-02442,active,24,0.195,0.238,0.859,0,4,0.026,0.0,1,0,13.6,1,BPO / Call Center Agent,Rented (Apartment/House),8,0,0,0
MRK-02443,active,12,0.863,0.3489,0.903,0,6,0.002,0.0,0,0,2.1,1,Agri / Farmer / Fisherfolk,Living with Parents/Relatives,7,0,0,0
MRK-02444,active,24,0.497,0.1974,0.915,0,9,0.007,0.0,0,0,13.1,1,BPO / Call Center Agent,Owned (Clean Title),9,0,0,0
MRK-02445,active,36,0.659,0.3235,0.668,0,1,0.099,0.0,0,0,8.6,2,BPO / Call Center Agent,Owned (Inherited/Tax Dec),6,0,0,0
MRK-02446,active,12,0.721,0.5619,0.466,1,0,0.13,11590.4,0,0,6.4,2,Employed (Private/Gov),Owned (Clean Title),8,1,0,0
MRK-02447,active,36,0.059,0.0862,0.844,0,1,0.045,0.0,0,0,20.0,1,Employed (Private/Gov),Owned (Clean Title),10,0,0,0
MRK-02448,active,24,0.93,0.0643,0.926,0,5,0.03,0.0,0,0,10.8,1,OFW Remittance / Dependent,Living with Parents/Relatives,8,0,0,0
MRK-02449,active,24,0.867,0.1158,0.971,0,8,0.004,0.0,0,0,5.6,1,Public School Teacher,Living with Parents/Relatives,2,0,0,0
MRK-02450,active,12,0.486,0.4179,0.781,0,5,0.016,0.0,0,0,10.0,2,OFW Remittance / Dependent,Owned (Inherited/Tax Dec),3,0,0,0
MRK-02451,active,36,0.414,0.0755,0.901,0,4,0.005,0.0,0,0,9.7,1,Tricycle / PUV Operator,Rented (Apartment/House),1,0,0,0
MRK-02452,active,36,0.104,0.1809,0.656,1,0,0.126,3057.45,0,0,6.8,2,Employed (Private/Gov),Owned (Clean Title),3,1,0,0
MRK-02453,active,12,0.545,0.6286,0.756,0,0,0.1,0.0,0,0,10.8,4,Employed (Private/Gov),Owned (Inherited/Tax Dec),10,0,0,0
MRK-02454,active,36,0.47,0.1433,0.832,0,4,0.031,0.0,0,0,2.6,3,OFW Remittance / Dependent,Rented (Apartment/House),3,0,0,0
MRK-02455,active,24,0.656,0.3877,0.931,0,8,0.007,0.0,0,0,2.9,2,Public School Teacher,Rented (Apartment/House),10,0,0,0
MRK-02456,active,36,0.698,0.2666,0.801,0,3,0.062,0.0,0,0,3.3,1,Employed (Private/Gov),Owned (Clean Title),7,0,0,0
MRK-02457,active,12,0.375,0.1115,0.974,0,5,0.013,0.0,0,0,3.8,1,Tricycle / PUV Operator,Owned (Inherited/Tax Dec),9,0,0,0
MRK-02458,active,24,0.105,0.4763,0.997,0,7,0.009,0.0,0,0,9.5,0,BPO / Call Center Agent,Owned (Clean Title),9,0,0,0
MRK-02459,active,36,0.052,0.3264,0.759,0,0,0.034,0.0,1,0,5.2,4,Tricycle / PUV Operator,Rented (Apartment/House),5,0,0,0
MRK-02460,active,12,0.489,0.6269,0.799,0,0,0.033,0.0,0,0,8.9,1,Agri / Farmer / Fisherfolk,Living with Parents/Relatives,3,0,0,0
MRK-02461,active,24,0.835,0.3469,0.474,1,1,0.239,3913.21,1,0,3.9,2,OFW Remittance / Dependent,Living with Parents/Relatives,3,1,0,0
MRK-02462,active,24,0.282,0.1582,0.95,0,5,0.005,0.0,0,0,5.1,1,Employed (Private/Gov),Rented (Apartment/House),12,0,0,0
MRK-02463,active,24,0.549,0.3374,0.673,1,0,0.073,6501.13,0,0,3.8,3,BPO / Call Center Agent,Owned (Clean Title),3,0,0,0
MRK-02464,active,12,0.425,0.1937,0.787,0,2,0.048,0.0,0,0,13.7,1,BPO / Call Center Agent,Living with Parents/Relatives,7,0,0,0
MRK-02465,active,24,0.621,0.1716,0.848,0,2,0.033,0.0,0,0,10.6,3,BPO / Call Center Agent,Owned (Clean Title),10,0,0,0
MRK-02466,active,12,0.336,0.754,0.888,0,10,0.022,0.0,0,0,11.0,1,Agri / Farmer / Fisherfolk,Rented (Apartment/House),2,0,0,0
MRK-02467,active,12,0.597,0.5274,0.802,1,2,0.052,6838.5,0,0,8.0,3,OFW Remittance / Dependent,Rented (Apartment/House),7,0,0,0
MRK-02468,active,12,0.503,0.5277,0.549,1,1,0.082,11440.63,0,0,11.7,0,OFW Remittance / Dependent,Rented (Apartment/House),3,1,0,0
MRK-02469,active,24,0.208,0.253,0.796,0,2,0.042,0.0,0,0,5.8,2,Public School Teacher,Living with Parents/Relatives,10,0,0,0
MRK-02470,active,12,0.886,0.2384,0.782,0,5,0.035,0.0,0,0,7.2,1,Public School Teacher,Owned (Inherited/Tax Dec),6,0,0,0
MRK-02471,active,24,0.225,0.2281,0.969,0,8,0.001,0.0,0,0,5.7,4,BPO / Call Center Agent,Living with Parents/Relatives,8,1,0,0
MRK-02472,active,12,0.407,0.1501,0.92,0,7,0.015,0.0,0,0,7.6,2,OFW Remittance / Dependent,Owned (Clean Title),7,0,0,0
MRK-02473,active,36,0.566,0.2731,0.558,1,0,0.153,5195.11,0,0,6.2,2,Public School Teacher,Owned (Inherited/Tax Dec),7,1,0,0
MRK-02474,active,36,0.323,0.1076,0.839,0,1,0.048,0.0,0,0,5.1,2,Agri / Farmer / Fisherfolk,Rented (Apartment/House),2,0,0,0
MRK-02475,active,24,0.855,0.3008,0.89,0,3,0.013,0.0,0,1,4.9,4,Agri / Farmer / Fisherfolk,Owned (Inherited/Tax Dec),9,0,0,0
MRK-02476,active,12,0.164,0.4011,0.827,0,2,0.044,0.0,0,0,7.9,0,Sari-Sari / Small Retail,Living with Parents/Relatives,12,0,0,0
MRK-02477,active,24,0.604,0.2346,0.908,0,5,0.026,0.0,0,0,5.1,4,Tricycle / PUV Operator,Rented (Apartment/House),11,0,0,0
MRK-02478,active,24,0.557,0.2098,0.89,0,10,0.021,0.0,0,0,4.0,1,Agri / Farmer / Fisherfolk,Living with Parents/Relatives,3,0,0,0
MRK-02479,active,24,0.535,0.1079,0.917,0,9,0.027,0.0,0,0,5.1,0,OFW Remittance / Dependent,Living with Parents/Relatives,10,0,0,0
MRK-02480,active,12,0.499,0.732,0.475,1,1,0.061,8131.63,0,0,5.1,2,Tricycle / PUV Operator,Owned (Inherited/Tax Dec),12,1,0,0
MRK-02481,active,12,0.199,0.4095,0.933,0,10,0.026,0.0,0,0,7.6,4,Sari-Sari / Small Retail,Owned (Inherited/Tax Dec),3,0,0,0
MRK-02482,active,24,0.911,0.3497,0.709,0,3,0.073,0.0,0,0,7.1,2,Employed (Private/Gov),Living with Parents/Relatives,5,0,0,0
MRK-02483,active,24,0.271,0.3925,0.516,1,0,0.173,3844.79,0,1,9.0,1,Tricycle / PUV Operator,Living with Parents/Relatives,5,1,0,0
MRK-02484,active,12,0.13,0.2923,0.866,0,4,0.045,0.0,0,0,3.5,1,OFW Remittance / Dependent,Living with Parents/Relatives,1,0,0,0
MRK-02485,active,24,0.353,0.3419,0.456,1,1,0.292,4519.6,0,0,2.8,1,Employed (Private/Gov),Owned (Inherited/Tax Dec),7,1,0,0
MRK-02486,active,24,0.289,0.1809,0.789,0,0,0.048,0.0,0,0,6.4,2,Public School Teacher,Owned (Inherited/Tax Dec),12,0,0,0
MRK-02487,active,12,0.237,0.529,0.599,1,1,0.065,10676.52,0,0,23.3,2,OFW Remittance / Dependent,Rented (Apartment/House),2,0,0,0
MRK-02488,active,36,0.258,0.05,0.9,0,8,0.002,0.0,0,0,6.6,2,Public School Teacher,Owned (Inherited/Tax Dec),5,1,0,0
MRK-02489,active,24,0.941,0.4673,0.445,1,1,0.27,4439.41,0,0,11.4,2,Agri / Farmer / Fisherfolk,Rented (Apartment/House),8,1,0,0
MRK-02490,active,36,0.335,0.2925,0.72,1,0,0.033,2921.53,1,0,7.7,3,Agri / Farmer / Fisherfolk,Rented (Apartment/House),4,0,0,0
MRK-02491,active,24,0.128,0.2753,0.916,0,4,0.034,0.0,0,0,1.0,2,Public School Teacher,Owned (Inherited/Tax Dec),8,0,0,0
MRK-02492,active,12,0.189,0.5388,0.529,1,1,0.145,8808.85,0,0,3.3,3,BPO / Call Center Agent,Owned (Clean Title),11,1,0,0
MRK-02493,active,24,0.702,0.455,0.904,0,1,0.024,0.0,0,0,5.4,1,Sari-Sari / Small Retail,Owned (Clean Title),12,0,0,0
MRK-02494,active,12,0.178,0.3972,0.847,0,1,0.021,0.0,0,1,8.7,3,BPO / Call Center Agent,Living with Parents/Relatives,5,0,0,0
MRK-02495,active,12,0.877,0.3641,0.781,0,5,0.046,0.0,0,0,8.1,1,OFW Remittance / Dependent,Rented (Apartment/House),7,0,0,0
MRK-02496,active,24,0.858,0.2154,0.9,0,3,0.052,0.0,0,0,21.3,2,BPO / Call Center Agent,Rented (Apartment/House),8,0,0,0
MRK-02497,active,12,0.707,0.2811,0.995,0,4,0.008,0.0,0,0,3.7,4,Agri / Farmer / Fisherfolk,Owned (Inherited/Tax Dec),10,0,0,0
MRK-02498,active,36,0.765,0.0624,0.883,0,8,0.024,0.0,0,0,6.5,1,BPO / Call Center Agent,Owned (Inherited/Tax Dec),11,0,0,0
MRK-02499,active,24,0.797,0.6296,0.456,1,0,0.154,7208.05,0,0,10.0,4,Sari-Sari / Small Retail,Rented (Apartment/House),3,1,0,0
MRK-02500,active,36,0.409,0.2214,0.825,0,4,0.046,0.0,0,0,11.9,3,OFW Remittance / Dependent,Owned (Inherited/Tax Dec),10,0,0,0
MRK-02501,active,36,0.861,0.3911,0.804,0,5,0.014,0.0,0,0,5.0,2,Tricycle / PUV Operator,Owned (Clean Title),9,1,0,0
MRK-02502,active,36,0.444,0.05,0.923,0,7,0.009,0.0,0,0,2.4,1,Employed (Private/Gov),Owned (Clean Title),12,0,0,0
MRK-02503,active,12,0.581,0.5338,0.783,1,3,0.022,11215.56,0,1,7.3,2,BPO / Call Center Agent,Owned (Clean Title),5,0,0,0
MRK-02504,active,24,0.1,0.4278,0.347,1,0,0.261,5924.98,1,0,5.0,1,Tricycle / PUV Operator,Owned (Inherited/Tax Dec),7,1,0,0
MRK-02505,active,36,0.941,0.4335,0.901,0,4,0.059,0.0,0,0,7.8,1,Agri / Farmer / Fisherfolk,Rented (Apartment/House),6,0,0,0
MRK-02506,active,12,0.121,0.6192,0.999,0,6,0.025,0.0,0,0,7.5,0,Agri / Farmer / Fisherfolk,Owned (Inherited/Tax Dec),7,1,0,0
MRK-02507,active,36,0.668,0.1238,0.892,0,3,0.029,0.0,0,0,8.9,3,BPO / Call Center Agent,Rented (Apartment/House),6,0,0,0
MRK-02508,active,24,0.393,0.1328,0.913,0,10,0.003,0.0,0,0,10.6,0,OFW Remittance / Dependent,Rented (Apartment/House),3,0,0,0
MRK-02509,active,24,0.733,0.3033,0.764,0,3,0.068,0.0,0,0,5.6,3,Agri / Farmer / Fisherfolk,Owned (Clean Title),9,0,0,0
MRK-02510,active,36,0.88,0.4506,0.608,1,2,0.15,5510.94,0,0,17.3,2,Tricycle / PUV Operator,Living with Parents/Relatives,4,1,0,0
MRK-02511,active,36,0.18,0.1957,0.825,0,2,0.04,0.0,0,0,4.4,1,Agri / Farmer / Fisherfolk,Owned (Inherited/Tax Dec),9,0,0,0
MRK-02512,active,24,0.051,0.1323,0.863,0,4,0.053,0.0,0,0,6.9,2,Employed (Private/Gov),Living with Parents/Relatives,2,0,0,0
MRK-02513,active,24,0.459,0.1871,0.82,0,2,0.031,0.0,0,0,10.1,2,Tricycle / PUV Operator,Owned (Inherited/Tax Dec),2,0,0,0
MRK-02514,active,36,0.537,0.236,0.783,0,5,0.05,0.0,1,0,13.3,2,Public School Teacher,Living with Parents/Relatives,12,0,0,0
MRK-02515,active,12,0.804,0.3299,0.872,0,1,0.005,0.0,0,0,4.1,2,Employed (Private/Gov),Owned (Clean Title),4,0,0,0
MRK-02516,active,36,0.828,0.3606,0.604,1,2,0.16,3252.84,0,0,2.9,1,Tricycle / PUV Operator,Owned (Clean Title),1,1,0,0
MRK-02517,active,12,0.367,0.7049,0.959,0,7,0.006,0.0,0,0,1.7,3,Tricycle / PUV Operator,Rented (Apartment/House),4,0,0,0
MRK-02518,active,12,0.465,0.6779,0.976,0,6,0.015,0.0,0,0,7.0,3,Tricycle / PUV Operator,Living with Parents/Relatives,5,0,0,0
MRK-02519,active,36,0.506,0.6732,0.56,1,0,0.262,5869.42,1,1,9.9,1,Sari-Sari / Small Retail,Owned (Inherited/Tax Dec),2,1,0,0
MRK-02520,active,24,0.643,0.3616,0.457,1,1,0.068,3658.31,1,0,1.5,1,OFW Remittance / Dependent,Rented (Apartment/House),1,1,0,0
MRK-02521,active,36,0.367,0.2439,0.905,0,2,0.017,0.0,0,0,9.9,2,Sari-Sari / Small Retail,Owned (Inherited/Tax Dec),1,0,0,0
MRK-02522,active,24,0.189,0.7332,0.72,0,1,0.071,0.0,0,0,7.6,1,Sari-Sari / Small Retail,Living with Parents/Relatives,9,0,0,0
MRK-02523,active,36,0.388,0.3078,0.77,1,3,0.096,6144.68,0,0,5.3,2,Employed (Private/Gov),Owned (Inherited/Tax Dec),4,0,0,0
MRK-02524,active,24,0.652,0.2993,0.605,1,1,0.116,4242.86,0,0,7.8,1,OFW Remittance / Dependent,Rented (Apartment/House),9,1,0,0
MRK-02525,active,12,0.628,0.5754,0.531,1,1,0.088,12215.17,0,0,9.9,3,Employed (Private/Gov),Owned (Inherited/Tax Dec),12,1,0,0
MRK-02526,active,24,0.278,0.7533,0.429,1,1,0.137,6821.83,0,0,9.0,0,Tricycle / PUV Operator,Owned (Inherited/Tax Dec),4,1,0,0
MRK-02527,active,24,0.342,0.1549,0.959,0,4,0.003,0.0,0,0,22.3,0,OFW Remittance / Dependent,Living with Parents/Relatives,4,0,0,0
MRK-02528,active,12,0.513,0.5205,0.874,0,2,0.038,0.0,0,0,3.9,4,Public School Teacher,Owned (Clean Title),12,0,0,0
MRK-02529,active,36,0.81,0.4865,0.543,1,1,0.177,4599.77,1,0,4.7,1,Sari-Sari / Small Retail,Owned (Inherited/Tax Dec),11,1,0,0
MRK-02530,active,24,0.771,0.3312,0.666,0,3,0.08,0.0,0,0,8.2,0,Tricycle / PUV Operator,Living with Parents/Relatives,11,0,0,0
MRK-02531,active,24,0.279,0.4608,0.523,1,0,0.11,8296.63,0,0,4.8,1,BPO / Call Center Agent,Living with Parents/Relatives,10,1,0,0
MRK-02532,active,36,0.804,0.334,0.408,1,0,0.092,4090.24,0,0,8.4,2,Employed (Private/Gov),Owned (Inherited/Tax Dec),11,1,0,0
MRK-02533,active,12,0.42,0.3204,0.852,0,3,0.015,0.0,0,0,6.3,1,OFW Remittance / Dependent,Living with Parents/Relatives,10,0,0,0
MRK-02534,active,36,0.89,0.1057,0.967,0,9,0.009,0.0,0,0,7.2,1,OFW Remittance / Dependent,Owned (Clean Title),5,0,0,0
MRK-02535,active,24,0.949,0.1804,0.816,0,5,0.057,0.0,0,0,3.8,4,BPO / Call Center Agent,Rented (Apartment/House),12,0,0,0
MRK-02536,active,36,0.398,0.137,0.788,0,4,0.002,0.0,0,0,8.1,3,OFW Remittance / Dependent,Living with Parents/Relatives,10,0,0,0
MRK-02537,active,24,0.7,0.3351,0.468,1,0,0.157,4859.64,0,0,13.0,2,OFW Remittance / Dependent,Rented (Apartment/House),8,1,0,0
MRK-02538,active,36,0.142,0.1549,0.827,0,3,0.021,0.0,0,0,6.2,4,OFW Remittance / Dependent,Owned (Inherited/Tax Dec),12,0,0,0
MRK-02539,active,36,0.765,0.2378,0.773,1,0,0.028,4645.45,0,0,8.9,1,Employed (Private/Gov),Owned (Clean Title),5,1,0,0
MRK-02540,active,24,0.292,0.2372,0.698,1,0,0.054,4266.81,0,1,11.3,1,Public School Teacher,Owned (Inherited/Tax Dec),3,1,0,0
MRK-02541,active,24,0.567,0.1521,0.804,0,1,0.034,0.0,0,0,1.4,3,Tricycle / PUV Operator,Living with Parents/Relatives,4,0,0,0
MRK-02542,active,36,0.491,0.4092,0.513,1,1,0.179,5444.47,0,0,1.0,1,Agri / Farmer / Fisherfolk,Living with Parents/Relatives,8,1,0,0
MRK-02543,active,36,0.46,0.0622,0.821,0,4,0.038,0.0,0,0,9.3,4,OFW Remittance / Dependent,Living with Parents/Relatives,12,0,0,0
MRK-02544,active,12,0.342,0.2913,0.467,1,2,0.103,5616.03,1,0,5.5,1,OFW Remittance / Dependent,Owned (Inherited/Tax Dec),3,1,0,0
MRK-02545,active,36,0.051,0.4312,0.539,1,0,0.289,4492.27,1,0,3.8,2,OFW Remittance / Dependent,Owned (Clean Title),7,1,0,0
MRK-02546,active,36,0.731,0.1284,0.832,0,1,0.004,0.0,0,0,6.8,2,OFW Remittance / Dependent,Owned (Clean Title),11,0,0,0
MRK-02547,active,24,0.424,0.4095,0.895,0,5,0.023,0.0,0,0,6.0,3,Tricycle / PUV Operator,Rented (Apartment/House),6,0,0,0
MRK-02548,active,24,0.285,0.2438,0.917,0,2,0.017,0.0,0,0,2.7,1,Tricycle / PUV Operator,Owned (Inherited/Tax Dec),2,0,0,0
MRK-02549,active,24,0.447,0.0819,0.988,0,7,0.024,0.0,0,0,2.3,1,BPO / Call Center Agent,Owned (Inherited/Tax Dec),10,0,0,0
MRK-02550,active,12,0.437,0.467,0.663,1,2,0.13,9842.36,0,0,4.2,2,OFW Remittance / Dependent,Owned (Inherited/Tax Dec),11,1,0,0
MRK-02551,active,24,0.458,0.3304,0.579,1,0,0.054,4077.97,1,1,5.6,0,Public School Teacher,Owned (Inherited/Tax Dec),11,1,0,0
MRK-02552,active,24,0.881,0.1539,0.892,0,4,0.009,0.0,0,0,9.1,0,Public School Teacher,Owned (Inherited/Tax Dec),12,0,0,0
MRK-02553,active,24,0.327,0.5759,0.329,1,1,0.155,7869.72,1,0,13.1,2,Employed (Private/Gov),Owned (Inherited/Tax Dec),3,1,0,0
MRK-02554,active,24,0.34,0.3855,0.981,0,3,0.024,0.0,0,0,2.1,0,Public School Teacher,Owned (Clean Title),8,0,0,0
MRK-02555,active,36,0.134,0.0546,0.99,0,6,0.002,0.0,0,0,11.5,3,Public School Teacher,Owned (Clean Title),7,0,0,0
MRK-02556,active,12,0.128,0.3908,0.902,0,3,0.002,0.0,0,0,13.2,0,Tricycle / PUV Operator,Rented (Apartment/House),12,0,0,0
MRK-02557,active,12,0.67,0.4656,0.819,0,3,0.047,0.0,0,0,12.5,2,Public School Teacher,Owned (Inherited/Tax Dec),2,0,0,0
MRK-02558,active,36,0.223,0.1461,0.773,1,2,0.055,2581.0,0,0,9.8,2,Employed (Private/Gov),Rented (Apartment/House),9,0,0,0
MRK-02559,active,36,0.708,0.1382,0.904,0,5,0.001,0.0,0,0,5.1,1,Tricycle / PUV Operator,Rented (Apartment/House),12,0,0,0
MRK-02560,active,36,0.785,0.2935,0.859,0,3,0.045,0.0,0,0,1.2,2,Tricycle / PUV Operator,Living with Parents/Relatives,6,0,0,0
MRK-02561,active,12,0.692,0.3914,0.917,0,2,0.014,0.0,0,0,5.9,2,Employed (Private/Gov),Owned (Inherited/Tax Dec),8,0,0,0
MRK-02562,active,36,0.527,0.2624,0.867,0,1,0.038,0.0,0,0,8.0,3,Agri / Farmer / Fisherfolk,Owned (Inherited/Tax Dec),8,0,0,0
MRK-02563,active,24,0.119,0.2125,0.998,0,6,0.029,0.0,0,0,6.2,4,BPO / Call Center Agent,Owned (Clean Title),7,1,0,0
MRK-02564,active,24,0.387,0.1915,0.954,0,8,0.005,0.0,0,0,2.5,1,Tricycle / PUV Operator,Owned (Clean Title),10,0,0,0
MRK-02565,active,24,0.154,0.2893,0.802,0,1,0.027,0.0,0,0,4.0,0,BPO / Call Center Agent,Rented (Apartment/House),1,0,0,0
MRK-02566,active,36,0.631,0.1626,0.906,0,1,0.017,0.0,0,0,11.8,2,Employed (Private/Gov),Living with Parents/Relatives,3,0,0,0
MRK-02567,active,12,0.49,0.4453,0.697,0,3,0.047,0.0,1,0,2.7,1,OFW Remittance / Dependent,Owned (Clean Title),12,0,0,0
MRK-02568,active,36,0.582,0.2466,0.901,0,10,0.013,0.0,0,0,10.6,1,Agri / Farmer / Fisherfolk,Rented (Apartment/House),11,0,0,0
MRK-02569,active,36,0.357,0.0594,0.958,0,7,0.021,0.0,0,0,7.7,4,Tricycle / PUV Operator,Owned (Clean Title),5,0,0,0
MRK-02570,active,36,0.933,0.0667,0.924,0,6,0.017,0.0,0,1,6.7,1,Public School Teacher,Owned (Clean Title),12,0,0,0
MRK-02571,active,36,0.199,0.4842,0.532,1,1,0.191,3620.2,0,0,11.2,0,Sari-Sari / Small Retail,Owned (Inherited/Tax Dec),5,1,0,0
MRK-02572,active,24,0.458,0.2014,0.677,1,1,0.115,2950.66,0,1,1.8,0,BPO / Call Center Agent,Living with Parents/Relatives,1,1,0,0
MRK-02573,active,12,0.716,0.3565,0.965,0,7,0.003,0.0,0,0,14.7,2,Employed (Private/Gov),Owned (Clean Title),9,0,0,0
MRK-02574,active,24,0.866,0.3596,0.965,0,3,0.015,0.0,0,0,12.7,3,Public School Teacher,Living with Parents/Relatives,3,0,0,0
MRK-02575,active,12,0.627,0.4719,0.818,1,2,0.027,6701.72,0,0,3.2,1,Sari-Sari / Small Retail,Living with Parents/Relatives,4,0,0,0
MRK-02576,active,12,0.195,0.772,0.689,0,0,0.032,0.0,0,0,8.9,2,OFW Remittance / Dependent,Owned (Clean Title),6,0,0,0
MRK-02577,active,36,0.42,0.0627,0.886,0,4,0.034,0.0,0,0,16.0,2,Public School Teacher,Living with Parents/Relatives,3,0,0,0
MRK-02578,active,36,0.423,0.1605,0.802,0,3,0.012,0.0,0,0,29.7,2,Tricycle / PUV Operator,Living with Parents/Relatives,3,0,0,0
MRK-02579,active,36,0.126,0.0861,0.909,0,9,0.015,0.0,0,0,8.3,0,Employed (Private/Gov),Rented (Apartment/House),11,0,0,0
MRK-02580,active,36,0.851,0.3742,0.9,0,5,0.036,0.0,0,1,2.9,2,Agri / Farmer / Fisherfolk,Owned (Clean Title),9,0,0,0
MRK-02581,active,12,0.383,0.6877,0.653,1,2,0.114,13683.76,0,0,10.7,3,Public School Teacher,Owned (Clean Title),7,1,0,0
MRK-02582,active,36,0.285,0.0918,0.858,0,4,0.032,0.0,0,0,5.3,0,OFW Remittance / Dependent,Owned (Clean Title),12,0,0,0
MRK-02583,active,36,0.306,0.05,0.984,0,8,0.018,0.0,0,0,7.0,1,BPO / Call Center Agent,Living with Parents/Relatives,4,0,0,0
MRK-02584,active,24,0.457,0.203,0.895,0,2,0.056,0.0,0,0,5.1,0,Public School Teacher,Owned (Inherited/Tax Dec),6,0,0,0
MRK-02585,active,36,0.809,0.1799,0.907,0,5,0.008,0.0,0,0,12.5,3,Employed (Private/Gov),Owned (Inherited/Tax Dec),8,0,0,0
MRK-02586,active,24,0.555,0.2912,0.899,0,2,0.009,0.0,0,0,5.6,2,Tricycle / PUV Operator,Rented (Apartment/House),4,0,0,0
MRK-02587,active,12,0.616,0.396,0.765,0,2,0.045,0.0,0,0,6.0,3,Tricycle / PUV Operator,Living with Parents/Relatives,8,0,0,0
MRK-02588,active,36,0.682,0.2944,0.744,1,3,0.03,4114.21,0,0,3.2,4,Tricycle / PUV Operator,Owned (Clean Title),10,1,0,0
MRK-02589,active,36,0.669,0.164,0.694,0,0,0.046,0.0,0,0,14.5,4,Employed (Private/Gov),Rented (Apartment/House),5,0,0,0
MRK-02590,active,24,0.78,0.7125,0.355,1,0,0.106,6337.29,1,0,6.5,2,Agri / Farmer / Fisherfolk,Living with Parents/Relatives,1,1,0,0
MRK-02591,active,24,0.886,0.429,0.359,1,1,0.088,3428.28,0,0,11.8,4,Agri / Farmer / Fisherfolk,Owned (Inherited/Tax Dec),4,1,0,0
MRK-02592,active,12,0.502,0.4785,0.663,0,2,0.033,0.0,0,0,4.1,2,Tricycle / PUV Operator,Living with Parents/Relatives,2,0,0,0
MRK-02593,active,12,0.224,0.8,0.526,1,0,0.118,10692.69,1,0,12.4,1,Sari-Sari / Small Retail,Rented (Apartment/House),4,1,0,0
MRK-02594,active,12,0.668,0.459,0.488,1,2,0.139,5630.11,0,0,10.3,2,Agri / Farmer / Fisherfolk,Owned (Inherited/Tax Dec),2,1,0,0
MRK-02595,active,12,0.762,0.5383,0.833,0,5,0.035,0.0,0,0,2.8,0,OFW Remittance / Dependent,Rented (Apartment/House),5,0,0,0
MRK-02596,active,24,0.495,0.5492,0.351,1,0,0.219,6563.66,0,0,4.4,2,Tricycle / PUV Operator,Living with Parents/Relatives,11,1,0,0
MRK-02597,active,24,0.699,0.1457,0.998,0,6,0.01,0.0,0,0,1.6,0,Employed (Private/Gov),Owned (Inherited/Tax Dec),5,0,0,0
MRK-02598,active,24,0.166,0.2923,0.957,0,7,0.016,0.0,0,0,10.0,0,Tricycle / PUV Operator,Living with Parents/Relatives,10,0,0,0
MRK-02599,active,12,0.507,0.3075,0.861,0,2,0.031,0.0,0,0,12.5,4,Sari-Sari / Small Retail,Rented (Apartment/House),2,0,0,0
MRK-02600,active,12,0.596,0.5246,0.817,1,1,0.043,13947.68,0,0,10.9,1,Employed (Private/Gov),Owned (Clean Title),1,0,0,0
MRK-02601,active,24,0.645,0.4816,0.882,0,8,0.016,0.0,0,0,8.0,3,Tricycle / PUV Operator,Owned (Inherited/Tax Dec),12,0,0,0
MRK-02602,active,36,0.335,0.0925,0.864,0,2,0.019,0.0,0,0,2.8,1,Public School Teacher,Owned (Inherited/Tax Dec),4,0,0,0
MRK-02603,active,24,0.131,0.2132,0.858,0,4,0.027,0.0,0,0,10.2,1,Employed (Private/Gov),Owned (Clean Title),12,0,0,0
MRK-02604,active,36,0.439,0.1723,0.826,0,3,0.037,0.0,0,0,8.2,2,Agri / Farmer / Fisherfolk,Owned (Inherited/Tax Dec),10,0,0,0
MRK-02605,active,24,0.55,0.524,0.679,0,3,0.087,0.0,0,0,4.3,4,Agri / Farmer / Fisherfolk,Owned (Clean Title),12,0,0,0
MRK-02606,active,12,0.285,0.7835,0.576,1,1,0.174,10838.01,1,0,3.3,1,Agri / Farmer / Fisherfolk,Owned (Inherited/Tax Dec),12,1,0,0
MRK-02607,active,24,0.469,0.399,0.863,0,4,0.016,0.0,0,0,12.3,2,OFW Remittance / Dependent,Living with Parents/Relatives,6,0,0,0
MRK-02608,active,24,0.259,0.3387,0.774,0,0,0.029,0.0,0,0,8.9,0,BPO / Call Center Agent,Owned (Clean Title),5,0,0,0
MRK-02609,active,12,0.122,0.2192,0.934,0,10,0.011,0.0,0,0,5.4,1,OFW Remittance / Dependent,Rented (Apartment/House),6,0,0,0
MRK-02610,active,12,0.667,0.7591,0.896,0,3,0.01,0.0,0,0,15.1,1,Public School Teacher,Living with Parents/Relatives,9,0,0,0
MRK-02611,active,36,0.162,0.2117,0.866,0,1,0.039,0.0,0,0,3.9,2,Agri / Farmer / Fisherfolk,Owned (Inherited/Tax Dec),7,0,0,0
MRK-02612,active,36,0.366,0.1463,0.814,1,0,0.031,2327.79,1,0,2.7,2,Tricycle / PUV Operator,Rented (Apartment/House),2,0,0,0
MRK-02613,active,36,0.602,0.1688,0.7,0,2,0.088,0.0,0,0,5.6,2,Tricycle / PUV Operator,Owned (Inherited/Tax Dec),9,0,0,0
MRK-02614,active,24,0.437,0.4114,0.398,1,0,0.1,4329.97,1,0,3.8,2,Sari-Sari / Small Retail,Living with Parents/Relatives,12,1,0,0
MRK-02615,active,12,0.432,0.5175,0.767,0,0,0.039,0.0,0,0,5.9,1,BPO / Call Center Agent,Rented (Apartment/House),3,0,0,0
MRK-02616,active,24,0.508,0.1313,0.886,0,3,0.02,0.0,0,0,10.3,1,BPO / Call Center Agent,Rented (Apartment/House),9,0,0,0
MRK-02617,active,36,0.443,0.1439,0.898,0,3,0.042,0.0,0,0,2.5,1,Tricycle / PUV Operator,Owned (Clean Title),7,0,0,0
MRK-02618,active,36,0.079,0.3198,0.621,1,1,0.157,3321.73,0,0,4.6,2,Sari-Sari / Small Retail,Owned (Clean Title),3,1,0,0
MRK-02619,active,24,0.53,0.2764,0.977,0,4,0.004,0.0,0,0,16.5,0,Sari-Sari / Small Retail,Owned (Clean Title),3,0,0,0
MRK-02620,active,12,0.416,0.3108,0.978,0,8,0.018,0.0,0,0,13.7,0,Public School Teacher,Owned (Inherited/Tax Dec),8,0,0,0
MRK-02621,active,12,0.161,0.7737,0.694,1,0,0.038,9987.87,0,0,2.2,2,Sari-Sari / Small Retail,Owned (Clean Title),5,0,0,0
MRK-02622,active,36,0.198,0.2408,0.995,0,3,0.025,0.0,0,0,2.6,3,Sari-Sari / Small Retail,Owned (Clean Title),4,0,0,0
MRK-02623,active,12,0.868,0.4455,0.704,1,3,0.039,12899.09,0,0,2.5,3,OFW Remittance / Dependent,Rented (Apartment/House),4,0,0,0
MRK-02624,active,24,0.306,0.3709,0.961,0,4,0.005,0.0,0,0,5.5,1,BPO / Call Center Agent,Owned (Clean Title),5,0,0,0
MRK-02625,active,24,0.5,0.3477,0.6,1,2,0.057,3667.09,1,0,8.8,2,Sari-Sari / Small Retail,Living with Parents/Relatives,2,1,0,0
MRK-02626,active,24,0.704,0.4682,0.401,1,1,0.228,4783.29,0,0,1.2,3,Employed (Private/Gov),Owned (Inherited/Tax Dec),7,0,0,0
MRK-02627,active,36,0.358,0.2703,0.416,1,0,0.187,2499.91,0,0,7.0,1,OFW Remittance / Dependent,Owned (Inherited/Tax Dec),7,1,0,0
MRK-02628,active,24,0.309,0.3049,0.4,1,0,0.167,3791.7,0,0,1.6,2,BPO / Call Center Agent,Owned (Inherited/Tax Dec),8,1,0,0
MRK-02629,active,24,0.415,0.1011,0.938,0,10,0.014,0.0,0,0,7.6,2,BPO / Call Center Agent,Living with Parents/Relatives,11,0,0,0
MRK-02630,active,12,0.837,0.8,0.554,1,0,0.135,12852.27,0,0,2.1,0,Tricycle / PUV Operator,Owned (Inherited/Tax Dec),1,1,0,0
MRK-02631,active,24,0.821,0.1409,0.902,0,1,0.004,0.0,0,0,4.6,2,Tricycle / PUV Operator,Owned (Clean Title),7,0,0,0
MRK-02632,active,36,0.524,0.1839,0.827,0,4,0.025,0.0,0,0,8.4,1,Employed (Private/Gov),Owned (Clean Title),2,0,0,0
MRK-02633,active,12,0.053,0.5568,0.426,1,0,0.259,8220.59,1,0,12.4,1,OFW Remittance / Dependent,Living with Parents/Relatives,11,1,0,0
MRK-02634,active,12,0.522,0.584,0.392,1,1,0.29,4807.34,0,0,1.8,2,Sari-Sari / Small Retail,Living with Parents/Relatives,10,1,0,0
MRK-02635,active,24,0.098,0.3854,0.475,1,1,0.139,5258.01,0,0,3.1,1,Public School Teacher,Living with Parents/Relatives,10,1,0,0
MRK-02636,active,24,0.679,0.4194,0.507,1,1,0.154,4924.42,0,0,7.7,0,Public School Teacher,Living with Parents/Relatives,4,1,0,0
MRK-02637,active,12,0.323,0.5814,0.498,1,1,0.254,9170.24,1,1,4.6,2,OFW Remittance / Dependent,Rented (Apartment/House),8,1,0,0
MRK-02638,active,12,0.195,0.3467,0.657,0,3,0.062,0.0,0,0,12.3,1,BPO / Call Center Agent,Owned (Clean Title),5,0,0,0
MRK-02639,active,24,0.633,0.2609,0.781,0,5,0.035,0.0,0,0,2.2,2,Sari-Sari / Small Retail,Living with Parents/Relatives,12,0,0,0
MRK-02640,active,12,0.42,0.8,0.54,1,0,0.216,13460.43,0,0,8.0,2,Employed (Private/Gov),Owned (Clean Title),8,1,0,0
MRK-02641,active,12,0.202,0.8,0.479,1,0,0.112,12319.28,0,0,8.2,4,Agri / Farmer / Fisherfolk,Living with Parents/Relatives,1,1,0,0
MRK-02642,active,36,0.708,0.0765,0.973,0,8,0.01,0.0,0,0,11.8,0,OFW Remittance / Dependent,Owned (Inherited/Tax Dec),4,0,0,0
MRK-02643,active,36,0.619,0.184,0.939,0,3,0.007,0.0,0,0,6.8,1,BPO / Call Center Agent,Rented (Apartment/House),5,0,0,0
MRK-02644,active,12,0.152,0.44,0.992,0,3,0.016,0.0,0,0,3.0,0,Public School Teacher,Owned (Clean Title),2,0,0,0
MRK-02645,active,24,0.749,0.1388,0.989,0,7,0.023,0.0,0,0,9.6,2,Sari-Sari / Small Retail,Owned (Clean Title),12,0,0,0
MRK-02646,active,36,0.064,0.6841,0.463,1,1,0.216,5998.35,1,0,5.5,1,Tricycle / PUV Operator,Living with Parents/Relatives,6,1,0,0
MRK-02647,active,24,0.543,0.0969,0.974,0,3,0.021,0.0,0,0,7.4,2,Public School Teacher,Living with Parents/Relatives,10,0,0,0
MRK-02648,active,36,0.708,0.1269,0.98,0,4,0.025,0.0,0,0,6.1,4,OFW Remittance / Dependent,Owned (Inherited/Tax Dec),10,0,0,0
MRK-02649,active,24,0.476,0.1791,0.939,0,4,0.014,0.0,0,0,13.4,1,Employed (Private/Gov),Owned (Inherited/Tax Dec),6,0,0,0
MRK-02650,active,12,0.581,0.8,0.716,1,2,0.035,12823.72,0,0,6.0,4,Tricycle / PUV Operator,Rented (Apartment/House),4,0,0,0
MRK-02651,active,36,0.522,0.1939,0.801,0,5,0.004,0.0,0,0,8.4,0,Tricycle / PUV Operator,Rented (Apartment/House),6,0,0,0
MRK-02652,active,24,0.819,0.2583,0.655,1,1,0.167,4898.12,0,0,4.3,2,OFW Remittance / Dependent,Owned (Clean Title),2,1,0,0
MRK-02653,active,24,0.212,0.3771,0.871,0,3,0.046,0.0,1,0,4.9,1,Public School Teacher,Rented (Apartment/House),7,0,0,0
MRK-02654,active,24,0.75,0.8,0.541,1,0,0.126,7908.22,0,0,9.2,2,Public School Teacher,Rented (Apartment/House),8,1,0,0
MRK-02655,active,36,0.834,0.3171,0.599,1,0,0.171,6029.44,0,0,6.4,1,Public School Teacher,Owned (Clean Title),12,1,0,0
MRK-02656,active,12,0.907,0.7518,0.79,0,4,0.059,0.0,0,0,6.8,1,Agri / Farmer / Fisherfolk,Rented (Apartment/House),4,0,0,0
MRK-02657,active,36,0.126,0.3614,0.659,1,2,0.041,4859.65,0,0,9.4,4,Agri / Farmer / Fisherfolk,Owned (Inherited/Tax Dec),6,0,0,0
MRK-02658,active,12,0.636,0.6104,0.852,0,5,0.042,0.0,0,0,25.5,0,BPO / Call Center Agent,Owned (Inherited/Tax Dec),10,1,0,0
MRK-02659,active,24,0.52,0.5169,0.493,1,0,0.165,4961.59,0,0,2.9,1,Tricycle / PUV Operator,Owned (Clean Title),8,1,0,0
MRK-02660,active,24,0.391,0.1901,0.874,0,3,0.045,0.0,0,0,8.5,2,Employed (Private/Gov),Owned (Clean Title),8,0,0,0
MRK-02661,active,36,0.669,0.2403,0.91,0,5,0.024,0.0,0,0,6.3,2,Tricycle / PUV Operator,Living with Parents/Relatives,9,0,0,0
MRK-02662,active,24,0.632,0.165,0.916,0,2,0.031,0.0,0,0,4.7,1,Agri / Farmer / Fisherfolk,Owned (Inherited/Tax Dec),7,1,0,0
MRK-02663,active,12,0.671,0.5304,0.916,0,5,0.041,0.0,0,0,7.1,0,Sari-Sari / Small Retail,Owned (Clean Title),3,0,0,0
MRK-02664,active,24,0.471,0.3881,0.573,1,0,0.276,6495.47,0,0,6.7,3,BPO / Call Center Agent,Living with Parents/Relatives,4,1,0,0
MRK-02665,active,36,0.495,0.1817,0.791,0,2,0.049,0.0,0,0,3.2,1,Tricycle / PUV Operator,Rented (Apartment/House),1,1,0,0
MRK-02666,active,12,0.708,0.7299,0.981,0,5,0.019,0.0,0,0,8.8,3,Tricycle / PUV Operator,Rented (Apartment/House),11,0,0,0
MRK-02667,active,36,0.355,0.4136,0.369,1,1,0.11,4771.47,0,0,13.3,1,Employed (Private/Gov),Living with Parents/Relatives,6,1,0,0
MRK-02668,active,24,0.705,0.2981,0.445,1,1,0.15,3524.24,0,0,6.5,3,Agri / Farmer / Fisherfolk,Living with Parents/Relatives,8,1,0,0
MRK-02669,active,12,0.792,0.66,0.539,1,1,0.28,10655.07,1,1,3.9,1,Sari-Sari / Small Retail,Owned (Clean Title),9,1,0,0
MRK-02670,active,24,0.899,0.2643,0.528,1,2,0.163,4036.16,0,0,10.0,1,Public School Teacher,Owned (Inherited/Tax Dec),6,0,0,0
MRK-02671,active,36,0.939,0.2995,0.393,1,1,0.287,3390.41,0,0,4.1,2,Tricycle / PUV Operator,Living with Parents/Relatives,5,1,0,0
MRK-02672,active,36,0.211,0.174,0.924,0,9,0.005,0.0,0,0,15.5,4,Public School Teacher,Rented (Apartment/House),2,0,0,0
MRK-02673,active,36,0.219,0.05,0.928,0,8,0.015,0.0,0,0,5.9,2,Employed (Private/Gov),Owned (Clean Title),3,0,0,0
MRK-02674,active,36,0.154,0.1625,0.93,0,9,0.011,0.0,0,0,4.2,1,Tricycle / PUV Operator,Living with Parents/Relatives,3,0,0,0
MRK-02675,active,36,0.699,0.2664,0.745,0,2,0.097,0.0,1,0,4.1,1,BPO / Call Center Agent,Rented (Apartment/House),6,0,0,0
MRK-02676,active,36,0.353,0.4144,0.501,1,0,0.156,5931.02,0,0,2.9,2,OFW Remittance / Dependent,Owned (Clean Title),2,1,0,0
MRK-02677,active,24,0.745,0.306,0.923,0,10,0.03,0.0,0,0,2.8,1,OFW Remittance / Dependent,Living with Parents/Relatives,2,0,0,0
MRK-02678,active,24,0.409,0.0904,0.97,0,10,0.005,0.0,0,0,8.6,1,Employed (Private/Gov),Owned (Clean Title),3,0,0,0
MRK-02679,active,36,0.084,0.1074,0.877,0,5,0.051,0.0,1,0,6.0,3,Employed (Private/Gov),Rented (Apartment/House),4,0,0,0
MRK-02680,active,24,0.892,0.2201,0.861,0,2,0.043,0.0,0,0,9.5,4,Public School Teacher,Rented (Apartment/House),8,0,0,0
MRK-02681,active,12,0.541,0.6414,0.795,0,4,0.024,0.0,0,0,4.8,1,Sari-Sari / Small Retail,Living with Parents/Relatives,2,0,0,0
MRK-02682,active,24,0.451,0.1183,0.949,0,3,0.014,0.0,0,0,15.5,1,Tricycle / PUV Operator,Owned (Inherited/Tax Dec),11,0,0,0
MRK-02683,active,36,0.593,0.1949,0.762,0,0,0.094,0.0,0,0,5.9,1,Public School Teacher,Rented (Apartment/House),7,0,0,0
MRK-02684,active,36,0.684,0.1759,0.83,0,4,0.029,0.0,0,0,12.8,0,OFW Remittance / Dependent,Rented (Apartment/House),11,0,0,0
MRK-02685,active,36,0.906,0.2822,0.755,0,0,0.068,0.0,0,0,8.2,0,Tricycle / PUV Operator,Owned (Clean Title),7,0,0,0
MRK-02686,active,36,0.577,0.2256,0.539,1,0,0.066,2079.59,0,0,7.8,1,Sari-Sari / Small Retail,Owned (Inherited/Tax Dec),12,1,0,0
MRK-02687,active,12,0.33,0.5464,0.859,0,2,0.057,0.0,0,0,6.6,1,Public School Teacher,Living with Parents/Relatives,11,0,0,0
MRK-02688,active,24,0.139,0.26,0.951,0,10,0.016,0.0,0,0,7.3,1,Public School Teacher,Owned (Inherited/Tax Dec),5,0,0,0
MRK-02689,active,36,0.495,0.4603,0.964,0,9,0.017,0.0,0,0,12.7,0,Agri / Farmer / Fisherfolk,Rented (Apartment/House),3,0,0,0
MRK-02690,active,24,0.504,0.1397,0.977,0,9,0.012,0.0,0,0,1.7,1,Employed (Private/Gov),Owned (Clean Title),3,0,0,0
MRK-02691,active,24,0.086,0.1134,0.839,0,4,0.039,0.0,0,0,7.0,2,Public School Teacher,Owned (Clean Title),4,0,0,0
MRK-02692,active,36,0.184,0.2233,0.723,1,2,0.045,4658.93,0,0,4.9,2,Public School Teacher,Owned (Inherited/Tax Dec),8,0,0,0
MRK-02693,active,36,0.113,0.1126,0.907,0,5,0.024,0.0,0,0,11.9,2,Tricycle / PUV Operator,Owned (Inherited/Tax Dec),4,0,0,0
MRK-02694,active,24,0.604,0.3456,0.866,0,1,0.0,0.0,0,0,2.2,2,OFW Remittance / Dependent,Owned (Clean Title),11,0,0,0
MRK-02695,active,12,0.088,0.5361,0.644,1,0,0.179,9730.98,1,0,16.0,2,Tricycle / PUV Operator,Owned (Inherited/Tax Dec),6,1,0,0
MRK-02696,active,24,0.153,0.2717,0.798,0,1,0.029,0.0,0,0,4.0,1,Agri / Farmer / Fisherfolk,Owned (Inherited/Tax Dec),6,0,0,0
MRK-02697,active,36,0.176,0.05,0.926,0,4,0.016,0.0,0,0,30.0,1,Public School Teacher,Rented (Apartment/House),9,0,0,0
MRK-02698,active,12,0.414,0.4868,0.931,0,10,0.03,0.0,0,0,8.2,3,Public School Teacher,Owned (Clean Title),10,0,0,0
MRK-02699,active,36,0.43,0.2677,0.897,0,7,0.016,0.0,0,0,12.1,3,Sari-Sari / Small Retail,Living with Parents/Relatives,2,0,0,0
MRK-02700,active,36,0.37,0.3573,0.485,1,0,0.088,3919.96,0,0,5.6,3,Agri / Farmer / Fisherfolk,Living with Parents/Relatives,6,0,0,0
MRK-02701,active,24,0.102,0.6054,0.808,0,4,0.021,0.0,0,0,5.9,2,Sari-Sari / Small Retail,Living with Parents/Relatives,8,0,0,0
MRK-02702,active,24,0.474,0.28,0.585,1,2,0.176,3845.88,0,0,7.9,0,Sari-Sari / Small Retail,Living with Parents/Relatives,11,1,0,0
MRK-02703,active,12,0.525,0.3099,0.981,0,6,0.005,0.0,0,0,11.3,2,Employed (Private/Gov),Owned (Inherited/Tax Dec),9,0,0,0
MRK-02704,active,24,0.232,0.3874,0.921,0,3,0.016,0.0,0,0,10.3,3,Sari-Sari / Small Retail,Rented (Apartment/House),11,0,0,0
MRK-02705,active,12,0.369,0.1496,0.882,0,3,0.001,0.0,0,0,5.0,2,BPO / Call Center Agent,Owned (Inherited/Tax Dec),11,1,0,0
MRK-02706,active,12,0.842,0.2985,0.975,0,10,0.016,0.0,0,0,4.0,1,Employed (Private/Gov),Owned (Clean Title),11,0,0,0
MRK-02707,active,36,0.657,0.3074,0.331,1,1,0.269,3185.05,0,0,5.0,0,Employed (Private/Gov),Rented (Apartment/House),6,1,0,0
MRK-02708,active,36,0.642,0.2851,0.561,1,0,0.177,3062.77,0,0,7.8,1,Tricycle / PUV Operator,Living with Parents/Relatives,4,1,0,0
MRK-02709,active,24,0.938,0.1644,0.909,0,4,0.007,0.0,0,0,5.5,3,OFW Remittance / Dependent,Owned (Inherited/Tax Dec),6,0,0,0
MRK-02710,active,36,0.627,0.0696,0.868,0,3,0.018,0.0,0,1,4.4,1,Employed (Private/Gov),Owned (Clean Title),2,0,0,0
MRK-02711,active,36,0.428,0.2996,0.969,0,7,0.029,0.0,0,0,8.0,1,Sari-Sari / Small Retail,Owned (Clean Title),3,1,0,0
MRK-02712,active,12,0.487,0.4534,0.971,0,10,0.012,0.0,0,0,6.6,1,BPO / Call Center Agent,Living with Parents/Relatives,12,0,0,0
MRK-02713,active,24,0.645,0.448,0.788,0,2,0.059,0.0,0,0,10.5,1,BPO / Call Center Agent,Owned (Clean Title),7,0,0,0
MRK-02714,active,12,0.121,0.3057,0.809,1,0,0.07,4750.7,0,0,16.6,1,Agri / Farmer / Fisherfolk,Living with Parents/Relatives,7,0,0,0
MRK-02715,active,24,0.203,0.3065,0.544,1,2,0.066,4333.04,0,0,9.4,3,Tricycle / PUV Operator,Owned (Clean Title),8,1,0,0
MRK-02716,active,24,0.153,0.3135,0.796,1,3,0.022,8367.77,0,0,5.1,3,Employed (Private/Gov),Rented (Apartment/House),9,0,0,0
MRK-02717,active,12,0.502,0.316,0.691,1,1,0.077,6000.27,0,0,5.3,3,Employed (Private/Gov),Owned (Clean Title),12,0,0,0
MRK-02718,active,24,0.226,0.1344,0.971,0,5,0.018,0.0,0,0,6.6,4,Employed (Private/Gov),Owned (Inherited/Tax Dec),4,0,0,0
MRK-02719,active,36,0.284,0.1786,0.841,0,4,0.053,0.0,0,0,3.5,3,Public School Teacher,Living with Parents/Relatives,1,0,0,0
MRK-02720,active,36,0.188,0.0963,0.997,0,9,0.023,0.0,0,0,9.4,1,BPO / Call Center Agent,Owned (Inherited/Tax Dec),3,0,0,0
MRK-02721,active,12,0.372,0.2784,0.908,0,4,0.012,0.0,0,0,5.3,2,OFW Remittance / Dependent,Owned (Clean Title),3,0,0,0
MRK-02722,active,36,0.24,0.05,0.918,0,6,0.0,0.0,0,0,5.1,1,Public School Teacher,Owned (Clean Title),4,0,0,0
MRK-02723,active,12,0.838,0.4984,0.488,1,0,0.081,11999.82,0,0,4.3,2,Tricycle / PUV Operator,Living with Parents/Relatives,8,1,0,0
MRK-02724,active,36,0.239,0.2773,0.682,1,1,0.036,4145.92,0,0,4.7,0,Tricycle / PUV Operator,Owned (Clean Title),5,0,0,0
MRK-02725,active,12,0.43,0.3349,0.801,0,5,0.014,0.0,0,0,1.0,2,OFW Remittance / Dependent,Owned (Inherited/Tax Dec),9,0,0,0
MRK-02726,active,24,0.359,0.4011,0.861,0,4,0.055,0.0,0,0,5.8,3,OFW Remittance / Dependent,Owned (Clean Title),8,0,0,0
MRK-02727,active,36,0.773,0.3898,0.691,0,0,0.085,0.0,1,0,9.3,3,Tricycle / PUV Operator,Living with Parents/Relatives,8,0,0,0
MRK-02728,active,24,0.107,0.355,0.589,1,0,0.103,6011.64,1,0,4.2,1,BPO / Call Center Agent,Rented (Apartment/House),10,1,0,0
MRK-02729,active,12,0.148,0.162,0.988,0,7,0.019,0.0,0,0,16.6,2,OFW Remittance / Dependent,Living with Parents/Relatives,9,0,0,0
MRK-02730,active,36,0.896,0.1966,0.692,0,1,0.088,0.0,0,1,2.6,2,Employed (Private/Gov),Owned (Clean Title),3,0,0,0
MRK-02731,active,24,0.918,0.2301,0.866,0,1,0.056,0.0,0,0,7.1,2,BPO / Call Center Agent,Owned (Clean Title),5,0,0,0
MRK-02732,active,24,0.303,0.3396,0.568,1,1,0.178,6719.69,0,0,2.8,3,OFW Remittance / Dependent,Living with Parents/Relatives,4,1,0,0
MRK-02733,active,36,0.731,0.1902,0.815,0,3,0.02,0.0,0,0,12.6,1,OFW Remittance / Dependent,Owned (Inherited/Tax Dec),4,0,0,0
MRK-02734,active,24,0.947,0.1327,0.901,0,4,0.032,0.0,0,0,5.2,0,Public School Teacher,Living with Parents/Relatives,2,0,0,0
MRK-02735,active,24,0.764,0.1887,0.98,0,9,0.014,0.0,0,0,5.5,1,Tricycle / PUV Operator,Rented (Apartment/House),1,0,0,0
MRK-02736,active,24,0.077,0.2887,0.906,0,5,0.015,0.0,0,0,2.8,3,Employed (Private/Gov),Owned (Clean Title),4,0,0,0
MRK-02737,active,12,0.494,0.5148,0.529,1,0,0.137,11212.43,0,0,12.2,2,Public School Teacher,Owned (Inherited/Tax Dec),7,1,0,0
MRK-02738,active,12,0.787,0.6052,0.665,1,2,0.042,10596.53,0,0,16.1,1,BPO / Call Center Agent,Living with Parents/Relatives,4,0,0,0
MRK-02739,active,36,0.347,0.05,0.914,0,5,0.006,0.0,0,0,3.9,1,OFW Remittance / Dependent,Owned (Clean Title),4,0,0,0
MRK-02740,active,12,0.319,0.7069,0.812,0,1,0.058,0.0,0,0,2.2,3,Sari-Sari / Small Retail,Owned (Inherited/Tax Dec),6,0,0,0
MRK-02741,active,24,0.1,0.1664,0.983,0,6,0.028,0.0,0,0,2.1,1,OFW Remittance / Dependent,Owned (Inherited/Tax Dec),2,0,0,0
MRK-02742,active,36,0.503,0.2747,0.631,1,2,0.157,3068.64,0,0,5.8,1,Sari-Sari / Small Retail,Rented (Apartment/House),12,1,0,0
MRK-02743,active,24,0.382,0.4292,0.578,1,2,0.157,6066.46,0,0,7.0,0,Tricycle / PUV Operator,Living with Parents/Relatives,10,1,0,0
MRK-02744,active,24,0.71,0.248,0.891,0,10,0.011,0.0,0,0,8.4,2,Agri / Farmer / Fisherfolk,Owned (Clean Title),10,0,0,0
MRK-02745,active,12,0.065,0.685,0.873,0,3,0.048,0.0,0,0,20.6,0,Agri / Farmer / Fisherfolk,Owned (Inherited/Tax Dec),10,0,0,0
MRK-02746,active,24,0.668,0.4341,0.71,1,1,0.063,5005.79,0,0,10.4,1,Sari-Sari / Small Retail,Owned (Inherited/Tax Dec),9,0,0,0
MRK-02747,active,36,0.309,0.0921,0.947,0,10,0.011,0.0,0,0,4.8,4,Employed (Private/Gov),Living with Parents/Relatives,6,0,0,0
MRK-02748,active,24,0.144,0.1049,0.946,0,3,0.015,0.0,0,0,1.7,1,Agri / Farmer / Fisherfolk,Rented (Apartment/House),5,0,0,0
MRK-02749,active,36,0.563,0.4334,0.832,0,2,0.021,0.0,0,0,13.2,4,Agri / Farmer / Fisherfolk,Owned (Inherited/Tax Dec),5,0,0,0
MRK-02750,active,24,0.945,0.3778,0.978,0,10,0.013,0.0,0,0,6.6,1,Sari-Sari / Small Retail,Owned (Clean Title),4,0,0,0
MRK-02751,active,36,0.905,0.1895,0.806,0,2,0.012,0.0,0,0,5.8,2,Sari-Sari / Small Retail,Rented (Apartment/House),3,1,0,0
MRK-02752,active,12,0.747,0.5304,0.603,1,0,0.081,5122.07,0,0,3.8,1,Agri / Farmer / Fisherfolk,Owned (Inherited/Tax Dec),5,1,0,0
MRK-02753,active,36,0.688,0.1503,0.944,0,6,0.009,0.0,0,0,5.3,2,Sari-Sari / Small Retail,Living with Parents/Relatives,4,0,0,0
MRK-02754,active,12,0.337,0.3888,0.854,0,1,0.041,0.0,0,0,1.9,1,Employed (Private/Gov),Owned (Clean Title),10,0,0,0
MRK-02755,active,24,0.763,0.1638,0.896,0,9,0.019,0.0,0,0,3.9,2,BPO / Call Center Agent,Owned (Clean Title),6,0,0,0
MRK-02756,active,12,0.454,0.4116,0.712,0,0,0.055,0.0,0,0,1.5,3,Sari-Sari / Small Retail,Rented (Apartment/House),11,0,0,0
MRK-02757,active,36,0.649,0.4754,0.706,0,2,0.027,0.0,0,0,14.1,1,Sari-Sari / Small Retail,Living with Parents/Relatives,7,0,0,0
MRK-02758,active,24,0.278,0.1886,0.953,0,6,0.025,0.0,0,0,5.6,2,BPO / Call Center Agent,Rented (Apartment/House),11,1,0,0
MRK-02759,active,24,0.603,0.4291,0.543,1,2,0.093,7099.47,0,0,4.7,0,Agri / Farmer / Fisherfolk,Living with Parents/Relatives,2,1,0,0
MRK-02760,active,12,0.922,0.2029,0.858,0,1,0.024,0.0,0,0,10.3,2,BPO / Call Center Agent,Living with Parents/Relatives,5,0,0,0
MRK-02761,active,24,0.781,0.3663,0.832,0,4,0.0,0.0,0,0,9.5,2,Sari-Sari / Small Retail,Owned (Clean Title),7,0,0,0
MRK-02762,active,36,0.834,0.1396,0.789,0,3,0.004,0.0,0,0,8.9,1,Sari-Sari / Small Retail,Rented (Apartment/House),10,0,0,0
MRK-02763,active,24,0.565,0.484,0.776,1,0,0.065,5165.17,0,0,1.6,2,Tricycle / PUV Operator,Owned (Inherited/Tax Dec),11,0,0,0
MRK-02764,active,36,0.067,0.0669,0.898,0,1,0.0,0.0,0,0,6.4,1,BPO / Call Center Agent,Living with Parents/Relatives,8,1,0,0
MRK-02765,active,12,0.866,0.6964,0.875,0,4,0.004,0.0,0,0,2.8,1,Agri / Farmer / Fisherfolk,Living with Parents/Relatives,10,1,0,0
MRK-02766,active,36,0.216,0.05,0.785,0,1,0.013,0.0,0,0,7.3,1,OFW Remittance / Dependent,Rented (Apartment/House),3,0,0,0
MRK-02767,active,36,0.922,0.2318,0.817,1,3,0.027,3533.25,0,0,4.8,3,OFW Remittance / Dependent,Rented (Apartment/House),9,0,0,0
MRK-02768,active,12,0.774,0.4264,0.815,0,4,0.006,0.0,0,0,2.2,1,BPO / Call Center Agent,Owned (Inherited/Tax Dec),9,0,0,0
MRK-02769,active,24,0.439,0.3313,0.868,0,5,0.035,0.0,0,0,14.4,1,BPO / Call Center Agent,Owned (Clean Title),1,0,0,0
MRK-02770,active,24,0.19,0.2085,0.802,0,5,0.044,0.0,0,0,2.3,4,Public School Teacher,Living with Parents/Relatives,6,0,0,0
MRK-02771,active,36,0.771,0.05,0.888,0,4,0.025,0.0,0,0,6.5,1,Public School Teacher,Owned (Clean Title),12,0,0,0
MRK-02772,active,36,0.256,0.2278,0.895,0,9,0.01,0.0,0,0,11.0,1,Tricycle / PUV Operator,Rented (Apartment/House),7,0,0,0
MRK-02773,active,36,0.645,0.241,0.613,1,2,0.058,3414.54,0,0,13.0,1,BPO / Call Center Agent,Rented (Apartment/House),10,1,0,0
MRK-02774,active,12,0.849,0.1306,0.943,0,4,0.01,0.0,0,0,2.6,1,Employed (Private/Gov),Owned (Clean Title),7,0,0,0
MRK-02775,active,12,0.621,0.5005,0.727,0,1,0.07,0.0,0,1,6.3,1,OFW Remittance / Dependent,Rented (Apartment/House),6,0,0,0
MRK-02776,active,12,0.202,0.1159,0.885,0,10,0.009,0.0,0,0,7.2,2,BPO / Call Center Agent,Owned (Clean Title),1,0,0,0
MRK-02777,active,36,0.711,0.1916,0.899,0,5,0.046,0.0,0,0,2.6,1,BPO / Call Center Agent,Owned (Inherited/Tax Dec),6,0,0,0
MRK-02778,active,36,0.831,0.1075,0.918,0,3,0.047,0.0,0,0,10.4,2,Public School Teacher,Owned (Inherited/Tax Dec),4,0,0,0
MRK-02779,active,24,0.778,0.2491,0.637,1,2,0.152,2645.64,0,0,9.1,2,Tricycle / PUV Operator,Rented (Apartment/House),4,1,0,0
MRK-02780,active,36,0.188,0.2405,0.512,1,2,0.076,2667.02,1,0,11.9,1,Agri / Farmer / Fisherfolk,Living with Parents/Relatives,4,1,0,0
MRK-02781,active,24,0.538,0.2617,0.692,0,0,0.023,0.0,0,0,9.9,1,BPO / Call Center Agent,Owned (Inherited/Tax Dec),7,0,0,0
MRK-02782,active,36,0.08,0.2534,0.901,0,8,0.009,0.0,0,0,3.1,2,Tricycle / PUV Operator,Rented (Apartment/House),6,0,0,0
MRK-02783,active,24,0.868,0.2907,0.68,1,2,0.102,5163.49,0,0,11.9,3,Public School Teacher,Owned (Inherited/Tax Dec),4,1,0,0
MRK-02784,active,24,0.593,0.2856,0.658,0,0,0.048,0.0,0,0,3.3,1,BPO / Call Center Agent,Owned (Inherited/Tax Dec),12,0,0,0
MRK-02785,active,12,0.57,0.2461,0.862,0,2,0.0,0.0,0,0,7.9,2,Agri / Farmer / Fisherfolk,Living with Parents/Relatives,2,0,0,0
MRK-02786,active,12,0.551,0.8,0.98,0,10,0.011,0.0,0,0,10.8,0,Agri / Farmer / Fisherfolk,Rented (Apartment/House),9,0,0,0
MRK-02787,active,12,0.419,0.5825,0.767,1,1,0.086,11547.42,0,0,15.7,3,Employed (Private/Gov),Living with Parents/Relatives,9,0,0,0
MRK-02788,active,12,0.419,0.2274,0.921,0,9,0.007,0.0,0,0,3.7,2,Employed (Private/Gov),Living with Parents/Relatives,8,0,0,0
MRK-02789,active,36,0.898,0.0664,0.797,0,2,0.052,0.0,0,0,3.0,2,Sari-Sari / Small Retail,Owned (Inherited/Tax Dec),6,0,0,0
MRK-02790,active,12,0.61,0.3831,0.872,0,5,0.042,0.0,0,0,11.1,3,Tricycle / PUV Operator,Living with Parents/Relatives,8,0,0,0
MRK-02791,active,24,0.134,0.3664,0.729,0,3,0.052,0.0,0,0,10.6,0,Employed (Private/Gov),Living with Parents/Relatives,9,0,0,0
MRK-02792,active,24,0.481,0.3816,0.915,0,4,0.031,0.0,0,0,8.2,0,Sari-Sari / Small Retail,Living with Parents/Relatives,12,0,0,0
MRK-02793,active,24,0.617,0.3088,0.662,1,1,0.124,6396.96,0,0,8.9,2,Employed (Private/Gov),Owned (Inherited/Tax Dec),2,1,0,0
MRK-02794,active,24,0.702,0.3223,0.475,1,1,0.297,3721.44,0,0,2.0,4,OFW Remittance / Dependent,Owned (Inherited/Tax Dec),5,1,0,0
MRK-02795,active,36,0.519,0.3591,0.878,0,4,0.041,0.0,0,0,5.2,4,Agri / Farmer / Fisherfolk,Rented (Apartment/House),11,0,0,0
MRK-02796,active,36,0.325,0.0565,0.895,0,5,0.014,0.0,0,0,9.5,2,BPO / Call Center Agent,Rented (Apartment/House),4,0,0,0
MRK-02797,active,24,0.501,0.3371,0.78,1,2,0.096,6514.66,0,0,7.5,1,Tricycle / PUV Operator,Rented (Apartment/House),2,0,0,0
MRK-02798,active,12,0.553,0.6356,0.463,1,0,0.116,5421.37,1,0,14.4,1,Tricycle / PUV Operator,Living with Parents/Relatives,11,1,0,0
MRK-02799,active,36,0.849,0.1671,0.837,0,1,0.015,0.0,0,0,13.8,3,Public School Teacher,Rented (Apartment/House),6,1,0,0
MRK-02800,active,12,0.053,0.17,0.817,0,5,0.001,0.0,0,0,7.3,3,BPO / Call Center Agent,Living with Parents/Relatives,9,0,0,0
MRK-02801,active,24,0.677,0.3709,0.861,0,5,0.016,0.0,0,0,8.1,0,Agri / Farmer / Fisherfolk,Owned (Clean Title),12,0,0,0
MRK-02802,active,24,0.458,0.8,0.453,1,1,0.133,7797.2,1,0,3.4,2,Sari-Sari / Small Retail,Living with Parents/Relatives,9,1,0,0
MRK-02803,active,24,0.114,0.4206,0.482,1,2,0.137,7060.04,0,0,11.8,1,Employed (Private/Gov),Living with Parents/Relatives,12,1,0,0
MRK-02804,active,36,0.431,0.2722,0.795,0,3,0.05,0.0,0,0,15.2,1,Agri / Farmer / Fisherfolk,Owned (Inherited/Tax Dec),11,0,0,0
MRK-02805,active,36,0.055,0.2561,0.825,0,5,0.043,0.0,0,0,3.1,1,Sari-Sari / Small Retail,Rented (Apartment/House),2,0,0,0
MRK-02806,active,12,0.692,0.7599,0.646,1,2,0.119,10242.0,0,0,17.8,3,Tricycle / PUV Operator,Owned (Clean Title),4,1,0,0
MRK-02807,active,12,0.191,0.3347,0.689,1,1,0.038,5760.02,0,0,8.7,1,Agri / Farmer / Fisherfolk,Rented (Apartment/House),6,0,0,0
MRK-02808,active,36,0.102,0.05,0.965,0,3,0.023,0.0,0,0,3.5,1,Employed (Private/Gov),Owned (Inherited/Tax Dec),7,0,0,0
MRK-02809,active,12,0.489,0.4505,0.812,1,1,0.092,7207.8,0,0,3.6,1,OFW Remittance / Dependent,Owned (Clean Title),11,1,0,0
MRK-02810,active,24,0.884,0.1045,0.913,0,10,0.014,0.0,0,0,6.1,0,Employed (Private/Gov),Rented (Apartment/House),1,0,0,0
MRK-02811,active,36,0.536,0.1108,0.903,0,10,0.009,0.0,0,0,7.6,1,Public School Teacher,Owned (Inherited/Tax Dec),1,0,0,0
MRK-02812,active,36,0.588,0.1002,0.832,0,4,0.045,0.0,0,0,7.7,2,Sari-Sari / Small Retail,Living with Parents/Relatives,4,0,0,0
MRK-02813,active,36,0.722,0.5641,0.68,1,3,0.058,6118.35,0,0,5.3,3,Agri / Farmer / Fisherfolk,Owned (Inherited/Tax Dec),6,0,0,0
MRK-02814,active,36,0.396,0.3204,0.45,1,2,0.169,6417.33,0,0,2.5,1,Public School Teacher,Rented (Apartment/House),8,1,0,0
MRK-02815,active,36,0.253,0.0887,0.899,0,3,0.005,0.0,0,0,8.2,1,Agri / Farmer / Fisherfolk,Owned (Clean Title),10,0,0,0
MRK-02816,active,12,0.608,0.629,0.985,0,4,0.01,0.0,0,0,14.2,3,BPO / Call Center Agent,Rented (Apartment/House),7,0,0,0
MRK-02817,active,12,0.858,0.8,0.584,1,1,0.158,12246.53,0,0,7.8,3,Tricycle / PUV Operator,Living with Parents/Relatives,5,1,0,0
MRK-02818,active,12,0.146,0.4457,0.908,0,3,0.0,0.0,0,0,14.3,3,OFW Remittance / Dependent,Living with Parents/Relatives,3,0,0,0
MRK-02819,active,24,0.718,0.2209,0.789,0,3,0.04,0.0,0,0,4.5,1,BPO / Call Center Agent,Owned (Clean Title),7,0,0,0
MRK-02820,active,24,0.568,0.2367,0.899,0,2,0.006,0.0,0,0,7.3,0,BPO / Call Center Agent,Rented (Apartment/House),11,0,0,0
MRK-02821,active,36,0.379,0.1531,0.848,0,4,0.002,0.0,0,0,5.4,3,Public School Teacher,Rented (Apartment/House),7,0,0,0
MRK-02822,active,36,0.609,0.2811,0.897,0,4,0.007,0.0,0,0,9.7,1,Agri / Farmer / Fisherfolk,Owned (Clean Title),12,0,0,0
MRK-02823,active,36,0.588,0.3648,0.35,1,1,0.238,2199.67,1,1,22.3,2,Agri / Farmer / Fisherfolk,Living with Parents/Relatives,5,1,0,0
MRK-02824,active,36,0.874,0.4733,0.512,1,2,0.158,4905.92,0,0,8.9,0,Sari-Sari / Small Retail,Owned (Clean Title),1,1,0,0
MRK-02825,active,36,0.122,0.106,0.915,0,5,0.026,0.0,0,0,5.4,1,Public School Teacher,Rented (Apartment/House),6,0,0,0
MRK-02826,active,12,0.572,0.4002,0.893,0,1,0.038,0.0,0,0,4.6,4,Public School Teacher,Owned (Clean Title),3,0,0,0
MRK-02827,active,36,0.163,0.103,0.954,0,3,0.015,0.0,0,0,8.3,2,OFW Remittance / Dependent,Living with Parents/Relatives,12,0,0,0
MRK-02828,active,24,0.85,0.2357,0.721,1,3,0.045,4310.4,0,0,3.5,3,Employed (Private/Gov),Owned (Inherited/Tax Dec),6,0,0,0
MRK-02829,active,24,0.557,0.4953,0.522,1,1,0.198,3752.38,0,0,5.3,0,Sari-Sari / Small Retail,Owned (Clean Title),3,1,0,0
MRK-02830,active,12,0.322,0.4554,0.911,0,1,0.044,0.0,0,0,8.1,2,Public School Teacher,Rented (Apartment/House),3,0,0,0
MRK-02831,active,24,0.059,0.2563,0.785,0,5,0.017,0.0,0,0,13.4,1,Sari-Sari / Small Retail,Rented (Apartment/House),10,0,0,0
MRK-02832,active,36,0.628,0.05,0.912,0,5,0.019,0.0,0,0,7.7,1,OFW Remittance / Dependent,Living with Parents/Relatives,1,0,0,0
MRK-02833,active,36,0.786,0.1075,0.856,0,3,0.041,0.0,1,0,8.5,0,Sari-Sari / Small Retail,Living with Parents/Relatives,1,0,0,0
MRK-02834,active,12,0.802,0.7936,0.69,0,2,0.09,0.0,0,0,10.2,2,BPO / Call Center Agent,Owned (Inherited/Tax Dec),11,0,0,0
MRK-02835,active,12,0.184,0.5965,0.673,1,1,0.072,11787.38,1,0,3.7,0,Tricycle / PUV Operator,Rented (Apartment/House),10,0,0,0
MRK-02836,active,24,0.669,0.3152,0.514,1,0,0.172,2898.35,1,0,19.0,3,Agri / Farmer / Fisherfolk,Owned (Clean Title),10,1,0,0
MRK-02837,active,36,0.238,0.3615,0.59,1,0,0.108,5905.09,0,0,7.7,3,Employed (Private/Gov),Owned (Clean Title),6,1,0,0
MRK-02838,active,36,0.347,0.2358,0.742,1,3,0.027,4446.07,0,0,17.5,3,OFW Remittance / Dependent,Rented (Apartment/House),2,0,0,0
MRK-02839,active,24,0.62,0.3594,0.817,0,2,0.085,0.0,0,0,8.1,0,Public School Teacher,Living with Parents/Relatives,8,0,0,0
MRK-02840,active,12,0.24,0.4548,0.833,0,4,0.026,0.0,0,0,13.8,1,Agri / Farmer / Fisherfolk,Living with Parents/Relatives,4,0,0,0
MRK-02841,active,36,0.46,0.3638,0.881,0,1,0.009,0.0,0,0,8.0,4,Public School Teacher,Rented (Apartment/House),8,0,0,0
MRK-02842,active,24,0.642,0.3512,0.865,0,5,0.045,0.0,0,0,4.9,0,Sari-Sari / Small Retail,Rented (Apartment/House),6,0,0,0
MRK-02843,active,36,0.601,0.2955,0.989,0,7,0.03,0.0,0,0,6.9,2,Sari-Sari / Small Retail,Living with Parents/Relatives,1,0,0,0
MRK-02844,active,36,0.93,0.4629,0.661,1,2,0.066,6334.56,0,0,7.5,4,Sari-Sari / Small Retail,Living with Parents/Relatives,3,1,0,0
MRK-02845,active,36,0.618,0.194,0.623,1,2,0.14,2352.44,0,0,2.4,0,Employed (Private/Gov),Owned (Inherited/Tax Dec),10,1,0,0
MRK-02846,active,24,0.135,0.05,0.949,0,6,0.011,0.0,0,0,3.5,0,BPO / Call Center Agent,Living with Parents/Relatives,4,0,0,0
MRK-02847,active,12,0.649,0.4736,0.789,0,1,0.039,0.0,0,0,7.6,1,BPO / Call Center Agent,Owned (Clean Title),3,0,0,0
MRK-02848,active,12,0.922,0.0998,0.983,0,5,0.015,0.0,0,0,5.8,3,Employed (Private/Gov),Living with Parents/Relatives,3,0,0,0
MRK-02849,active,24,0.758,0.05,0.963,0,6,0.021,0.0,0,0,4.1,2,BPO / Call Center Agent,Living with Parents/Relatives,3,0,0,0
MRK-02850,active,24,0.69,0.2147,0.797,0,2,0.095,0.0,0,0,3.0,2,Sari-Sari / Small Retail,Rented (Apartment/House),2,0,0,0
MRK-02851,active,36,0.066,0.1498,0.884,0,3,0.007,0.0,0,0,6.8,1,BPO / Call Center Agent,Living with Parents/Relatives,10,0,0,0
MRK-02852,active,24,0.494,0.2918,0.737,1,3,0.08,7435.81,0,0,14.9,3,Public School Teacher,Rented (Apartment/House),7,0,0,0
MRK-02853,active,24,0.903,0.5035,0.636,1,1,0.09,6781.85,0,0,6.6,4,Employed (Private/Gov),Owned (Inherited/Tax Dec),1,1,0,0
MRK-02854,active,36,0.735,0.1803,0.888,0,7,0.015,0.0,0,0,1.7,3,Employed (Private/Gov),Living with Parents/Relatives,3,0,0,0
MRK-02855,active,12,0.366,0.3199,0.966,0,7,0.003,0.0,0,0,3.2,3,OFW Remittance / Dependent,Owned (Clean Title),1,0,0,0
MRK-02856,active,24,0.175,0.4632,0.897,0,3,0.016,0.0,0,0,4.2,3,Sari-Sari / Small Retail,Owned (Clean Title),11,1,0,0
MRK-02857,active,12,0.506,0.8,0.903,0,3,0.006,0.0,0,0,5.2,2,Tricycle / PUV Operator,Owned (Inherited/Tax Dec),11,0,0,0
MRK-02858,active,36,0.876,0.1242,0.907,0,9,0.029,0.0,0,0,13.8,1,Employed (Private/Gov),Rented (Apartment/House),2,0,0,0
MRK-02859,active,12,0.573,0.5859,0.864,0,2,0.013,0.0,0,0,10.5,3,Tricycle / PUV Operator,Owned (Clean Title),5,0,0,0
MRK-02860,active,12,0.761,0.8,0.315,1,0,0.204,12866.43,1,0,17.9,1,Agri / Farmer / Fisherfolk,Rented (Apartment/House),5,1,0,0
MRK-02861,active,12,0.481,0.6163,0.91,0,7,0.026,0.0,0,0,9.8,2,Public School Teacher,Rented (Apartment/House),2,0,0,0
MRK-02862,active,12,0.211,0.7842,0.474,1,1,0.28,7189.72,1,1,3.6,0,Public School Teacher,Owned (Inherited/Tax Dec),2,1,0,0
MRK-02863,active,24,0.492,0.3652,0.466,1,2,0.169,6248.6,0,0,3.1,1,Tricycle / PUV Operator,Rented (Apartment/House),4,1,0,0
MRK-02864,active,24,0.077,0.5267,0.542,1,0,0.264,5479.58,1,0,9.6,1,Sari-Sari / Small Retail,Owned (Inherited/Tax Dec),10,1,0,0
MRK-02865,active,24,0.358,0.3162,0.928,0,9,0.018,0.0,0,0,9.7,2,Agri / Farmer / Fisherfolk,Owned (Inherited/Tax Dec),12,0,0,0
MRK-02866,active,12,0.84,0.584,0.839,0,5,0.029,0.0,0,0,6.3,1,Sari-Sari / Small Retail,Owned (Clean Title),12,0,0,0
MRK-02867,active,24,0.38,0.4013,0.881,0,5,0.021,0.0,0,0,7.2,1,Tricycle / PUV Operator,Owned (Clean Title),4,0,0,0
MRK-02868,active,24,0.12,0.1947,0.893,0,4,0.016,0.0,0,0,11.1,1,OFW Remittance / Dependent,Owned (Clean Title),5,0,0,0
MRK-02869,active,36,0.257,0.2826,0.994,0,9,0.004,0.0,0,0,3.1,1,BPO / Call Center Agent,Owned (Clean Title),12,0,0,0
MRK-02870,active,24,0.253,0.1194,0.899,0,4,0.032,0.0,0,0,2.2,2,OFW Remittance / Dependent,Rented (Apartment/House),9,0,0,0
MRK-02871,active,36,0.127,0.3224,0.843,0,2,0.045,0.0,0,0,4.9,0,Tricycle / PUV Operator,Owned (Clean Title),9,0,0,0
MRK-02872,active,12,0.746,0.4175,0.964,0,6,0.001,0.0,0,0,7.1,2,Employed (Private/Gov),Owned (Clean Title),2,0,0,0
MRK-02873,active,24,0.816,0.3799,0.789,0,4,0.045,0.0,1,0,7.5,3,OFW Remittance / Dependent,Living with Parents/Relatives,1,0,0,0
MRK-02874,active,24,0.918,0.4897,0.499,1,2,0.174,4637.96,0,1,15.8,0,Sari-Sari / Small Retail,Rented (Apartment/House),3,1,0,0
MRK-02875,active,12,0.76,0.3576,0.911,0,3,0.049,0.0,0,0,4.9,2,BPO / Call Center Agent,Owned (Clean Title),7,0,0,0
MRK-02876,active,24,0.565,0.3552,0.412,1,1,0.085,5418.59,1,0,8.4,2,OFW Remittance / Dependent,Living with Parents/Relatives,2,1,0,0
MRK-02877,active,24,0.938,0.6542,0.543,1,1,0.226,6059.46,1,0,8.6,2,OFW Remittance / Dependent,Owned (Inherited/Tax Dec),4,1,0,0
MRK-02878,active,12,0.335,0.4047,0.977,0,7,0.022,0.0,0,0,8.8,1,Employed (Private/Gov),Owned (Clean Title),6,0,0,0
MRK-02879,active,12,0.381,0.5302,0.796,0,4,0.023,0.0,0,0,6.2,0,Employed (Private/Gov),Owned (Clean Title),6,0,0,0
MRK-02880,active,24,0.707,0.1809,0.883,0,10,0.025,0.0,0,0,2.5,0,Public School Teacher,Rented (Apartment/House),3,0,0,0
MRK-02881,active,24,0.28,0.5083,0.766,0,1,0.035,0.0,0,0,4.7,2,BPO / Call Center Agent,Owned (Inherited/Tax Dec),10,0,0,0
MRK-02882,active,36,0.14,0.1977,0.962,0,8,0.023,0.0,0,0,4.8,2,Sari-Sari / Small Retail,Owned (Inherited/Tax Dec),11,0,0,0
MRK-02883,active,24,0.615,0.4532,0.657,0,3,0.021,0.0,0,0,8.5,1,Sari-Sari / Small Retail,Living with Parents/Relatives,9,0,0,0
MRK-02884,active,36,0.236,0.2038,0.687,1,3,0.028,3885.14,0,0,8.7,4,Public School Teacher,Owned (Inherited/Tax Dec),5,0,0,0
MRK-02885,active,24,0.216,0.1035,0.896,0,8,0.011,0.0,0,0,5.6,2,Employed (Private/Gov),Owned (Clean Title),11,0,0,0
MRK-02886,active,24,0.226,0.1553,0.892,0,3,0.007,0.0,0,0,5.0,0,Employed (Private/Gov),Owned (Inherited/Tax Dec),10,0,0,0
MRK-02887,active,24,0.492,0.6326,0.618,1,2,0.178,6338.31,0,0,6.9,0,Sari-Sari / Small Retail,Owned (Inherited/Tax Dec),9,1,0,0
MRK-02888,active,12,0.931,0.2016,0.792,0,4,0.002,0.0,0,0,5.7,2,Public School Teacher,Rented (Apartment/House),2,0,0,0
MRK-02889,active,36,0.055,0.1655,0.793,0,4,0.041,0.0,0,0,7.0,0,Public School Teacher,Owned (Inherited/Tax Dec),8,0,0,0
MRK-02890,active,24,0.28,0.1575,0.944,0,8,0.002,0.0,0,0,7.4,2,OFW Remittance / Dependent,Living with Parents/Relatives,6,0,0,0
MRK-02891,active,36,0.847,0.184,0.914,0,2,0.004,0.0,0,0,23.8,2,Sari-Sari / Small Retail,Owned (Inherited/Tax Dec),8,0,0,0
MRK-02892,active,24,0.516,0.2596,0.862,0,3,0.038,0.0,0,0,10.8,3,Sari-Sari / Small Retail,Living with Parents/Relatives,3,0,0,0
MRK-02893,active,12,0.785,0.5661,0.972,0,4,0.014,0.0,0,0,8.5,2,Tricycle / PUV Operator,Rented (Apartment/House),2,0,0,0
MRK-02894,active,36,0.51,0.111,0.835,0,1,0.05,0.0,0,0,4.6,2,OFW Remittance / Dependent,Rented (Apartment/House),11,1,0,0
MRK-02895,active,12,0.164,0.6798,0.331,1,0,0.231,5947.4,1,0,4.3,1,Agri / Farmer / Fisherfolk,Rented (Apartment/House),3,1,0,0
MRK-02896,active,24,0.747,0.3531,0.431,1,0,0.121,3735.0,1,0,8.5,1,Tricycle / PUV Operator,Rented (Apartment/House),2,1,0,0
MRK-02897,active,36,0.122,0.1738,0.957,0,5,0.001,0.0,0,0,8.7,0,OFW Remittance / Dependent,Owned (Clean Title),6,0,0,0
MRK-02898,active,24,0.829,0.7904,0.629,1,2,0.072,8216.0,0,0,17.2,2,Sari-Sari / Small Retail,Owned (Clean Title),5,1,0,0
MRK-02899,active,36,0.731,0.3926,0.913,0,10,0.001,0.0,0,0,1.6,2,Agri / Farmer / Fisherfolk,Rented (Apartment/House),1,0,0,0
MRK-02900,active,36,0.872,0.2715,0.529,1,1,0.113,2040.98,0,0,4.6,0,Agri / Farmer / Fisherfolk,Living with Parents/Relatives,7,1,0,0
MRK-02901,active,36,0.279,0.2224,0.937,0,5,0.025,0.0,0,0,5.0,0,Sari-Sari / Small Retail,Living with Parents/Relatives,2,0,0,0
MRK-02902,active,24,0.58,0.2967,0.649,1,1,0.179,4486.76,0,0,5.7,2,OFW Remittance / Dependent,Owned (Clean Title),5,1,0,0
MRK-02903,active,12,0.422,0.8,0.997,0,10,0.0,0.0,0,0,3.8,3,Agri / Farmer / Fisherfolk,Rented (Apartment/House),4,0,0,0
MRK-02904,active,36,0.395,0.2717,0.92,0,1,0.037,0.0,0,0,15.6,1,Tricycle / PUV Operator,Living with Parents/Relatives,9,0,0,0
MRK-02905,active,36,0.12,0.2013,0.879,0,1,0.059,0.0,0,0,4.2,1,Tricycle / PUV Operator,Owned (Clean Title),12,0,0,0
MRK-02906,active,24,0.261,0.7905,0.501,1,1,0.168,8217.23,0,0,9.9,1,Tricycle / PUV Operator,Living with Parents/Relatives,11,1,0,0
MRK-02907,active,24,0.682,0.1607,0.828,0,3,0.043,0.0,1,0,11.9,2,Agri / Farmer / Fisherfolk,Owned (Clean Title),10,0,0,0
MRK-02908,active,24,0.714,0.2497,0.799,0,2,0.034,0.0,0,0,4.8,1,Agri / Farmer / Fisherfolk,Owned (Inherited/Tax Dec),11,0,0,0
MRK-02909,active,36,0.609,0.1949,0.746,1,1,0.025,3631.62,0,0,7.5,2,OFW Remittance / Dependent,Living with Parents/Relatives,7,0,0,0
MRK-02910,active,36,0.661,0.1391,0.988,0,10,0.001,0.0,0,0,7.0,1,Employed (Private/Gov),Owned (Clean Title),11,0,0,0
MRK-02911,active,12,0.422,0.2083,0.804,0,2,0.032,0.0,0,0,2.4,0,OFW Remittance / Dependent,Living with Parents/Relatives,6,0,0,0
MRK-02912,active,24,0.255,0.3352,0.838,0,5,0.028,0.0,0,0,6.0,1,BPO / Call Center Agent,Owned (Inherited/Tax Dec),9,0,0,0
MRK-02913,active,36,0.583,0.4374,0.512,1,0,0.218,5997.22,0,0,7.7,1,Employed (Private/Gov),Owned (Clean Title),10,1,0,0
MRK-02914,active,12,0.813,0.3136,0.787,0,3,0.006,0.0,0,0,9.3,4,Employed (Private/Gov),Living with Parents/Relatives,2,0,0,0
MRK-02915,active,36,0.596,0.2762,0.478,1,2,0.081,5279.77,0,0,2.9,2,BPO / Call Center Agent,Rented (Apartment/House),8,1,0,0
MRK-02916,active,12,0.47,0.5287,0.816,0,5,0.021,0.0,0,0,6.5,4,Public School Teacher,Living with Parents/Relatives,2,0,0,0
MRK-02917,active,36,0.713,0.1704,0.925,0,3,0.017,0.0,0,0,8.9,1,Agri / Farmer / Fisherfolk,Rented (Apartment/House),11,0,0,0
MRK-02918,active,36,0.077,0.2626,0.631,1,1,0.148,3122.16,0,1,8.9,1,BPO / Call Center Agent,Owned (Clean Title),6,1,0,0
MRK-02919,active,12,0.412,0.5438,0.65,0,0,0.085,0.0,0,0,3.3,0,Sari-Sari / Small Retail,Living with Parents/Relatives,1,0,0,0
MRK-02920,active,24,0.656,0.422,0.711,0,0,0.098,0.0,0,0,1.2,1,Employed (Private/Gov),Owned (Clean Title),3,0,0,0
MRK-02921,active,24,0.538,0.0739,0.942,0,6,0.011,0.0,0,0,12.3,2,Employed (Private/Gov),Rented (Apartment/House),3,0,0,0
MRK-02922,active,12,0.553,0.5207,0.869,0,2,0.047,0.0,0,0,8.6,3,Sari-Sari / Small Retail,Owned (Inherited/Tax Dec),7,0,0,0
MRK-02923,active,24,0.708,0.2582,0.601,1,1,0.095,4236.55,0,0,4.0,0,Employed (Private/Gov),Rented (Apartment/House),2,1,0,0
MRK-02924,active,24,0.187,0.5353,0.523,1,0,0.15,6328.99,0,0,9.7,3,Tricycle / PUV Operator,Owned (Clean Title),6,1,0,0
MRK-02925,active,36,0.465,0.0506,0.942,0,5,0.017,0.0,0,0,1.8,4,BPO / Call Center Agent,Living with Parents/Relatives,5,0,0,0
MRK-02926,active,12,0.863,0.5331,0.754,0,3,0.083,0.0,0,0,3.7,1,Sari-Sari / Small Retail,Owned (Clean Title),6,0,0,0
MRK-02927,active,36,0.075,0.2237,0.883,0,4,0.004,0.0,0,0,3.8,2,Tricycle / PUV Operator,Rented (Apartment/House),6,0,0,0
MRK-02928,active,24,0.169,0.4334,0.568,1,0,0.08,6167.57,0,0,8.6,2,Tricycle / PUV Operator,Owned (Clean Title),3,1,0,0
MRK-02929,active,24,0.83,0.2126,0.789,1,0,0.022,4282.63,0,0,6.0,2,Tricycle / PUV Operator,Owned (Clean Title),11,0,0,0
MRK-02930,active,24,0.478,0.0831,0.88,0,5,0.009,0.0,0,0,2.8,2,Sari-Sari / Small Retail,Rented (Apartment/House),6,0,0,0
MRK-02931,active,24,0.665,0.0699,0.849,0,1,0.04,0.0,0,0,2.0,1,Agri / Farmer / Fisherfolk,Owned (Clean Title),2,0,0,0
MRK-02932,active,24,0.355,0.1402,0.868,0,1,0.057,0.0,0,0,6.0,4,Public School Teacher,Rented (Apartment/House),12,0,0,0
MRK-02933,active,36,0.683,0.2833,0.356,1,1,0.097,3248.39,1,1,11.1,1,BPO / Call Center Agent,Owned (Inherited/Tax Dec),3,1,0,0
MRK-02934,active,36,0.948,0.3061,0.781,1,2,0.084,3047.91,0,0,3.1,4,Sari-Sari / Small Retail,Owned (Inherited/Tax Dec),9,0,0,0
MRK-02935,active,36,0.618,0.3398,0.45,1,1,0.151,3053.44,0,0,12.2,1,Public School Teacher,Owned (Inherited/Tax Dec),10,1,0,0
MRK-02936,active,12,0.594,0.4863,0.753,0,3,0.088,0.0,0,0,9.1,2,OFW Remittance / Dependent,Owned (Clean Title),1,0,0,0
MRK-02937,active,36,0.604,0.2614,0.661,1,1,0.145,2515.46,0,0,2.9,1,Tricycle / PUV Operator,Owned (Clean Title),10,1,0,0
MRK-02938,active,36,0.054,0.1127,0.748,1,1,0.051,2203.84,0,0,10.3,1,OFW Remittance / Dependent,Living with Parents/Relatives,5,0,0,0
MRK-02939,active,36,0.58,0.4728,0.444,1,0,0.085,4774.16,1,0,6.1,1,Tricycle / PUV Operator,Owned (Clean Title),10,0,0,0
MRK-02940,active,24,0.527,0.3463,0.804,0,2,0.058,0.0,0,0,10.1,2,Agri / Farmer / Fisherfolk,Owned (Clean Title),7,0,0,0
MRK-02941,active,36,0.779,0.4859,0.708,1,0,0.039,5186.89,0,0,3.1,2,Sari-Sari / Small Retail,Rented (Apartment/House),7,0,0,0
MRK-02942,active,12,0.26,0.4535,0.856,0,2,0.0,0.0,0,0,11.0,2,Agri / Farmer / Fisherfolk,Rented (Apartment/House),1,0,0,0
MRK-02943,active,36,0.297,0.2581,0.887,0,4,0.037,0.0,0,0,3.4,2,Agri / Farmer / Fisherfolk,Living with Parents/Relatives,1,0,0,0
MRK-02944,active,36,0.319,0.154,0.785,1,1,0.052,2281.66,0,0,12.0,3,Employed (Private/Gov),Owned (Inherited/Tax Dec),8,0,0,0
MRK-02945,active,36,0.081,0.3882,0.759,1,0,0.047,5170.81,0,0,2.4,2,Tricycle / PUV Operator,Owned (Clean Title),2,0,0,0
MRK-02946,active,12,0.096,0.387,0.758,0,2,0.058,0.0,0,0,3.4,0,Employed (Private/Gov),Living with Parents/Relatives,6,0,0,0
MRK-02947,active,36,0.596,0.2953,0.834,0,2,0.052,0.0,0,0,3.8,2,Tricycle / PUV Operator,Rented (Apartment/House),12,0,0,0
MRK-02948,active,12,0.339,0.4755,0.796,0,1,0.046,0.0,0,0,19.4,0,BPO / Call Center Agent,Owned (Inherited/Tax Dec),5,0,0,0
MRK-02949,active,36,0.44,0.2674,0.311,1,0,0.112,2168.99,1,0,14.1,1,BPO / Call Center Agent,Owned (Inherited/Tax Dec),4,1,0,0
MRK-02950,active,24,0.24,0.4084,0.898,0,5,0.018,0.0,0,0,5.2,3,BPO / Call Center Agent,Owned (Inherited/Tax Dec),3,0,0,0
MRK-02951,active,12,0.85,0.3863,0.744,0,0,0.067,0.0,0,0,16.3,2,Sari-Sari / Small Retail,Living with Parents/Relatives,10,0,0,0
MRK-02952,active,36,0.231,0.2167,0.887,0,9,0.029,0.0,0,0,7.0,2,Public School Teacher,Living with Parents/Relatives,3,0,0,0
MRK-02953,active,24,0.638,0.2967,0.758,0,2,0.05,0.0,0,0,7.0,1,OFW Remittance / Dependent,Rented (Apartment/House),5,0,0,0
MRK-02954,active,12,0.164,0.7311,0.529,1,1,0.104,12631.05,0,0,2.4,1,OFW Remittance / Dependent,Living with Parents/Relatives,7,1,0,0
MRK-02955,active,24,0.188,0.4622,0.81,1,1,0.057,7076.69,1,0,12.8,2,Agri / Farmer / Fisherfolk,Living with Parents/Relatives,9,0,0,0
MRK-02956,active,24,0.555,0.3379,0.686,1,1,0.056,5191.42,0,0,6.7,2,Public School Teacher,Owned (Inherited/Tax Dec),2,0,0,0
MRK-02957,active,24,0.787,0.2964,0.846,0,1,0.036,0.0,0,0,6.4,0,BPO / Call Center Agent,Living with Parents/Relatives,3,0,0,0
MRK-02958,active,36,0.44,0.2753,0.695,0,2,0.046,0.0,0,0,3.1,1,Public School Teacher,Owned (Clean Title),2,0,0,0
MRK-02959,active,12,0.585,0.3576,0.897,0,3,0.003,0.0,0,0,5.9,2,Agri / Farmer / Fisherfolk,Owned (Inherited/Tax Dec),2,0,0,0
MRK-02960,active,36,0.478,0.1062,0.903,0,5,0.013,0.0,0,0,11.1,3,Employed (Private/Gov),Owned (Clean Title),9,1,0,0
MRK-02961,active,24,0.321,0.1748,0.907,0,9,0.021,0.0,0,0,3.3,0,OFW Remittance / Dependent,Rented (Apartment/House),4,0,0,0
MRK-02962,active,12,0.177,0.4452,0.961,0,10,0.013,0.0,0,0,14.4,0,Public School Teacher,Owned (Clean Title),7,0,0,0
MRK-02963,active,24,0.413,0.217,0.838,0,1,0.039,0.0,1,0,9.3,1,Sari-Sari / Small Retail,Living with Parents/Relatives,3,0,0,0
MRK-02964,active,12,0.196,0.1627,0.951,0,4,0.002,0.0,0,0,7.0,3,Agri / Farmer / Fisherfolk,Owned (Clean Title),6,0,0,0
MRK-02965,active,24,0.672,0.1852,0.881,0,5,0.001,0.0,0,0,9.5,0,BPO / Call Center Agent,Rented (Apartment/House),10,0,0,0
MRK-02966,active,24,0.377,0.1073,0.781,0,2,0.053,0.0,0,0,5.7,3,BPO / Call Center Agent,Owned (Clean Title),11,0,0,0
MRK-02967,active,24,0.423,0.4482,0.622,1,0,0.133,7677.57,1,0,7.3,3,Sari-Sari / Small Retail,Owned (Clean Title),1,1,0,0
MRK-02968,active,24,0.056,0.2195,0.657,1,2,0.038,3724.89,0,0,13.9,2,BPO / Call Center Agent,Owned (Inherited/Tax Dec),2,0,0,0
MRK-02969,active,36,0.866,0.1589,0.794,0,2,0.002,0.0,0,0,9.7,3,OFW Remittance / Dependent,Rented (Apartment/House),8,0,0,0
MRK-02970,active,24,0.637,0.1948,0.962,0,10,0.004,0.0,0,0,19.2,3,OFW Remittance / Dependent,Owned (Inherited/Tax Dec),8,1,0,0
MRK-02971,active,12,0.708,0.6062,0.909,0,8,0.028,0.0,0,0,5.3,1,Sari-Sari / Small Retail,Owned (Clean Title),1,0,0,0
MRK-02972,active,12,0.707,0.6352,0.818,0,5,0.009,0.0,0,0,4.5,1,Agri / Farmer / Fisherfolk,Rented (Apartment/House),2,0,0,0
MRK-02973,active,12,0.771,0.3486,0.501,1,0,0.141,5358.82,0,0,2.7,1,Sari-Sari / Small Retail,Rented (Apartment/House),8,1,0,0
MRK-02974,active,12,0.843,0.7686,0.918,0,3,0.02,0.0,0,0,12.8,0,Public School Teacher,Rented (Apartment/House),8,0,0,0
MRK-02975,active,24,0.69,0.0993,0.789,0,3,0.049,0.0,0,0,4.6,3,Employed (Private/Gov),Living with Parents/Relatives,8,0,0,0
MRK-02976,active,24,0.497,0.3798,0.51,1,0,0.123,5242.67,0,0,16.7,1,BPO / Call Center Agent,Owned (Inherited/Tax Dec),7,1,0,0
MRK-02977,active,12,0.489,0.5537,0.654,1,0,0.135,11130.83,0,1,11.2,0,Employed (Private/Gov),Owned (Clean Title),3,1,0,0
MRK-02978,active,24,0.563,0.3133,0.901,0,3,0.057,0.0,0,0,9.9,1,OFW Remittance / Dependent,Owned (Inherited/Tax Dec),7,0,0,0
MRK-02979,active,36,0.461,0.4158,0.428,1,0,0.186,5945.86,0,0,13.0,1,Employed (Private/Gov),Owned (Inherited/Tax Dec),8,1,0,0
MRK-02980,active,24,0.552,0.3749,0.776,1,0,0.032,6470.28,0,0,1.5,1,Employed (Private/Gov),Living with Parents/Relatives,12,0,0,0
MRK-02981,active,24,0.269,0.3652,0.816,0,4,0.01,0.0,0,0,8.1,2,OFW Remittance / Dependent,Living with Parents/Relatives,4,0,0,0
MRK-02982,active,12,0.178,0.3508,0.844,0,5,0.044,0.0,0,0,8.4,0,Sari-Sari / Small Retail,Living with Parents/Relatives,11,0,0,0
MRK-02983,active,12,0.075,0.8,0.741,0,1,0.049,0.0,0,0,8.7,0,Agri / Farmer / Fisherfolk,Owned (Clean Title),6,0,0,0
MRK-02984,active,12,0.658,0.7346,0.807,0,1,0.024,0.0,0,0,6.2,4,Public School Teacher,Living with Parents/Relatives,6,0,0,0
MRK-02985,active,24,0.663,0.4225,0.342,1,1,0.15,7818.31,0,0,6.2,0,BPO / Call Center Agent,Owned (Clean Title),11,1,0,0
MRK-02986,active,36,0.295,0.2533,0.778,1,3,0.062,3923.61,0,0,10.9,2,Public School Teacher,Rented (Apartment/House),3,0,0,0
MRK-02987,active,36,0.058,0.25,0.686,1,3,0.033,2714.47,1,1,3.7,3,Employed (Private/Gov),Rented (Apartment/House),8,0,0,0
MRK-02988,active,36,0.176,0.3281,0.452,1,2,0.086,2714.45,1,0,5.2,0,Tricycle / PUV Operator,Living with Parents/Relatives,9,1,0,0
MRK-02989,active,12,0.285,0.3254,0.852,0,1,0.027,0.0,1,0,6.8,1,Agri / Farmer / Fisherfolk,Living with Parents/Relatives,1,0,0,0
MRK-02990,active,36,0.906,0.3471,0.462,1,2,0.167,4433.66,1,0,18.7,1,Agri / Farmer / Fisherfolk,Rented (Apartment/House),9,1,0,0
MRK-02991,active,36,0.452,0.1381,0.825,0,4,0.014,0.0,0,0,4.0,2,OFW Remittance / Dependent,Owned (Inherited/Tax Dec),5,0,0,0
MRK-02992,active,24,0.55,0.5181,0.672,0,0,0.078,0.0,0,0,2.7,2,Sari-Sari / Small Retail,Living with Parents/Relatives,6,0,0,0
MRK-02993,active,24,0.072,0.7682,0.454,1,1,0.157,7000.1,0,1,3.8,1,Sari-Sari / Small Retail,Owned (Clean Title),7,1,0,0
MRK-02994,active,36,0.845,0.1989,0.791,0,3,0.016,0.0,0,1,2.9,1,Agri / Farmer / Fisherfolk,Rented (Apartment/House),9,0,0,0
MRK-02995,active,24,0.435,0.3813,0.682,1,1,0.154,6282.15,0,0,3.6,1,OFW Remittance / Dependent,Living with Parents/Relatives,7,0,0,0
MRK-02996,active,36,0.739,0.0591,0.908,0,4,0.02,0.0,0,0,5.6,3,OFW Remittance / Dependent,Rented (Apartment/House),7,0,0,0
MRK-02997,active,24,0.332,0.398,0.353,1,0,0.289,3848.6,0,0,9.4,3,Agri / Farmer / Fisherfolk,Owned (Inherited/Tax Dec),6,1,0,0
MRK-02998,active,12,0.159,0.5641,0.962,0,3,0.021,0.0,0,0,7.1,4,Tricycle / PUV Operator,Owned (Inherited/Tax Dec),3,0,0,0
MRK-02999,active,24,0.56,0.3664,0.531,1,0,0.266,6488.17,0,0,12.2,3,Employed (Private/Gov),Owned (Clean Title),4,1,0,0
MRK-03000,active,24,0.57,0.1033,0.928,0,6,0.005,0.0,0,0,7.3,3,Tricycle / PUV Operator,Living with Parents/Relatives,8,0,0,0
MRK-03001,active,36,0.085,0.05,0.901,0,6,0.017,0.0,0,0,6.3,0,Agri / Farmer / Fisherfolk,Living with Parents/Relatives,11,0,0,0
MRK-03002,active,36,0.613,0.2791,0.429,1,0,0.082,2893.26,0,0,3.8,0,OFW Remittance / Dependent,Owned (Inherited/Tax Dec),2,1,0,0
MRK-03003,active,36,0.448,0.2595,0.839,0,2,0.03,0.0,0,0,7.3,1,Agri / Farmer / Fisherfolk,Rented (Apartment/House),8,0,0,0
MRK-03004,active,12,0.618,0.8,0.912,0,3,0.029,0.0,0,0,4.0,1,Tricycle / PUV Operator,Rented (Apartment/House),9,0,0,0
MRK-03005,active,24,0.815,0.4217,0.844,0,5,0.044,0.0,0,0,4.9,1,Sari-Sari / Small Retail,Owned (Clean Title),8,0,0,0
MRK-03006,active,36,0.691,0.0609,0.921,0,7,0.014,0.0,0,0,7.9,2,Employed (Private/Gov),Rented (Apartment/House),3,0,0,0
MRK-03007,active,12,0.517,0.6158,0.469,1,1,0.216,7536.67,0,0,13.8,2,Employed (Private/Gov),Rented (Apartment/House),5,1,0,0
MRK-03008,active,24,0.791,0.0708,0.892,0,5,0.023,0.0,0,0,11.1,2,Employed (Private/Gov),Rented (Apartment/House),1,0,0,0
MRK-03009,active,36,0.514,0.3416,0.705,0,1,0.056,0.0,0,0,4.1,0,OFW Remittance / Dependent,Living with Parents/Relatives,1,0,0,0
MRK-03010,active,36,0.794,0.1229,0.898,0,8,0.004,0.0,0,0,13.0,4,Employed (Private/Gov),Owned (Inherited/Tax Dec),3,0,0,0
MRK-03011,active,36,0.077,0.128,0.9,0,9,0.003,0.0,0,0,6.7,1,OFW Remittance / Dependent,Living with Parents/Relatives,8,0,0,0
MRK-03012,active,36,0.353,0.1148,0.962,0,9,0.014,0.0,0,0,5.1,2,Sari-Sari / Small Retail,Rented (Apartment/House),9,0,0,0
MRK-03013,active,12,0.526,0.4511,0.811,0,3,0.031,0.0,0,0,3.6,1,Agri / Farmer / Fisherfolk,Owned (Inherited/Tax Dec),12,0,0,0
MRK-03014,active,24,0.233,0.1102,0.88,0,10,0.017,0.0,0,0,8.1,0,Employed (Private/Gov),Rented (Apartment/House),12,0,0,0
MRK-03015,active,36,0.089,0.415,0.775,0,1,0.029,0.0,0,0,5.2,3,Tricycle / PUV Operator,Rented (Apartment/House),1,0,0,0
MRK-03016,active,24,0.881,0.0508,0.924,0,3,0.029,0.0,0,0,8.0,1,Public School Teacher,Owned (Clean Title),5,0,0,0
MRK-03017,active,24,0.51,0.45,0.686,1,3,0.081,8240.31,0,0,3.2,2,Public School Teacher,Living with Parents/Relatives,10,0,0,0
MRK-03018,active,36,0.292,0.1199,0.825,0,4,0.055,0.0,0,0,3.0,0,Employed (Private/Gov),Owned (Clean Title),12,0,0,0
MRK-03019,active,12,0.45,0.5195,0.941,0,9,0.003,0.0,0,0,3.9,3,OFW Remittance / Dependent,Living with Parents/Relatives,8,0,0,0
MRK-03020,active,36,0.516,0.3787,0.535,1,0,0.223,4636.94,0,0,5.4,3,BPO / Call Center Agent,Living with Parents/Relatives,4,0,0,0
MRK-03021,active,24,0.111,0.2785,0.815,0,2,0.036,0.0,0,0,18.6,3,Employed (Private/Gov),Rented (Apartment/House),4,0,0,0
MRK-03022,active,24,0.486,0.5162,0.687,1,2,0.071,7830.52,1,0,1.7,2,Tricycle / PUV Operator,Living with Parents/Relatives,2,0,0,0
MRK-03023,active,36,0.528,0.05,0.923,0,9,0.024,0.0,0,0,4.0,1,OFW Remittance / Dependent,Rented (Apartment/House),6,0,0,0
MRK-03024,active,12,0.205,0.5371,0.917,0,9,0.028,0.0,0,0,7.3,4,Sari-Sari / Small Retail,Owned (Inherited/Tax Dec),1,0,0,0
MRK-03025,active,24,0.489,0.8,0.509,1,0,0.293,7692.57,0,0,13.8,1,Sari-Sari / Small Retail,Living with Parents/Relatives,5,1,0,0
MRK-03026,active,12,0.578,0.6565,0.458,1,1,0.15,13866.1,0,1,6.9,2,Sari-Sari / Small Retail,Rented (Apartment/House),3,1,0,0
MRK-03027,active,36,0.376,0.2606,0.788,0,1,0.061,0.0,1,0,8.0,0,BPO / Call Center Agent,Rented (Apartment/House),12,0,0,0
MRK-03028,active,36,0.927,0.4319,0.612,1,0,0.177,4154.77,0,0,9.2,3,Agri / Farmer / Fisherfolk,Living with Parents/Relatives,1,1,0,0
MRK-03029,active,12,0.433,0.756,0.587,1,1,0.142,13973.86,0,0,4.2,2,BPO / Call Center Agent,Owned (Inherited/Tax Dec),6,1,0,0
MRK-03030,active,12,0.75,0.1704,0.899,0,6,0.014,0.0,0,0,2.1,4,Employed (Private/Gov),Owned (Inherited/Tax Dec),5,0,0,0
MRK-03031,active,24,0.271,0.3127,0.832,0,2,0.056,0.0,0,0,6.9,1,Agri / Farmer / Fisherfolk,Owned (Inherited/Tax Dec),6,0,0,0
MRK-03032,active,36,0.891,0.2887,0.917,0,2,0.019,0.0,0,0,7.5,4,Agri / Farmer / Fisherfolk,Rented (Apartment/House),4,0,0,0
MRK-03033,active,24,0.878,0.1949,0.848,0,3,0.02,0.0,0,0,5.6,0,OFW Remittance / Dependent,Owned (Inherited/Tax Dec),6,1,0,0
MRK-03034,active,36,0.286,0.1537,0.852,0,5,0.053,0.0,0,0,5.5,4,OFW Remittance / Dependent,Owned (Inherited/Tax Dec),12,0,0,0
MRK-03035,active,24,0.855,0.1909,0.72,1,0,0.062,2811.82,0,0,7.3,0,Sari-Sari / Small Retail,Living with Parents/Relatives,4,0,0,0
MRK-03036,active,24,0.92,0.3628,0.907,0,3,0.055,0.0,1,0,12.4,2,Sari-Sari / Small Retail,Living with Parents/Relatives,1,1,0,0
MRK-03037,active,12,0.546,0.8,0.482,1,0,0.145,10154.23,1,0,5.9,0,Agri / Farmer / Fisherfolk,Living with Parents/Relatives,6,1,0,0
MRK-03038,active,24,0.127,0.4353,0.882,0,4,0.019,0.0,1,0,10.4,0,Agri / Farmer / Fisherfolk,Rented (Apartment/House),10,0,0,0
MRK-03039,active,12,0.312,0.696,0.431,1,1,0.207,8449.1,1,0,14.5,0,Tricycle / PUV Operator,Living with Parents/Relatives,5,1,0,0
MRK-03040,active,24,0.455,0.2407,0.803,0,1,0.001,0.0,1,0,8.1,3,BPO / Call Center Agent,Owned (Clean Title),5,0,0,0
MRK-03041,active,24,0.782,0.2062,0.82,0,1,0.006,0.0,0,0,4.2,1,Employed (Private/Gov),Living with Parents/Relatives,7,0,0,0
MRK-03042,active,36,0.818,0.3149,0.783,0,1,0.017,0.0,0,0,5.8,4,Tricycle / PUV Operator,Owned (Inherited/Tax Dec),10,0,0,0
MRK-03043,active,12,0.237,0.1655,0.801,0,1,0.057,0.0,0,0,5.9,2,OFW Remittance / Dependent,Owned (Clean Title),1,0,0,0
MRK-03044,active,12,0.794,0.3056,0.987,0,3,0.018,0.0,0,0,7.7,1,Tricycle / PUV Operator,Rented (Apartment/House),1,0,0,0
MRK-03045,active,24,0.409,0.2758,0.968,0,8,0.002,0.0,0,0,6.1,0,Agri / Farmer / Fisherfolk,Living with Parents/Relatives,1,0,0,0
MRK-03046,active,24,0.533,0.4055,0.783,0,1,0.013,0.0,0,0,6.7,2,Tricycle / PUV Operator,Living with Parents/Relatives,1,0,0,0
MRK-03047,active,36,0.053,0.2783,0.811,0,2,0.012,0.0,0,0,18.5,3,Tricycle / PUV Operator,Owned (Clean Title),1,0,0,0
MRK-03048,active,12,0.443,0.5404,0.592,1,0,0.075,10446.45,1,0,3.2,4,OFW Remittance / Dependent,Owned (Clean Title),4,1,0,0
MRK-03049,active,12,0.125,0.4334,0.83,0,3,0.044,0.0,0,0,17.5,3,Employed (Private/Gov),Owned (Clean Title),2,0,0,0
MRK-03050,active,36,0.716,0.2572,0.894,0,8,0.002,0.0,0,0,10.9,2,Tricycle / PUV Operator,Living with Parents/Relatives,4,0,0,0
MRK-03051,active,12,0.807,0.3222,0.958,0,5,0.014,0.0,0,0,13.9,3,Employed (Private/Gov),Living with Parents/Relatives,11,0,0,0
MRK-03052,active,24,0.729,0.1712,0.909,0,3,0.014,0.0,0,0,12.3,2,Sari-Sari / Small Retail,Owned (Inherited/Tax Dec),4,0,0,0
MRK-03053,active,36,0.769,0.1355,0.911,0,7,0.021,0.0,0,0,7.8,1,OFW Remittance / Dependent,Rented (Apartment/House),2,0,0,0
MRK-03054,active,36,0.673,0.2172,0.872,0,2,0.026,0.0,0,0,4.7,1,OFW Remittance / Dependent,Owned (Inherited/Tax Dec),4,0,0,0
MRK-03055,active,24,0.341,0.4001,0.961,0,10,0.012,0.0,0,0,6.1,4,Sari-Sari / Small Retail,Owned (Inherited/Tax Dec),2,0,0,0
MRK-03056,active,36,0.859,0.1411,0.967,0,7,0.017,0.0,0,0,7.3,1,BPO / Call Center Agent,Rented (Apartment/House),8,0,0,0
MRK-03057,active,12,0.346,0.4911,0.964,0,7,0.0,0.0,0,0,5.1,1,Tricycle / PUV Operator,Owned (Clean Title),5,0,0,0
MRK-03058,active,36,0.832,0.4064,0.628,1,0,0.105,5852.95,0,0,12.6,1,Agri / Farmer / Fisherfolk,Owned (Inherited/Tax Dec),4,1,0,0
MRK-03059,active,36,0.082,0.2962,0.776,1,3,0.079,6047.78,0,0,15.3,2,Employed (Private/Gov),Owned (Clean Title),8,0,0,0
MRK-03060,active,24,0.449,0.4398,0.344,1,0,0.245,6124.67,0,0,6.1,0,Tricycle / PUV Operator,Living with Parents/Relatives,5,1,0,0
MRK-03061,active,24,0.536,0.0786,0.927,0,9,0.01,0.0,0,0,2.6,2,BPO / Call Center Agent,Owned (Inherited/Tax Dec),1,0,0,0
MRK-03062,active,36,0.687,0.2583,0.467,1,0,0.13,5811.75,0,0,6.1,1,OFW Remittance / Dependent,Rented (Apartment/House),10,1,0,0
MRK-03063,active,36,0.852,0.0967,0.984,0,6,0.016,0.0,0,0,6.5,2,Sari-Sari / Small Retail,Rented (Apartment/House),3,0,0,0
MRK-03064,active,12,0.183,0.7929,0.899,0,6,0.007,0.0,0,0,1.9,1,Agri / Farmer / Fisherfolk,Owned (Clean Title),5,0,0,0
MRK-03065,active,36,0.322,0.1547,0.773,0,3,0.026,0.0,0,0,16.1,4,BPO / Call Center Agent,Rented (Apartment/House),11,0,0,0
MRK-03066,active,12,0.9,0.8,0.888,0,1,0.016,0.0,0,0,7.9,1,Public School Teacher,Living with Parents/Relatives,1,0,0,0
MRK-03067,active,24,0.617,0.0731,0.973,0,8,0.029,0.0,0,1,4.7,2,BPO / Call Center Agent,Living with Parents/Relatives,11,0,0,0
MRK-03068,active,24,0.163,0.5212,0.491,1,2,0.121,5011.91,0,0,3.5,1,Tricycle / PUV Operator,Owned (Clean Title),9,1,0,0
MRK-03069,active,36,0.764,0.0656,0.815,0,3,0.005,0.0,0,0,7.4,3,Public School Teacher,Owned (Clean Title),9,0,0,0
MRK-03070,active,24,0.23,0.2655,0.363,1,0,0.224,2625.47,1,0,21.6,2,BPO / Call Center Agent,Living with Parents/Relatives,11,1,0,0
MRK-03071,active,36,0.747,0.2718,0.793,0,3,0.046,0.0,0,0,7.8,2,Public School Teacher,Owned (Clean Title),7,1,0,0
MRK-03072,active,36,0.692,0.1162,0.984,0,3,0.021,0.0,0,0,1.9,3,Public School Teacher,Owned (Clean Title),7,0,0,0
MRK-03073,active,24,0.51,0.2817,0.884,0,10,0.013,0.0,0,0,6.8,0,Agri / Farmer / Fisherfolk,Owned (Inherited/Tax Dec),3,0,0,0
MRK-03074,active,36,0.163,0.3351,0.661,1,0,0.05,4324.23,0,0,6.2,2,Agri / Farmer / Fisherfolk,Living with Parents/Relatives,2,0,0,0
MRK-03075,active,12,0.105,0.2345,0.914,0,2,0.035,0.0,1,0,3.3,0,Sari-Sari / Small Retail,Living with Parents/Relatives,9,0,0,0
MRK-03076,active,12,0.371,0.3414,0.787,0,2,0.082,0.0,0,0,2.8,1,Employed (Private/Gov),Living with Parents/Relatives,4,0,0,0
MRK-03077,active,36,0.624,0.1686,0.944,0,7,0.022,0.0,0,0,7.4,2,Tricycle / PUV Operator,Living with Parents/Relatives,7,0,0,0
MRK-03078,active,36,0.543,0.2228,0.864,0,4,0.054,0.0,0,0,2.8,2,Public School Teacher,Rented (Apartment/House),7,0,0,0
MRK-03079,active,36,0.724,0.3495,0.361,1,0,0.264,2962.22,1,1,5.3,3,Public School Teacher,Owned (Inherited/Tax Dec),12,1,0,0
MRK-03080,active,24,0.427,0.3916,0.813,1,2,0.067,7717.35,0,0,3.9,0,Public School Teacher,Living with Parents/Relatives,9,0,0,0
MRK-03081,active,24,0.482,0.2352,0.831,0,3,0.001,0.0,0,0,3.6,1,OFW Remittance / Dependent,Rented (Apartment/House),8,0,0,0
MRK-03082,active,12,0.146,0.3212,0.817,0,5,0.044,0.0,0,0,6.9,4,Tricycle / PUV Operator,Rented (Apartment/House),2,0,0,0
MRK-03083,active,36,0.73,0.2582,0.807,1,1,0.056,3693.18,1,1,5.7,4,Public School Teacher,Rented (Apartment/House),11,0,0,0
MRK-03084,active,36,0.362,0.2987,0.845,0,4,0.057,0.0,0,0,5.1,2,Agri / Farmer / Fisherfolk,Owned (Inherited/Tax Dec),12,0,0,0
MRK-03085,active,36,0.843,0.6509,0.548,1,0,0.132,5603.62,1,0,6.8,4,Sari-Sari / Small Retail,Owned (Clean Title),9,1,0,0
MRK-03086,active,12,0.889,0.1629,0.905,0,4,0.044,0.0,0,0,3.1,0,BPO / Call Center Agent,Living with Parents/Relatives,3,1,0,0
MRK-03087,active,12,0.879,0.7222,0.908,0,4,0.011,0.0,0,0,10.2,1,Sari-Sari / Small Retail,Owned (Clean Title),3,0,0,0
MRK-03088,active,36,0.675,0.3536,0.554,1,0,0.075,3017.7,0,0,5.4,3,Sari-Sari / Small Retail,Owned (Clean Title),12,1,0,0
MRK-03089,active,36,0.163,0.1334,0.947,0,5,0.009,0.0,0,0,6.0,3,Sari-Sari / Small Retail,Owned (Inherited/Tax Dec),1,0,0,0
MRK-03090,active,36,0.775,0.05,0.905,0,7,0.006,0.0,0,0,4.3,1,OFW Remittance / Dependent,Rented (Apartment/House),2,1,0,0
MRK-03091,active,24,0.626,0.1126,0.902,0,5,0.06,0.0,0,0,4.2,0,OFW Remittance / Dependent,Owned (Inherited/Tax Dec),7,0,0,0
MRK-03092,active,12,0.316,0.5271,0.826,0,4,0.034,0.0,0,0,6.9,1,Agri / Farmer / Fisherfolk,Rented (Apartment/House),3,0,0,0
MRK-03093,active,36,0.167,0.3871,0.693,1,2,0.039,6371.44,0,0,18.1,0,BPO / Call Center Agent,Rented (Apartment/House),6,0,0,0
MRK-03094,active,12,0.562,0.7177,0.655,1,1,0.083,11260.29,0,0,17.8,4,Public School Teacher,Living with Parents/Relatives,9,1,0,0
MRK-03095,active,36,0.532,0.2915,0.59,1,2,0.138,6051.06,0,0,3.0,1,Public School Teacher,Owned (Inherited/Tax Dec),3,1,0,0
MRK-03096,active,36,0.731,0.4505,0.396,1,0,0.1,5218.18,0,0,10.6,1,BPO / Call Center Agent,Owned (Inherited/Tax Dec),8,1,0,0
MRK-03097,active,12,0.808,0.4185,0.972,0,3,0.02,0.0,0,0,4.3,3,Tricycle / PUV Operator,Owned (Inherited/Tax Dec),11,0,0,0
MRK-03098,active,24,0.931,0.2479,0.807,0,3,0.054,0.0,0,0,8.3,2,Tricycle / PUV Operator,Rented (Apartment/House),10,0,0,0
MRK-03099,active,24,0.067,0.3217,0.918,0,2,0.001,0.0,0,0,17.3,3,OFW Remittance / Dependent,Owned (Clean Title),10,0,0,0
MRK-03100,active,36,0.665,0.2055,0.93,0,10,0.004,0.0,0,0,6.1,2,Tricycle / PUV Operator,Rented (Apartment/House),8,0,0,0
MRK-03101,active,12,0.44,0.2406,0.921,0,9,0.02,0.0,0,0,6.6,1,Sari-Sari / Small Retail,Living with Parents/Relatives,11,0,0,0
MRK-03102,active,36,0.647,0.1538,0.832,0,5,0.033,0.0,0,0,2.6,2,Tricycle / PUV Operator,Owned (Clean Title),10,0,0,0
MRK-03103,active,24,0.378,0.4396,0.725,1,3,0.078,4636.83,0,0,7.1,1,Tricycle / PUV Operator,Owned (Clean Title),11,0,0,0
MRK-03104,active,36,0.487,0.2559,0.603,1,0,0.136,4420.37,0,0,12.1,1,Employed (Private/Gov),Living with Parents/Relatives,7,1,0,0
MRK-03105,active,24,0.128,0.3428,0.512,1,1,0.131,5709.11,0,0,4.2,2,BPO / Call Center Agent,Owned (Clean Title),6,1,0,0
MRK-03106,active,36,0.267,0.1354,0.772,0,1,0.08,0.0,0,0,8.6,1,Public School Teacher,Rented (Apartment/House),9,0,0,0
MRK-03107,active,12,0.706,0.2831,0.849,0,4,0.023,0.0,0,0,7.6,1,BPO / Call Center Agent,Living with Parents/Relatives,9,0,0,0
MRK-03108,active,12,0.54,0.5291,0.809,1,2,0.065,7658.75,0,1,9.1,2,Sari-Sari / Small Retail,Owned (Inherited/Tax Dec),1,0,0,0
MRK-03109,active,24,0.176,0.2083,0.891,0,4,0.016,0.0,0,0,6.4,2,Agri / Farmer / Fisherfolk,Living with Parents/Relatives,10,0,0,0
MRK-03110,active,24,0.624,0.5332,0.835,0,5,0.004,0.0,0,0,8.7,3,Sari-Sari / Small Retail,Owned (Clean Title),2,1,0,0
MRK-03111,active,36,0.081,0.05,0.896,0,4,0.002,0.0,0,0,8.3,3,BPO / Call Center Agent,Owned (Clean Title),8,0,0,0
MRK-03112,active,36,0.9,0.0936,0.85,0,4,0.033,0.0,0,0,4.6,0,OFW Remittance / Dependent,Rented (Apartment/House),3,0,0,0
MRK-03113,active,12,0.65,0.7747,0.664,1,2,0.08,11938.64,0,0,3.0,1,Sari-Sari / Small Retail,Owned (Inherited/Tax Dec),11,1,0,0
MRK-03114,active,12,0.826,0.746,0.627,1,2,0.136,9710.34,0,0,2.7,3,Agri / Farmer / Fisherfolk,Owned (Clean Title),10,1,0,0
MRK-03115,active,36,0.622,0.1157,0.831,0,2,0.047,0.0,0,0,4.7,2,Agri / Farmer / Fisherfolk,Owned (Inherited/Tax Dec),9,0,0,0
MRK-03116,active,24,0.139,0.1131,0.797,0,1,0.021,0.0,1,0,10.0,2,Agri / Farmer / Fisherfolk,Rented (Apartment/House),5,0,0,0
MRK-03117,active,36,0.364,0.0517,0.952,0,9,0.016,0.0,0,0,6.7,1,Public School Teacher,Rented (Apartment/House),5,0,0,0
MRK-03118,active,12,0.36,0.2888,0.923,0,6,0.03,0.0,0,0,18.2,1,BPO / Call Center Agent,Owned (Inherited/Tax Dec),12,0,0,0
MRK-03119,active,24,0.273,0.6403,0.601,1,2,0.073,6560.02,0,0,7.5,1,Tricycle / PUV Operator,Rented (Apartment/House),1,1,0,0
MRK-03120,active,36,0.749,0.1452,0.885,0,3,0.011,0.0,0,0,5.8,3,Public School Teacher,Rented (Apartment/House),5,0,0,0
MRK-03121,active,24,0.733,0.4427,0.906,0,1,0.012,0.0,0,0,2.3,3,Sari-Sari / Small Retail,Owned (Inherited/Tax Dec),3,0,0,0
MRK-03122,active,12,0.461,0.3867,0.95,0,4,0.022,0.0,0,0,13.9,1,OFW Remittance / Dependent,Owned (Clean Title),6,0,0,0
MRK-03123,active,24,0.736,0.2086,0.816,0,4,0.008,0.0,0,0,11.5,0,Sari-Sari / Small Retail,Owned (Clean Title),12,0,0,0
MRK-03124,active,36,0.824,0.197,0.658,1,2,0.034,3423.43,0,0,7.0,0,Employed (Private/Gov),Rented (Apartment/House),8,0,0,0
MRK-03125,active,24,0.122,0.1516,0.915,0,7,0.009,0.0,0,0,5.7,3,OFW Remittance / Dependent,Living with Parents/Relatives,6,0,0,0
MRK-03126,active,12,0.426,0.607,0.797,1,0,0.049,13403.7,0,0,4.5,2,Sari-Sari / Small Retail,Owned (Inherited/Tax Dec),10,0,0,0
MRK-03127,active,24,0.256,0.2356,0.654,0,1,0.047,0.0,0,0,6.7,4,Employed (Private/Gov),Rented (Apartment/House),9,0,0,0
MRK-03128,active,24,0.631,0.1863,0.659,0,1,0.084,0.0,0,0,12.7,3,OFW Remittance / Dependent,Owned (Inherited/Tax Dec),3,0,0,0
MRK-03129,active,36,0.673,0.2848,0.816,1,1,0.048,4021.74,0,1,11.4,1,Tricycle / PUV Operator,Owned (Inherited/Tax Dec),8,0,0,0
MRK-03130,active,24,0.254,0.2989,0.811,1,1,0.093,3191.86,0,0,12.4,2,Sari-Sari / Small Retail,Owned (Clean Title),11,0,0,0
MRK-03131,active,36,0.799,0.1111,0.911,0,7,0.024,0.0,0,0,3.6,0,Agri / Farmer / Fisherfolk,Owned (Inherited/Tax Dec),3,0,0,0
MRK-03132,active,36,0.642,0.1619,0.873,0,4,0.015,0.0,0,0,8.6,1,OFW Remittance / Dependent,Living with Parents/Relatives,6,0,0,0
MRK-03133,active,12,0.516,0.1808,0.784,0,2,0.057,0.0,0,0,4.3,2,BPO / Call Center Agent,Living with Parents/Relatives,2,0,0,0
MRK-03134,active,12,0.177,0.7238,0.882,0,1,0.053,0.0,0,0,1.6,2,OFW Remittance / Dependent,Owned (Clean Title),11,0,0,0
MRK-03135,active,24,0.152,0.5152,0.526,1,0,0.184,4747.62,0,0,11.5,1,Tricycle / PUV Operator,Living with Parents/Relatives,2,1,0,0
MRK-03136,active,24,0.656,0.1895,0.901,0,2,0.01,0.0,0,0,4.7,2,Employed (Private/Gov),Rented (Apartment/House),12,0,0,0
MRK-03137,active,36,0.306,0.119,0.825,0,4,0.056,0.0,0,0,3.6,2,Public School Teacher,Rented (Apartment/House),6,0,0,0
MRK-03138,active,12,0.072,0.8,0.586,1,2,0.117,11956.83,0,0,8.2,0,Employed (Private/Gov),Owned (Inherited/Tax Dec),12,1,0,0
MRK-03139,active,24,0.14,0.1578,0.825,0,4,0.056,0.0,0,0,16.3,4,OFW Remittance / Dependent,Owned (Clean Title),4,0,0,0
MRK-03140,active,36,0.317,0.3108,0.804,1,3,0.058,4360.76,0,0,8.4,2,Public School Teacher,Owned (Clean Title),8,0,0,0
MRK-03141,active,12,0.458,0.4448,0.886,0,1,0.01,0.0,0,0,5.6,2,Tricycle / PUV Operator,Rented (Apartment/House),1,0,0,0
MRK-03142,active,36,0.636,0.3296,0.452,1,1,0.122,5138.9,1,0,4.6,1,OFW Remittance / Dependent,Living with Parents/Relatives,4,1,0,0
MRK-03143,active,24,0.915,0.2832,0.932,0,7,0.009,0.0,0,0,5.6,0,Agri / Farmer / Fisherfolk,Living with Parents/Relatives,12,0,0,0
MRK-03144,active,24,0.197,0.1781,0.665,0,2,0.036,0.0,0,0,9.4,1,Tricycle / PUV Operator,Living with Parents/Relatives,1,0,0,0
MRK-03145,active,12,0.582,0.6517,0.905,0,4,0.036,0.0,0,0,3.9,4,Sari-Sari / Small Retail,Owned (Inherited/Tax Dec),5,0,0,0
MRK-03146,active,24,0.576,0.2483,0.915,0,2,0.043,0.0,0,0,3.0,2,OFW Remittance / Dependent,Living with Parents/Relatives,11,0,0,0
MRK-03147,active,36,0.112,0.2531,0.767,1,3,0.077,4319.64,0,0,8.5,0,Employed (Private/Gov),Owned (Clean Title),9,0,0,0
MRK-03148,active,24,0.466,0.3637,0.942,0,7,0.026,0.0,0,0,3.3,2,Tricycle / PUV Operator,Owned (Inherited/Tax Dec),11,0,0,0
MRK-03149,active,36,0.364,0.2789,0.811,0,0,0.093,0.0,0,1,14.9,0,Tricycle / PUV Operator,Living with Parents/Relatives,3,0,0,0
MRK-03150,active,36,0.724,0.0621,0.993,0,4,0.015,0.0,0,0,3.6,1,Employed (Private/Gov),Rented (Apartment/House),5,0,0,0
MRK-03151,active,12,0.651,0.2525,0.894,0,4,0.001,0.0,0,0,9.0,3,OFW Remittance / Dependent,Owned (Inherited/Tax Dec),7,0,0,0
MRK-03152,active,12,0.842,0.3744,0.95,0,9,0.027,0.0,0,0,8.3,0,Public School Teacher,Owned (Clean Title),5,0,0,0
MRK-03153,active,24,0.909,0.6558,0.573,1,1,0.295,8129.06,0,0,4.1,0,Agri / Farmer / Fisherfolk,Living with Parents/Relatives,1,1,0,0
MRK-03154,active,36,0.312,0.1698,0.896,0,6,0.002,0.0,0,0,13.8,1,Agri / Farmer / Fisherfolk,Living with Parents/Relatives,5,0,0,0
MRK-03155,active,12,0.518,0.3069,0.905,0,10,0.017,0.0,0,0,10.4,3,Employed (Private/Gov),Owned (Clean Title),4,0,0,0
MRK-03156,active,24,0.693,0.1803,0.93,0,6,0.001,0.0,0,0,4.4,3,Sari-Sari / Small Retail,Living with Parents/Relatives,3,0,0,0
MRK-03157,active,36,0.55,0.05,0.954,0,6,0.005,0.0,0,0,7.1,0,BPO / Call Center Agent,Owned (Inherited/Tax Dec),5,0,0,0
MRK-03158,active,12,0.125,0.2888,0.904,0,2,0.056,0.0,0,0,2.2,4,Sari-Sari / Small Retail,Owned (Clean Title),2,0,0,0
MRK-03159,active,24,0.296,0.168,0.889,0,8,0.007,0.0,0,0,5.9,2,Public School Teacher,Owned (Inherited/Tax Dec),10,0,0,0
MRK-03160,active,36,0.812,0.2957,0.973,0,6,0.013,0.0,0,0,4.3,2,Sari-Sari / Small Retail,Living with Parents/Relatives,7,0,0,0
MRK-03161,active,24,0.426,0.1472,0.824,0,1,0.018,0.0,0,0,7.5,0,BPO / Call Center Agent,Owned (Clean Title),12,0,0,0
MRK-03162,active,12,0.525,0.5305,0.506,1,1,0.074,10648.52,0,0,10.8,1,BPO / Call Center Agent,Owned (Clean Title),5,1,0,0
MRK-03163,active,12,0.729,0.7278,0.349,1,1,0.191,13301.11,1,0,9.5,1,Employed (Private/Gov),Living with Parents/Relatives,11,1,0,0
MRK-03164,active,24,0.561,0.2067,0.766,0,2,0.024,0.0,0,0,10.4,3,OFW Remittance / Dependent,Owned (Inherited/Tax Dec),10,0,0,0
MRK-03165,active,12,0.224,0.7497,0.552,1,0,0.181,14018.48,0,1,5.4,2,BPO / Call Center Agent,Owned (Inherited/Tax Dec),1,1,0,0
MRK-03166,active,36,0.597,0.0675,0.836,0,2,0.0,0.0,0,0,8.9,3,OFW Remittance / Dependent,Owned (Inherited/Tax Dec),7,1,0,0
MRK-03167,active,12,0.425,0.1198,0.945,0,8,0.015,0.0,0,0,11.7,3,Employed (Private/Gov),Living with Parents/Relatives,11,0,0,0
MRK-03168,active,24,0.05,0.4949,0.341,1,1,0.109,6604.15,0,0,4.6,1,Public School Teacher,Owned (Clean Title),3,1,0,0
MRK-03169,active,36,0.419,0.2598,0.803,0,5,0.03,0.0,0,0,2.1,2,BPO / Call Center Agent,Living with Parents/Relatives,11,0,0,0
MRK-03170,active,36,0.59,0.1169,0.999,0,10,0.006,0.0,0,0,8.5,4,Agri / Farmer / Fisherfolk,Living with Parents/Relatives,9,0,0,0
MRK-03171,active,24,0.544,0.1996,0.828,0,5,0.06,0.0,0,0,11.7,3,Sari-Sari / Small Retail,Living with Parents/Relatives,3,0,0,0
MRK-03172,active,12,0.371,0.3186,0.814,0,2,0.007,0.0,0,0,1.1,2,OFW Remittance / Dependent,Rented (Apartment/House),3,0,0,0
MRK-03173,active,12,0.84,0.3896,0.999,0,9,0.011,0.0,0,0,6.7,1,Employed (Private/Gov),Rented (Apartment/House),2,0,0,0
MRK-03174,active,36,0.918,0.1528,0.883,0,4,0.026,0.0,0,0,4.7,2,Agri / Farmer / Fisherfolk,Owned (Inherited/Tax Dec),10,0,0,0
MRK-03175,active,24,0.333,0.288,0.787,0,0,0.037,0.0,1,0,15.0,2,OFW Remittance / Dependent,Living with Parents/Relatives,10,0,0,0
MRK-03176,active,36,0.895,0.2868,0.619,1,1,0.054,5196.23,0,0,9.7,1,Employed (Private/Gov),Owned (Clean Title),7,1,0,0
MRK-03177,active,24,0.927,0.1329,0.894,0,1,0.004,0.0,0,0,6.3,4,OFW Remittance / Dependent,Owned (Clean Title),10,0,0,0
MRK-03178,active,36,0.424,0.2092,0.57,1,2,0.168,3164.49,0,1,5.5,2,BPO / Call Center Agent,Living with Parents/Relatives,1,1,0,0
MRK-03179,active,36,0.398,0.077,0.979,0,3,0.03,0.0,0,0,6.9,0,OFW Remittance / Dependent,Owned (Clean Title),11,0,0,0
MRK-03180,active,12,0.317,0.7049,0.61,1,0,0.071,8176.52,0,0,11.2,1,Tricycle / PUV Operator,Rented (Apartment/House),12,1,0,0
MRK-03181,active,24,0.252,0.523,0.88,0,4,0.032,0.0,0,0,8.1,2,Sari-Sari / Small Retail,Owned (Clean Title),8,0,0,0
MRK-03182,active,36,0.707,0.3368,0.532,1,0,0.21,4726.99,1,0,9.0,0,Employed (Private/Gov),Owned (Clean Title),7,1,0,0
MRK-03183,active,36,0.944,0.05,0.994,0,10,0.015,0.0,0,0,7.5,2,OFW Remittance / Dependent,Living with Parents/Relatives,4,0,0,0
MRK-03184,active,12,0.268,0.3188,0.917,0,6,0.03,0.0,0,0,11.1,0,Public School Teacher,Owned (Inherited/Tax Dec),12,0,0,0
MRK-03185,active,36,0.571,0.1067,0.954,0,8,0.029,0.0,1,0,16.1,3,OFW Remittance / Dependent,Rented (Apartment/House),6,0,0,0
MRK-03186,active,24,0.121,0.2145,0.638,1,1,0.132,2985.45,0,1,2.2,3,Public School Teacher,Owned (Clean Title),1,1,0,0
MRK-03187,active,12,0.873,0.4254,0.691,1,0,0.079,7508.13,0,0,5.5,3,Public School Teacher,Rented (Apartment/House),6,1,0,0
MRK-03188,active,24,0.455,0.4407,0.658,0,0,0.037,0.0,1,0,16.4,0,Public School Teacher,Owned (Clean Title),7,0,0,0
MRK-03189,active,36,0.096,0.0591,0.91,0,3,0.025,0.0,0,0,13.0,2,OFW Remittance / Dependent,Rented (Apartment/House),12,0,0,0
MRK-03190,active,36,0.934,0.2376,0.899,0,7,0.017,0.0,0,0,4.8,4,Sari-Sari / Small Retail,Owned (Clean Title),10,0,0,0
MRK-03191,active,24,0.549,0.2359,0.91,0,5,0.06,0.0,0,0,7.2,3,Public School Teacher,Living with Parents/Relatives,3,0,0,0
MRK-03192,active,36,0.6,0.4382,0.782,1,1,0.1,4619.46,0,0,11.6,0,Agri / Farmer / Fisherfolk,Rented (Apartment/House),4,0,0,0
MRK-03193,active,36,0.079,0.2165,0.901,0,5,0.021,0.0,0,0,10.7,3,Employed (Private/Gov),Rented (Apartment/House),3,0,0,0
MRK-03194,active,24,0.683,0.2962,0.692,1,1,0.144,3452.7,0,0,9.1,2,Public School Teacher,Rented (Apartment/House),6,1,0,0
MRK-03195,active,12,0.667,0.5071,0.68,0,2,0.084,0.0,0,0,7.9,0,Employed (Private/Gov),Owned (Clean Title),9,0,0,0
MRK-03196,active,12,0.547,0.7196,0.62,1,2,0.118,8399.35,1,0,14.5,2,Agri / Farmer / Fisherfolk,Owned (Clean Title),12,1,0,0
MRK-03197,active,36,0.507,0.1365,0.807,1,0,0.07,2045.42,0,0,12.7,0,Employed (Private/Gov),Owned (Inherited/Tax Dec),6,0,0,0
MRK-03198,active,12,0.271,0.3394,0.874,0,2,0.033,0.0,0,0,7.2,2,OFW Remittance / Dependent,Rented (Apartment/House),5,0,0,0
MRK-03199,active,36,0.433,0.3182,0.806,1,3,0.068,6076.44,0,0,2.8,0,BPO / Call Center Agent,Rented (Apartment/House),2,0,0,0
MRK-03200,active,36,0.491,0.1418,0.904,0,4,0.048,0.0,0,0,4.0,3,Sari-Sari / Small Retail,Owned (Clean Title),11,1,0,0
MRK-03201,active,12,0.388,0.4182,0.684,1,2,0.105,5056.34,0,0,7.4,4,Agri / Farmer / Fisherfolk,Owned (Inherited/Tax Dec),8,1,0,0
MRK-03202,active,12,0.645,0.7589,0.551,1,1,0.271,13050.87,0,0,6.0,0,Public School Teacher,Owned (Inherited/Tax Dec),1,1,0,0
MRK-03203,active,12,0.613,0.3912,0.516,1,0,0.158,9210.96,0,0,6.3,4,Employed (Private/Gov),Rented (Apartment/House),8,1,0,0
MRK-03204,active,36,0.476,0.2405,0.517,1,1,0.059,3553.88,0,0,14.8,3,BPO / Call Center Agent,Owned (Inherited/Tax Dec),11,1,0,0
MRK-03205,active,24,0.278,0.4408,0.457,1,1,0.081,5186.17,0,0,6.2,1,Sari-Sari / Small Retail,Owned (Inherited/Tax Dec),8,1,0,0
MRK-03206,active,36,0.609,0.1987,0.624,1,0,0.164,3279.46,0,0,1.5,0,Public School Teacher,Owned (Clean Title),9,1,0,0
MRK-03207,active,24,0.655,0.05,0.922,0,3,0.011,0.0,0,0,3.4,1,Employed (Private/Gov),Owned (Inherited/Tax Dec),4,0,0,0
MRK-03208,active,24,0.558,0.6114,0.987,0,7,0.019,0.0,0,0,7.5,1,Tricycle / PUV Operator,Rented (Apartment/House),8,0,0,0
MRK-03209,active,24,0.498,0.1467,0.946,0,8,0.019,0.0,0,0,6.7,1,Employed (Private/Gov),Rented (Apartment/House),6,0,0,0
MRK-03210,active,24,0.892,0.3414,0.909,0,5,0.018,0.0,0,0,14.2,2,Tricycle / PUV Operator,Rented (Apartment/House),5,0,0,0
MRK-03211,active,24,0.475,0.459,0.595,1,1,0.148,6611.0,0,0,7.2,2,Public School Teacher,Rented (Apartment/House),4,1,0,0
MRK-03212,active,12,0.245,0.2933,0.929,0,3,0.016,0.0,0,0,4.5,1,Public School Teacher,Owned (Inherited/Tax Dec),6,0,0,0
MRK-03213,active,24,0.087,0.3298,0.806,0,1,0.004,0.0,0,0,4.1,2,Employed (Private/Gov),Rented (Apartment/House),2,0,0,0
MRK-03214,active,36,0.86,0.3523,0.824,0,2,0.041,0.0,0,0,8.6,2,Tricycle / PUV Operator,Owned (Clean Title),6,0,0,0
MRK-03215,active,36,0.9,0.0731,0.968,0,4,0.008,0.0,0,0,7.2,1,Tricycle / PUV Operator,Owned (Clean Title),11,0,0,0
MRK-03216,active,36,0.803,0.2109,0.708,1,2,0.046,4746.1,0,0,4.5,1,Public School Teacher,Rented (Apartment/House),11,0,0,0
MRK-03217,active,24,0.212,0.4219,0.533,1,0,0.146,4864.6,0,0,4.0,0,OFW Remittance / Dependent,Owned (Inherited/Tax Dec),2,1,0,0
MRK-03218,active,36,0.748,0.2466,0.673,1,1,0.132,4380.51,0,0,7.4,3,Employed (Private/Gov),Owned (Clean Title),5,1,0,0
MRK-03219,active,36,0.437,0.1536,0.725,0,0,0.05,0.0,0,0,12.0,4,Public School Teacher,Living with Parents/Relatives,11,0,0,0
MRK-03220,active,12,0.076,0.2786,0.894,0,2,0.019,0.0,0,0,3.6,1,Public School Teacher,Rented (Apartment/House),5,0,0,0
MRK-03221,active,24,0.437,0.191,0.912,0,3,0.005,0.0,0,0,6.7,2,Agri / Farmer / Fisherfolk,Living with Parents/Relatives,5,0,0,0
MRK-03222,active,36,0.448,0.0533,0.912,0,3,0.034,0.0,0,0,10.0,1,Public School Teacher,Living with Parents/Relatives,4,0,0,0
MRK-03223,active,24,0.612,0.5685,0.809,0,4,0.037,0.0,0,0,6.2,1,Sari-Sari / Small Retail,Living with Parents/Relatives,8,0,0,0
MRK-03224,active,36,0.517,0.5204,0.679,1,2,0.145,5003.24,0,0,4.8,2,Agri / Farmer / Fisherfolk,Rented (Apartment/House),10,1,0,0
MRK-03225,active,24,0.575,0.1804,0.806,0,1,0.049,0.0,0,0,11.0,3,OFW Remittance / Dependent,Rented (Apartment/House),5,0,0,0
MRK-03226,active,12,0.347,0.1129,0.984,0,3,0.01,0.0,0,0,6.5,2,Public School Teacher,Owned (Inherited/Tax Dec),12,0,0,0
MRK-03227,active,24,0.559,0.206,0.916,0,9,0.025,0.0,0,0,5.8,1,Agri / Farmer / Fisherfolk,Owned (Clean Title),3,0,0,0
MRK-03228,active,24,0.927,0.2025,0.451,1,1,0.082,2649.36,0,0,4.4,0,BPO / Call Center Agent,Rented (Apartment/House),10,1,0,0
MRK-03229,active,12,0.771,0.6079,0.911,0,5,0.019,0.0,0,0,2.9,2,Agri / Farmer / Fisherfolk,Living with Parents/Relatives,2,0,0,0
MRK-03230,active,24,0.333,0.274,0.753,1,3,0.087,4331.23,0,0,1.5,3,Sari-Sari / Small Retail,Owned (Inherited/Tax Dec),4,0,0,0
MRK-03231,active,36,0.78,0.3225,0.804,0,2,0.035,0.0,0,0,12.7,2,OFW Remittance / Dependent,Rented (Apartment/House),11,0,0,0
MRK-03232,active,24,0.538,0.0816,0.787,0,5,0.055,0.0,0,0,14.0,3,Employed (Private/Gov),Owned (Inherited/Tax Dec),9,0,0,0
MRK-03233,active,36,0.624,0.0554,0.97,0,9,0.011,0.0,0,0,8.3,2,Public School Teacher,Owned (Clean Title),1,0,0,0
MRK-03234,active,24,0.2,0.4165,0.811,0,0,0.091,0.0,1,0,7.7,1,Agri / Farmer / Fisherfolk,Living with Parents/Relatives,2,0,0,0
MRK-03235,active,24,0.706,0.3843,0.692,1,0,0.134,3552.65,1,0,11.9,0,Agri / Farmer / Fisherfolk,Owned (Inherited/Tax Dec),12,1,0,0
MRK-03236,active,24,0.15,0.0583,0.895,0,10,0.006,0.0,0,0,12.4,1,BPO / Call Center Agent,Owned (Clean Title),3,0,0,0
MRK-03237,active,36,0.275,0.3045,0.562,1,0,0.114,3331.4,0,0,2.4,1,OFW Remittance / Dependent,Rented (Apartment/House),11,1,0,0
MRK-03238,active,36,0.19,0.1958,0.504,1,2,0.052,2216.45,0,0,8.4,3,Tricycle / PUV Operator,Living with Parents/Relatives,2,1,0,0
MRK-03239,active,24,0.14,0.3006,0.78,0,4,0.032,0.0,0,0,1.0,0,Employed (Private/Gov),Owned (Inherited/Tax Dec),6,0,0,0
MRK-03240,active,24,0.882,0.1438,0.904,0,3,0.026,0.0,0,0,8.8,4,BPO / Call Center Agent,Living with Parents/Relatives,3,0,0,0
MRK-03241,active,24,0.339,0.1878,0.937,0,6,0.01,0.0,0,0,6.6,0,BPO / Call Center Agent,Rented (Apartment/House),5,0,0,0
MRK-03242,active,12,0.054,0.5575,0.935,0,6,0.013,0.0,0,0,8.0,0,Public School Teacher,Owned (Clean Title),9,0,0,0
MRK-03243,active,12,0.749,0.6178,0.834,0,4,0.007,0.0,0,0,1.7,2,Sari-Sari / Small Retail,Living with Parents/Relatives,12,0,0,0
MRK-03244,active,36,0.793,0.6689,0.334,1,0,0.107,5817.42,0,1,4.2,0,Agri / Farmer / Fisherfolk,Rented (Apartment/House),10,1,0,0
MRK-03245,active,12,0.698,0.2032,0.897,0,10,0.011,0.0,0,0,1.0,2,Public School Teacher,Owned (Clean Title),1,0,0,0
MRK-03246,active,24,0.243,0.2584,0.876,0,3,0.018,0.0,0,0,5.5,0,Sari-Sari / Small Retail,Rented (Apartment/House),6,0,0,0
MRK-03247,active,36,0.466,0.1675,0.682,1,2,0.05,2608.33,0,0,4.5,1,Agri / Farmer / Fisherfolk,Owned (Inherited/Tax Dec),2,0,0,0
MRK-03248,active,36,0.392,0.1863,0.978,0,5,0.01,0.0,0,0,5.6,2,OFW Remittance / Dependent,Rented (Apartment/House),7,0,0,0
MRK-03249,active,36,0.753,0.146,0.867,0,5,0.048,0.0,0,0,4.6,1,OFW Remittance / Dependent,Living with Parents/Relatives,8,0,0,0
MRK-03250,active,12,0.683,0.3417,0.673,1,0,0.033,9808.4,0,0,3.7,0,Employed (Private/Gov),Owned (Clean Title),1,0,0,0
MRK-03251,active,24,0.334,0.451,0.475,1,1,0.169,3844.39,1,0,5.3,2,Sari-Sari / Small Retail,Owned (Inherited/Tax Dec),4,1,0,0
MRK-03252,active,24,0.624,0.5226,0.812,0,4,0.02,0.0,0,0,7.1,1,OFW Remittance / Dependent,Owned (Inherited/Tax Dec),9,0,0,0
MRK-03253,active,36,0.424,0.3035,0.903,0,7,0.006,0.0,0,0,3.2,1,Agri / Farmer / Fisherfolk,Living with Parents/Relatives,6,0,0,0
MRK-03254,active,24,0.548,0.3906,0.692,0,2,0.094,0.0,0,0,9.3,0,Employed (Private/Gov),Owned (Clean Title),6,0,0,0
MRK-03255,active,24,0.248,0.6185,0.542,1,0,0.173,6788.63,0,0,2.8,0,Tricycle / PUV Operator,Living with Parents/Relatives,1,1,0,0
MRK-03256,active,24,0.359,0.3023,0.333,1,0,0.099,3421.23,0,0,2.1,2,Employed (Private/Gov),Rented (Apartment/House),11,1,0,0
MRK-03257,active,24,0.321,0.3861,0.608,1,0,0.13,7852.29,0,0,12.1,1,Employed (Private/Gov),Owned (Inherited/Tax Dec),7,1,0,0
MRK-03258,active,12,0.838,0.5848,0.507,1,2,0.084,9328.11,1,0,4.3,3,Employed (Private/Gov),Rented (Apartment/House),8,1,0,0
MRK-03259,active,12,0.901,0.8,0.48,1,1,0.161,11815.39,0,0,13.7,2,Agri / Farmer / Fisherfolk,Owned (Inherited/Tax Dec),11,1,0,0
MRK-03260,active,36,0.723,0.05,0.947,0,4,0.019,0.0,0,0,8.6,2,BPO / Call Center Agent,Living with Parents/Relatives,7,0,0,0
MRK-03261,active,24,0.592,0.5419,0.504,1,1,0.167,8376.62,0,1,7.8,3,Agri / Farmer / Fisherfolk,Living with Parents/Relatives,2,1,0,0
MRK-03262,active,36,0.548,0.157,0.682,1,3,0.069,2622.43,0,0,6.7,1,Employed (Private/Gov),Owned (Clean Title),1,1,0,0
MRK-03263,active,36,0.848,0.1841,0.999,0,5,0.028,0.0,0,0,14.2,3,BPO / Call Center Agent,Owned (Inherited/Tax Dec),11,0,0,0
MRK-03264,active,24,0.618,0.1851,0.741,1,3,0.028,3146.75,0,0,9.3,3,Agri / Farmer / Fisherfolk,Owned (Clean Title),8,0,0,0
MRK-03265,active,12,0.136,0.246,0.802,0,1,0.036,0.0,0,0,4.5,2,OFW Remittance / Dependent,Rented (Apartment/House),7,0,0,0
MRK-03266,active,36,0.863,0.4225,0.371,1,0,0.274,6190.41,0,0,4.0,0,BPO / Call Center Agent,Owned (Inherited/Tax Dec),6,1,0,0
MRK-03267,active,24,0.641,0.1793,0.658,0,3,0.023,0.0,1,0,8.1,2,BPO / Call Center Agent,Rented (Apartment/House),2,0,0,0
MRK-03268,active,24,0.23,0.1049,0.855,0,3,0.058,0.0,0,0,6.5,0,OFW Remittance / Dependent,Owned (Clean Title),5,0,0,0
MRK-03269,active,24,0.349,0.4656,0.627,1,2,0.149,7879.25,0,0,4.1,1,Sari-Sari / Small Retail,Rented (Apartment/House),6,1,0,0
MRK-03270,active,12,0.916,0.3033,0.848,0,3,0.047,0.0,0,0,6.0,2,Tricycle / PUV Operator,Living with Parents/Relatives,11,0,0,0
MRK-03271,active,12,0.922,0.2657,0.792,0,5,0.058,0.0,0,0,14.3,1,Sari-Sari / Small Retail,Rented (Apartment/House),5,0,0,0
MRK-03272,active,24,0.607,0.134,0.855,0,4,0.045,0.0,0,0,13.3,2,Employed (Private/Gov),Living with Parents/Relatives,1,0,0,0
MRK-03273,active,36,0.213,0.2943,0.811,0,2,0.05,0.0,0,0,10.0,1,Agri / Farmer / Fisherfolk,Owned (Clean Title),9,0,0,0
MRK-03274,active,36,0.403,0.3596,0.965,0,7,0.015,0.0,0,0,5.0,2,Sari-Sari / Small Retail,Living with Parents/Relatives,1,1,0,0
MRK-03275,active,24,0.335,0.1923,0.83,0,2,0.001,0.0,0,0,4.8,3,BPO / Call Center Agent,Living with Parents/Relatives,5,0,0,0
MRK-03276,active,36,0.709,0.05,0.975,0,9,0.025,0.0,0,0,2.4,4,Public School Teacher,Rented (Apartment/House),9,0,0,0
MRK-03277,active,36,0.66,0.5085,0.813,0,4,0.021,0.0,0,0,6.0,0,Sari-Sari / Small Retail,Owned (Clean Title),5,0,0,0
MRK-03278,active,24,0.107,0.3526,0.98,0,5,0.019,0.0,0,0,6.3,1,Public School Teacher,Rented (Apartment/House),1,0,0,0
MRK-03279,active,12,0.483,0.3051,0.945,0,4,0.016,0.0,0,0,12.7,0,Sari-Sari / Small Retail,Owned (Clean Title),3,0,0,0
MRK-03280,active,12,0.19,0.3982,0.898,0,9,0.007,0.0,0,0,10.7,1,Employed (Private/Gov),Owned (Clean Title),9,0,0,0
MRK-03281,active,24,0.451,0.3815,0.828,0,5,0.016,0.0,1,0,9.9,3,Tricycle / PUV Operator,Rented (Apartment/House),1,0,0,0
MRK-03282,active,24,0.073,0.5633,0.452,1,0,0.241,8191.72,1,0,10.4,2,OFW Remittance / Dependent,Owned (Clean Title),12,1,0,0
MRK-03283,active,36,0.066,0.3225,0.642,1,0,0.128,6312.86,1,0,12.8,2,Public School Teacher,Owned (Inherited/Tax Dec),6,1,0,0
MRK-03284,active,24,0.326,0.3643,0.615,1,0,0.147,5923.74,0,1,4.9,3,Sari-Sari / Small Retail,Owned (Clean Title),8,1,0,0
MRK-03285,active,24,0.169,0.3709,0.93,0,5,0.029,0.0,0,0,4.6,3,Public School Teacher,Owned (Clean Title),1,0,0,0
MRK-03286,active,36,0.305,0.2695,0.707,1,3,0.062,4860.67,0,0,7.6,2,BPO / Call Center Agent,Owned (Inherited/Tax Dec),5,0,0,0
MRK-03287,active,24,0.789,0.5779,0.328,1,0,0.26,8112.23,0,0,4.1,2,Tricycle / PUV Operator,Owned (Inherited/Tax Dec),6,1,0,0
MRK-03288,active,36,0.153,0.2789,0.609,1,2,0.072,3676.31,0,0,1.1,1,BPO / Call Center Agent,Owned (Inherited/Tax Dec),9,1,0,0
MRK-03289,active,12,0.186,0.3054,0.801,0,4,0.037,0.0,0,0,2.4,3,Employed (Private/Gov),Owned (Clean Title),7,0,0,0
MRK-03290,active,36,0.781,0.2529,0.787,0,0,0.039,0.0,0,0,9.0,3,Public School Teacher,Rented (Apartment/House),11,0,0,0
MRK-03291,active,12,0.091,0.8,0.914,0,1,0.031,0.0,0,0,8.8,1,Sari-Sari / Small Retail,Living with Parents/Relatives,6,0,0,0
MRK-03292,active,36,0.863,0.2581,0.979,0,5,0.012,0.0,0,0,7.3,3,Agri / Farmer / Fisherfolk,Owned (Inherited/Tax Dec),6,0,0,0
MRK-03293,active,36,0.647,0.05,0.913,0,4,0.028,0.0,0,0,11.0,2,Employed (Private/Gov),Owned (Clean Title),1,0,0,0
MRK-03294,active,36,0.121,0.4191,0.912,0,9,0.02,0.0,0,0,9.0,3,Sari-Sari / Small Retail,Living with Parents/Relatives,11,0,0,0
MRK-03295,active,24,0.595,0.0747,0.882,0,5,0.043,0.0,0,0,6.9,1,OFW Remittance / Dependent,Owned (Clean Title),8,0,0,0
MRK-03296,active,24,0.409,0.3189,0.747,1,3,0.087,7239.93,0,0,6.5,3,Public School Teacher,Rented (Apartment/House),12,0,0,0
MRK-03297,active,24,0.628,0.3593,0.562,1,1,0.132,3132.53,0,0,6.4,2,Sari-Sari / Small Retail,Owned (Inherited/Tax Dec),11,0,0,0
MRK-03298,active,12,0.354,0.3968,0.651,1,0,0.059,11438.63,0,0,3.5,0,Employed (Private/Gov),Rented (Apartment/House),8,1,0,0
MRK-03299,active,24,0.228,0.2274,0.805,0,1,0.015,0.0,0,0,6.6,1,Sari-Sari / Small Retail,Owned (Clean Title),8,0,0,0
MRK-03300,active,24,0.067,0.4686,0.713,0,1,0.041,0.0,0,0,5.9,2,Sari-Sari / Small Retail,Living with Parents/Relatives,8,0,0,0
MRK-03301,active,12,0.456,0.8,0.393,1,1,0.166,12565.07,0,0,19.1,1,Public School Teacher,Rented (Apartment/House),5,1,0,0
MRK-03302,active,36,0.765,0.2648,0.48,1,1,0.059,2784.14,0,0,5.5,1,Tricycle / PUV Operator,Living with Parents/Relatives,8,1,0,0
MRK-03303,active,12,0.451,0.3085,0.96,0,10,0.027,0.0,0,0,4.2,1,Tricycle / PUV Operator,Living with Parents/Relatives,3,0,0,0
MRK-03304,active,12,0.847,0.8,0.549,1,1,0.299,12773.09,1,1,16.7,1,Sari-Sari / Small Retail,Rented (Apartment/House),3,1,0,0
MRK-03305,active,36,0.84,0.1325,0.668,1,2,0.051,2158.46,0,0,7.3,2,Public School Teacher,Owned (Inherited/Tax Dec),4,0,0,0
MRK-03306,active,12,0.293,0.6134,0.456,1,0,0.123,12629.7,0,0,3.8,2,Agri / Farmer / Fisherfolk,Owned (Inherited/Tax Dec),7,1,0,0
MRK-03307,active,36,0.415,0.5057,0.436,1,0,0.255,4920.07,0,0,11.0,1,Employed (Private/Gov),Owned (Inherited/Tax Dec),8,1,0,0
MRK-03308,active,12,0.505,0.4437,0.952,0,3,0.004,0.0,0,0,8.9,1,Employed (Private/Gov),Living with Parents/Relatives,7,0,0,0
MRK-03309,active,12,0.821,0.331,0.845,0,4,0.058,0.0,0,0,8.2,0,OFW Remittance / Dependent,Rented (Apartment/House),12,0,0,0
MRK-03310,active,36,0.112,0.1492,0.874,0,4,0.048,0.0,0,0,5.7,2,OFW Remittance / Dependent,Living with Parents/Relatives,8,0,0,0
MRK-03311,active,36,0.566,0.2143,0.986,0,6,0.022,0.0,0,0,6.2,3,BPO / Call Center Agent,Owned (Clean Title),4,0,0,0
MRK-03312,active,12,0.914,0.1608,0.998,0,7,0.002,0.0,0,0,11.2,0,BPO / Call Center Agent,Owned (Clean Title),8,0,0,0
MRK-03313,active,36,0.106,0.151,0.758,0,3,0.082,0.0,0,0,8.5,0,OFW Remittance / Dependent,Owned (Clean Title),12,0,0,0
MRK-03314,active,24,0.706,0.2196,0.9,0,10,0.008,0.0,0,0,4.9,3,Tricycle / PUV Operator,Owned (Clean Title),3,0,0,0
MRK-03315,active,36,0.625,0.2401,0.673,0,0,0.055,0.0,0,0,8.0,1,Employed (Private/Gov),Owned (Clean Title),7,0,0,0
MRK-03316,active,12,0.784,0.221,0.718,1,3,0.054,5436.1,0,0,3.6,2,OFW Remittance / Dependent,Owned (Inherited/Tax Dec),8,0,0,0
MRK-03317,active,24,0.923,0.3374,0.672,1,1,0.104,2825.03,0,0,5.0,1,Public School Teacher,Rented (Apartment/House),3,1,0,0
MRK-03318,active,36,0.878,0.1526,0.991,0,6,0.021,0.0,0,0,8.4,0,Public School Teacher,Living with Parents/Relatives,7,0,0,0
MRK-03319,active,12,0.075,0.597,0.934,0,8,0.007,0.0,0,0,6.1,2,Tricycle / PUV Operator,Living with Parents/Relatives,8,0,0,0
MRK-03320,active,24,0.528,0.3039,0.764,1,0,0.049,8015.15,0,0,5.4,1,OFW Remittance / Dependent,Living with Parents/Relatives,10,0,0,0
MRK-03321,active,12,0.132,0.6304,0.677,1,1,0.102,12639.62,0,0,5.4,0,OFW Remittance / Dependent,Owned (Inherited/Tax Dec),6,1,0,0
MRK-03322,active,24,0.232,0.5131,0.918,0,5,0.003,0.0,0,0,11.9,1,Tricycle / PUV Operator,Living with Parents/Relatives,10,0,0,0
MRK-03323,active,36,0.709,0.3826,0.448,1,0,0.178,4748.15,0,0,2.2,3,Tricycle / PUV Operator,Owned (Clean Title),9,1,0,0
MRK-03324,active,36,0.281,0.3166,0.786,0,2,0.017,0.0,0,0,16.6,0,Agri / Farmer / Fisherfolk,Owned (Inherited/Tax Dec),3,0,0,0
MRK-03325,active,12,0.648,0.5396,0.529,1,0,0.174,12320.67,0,0,2.4,2,Sari-Sari / Small Retail,Owned (Clean Title),1,1,0,0
MRK-03326,active,36,0.432,0.5111,0.442,1,1,0.165,6374.11,0,0,4.8,1,OFW Remittance / Dependent,Rented (Apartment/House),2,1,0,0
MRK-03327,active,24,0.44,0.0841,0.949,0,8,0.005,0.0,0,0,6.1,1,Employed (Private/Gov),Owned (Clean Title),11,0,0,0
MRK-03328,active,24,0.186,0.1787,0.732,1,2,0.097,4262.16,0,0,7.1,0,BPO / Call Center Agent,Owned (Clean Title),1,0,0,0
MRK-03329,active,24,0.777,0.3548,0.46,1,1,0.154,5919.01,0,0,5.7,2,Public School Teacher,Owned (Clean Title),12,1,0,0
MRK-03330,active,36,0.852,0.1285,0.879,0,1,0.025,0.0,0,0,18.3,1,BPO / Call Center Agent,Owned (Clean Title),1,0,0,0
MRK-03331,active,24,0.253,0.2552,0.864,0,1,0.042,0.0,0,0,10.7,2,BPO / Call Center Agent,Owned (Clean Title),12,0,0,0
MRK-03332,active,24,0.603,0.1293,0.928,0,3,0.001,0.0,0,0,13.4,1,Employed (Private/Gov),Rented (Apartment/House),3,0,0,0
MRK-03333,active,12,0.125,0.2224,0.802,0,3,0.03,0.0,0,0,6.4,1,OFW Remittance / Dependent,Owned (Inherited/Tax Dec),12,0,0,0
MRK-03334,active,12,0.914,0.3929,0.514,1,1,0.064,6686.61,0,0,8.4,3,Employed (Private/Gov),Owned (Inherited/Tax Dec),7,1,0,0
MRK-03335,active,24,0.419,0.3001,0.802,0,3,0.089,0.0,0,0,6.6,1,BPO / Call Center Agent,Rented (Apartment/House),9,0,0,0
MRK-03336,active,36,0.774,0.181,0.926,0,4,0.022,0.0,0,0,4.8,0,Sari-Sari / Small Retail,Owned (Clean Title),1,0,0,0
MRK-03337,active,36,0.792,0.2755,0.699,1,1,0.096,5386.48,0,0,3.8,4,BPO / Call Center Agent,Owned (Inherited/Tax Dec),10,1,0,0
MRK-03338,active,12,0.901,0.3219,0.99,0,7,0.018,0.0,0,0,2.5,1,Employed (Private/Gov),Rented (Apartment/House),12,0,0,0
MRK-03339,active,24,0.335,0.5589,0.555,1,1,0.109,6491.76,0,0,1.7,1,Sari-Sari / Small Retail,Owned (Inherited/Tax Dec),9,1,0,0
MRK-03340,active,36,0.47,0.1075,0.968,0,6,0.029,0.0,0,0,5.8,2,Sari-Sari / Small Retail,Living with Parents/Relatives,12,0,0,0
MRK-03341,active,12,0.725,0.6049,0.685,0,0,0.098,0.0,0,0,6.1,2,BPO / Call Center Agent,Owned (Inherited/Tax Dec),3,0,0,0
MRK-03342,active,36,0.44,0.4298,0.308,1,1,0.289,5783.79,0,0,8.7,1,OFW Remittance / Dependent,Rented (Apartment/House),10,1,0,0
MRK-03343,active,24,0.829,0.285,0.871,0,5,0.036,0.0,0,0,5.1,1,OFW Remittance / Dependent,Owned (Inherited/Tax Dec),10,0,0,0
MRK-03344,active,36,0.097,0.2033,0.794,0,2,0.037,0.0,0,0,1.3,1,OFW Remittance / Dependent,Owned (Clean Title),1,0,0,0
MRK-03345,active,24,0.172,0.187,0.911,0,9,0.005,0.0,0,0,9.6,0,OFW Remittance / Dependent,Owned (Inherited/Tax Dec),10,0,0,0
MRK-03346,active,36,0.656,0.18,0.761,0,0,0.041,0.0,0,0,1.2,3,Employed (Private/Gov),Rented (Apartment/House),6,0,0,0
MRK-03347,active,36,0.918,0.2751,0.337,1,0,0.265,2818.47,0,0,8.6,3,Employed (Private/Gov),Living with Parents/Relatives,3,0,0,0
MRK-03348,active,12,0.601,0.3601,0.791,0,0,0.064,0.0,0,0,7.3,1,Tricycle / PUV Operator,Owned (Clean Title),6,0,0,0
MRK-03349,active,24,0.126,0.131,0.912,0,10,0.021,0.0,0,0,7.2,0,Sari-Sari / Small Retail,Rented (Apartment/House),9,0,0,0
MRK-03350,active,12,0.412,0.2886,0.893,0,4,0.037,0.0,1,0,1.0,1,Employed (Private/Gov),Rented (Apartment/House),2,0,0,0
MRK-03351,active,12,0.254,0.2762,0.913,0,5,0.017,0.0,0,0,14.4,3,Agri / Farmer / Fisherfolk,Rented (Apartment/House),1,0,0,0
MRK-03352,active,12,0.101,0.4353,0.81,0,4,0.033,0.0,0,0,6.8,4,BPO / Call Center Agent,Rented (Apartment/House),6,1,0,0
MRK-03353,active,36,0.444,0.4508,0.666,1,1,0.105,5868.64,1,1,7.5,1,Agri / Farmer / Fisherfolk,Rented (Apartment/House),10,1,0,0
MRK-03354,active,36,0.912,0.05,0.913,0,8,0.003,0.0,0,0,4.2,2,Agri / Farmer / Fisherfolk,Owned (Inherited/Tax Dec),12,0,0,0
MRK-03355,active,24,0.238,0.2013,0.906,0,1,0.012,0.0,0,0,2.5,1,Public School Teacher,Rented (Apartment/House),7,1,0,0
MRK-03356,active,36,0.898,0.1737,0.781,0,3,0.078,0.0,0,0,4.4,1,Public School Teacher,Living with Parents/Relatives,1,0,0,0
MRK-03357,active,12,0.641,0.4855,0.738,1,0,0.026,7210.52,0,0,6.4,1,Public School Teacher,Owned (Inherited/Tax Dec),7,0,0,0
MRK-03358,active,24,0.719,0.3696,0.792,0,2,0.036,0.0,0,0,5.9,4,Agri / Farmer / Fisherfolk,Owned (Clean Title),3,0,0,0
MRK-03359,active,36,0.617,0.2563,0.888,0,2,0.038,0.0,0,0,5.8,0,Agri / Farmer / Fisherfolk,Living with Parents/Relatives,7,0,0,0
MRK-03360,active,36,0.451,0.2197,0.7,1,0,0.085,4892.51,0,0,17.6,0,Employed (Private/Gov),Owned (Inherited/Tax Dec),7,0,0,0
MRK-03361,active,12,0.485,0.6926,0.662,1,1,0.132,13461.82,0,0,11.2,2,BPO / Call Center Agent,Owned (Inherited/Tax Dec),8,1,0,0
MRK-03362,active,12,0.302,0.2929,0.82,0,2,0.034,0.0,0,0,5.5,2,OFW Remittance / Dependent,Owned (Clean Title),12,0,0,0
MRK-03363,active,24,0.563,0.6971,0.306,1,0,0.176,6663.73,0,0,5.9,2,Agri / Farmer / Fisherfolk,Rented (Apartment/House),4,1,0,0
MRK-03364,active,36,0.67,0.2466,0.68,1,2,0.079,4785.84,0,0,6.5,2,Employed (Private/Gov),Rented (Apartment/House),1,0,0,0
MRK-03365,active,12,0.559,0.3542,0.726,0,0,0.033,0.0,0,0,3.8,4,Public School Teacher,Rented (Apartment/House),2,0,0,0
MRK-03366,active,12,0.378,0.4176,0.807,0,1,0.094,0.0,0,0,3.3,2,Agri / Farmer / Fisherfolk,Owned (Inherited/Tax Dec),4,0,0,0
MRK-03367,active,36,0.482,0.0943,0.901,0,2,0.05,0.0,0,0,9.4,2,Agri / Farmer / Fisherfolk,Owned (Inherited/Tax Dec),1,0,0,0
MRK-03368,active,36,0.082,0.0538,0.93,0,8,0.029,0.0,0,0,6.4,1,Agri / Farmer / Fisherfolk,Living with Parents/Relatives,2,0,0,0
MRK-03369,active,36,0.385,0.1006,0.833,0,5,0.017,0.0,0,0,7.7,0,Public School Teacher,Owned (Inherited/Tax Dec),3,0,0,0
MRK-03370,active,36,0.87,0.1017,0.902,0,3,0.056,0.0,0,0,3.0,2,Sari-Sari / Small Retail,Owned (Inherited/Tax Dec),7,0,0,0
MRK-03371,active,24,0.624,0.3384,0.903,0,4,0.0,0.0,0,0,6.4,2,Employed (Private/Gov),Living with Parents/Relatives,8,0,0,0
MRK-03372,active,12,0.923,0.2231,0.877,0,4,0.045,0.0,0,0,4.4,2,Tricycle / PUV Operator,Owned (Inherited/Tax Dec),5,0,0,0
MRK-03373,active,36,0.076,0.2168,0.793,0,1,0.001,0.0,0,0,16.6,0,Employed (Private/Gov),Owned (Clean Title),9,0,0,0
MRK-03374,active,24,0.421,0.1465,0.849,0,5,0.033,0.0,0,0,5.8,2,Sari-Sari / Small Retail,Rented (Apartment/House),1,0,0,0
MRK-03375,active,12,0.107,0.3007,0.878,0,4,0.009,0.0,0,0,5.4,0,Agri / Farmer / Fisherfolk,Living with Parents/Relatives,3,0,0,0
MRK-03376,active,36,0.676,0.3048,0.817,0,4,0.004,0.0,0,0,14.9,1,Public School Teacher,Owned (Inherited/Tax Dec),6,0,0,0
MRK-03377,active,12,0.73,0.4269,0.919,0,5,0.058,0.0,0,0,8.8,2,BPO / Call Center Agent,Living with Parents/Relatives,6,0,0,0
MRK-03378,active,24,0.741,0.208,0.785,0,2,0.0,0.0,0,0,2.9,3,Employed (Private/Gov),Living with Parents/Relatives,2,0,0,0
MRK-03379,active,36,0.683,0.2519,0.733,0,0,0.064,0.0,0,1,6.5,0,Public School Teacher,Owned (Clean Title),5,0,0,0
MRK-03380,active,36,0.107,0.1638,0.79,0,5,0.025,0.0,0,0,14.1,1,BPO / Call Center Agent,Living with Parents/Relatives,9,0,0,0
MRK-03381,active,36,0.645,0.0561,0.943,0,10,0.005,0.0,0,0,2.2,3,Public School Teacher,Living with Parents/Relatives,6,0,0,0
MRK-03382,active,24,0.358,0.6824,0.689,1,1,0.084,7951.09,0,0,5.3,1,Sari-Sari / Small Retail,Living with Parents/Relatives,7,0,0,0
MRK-03383,active,12,0.198,0.6081,0.784,0,0,0.087,0.0,0,0,15.4,0,Sari-Sari / Small Retail,Rented (Apartment/House),3,0,0,0
MRK-03384,active,24,0.753,0.5247,0.514,1,0,0.121,7514.14,0,0,4.1,1,Employed (Private/Gov),Owned (Clean Title),5,1,0,0
MRK-03385,active,36,0.714,0.0668,0.937,0,7,0.007,0.0,0,0,1.9,1,Sari-Sari / Small Retail,Living with Parents/Relatives,3,0,0,0
MRK-03386,active,36,0.243,0.2573,0.763,1,2,0.073,3435.65,0,0,13.6,1,Sari-Sari / Small Retail,Owned (Clean Title),3,1,0,0
MRK-03387,active,24,0.203,0.375,0.668,1,0,0.123,6734.56,0,0,6.3,2,BPO / Call Center Agent,Living with Parents/Relatives,4,1,0,0
MRK-03388,active,36,0.207,0.1002,0.915,0,3,0.044,0.0,0,0,1.3,3,Public School Teacher,Living with Parents/Relatives,2,0,0,0
MRK-03389,active,12,0.415,0.3023,0.762,0,0,0.057,0.0,0,0,2.7,1,Agri / Farmer / Fisherfolk,Rented (Apartment/House),10,1,0,0
MRK-03390,active,36,0.35,0.2384,0.505,1,0,0.052,3875.04,0,0,1.0,3,Agri / Farmer / Fisherfolk,Owned (Inherited/Tax Dec),9,1,0,0
MRK-03391,active,36,0.5,0.1761,0.803,0,1,0.043,0.0,0,0,10.7,1,Employed (Private/Gov),Rented (Apartment/House),8,0,0,0
MRK-03392,active,36,0.237,0.2875,0.532,1,0,0.099,2166.0,1,1,7.6,2,Public School Teacher,Owned (Clean Title),10,1,0,0
MRK-03393,active,36,0.127,0.1836,0.882,0,9,0.009,0.0,0,0,3.9,3,Agri / Farmer / Fisherfolk,Living with Parents/Relatives,5,0,0,0
MRK-03394,active,24,0.775,0.1488,0.867,0,1,0.025,0.0,0,0,4.3,1,Sari-Sari / Small Retail,Owned (Clean Title),3,0,0,0
MRK-03395,active,24,0.078,0.5866,0.459,1,1,0.128,5790.06,0,0,10.9,3,Agri / Farmer / Fisherfolk,Owned (Inherited/Tax Dec),12,1,0,0
MRK-03396,active,36,0.566,0.1863,0.852,0,3,0.029,0.0,0,0,4.7,2,Employed (Private/Gov),Living with Parents/Relatives,7,0,0,0
MRK-03397,active,24,0.894,0.4021,0.356,1,1,0.16,5014.23,0,0,5.1,3,BPO / Call Center Agent,Living with Parents/Relatives,4,1,0,0
MRK-03398,active,36,0.759,0.5133,0.466,1,0,0.131,3965.82,0,0,7.0,2,Sari-Sari / Small Retail,Living with Parents/Relatives,11,1,0,0
MRK-03399,active,24,0.635,0.05,0.994,0,10,0.012,0.0,0,0,7.1,4,Employed (Private/Gov),Owned (Clean Title),3,0,0,0
MRK-03400,active,36,0.809,0.1255,0.651,0,2,0.093,0.0,0,0,4.2,0,OFW Remittance / Dependent,Owned (Inherited/Tax Dec),1,0,0,0
MRK-03401,active,12,0.796,0.2192,0.869,0,1,0.001,0.0,0,0,6.4,1,OFW Remittance / Dependent,Owned (Inherited/Tax Dec),5,0,0,0
MRK-03402,active,24,0.643,0.4727,0.483,1,0,0.29,8120.68,1,0,5.9,0,Public School Teacher,Owned (Inherited/Tax Dec),10,1,0,0
MRK-03403,active,12,0.824,0.8,0.862,0,2,0.025,0.0,0,0,3.5,1,Tricycle / PUV Operator,Rented (Apartment/House),10,0,0,0
MRK-03404,active,12,0.227,0.2604,0.908,0,3,0.038,0.0,0,0,6.9,2,Employed (Private/Gov),Owned (Clean Title),9,0,0,0
MRK-03405,active,24,0.693,0.2818,0.949,0,5,0.014,0.0,0,0,10.5,1,Sari-Sari / Small Retail,Rented (Apartment/House),5,0,0,0
MRK-03406,active,24,0.149,0.3039,0.866,0,2,0.051,0.0,0,0,9.5,2,Public School Teacher,Owned (Clean Title),1,0,0,0
MRK-03407,active,12,0.051,0.4003,0.907,0,5,0.007,0.0,0,0,5.2,0,Sari-Sari / Small Retail,Rented (Apartment/House),8,0,0,0
MRK-03408,active,12,0.527,0.4189,0.802,1,2,0.043,7339.85,0,0,12.2,2,Public School Teacher,Owned (Inherited/Tax Dec),1,0,0,0
MRK-03409,active,24,0.284,0.2164,0.894,0,9,0.018,0.0,0,0,23.7,1,Tricycle / PUV Operator,Owned (Inherited/Tax Dec),6,0,0,0
MRK-03410,active,24,0.452,0.3312,0.72,0,3,0.092,0.0,0,0,3.2,4,Agri / Farmer / Fisherfolk,Rented (Apartment/House),11,0,0,0
MRK-03411,active,12,0.6,0.6159,0.891,0,5,0.04,0.0,0,0,4.0,0,Tricycle / PUV Operator,Owned (Inherited/Tax Dec),11,0,0,0
MRK-03412,active,36,0.721,0.3824,0.527,1,1,0.143,4694.43,1,0,5.0,1,Employed (Private/Gov),Owned (Clean Title),9,1,0,0
MRK-03413,active,24,0.592,0.6638,0.53,1,0,0.061,8089.66,1,0,4.7,2,Sari-Sari / Small Retail,Rented (Apartment/House),11,1,0,0
MRK-03414,active,24,0.865,0.4485,0.313,1,0,0.083,6886.47,0,0,3.6,3,Public School Teacher,Living with Parents/Relatives,11,1,0,0
MRK-03415,active,36,0.362,0.3664,0.476,1,2,0.134,5975.84,0,1,7.4,1,Sari-Sari / Small Retail,Owned (Clean Title),5,1,0,0
MRK-03416,active,12,0.063,0.2787,0.852,0,5,0.012,0.0,0,0,12.0,0,Public School Teacher,Rented (Apartment/House),3,0,0,0
MRK-03417,active,24,0.121,0.284,0.939,0,6,0.012,0.0,0,0,9.2,0,Tricycle / PUV Operator,Owned (Clean Title),10,0,0,0
MRK-03418,active,12,0.171,0.8,0.388,1,0,0.274,13191.2,1,0,7.9,1,Tricycle / PUV Operator,Owned (Inherited/Tax Dec),1,1,0,0
MRK-03419,active,24,0.656,0.4314,0.685,0,2,0.031,0.0,0,0,7.1,2,Agri / Farmer / Fisherfolk,Owned (Inherited/Tax Dec),8,0,0,0
MRK-03420,active,36,0.622,0.159,0.866,0,4,0.031,0.0,0,0,8.7,1,Agri / Farmer / Fisherfolk,Living with Parents/Relatives,8,0,0,0
MRK-03421,active,24,0.456,0.2968,0.486,1,2,0.155,4512.2,0,0,10.3,0,OFW Remittance / Dependent,Owned (Clean Title),9,1,0,0
MRK-03422,active,36,0.387,0.2551,0.797,1,2,0.042,5881.52,0,0,4.6,1,OFW Remittance / Dependent,Living with Parents/Relatives,2,0,0,0
MRK-03423,active,36,0.22,0.218,0.625,1,0,0.068,2488.17,1,0,6.0,0,Public School Teacher,Owned (Clean Title),5,1,0,0
MRK-03424,active,36,0.595,0.1987,0.837,0,1,0.06,0.0,0,0,10.5,0,BPO / Call Center Agent,Owned (Clean Title),8,0,0,0
MRK-03425,active,24,0.599,0.3266,0.655,1,3,0.049,6755.13,0,0,4.6,1,BPO / Call Center Agent,Owned (Clean Title),8,0,0,0
MRK-03426,active,12,0.949,0.3507,0.913,0,10,0.03,0.0,0,0,25.6,0,Public School Teacher,Owned (Clean Title),7,0,0,0
MRK-03427,active,12,0.78,0.7577,0.472,1,0,0.097,8932.04,0,0,3.7,4,Tricycle / PUV Operator,Owned (Inherited/Tax Dec),5,1,0,0
MRK-03428,active,24,0.878,0.2755,0.794,0,5,0.008,0.0,0,0,9.5,1,Agri / Farmer / Fisherfolk,Rented (Apartment/House),6,0,0,0
MRK-03429,active,24,0.447,0.3202,0.976,0,3,0.018,0.0,0,0,3.6,1,BPO / Call Center Agent,Living with Parents/Relatives,4,0,0,0
MRK-03430,active,24,0.67,0.3878,0.578,1,0,0.161,4258.67,1,0,7.3,1,Public School Teacher,Owned (Clean Title),8,1,0,0
MRK-03431,active,12,0.265,0.8,0.54,1,2,0.057,12971.25,0,1,12.5,2,Sari-Sari / Small Retail,Owned (Clean Title),11,1,0,0
MRK-03432,active,36,0.35,0.05,0.985,0,9,0.007,0.0,0,0,10.1,1,Tricycle / PUV Operator,Rented (Apartment/House),1,0,0,0
MRK-03433,active,36,0.808,0.1997,0.781,0,2,0.006,0.0,0,0,6.4,2,Agri / Farmer / Fisherfolk,Living with Parents/Relatives,2,0,0,0
MRK-03434,active,36,0.68,0.1755,0.938,0,8,0.008,0.0,0,0,7.3,2,OFW Remittance / Dependent,Rented (Apartment/House),10,0,0,0
MRK-03435,active,36,0.237,0.3523,0.866,0,3,0.027,0.0,0,0,2.2,3,Tricycle / PUV Operator,Living with Parents/Relatives,9,0,0,0
MRK-03436,active,12,0.058,0.4961,0.793,0,5,0.053,0.0,0,0,6.3,3,OFW Remittance / Dependent,Rented (Apartment/House),8,0,0,0
MRK-03437,active,12,0.29,0.2274,0.991,0,6,0.028,0.0,0,0,4.3,1,Sari-Sari / Small Retail,Rented (Apartment/House),6,0,0,0
MRK-03438,active,12,0.945,0.4018,0.857,0,2,0.059,0.0,0,0,4.5,1,Public School Teacher,Living with Parents/Relatives,6,0,0,0
MRK-03439,active,12,0.054,0.703,0.389,1,1,0.16,7127.9,1,0,7.5,2,Public School Teacher,Owned (Inherited/Tax Dec),1,1,0,0
MRK-03440,active,12,0.763,0.5854,0.773,0,2,0.06,0.0,0,0,6.1,0,Agri / Farmer / Fisherfolk,Rented (Apartment/House),3,0,0,0
MRK-03441,active,24,0.337,0.1509,0.801,0,3,0.019,0.0,0,0,12.6,2,OFW Remittance / Dependent,Rented (Apartment/House),4,0,0,0
MRK-03442,active,36,0.622,0.1132,0.907,0,1,0.02,0.0,0,0,5.3,1,Public School Teacher,Owned (Clean Title),9,0,0,0
MRK-03443,active,24,0.19,0.1806,0.916,0,4,0.027,0.0,0,0,7.1,0,Tricycle / PUV Operator,Owned (Inherited/Tax Dec),7,0,0,0
MRK-03444,active,36,0.816,0.1886,0.872,0,1,0.011,0.0,0,0,7.0,3,OFW Remittance / Dependent,Living with Parents/Relatives,9,0,0,0
MRK-03445,active,24,0.552,0.2975,0.556,1,1,0.061,3724.44,0,0,2.3,2,Employed (Private/Gov),Rented (Apartment/House),8,1,0,0
MRK-03446,active,12,0.243,0.5267,0.775,0,2,0.084,0.0,0,0,5.5,3,Agri / Farmer / Fisherfolk,Owned (Clean Title),12,0,0,0
MRK-03447,active,36,0.833,0.2987,0.889,0,10,0.003,0.0,0,0,7.8,2,Employed (Private/Gov),Owned (Inherited/Tax Dec),5,0,0,0
MRK-03448,active,36,0.283,0.1846,0.804,0,3,0.015,0.0,0,0,3.4,2,Sari-Sari / Small Retail,Owned (Inherited/Tax Dec),4,0,0,0
MRK-03449,active,24,0.672,0.1805,0.973,0,5,0.025,0.0,0,0,5.8,2,OFW Remittance / Dependent,Living with Parents/Relatives,7,0,0,0
MRK-03450,active,24,0.625,0.3592,0.863,0,1,0.04,0.0,0,0,5.0,4,Tricycle / PUV Operator,Owned (Inherited/Tax Dec),6,0,0,0
MRK-03451,active,24,0.597,0.0588,0.998,0,3,0.029,0.0,0,0,3.6,2,Public School Teacher,Owned (Inherited/Tax Dec),12,0,0,0
MRK-03452,active,36,0.372,0.4981,0.719,1,2,0.043,5332.39,0,0,4.9,4,BPO / Call Center Agent,Living with Parents/Relatives,1,0,0,0
MRK-03453,active,24,0.475,0.5536,0.405,1,1,0.085,8199.52,0,0,7.7,2,Employed (Private/Gov),Living with Parents/Relatives,2,1,0,0
MRK-03454,active,36,0.557,0.4024,0.825,0,5,0.036,0.0,0,0,3.1,2,BPO / Call Center Agent,Owned (Clean Title),12,0,0,0
MRK-03455,active,12,0.518,0.5681,0.369,1,1,0.213,6846.2,0,0,17.1,3,Tricycle / PUV Operator,Owned (Inherited/Tax Dec),6,1,0,0
MRK-03456,active,12,0.707,0.7567,0.5,1,1,0.205,12839.13,0,0,9.4,3,OFW Remittance / Dependent,Owned (Clean Title),11,1,0,0
MRK-03457,active,24,0.142,0.2808,0.893,0,5,0.056,0.0,0,0,6.4,2,Sari-Sari / Small Retail,Owned (Inherited/Tax Dec),9,0,0,0
MRK-03458,active,24,0.239,0.5425,0.964,0,10,0.02,0.0,0,0,7.6,3,Tricycle / PUV Operator,Rented (Apartment/House),12,0,0,0
MRK-03459,active,12,0.781,0.6752,0.625,1,2,0.134,8355.19,0,0,4.5,1,Sari-Sari / Small Retail,Living with Parents/Relatives,8,1,0,0
MRK-03460,active,36,0.738,0.1315,0.713,1,3,0.097,2161.58,0,0,3.9,1,Tricycle / PUV Operator,Owned (Inherited/Tax Dec),3,0,0,0
MRK-03461,active,36,0.559,0.1822,0.68,0,0,0.077,0.0,0,0,3.0,1,Sari-Sari / Small Retail,Owned (Clean Title),8,0,0,0
MRK-03462,active,12,0.687,0.4583,0.847,0,2,0.003,0.0,0,0,1.6,0,OFW Remittance / Dependent,Living with Parents/Relatives,2,0,0,0
MRK-03463,active,36,0.059,0.3283,0.679,1,2,0.169,5053.87,0,0,15.4,1,Sari-Sari / Small Retail,Rented (Apartment/House),1,1,0,0
MRK-03464,active,12,0.501,0.5234,0.699,1,2,0.104,13786.23,0,0,5.0,0,BPO / Call Center Agent,Owned (Inherited/Tax Dec),4,1,0,0
MRK-03465,active,24,0.246,0.1153,0.856,0,3,0.012,0.0,0,0,18.6,0,Sari-Sari / Small Retail,Rented (Apartment/House),9,0,0,0
MRK-03466,active,24,0.843,0.3995,0.89,0,5,0.024,0.0,0,0,2.9,2,BPO / Call Center Agent,Owned (Clean Title),11,0,0,0
MRK-03467,active,36,0.409,0.0974,0.915,0,3,0.039,0.0,0,0,5.8,1,Employed (Private/Gov),Owned (Inherited/Tax Dec),7,0,0,0
MRK-03468,active,36,0.099,0.3487,0.459,1,1,0.127,4611.56,0,0,10.0,2,Sari-Sari / Small Retail,Living with Parents/Relatives,10,1,0,0
MRK-03469,active,24,0.754,0.3237,0.503,1,1,0.219,3882.57,0,0,5.2,2,OFW Remittance / Dependent,Owned (Inherited/Tax Dec),7,1,0,0
MRK-03470,active,36,0.094,0.11,0.849,0,4,0.017,0.0,0,0,11.8,2,OFW Remittance / Dependent,Living with Parents/Relatives,11,0,0,0
MRK-03471,active,12,0.479,0.2143,0.879,0,3,0.052,0.0,0,0,9.1,1,Tricycle / PUV Operator,Owned (Inherited/Tax Dec),7,0,0,0
MRK-03472,active,12,0.945,0.8,0.825,0,2,0.046,0.0,0,0,11.7,4,Agri / Farmer / Fisherfolk,Rented (Apartment/House),9,0,0,0
MRK-03473,active,36,0.9,0.4172,0.817,0,1,0.012,0.0,0,0,1.3,2,Sari-Sari / Small Retail,Rented (Apartment/House),8,0,0,0
MRK-03474,active,24,0.485,0.4081,0.8,1,1,0.094,5420.25,0,0,6.2,0,Public School Teacher,Living with Parents/Relatives,10,0,0,0
MRK-03475,active,24,0.637,0.2107,0.955,0,3,0.023,0.0,0,0,5.7,1,Agri / Farmer / Fisherfolk,Owned (Clean Title),2,0,0,0
MRK-03476,active,36,0.89,0.0954,0.881,0,5,0.009,0.0,0,0,12.8,2,Tricycle / PUV Operator,Owned (Inherited/Tax Dec),11,0,0,0
MRK-03477,active,24,0.548,0.1244,0.838,0,4,0.031,0.0,0,0,9.9,1,BPO / Call Center Agent,Living with Parents/Relatives,2,0,0,0
MRK-03478,active,36,0.935,0.1854,0.875,0,4,0.037,0.0,0,0,13.3,1,BPO / Call Center Agent,Owned (Clean Title),1,0,0,0
MRK-03479,active,12,0.109,0.3192,0.809,0,1,0.055,0.0,0,0,6.0,2,Agri / Farmer / Fisherfolk,Owned (Clean Title),7,0,0,0
MRK-03480,active,36,0.747,0.4589,0.568,1,2,0.055,4271.13,0,0,7.8,1,Tricycle / PUV Operator,Living with Parents/Relatives,8,1,0,0
MRK-03481,active,24,0.519,0.1108,0.904,0,10,0.023,0.0,0,0,4.7,2,Employed (Private/Gov),Owned (Clean Title),7,0,0,0
MRK-03482,active,36,0.413,0.1363,0.966,0,3,0.008,0.0,0,0,4.6,0,Agri / Farmer / Fisherfolk,Owned (Inherited/Tax Dec),11,1,0,0
MRK-03483,active,12,0.072,0.5394,0.884,0,3,0.02,0.0,0,0,10.4,1,Tricycle / PUV Operator,Owned (Inherited/Tax Dec),5,0,0,0
MRK-03484,active,36,0.308,0.2014,0.919,0,9,0.019,0.0,0,0,3.7,2,OFW Remittance / Dependent,Living with Parents/Relatives,2,0,0,0
MRK-03485,active,24,0.519,0.1988,0.655,0,3,0.053,0.0,0,0,7.0,3,Employed (Private/Gov),Living with Parents/Relatives,10,0,0,0
MRK-03486,active,36,0.212,0.3161,0.543,1,1,0.125,4141.62,0,0,8.2,2,OFW Remittance / Dependent,Owned (Inherited/Tax Dec),1,1,0,0
MRK-03487,active,36,0.746,0.1824,0.532,1,1,0.075,2141.15,0,0,3.4,2,Public School Teacher,Owned (Inherited/Tax Dec),7,0,0,0
MRK-03488,active,24,0.262,0.06,0.937,0,9,0.001,0.0,0,0,9.4,1,BPO / Call Center Agent,Living with Parents/Relatives,5,0,0,0
MRK-03489,active,24,0.263,0.3045,0.772,0,1,0.089,0.0,0,0,1.2,2,Agri / Farmer / Fisherfolk,Rented (Apartment/House),6,1,0,0
MRK-03490,active,12,0.313,0.5307,0.796,1,1,0.04,9130.33,0,0,10.6,1,Employed (Private/Gov),Rented (Apartment/House),5,1,0,0
MRK-03491,active,36,0.14,0.2242,0.672,0,0,0.055,0.0,0,0,7.5,1,OFW Remittance / Dependent,Rented (Apartment/House),3,0,0,0
MRK-03492,active,36,0.426,0.1645,0.955,0,6,0.025,0.0,0,0,7.4,1,Tricycle / PUV Operator,Living with Parents/Relatives,11,0,0,0
MRK-03493,active,24,0.45,0.3699,0.6,1,1,0.054,3212.24,0,0,3.4,1,Tricycle / PUV Operator,Owned (Clean Title),11,1,0,0
MRK-03494,active,36,0.699,0.2006,0.694,0,0,0.023,0.0,0,0,8.4,2,BPO / Call Center Agent,Living with Parents/Relatives,9,0,0,0
MRK-03495,active,24,0.949,0.3199,0.917,0,7,0.018,0.0,0,0,2.8,2,Tricycle / PUV Operator,Owned (Clean Title),2,0,0,0
MRK-03496,active,12,0.722,0.8,0.897,0,10,0.02,0.0,0,0,5.2,2,Tricycle / PUV Operator,Living with Parents/Relatives,7,0,0,0
MRK-03497,active,24,0.866,0.0741,0.926,0,8,0.028,0.0,0,0,12.7,3,BPO / Call Center Agent,Owned (Inherited/Tax Dec),8,0,0,0
MRK-03498,active,24,0.884,0.0706,0.901,0,8,0.004,0.0,0,0,11.7,1,Agri / Farmer / Fisherfolk,Owned (Clean Title),5,0,0,0
MRK-03499,active,24,0.435,0.5342,0.843,0,4,0.031,0.0,0,0,11.4,4,Agri / Farmer / Fisherfolk,Owned (Inherited/Tax Dec),8,0,0,0
MRK-03500,active,12,0.672,0.5047,0.97,0,8,0.0,0.0,0,0,7.8,0,OFW Remittance / Dependent,Owned (Inherited/Tax Dec),3,0,0,0
MRK-03501,active,12,0.694,0.8,0.724,0,3,0.066,0.0,0,0,17.2,1,Sari-Sari / Small Retail,Owned (Inherited/Tax Dec),12,0,0,0
MRK-03502,active,24,0.485,0.2958,0.52,1,0,0.223,2712.38,1,0,10.3,4,Public School Teacher,Living with Parents/Relatives,9,1,0,0
MRK-03503,active,12,0.715,0.8,0.815,1,3,0.087,13656.47,0,0,13.8,1,Public School Teacher,Rented (Apartment/House),10,0,0,0
MRK-03504,active,36,0.674,0.2718,0.873,0,5,0.03,0.0,0,0,6.8,1,Sari-Sari / Small Retail,Rented (Apartment/House),1,0,0,0
MRK-03505,active,36,0.9,0.1375,0.801,0,3,0.044,0.0,0,0,8.7,0,Tricycle / PUV Operator,Living with Parents/Relatives,9,0,0,0
MRK-03506,active,12,0.654,0.5909,0.919,0,5,0.028,0.0,0,0,1.0,3,OFW Remittance / Dependent,Owned (Inherited/Tax Dec),2,0,0,0
MRK-03507,active,12,0.1,0.2577,0.916,0,1,0.028,0.0,0,0,6.6,1,Sari-Sari / Small Retail,Living with Parents/Relatives,9,0,0,0
MRK-03508,active,36,0.852,0.4777,0.563,1,0,0.239,6292.13,0,0,11.8,1,Public School Teacher,Living with Parents/Relatives,10,1,0,0
MRK-03509,active,36,0.183,0.0876,0.901,0,9,0.026,0.0,0,0,5.8,2,Public School Teacher,Living with Parents/Relatives,6,0,0,0
MRK-03510,active,12,0.825,0.4008,0.916,0,1,0.012,0.0,0,0,2.6,3,OFW Remittance / Dependent,Living with Parents/Relatives,8,0,0,0
MRK-03511,active,24,0.182,0.1448,0.79,0,1,0.014,0.0,0,0,4.0,2,Agri / Farmer / Fisherfolk,Living with Parents/Relatives,3,0,0,0
MRK-03512,active,12,0.498,0.4338,0.716,0,1,0.026,0.0,0,0,16.5,4,Agri / Farmer / Fisherfolk,Owned (Inherited/Tax Dec),6,0,0,0
MRK-03513,active,12,0.68,0.3188,0.661,1,2,0.067,7219.4,0,0,14.4,1,OFW Remittance / Dependent,Owned (Inherited/Tax Dec),7,1,0,0
MRK-03514,active,36,0.335,0.4005,0.426,1,1,0.187,4369.41,0,0,9.9,1,BPO / Call Center Agent,Living with Parents/Relatives,10,1,0,0
MRK-03515,active,24,0.577,0.2293,0.73,1,3,0.052,4974.6,0,0,1.9,4,Employed (Private/Gov),Living with Parents/Relatives,3,0,0,0
MRK-03516,active,36,0.247,0.3376,0.552,1,0,0.163,3279.9,0,0,14.2,2,Sari-Sari / Small Retail,Living with Parents/Relatives,7,1,0,0
MRK-03517,active,12,0.094,0.3448,0.926,0,9,0.03,0.0,0,0,9.0,0,OFW Remittance / Dependent,Owned (Clean Title),7,0,0,0
MRK-03518,active,12,0.429,0.2723,0.928,0,4,0.02,0.0,0,0,11.7,1,OFW Remittance / Dependent,Living with Parents/Relatives,5,0,0,0
MRK-03519,active,24,0.745,0.1094,0.852,0,4,0.056,0.0,0,0,13.7,1,Agri / Farmer / Fisherfolk,Owned (Inherited/Tax Dec),12,1,0,0
MRK-03520,active,36,0.34,0.2193,0.879,0,3,0.032,0.0,0,0,5.0,2,OFW Remittance / Dependent,Owned (Clean Title),12,0,0,0
MRK-03521,active,12,0.133,0.5764,0.352,1,1,0.223,13331.27,0,0,8.3,3,Public School Teacher,Rented (Apartment/House),1,1,0,0
MRK-03522,active,36,0.473,0.2491,0.618,1,1,0.142,2876.14,0,0,7.8,2,OFW Remittance / Dependent,Owned (Inherited/Tax Dec),3,1,0,0
MRK-03523,active,24,0.341,0.3451,0.903,0,5,0.025,0.0,0,0,6.5,1,BPO / Call Center Agent,Owned (Clean Title),3,0,0,0
MRK-03524,active,24,0.109,0.4011,0.531,1,0,0.159,5055.09,1,1,4.0,2,BPO / Call Center Agent,Owned (Inherited/Tax Dec),12,1,0,0
MRK-03525,active,12,0.221,0.4238,0.759,0,1,0.056,0.0,0,0,2.8,2,OFW Remittance / Dependent,Owned (Clean Title),9,0,0,0
MRK-03526,active,12,0.382,0.7458,0.882,0,1,0.031,0.0,0,0,9.0,3,Agri / Farmer / Fisherfolk,Owned (Clean Title),12,0,0,0
MRK-03527,active,12,0.344,0.7841,0.32,1,1,0.227,13432.49,1,1,8.3,2,Agri / Farmer / Fisherfolk,Owned (Inherited/Tax Dec),3,1,0,0
MRK-03528,active,24,0.511,0.2992,0.925,0,8,0.004,0.0,0,0,5.7,2,BPO / Call Center Agent,Living with Parents/Relatives,1,0,0,0
MRK-03529,active,24,0.577,0.2672,0.912,0,5,0.046,0.0,0,0,6.0,2,Sari-Sari / Small Retail,Living with Parents/Relatives,6,0,0,0
MRK-03530,active,36,0.199,0.4812,0.456,1,0,0.274,6342.22,0,0,2.2,2,BPO / Call Center Agent,Living with Parents/Relatives,11,1,0,0
MRK-03531,active,24,0.421,0.3,0.881,0,4,0.005,0.0,0,0,8.3,4,Tricycle / PUV Operator,Rented (Apartment/House),12,0,0,0
MRK-03532,active,12,0.746,0.7771,0.466,1,1,0.171,12089.92,0,0,4.3,3,Tricycle / PUV Operator,Owned (Inherited/Tax Dec),7,1,0,0
MRK-03533,active,24,0.265,0.1931,0.819,0,2,0.011,0.0,0,0,5.0,1,Tricycle / PUV Operator,Rented (Apartment/House),9,0,0,0
MRK-03534,active,36,0.289,0.2472,0.912,0,5,0.007,0.0,0,0,7.4,0,Tricycle / PUV Operator,Rented (Apartment/House),1,0,0,0
MRK-03535,active,36,0.502,0.1359,0.861,0,2,0.012,0.0,0,0,11.5,0,Employed (Private/Gov),Owned (Clean Title),7,0,0,0
MRK-03536,active,36,0.318,0.1335,0.804,0,2,0.016,0.0,0,0,7.6,3,BPO / Call Center Agent,Rented (Apartment/House),5,0,0,0
MRK-03537,active,24,0.161,0.2957,0.904,0,8,0.008,0.0,0,1,2.5,1,Public School Teacher,Owned (Inherited/Tax Dec),9,0,0,0
MRK-03538,active,36,0.697,0.1772,0.781,0,2,0.027,0.0,0,0,2.1,2,OFW Remittance / Dependent,Rented (Apartment/House),1,0,0,0
MRK-03539,active,36,0.192,0.0538,0.962,0,10,0.014,0.0,0,0,6.3,0,OFW Remittance / Dependent,Rented (Apartment/House),5,0,0,0
MRK-03540,active,36,0.565,0.1751,0.852,0,5,0.019,0.0,0,0,4.3,3,Employed (Private/Gov),Owned (Clean Title),9,0,0,0
MRK-03541,active,24,0.73,0.1564,0.818,0,1,0.015,0.0,0,0,2.5,3,Employed (Private/Gov),Owned (Clean Title),7,0,0,0
MRK-03542,active,36,0.855,0.1807,0.886,0,7,0.023,0.0,0,0,30.0,1,Tricycle / PUV Operator,Owned (Clean Title),11,0,0,0
MRK-03543,active,12,0.277,0.6942,0.844,0,5,0.009,0.0,0,0,10.7,2,Tricycle / PUV Operator,Living with Parents/Relatives,12,0,0,0
MRK-03544,active,36,0.305,0.4572,0.869,0,3,0.029,0.0,0,0,7.5,1,Public School Teacher,Living with Parents/Relatives,3,0,0,0
MRK-03545,active,12,0.798,0.383,0.918,0,3,0.024,0.0,0,0,5.8,0,OFW Remittance / Dependent,Owned (Clean Title),6,0,0,0
MRK-03546,active,24,0.16,0.2615,0.537,1,0,0.095,3194.97,0,0,5.4,3,Public School Teacher,Owned (Inherited/Tax Dec),7,1,0,0
MRK-03547,active,24,0.427,0.3119,0.792,0,3,0.002,0.0,0,0,6.0,2,Tricycle / PUV Operator,Owned (Clean Title),7,0,0,0
MRK-03548,active,24,0.16,0.1774,0.913,0,3,0.031,0.0,0,0,6.9,1,Employed (Private/Gov),Rented (Apartment/House),5,0,0,0
MRK-03549,active,36,0.538,0.1414,0.688,0,0,0.084,0.0,0,0,8.7,2,Public School Teacher,Rented (Apartment/House),8,0,0,0
MRK-03550,active,12,0.605,0.5652,0.935,0,8,0.025,0.0,0,0,2.4,2,Employed (Private/Gov),Rented (Apartment/House),12,0,0,0
MRK-03551,active,12,0.061,0.2423,0.852,0,5,0.042,0.0,0,0,19.8,2,OFW Remittance / Dependent,Owned (Clean Title),9,0,0,0
MRK-03552,active,12,0.723,0.1483,0.886,0,2,0.058,0.0,0,0,7.6,3,Employed (Private/Gov),Rented (Apartment/House),11,0,0,0
MRK-03553,active,36,0.133,0.0766,0.822,0,4,0.04,0.0,0,0,5.1,3,Public School Teacher,Owned (Inherited/Tax Dec),5,0,0,0
MRK-03554,active,36,0.856,0.1233,0.939,0,3,0.028,0.0,0,0,7.5,2,BPO / Call Center Agent,Living with Parents/Relatives,7,0,0,0
MRK-03555,active,24,0.243,0.3527,0.812,0,4,0.005,0.0,0,0,11.4,2,Sari-Sari / Small Retail,Owned (Clean Title),9,0,0,0
MRK-03556,active,24,0.308,0.1575,0.906,0,6,0.002,0.0,0,0,8.4,3,BPO / Call Center Agent,Owned (Clean Title),12,0,0,0
MRK-03557,active,12,0.605,0.0907,0.915,0,1,0.028,0.0,0,0,3.0,1,OFW Remittance / Dependent,Owned (Inherited/Tax Dec),5,0,0,0
MRK-03558,active,24,0.284,0.2414,0.983,0,9,0.02,0.0,0,0,3.2,1,Sari-Sari / Small Retail,Living with Parents/Relatives,12,0,0,0
MRK-03559,active,12,0.671,0.3082,0.59,1,0,0.075,5714.15,0,0,4.9,0,Tricycle / PUV Operator,Rented (Apartment/House),3,1,0,0
MRK-03560,active,36,0.055,0.2042,0.802,0,3,0.096,0.0,0,0,6.2,1,BPO / Call Center Agent,Living with Parents/Relatives,11,0,0,0
MRK-03561,active,36,0.78,0.2575,0.471,1,1,0.195,2175.46,0,0,15.7,1,Public School Teacher,Rented (Apartment/House),3,1,0,0
MRK-03562,active,12,0.726,0.5139,0.661,0,1,0.057,0.0,1,0,7.2,1,OFW Remittance / Dependent,Living with Parents/Relatives,11,0,0,0
MRK-03563,active,24,0.371,0.2599,0.921,0,3,0.0,0.0,0,0,8.0,2,Tricycle / PUV Operator,Rented (Apartment/House),11,0,0,0
MRK-03564,active,12,0.932,0.461,0.865,0,4,0.011,0.0,0,0,9.9,2,Agri / Farmer / Fisherfolk,Owned (Inherited/Tax Dec),9,0,0,0
MRK-03565,active,24,0.06,0.3218,0.929,0,7,0.029,0.0,0,0,4.9,0,BPO / Call Center Agent,Rented (Apartment/House),2,0,0,0
MRK-03566,active,12,0.673,0.4878,0.689,0,2,0.04,0.0,0,0,6.2,1,Sari-Sari / Small Retail,Owned (Clean Title),10,0,0,0
MRK-03567,active,36,0.439,0.4103,0.763,0,0,0.04,0.0,0,0,8.2,0,OFW Remittance / Dependent,Owned (Clean Title),10,0,0,0
MRK-03568,active,12,0.309,0.7515,0.511,1,2,0.117,7752.31,0,0,3.1,1,Tricycle / PUV Operator,Owned (Inherited/Tax Dec),3,1,0,0
MRK-03569,active,24,0.263,0.2329,0.716,1,2,0.06,3533.76,0,0,13.7,4,Employed (Private/Gov),Owned (Inherited/Tax Dec),6,0,0,0
MRK-03570,active,24,0.816,0.2647,0.773,0,2,0.048,0.0,0,0,4.1,2,Agri / Farmer / Fisherfolk,Owned (Inherited/Tax Dec),9,0,0,0
MRK-03571,active,24,0.325,0.2643,0.907,0,3,0.034,0.0,0,0,17.0,2,BPO / Call Center Agent,Owned (Clean Title),3,0,0,0
MRK-03572,active,24,0.766,0.2622,0.695,0,3,0.05,0.0,0,0,3.7,1,Agri / Farmer / Fisherfolk,Rented (Apartment/House),7,0,0,0
MRK-03573,active,12,0.379,0.6211,0.573,1,1,0.123,10424.69,1,0,3.1,1,OFW Remittance / Dependent,Living with Parents/Relatives,12,1,0,0
MRK-03574,active,24,0.674,0.4392,0.64,1,1,0.053,8380.75,0,0,1.9,2,Sari-Sari / Small Retail,Rented (Apartment/House),4,1,0,0
MRK-03575,active,24,0.774,0.3459,0.628,1,0,0.063,2925.67,0,0,1.3,1,Tricycle / PUV Operator,Owned (Inherited/Tax Dec),11,1,0,0
MRK-03576,active,24,0.272,0.3209,0.385,1,0,0.298,3033.8,1,0,2.8,2,BPO / Call Center Agent,Rented (Apartment/House),8,1,0,0
MRK-03577,active,36,0.845,0.05,0.882,0,9,0.03,0.0,0,0,4.3,1,Employed (Private/Gov),Owned (Clean Title),1,0,0,0
MRK-03578,active,12,0.509,0.8,0.702,0,2,0.039,0.0,0,0,13.2,1,Employed (Private/Gov),Rented (Apartment/House),2,0,0,0
MRK-03579,active,36,0.537,0.3338,0.952,0,8,0.0,0.0,0,0,1.0,1,Agri / Farmer / Fisherfolk,Owned (Clean Title),1,0,0,0
MRK-03580,active,36,0.213,0.2694,0.904,0,3,0.009,0.0,0,0,6.9,4,OFW Remittance / Dependent,Owned (Inherited/Tax Dec),4,0,0,0
MRK-03581,active,12,0.24,0.8,0.552,1,2,0.154,12253.29,0,1,6.0,3,Sari-Sari / Small Retail,Rented (Apartment/House),11,1,0,0
MRK-03582,active,36,0.555,0.13,0.794,1,1,0.054,2220.95,0,0,5.6,1,Public School Teacher,Living with Parents/Relatives,8,1,0,0
MRK-03583,active,24,0.854,0.0795,0.942,0,8,0.001,0.0,0,0,10.0,4,Public School Teacher,Owned (Clean Title),1,0,0,0
MRK-03584,active,24,0.851,0.3766,0.656,1,2,0.081,7920.72,0,0,1.4,0,BPO / Call Center Agent,Owned (Inherited/Tax Dec),1,1,0,0
MRK-03585,active,12,0.175,0.3862,0.903,0,1,0.05,0.0,0,0,9.7,2,Employed (Private/Gov),Owned (Clean Title),7,0,0,0
MRK-03586,active,24,0.604,0.4126,0.492,1,1,0.117,7021.25,0,0,6.7,0,Employed (Private/Gov),Living with Parents/Relatives,3,1,0,0
MRK-03587,active,36,0.261,0.5223,0.681,1,0,0.062,5620.88,0,0,6.1,1,Tricycle / PUV Operator,Rented (Apartment/House),3,0,0,0
MRK-03588,active,36,0.909,0.5359,0.66,0,0,0.056,0.0,0,0,30.0,2,Tricycle / PUV Operator,Owned (Clean Title),10,0,0,0
MRK-03589,active,36,0.799,0.2517,0.702,1,2,0.035,5620.09,0,0,3.7,1,Public School Teacher,Owned (Clean Title),1,0,0,0
MRK-03590,active,12,0.447,0.4336,0.626,1,0,0.061,7765.48,1,0,11.7,0,BPO / Call Center Agent,Owned (Inherited/Tax Dec),2,1,0,0
MRK-03591,active,24,0.583,0.3468,0.723,0,3,0.099,0.0,0,0,8.7,2,Employed (Private/Gov),Owned (Inherited/Tax Dec),8,0,0,0
MRK-03592,active,12,0.091,0.4941,0.794,1,0,0.03,8027.63,0,0,10.6,0,Sari-Sari / Small Retail,Rented (Apartment/House),10,0,0,0
MRK-03593,active,36,0.871,0.2434,0.825,0,4,0.015,0.0,0,0,1.0,1,Sari-Sari / Small Retail,Living with Parents/Relatives,9,0,0,0
MRK-03594,active,12,0.765,0.5241,0.916,0,1,0.002,0.0,0,0,5.8,0,Employed (Private/Gov),Rented (Apartment/House),4,0,0,0
MRK-03595,active,36,0.796,0.0979,0.957,0,6,0.007,0.0,0,0,10.8,2,BPO / Call Center Agent,Owned (Inherited/Tax Dec),9,0,0,0
MRK-03596,active,12,0.828,0.8,0.617,1,0,0.084,11461.19,0,0,6.5,0,Agri / Farmer / Fisherfolk,Owned (Inherited/Tax Dec),6,0,0,0
MRK-03597,active,36,0.458,0.1605,0.82,0,1,0.021,0.0,0,0,6.9,1,OFW Remittance / Dependent,Owned (Inherited/Tax Dec),3,0,0,0
MRK-03598,active,24,0.757,0.3726,0.901,0,4,0.009,0.0,0,0,5.4,2,OFW Remittance / Dependent,Owned (Clean Title),9,0,0,0
MRK-03599,active,36,0.704,0.3189,0.859,0,4,0.052,0.0,0,0,2.2,2,BPO / Call Center Agent,Owned (Inherited/Tax Dec),6,0,0,0
MRK-03600,active,24,0.81,0.5327,0.823,0,4,0.002,0.0,0,0,11.0,2,Sari-Sari / Small Retail,Living with Parents/Relatives,9,0,0,0
MRK-03601,active,12,0.425,0.4596,0.831,0,4,0.005,0.0,0,0,4.8,3,Public School Teacher,Owned (Inherited/Tax Dec),4,0,0,0
MRK-03602,active,36,0.521,0.4919,0.341,1,0,0.131,4706.4,0,0,9.0,1,Sari-Sari / Small Retail,Owned (Inherited/Tax Dec),5,1,0,0
MRK-03603,active,24,0.537,0.2685,0.923,0,5,0.025,0.0,0,0,9.3,2,Public School Teacher,Owned (Clean Title),9,0,0,0
MRK-03604,active,24,0.293,0.6483,0.9,0,4,0.002,0.0,0,0,10.3,1,Tricycle / PUV Operator,Owned (Inherited/Tax Dec),11,0,0,0
MRK-03605,active,24,0.57,0.2937,0.516,1,1,0.09,3011.29,0,1,1.3,3,Sari-Sari / Small Retail,Owned (Clean Title),11,0,0,0
MRK-03606,active,12,0.402,0.3063,0.971,0,4,0.029,0.0,0,0,10.4,2,OFW Remittance / Dependent,Owned (Inherited/Tax Dec),5,0,0,0
MRK-03607,active,12,0.311,0.7763,0.586,1,2,0.086,12905.5,0,0,6.4,2,Employed (Private/Gov),Owned (Clean Title),9,1,0,0
MRK-03608,active,24,0.799,0.2862,0.823,0,4,0.037,0.0,0,0,7.3,2,Agri / Farmer / Fisherfolk,Living with Parents/Relatives,12,0,0,0
MRK-03609,active,36,0.463,0.0882,0.898,0,5,0.053,0.0,0,0,6.8,2,OFW Remittance / Dependent,Owned (Clean Title),1,0,0,0
MRK-03610,active,24,0.351,0.4252,0.873,0,1,0.059,0.0,0,0,13.9,4,Agri / Farmer / Fisherfolk,Owned (Inherited/Tax Dec),1,0,0,0
MRK-03611,active,36,0.154,0.0799,0.836,0,2,0.006,0.0,0,0,6.8,1,Employed (Private/Gov),Rented (Apartment/House),1,0,0,0
MRK-03612,active,36,0.56,0.2189,0.789,1,1,0.027,4078.83,0,0,14.9,1,Tricycle / PUV Operator,Owned (Inherited/Tax Dec),2,0,0,0
MRK-03613,active,24,0.67,0.1689,0.916,0,4,0.029,0.0,0,0,18.6,1,Public School Teacher,Living with Parents/Relatives,2,0,0,0
MRK-03614,active,36,0.275,0.1836,0.811,0,2,0.048,0.0,0,0,4.4,1,Public School Teacher,Rented (Apartment/House),8,0,0,0
MRK-03615,active,12,0.285,0.4296,0.665,1,2,0.098,7136.55,1,0,4.0,2,Employed (Private/Gov),Living with Parents/Relatives,9,1,0,0
MRK-03616,active,12,0.607,0.1249,0.901,0,3,0.011,0.0,0,0,4.8,2,BPO / Call Center Agent,Living with Parents/Relatives,3,0,0,0
MRK-03617,active,24,0.789,0.3752,0.791,0,1,0.046,0.0,0,0,13.6,0,Tricycle / PUV Operator,Living with Parents/Relatives,2,0,0,0
MRK-03618,active,36,0.702,0.3809,0.541,1,0,0.116,5163.72,1,0,4.8,2,BPO / Call Center Agent,Rented (Apartment/House),9,1,0,0
MRK-03619,active,36,0.711,0.2084,0.783,1,3,0.022,2061.47,0,0,12.0,2,Public School Teacher,Owned (Inherited/Tax Dec),4,0,0,0
MRK-03620,active,36,0.743,0.05,0.924,0,9,0.013,0.0,0,0,7.1,2,Public School Teacher,Living with Parents/Relatives,5,0,0,0
MRK-03621,active,12,0.948,0.3256,0.684,1,0,0.066,5665.36,0,0,5.2,3,BPO / Call Center Agent,Living with Parents/Relatives,12,0,0,0
MRK-03622,active,12,0.438,0.579,0.796,0,1,0.045,0.0,0,0,9.2,2,Sari-Sari / Small Retail,Living with Parents/Relatives,5,0,0,0
MRK-03623,active,12,0.241,0.413,0.98,0,3,0.023,0.0,0,0,8.1,0,Agri / Farmer / Fisherfolk,Owned (Clean Title),4,0,0,0
MRK-03624,active,36,0.843,0.0542,0.902,0,10,0.02,0.0,0,0,6.5,0,Tricycle / PUV Operator,Owned (Clean Title),9,0,0,0
MRK-03625,active,36,0.593,0.3367,0.791,0,1,0.064,0.0,0,1,2.3,0,Sari-Sari / Small Retail,Owned (Inherited/Tax Dec),3,0,0,0
MRK-03626,active,36,0.713,0.2446,0.715,0,2,0.073,0.0,0,0,9.1,2,Employed (Private/Gov),Owned (Inherited/Tax Dec),2,1,0,0
MRK-03627,active,12,0.809,0.6941,0.79,0,3,0.018,0.0,0,0,5.2,1,Agri / Farmer / Fisherfolk,Owned (Inherited/Tax Dec),11,1,0,0
MRK-03628,active,36,0.407,0.1389,0.826,0,2,0.053,0.0,0,0,6.2,3,Public School Teacher,Rented (Apartment/House),1,0,0,0
MRK-03629,active,12,0.061,0.6112,0.814,0,1,0.014,0.0,0,0,1.8,1,Agri / Farmer / Fisherfolk,Living with Parents/Relatives,3,0,0,0
MRK-03630,active,36,0.764,0.1909,0.8,0,5,0.017,0.0,0,0,8.9,3,BPO / Call Center Agent,Owned (Inherited/Tax Dec),1,0,0,0
MRK-03631,active,24,0.326,0.1541,0.974,0,3,0.006,0.0,0,0,4.7,0,BPO / Call Center Agent,Owned (Clean Title),3,0,0,0
MRK-03632,active,36,0.851,0.4422,0.71,1,1,0.091,5492.15,0,0,11.6,2,Tricycle / PUV Operator,Owned (Clean Title),1,0,0,0
MRK-03633,active,36,0.743,0.2027,0.849,0,3,0.024,0.0,0,0,6.0,2,Public School Teacher,Owned (Inherited/Tax Dec),2,0,0,0
MRK-03634,active,24,0.816,0.1859,0.985,0,6,0.001,0.0,0,0,5.6,0,BPO / Call Center Agent,Owned (Inherited/Tax Dec),8,0,0,0
MRK-03635,active,36,0.296,0.5275,0.371,1,1,0.155,4135.0,0,0,6.3,4,Sari-Sari / Small Retail,Rented (Apartment/House),5,1,0,0
MRK-03636,active,24,0.071,0.2785,0.749,0,2,0.038,0.0,0,0,10.8,3,Sari-Sari / Small Retail,Rented (Apartment/House),6,0,0,0
MRK-03637,active,36,0.845,0.4882,0.466,1,1,0.151,6424.21,0,0,3.5,2,BPO / Call Center Agent,Living with Parents/Relatives,7,1,0,0
MRK-03638,active,24,0.751,0.2968,0.494,1,2,0.077,6213.86,0,0,10.9,1,OFW Remittance / Dependent,Rented (Apartment/House),8,0,0,0
MRK-03639,active,36,0.893,0.2829,0.584,1,1,0.144,4083.09,0,0,5.4,2,Employed (Private/Gov),Owned (Inherited/Tax Dec),2,1,0,0
MRK-03640,active,24,0.891,0.3921,0.333,1,1,0.17,4595.13,0,0,9.9,1,OFW Remittance / Dependent,Living with Parents/Relatives,9,1,0,0
MRK-03641,active,24,0.596,0.4007,0.547,1,0,0.111,5862.54,0,0,4.4,3,Employed (Private/Gov),Owned (Clean Title),4,1,0,0
MRK-03642,active,36,0.441,0.1598,0.95,0,4,0.011,0.0,0,0,4.0,4,Sari-Sari / Small Retail,Owned (Clean Title),12,0,0,0
MRK-03643,active,24,0.181,0.2212,0.487,1,0,0.157,3054.89,0,1,4.9,4,Employed (Private/Gov),Owned (Clean Title),10,1,0,0
MRK-03644,active,36,0.067,0.0762,0.829,0,1,0.034,0.0,0,0,10.1,2,Public School Teacher,Owned (Inherited/Tax Dec),1,0,0,0
MRK-03645,active,36,0.286,0.2758,0.484,1,1,0.115,2209.89,0,0,10.3,4,OFW Remittance / Dependent,Rented (Apartment/House),6,1,0,0
MRK-03646,active,36,0.771,0.161,0.902,0,2,0.038,0.0,0,0,3.7,2,Public School Teacher,Owned (Clean Title),12,1,0,0
MRK-03647,active,36,0.682,0.2062,0.813,0,4,0.009,0.0,0,0,5.1,4,Agri / Farmer / Fisherfolk,Rented (Apartment/House),2,0,0,0
MRK-03648,active,36,0.919,0.2243,0.907,0,7,0.027,0.0,0,0,6.9,1,Employed (Private/Gov),Owned (Inherited/Tax Dec),1,0,0,0
MRK-03649,active,24,0.085,0.1573,0.984,0,9,0.014,0.0,0,0,9.5,0,Employed (Private/Gov),Rented (Apartment/House),1,0,0,0
MRK-03650,active,12,0.68,0.8,0.943,0,3,0.0,0.0,0,0,1.0,2,Tricycle / PUV Operator,Owned (Inherited/Tax Dec),4,0,0,0
MRK-03651,active,24,0.647,0.1642,0.743,1,3,0.075,3086.56,0,0,5.9,2,Employed (Private/Gov),Owned (Clean Title),5,0,0,0
MRK-03652,active,12,0.707,0.7251,0.652,1,1,0.095,8941.44,0,0,8.2,2,Sari-Sari / Small Retail,Rented (Apartment/House),6,0,0,0
MRK-03653,active,36,0.737,0.2758,0.652,1,0,0.088,2701.59,0,0,5.7,0,Agri / Farmer / Fisherfolk,Owned (Inherited/Tax Dec),7,0,0,0
MRK-03654,active,36,0.868,0.1041,0.904,0,2,0.008,0.0,0,0,3.5,1,Employed (Private/Gov),Rented (Apartment/House),10,0,0,0
MRK-03655,active,12,0.118,0.5246,0.907,0,10,0.029,0.0,0,0,8.2,2,Public School Teacher,Owned (Inherited/Tax Dec),3,0,0,0
MRK-03656,active,36,0.2,0.5607,0.593,1,2,0.071,5593.83,0,0,10.3,2,Agri / Farmer / Fisherfolk,Rented (Apartment/House),3,1,0,0
MRK-03657,active,24,0.396,0.4893,0.342,1,0,0.085,5974.17,0,0,13.8,0,Public School Teacher,Rented (Apartment/House),9,1,0,0
MRK-03658,active,12,0.593,0.8,0.985,0,10,0.014,0.0,0,0,10.0,2,Sari-Sari / Small Retail,Rented (Apartment/House),5,1,0,0
MRK-03659,active,24,0.428,0.2441,0.895,0,1,0.014,0.0,0,0,7.0,4,BPO / Call Center Agent,Owned (Clean Title),12,0,0,0
MRK-03660,active,36,0.323,0.0891,0.862,0,5,0.011,0.0,0,0,11.5,2,OFW Remittance / Dependent,Living with Parents/Relatives,6,1,0,0
MRK-03661,active,24,0.819,0.1259,0.781,0,5,0.003,0.0,0,0,8.5,0,Tricycle / PUV Operator,Owned (Clean Title),4,0,0,0
MRK-03662,active,12,0.923,0.1435,0.985,0,10,0.03,0.0,0,0,5.1,1,Sari-Sari / Small Retail,Rented (Apartment/House),6,0,0,0
MRK-03663,active,12,0.508,0.7037,0.929,0,3,0.03,0.0,0,0,4.1,3,OFW Remittance / Dependent,Living with Parents/Relatives,12,0,0,0
MRK-03664,active,24,0.918,0.4401,0.44,1,1,0.259,3926.28,0,0,6.5,2,Tricycle / PUV Operator,Living with Parents/Relatives,9,1,0,0
MRK-03665,active,12,0.893,0.4431,0.717,1,1,0.05,8279.2,0,0,3.2,0,Tricycle / PUV Operator,Living with Parents/Relatives,1,0,0,0
MRK-03666,active,12,0.305,0.5473,0.879,0,5,0.002,0.0,0,0,7.7,1,Employed (Private/Gov),Owned (Clean Title),5,0,0,0
MRK-03667,active,24,0.657,0.05,0.89,0,10,0.014,0.0,0,0,5.3,2,Employed (Private/Gov),Rented (Apartment/House),4,0,0,0
MRK-03668,active,24,0.212,0.1231,0.955,0,5,0.019,0.0,1,0,5.3,1,Employed (Private/Gov),Living with Parents/Relatives,6,1,0,0
MRK-03669,active,36,0.114,0.2318,0.803,0,4,0.041,0.0,0,0,6.7,3,Public School Teacher,Owned (Clean Title),5,0,0,0
MRK-03670,active,24,0.224,0.1712,0.82,0,2,0.012,0.0,0,0,12.6,1,OFW Remittance / Dependent,Living with Parents/Relatives,9,0,0,0
MRK-03671,active,24,0.63,0.2339,0.79,0,5,0.05,0.0,0,0,19.4,1,OFW Remittance / Dependent,Owned (Inherited/Tax Dec),3,0,0,0
MRK-03672,active,36,0.443,0.4254,0.444,1,0,0.206,4766.94,0,0,1.9,1,Employed (Private/Gov),Rented (Apartment/House),1,1,0,0
MRK-03673,active,24,0.357,0.4612,0.827,0,3,0.033,0.0,0,0,6.3,2,Agri / Farmer / Fisherfolk,Rented (Apartment/House),12,0,0,0
MRK-03674,active,36,0.76,0.0916,0.956,0,6,0.029,0.0,0,0,7.8,0,Employed (Private/Gov),Rented (Apartment/House),9,0,0,0
MRK-03675,active,12,0.818,0.3432,0.935,0,5,0.028,0.0,0,0,5.8,1,Employed (Private/Gov),Living with Parents/Relatives,1,0,0,0
MRK-03676,active,12,0.713,0.1668,0.885,0,8,0.01,0.0,0,1,4.3,0,Tricycle / PUV Operator,Living with Parents/Relatives,10,0,0,0
MRK-03677,active,36,0.426,0.178,0.765,0,3,0.07,0.0,1,0,7.8,2,BPO / Call Center Agent,Living with Parents/Relatives,2,0,0,0
MRK-03678,active,36,0.752,0.05,0.943,0,4,0.02,0.0,0,0,9.3,2,OFW Remittance / Dependent,Living with Parents/Relatives,4,0,0,0
MRK-03679,active,24,0.311,0.5623,0.568,1,0,0.104,7731.38,1,1,9.1,1,Tricycle / PUV Operator,Owned (Clean Title),10,1,0,0
MRK-03680,active,24,0.389,0.1442,0.89,0,4,0.018,0.0,0,0,12.5,2,Public School Teacher,Rented (Apartment/House),1,0,0,0
MRK-03681,active,24,0.373,0.2091,0.912,0,3,0.045,0.0,0,0,2.5,1,Public School Teacher,Owned (Inherited/Tax Dec),9,0,0,0
MRK-03682,active,24,0.054,0.2748,0.659,0,2,0.034,0.0,0,0,14.6,2,Tricycle / PUV Operator,Owned (Clean Title),5,0,0,0
MRK-03683,active,12,0.324,0.1221,0.982,0,9,0.014,0.0,0,0,10.7,2,BPO / Call Center Agent,Rented (Apartment/House),1,0,0,0
MRK-03684,active,36,0.303,0.3299,0.801,1,0,0.04,5171.14,0,0,4.3,1,Sari-Sari / Small Retail,Owned (Clean Title),4,0,0,0
MRK-03685,active,24,0.796,0.1479,0.912,0,7,0.026,0.0,0,0,15.4,3,Sari-Sari / Small Retail,Rented (Apartment/House),1,0,0,0
MRK-03686,active,36,0.326,0.1961,0.686,0,3,0.055,0.0,1,0,8.6,1,BPO / Call Center Agent,Owned (Inherited/Tax Dec),2,0,0,0
MRK-03687,active,24,0.167,0.0922,0.885,0,2,0.035,0.0,0,0,2.3,1,OFW Remittance / Dependent,Living with Parents/Relatives,6,0,0,0
MRK-03688,active,24,0.533,0.05,0.942,0,9,0.028,0.0,0,0,7.7,1,BPO / Call Center Agent,Owned (Clean Title),9,0,0,0
MRK-03689,active,24,0.108,0.096,0.981,0,3,0.02,0.0,0,0,4.0,1,Tricycle / PUV Operator,Living with Parents/Relatives,6,0,0,0
MRK-03690,active,12,0.655,0.7295,0.657,0,1,0.088,0.0,0,0,2.3,2,Employed (Private/Gov),Living with Parents/Relatives,9,1,0,0
MRK-03691,active,36,0.46,0.2831,0.31,1,0,0.164,2635.48,0,0,16.8,0,Public School Teacher,Owned (Clean Title),1,1,0,0
MRK-03692,active,36,0.372,0.4578,0.502,1,0,0.125,5767.36,0,0,4.5,3,Agri / Farmer / Fisherfolk,Owned (Inherited/Tax Dec),1,1,0,0
MRK-03693,active,36,0.86,0.1585,0.693,0,3,0.096,0.0,1,0,7.8,1,Public School Teacher,Owned (Inherited/Tax Dec),2,0,0,0
MRK-03694,active,12,0.31,0.4708,0.89,0,7,0.004,0.0,0,0,7.0,1,Tricycle / PUV Operator,Owned (Inherited/Tax Dec),10,0,0,0
MRK-03695,active,36,0.561,0.1592,0.921,0,6,0.022,0.0,0,0,5.7,2,OFW Remittance / Dependent,Living with Parents/Relatives,10,0,0,0
MRK-03696,active,24,0.34,0.4626,0.99,0,3,0.011,0.0,0,0,4.6,2,Sari-Sari / Small Retail,Owned (Clean Title),8,0,0,0
MRK-03697,active,36,0.935,0.0716,0.858,0,2,0.005,0.0,0,0,4.2,4,OFW Remittance / Dependent,Living with Parents/Relatives,6,0,0,0
MRK-03698,active,24,0.727,0.2245,0.993,0,8,0.017,0.0,0,0,5.9,2,Employed (Private/Gov),Owned (Clean Title),11,0,0,0
MRK-03699,active,12,0.347,0.8,0.326,1,1,0.168,13067.88,0,0,16.4,3,Agri / Farmer / Fisherfolk,Living with Parents/Relatives,7,1,0,0
MRK-03700,active,36,0.178,0.0733,0.887,0,3,0.02,0.0,0,0,6.8,1,Tricycle / PUV Operator,Rented (Apartment/House),9,0,0,0
MRK-03701,active,24,0.401,0.152,0.835,0,2,0.041,0.0,0,0,4.6,2,Agri / Farmer / Fisherfolk,Owned (Inherited/Tax Dec),7,0,0,0
MRK-03702,active,36,0.431,0.1882,0.911,0,3,0.019,0.0,0,0,9.2,0,Sari-Sari / Small Retail,Owned (Clean Title),6,0,0,0
MRK-03703,active,12,0.904,0.5973,0.678,1,1,0.096,14244.56,0,0,10.2,1,OFW Remittance / Dependent,Owned (Inherited/Tax Dec),11,1,0,0
MRK-03704,active,36,0.159,0.2988,0.338,1,1,0.24,2107.79,0,0,7.6,2,OFW Remittance / Dependent,Owned (Clean Title),7,1,0,0
MRK-03705,active,24,0.733,0.5911,0.532,1,2,0.114,6534.44,1,0,8.9,1,Agri / Farmer / Fisherfolk,Owned (Inherited/Tax Dec),2,1,0,0
MRK-03706,active,12,0.682,0.5882,0.794,0,3,0.053,0.0,1,0,9.2,1,BPO / Call Center Agent,Rented (Apartment/House),12,0,0,0
MRK-03707,active,36,0.944,0.1629,0.851,0,5,0.002,0.0,0,0,2.2,2,Public School Teacher,Owned (Clean Title),1,0,0,0
MRK-03708,active,36,0.316,0.05,0.887,0,3,0.025,0.0,0,0,8.6,3,BPO / Call Center Agent,Owned (Clean Title),6,0,0,0
MRK-03709,active,24,0.559,0.0706,0.902,0,6,0.016,0.0,0,0,2.5,4,Employed (Private/Gov),Owned (Clean Title),5,0,0,0
MRK-03710,active,24,0.51,0.4918,0.454,1,1,0.295,7374.68,0,0,5.6,1,Sari-Sari / Small Retail,Living with Parents/Relatives,10,1,0,0
MRK-03711,active,36,0.785,0.1659,0.864,0,5,0.051,0.0,0,0,10.3,2,Agri / Farmer / Fisherfolk,Living with Parents/Relatives,3,0,0,0
MRK-03712,active,36,0.3,0.231,0.883,0,1,0.026,0.0,0,0,14.6,2,OFW Remittance / Dependent,Living with Parents/Relatives,7,0,0,0
MRK-03713,active,24,0.894,0.3071,0.832,0,2,0.018,0.0,0,0,7.3,1,Agri / Farmer / Fisherfolk,Rented (Apartment/House),12,0,0,0
MRK-03714,active,12,0.837,0.1802,0.963,0,6,0.005,0.0,0,0,4.9,2,Tricycle / PUV Operator,Owned (Clean Title),12,0,0,0
MRK-03715,active,36,0.404,0.1518,0.729,0,3,0.054,0.0,0,0,5.4,1,Sari-Sari / Small Retail,Owned (Clean Title),1,0,0,0
MRK-03716,active,12,0.298,0.2435,0.91,0,10,0.028,0.0,0,0,12.6,2,Public School Teacher,Owned (Clean Title),3,0,0,0
MRK-03717,active,24,0.671,0.1045,0.921,0,3,0.021,0.0,0,0,3.0,1,Agri / Farmer / Fisherfolk,Living with Parents/Relatives,10,0,0,0
MRK-03718,active,36,0.409,0.3001,0.512,1,0,0.131,4593.82,0,0,13.7,1,Public School Teacher,Owned (Inherited/Tax Dec),12,1,0,0
MRK-03719,active,36,0.441,0.3502,0.858,0,4,0.035,0.0,0,0,1.1,0,Agri / Farmer / Fisherfolk,Living with Parents/Relatives,10,0,0,0
MRK-03720,active,24,0.618,0.2902,0.749,0,1,0.045,0.0,0,0,3.2,0,Public School Teacher,Owned (Inherited/Tax Dec),10,0,0,0
MRK-03721,active,24,0.812,0.2891,0.546,1,1,0.113,3886.51,0,0,3.2,4,Sari-Sari / Small Retail,Owned (Clean Title),5,1,0,0
MRK-03722,active,36,0.882,0.3159,0.796,0,2,0.075,0.0,0,0,9.3,1,BPO / Call Center Agent,Owned (Clean Title),8,0,0,0
MRK-03723,active,24,0.813,0.3804,0.712,1,1,0.04,8003.29,0,0,12.9,2,Employed (Private/Gov),Owned (Inherited/Tax Dec),11,0,0,0
MRK-03724,active,24,0.156,0.3462,0.876,0,5,0.009,0.0,0,0,8.9,2,Tricycle / PUV Operator,Living with Parents/Relatives,1,0,0,0
MRK-03725,active,24,0.722,0.2552,0.765,1,3,0.038,3082.02,0,0,7.7,4,Agri / Farmer / Fisherfolk,Rented (Apartment/House),9,0,0,0
MRK-03726,active,12,0.864,0.4829,0.698,0,3,0.029,0.0,0,0,5.9,1,Sari-Sari / Small Retail,Owned (Clean Title),8,0,0,0
MRK-03727,active,36,0.924,0.1655,0.896,0,5,0.048,0.0,0,0,14.2,2,BPO / Call Center Agent,Owned (Clean Title),11,0,0,0
MRK-03728,active,24,0.164,0.3996,0.453,1,1,0.067,4320.5,1,0,4.8,1,Sari-Sari / Small Retail,Owned (Clean Title),11,1,0,0
MRK-03729,active,36,0.759,0.3176,0.586,1,0,0.107,3849.78,0,0,8.6,3,Agri / Farmer / Fisherfolk,Living with Parents/Relatives,5,1,0,0
MRK-03730,active,24,0.402,0.4681,0.798,0,2,0.094,0.0,0,0,8.4,1,Tricycle / PUV Operator,Living with Parents/Relatives,9,0,0,0
MRK-03731,active,12,0.142,0.2051,0.97,0,6,0.003,0.0,0,0,5.8,4,BPO / Call Center Agent,Rented (Apartment/House),4,0,0,0
MRK-03732,active,36,0.296,0.2239,0.912,0,7,0.022,0.0,0,0,4.3,0,Tricycle / PUV Operator,Rented (Apartment/House),11,0,0,0
MRK-03733,active,12,0.886,0.5212,0.893,0,4,0.017,0.0,0,0,5.2,0,Employed (Private/Gov),Owned (Inherited/Tax Dec),5,0,0,0
MRK-03734,active,12,0.428,0.3537,0.831,0,4,0.013,0.0,0,0,2.3,0,OFW Remittance / Dependent,Living with Parents/Relatives,1,0,0,0
MRK-03735,active,36,0.788,0.221,0.852,0,1,0.048,0.0,0,0,1.0,2,Sari-Sari / Small Retail,Rented (Apartment/House),4,0,0,0
MRK-03736,active,12,0.725,0.5179,0.885,0,5,0.016,0.0,0,0,7.5,2,Public School Teacher,Owned (Inherited/Tax Dec),4,0,0,0
MRK-03737,active,24,0.696,0.4339,0.6,1,2,0.144,7183.04,0,0,8.8,1,Tricycle / PUV Operator,Rented (Apartment/House),10,1,0,0
MRK-03738,active,36,0.733,0.3265,0.484,1,0,0.265,2602.22,0,0,1.8,3,BPO / Call Center Agent,Rented (Apartment/House),1,1,0,0
MRK-03739,active,36,0.165,0.4328,0.683,0,3,0.057,0.0,0,0,6.3,2,Agri / Farmer / Fisherfolk,Living with Parents/Relatives,10,0,0,0
MRK-03740,active,12,0.054,0.8,0.418,1,1,0.199,8970.99,1,0,13.9,0,Tricycle / PUV Operator,Owned (Clean Title),7,1,0,0
MRK-03741,active,36,0.48,0.3043,0.683,0,0,0.083,0.0,0,0,15.2,1,Tricycle / PUV Operator,Owned (Inherited/Tax Dec),6,0,0,0
MRK-03742,active,24,0.054,0.3102,0.996,0,6,0.001,0.0,0,0,6.9,0,Tricycle / PUV Operator,Rented (Apartment/House),5,0,0,0
MRK-03743,active,36,0.479,0.2266,0.838,0,5,0.002,0.0,0,0,11.6,2,Public School Teacher,Owned (Inherited/Tax Dec),3,0,0,0
MRK-03744,active,36,0.543,0.2898,0.337,1,0,0.299,2996.16,0,0,12.3,2,Tricycle / PUV Operator,Owned (Clean Title),9,1,0,0
MRK-03745,active,12,0.772,0.5245,0.916,0,6,0.011,0.0,0,0,12.0,1,Tricycle / PUV Operator,Owned (Inherited/Tax Dec),7,1,0,0
MRK-03746,active,12,0.838,0.57,0.9,0,10,0.026,0.0,0,0,11.5,1,BPO / Call Center Agent,Owned (Inherited/Tax Dec),8,0,0,0
MRK-03747,active,36,0.614,0.4481,0.33,1,1,0.105,4896.02,0,0,16.0,1,Employed (Private/Gov),Living with Parents/Relatives,3,1,0,0
MRK-03748,active,12,0.53,0.6912,0.786,1,2,0.04,10856.35,0,0,2.9,3,OFW Remittance / Dependent,Rented (Apartment/House),8,0,0,0
MRK-03749,active,12,0.742,0.3282,0.606,1,2,0.156,6083.06,0,1,2.9,2,BPO / Call Center Agent,Living with Parents/Relatives,11,1,0,0
MRK-03750,active,24,0.948,0.3049,0.971,0,7,0.028,0.0,0,0,1.3,2,BPO / Call Center Agent,Owned (Clean Title),9,0,0,0
MRK-03751,active,12,0.897,0.3696,0.476,1,0,0.271,5070.78,0,0,10.8,1,Employed (Private/Gov),Rented (Apartment/House),6,1,0,0
MRK-03752,active,12,0.449,0.4696,0.961,0,6,0.002,0.0,0,0,1.5,3,Public School Teacher,Owned (Inherited/Tax Dec),7,0,0,0
MRK-03753,active,36,0.502,0.123,0.948,0,5,0.019,0.0,0,0,2.5,2,Agri / Farmer / Fisherfolk,Rented (Apartment/House),6,0,0,0
MRK-03754,active,12,0.315,0.682,0.485,1,2,0.156,11835.79,0,0,18.2,2,BPO / Call Center Agent,Living with Parents/Relatives,5,1,0,0
MRK-03755,active,24,0.512,0.4886,0.805,0,2,0.044,0.0,0,0,8.3,1,Agri / Farmer / Fisherfolk,Living with Parents/Relatives,3,0,0,0
MRK-03756,active,12,0.151,0.1674,0.961,0,7,0.01,0.0,0,0,4.4,1,Public School Teacher,Rented (Apartment/House),10,0,0,0
MRK-03757,active,36,0.651,0.1616,0.823,0,3,0.06,0.0,1,0,5.7,3,Employed (Private/Gov),Living with Parents/Relatives,3,0,0,0
MRK-03758,active,12,0.289,0.5471,0.851,0,3,0.03,0.0,0,0,10.6,1,Agri / Farmer / Fisherfolk,Owned (Inherited/Tax Dec),11,1,0,0
MRK-03759,active,12,0.714,0.2834,0.701,1,3,0.06,6248.83,0,0,6.0,1,BPO / Call Center Agent,Living with Parents/Relatives,7,1,0,0
MRK-03760,active,36,0.699,0.2469,0.991,0,6,0.024,0.0,0,0,1.6,0,Sari-Sari / Small Retail,Living with Parents/Relatives,12,0,0,0
MRK-03761,active,12,0.075,0.3483,0.903,0,7,0.008,0.0,1,0,18.6,1,Employed (Private/Gov),Owned (Clean Title),2,0,0,0
MRK-03762,active,36,0.279,0.1237,0.889,0,8,0.029,0.0,0,0,3.8,0,OFW Remittance / Dependent,Rented (Apartment/House),7,0,0,0
MRK-03763,active,36,0.088,0.1091,0.828,0,1,0.049,0.0,0,0,4.8,0,Public School Teacher,Owned (Inherited/Tax Dec),6,0,0,0
MRK-03764,active,12,0.93,0.8,0.333,1,1,0.178,10446.64,0,0,4.2,1,Tricycle / PUV Operator,Rented (Apartment/House),5,1,0,0
MRK-03765,active,12,0.421,0.5577,0.7,1,1,0.159,12089.68,0,1,2.6,1,OFW Remittance / Dependent,Owned (Inherited/Tax Dec),3,1,0,0
MRK-03766,active,36,0.52,0.428,0.455,1,1,0.056,6377.46,0,0,4.1,3,BPO / Call Center Agent,Owned (Inherited/Tax Dec),9,1,0,0
MRK-03767,active,36,0.935,0.05,0.983,0,5,0.017,0.0,0,0,15.5,0,Public School Teacher,Rented (Apartment/House),6,0,0,0
MRK-03768,active,36,0.449,0.2124,0.678,1,2,0.142,2958.78,1,1,2.9,0,Tricycle / PUV Operator,Rented (Apartment/House),8,1,0,0
MRK-03769,active,36,0.059,0.0766,0.923,0,4,0.003,0.0,0,0,6.5,1,OFW Remittance / Dependent,Living with Parents/Relatives,9,1,0,0
MRK-03770,active,12,0.812,0.1352,0.941,0,5,0.023,0.0,1,0,4.4,2,OFW Remittance / Dependent,Owned (Inherited/Tax Dec),9,0,0,0
MRK-03771,active,36,0.074,0.2311,0.861,0,5,0.037,0.0,0,0,3.4,2,Tricycle / PUV Operator,Owned (Inherited/Tax Dec),2,0,0,0
MRK-03772,active,12,0.701,0.3266,0.907,0,5,0.015,0.0,0,0,7.1,3,Employed (Private/Gov),Owned (Inherited/Tax Dec),2,0,0,0
MRK-03773,active,24,0.922,0.1574,0.795,0,1,0.015,0.0,0,0,9.4,0,BPO / Call Center Agent,Owned (Inherited/Tax Dec),6,0,0,0
MRK-03774,active,36,0.672,0.2996,0.449,1,0,0.125,2041.62,0,0,5.3,2,BPO / Call Center Agent,Rented (Apartment/House),5,1,0,0
MRK-03775,active,24,0.556,0.32,0.527,1,1,0.109,4040.06,0,0,2.3,1,OFW Remittance / Dependent,Owned (Inherited/Tax Dec),9,1,0,0
MRK-03776,active,24,0.562,0.1022,0.976,0,10,0.01,0.0,0,0,3.6,0,BPO / Call Center Agent,Living with Parents/Relatives,11,0,0,0
MRK-03777,active,36,0.888,0.1428,0.865,0,3,0.042,0.0,1,0,4.8,0,Tricycle / PUV Operator,Living with Parents/Relatives,8,0,0,0
MRK-03778,active,36,0.437,0.05,0.977,0,7,0.009,0.0,0,0,14.9,1,Employed (Private/Gov),Owned (Clean Title),4,1,0,0
MRK-03779,active,24,0.269,0.1899,0.746,0,1,0.075,0.0,0,0,7.8,3,OFW Remittance / Dependent,Rented (Apartment/House),9,0,0,0
MRK-03780,active,24,0.331,0.05,0.892,0,7,0.02,0.0,0,0,5.6,1,Public School Teacher,Owned (Inherited/Tax Dec),1,0,0,0
MRK-03781,active,36,0.707,0.2403,0.902,0,9,0.018,0.0,0,0,3.4,2,Sari-Sari / Small Retail,Living with Parents/Relatives,9,0,0,0
MRK-03782,active,36,0.502,0.1192,0.985,0,5,0.03,0.0,0,0,11.3,2,Agri / Farmer / Fisherfolk,Owned (Clean Title),12,0,0,0
MRK-03783,active,24,0.787,0.3194,0.343,1,0,0.092,3772.89,0,0,10.8,1,Employed (Private/Gov),Owned (Clean Title),10,1,0,0
MRK-03784,active,24,0.552,0.4057,0.969,0,7,0.025,0.0,0,0,9.8,0,Tricycle / PUV Operator,Rented (Apartment/House),2,1,0,0
MRK-03785,active,36,0.947,0.2619,0.795,0,2,0.009,0.0,1,0,5.2,2,Tricycle / PUV Operator,Living with Parents/Relatives,4,0,0,0
MRK-03786,active,24,0.193,0.3331,0.598,1,0,0.151,3663.03,1,0,12.1,2,Agri / Farmer / Fisherfolk,Rented (Apartment/House),3,0,0,0
MRK-03787,active,36,0.926,0.404,0.553,1,2,0.156,4947.19,0,0,2.8,3,Agri / Farmer / Fisherfolk,Rented (Apartment/House),3,1,0,0
MRK-03788,active,36,0.474,0.0961,0.862,0,5,0.003,0.0,0,0,9.8,1,Public School Teacher,Owned (Clean Title),12,0,0,0
MRK-03789,active,36,0.351,0.287,0.885,0,8,0.01,0.0,0,0,2.2,2,Sari-Sari / Small Retail,Owned (Inherited/Tax Dec),2,1,0,0
MRK-03790,active,36,0.669,0.0954,0.873,0,1,0.037,0.0,0,0,7.5,2,Public School Teacher,Owned (Clean Title),9,0,0,0
MRK-03791,active,12,0.408,0.1415,0.895,0,8,0.027,0.0,0,0,12.3,1,BPO / Call Center Agent,Owned (Clean Title),12,0,0,0
MRK-03792,active,12,0.243,0.1949,0.819,0,5,0.023,0.0,0,0,5.8,3,Employed (Private/Gov),Living with Parents/Relatives,2,1,0,0
MRK-03793,active,36,0.464,0.4386,0.4,1,0,0.112,3077.26,1,0,7.1,3,Agri / Farmer / Fisherfolk,Owned (Inherited/Tax Dec),1,1,0,0
MRK-03794,active,12,0.463,0.2083,0.811,1,1,0.03,4981.93,0,0,5.8,3,Public School Teacher,Living with Parents/Relatives,8,0,0,0
MRK-03795,active,36,0.689,0.0869,0.898,0,5,0.02,0.0,0,0,10.0,0,Tricycle / PUV Operator,Owned (Clean Title),7,0,0,0
MRK-03796,active,36,0.663,0.2003,0.658,0,0,0.04,0.0,0,0,5.7,3,BPO / Call Center Agent,Living with Parents/Relatives,3,0,0,0
MRK-03797,active,24,0.487,0.4577,0.645,1,0,0.103,6862.02,0,0,6.2,1,Public School Teacher,Rented (Apartment/House),2,1,0,0
MRK-03798,active,12,0.252,0.2407,0.992,0,3,0.013,0.0,0,0,6.2,3,Employed (Private/Gov),Rented (Apartment/House),1,0,0,0
MRK-03799,active,12,0.912,0.4474,0.568,1,1,0.118,8909.16,1,0,3.2,2,Agri / Farmer / Fisherfolk,Owned (Inherited/Tax Dec),2,1,0,0
MRK-03800,active,36,0.388,0.2392,0.792,0,4,0.024,0.0,0,0,6.5,1,OFW Remittance / Dependent,Owned (Clean Title),7,0,0,0
MRK-03801,delinquent,36,0.764,0.2063,0.276,3,0,0.247,8020.81,0,1,8.6,1,Tricycle / PUV Operator,Owned (Clean Title),4,0,1,0
MRK-03802,delinquent,24,0.36,0.3514,0.538,2,0,0.199,21490.87,0,0,6.8,1,OFW Remittance / Dependent,Owned (Clean Title),4,0,1,0
MRK-03803,delinquent,24,0.191,0.2741,0.503,2,2,0.13,9380.41,0,0,11.0,2,OFW Remittance / Dependent,Owned (Clean Title),4,0,0,0
MRK-03804,delinquent,12,0.852,0.5296,0.726,1,1,0.096,9808.64,1,0,6.6,2,OFW Remittance / Dependent,Rented (Apartment/House),2,0,0,1
MRK-03805,delinquent,36,0.235,0.2772,0.358,4,0,0.497,18768.03,1,0,14.4,3,BPO / Call Center Agent,Rented (Apartment/House),3,0,1,0
MRK-03806,delinquent,24,0.648,0.2443,0.284,3,0,0.559,11348.78,0,1,2.6,1,Employed (Private/Gov),Owned (Inherited/Tax Dec),3,0,1,0
MRK-03807,delinquent,12,0.899,0.4941,0.217,3,0,0.265,27998.17,0,0,13.0,1,Tricycle / PUV Operator,Owned (Inherited/Tax Dec),4,0,1,0
MRK-03808,delinquent,24,0.439,0.4718,0.671,1,2,0.051,9771.4,1,0,17.0,0,Agri / Farmer / Fisherfolk,Owned (Clean Title),10,0,0,1
MRK-03809,delinquent,24,0.305,0.2708,0.298,3,0,0.362,11660.33,0,1,2.9,2,Public School Teacher,Owned (Inherited/Tax Dec),7,0,1,0
MRK-03810,delinquent,36,0.194,0.567,0.558,2,1,0.203,17309.23,0,0,2.4,2,Agri / Farmer / Fisherfolk,Rented (Apartment/House),7,0,0,0
MRK-03811,delinquent,36,0.731,0.2877,0.699,1,1,0.116,7732.09,0,1,6.4,0,OFW Remittance / Dependent,Living with Parents/Relatives,3,0,0,1
MRK-03812,delinquent,12,0.189,0.4776,0.52,2,2,0.165,15915.85,0,0,8.6,2,Sari-Sari / Small Retail,Owned (Clean Title),10,0,0,0
MRK-03813,delinquent,24,0.701,0.3255,0.346,3,0,0.409,23385.54,1,0,5.2,0,Public School Teacher,Owned (Clean Title),9,0,1,0
MRK-03814,delinquent,24,0.873,0.3216,0.298,3,0,0.576,25370.15,1,0,8.9,4,Public School Teacher,Living with Parents/Relatives,10,0,1,0
MRK-03815,delinquent,24,0.294,0.3305,0.566,1,3,0.028,10688.99,1,0,2.3,0,BPO / Call Center Agent,Living with Parents/Relatives,8,0,0,1
MRK-03816,delinquent,12,0.935,0.4869,0.334,4,0,0.487,29609.88,0,0,4.4,1,Tricycle / PUV Operator,Living with Parents/Relatives,1,0,1,0
MRK-03817,delinquent,12,0.237,0.5328,0.214,3,0,0.191,43132.95,1,0,15.0,0,Public School Teacher,Owned (Clean Title),12,0,1,0
MRK-03818,delinquent,24,0.947,0.4749,0.632,1,3,0.074,7727.28,0,1,3.6,1,Employed (Private/Gov),Owned (Clean Title),11,0,0,1
MRK-03819,delinquent,12,0.706,0.7207,0.178,4,0,0.292,59423.99,0,1,2.5,0,Agri / Farmer / Fisherfolk,Rented (Apartment/House),7,0,1,0
MRK-03820,delinquent,24,0.605,0.4203,0.448,2,0,0.17,11626.97,1,0,13.8,2,Agri / Farmer / Fisherfolk,Owned (Inherited/Tax Dec),4,0,1,0
MRK-03821,delinquent,36,0.117,0.14,0.687,1,2,0.064,3084.5,0,0,13.4,1,BPO / Call Center Agent,Rented (Apartment/House),5,0,0,1
MRK-03822,delinquent,12,0.801,0.4041,0.546,2,0,0.164,17138.66,0,1,11.9,1,Tricycle / PUV Operator,Rented (Apartment/House),5,0,0,0
MRK-03823,delinquent,12,0.254,0.7535,0.196,4,0,0.431,60841.05,1,1,6.3,2,Agri / Farmer / Fisherfolk,Living with Parents/Relatives,8,0,1,0
MRK-03824,delinquent,36,0.423,0.2099,0.294,3,0,0.544,10112.26,1,0,8.8,1,Employed (Private/Gov),Rented (Apartment/House),1,0,1,0
MRK-03825,delinquent,36,0.085,0.2645,0.215,4,0,0.51,19205.05,0,1,7.0,2,Tricycle / PUV Operator,Living with Parents/Relatives,8,0,1,0
MRK-03826,delinquent,36,0.325,0.4027,0.641,1,2,0.089,8613.75,0,0,5.0,2,BPO / Call Center Agent,Owned (Inherited/Tax Dec),1,0,0,1
MRK-03827,delinquent,24,0.616,0.2121,0.33,4,0,0.463,14801.95,1,0,4.2,1,BPO / Call Center Agent,Rented (Apartment/House),7,0,1,0
MRK-03828,delinquent,12,0.228,0.8,0.344,3,0,0.48,62751.45,0,0,19.2,0,Employed (Private/Gov),Owned (Inherited/Tax Dec),4,0,1,0
MRK-03829,delinquent,12,0.845,0.2712,0.531,2,0,0.116,10138.01,1,0,6.6,2,BPO / Call Center Agent,Living with Parents/Relatives,7,0,0,0
MRK-03830,delinquent,12,0.286,0.5835,0.518,2,2,0.069,33070.64,0,0,5.3,1,Agri / Farmer / Fisherfolk,Owned (Inherited/Tax Dec),1,0,0,0
MRK-03831,delinquent,36,0.391,0.4222,0.608,1,2,0.066,7376.11,1,0,5.0,3,Employed (Private/Gov),Rented (Apartment/House),2,0,0,1
MRK-03832,delinquent,12,0.313,0.6909,0.283,3,0,0.366,31800.37,1,0,6.6,2,Agri / Farmer / Fisherfolk,Owned (Inherited/Tax Dec),1,0,1,0
MRK-03833,delinquent,24,0.894,0.4114,0.715,1,2,0.093,7911.83,0,0,8.5,1,Agri / Farmer / Fisherfolk,Living with Parents/Relatives,3,0,0,1
MRK-03834,delinquent,24,0.781,0.1767,0.29,3,0,0.351,9716.85,1,0,5.1,3,Employed (Private/Gov),Living with Parents/Relatives,12,0,1,0
MRK-03835,delinquent,12,0.861,0.5858,0.584,2,0,0.064,25935.43,0,0,14.5,2,Tricycle / PUV Operator,Living with Parents/Relatives,6,0,0,0
MRK-03836,delinquent,36,0.509,0.3966,0.695,1,1,0.003,5018.55,0,0,10.0,2,Agri / Farmer / Fisherfolk,Owned (Clean Title),10,0,0,1
MRK-03837,delinquent,36,0.372,0.5414,0.336,3,0,0.359,19401.87,0,0,17.5,2,Sari-Sari / Small Retail,Rented (Apartment/House),5,0,1,0
MRK-03838,delinquent,12,0.467,0.5386,0.684,1,3,0.117,14941.5,1,0,2.9,0,OFW Remittance / Dependent,Owned (Clean Title),4,0,0,1
MRK-03839,delinquent,24,0.925,0.2617,0.123,4,0,0.435,11873.27,1,1,8.9,1,Sari-Sari / Small Retail,Living with Parents/Relatives,6,0,1,0
MRK-03840,delinquent,36,0.81,0.2705,0.548,2,1,0.065,7270.91,1,0,7.7,2,Employed (Private/Gov),Living with Parents/Relatives,2,0,0,0
MRK-03841,delinquent,12,0.149,0.6346,0.544,2,2,0.165,20602.53,0,0,9.0,3,Agri / Farmer / Fisherfolk,Owned (Clean Title),8,0,0,0
MRK-03842,delinquent,36,0.42,0.2375,0.272,4,0,0.403,12701.5,0,0,1.9,2,Employed (Private/Gov),Living with Parents/Relatives,8,0,0,0
MRK-03843,delinquent,12,0.709,0.2851,0.658,1,1,0.084,7958.84,1,0,17.7,2,BPO / Call Center Agent,Living with Parents/Relatives,2,0,0,0
MRK-03844,delinquent,24,0.225,0.3314,0.666,1,2,0.078,7324.5,0,0,10.3,3,Employed (Private/Gov),Living with Parents/Relatives,7,0,0,1
MRK-03845,delinquent,24,0.923,0.2967,0.725,1,3,0.087,8331.17,0,0,6.2,4,Tricycle / PUV Operator,Rented (Apartment/House),3,0,1,1
MRK-03846,delinquent,12,0.693,0.2779,0.326,3,0,0.221,27680.9,0,0,5.7,2,OFW Remittance / Dependent,Rented (Apartment/House),1,0,1,0
MRK-03847,delinquent,36,0.395,0.2507,0.478,2,0,0.213,9717.71,0,0,9.3,0,Agri / Farmer / Fisherfolk,Owned (Inherited/Tax Dec),10,0,0,0
MRK-03848,delinquent,36,0.191,0.2096,0.701,1,2,0.089,3968.01,0,0,5.6,3,OFW Remittance / Dependent,Owned (Inherited/Tax Dec),6,0,0,1
MRK-03849,delinquent,36,0.314,0.1905,0.539,2,0,0.117,5508.62,0,1,7.4,0,Employed (Private/Gov),Owned (Inherited/Tax Dec),7,0,0,0
MRK-03850,delinquent,24,0.119,0.2747,0.428,2,0,0.218,16236.41,0,0,3.6,3,Employed (Private/Gov),Rented (Apartment/House),8,0,1,0
MRK-03851,delinquent,36,0.921,0.4017,0.164,4,0,0.555,26132.85,1,0,4.2,0,Tricycle / PUV Operator,Living with Parents/Relatives,4,0,1,0
MRK-03852,delinquent,36,0.723,0.3145,0.614,1,1,0.081,6104.1,0,0,11.0,0,Tricycle / PUV Operator,Living with Parents/Relatives,4,0,0,1
MRK-03853,delinquent,24,0.305,0.2581,0.387,2,0,0.212,12857.6,0,0,2.7,1,OFW Remittance / Dependent,Owned (Inherited/Tax Dec),10,0,1,1
MRK-03854,delinquent,36,0.679,0.3911,0.406,2,0,0.167,12551.83,0,0,6.3,3,Tricycle / PUV Operator,Rented (Apartment/House),1,0,0,0
MRK-03855,delinquent,12,0.459,0.4465,0.639,1,2,0.015,9521.21,0,1,9.1,0,Agri / Farmer / Fisherfolk,Living with Parents/Relatives,11,0,0,1
MRK-03856,delinquent,24,0.109,0.3583,0.601,1,1,0.069,10807.48,0,0,3.9,3,OFW Remittance / Dependent,Owned (Clean Title),10,0,0,1
MRK-03857,delinquent,24,0.636,0.3102,0.624,1,1,0.044,5966.77,0,0,2.1,2,Tricycle / PUV Operator,Owned (Inherited/Tax Dec),1,0,0,1
MRK-03858,delinquent,36,0.051,0.2466,0.611,1,3,0.046,4242.35,1,1,6.2,3,BPO / Call Center Agent,Rented (Apartment/House),3,0,0,1
MRK-03859,delinquent,24,0.377,0.3019,0.684,1,1,0.041,6591.56,0,0,10.0,1,OFW Remittance / Dependent,Owned (Clean Title),8,0,0,1
MRK-03860,delinquent,12,0.772,0.5367,0.699,1,2,0.085,16855.44,1,0,6.7,2,BPO / Call Center Agent,Owned (Inherited/Tax Dec),7,0,0,1
MRK-03861,delinquent,24,0.239,0.3694,0.605,1,3,0.101,7262.17,0,0,14.5,3,Employed (Private/Gov),Owned (Clean Title),1,0,0,1
MRK-03862,delinquent,36,0.3,0.2828,0.435,2,2,0.091,12435.81,1,0,2.9,0,Public School Teacher,Owned (Inherited/Tax Dec),6,0,0,0
MRK-03863,delinquent,12,0.477,0.457,0.367,3,0,0.283,33264.14,0,0,11.1,3,BPO / Call Center Agent,Rented (Apartment/House),6,0,1,0
MRK-03864,delinquent,12,0.517,0.6237,0.314,2,0,0.397,32510.62,0,0,4.6,0,Employed (Private/Gov),Rented (Apartment/House),9,0,1,0
MRK-03865,delinquent,36,0.493,0.4008,0.676,1,1,0.106,7615.44,0,0,4.8,2,BPO / Call Center Agent,Owned (Clean Title),6,0,0,1
MRK-03866,delinquent,12,0.374,0.4844,0.673,1,3,0.086,13376.45,0,0,7.6,0,Tricycle / PUV Operator,Rented (Apartment/House),7,0,1,1
MRK-03867,delinquent,36,0.561,0.2606,0.573,1,1,0.063,6290.77,0,1,3.2,4,Employed (Private/Gov),Living with Parents/Relatives,11,0,0,1
MRK-03868,delinquent,24,0.949,0.4379,0.527,2,2,0.05,20072.39,0,1,5.2,1,Sari-Sari / Small Retail,Owned (Inherited/Tax Dec),9,0,1,0
MRK-03869,delinquent,36,0.672,0.349,0.731,1,3,0.005,4150.93,0,0,3.4,1,Tricycle / PUV Operator,Owned (Clean Title),2,0,0,1
MRK-03870,delinquent,12,0.497,0.4237,0.452,3,0,0.202,27093.37,0,0,2.2,2,Public School Teacher,Owned (Inherited/Tax Dec),5,0,1,0
MRK-03871,delinquent,36,0.851,0.2605,0.449,2,1,0.121,7971.59,0,0,3.3,3,Public School Teacher,Living with Parents/Relatives,3,0,0,0
MRK-03872,delinquent,24,0.349,0.206,0.729,1,2,0.082,5351.12,0,0,1.9,2,Public School Teacher,Owned (Inherited/Tax Dec),3,0,0,1
MRK-03873,delinquent,24,0.766,0.2943,0.277,2,0,0.264,10161.34,0,0,6.7,0,OFW Remittance / Dependent,Owned (Clean Title),4,0,1,0
MRK-03874,delinquent,24,0.801,0.4061,0.427,2,0,0.201,19411.77,1,0,4.5,0,Sari-Sari / Small Retail,Owned (Clean Title),2,0,1,0
MRK-03875,delinquent,36,0.401,0.542,0.556,1,2,0.016,6866.24,0,0,8.8,2,Agri / Farmer / Fisherfolk,Owned (Clean Title),3,0,0,1
MRK-03876,delinquent,24,0.59,0.3647,0.143,3,0,0.403,14974.84,0,0,3.6,2,BPO / Call Center Agent,Owned (Inherited/Tax Dec),11,0,1,0
MRK-03877,delinquent,36,0.765,0.2849,0.257,2,0,0.239,7714.71,1,0,8.3,3,Sari-Sari / Small Retail,Owned (Clean Title),9,0,1,0
MRK-03878,delinquent,36,0.712,0.1741,0.366,3,0,0.363,11394.35,0,0,10.9,2,BPO / Call Center Agent,Owned (Inherited/Tax Dec),7,0,1,0
MRK-03879,delinquent,36,0.59,0.176,0.496,2,2,0.104,6669.34,1,0,17.4,3,Public School Teacher,Rented (Apartment/House),1,0,0,0
MRK-03880,delinquent,12,0.547,0.5156,0.525,2,0,0.162,21398.99,0,0,4.7,2,Agri / Farmer / Fisherfolk,Living with Parents/Relatives,7,0,0,0
MRK-03881,delinquent,12,0.692,0.4042,0.41,2,0,0.171,14281.76,0,1,4.5,0,Sari-Sari / Small Retail,Owned (Inherited/Tax Dec),9,0,0,0
MRK-03882,delinquent,36,0.289,0.3038,0.683,1,3,0.093,6620.81,0,0,2.5,0,Public School Teacher,Living with Parents/Relatives,3,0,0,1
MRK-03883,delinquent,12,0.819,0.6535,0.366,2,0,0.228,35766.63,1,0,10.1,1,OFW Remittance / Dependent,Rented (Apartment/House),7,0,1,0
MRK-03884,delinquent,12,0.215,0.46,0.223,2,0,0.24,17701.28,0,0,2.1,1,BPO / Call Center Agent,Rented (Apartment/House),9,0,1,0
MRK-03885,delinquent,12,0.177,0.5507,0.442,3,0,0.303,54436.79,0,1,2.2,1,Public School Teacher,Owned (Clean Title),1,0,1,1
MRK-03886,delinquent,24,0.876,0.2065,0.495,2,0,0.059,8637.2,1,1,3.4,3,OFW Remittance / Dependent,Living with Parents/Relatives,9,0,0,0
MRK-03887,delinquent,36,0.126,0.1687,0.722,1,3,0.12,3657.75,0,0,10.6,2,OFW Remittance / Dependent,Rented (Apartment/House),3,0,0,1
MRK-03888,delinquent,24,0.925,0.326,0.331,3,0,0.222,22602.53,1,0,7.5,3,BPO / Call Center Agent,Owned (Clean Title),8,0,1,0
MRK-03889,delinquent,36,0.734,0.1933,0.322,2,0,0.337,8117.46,1,0,1.0,1,OFW Remittance / Dependent,Living with Parents/Relatives,6,0,1,0
MRK-03890,delinquent,12,0.61,0.4833,0.633,1,2,0.023,6820.3,0,0,6.0,1,Agri / Farmer / Fisherfolk,Rented (Apartment/House),9,0,0,1
MRK-03891,delinquent,36,0.321,0.3631,0.429,2,2,0.052,10540.66,0,0,6.8,1,Employed (Private/Gov),Owned (Clean Title),9,0,0,0
MRK-03892,delinquent,12,0.05,0.541,0.557,2,0,0.186,25128.0,0,1,14.3,3,Agri / Farmer / Fisherfolk,Rented (Apartment/House),5,0,0,1
MRK-03893,delinquent,12,0.412,0.7327,0.619,1,1,0.102,10916.26,1,0,4.1,2,Tricycle / PUV Operator,Owned (Inherited/Tax Dec),10,0,0,1
MRK-03894,delinquent,36,0.287,0.2008,0.472,2,0,0.392,7105.87,0,0,4.8,3,BPO / Call Center Agent,Owned (Clean Title),12,0,1,0
MRK-03895,delinquent,12,0.246,0.526,0.369,2,0,0.354,27825.22,1,0,4.3,2,Employed (Private/Gov),Rented (Apartment/House),7,0,1,0
MRK-03896,delinquent,36,0.574,0.2278,0.206,3,0,0.392,21289.65,0,0,4.5,1,Public School Teacher,Living with Parents/Relatives,1,0,0,0
MRK-03897,delinquent,24,0.694,0.4831,0.598,1,3,0.1,10175.03,0,0,13.3,1,Agri / Farmer / Fisherfolk,Rented (Apartment/House),7,0,0,1
MRK-03898,delinquent,24,0.403,0.2666,0.676,1,3,0.082,4197.63,0,0,2.9,2,Employed (Private/Gov),Owned (Clean Title),9,0,0,1
MRK-03899,delinquent,36,0.34,0.2972,0.166,4,0,0.405,29174.68,0,1,8.1,0,Tricycle / PUV Operator,Owned (Clean Title),4,0,1,0
MRK-03900,delinquent,36,0.777,0.1483,0.49,2,0,0.08,6218.77,0,0,10.3,2,BPO / Call Center Agent,Rented (Apartment/House),1,0,0,0
MRK-03901,delinquent,24,0.753,0.3829,0.47,2,0,0.203,24838.25,0,1,9.3,1,OFW Remittance / Dependent,Owned (Inherited/Tax Dec),10,0,0,1
MRK-03902,delinquent,36,0.389,0.4557,0.226,4,0,0.594,20755.57,1,0,17.8,1,Tricycle / PUV Operator,Rented (Apartment/House),5,0,1,0
MRK-03903,delinquent,12,0.833,0.3249,0.701,1,3,0.027,7613.65,0,0,9.4,1,BPO / Call Center Agent,Living with Parents/Relatives,6,0,0,1
MRK-03904,delinquent,12,0.191,0.5946,0.217,4,0,0.308,60571.08,1,1,13.1,2,Public School Teacher,Owned (Clean Title),4,0,1,1
MRK-03905,delinquent,36,0.835,0.4051,0.586,2,2,0.053,9566.28,0,1,5.4,2,Tricycle / PUV Operator,Owned (Clean Title),3,0,0,0
MRK-03906,delinquent,36,0.618,0.2198,0.607,1,1,0.016,5256.87,0,0,10.1,2,Sari-Sari / Small Retail,Owned (Clean Title),5,0,0,0
MRK-03907,delinquent,36,0.131,0.2736,0.458,2,1,0.128,8123.28,1,0,5.3,1,Tricycle / PUV Operator,Owned (Inherited/Tax Dec),5,0,0,0
MRK-03908,delinquent,36,0.143,0.3242,0.706,1,2,0.039,3701.2,1,0,2.3,1,Tricycle / PUV Operator,Owned (Clean Title),6,0,0,1
MRK-03909,delinquent,24,0.533,0.4527,0.312,3,0,0.34,21944.19,1,0,2.8,1,Agri / Farmer / Fisherfolk,Owned (Clean Title),1,0,1,0
MRK-03910,delinquent,36,0.736,0.2525,0.224,4,0,0.594,13079.02,0,1,2.7,1,Agri / Farmer / Fisherfolk,Rented (Apartment/House),12,0,1,0
MRK-03911,delinquent,24,0.469,0.3586,0.533,2,1,0.127,15382.55,1,0,7.6,2,Employed (Private/Gov),Rented (Apartment/House),9,0,0,0
MRK-03912,delinquent,24,0.125,0.2669,0.185,4,0,0.567,23078.59,1,0,8.3,1,Public School Teacher,Rented (Apartment/House),7,0,0,0
MRK-03913,delinquent,36,0.398,0.38,0.142,4,0,0.415,22904.6,0,0,8.6,2,Sari-Sari / Small Retail,Owned (Inherited/Tax Dec),4,0,1,0
MRK-03914,delinquent,24,0.175,0.3303,0.249,3,0,0.201,16236.33,1,0,12.2,4,Sari-Sari / Small Retail,Rented (Apartment/House),6,0,1,0
MRK-03915,delinquent,36,0.135,0.494,0.392,2,0,0.176,11080.61,0,0,12.8,0,Agri / Farmer / Fisherfolk,Owned (Clean Title),6,0,0,0
MRK-03916,delinquent,24,0.602,0.5616,0.4,2,0,0.111,19522.73,1,0,21.6,2,Tricycle / PUV Operator,Rented (Apartment/House),3,0,0,0
MRK-03917,delinquent,36,0.554,0.457,0.183,4,0,0.54,33857.53,1,0,8.2,1,Sari-Sari / Small Retail,Rented (Apartment/House),5,0,1,0
MRK-03918,delinquent,12,0.607,0.4055,0.457,2,1,0.089,22618.26,0,0,17.1,0,BPO / Call Center Agent,Rented (Apartment/House),8,0,0,0
MRK-03919,delinquent,36,0.827,0.2975,0.294,2,0,0.248,14837.37,1,1,7.7,4,BPO / Call Center Agent,Owned (Clean Title),6,0,1,0
MRK-03920,delinquent,12,0.202,0.4048,0.452,2,0,0.263,17946.9,0,0,5.0,0,BPO / Call Center Agent,Owned (Inherited/Tax Dec),7,0,1,0
MRK-03921,delinquent,24,0.288,0.231,0.356,4,0,0.367,23267.45,0,0,7.3,1,OFW Remittance / Dependent,Living with Parents/Relatives,11,0,1,0
MRK-03922,delinquent,12,0.366,0.4562,0.249,3,0,0.308,19893.67,0,0,8.5,0,Agri / Farmer / Fisherfolk,Rented (Apartment/House),11,0,1,0
MRK-03923,delinquent,12,0.678,0.5567,0.715,1,3,0.049,14423.1,0,0,4.4,2,OFW Remittance / Dependent,Rented (Apartment/House),6,0,0,1
MRK-03924,delinquent,12,0.867,0.3512,0.307,3,0,0.235,23368.23,1,0,3.4,1,Employed (Private/Gov),Owned (Inherited/Tax Dec),11,0,1,0
MRK-03925,delinquent,24,0.333,0.2442,0.324,2,0,0.359,10524.74,0,0,11.0,2,Public School Teacher,Owned (Clean Title),8,0,1,0
MRK-03926,delinquent,12,0.753,0.6384,0.323,3,0,0.599,28202.65,0,1,12.9,1,Sari-Sari / Small Retail,Rented (Apartment/House),5,0,1,0
MRK-03927,delinquent,12,0.668,0.3617,0.591,1,1,0.092,9812.7,0,0,5.6,1,Public School Teacher,Owned (Inherited/Tax Dec),10,0,0,1
MRK-03928,delinquent,24,0.503,0.3636,0.516,2,2,0.191,14171.49,0,1,11.0,2,Sari-Sari / Small Retail,Rented (Apartment/House),2,0,0,0
MRK-03929,delinquent,24,0.098,0.5849,0.417,2,0,0.256,15832.41,1,0,9.2,1,Agri / Farmer / Fisherfolk,Living with Parents/Relatives,9,0,1,0
MRK-03930,delinquent,12,0.249,0.5353,0.55,2,2,0.207,19975.73,0,0,12.4,1,Agri / Farmer / Fisherfolk,Owned (Inherited/Tax Dec),3,0,0,0
MRK-03931,delinquent,12,0.5,0.4769,0.555,2,1,0.066,25421.46,1,0,21.5,1,OFW Remittance / Dependent,Owned (Inherited/Tax Dec),11,0,0,0
MRK-03932,delinquent,24,0.224,0.5588,0.309,2,0,0.395,21016.86,1,0,15.3,0,Tricycle / PUV Operator,Owned (Inherited/Tax Dec),3,0,0,0
MRK-03933,delinquent,36,0.429,0.1765,0.516,2,1,0.054,4544.7,0,0,6.8,2,OFW Remittance / Dependent,Living with Parents/Relatives,12,0,0,0
MRK-03934,delinquent,24,0.758,0.3899,0.478,3,0,0.352,34445.86,1,0,12.5,3,Tricycle / PUV Operator,Owned (Inherited/Tax Dec),11,0,1,0
MRK-03935,delinquent,36,0.721,0.4417,0.386,2,2,0.179,14272.81,0,0,3.1,1,OFW Remittance / Dependent,Owned (Inherited/Tax Dec),3,0,0,0
MRK-03936,delinquent,36,0.942,0.2066,0.614,1,2,0.061,4263.63,1,0,13.3,1,OFW Remittance / Dependent,Rented (Apartment/House),6,0,0,1
MRK-03937,delinquent,24,0.217,0.367,0.43,2,0,0.12,14574.69,1,0,5.6,1,Tricycle / PUV Operator,Living with Parents/Relatives,7,0,0,0
MRK-03938,delinquent,12,0.784,0.6113,0.381,3,0,0.239,37956.72,0,0,1.0,1,Employed (Private/Gov),Living with Parents/Relatives,5,0,1,0
MRK-03939,delinquent,36,0.563,0.2103,0.641,1,3,0.005,5060.45,0,0,4.5,1,Tricycle / PUV Operator,Living with Parents/Relatives,6,0,0,0
MRK-03940,delinquent,12,0.328,0.7145,0.271,2,0,0.152,25439.17,1,0,1.0,3,Public School Teacher,Owned (Inherited/Tax Dec),9,0,1,0
MRK-03941,delinquent,36,0.738,0.3637,0.421,2,0,0.083,17911.58,0,0,13.6,3,OFW Remittance / Dependent,Rented (Apartment/House),1,0,0,0
MRK-03942,delinquent,12,0.062,0.4621,0.6,1,1,0.102,18642.45,0,0,5.5,0,OFW Remittance / Dependent,Owned (Inherited/Tax Dec),3,0,0,1
MRK-03943,delinquent,24,0.291,0.3192,0.399,2,2,0.148,11925.97,0,0,7.4,2,Agri / Farmer / Fisherfolk,Owned (Clean Title),7,0,0,0
MRK-03944,delinquent,36,0.088,0.2351,0.372,4,0,0.596,20486.12,0,0,9.5,0,Employed (Private/Gov),Rented (Apartment/House),4,0,1,0
MRK-03945,delinquent,36,0.07,0.3539,0.215,4,0,0.42,19127.78,0,0,5.7,2,Agri / Farmer / Fisherfolk,Owned (Clean Title),2,0,0,0
MRK-03946,delinquent,36,0.522,0.4506,0.492,2,2,0.209,13027.51,0,1,10.8,0,Public School Teacher,Living with Parents/Relatives,5,0,0,0
MRK-03947,delinquent,12,0.851,0.7559,0.409,2,0,0.375,41957.48,0,0,6.9,0,OFW Remittance / Dependent,Owned (Inherited/Tax Dec),10,0,1,0
MRK-03948,delinquent,36,0.811,0.4116,0.157,4,0,0.409,28837.23,1,0,3.5,2,Tricycle / PUV Operator,Owned (Inherited/Tax Dec),5,0,1,0
MRK-03949,delinquent,24,0.772,0.3337,0.25,2,0,0.248,10206.82,0,1,16.4,0,Sari-Sari / Small Retail,Owned (Inherited/Tax Dec),9,0,1,0
MRK-03950,delinquent,12,0.105,0.8,0.259,3,0,0.46,49221.82,0,0,5.8,2,Sari-Sari / Small Retail,Living with Parents/Relatives,8,0,1,0
MRK-03951,delinquent,12,0.81,0.4932,0.387,2,2,0.153,24120.2,0,0,11.7,0,Tricycle / PUV Operator,Living with Parents/Relatives,8,0,0,0
MRK-03952,delinquent,12,0.788,0.2496,0.624,1,3,0.102,7204.67,0,1,5.2,1,OFW Remittance / Dependent,Rented (Apartment/House),10,0,0,1
MRK-03953,delinquent,24,0.236,0.4895,0.656,1,1,0.043,7229.34,0,0,12.8,4,Sari-Sari / Small Retail,Owned (Inherited/Tax Dec),12,0,0,1
MRK-03954,delinquent,24,0.718,0.4067,0.615,1,3,0.023,11648.47,1,0,3.4,1,Public School Teacher,Living with Parents/Relatives,12,0,0,1
MRK-03955,delinquent,24,0.79,0.2707,0.483,2,1,0.198,13410.69,0,0,8.5,1,OFW Remittance / Dependent,Living with Parents/Relatives,1,0,0,0
MRK-03956,delinquent,24,0.907,0.2873,0.267,3,0,0.211,19723.39,0,0,16.7,3,OFW Remittance / Dependent,Owned (Clean Title),4,0,1,0
MRK-03957,delinquent,36,0.395,0.1629,0.293,3,0,0.211,9007.6,0,0,9.7,0,BPO / Call Center Agent,Living with Parents/Relatives,12,0,1,0
MRK-03958,delinquent,24,0.161,0.3847,0.478,2,2,0.181,22342.46,0,0,4.5,3,OFW Remittance / Dependent,Owned (Inherited/Tax Dec),5,0,0,0
MRK-03959,delinquent,12,0.689,0.7591,0.353,4,0,0.476,46941.34,0,0,7.5,2,Sari-Sari / Small Retail,Owned (Clean Title),11,0,1,0
MRK-03960,delinquent,36,0.788,0.2351,0.744,1,2,0.104,3342.0,0,0,2.3,0,Public School Teacher,Owned (Clean Title),2,0,0,1
MRK-03961,delinquent,36,0.254,0.2665,0.416,2,0,0.128,11345.02,0,0,3.2,3,Employed (Private/Gov),Rented (Apartment/House),6,0,0,0
MRK-03962,delinquent,36,0.182,0.3355,0.701,1,2,0.039,7516.82,0,0,7.5,1,Employed (Private/Gov),Owned (Clean Title),9,0,0,1
MRK-03963,delinquent,36,0.93,0.342,0.149,4,0,0.414,23939.25,1,0,1.9,2,Sari-Sari / Small Retail,Living with Parents/Relatives,3,0,0,0
MRK-03964,delinquent,24,0.543,0.3592,0.648,1,3,0.002,10250.28,0,0,3.0,4,Agri / Farmer / Fisherfolk,Rented (Apartment/House),4,0,0,1
MRK-03965,delinquent,24,0.098,0.3498,0.268,3,0,0.215,18551.58,0,1,5.6,0,Agri / Farmer / Fisherfolk,Living with Parents/Relatives,10,0,1,0
MRK-03966,delinquent,36,0.156,0.529,0.351,3,0,0.269,23623.78,1,1,8.9,1,OFW Remittance / Dependent,Owned (Inherited/Tax Dec),2,0,1,0
MRK-03967,delinquent,24,0.282,0.2335,0.656,1,1,0.119,6736.94,0,1,1.8,2,Public School Teacher,Living with Parents/Relatives,8,0,0,1
MRK-03968,delinquent,24,0.375,0.2277,0.429,3,0,0.158,25505.09,1,0,13.2,1,Public School Teacher,Owned (Clean Title),5,0,1,0
MRK-03969,delinquent,12,0.217,0.6613,0.173,4,0,0.408,70542.72,0,1,19.0,2,Public School Teacher,Rented (Apartment/House),11,0,1,0
MRK-03970,delinquent,12,0.807,0.8,0.466,2,0,0.28,20421.96,0,0,5.1,1,Agri / Farmer / Fisherfolk,Living with Parents/Relatives,2,0,1,0
MRK-03971,delinquent,12,0.258,0.5319,0.529,2,0,0.075,23631.24,0,0,12.7,0,Public School Teacher,Rented (Apartment/House),4,0,0,0
MRK-03972,delinquent,12,0.417,0.279,0.178,3,0,0.548,18350.99,0,1,4.5,1,Employed (Private/Gov),Owned (Clean Title),10,0,1,0
MRK-03973,delinquent,12,0.578,0.617,0.401,3,0,0.261,25342.52,0,1,4.7,4,Tricycle / PUV Operator,Rented (Apartment/House),6,0,1,0
MRK-03974,delinquent,36,0.228,0.3989,0.493,2,2,0.117,15094.03,1,0,8.4,2,Public School Teacher,Living with Parents/Relatives,10,0,0,0
MRK-03975,delinquent,36,0.302,0.2235,0.748,1,2,0.113,4830.9,0,0,11.0,2,OFW Remittance / Dependent,Owned (Inherited/Tax Dec),11,0,0,1
MRK-03976,delinquent,36,0.221,0.3186,0.618,1,3,0.043,6706.88,0,1,5.0,1,Agri / Farmer / Fisherfolk,Owned (Clean Title),5,0,0,1
MRK-03977,delinquent,24,0.754,0.284,0.129,3,0,0.582,22935.7,0,0,4.8,1,Public School Teacher,Owned (Clean Title),5,0,1,0
MRK-03978,delinquent,12,0.391,0.5785,0.713,1,3,0.059,14262.78,0,0,4.0,2,Sari-Sari / Small Retail,Owned (Inherited/Tax Dec),7,0,0,1
MRK-03979,delinquent,12,0.116,0.8,0.308,2,0,0.171,26563.48,0,1,1.7,2,Sari-Sari / Small Retail,Rented (Apartment/House),1,0,1,0
MRK-03980,delinquent,24,0.374,0.3643,0.599,1,1,0.03,10671.01,1,0,12.3,2,OFW Remittance / Dependent,Living with Parents/Relatives,9,0,0,1
MRK-03981,delinquent,24,0.079,0.3874,0.442,2,0,0.378,21694.14,0,0,4.3,3,BPO / Call Center Agent,Rented (Apartment/House),6,0,1,0
MRK-03982,delinquent,36,0.683,0.2806,0.703,1,1,0.05,5906.71,1,0,14.6,0,BPO / Call Center Agent,Living with Parents/Relatives,8,0,0,1
MRK-03983,delinquent,12,0.832,0.8,0.572,2,1,0.213,32148.16,0,0,7.0,0,Public School Teacher,Owned (Clean Title),2,0,0,0
MRK-03984,delinquent,36,0.554,0.3195,0.137,3,0,0.446,20635.92,0,0,10.6,4,Public School Teacher,Owned (Clean Title),10,0,1,0
MRK-03985,delinquent,24,0.869,0.3262,0.324,3,0,0.281,22398.03,1,0,9.4,2,Employed (Private/Gov),Owned (Inherited/Tax Dec),7,0,1,0
MRK-03986,delinquent,12,0.372,0.8,0.499,2,0,0.134,28374.34,0,0,5.6,1,Tricycle / PUV Operator,Owned (Clean Title),6,0,0,0
MRK-03987,delinquent,36,0.245,0.3097,0.719,1,1,0.047,4105.77,0,0,13.4,2,BPO / Call Center Agent,Owned (Clean Title),9,0,0,1
MRK-03988,delinquent,12,0.638,0.3258,0.636,1,3,0.085,10705.72,0,0,5.1,1,Employed (Private/Gov),Living with Parents/Relatives,10,0,0,1
MRK-03989,delinquent,36,0.069,0.2251,0.433,3,0,0.176,18463.93,0,0,8.8,0,Employed (Private/Gov),Owned (Clean Title),4,0,1,0
MRK-03990,delinquent,36,0.711,0.3207,0.159,4,0,0.377,38220.07,0,0,2.0,3,Sari-Sari / Small Retail,Owned (Clean Title),6,0,1,0
MRK-03991,delinquent,24,0.438,0.4244,0.311,3,0,0.434,32844.71,1,0,9.6,2,Tricycle / PUV Operator,Rented (Apartment/House),5,0,1,0
MRK-03992,delinquent,36,0.92,0.3956,0.317,3,0,0.31,23518.53,0,1,9.3,2,Public School Teacher,Owned (Inherited/Tax Dec),12,0,1,0
MRK-03993,delinquent,24,0.173,0.6337,0.563,2,0,0.154,20846.94,0,0,9.5,3,BPO / Call Center Agent,Owned (Inherited/Tax Dec),1,0,0,0
MRK-03994,delinquent,24,0.306,0.5427,0.254,4,0,0.593,25752.39,0,1,5.1,3,Tricycle / PUV Operator,Living with Parents/Relatives,9,0,1,0
MRK-03995,delinquent,24,0.254,0.3644,0.344,3,0,0.509,12122.5,0,0,10.5,3,Tricycle / PUV Operator,Living with Parents/Relatives,4,0,1,0
MRK-03996,delinquent,12,0.393,0.4518,0.267,4,0,0.504,31066.04,1,0,10.5,0,Agri / Farmer / Fisherfolk,Owned (Inherited/Tax Dec),5,0,1,0
MRK-03997,delinquent,12,0.437,0.5824,0.434,3,0,0.399,27642.97,1,0,1.7,1,Sari-Sari / Small Retail,Rented (Apartment/House),4,0,1,0
MRK-03998,delinquent,12,0.281,0.8,0.266,3,0,0.364,32725.02,0,0,3.4,0,Sari-Sari / Small Retail,Rented (Apartment/House),10,0,1,0
MRK-03999,delinquent,24,0.653,0.1798,0.315,3,0,0.173,10050.86,1,0,7.1,3,Employed (Private/Gov),Rented (Apartment/House),2,0,1,0
MRK-04000,delinquent,12,0.687,0.5454,0.341,2,0,0.319,25450.67,0,1,10.5,0,OFW Remittance / Dependent,Owned (Clean Title),5,0,1,0
MRK-04001,delinquent,12,0.199,0.4239,0.59,1,1,0.119,12947.74,0,0,5.7,0,BPO / Call Center Agent,Owned (Inherited/Tax Dec),9,0,0,1
MRK-04002,delinquent,24,0.432,0.4013,0.43,2,0,0.368,15325.07,0,1,10.1,2,OFW Remittance / Dependent,Rented (Apartment/House),2,0,1,0
MRK-04003,delinquent,24,0.283,0.3881,0.274,3,0,0.403,22303.06,1,0,4.2,4,Employed (Private/Gov),Owned (Inherited/Tax Dec),1,0,1,0
MRK-04004,delinquent,24,0.821,0.2845,0.406,3,0,0.197,26811.18,0,0,5.7,0,Agri / Farmer / Fisherfolk,Living with Parents/Relatives,10,0,1,0
MRK-04005,delinquent,36,0.309,0.2544,0.384,2,0,0.187,12544.7,0,0,5.5,2,BPO / Call Center Agent,Owned (Inherited/Tax Dec),1,0,0,0
MRK-04006,delinquent,24,0.661,0.3934,0.21,2,0,0.333,24393.79,0,0,3.2,0,Public School Teacher,Owned (Inherited/Tax Dec),5,0,1,0
MRK-04007,delinquent,12,0.287,0.8,0.568,2,1,0.13,22416.23,0,0,6.8,2,Tricycle / PUV Operator,Owned (Inherited/Tax Dec),3,0,0,0
MRK-04008,delinquent,12,0.235,0.2714,0.587,1,1,0.104,6296.18,1,0,7.4,0,Employed (Private/Gov),Owned (Inherited/Tax Dec),12,0,0,1
MRK-04009,delinquent,24,0.427,0.4011,0.57,2,2,0.215,16813.99,0,0,13.3,1,Sari-Sari / Small Retail,Living with Parents/Relatives,9,0,0,0
MRK-04010,delinquent,12,0.928,0.2658,0.546,2,0,0.07,11938.2,0,0,12.1,1,OFW Remittance / Dependent,Owned (Inherited/Tax Dec),3,0,0,0
MRK-04011,delinquent,36,0.155,0.2633,0.325,3,0,0.28,14536.44,0,0,5.0,1,OFW Remittance / Dependent,Owned (Inherited/Tax Dec),2,0,1,0
MRK-04012,delinquent,12,0.644,0.3967,0.366,3,0,0.161,34729.43,1,0,17.6,3,Employed (Private/Gov),Rented (Apartment/House),5,0,1,0
MRK-04013,delinquent,24,0.401,0.3448,0.506,2,2,0.142,19653.7,0,1,11.7,3,Employed (Private/Gov),Rented (Apartment/House),6,0,0,0
MRK-04014,delinquent,24,0.873,0.3603,0.552,1,2,0.009,4431.25,0,1,11.1,2,Sari-Sari / Small Retail,Owned (Inherited/Tax Dec),1,0,0,1
MRK-04015,delinquent,36,0.906,0.3385,0.294,3,0,0.351,18584.48,1,1,3.2,2,Sari-Sari / Small Retail,Owned (Inherited/Tax Dec),1,0,1,0
MRK-04016,delinquent,36,0.703,0.188,0.463,2,1,0.212,5448.69,0,0,3.7,2,Public School Teacher,Owned (Inherited/Tax Dec),11,0,0,0
MRK-04017,delinquent,12,0.192,0.5986,0.549,2,2,0.134,35547.23,0,0,7.3,0,OFW Remittance / Dependent,Owned (Inherited/Tax Dec),6,0,0,0
MRK-04018,delinquent,24,0.075,0.4037,0.31,3,0,0.202,37019.82,1,0,3.2,1,Agri / Farmer / Fisherfolk,Owned (Clean Title),6,0,1,0
MRK-04019,delinquent,36,0.898,0.2781,0.237,4,0,0.507,15866.32,0,0,4.2,4,Sari-Sari / Small Retail,Living with Parents/Relatives,8,0,1,0
MRK-04020,delinquent,12,0.601,0.5933,0.615,1,3,0.002,11459.66,0,0,1.0,3,BPO / Call Center Agent,Owned (Clean Title),9,0,0,1
MRK-04021,delinquent,36,0.757,0.348,0.638,1,3,0.115,5658.14,0,0,21.2,2,Sari-Sari / Small Retail,Owned (Clean Title),5,0,0,1
MRK-04022,delinquent,12,0.765,0.2291,0.254,3,0,0.489,16624.93,1,0,7.4,1,Public School Teacher,Living with Parents/Relatives,4,0,1,0
MRK-04023,delinquent,36,0.081,0.354,0.7,1,2,0.088,5334.37,1,0,3.7,0,OFW Remittance / Dependent,Owned (Clean Title),11,0,0,0
MRK-04024,delinquent,24,0.595,0.3372,0.673,1,3,0.073,6413.58,0,0,6.0,1,Tricycle / PUV Operator,Owned (Clean Title),8,0,0,1
MRK-04025,delinquent,36,0.572,0.1837,0.681,1,3,0.066,3715.41,0,1,19.1,2,Employed (Private/Gov),Owned (Inherited/Tax Dec),7,0,1,1
MRK-04026,delinquent,24,0.585,0.2541,0.545,2,1,0.158,13444.18,0,0,13.9,2,BPO / Call Center Agent,Rented (Apartment/House),2,0,0,0
MRK-04027,delinquent,12,0.47,0.4113,0.322,2,0,0.392,25322.37,0,0,2.9,0,Employed (Private/Gov),Rented (Apartment/House),6,0,1,0
MRK-04028,delinquent,12,0.475,0.6273,0.624,1,3,0.065,14305.6,0,0,13.9,2,Agri / Farmer / Fisherfolk,Rented (Apartment/House),3,0,0,1
MRK-04029,delinquent,24,0.594,0.4567,0.4,2,0,0.338,16789.8,0,0,10.8,1,Tricycle / PUV Operator,Rented (Apartment/House),10,0,1,0
MRK-04030,delinquent,24,0.405,0.4167,0.741,1,2,0.117,7257.74,0,0,2.2,2,Agri / Farmer / Fisherfolk,Rented (Apartment/House),7,0,0,1
MRK-04031,delinquent,24,0.141,0.2428,0.743,1,2,0.089,5064.84,1,0,4.9,1,Tricycle / PUV Operator,Living with Parents/Relatives,7,0,0,1
MRK-04032,delinquent,24,0.426,0.4196,0.615,1,3,0.054,9701.37,0,0,4.4,2,BPO / Call Center Agent,Rented (Apartment/House),6,0,0,1
MRK-04033,delinquent,24,0.071,0.7087,0.144,3,0,0.382,27294.57,0,0,11.6,1,Tricycle / PUV Operator,Owned (Inherited/Tax Dec),10,0,1,0
MRK-04034,delinquent,36,0.273,0.3255,0.45,3,0,0.262,13768.49,1,0,6.5,0,Agri / Farmer / Fisherfolk,Living with Parents/Relatives,7,0,1,0
MRK-04035,delinquent,24,0.821,0.212,0.582,1,3,0.035,4441.08,0,0,10.6,2,Employed (Private/Gov),Living with Parents/Relatives,12,0,0,1
MRK-04036,delinquent,24,0.493,0.3536,0.623,1,1,0.06,9625.44,0,0,3.5,1,OFW Remittance / Dependent,Owned (Inherited/Tax Dec),10,0,0,1
MRK-04037,delinquent,24,0.909,0.5139,0.166,4,0,0.533,36377.83,0,0,2.9,2,Tricycle / PUV Operator,Living with Parents/Relatives,1,0,1,0
MRK-04038,delinquent,12,0.743,0.4786,0.374,4,0,0.537,52510.91,0,0,4.8,1,OFW Remittance / Dependent,Owned (Clean Title),1,0,1,0
MRK-04039,delinquent,24,0.147,0.3059,0.737,1,2,0.07,6720.21,0,0,8.4,1,Public School Teacher,Rented (Apartment/House),5,0,0,1
MRK-04040,delinquent,36,0.388,0.6141,0.487,2,2,0.148,16291.25,1,0,2.0,3,Agri / Farmer / Fisherfolk,Living with Parents/Relatives,7,0,0,0
MRK-04041,delinquent,24,0.914,0.4259,0.521,2,1,0.099,10332.37,0,0,2.9,2,Sari-Sari / Small Retail,Rented (Apartment/House),4,0,0,0
MRK-04042,delinquent,36,0.215,0.3084,0.713,1,2,0.039,7209.16,0,0,8.7,1,BPO / Call Center Agent,Living with Parents/Relatives,9,0,0,1
MRK-04043,delinquent,24,0.862,0.2368,0.205,4,0,0.342,29862.8,1,0,11.9,0,Employed (Private/Gov),Owned (Clean Title),4,0,1,0
MRK-04044,delinquent,36,0.626,0.351,0.567,2,1,0.072,16013.51,0,0,12.8,1,Public School Teacher,Owned (Inherited/Tax Dec),11,0,0,0
MRK-04045,delinquent,36,0.318,0.2139,0.43,2,1,0.201,9303.75,0,0,4.8,1,OFW Remittance / Dependent,Living with Parents/Relatives,4,0,0,0
MRK-04046,delinquent,36,0.38,0.3424,0.565,2,0,0.055,7788.4,1,0,3.1,2,Tricycle / PUV Operator,Rented (Apartment/House),6,0,0,0
MRK-04047,delinquent,24,0.498,0.3325,0.422,2,2,0.108,16093.65,1,0,8.7,1,BPO / Call Center Agent,Owned (Clean Title),10,0,0,0
MRK-04048,delinquent,24,0.202,0.3887,0.404,2,1,0.06,24259.96,1,1,9.3,1,BPO / Call Center Agent,Owned (Clean Title),8,0,0,0
MRK-04049,delinquent,36,0.6,0.2183,0.612,1,1,0.094,2613.38,1,0,1.2,3,Sari-Sari / Small Retail,Owned (Inherited/Tax Dec),3,0,0,1
MRK-04050,delinquent,36,0.436,0.3245,0.592,2,2,0.08,10938.28,0,0,3.5,2,Tricycle / PUV Operator,Owned (Clean Title),6,0,0,0
MRK-04051,delinquent,12,0.085,0.6859,0.391,2,0,0.188,26615.04,0,0,1.0,1,Public School Teacher,Rented (Apartment/House),2,0,1,0
MRK-04052,delinquent,24,0.125,0.3823,0.591,2,2,0.055,22455.07,0,1,4.8,3,Employed (Private/Gov),Living with Parents/Relatives,11,0,0,0
MRK-04053,delinquent,24,0.136,0.4095,0.675,1,3,0.114,10247.53,1,0,4.4,0,Public School Teacher,Rented (Apartment/House),10,0,0,1
MRK-04054,delinquent,36,0.666,0.2384,0.451,2,0,0.206,9436.11,0,0,5.9,3,OFW Remittance / Dependent,Owned (Clean Title),3,0,0,0
MRK-04055,delinquent,36,0.453,0.3468,0.395,2,0,0.072,13128.91,0,0,15.4,1,Tricycle / PUV Operator,Owned (Clean Title),8,0,0,0
MRK-04056,delinquent,24,0.052,0.1699,0.2,3,0,0.237,10006.95,0,1,7.4,4,BPO / Call Center Agent,Rented (Apartment/House),9,0,0,0
MRK-04057,delinquent,36,0.644,0.1699,0.462,2,0,0.161,6435.89,1,0,5.8,0,Public School Teacher,Owned (Inherited/Tax Dec),2,0,0,0
MRK-04058,delinquent,12,0.585,0.5919,0.224,2,0,0.191,19201.41,0,0,13.1,0,Agri / Farmer / Fisherfolk,Owned (Inherited/Tax Dec),2,0,1,0
MRK-04059,delinquent,36,0.188,0.2648,0.283,3,0,0.327,13836.61,0,1,13.4,0,Public School Teacher,Owned (Inherited/Tax Dec),12,0,1,0
MRK-04060,delinquent,12,0.863,0.3783,0.257,3,0,0.557,34979.38,0,0,5.9,3,OFW Remittance / Dependent,Living with Parents/Relatives,2,0,1,0
MRK-04061,delinquent,12,0.88,0.8,0.47,3,0,0.282,43774.17,0,0,6.3,2,OFW Remittance / Dependent,Owned (Clean Title),4,0,1,0
MRK-04062,delinquent,36,0.068,0.2935,0.597,2,0,0.124,12297.35,0,1,8.7,1,Sari-Sari / Small Retail,Owned (Clean Title),10,0,1,0
MRK-04063,delinquent,24,0.923,0.3873,0.346,3,0,0.362,16520.93,1,1,10.2,2,Tricycle / PUV Operator,Rented (Apartment/House),2,0,1,0
MRK-04064,delinquent,36,0.168,0.2277,0.702,1,2,0.044,3516.92,0,0,6.9,3,Employed (Private/Gov),Owned (Clean Title),7,0,0,1
MRK-04065,delinquent,12,0.555,0.4186,0.297,2,0,0.231,20116.8,0,0,6.4,4,BPO / Call Center Agent,Owned (Clean Title),6,0,1,0
MRK-04066,delinquent,12,0.867,0.6633,0.344,3,0,0.156,51074.34,0,0,17.5,1,Agri / Farmer / Fisherfolk,Owned (Inherited/Tax Dec),8,0,1,0
MRK-04067,delinquent,24,0.254,0.1725,0.628,1,1,0.001,3517.47,0,0,3.8,2,Public School Teacher,Rented (Apartment/House),7,0,0,1
MRK-04068,delinquent,12,0.248,0.6561,0.234,3,0,0.289,52829.75,0,1,4.6,3,OFW Remittance / Dependent,Owned (Inherited/Tax Dec),3,0,1,0
MRK-04069,delinquent,24,0.598,0.4581,0.406,2,1,0.094,18436.08,1,1,7.7,3,BPO / Call Center Agent,Living with Parents/Relatives,8,0,0,0
MRK-04070,delinquent,36,0.766,0.277,0.702,1,2,0.12,5809.04,0,0,2.4,1,OFW Remittance / Dependent,Rented (Apartment/House),3,0,0,1
MRK-04071,delinquent,36,0.562,0.2336,0.273,2,0,0.37,8208.88,1,1,5.7,0,Employed (Private/Gov),Rented (Apartment/House),1,0,1,0
MRK-04072,delinquent,24,0.171,0.3234,0.227,3,0,0.216,15813.99,1,0,3.4,1,BPO / Call Center Agent,Owned (Inherited/Tax Dec),7,0,1,0
MRK-04073,delinquent,36,0.172,0.2955,0.496,2,0,0.092,13930.38,1,0,9.0,1,Tricycle / PUV Operator,Living with Parents/Relatives,11,0,0,0
MRK-04074,delinquent,12,0.115,0.6219,0.327,2,0,0.156,29010.98,0,0,13.8,2,Sari-Sari / Small Retail,Rented (Apartment/House),6,0,1,1
MRK-04075,delinquent,24,0.242,0.3625,0.431,2,2,0.077,16134.13,0,1,13.3,1,OFW Remittance / Dependent,Owned (Inherited/Tax Dec),10,0,0,0
MRK-04076,delinquent,36,0.166,0.2061,0.32,2,0,0.171,5359.18,0,0,5.8,3,Tricycle / PUV Operator,Owned (Inherited/Tax Dec),1,0,1,0
MRK-04077,delinquent,24,0.683,0.3172,0.708,1,3,0.113,7940.8,0,0,15.6,2,OFW Remittance / Dependent,Living with Parents/Relatives,7,0,0,1
MRK-04078,delinquent,36,0.074,0.3292,0.594,2,0,0.198,17085.94,0,0,12.0,0,BPO / Call Center Agent,Living with Parents/Relatives,11,0,0,0
MRK-04079,delinquent,12,0.768,0.5318,0.399,2,0,0.151,21101.43,1,0,8.6,3,Sari-Sari / Small Retail,Owned (Clean Title),8,0,1,0
MRK-04080,delinquent,36,0.398,0.2721,0.408,3,0,0.371,11649.76,0,0,7.5,2,Agri / Farmer / Fisherfolk,Living with Parents/Relatives,11,0,1,0
MRK-04081,delinquent,36,0.573,0.3451,0.593,1,3,0.023,8388.0,1,0,2.6,1,Tricycle / PUV Operator,Rented (Apartment/House),3,0,0,1
MRK-04082,delinquent,36,0.686,0.3276,0.225,4,0,0.37,26536.14,1,1,16.9,2,OFW Remittance / Dependent,Rented (Apartment/House),8,0,1,0
MRK-04083,delinquent,36,0.622,0.412,0.27,3,0,0.522,19098.07,1,0,5.8,1,Sari-Sari / Small Retail,Living with Parents/Relatives,10,0,0,0
MRK-04084,delinquent,36,0.863,0.5926,0.522,2,2,0.062,14180.69,1,0,8.0,0,Tricycle / PUV Operator,Owned (Inherited/Tax Dec),7,0,0,0
MRK-04085,delinquent,12,0.486,0.2688,0.663,1,2,0.081,6964.24,0,0,2.8,3,BPO / Call Center Agent,Owned (Clean Title),4,0,0,1
MRK-04086,delinquent,24,0.264,0.3677,0.283,4,0,0.578,23959.56,0,0,9.9,1,OFW Remittance / Dependent,Rented (Apartment/House),6,0,1,0
MRK-04087,delinquent,36,0.645,0.3056,0.324,2,0,0.156,13135.52,0,0,4.1,1,Tricycle / PUV Operator,Living with Parents/Relatives,4,0,1,0
MRK-04088,delinquent,36,0.897,0.4035,0.626,1,2,0.027,5860.56,1,1,8.2,0,BPO / Call Center Agent,Owned (Inherited/Tax Dec),9,0,0,1
MRK-04089,delinquent,24,0.922,0.3073,0.441,2,0,0.129,8365.1,0,0,6.3,1,BPO / Call Center Agent,Living with Parents/Relatives,1,0,0,0
MRK-04090,delinquent,24,0.476,0.5675,0.605,1,2,0.062,10986.59,0,0,6.7,0,Agri / Farmer / Fisherfolk,Rented (Apartment/House),12,0,0,1
MRK-04091,delinquent,12,0.641,0.6118,0.391,2,0,0.158,23363.9,0,1,21.2,2,Agri / Farmer / Fisherfolk,Living with Parents/Relatives,10,0,0,0
MRK-04092,delinquent,24,0.311,0.2878,0.125,4,0,0.281,24429.3,0,0,7.4,1,Sari-Sari / Small Retail,Rented (Apartment/House),6,0,1,0
MRK-04093,delinquent,24,0.344,0.2978,0.283,3,0,0.333,27193.72,0,0,8.0,0,OFW Remittance / Dependent,Owned (Inherited/Tax Dec),5,0,1,1
MRK-04094,delinquent,12,0.379,0.7199,0.648,1,2,0.113,15862.84,0,1,4.9,3,Agri / Farmer / Fisherfolk,Owned (Inherited/Tax Dec),8,0,0,1
MRK-04095,delinquent,12,0.94,0.6939,0.74,1,2,0.108,10943.14,0,0,10.6,4,Agri / Farmer / Fisherfolk,Living with Parents/Relatives,1,0,0,1
MRK-04096,delinquent,24,0.91,0.4354,0.648,1,3,0.012,7171.32,0,0,6.2,0,BPO / Call Center Agent,Living with Parents/Relatives,4,0,0,1
MRK-04097,delinquent,24,0.551,0.4308,0.238,2,0,0.303,17774.69,0,0,8.4,2,Tricycle / PUV Operator,Owned (Clean Title),11,0,1,0
MRK-04098,delinquent,24,0.761,0.2205,0.677,1,3,0.031,6257.58,1,1,11.2,3,OFW Remittance / Dependent,Owned (Inherited/Tax Dec),2,0,0,1
MRK-04099,delinquent,36,0.162,0.3411,0.124,3,0,0.546,22162.55,0,1,16.9,1,BPO / Call Center Agent,Rented (Apartment/House),12,0,1,0
MRK-04100,delinquent,24,0.175,0.2329,0.316,3,0,0.25,18066.33,1,0,2.6,1,Tricycle / PUV Operator,Owned (Clean Title),12,0,1,0
MRK-04101,delinquent,36,0.339,0.3209,0.413,3,0,0.359,16933.71,1,0,6.7,0,Tricycle / PUV Operator,Owned (Clean Title),10,0,1,0
MRK-04102,delinquent,24,0.058,0.4313,0.434,2,2,0.155,17162.56,0,1,10.3,1,Sari-Sari / Small Retail,Living with Parents/Relatives,1,0,0,0
MRK-04103,delinquent,36,0.876,0.2271,0.484,2,2,0.141,7845.8,1,0,4.1,1,OFW Remittance / Dependent,Owned (Clean Title),7,0,0,0
MRK-04104,delinquent,24,0.397,0.2814,0.64,1,2,0.098,7295.97,0,0,26.0,2,Employed (Private/Gov),Rented (Apartment/House),4,0,0,1
MRK-04105,delinquent,36,0.358,0.3379,0.535,2,2,0.15,7610.7,0,0,11.7,2,Sari-Sari / Small Retail,Owned (Inherited/Tax Dec),8,0,0,1
MRK-04106,delinquent,36,0.216,0.2129,0.303,3,0,0.29,14000.26,0,0,2.4,3,BPO / Call Center Agent,Owned (Clean Title),12,0,1,0
MRK-04107,delinquent,12,0.939,0.664,0.404,2,2,0.19,29299.83,0,1,16.7,1,Employed (Private/Gov),Owned (Clean Title),1,0,0,0
MRK-04108,delinquent,24,0.897,0.383,0.134,4,0,0.57,37735.8,0,1,7.8,3,OFW Remittance / Dependent,Rented (Apartment/House),5,0,1,0
MRK-04109,delinquent,12,0.394,0.6176,0.549,2,0,0.16,24943.14,0,1,12.5,0,BPO / Call Center Agent,Living with Parents/Relatives,11,0,0,0
MRK-04110,delinquent,24,0.643,0.7148,0.571,2,0,0.207,18733.59,0,0,12.5,2,Sari-Sari / Small Retail,Owned (Clean Title),6,0,0,0
MRK-04111,delinquent,36,0.336,0.254,0.316,3,0,0.309,17078.93,1,0,5.5,4,Sari-Sari / Small Retail,Owned (Inherited/Tax Dec),11,0,1,0
MRK-04112,delinquent,36,0.373,0.2347,0.352,4,0,0.579,17297.31,1,0,9.8,0,Employed (Private/Gov),Living with Parents/Relatives,1,0,1,0
MRK-04113,delinquent,36,0.904,0.1854,0.36,2,0,0.254,6335.97,0,0,12.1,3,Public School Teacher,Rented (Apartment/House),9,0,1,0
MRK-04114,delinquent,12,0.222,0.2936,0.643,1,2,0.047,7992.76,0,0,2.3,2,BPO / Call Center Agent,Rented (Apartment/House),1,0,0,1
MRK-04115,delinquent,24,0.226,0.5444,0.262,3,0,0.342,25296.61,0,0,21.4,4,Agri / Farmer / Fisherfolk,Rented (Apartment/House),7,0,1,0
MRK-04116,delinquent,12,0.442,0.7561,0.563,2,2,0.078,30032.53,0,0,14.7,1,Agri / Farmer / Fisherfolk,Rented (Apartment/House),8,0,0,0
MRK-04117,delinquent,36,0.465,0.2881,0.574,2,1,0.177,12861.14,0,0,3.1,2,Employed (Private/Gov),Owned (Clean Title),9,0,0,0
MRK-04118,delinquent,12,0.14,0.3495,0.738,1,1,0.117,9287.25,0,0,8.4,4,Public School Teacher,Living with Parents/Relatives,12,0,0,1
MRK-04119,delinquent,36,0.247,0.1566,0.711,1,1,0.091,2669.33,0,0,10.9,4,BPO / Call Center Agent,Owned (Inherited/Tax Dec),11,0,0,1
MRK-04120,delinquent,36,0.455,0.2848,0.369,3,0,0.393,8923.06,1,0,11.7,2,Agri / Farmer / Fisherfolk,Rented (Apartment/House),7,0,1,0
MRK-04121,delinquent,36,0.843,0.3474,0.541,2,1,0.195,16354.16,0,0,5.3,1,OFW Remittance / Dependent,Owned (Clean Title),3,0,0,0
MRK-04122,delinquent,12,0.547,0.3511,0.304,4,0,0.492,42734.82,1,0,5.8,3,BPO / Call Center Agent,Rented (Apartment/House),1,0,1,1
MRK-04123,delinquent,24,0.574,0.225,0.248,2,0,0.169,6512.83,0,0,7.3,0,Employed (Private/Gov),Owned (Clean Title),3,0,1,0
MRK-04124,delinquent,36,0.299,0.3645,0.469,3,0,0.195,12369.0,0,0,9.5,1,Tricycle / PUV Operator,Rented (Apartment/House),1,0,1,0
MRK-04125,delinquent,24,0.258,0.3685,0.463,2,2,0.068,15317.55,0,0,3.1,2,BPO / Call Center Agent,Living with Parents/Relatives,11,0,0,0
MRK-04126,delinquent,36,0.753,0.538,0.484,2,0,0.122,14482.14,0,0,3.0,1,Tricycle / PUV Operator,Owned (Inherited/Tax Dec),9,0,0,0
MRK-04127,delinquent,36,0.271,0.1895,0.598,2,1,0.11,4996.28,0,0,1.0,2,Agri / Farmer / Fisherfolk,Owned (Clean Title),6,0,0,0
MRK-04128,delinquent,36,0.118,0.5363,0.635,1,3,0.105,8727.3,0,1,3.1,2,Tricycle / PUV Operator,Living with Parents/Relatives,7,0,0,1
MRK-04129,delinquent,36,0.6,0.3464,0.21,3,0,0.151,20593.32,1,1,4.9,2,Tricycle / PUV Operator,Owned (Clean Title),3,0,1,0
MRK-04130,delinquent,24,0.179,0.355,0.211,4,0,0.356,19691.4,0,0,5.9,2,Tricycle / PUV Operator,Owned (Clean Title),12,0,1,0
MRK-04131,delinquent,12,0.154,0.3842,0.215,3,0,0.251,35745.81,0,0,2.2,2,Employed (Private/Gov),Rented (Apartment/House),10,0,1,1
MRK-04132,delinquent,36,0.057,0.411,0.451,2,1,0.102,15108.12,1,1,12.0,4,Sari-Sari / Small Retail,Owned (Clean Title),1,0,0,0
MRK-04133,delinquent,24,0.383,0.2003,0.336,3,0,0.348,12381.35,1,0,6.7,2,OFW Remittance / Dependent,Owned (Inherited/Tax Dec),11,0,1,0
MRK-04134,delinquent,12,0.43,0.3066,0.175,4,0,0.347,30074.11,0,0,14.9,1,Employed (Private/Gov),Owned (Clean Title),6,0,1,0
MRK-04135,delinquent,12,0.091,0.5997,0.466,2,0,0.125,13337.88,0,1,6.1,1,Sari-Sari / Small Retail,Living with Parents/Relatives,2,0,0,0
MRK-04136,delinquent,24,0.615,0.298,0.483,2,1,0.076,16701.68,0,0,4.7,3,OFW Remittance / Dependent,Owned (Clean Title),3,0,1,1
MRK-04137,delinquent,24,0.197,0.2584,0.566,2,2,0.157,5940.34,0,0,14.4,1,Tricycle / PUV Operator,Owned (Clean Title),5,0,0,0
MRK-04138,delinquent,12,0.829,0.5394,0.644,1,3,0.03,17361.85,1,0,9.8,2,BPO / Call Center Agent,Rented (Apartment/House),1,0,0,1
MRK-04139,delinquent,12,0.413,0.2873,0.468,2,1,0.17,16075.3,0,0,4.6,3,OFW Remittance / Dependent,Owned (Inherited/Tax Dec),9,0,1,0
MRK-04140,delinquent,24,0.361,0.3481,0.562,2,0,0.155,18341.4,0,0,6.1,2,OFW Remittance / Dependent,Owned (Clean Title),12,0,0,0
MRK-04141,delinquent,24,0.751,0.2984,0.281,3,0,0.164,13843.8,1,0,1.0,2,Agri / Farmer / Fisherfolk,Owned (Inherited/Tax Dec),5,0,1,0
MRK-04142,delinquent,36,0.18,0.4363,0.546,2,1,0.214,11741.98,1,0,7.9,1,Agri / Farmer / Fisherfolk,Living with Parents/Relatives,8,0,0,0
MRK-04143,delinquent,36,0.55,0.2748,0.353,3,0,0.308,20074.89,1,0,7.3,2,Tricycle / PUV Operator,Living with Parents/Relatives,10,0,1,0
MRK-04144,delinquent,36,0.58,0.1543,0.641,1,3,0.084,2409.91,1,0,4.6,1,Public School Teacher,Owned (Inherited/Tax Dec),4,0,0,1
MRK-04145,delinquent,36,0.896,0.1789,0.227,3,0,0.514,9575.56,0,0,11.6,1,Employed (Private/Gov),Rented (Apartment/House),9,0,1,0
MRK-04146,delinquent,24,0.309,0.1838,0.46,2,0,0.123,9518.53,0,1,8.6,2,Employed (Private/Gov),Rented (Apartment/House),12,0,0,0
MRK-04147,delinquent,36,0.901,0.3948,0.202,4,0,0.429,19766.62,0,0,2.3,0,Agri / Farmer / Fisherfolk,Owned (Inherited/Tax Dec),6,0,1,0
MRK-04148,delinquent,24,0.912,0.6424,0.722,1,1,0.061,12410.42,0,0,4.5,2,Tricycle / PUV Operator,Owned (Inherited/Tax Dec),2,0,0,1
MRK-04149,delinquent,36,0.945,0.2436,0.546,2,0,0.206,10761.33,1,0,14.6,2,Sari-Sari / Small Retail,Owned (Inherited/Tax Dec),4,0,0,0
MRK-04150,delinquent,24,0.246,0.4087,0.282,3,0,0.543,17044.91,1,0,8.2,0,Tricycle / PUV Operator,Living with Parents/Relatives,3,0,1,0
MRK-04151,delinquent,12,0.613,0.573,0.37,3,0,0.308,46450.96,0,1,7.4,2,Public School Teacher,Rented (Apartment/House),6,0,1,0
MRK-04152,delinquent,12,0.905,0.8,0.493,2,2,0.059,42146.69,1,1,7.1,3,Agri / Farmer / Fisherfolk,Living with Parents/Relatives,9,0,0,0
MRK-04153,delinquent,12,0.363,0.2819,0.26,3,0,0.178,23388.54,1,0,4.2,2,Employed (Private/Gov),Rented (Apartment/House),6,0,1,0
MRK-04154,delinquent,12,0.4,0.3329,0.433,2,1,0.135,15590.83,1,0,15.4,1,Employed (Private/Gov),Owned (Inherited/Tax Dec),2,0,0,0
MRK-04155,delinquent,24,0.755,0.3984,0.558,1,3,0.034,8608.15,0,0,5.4,2,Tricycle / PUV Operator,Owned (Clean Title),1,0,0,1
MRK-04156,delinquent,24,0.9,0.3874,0.282,2,0,0.213,14507.75,1,1,15.4,1,Employed (Private/Gov),Rented (Apartment/House),11,0,1,0
MRK-04157,delinquent,36,0.544,0.2649,0.215,4,0,0.436,27794.46,0,0,12.4,2,Employed (Private/Gov),Owned (Inherited/Tax Dec),7,0,1,0
MRK-04158,delinquent,24,0.8,0.6089,0.627,1,1,0.014,8416.65,0,1,6.7,0,Tricycle / PUV Operator,Rented (Apartment/House),11,0,0,1
MRK-04159,delinquent,24,0.806,0.5543,0.359,3,0,0.222,24616.49,1,0,15.3,0,Sari-Sari / Small Retail,Owned (Clean Title),6,0,0,0
MRK-04160,delinquent,24,0.61,0.3427,0.591,1,3,0.029,8079.05,0,0,6.3,3,OFW Remittance / Dependent,Owned (Clean Title),12,0,0,1
MRK-04161,delinquent,24,0.43,0.2787,0.441,2,0,0.291,12876.88,0,0,6.4,1,OFW Remittance / Dependent,Rented (Apartment/House),5,0,1,0
MRK-04162,delinquent,12,0.549,0.5247,0.129,3,0,0.289,38924.92,0,0,6.9,2,Tricycle / PUV Operator,Owned (Inherited/Tax Dec),2,0,1,0
MRK-04163,delinquent,24,0.114,0.4551,0.405,3,0,0.162,31709.85,1,0,6.4,1,Sari-Sari / Small Retail,Owned (Clean Title),11,0,1,0
MRK-04164,delinquent,36,0.932,0.2771,0.583,1,2,0.074,8609.37,0,0,20.4,3,Employed (Private/Gov),Rented (Apartment/House),7,0,1,1
MRK-04165,delinquent,36,0.615,0.222,0.398,2,0,0.153,6552.23,0,0,3.3,1,OFW Remittance / Dependent,Owned (Inherited/Tax Dec),3,0,1,0
MRK-04166,delinquent,36,0.609,0.1775,0.39,2,2,0.1,6907.27,0,0,11.1,3,Employed (Private/Gov),Owned (Clean Title),2,0,0,0
MRK-04167,delinquent,36,0.79,0.3284,0.679,1,1,0.048,7087.72,1,0,3.3,3,OFW Remittance / Dependent,Rented (Apartment/House),6,0,0,1
MRK-04168,delinquent,36,0.189,0.2279,0.559,2,1,0.212,9042.29,1,0,12.2,0,Public School Teacher,Living with Parents/Relatives,2,0,0,0
MRK-04169,delinquent,36,0.317,0.186,0.309,3,0,0.179,9349.09,1,1,7.1,2,OFW Remittance / Dependent,Living with Parents/Relatives,2,0,1,0
MRK-04170,delinquent,12,0.335,0.5235,0.59,2,1,0.098,23576.71,0,0,2.8,1,BPO / Call Center Agent,Living with Parents/Relatives,2,0,0,0
MRK-04171,delinquent,12,0.231,0.3609,0.457,2,1,0.206,23010.57,0,0,6.6,0,OFW Remittance / Dependent,Rented (Apartment/House),9,0,0,0
MRK-04172,delinquent,24,0.668,0.4207,0.279,2,0,0.348,15108.86,0,0,7.3,0,Sari-Sari / Small Retail,Rented (Apartment/House),10,0,1,0
MRK-04173,delinquent,36,0.613,0.1877,0.572,1,3,0.035,3744.19,0,0,9.0,1,Sari-Sari / Small Retail,Owned (Clean Title),4,0,0,1
MRK-04174,delinquent,36,0.638,0.4515,0.716,1,1,0.044,7256.38,1,0,9.3,0,Sari-Sari / Small Retail,Owned (Clean Title),5,0,0,1
MRK-04175,delinquent,24,0.185,0.3863,0.527,2,1,0.189,12179.03,0,0,5.3,2,BPO / Call Center Agent,Owned (Inherited/Tax Dec),12,0,0,0
MRK-04176,delinquent,12,0.106,0.6088,0.592,2,2,0.124,30222.69,0,1,7.7,2,Public School Teacher,Living with Parents/Relatives,1,0,0,0
MRK-04177,delinquent,24,0.455,0.2351,0.261,4,0,0.479,18428.36,1,0,4.9,0,Sari-Sari / Small Retail,Owned (Inherited/Tax Dec),1,0,1,0
MRK-04178,delinquent,24,0.784,0.2397,0.505,2,1,0.146,8392.94,1,1,11.1,3,Public School Teacher,Living with Parents/Relatives,7,0,0,0
MRK-04179,delinquent,24,0.516,0.3022,0.566,1,3,0.029,5987.32,0,0,3.9,2,BPO / Call Center Agent,Owned (Inherited/Tax Dec),7,0,0,1
MRK-04180,delinquent,12,0.359,0.3953,0.365,3,0,0.18,42896.72,0,1,1.2,2,Public School Teacher,Owned (Clean Title),1,0,1,0
MRK-04181,delinquent,24,0.408,0.4693,0.48,2,0,0.091,18244.42,0,0,2.5,2,OFW Remittance / Dependent,Living with Parents/Relatives,12,0,0,0
MRK-04182,delinquent,36,0.654,0.2371,0.478,2,0,0.292,5915.85,0,0,9.0,1,Tricycle / PUV Operator,Rented (Apartment/House),9,0,1,0
MRK-04183,delinquent,36,0.449,0.5973,0.479,2,0,0.375,16300.28,1,1,13.4,0,Tricycle / PUV Operator,Rented (Apartment/House),10,0,1,0
MRK-04184,delinquent,24,0.528,0.1947,0.602,1,2,0.071,5273.1,0,0,6.5,2,OFW Remittance / Dependent,Owned (Clean Title),12,0,0,1
MRK-04185,delinquent,24,0.383,0.5046,0.372,3,0,0.327,34313.3,0,0,5.3,0,OFW Remittance / Dependent,Owned (Inherited/Tax Dec),10,0,1,0
MRK-04186,delinquent,12,0.77,0.4089,0.518,2,0,0.218,17013.21,0,1,13.6,2,Sari-Sari / Small Retail,Living with Parents/Relatives,3,0,0,0
MRK-04187,delinquent,36,0.647,0.2706,0.133,3,0,0.425,18100.61,1,0,4.0,0,Public School Teacher,Owned (Clean Title),9,0,1,0
MRK-04188,delinquent,12,0.644,0.4177,0.637,1,3,0.096,7596.76,0,0,9.0,0,Public School Teacher,Living with Parents/Relatives,1,0,0,1
MRK-04189,delinquent,12,0.397,0.7557,0.233,2,0,0.188,32153.98,0,0,12.1,2,Employed (Private/Gov),Owned (Clean Title),6,0,1,0
MRK-04190,delinquent,36,0.321,0.2769,0.654,1,1,0.073,3278.98,0,0,5.7,2,Agri / Farmer / Fisherfolk,Owned (Clean Title),9,0,0,1
MRK-04191,delinquent,24,0.136,0.6872,0.405,2,0,0.196,18804.83,1,0,5.3,0,Sari-Sari / Small Retail,Owned (Clean Title),9,0,0,0
MRK-04192,delinquent,12,0.163,0.8,0.321,2,0,0.205,36766.29,1,0,14.1,2,Sari-Sari / Small Retail,Rented (Apartment/House),7,0,1,1
MRK-04193,delinquent,12,0.739,0.793,0.355,3,0,0.281,41387.05,0,0,2.4,3,Sari-Sari / Small Retail,Living with Parents/Relatives,10,0,1,0
MRK-04194,delinquent,12,0.572,0.4543,0.35,3,0,0.277,30367.1,1,0,8.6,3,OFW Remittance / Dependent,Rented (Apartment/House),9,0,1,0
MRK-04195,delinquent,24,0.062,0.3416,0.244,3,0,0.502,27922.74,0,0,5.7,3,BPO / Call Center Agent,Rented (Apartment/House),9,0,1,0
MRK-04196,delinquent,24,0.696,0.2836,0.293,4,0,0.588,15700.08,1,1,12.9,2,OFW Remittance / Dependent,Owned (Inherited/Tax Dec),8,0,1,0
MRK-04197,delinquent,36,0.052,0.2302,0.222,4,0,0.419,16616.03,1,0,7.3,2,Public School Teacher,Owned (Clean Title),12,0,1,0
MRK-04198,delinquent,24,0.059,0.3865,0.489,2,2,0.155,19823.5,0,0,6.1,1,Public School Teacher,Owned (Clean Title),10,0,0,0
MRK-04199,delinquent,36,0.218,0.2445,0.233,2,0,0.355,13881.24,0,1,5.1,3,Employed (Private/Gov),Owned (Clean Title),7,0,1,0
MRK-04200,delinquent,36,0.813,0.2319,0.661,1,1,0.041,4533.86,0,0,14.5,1,Public School Teacher,Rented (Apartment/House),8,0,0,1
MRK-04201,delinquent,24,0.596,0.2444,0.55,2,1,0.172,7709.97,0,0,7.7,0,Employed (Private/Gov),Living with Parents/Relatives,2,0,0,0
MRK-04202,delinquent,12,0.104,0.8,0.378,3,0,0.25,34619.5,0,0,10.0,1,Tricycle / PUV Operator,Living with Parents/Relatives,6,0,1,0
MRK-04203,delinquent,36,0.673,0.3532,0.455,2,2,0.197,12833.08,0,0,2.5,0,Sari-Sari / Small Retail,Owned (Inherited/Tax Dec),5,0,0,0
MRK-04204,delinquent,36,0.206,0.2832,0.578,2,2,0.19,10297.46,1,0,10.4,1,Tricycle / PUV Operator,Owned (Clean Title),4,0,0,0
MRK-04205,delinquent,36,0.529,0.4271,0.606,1,2,0.032,5950.53,0,0,4.8,4,Agri / Farmer / Fisherfolk,Living with Parents/Relatives,1,0,0,1
MRK-04206,delinquent,12,0.357,0.8,0.158,4,0,0.304,57502.32,0,1,8.1,1,Tricycle / PUV Operator,Living with Parents/Relatives,4,0,1,0
MRK-04207,delinquent,12,0.902,0.6443,0.314,3,0,0.359,39701.35,0,0,3.4,1,Agri / Farmer / Fisherfolk,Owned (Inherited/Tax Dec),12,0,1,0
MRK-04208,delinquent,24,0.52,0.6706,0.23,4,0,0.382,29769.5,1,0,5.1,0,Sari-Sari / Small Retail,Rented (Apartment/House),6,0,1,0
MRK-04209,delinquent,36,0.755,0.5982,0.591,1,2,0.084,8187.84,0,0,13.5,2,Sari-Sari / Small Retail,Owned (Clean Title),6,0,1,1
MRK-04210,delinquent,36,0.871,0.2738,0.58,1,1,0.013,4648.39,0,0,1.6,0,Employed (Private/Gov),Living with Parents/Relatives,2,0,0,1
MRK-04211,delinquent,36,0.335,0.1963,0.728,1,1,0.097,4263.62,0,0,8.0,2,OFW Remittance / Dependent,Owned (Inherited/Tax Dec),7,0,0,1
MRK-04212,delinquent,12,0.699,0.3799,0.404,3,0,0.239,23541.46,0,0,4.4,2,Public School Teacher,Owned (Inherited/Tax Dec),2,0,1,0
MRK-04213,delinquent,36,0.346,0.2728,0.498,2,0,0.131,7923.31,0,0,11.1,1,Sari-Sari / Small Retail,Owned (Clean Title),4,0,0,0
MRK-04214,delinquent,12,0.49,0.8,0.385,2,0,0.178,34402.35,0,0,3.3,2,Tricycle / PUV Operator,Living with Parents/Relatives,3,0,1,0
MRK-04215,delinquent,24,0.429,0.3551,0.346,2,0,0.375,18205.14,0,1,15.9,2,Public School Teacher,Owned (Clean Title),3,0,1,0
MRK-04216,delinquent,36,0.784,0.2628,0.596,1,3,0.091,5359.76,0,0,13.5,1,BPO / Call Center Agent,Owned (Inherited/Tax Dec),12,0,0,1
MRK-04217,delinquent,24,0.46,0.301,0.327,2,0,0.183,24204.52,0,0,3.2,3,Public School Teacher,Owned (Clean Title),5,0,1,0
MRK-04218,delinquent,12,0.806,0.725,0.451,3,0,0.23,33381.46,0,1,16.4,3,Tricycle / PUV Operator,Living with Parents/Relatives,2,0,1,0
MRK-04219,delinquent,12,0.832,0.8,0.654,1,3,0.106,15252.39,0,0,3.5,2,Tricycle / PUV Operator,Owned (Clean Title),10,0,0,1
MRK-04220,delinquent,12,0.197,0.8,0.214,2,0,0.285,36823.0,1,0,13.5,0,Agri / Farmer / Fisherfolk,Owned (Clean Title),9,0,1,0
MRK-04221,delinquent,24,0.543,0.358,0.534,2,0,0.094,13983.86,0,0,6.8,0,Public School Teacher,Living with Parents/Relatives,9,0,0,0
MRK-04222,delinquent,36,0.187,0.3885,0.305,4,0,0.585,33788.46,1,0,15.6,3,Public School Teacher,Rented (Apartment/House),8,0,1,0
MRK-04223,delinquent,36,0.315,0.3048,0.381,2,0,0.168,9873.76,0,0,7.9,1,OFW Remittance / Dependent,Living with Parents/Relatives,9,0,0,0
MRK-04224,delinquent,12,0.848,0.3547,0.675,1,2,0.031,10626.5,0,0,24.5,1,BPO / Call Center Agent,Owned (Clean Title),9,0,0,1
MRK-04225,delinquent,36,0.372,0.3547,0.183,3,0,0.516,17699.12,0,1,4.1,2,Agri / Farmer / Fisherfolk,Owned (Clean Title),12,0,1,0
MRK-04226,delinquent,24,0.05,0.4252,0.221,3,0,0.211,28489.96,1,0,4.7,1,OFW Remittance / Dependent,Owned (Clean Title),2,0,1,0
MRK-04227,delinquent,36,0.721,0.2086,0.608,1,3,0.023,6480.25,0,0,9.0,1,Employed (Private/Gov),Living with Parents/Relatives,7,0,0,1
MRK-04228,delinquent,36,0.052,0.2128,0.561,2,2,0.14,8458.79,0,0,9.5,1,OFW Remittance / Dependent,Rented (Apartment/House),10,0,0,0
MRK-04229,delinquent,12,0.608,0.8,0.606,1,3,0.046,17111.8,0,0,6.7,1,Agri / Farmer / Fisherfolk,Owned (Inherited/Tax Dec),12,0,0,1
MRK-04230,delinquent,24,0.408,0.4823,0.175,3,0,0.444,36648.34,0,0,7.3,1,OFW Remittance / Dependent,Owned (Inherited/Tax Dec),6,0,1,0
MRK-04231,delinquent,24,0.809,0.2216,0.252,2,0,0.327,6744.04,0,0,4.3,1,Tricycle / PUV Operator,Rented (Apartment/House),11,0,1,0
MRK-04232,delinquent,24,0.358,0.2512,0.572,1,3,0.077,4376.51,1,0,5.7,0,BPO / Call Center Agent,Rented (Apartment/House),5,0,0,1
MRK-04233,delinquent,12,0.202,0.6581,0.167,3,0,0.499,22297.62,1,0,15.2,1,Sari-Sari / Small Retail,Owned (Clean Title),2,0,1,0
MRK-04234,delinquent,12,0.097,0.6782,0.362,3,0,0.576,48832.65,1,0,6.9,1,BPO / Call Center Agent,Owned (Clean Title),3,0,1,1
MRK-04235,delinquent,24,0.819,0.209,0.122,3,0,0.441,15190.8,0,1,4.1,1,Employed (Private/Gov),Owned (Inherited/Tax Dec),6,0,1,0
MRK-04236,delinquent,12,0.898,0.3701,0.698,1,3,0.083,13799.35,0,1,7.9,2,OFW Remittance / Dependent,Rented (Apartment/House),12,0,1,1
MRK-04237,delinquent,12,0.541,0.7552,0.228,4,0,0.525,44107.5,0,1,8.5,1,Agri / Farmer / Fisherfolk,Owned (Clean Title),2,0,1,0
MRK-04238,delinquent,24,0.268,0.2561,0.147,4,0,0.333,25082.21,0,0,10.7,3,Public School Teacher,Living with Parents/Relatives,11,0,1,0
MRK-04239,delinquent,12,0.33,0.8,0.686,1,1,0.111,18032.17,0,0,4.9,1,Tricycle / PUV Operator,Owned (Inherited/Tax Dec),7,0,0,1
MRK-04240,delinquent,36,0.709,0.3324,0.404,2,0,0.127,9506.34,0,0,9.6,2,Agri / Farmer / Fisherfolk,Living with Parents/Relatives,3,0,0,0
MRK-04241,delinquent,36,0.314,0.3498,0.257,3,0,0.161,22623.78,1,1,12.6,1,Employed (Private/Gov),Owned (Clean Title),5,0,1,0
MRK-04242,delinquent,12,0.444,0.2924,0.42,3,0,0.386,26700.2,0,0,2.0,0,Employed (Private/Gov),Owned (Inherited/Tax Dec),7,0,1,1
MRK-04243,delinquent,24,0.785,0.235,0.289,3,0,0.356,14360.95,0,0,4.3,0,Tricycle / PUV Operator,Owned (Clean Title),1,0,1,0
MRK-04244,delinquent,36,0.807,0.307,0.386,2,0,0.187,13789.23,1,0,2.7,1,Tricycle / PUV Operator,Owned (Clean Title),12,0,0,0
MRK-04245,delinquent,24,0.206,0.5201,0.31,2,0,0.29,18846.42,1,0,7.6,2,Agri / Farmer / Fisherfolk,Owned (Clean Title),4,0,1,1
MRK-04246,delinquent,12,0.508,0.2908,0.709,1,2,0.014,4955.95,0,0,5.3,4,Tricycle / PUV Operator,Owned (Inherited/Tax Dec),3,0,0,1
MRK-04247,delinquent,24,0.081,0.2055,0.409,2,2,0.136,6970.9,1,0,5.9,3,BPO / Call Center Agent,Owned (Clean Title),1,0,0,0
MRK-04248,delinquent,12,0.524,0.3328,0.472,2,1,0.162,11340.08,0,0,6.6,2,Public School Teacher,Owned (Inherited/Tax Dec),7,0,0,0
MRK-04249,delinquent,12,0.213,0.7639,0.581,1,1,0.083,10688.38,0,1,7.0,2,Sari-Sari / Small Retail,Owned (Clean Title),8,0,1,1
MRK-04250,delinquent,36,0.359,0.2927,0.577,1,3,0.035,8585.3,0,0,3.8,3,OFW Remittance / Dependent,Owned (Inherited/Tax Dec),6,0,0,1
MRK-04251,delinquent,36,0.343,0.3022,0.552,1,1,0.119,8945.72,0,0,8.4,0,BPO / Call Center Agent,Owned (Clean Title),2,0,0,0
MRK-04252,delinquent,12,0.166,0.5901,0.353,3,0,0.596,51079.69,0,1,4.7,4,Public School Teacher,Rented (Apartment/House),5,0,1,0
MRK-04253,delinquent,12,0.183,0.8,0.492,2,1,0.151,34684.19,1,0,1.3,0,Agri / Farmer / Fisherfolk,Living with Parents/Relatives,2,0,0,0
MRK-04254,delinquent,24,0.935,0.5098,0.369,3,0,0.33,19480.62,0,0,5.3,1,Tricycle / PUV Operator,Owned (Clean Title),11,0,1,0
MRK-04255,delinquent,24,0.808,0.4256,0.674,1,2,0.065,9967.54,1,0,6.8,2,Agri / Farmer / Fisherfolk,Owned (Inherited/Tax Dec),8,0,0,1
MRK-04256,delinquent,36,0.086,0.1878,0.468,3,0,0.193,13000.0,1,0,2.8,2,OFW Remittance / Dependent,Owned (Inherited/Tax Dec),8,0,1,0
MRK-04257,delinquent,36,0.523,0.2628,0.558,2,2,0.186,18515.92,0,0,3.3,0,BPO / Call Center Agent,Owned (Inherited/Tax Dec),8,0,0,0
MRK-04258,delinquent,24,0.36,0.2528,0.377,3,0,0.239,23103.92,1,1,3.2,2,Employed (Private/Gov),Living with Parents/Relatives,5,0,1,0
MRK-04259,delinquent,12,0.782,0.8,0.41,2,1,0.129,39082.74,0,1,10.6,2,Agri / Farmer / Fisherfolk,Rented (Apartment/House),2,0,0,0
MRK-04260,delinquent,12,0.47,0.596,0.318,2,0,0.218,17213.57,0,1,7.0,2,Agri / Farmer / Fisherfolk,Living with Parents/Relatives,1,0,1,0
MRK-04261,delinquent,12,0.42,0.5567,0.676,1,2,0.056,17556.2,0,1,3.6,1,Public School Teacher,Owned (Inherited/Tax Dec),11,0,0,1
MRK-04262,delinquent,12,0.519,0.8,0.706,1,1,0.03,13931.83,0,0,12.9,1,Tricycle / PUV Operator,Owned (Inherited/Tax Dec),2,0,0,1
MRK-04263,delinquent,36,0.582,0.2654,0.314,3,0,0.331,26458.67,1,0,6.9,2,BPO / Call Center Agent,Owned (Inherited/Tax Dec),5,0,1,0
MRK-04264,delinquent,36,0.057,0.2773,0.477,2,2,0.083,11515.32,1,1,4.5,2,Public School Teacher,Rented (Apartment/House),12,0,0,0
MRK-04265,delinquent,36,0.249,0.3383,0.52,2,1,0.219,13272.62,0,0,10.4,0,BPO / Call Center Agent,Rented (Apartment/House),8,0,0,0
MRK-04266,delinquent,36,0.124,0.3853,0.487,2,0,0.057,15462.89,0,0,14.3,1,Employed (Private/Gov),Owned (Inherited/Tax Dec),6,0,0,0
MRK-04267,delinquent,24,0.838,0.3575,0.364,3,0,0.334,25512.95,0,0,2.2,2,Public School Teacher,Owned (Clean Title),1,0,1,0
MRK-04268,delinquent,12,0.184,0.4159,0.714,1,3,0.034,8366.9,0,0,10.5,1,Sari-Sari / Small Retail,Owned (Clean Title),11,0,0,1
MRK-04269,delinquent,24,0.166,0.557,0.237,3,0,0.339,25847.39,0,1,13.4,0,Tricycle / PUV Operator,Owned (Inherited/Tax Dec),6,0,1,0
MRK-04270,delinquent,24,0.126,0.4057,0.475,2,0,0.345,14387.45,1,0,5.8,1,Agri / Farmer / Fisherfolk,Living with Parents/Relatives,2,0,1,0
MRK-04271,delinquent,12,0.574,0.7732,0.239,3,0,0.375,34494.76,0,0,1.5,1,Agri / Farmer / Fisherfolk,Owned (Inherited/Tax Dec),4,0,1,0
MRK-04272,delinquent,24,0.397,0.3124,0.348,2,0,0.316,12139.8,0,0,12.5,4,Agri / Farmer / Fisherfolk,Owned (Clean Title),2,0,1,0
MRK-04273,delinquent,36,0.875,0.2147,0.289,3,0,0.508,13003.2,0,0,3.5,3,Employed (Private/Gov),Owned (Clean Title),11,0,1,0
MRK-04274,delinquent,12,0.679,0.3959,0.591,1,2,0.044,9503.69,1,0,11.0,1,Public School Teacher,Rented (Apartment/House),4,0,0,1
MRK-04275,delinquent,24,0.11,0.4823,0.586,2,1,0.068,16228.6,0,0,2.6,1,Sari-Sari / Small Retail,Owned (Clean Title),6,0,0,0
MRK-04276,delinquent,24,0.196,0.2232,0.449,3,0,0.336,11939.42,0,0,3.1,1,OFW Remittance / Dependent,Owned (Clean Title),1,0,0,0
MRK-04277,delinquent,24,0.155,0.4147,0.134,4,0,0.542,39168.81,0,1,5.3,2,Employed (Private/Gov),Living with Parents/Relatives,7,0,1,0
MRK-04278,delinquent,12,0.614,0.6089,0.262,2,0,0.271,20182.33,0,0,1.2,4,Public School Teacher,Owned (Inherited/Tax Dec),7,0,1,0
MRK-04279,delinquent,36,0.435,0.2191,0.267,3,0,0.316,11281.52,0,0,2.9,3,Sari-Sari / Small Retail,Owned (Clean Title),10,0,1,0
MRK-04280,delinquent,12,0.433,0.6546,0.541,2,2,0.075,30524.63,0,0,2.3,1,BPO / Call Center Agent,Owned (Inherited/Tax Dec),8,0,0,0
MRK-04281,delinquent,24,0.273,0.2882,0.459,2,2,0.115,8941.73,1,0,17.6,0,Tricycle / PUV Operator,Living with Parents/Relatives,9,0,0,0
MRK-04282,delinquent,36,0.257,0.1983,0.365,3,0,0.397,11576.58,0,0,5.5,1,BPO / Call Center Agent,Owned (Inherited/Tax Dec),9,0,0,0
MRK-04283,delinquent,12,0.363,0.6502,0.701,1,1,0.1,16145.13,0,0,4.2,3,BPO / Call Center Agent,Owned (Inherited/Tax Dec),3,0,0,1
MRK-04284,delinquent,12,0.571,0.8,0.59,2,1,0.073,25191.22,0,1,5.7,1,Tricycle / PUV Operator,Rented (Apartment/House),1,0,0,0
MRK-04285,delinquent,36,0.544,0.2858,0.288,2,0,0.167,7871.63,1,0,2.1,3,BPO / Call Center Agent,Living with Parents/Relatives,9,0,1,1
MRK-04286,delinquent,36,0.105,0.3044,0.614,1,3,0.045,6657.57,0,0,6.4,0,Tricycle / PUV Operator,Owned (Clean Title),2,0,0,1
MRK-04287,delinquent,12,0.67,0.3948,0.565,2,0,0.087,16577.68,0,0,4.9,0,Sari-Sari / Small Retail,Owned (Clean Title),3,0,0,0
MRK-04288,delinquent,36,0.725,0.2057,0.467,2,0,0.207,9666.97,1,0,2.2,1,Public School Teacher,Owned (Clean Title),8,0,0,0
MRK-04289,delinquent,36,0.487,0.2405,0.555,1,1,0.114,6933.37,1,0,8.1,2,OFW Remittance / Dependent,Rented (Apartment/House),2,0,0,1
MRK-04290,delinquent,36,0.364,0.3661,0.287,3,0,0.519,21907.06,0,0,9.1,2,Employed (Private/Gov),Owned (Clean Title),1,0,1,0
MRK-04291,delinquent,24,0.075,0.2282,0.701,1,3,0.103,5124.23,0,0,5.9,3,Agri / Farmer / Fisherfolk,Living with Parents/Relatives,12,0,0,1
MRK-04292,delinquent,12,0.151,0.483,0.301,2,0,0.306,27978.08,1,1,7.9,2,Public School Teacher,Living with Parents/Relatives,11,0,1,1
MRK-04293,delinquent,36,0.106,0.2565,0.224,3,0,0.356,13794.75,0,0,2.3,0,Agri / Farmer / Fisherfolk,Owned (Clean Title),2,0,1,0
MRK-04294,delinquent,36,0.947,0.2699,0.215,2,0,0.25,12086.31,0,0,9.7,4,OFW Remittance / Dependent,Owned (Inherited/Tax Dec),12,0,1,0
MRK-04295,delinquent,36,0.066,0.2029,0.126,3,0,0.486,10166.81,0,0,8.1,0,OFW Remittance / Dependent,Living with Parents/Relatives,11,0,1,0
MRK-04296,delinquent,12,0.387,0.3899,0.583,1,1,0.11,11321.6,0,0,6.3,3,Public School Teacher,Owned (Clean Title),3,0,0,0
MRK-04297,delinquent,36,0.491,0.3428,0.207,2,0,0.21,11557.77,0,1,2.9,2,Agri / Farmer / Fisherfolk,Living with Parents/Relatives,9,0,1,0
MRK-04298,delinquent,24,0.739,0.634,0.479,3,0,0.291,21572.14,1,0,8.2,1,Sari-Sari / Small Retail,Owned (Clean Title),1,0,1,0
MRK-04299,delinquent,24,0.36,0.3773,0.304,2,0,0.295,20308.8,0,0,5.2,3,Tricycle / PUV Operator,Living with Parents/Relatives,2,0,1,0
MRK-04300,delinquent,12,0.607,0.5456,0.57,2,2,0.218,15691.29,0,0,13.1,3,Agri / Farmer / Fisherfolk,Rented (Apartment/House),5,0,0,0
MRK-04301,delinquent,36,0.668,0.3324,0.461,2,0,0.314,14359.91,0,0,2.9,3,Tricycle / PUV Operator,Rented (Apartment/House),11,0,1,0
MRK-04302,delinquent,24,0.189,0.3468,0.589,2,1,0.17,13590.61,0,0,3.1,2,Employed (Private/Gov),Living with Parents/Relatives,1,0,0,0
MRK-04303,delinquent,36,0.075,0.4103,0.321,2,0,0.194,15121.04,0,0,9.6,4,Employed (Private/Gov),Rented (Apartment/House),9,0,1,0
MRK-04304,delinquent,24,0.532,0.3727,0.26,2,0,0.196,20540.85,1,0,5.9,0,Agri / Farmer / Fisherfolk,Rented (Apartment/House),5,0,1,0
MRK-04305,delinquent,12,0.098,0.7088,0.233,2,0,0.272,41676.34,0,0,4.3,4,Public School Teacher,Owned (Inherited/Tax Dec),11,0,1,0
MRK-04306,delinquent,36,0.152,0.3337,0.244,2,0,0.24,13707.12,1,0,27.6,2,Agri / Farmer / Fisherfolk,Living with Parents/Relatives,10,0,1,0
MRK-04307,delinquent,12,0.909,0.8,0.278,4,0,0.465,56250.7,0,1,10.1,1,Tricycle / PUV Operator,Living with Parents/Relatives,3,0,1,0
MRK-04308,delinquent,12,0.395,0.8,0.298,4,0,0.423,62599.96,1,1,8.6,1,Tricycle / PUV Operator,Owned (Clean Title),1,0,1,0
MRK-04309,delinquent,24,0.718,0.3872,0.566,1,2,0.09,10726.35,0,0,8.7,3,Employed (Private/Gov),Owned (Clean Title),6,0,0,1
MRK-04310,delinquent,24,0.326,0.3117,0.707,1,3,0.047,5418.37,1,0,7.9,0,BPO / Call Center Agent,Owned (Inherited/Tax Dec),12,0,1,1
MRK-04311,delinquent,24,0.455,0.3629,0.535,2,0,0.064,8005.92,0,1,4.3,2,Sari-Sari / Small Retail,Living with Parents/Relatives,8,0,0,0
MRK-04312,delinquent,36,0.144,0.3024,0.491,2,1,0.199,15662.45,0,0,8.1,0,Employed (Private/Gov),Owned (Clean Title),12,0,0,0
MRK-04313,delinquent,12,0.521,0.5756,0.549,2,0,0.096,26315.54,0,1,12.2,1,Employed (Private/Gov),Owned (Clean Title),2,0,0,0
MRK-04314,delinquent,36,0.102,0.4551,0.353,2,0,0.345,18932.35,1,0,5.6,3,Sari-Sari / Small Retail,Owned (Inherited/Tax Dec),8,0,1,0
MRK-04315,delinquent,24,0.618,0.2283,0.426,2,1,0.118,9318.67,0,0,9.8,3,Employed (Private/Gov),Rented (Apartment/House),10,0,0,0
MRK-04316,delinquent,36,0.901,0.3588,0.437,2,2,0.14,12146.48,0,0,11.2,3,OFW Remittance / Dependent,Rented (Apartment/House),9,0,0,0
MRK-04317,delinquent,24,0.395,0.486,0.36,3,0,0.333,16696.7,1,0,3.7,1,Agri / Farmer / Fisherfolk,Owned (Inherited/Tax Dec),11,0,1,0
MRK-04318,delinquent,12,0.838,0.6228,0.561,2,1,0.109,33079.66,0,0,5.8,3,OFW Remittance / Dependent,Rented (Apartment/House),4,0,0,0
MRK-04319,delinquent,36,0.938,0.1705,0.125,4,0,0.491,10889.67,0,0,17.8,3,Public School Teacher,Rented (Apartment/House),12,0,1,0
MRK-04320,delinquent,12,0.055,0.6089,0.741,1,1,0.017,21761.28,0,0,3.3,2,Employed (Private/Gov),Owned (Inherited/Tax Dec),4,0,0,1
MRK-04321,delinquent,36,0.245,0.3025,0.394,3,0,0.392,12586.86,0,0,11.7,2,Tricycle / PUV Operator,Rented (Apartment/House),11,0,1,0
MRK-04322,delinquent,12,0.861,0.5616,0.523,2,1,0.169,24496.12,1,0,8.8,1,Tricycle / PUV Operator,Living with Parents/Relatives,2,0,0,0
MRK-04323,delinquent,24,0.701,0.5733,0.524,2,0,0.113,16073.28,1,0,12.7,1,Agri / Farmer / Fisherfolk,Rented (Apartment/House),9,0,1,0
MRK-04324,delinquent,12,0.421,0.7372,0.445,2,0,0.19,41667.27,0,0,5.0,2,Agri / Farmer / Fisherfolk,Rented (Apartment/House),6,0,1,0
MRK-04325,delinquent,12,0.378,0.5253,0.501,2,0,0.186,24577.07,0,1,9.8,2,BPO / Call Center Agent,Owned (Inherited/Tax Dec),9,0,1,0
MRK-04326,delinquent,24,0.229,0.3997,0.573,2,1,0.126,18553.12,0,0,6.0,2,Tricycle / PUV Operator,Owned (Clean Title),8,0,0,0
MRK-04327,delinquent,24,0.73,0.3356,0.169,3,0,0.59,13732.55,0,0,1.7,0,Agri / Farmer / Fisherfolk,Owned (Clean Title),6,0,1,0
MRK-04328,delinquent,12,0.495,0.4929,0.455,2,1,0.079,30125.67,1,0,2.5,3,OFW Remittance / Dependent,Owned (Inherited/Tax Dec),4,0,0,0
MRK-04329,delinquent,12,0.356,0.3388,0.267,3,0,0.529,15505.58,0,0,1.6,3,OFW Remittance / Dependent,Owned (Inherited/Tax Dec),4,0,1,0
MRK-04330,delinquent,12,0.723,0.8,0.647,1,2,0.06,14433.99,0,0,4.6,0,Sari-Sari / Small Retail,Rented (Apartment/House),7,0,0,1
MRK-04331,delinquent,36,0.519,0.2411,0.509,2,0,0.102,6205.42,1,1,3.4,2,Sari-Sari / Small Retail,Living with Parents/Relatives,10,0,0,0
MRK-04332,delinquent,24,0.26,0.2436,0.453,2,2,0.195,8539.71,0,0,7.0,2,Agri / Farmer / Fisherfolk,Owned (Clean Title),10,0,0,0
MRK-04333,delinquent,36,0.766,0.4705,0.232,3,0,0.352,21419.45,1,0,1.0,3,Sari-Sari / Small Retail,Owned (Inherited/Tax Dec),8,0,1,0
MRK-04334,delinquent,36,0.089,0.3102,0.416,2,0,0.255,16009.48,0,0,15.5,0,OFW Remittance / Dependent,Rented (Apartment/House),10,0,0,0
MRK-04335,delinquent,12,0.827,0.2855,0.227,2,0,0.283,13906.26,0,0,7.9,0,BPO / Call Center Agent,Rented (Apartment/House),12,0,1,0
MRK-04336,delinquent,12,0.201,0.3676,0.256,2,0,0.362,12895.93,1,0,14.1,1,Agri / Farmer / Fisherfolk,Rented (Apartment/House),11,0,1,0
MRK-04337,delinquent,12,0.647,0.5435,0.536,2,1,0.158,30337.03,1,0,6.2,2,Employed (Private/Gov),Living with Parents/Relatives,7,0,0,0
MRK-04338,delinquent,24,0.288,0.6248,0.454,3,0,0.376,27424.22,1,0,5.1,0,Agri / Farmer / Fisherfolk,Rented (Apartment/House),2,0,1,0
MRK-04339,delinquent,24,0.56,0.4131,0.596,1,1,0.08,12252.39,1,0,6.7,2,BPO / Call Center Agent,Living with Parents/Relatives,10,0,0,1
MRK-04340,delinquent,12,0.306,0.504,0.665,1,2,0.076,11933.02,1,0,9.8,3,Tricycle / PUV Operator,Rented (Apartment/House),2,0,0,1
MRK-04341,delinquent,36,0.127,0.1987,0.504,2,0,0.101,6507.94,0,1,6.1,2,Agri / Farmer / Fisherfolk,Living with Parents/Relatives,7,0,0,0
MRK-04342,delinquent,12,0.876,0.7027,0.345,2,0,0.261,27372.43,0,0,4.5,4,Sari-Sari / Small Retail,Owned (Clean Title),4,0,1,0
MRK-04343,delinquent,12,0.285,0.3367,0.451,2,0,0.18,16281.26,0,1,11.5,1,BPO / Call Center Agent,Owned (Inherited/Tax Dec),5,0,0,0
MRK-04344,delinquent,12,0.502,0.8,0.283,2,0,0.353,29304.13,1,0,10.8,0,Tricycle / PUV Operator,Living with Parents/Relatives,10,0,1,0
MRK-04345,delinquent,36,0.378,0.3125,0.46,3,0,0.186,21075.1,1,0,2.1,2,Employed (Private/Gov),Rented (Apartment/House),12,0,1,0
MRK-04346,delinquent,12,0.616,0.3264,0.482,2,0,0.211,19975.82,1,0,8.6,1,Employed (Private/Gov),Living with Parents/Relatives,9,0,0,0
MRK-04347,delinquent,36,0.442,0.2634,0.495,2,0,0.07,14032.4,1,0,6.6,1,BPO / Call Center Agent,Owned (Clean Title),12,0,1,0
MRK-04348,delinquent,24,0.825,0.3274,0.22,3,0,0.253,26713.99,1,0,19.4,3,OFW Remittance / Dependent,Owned (Inherited/Tax Dec),12,0,1,0
MRK-04349,delinquent,12,0.258,0.4394,0.324,3,0,0.207,34653.87,1,0,7.2,2,Tricycle / PUV Operator,Owned (Clean Title),7,0,1,0
MRK-04350,delinquent,24,0.832,0.4102,0.376,3,0,0.208,15045.54,0,0,8.0,0,BPO / Call Center Agent,Rented (Apartment/House),5,0,1,0
MRK-04351,delinquent,12,0.525,0.5662,0.619,1,1,0.107,14954.3,1,0,4.8,1,OFW Remittance / Dependent,Owned (Clean Title),1,0,0,1
MRK-04352,delinquent,12,0.715,0.4682,0.728,1,1,0.029,11494.71,0,0,6.3,2,Public School Teacher,Living with Parents/Relatives,7,0,0,1
MRK-04353,delinquent,12,0.685,0.5379,0.34,3,0,0.152,59920.22,0,1,4.1,0,Public School Teacher,Rented (Apartment/House),1,0,1,0
MRK-04354,delinquent,24,0.721,0.3344,0.412,2,1,0.172,11133.92,0,0,1.7,2,Tricycle / PUV Operator,Owned (Inherited/Tax Dec),10,0,0,0
MRK-04355,delinquent,24,0.81,0.5163,0.71,1,2,0.061,9088.43,1,0,4.6,2,Public School Teacher,Owned (Clean Title),5,0,0,1
MRK-04356,delinquent,24,0.296,0.4876,0.382,3,0,0.346,20093.87,1,0,4.0,2,Sari-Sari / Small Retail,Living with Parents/Relatives,7,0,1,0
MRK-04357,delinquent,36,0.491,0.1954,0.501,2,1,0.053,5661.27,0,0,6.0,2,Agri / Farmer / Fisherfolk,Rented (Apartment/House),2,0,0,0
MRK-04358,delinquent,12,0.828,0.8,0.275,3,0,0.454,44780.87,1,0,7.8,1,Agri / Farmer / Fisherfolk,Living with Parents/Relatives,7,0,1,0
MRK-04359,delinquent,24,0.404,0.3652,0.421,2,0,0.064,18265.63,0,0,4.1,1,Public School Teacher,Living with Parents/Relatives,5,0,0,1
MRK-04360,delinquent,24,0.375,0.3254,0.363,3,0,0.216,25665.76,0,0,16.5,2,Employed (Private/Gov),Owned (Clean Title),3,0,1,0
MRK-04361,delinquent,24,0.939,0.4391,0.469,3,0,0.188,27501.97,0,0,3.2,3,Sari-Sari / Small Retail,Owned (Inherited/Tax Dec),8,0,1,0
MRK-04362,delinquent,36,0.651,0.2915,0.604,1,3,0.033,5259.19,0,0,12.8,1,Tricycle / PUV Operator,Rented (Apartment/House),4,0,0,1
MRK-04363,delinquent,12,0.121,0.633,0.61,1,1,0.05,19885.02,0,0,16.7,0,OFW Remittance / Dependent,Owned (Inherited/Tax Dec),12,0,0,1
MRK-04364,delinquent,12,0.497,0.2849,0.306,2,0,0.213,13131.0,0,0,1.9,3,BPO / Call Center Agent,Rented (Apartment/House),2,0,1,0
MRK-04365,delinquent,36,0.599,0.186,0.164,4,0,0.483,12997.42,0,1,7.3,3,Employed (Private/Gov),Owned (Clean Title),5,0,1,0
MRK-04366,delinquent,24,0.879,0.308,0.408,2,0,0.201,19636.77,1,0,12.7,4,Employed (Private/Gov),Rented (Apartment/House),3,0,0,0
MRK-04367,delinquent,12,0.664,0.4711,0.479,2,1,0.143,23618.75,0,0,8.1,3,BPO / Call Center Agent,Rented (Apartment/House),1,0,0,0
MRK-04368,delinquent,12,0.79,0.516,0.298,3,0,0.272,22068.41,0,0,4.8,0,Sari-Sari / Small Retail,Owned (Inherited/Tax Dec),10,0,1,0
MRK-04369,delinquent,24,0.419,0.2484,0.591,1,1,0.019,4989.26,1,0,4.3,3,OFW Remittance / Dependent,Owned (Clean Title),9,0,0,1
MRK-04370,delinquent,24,0.113,0.2104,0.26,3,0,0.331,11546.36,0,0,9.2,2,Public School Teacher,Owned (Inherited/Tax Dec),1,0,1,0
MRK-04371,delinquent,24,0.486,0.3073,0.375,3,0,0.261,18630.13,0,0,6.2,0,Public School Teacher,Rented (Apartment/House),4,0,1,0
MRK-04372,delinquent,12,0.425,0.4952,0.571,2,1,0.206,14665.9,0,0,8.2,2,Tricycle / PUV Operator,Owned (Clean Title),5,0,0,0
MRK-04373,delinquent,12,0.137,0.5377,0.176,3,0,0.577,41225.06,1,0,23.2,1,Employed (Private/Gov),Rented (Apartment/House),5,0,1,1
MRK-04374,delinquent,24,0.79,0.4129,0.632,1,2,0.08,9516.6,0,0,5.9,1,Employed (Private/Gov),Rented (Apartment/House),6,0,0,1
MRK-04375,delinquent,12,0.431,0.8,0.571,2,2,0.216,21358.71,0,0,6.0,2,Agri / Farmer / Fisherfolk,Living with Parents/Relatives,6,0,0,0
MRK-04376,delinquent,24,0.388,0.2741,0.385,2,1,0.196,15002.22,1,1,5.8,2,Public School Teacher,Owned (Clean Title),1,0,0,0
MRK-04377,delinquent,12,0.318,0.6004,0.66,1,2,0.113,15926.09,0,1,1.0,0,Public School Teacher,Owned (Inherited/Tax Dec),12,0,0,1
MRK-04378,delinquent,36,0.937,0.1804,0.236,3,0,0.432,10123.13,1,0,9.7,1,OFW Remittance / Dependent,Living with Parents/Relatives,6,0,1,0
MRK-04379,delinquent,12,0.734,0.8,0.676,1,3,0.019,16303.32,0,0,1.2,2,Tricycle / PUV Operator,Living with Parents/Relatives,9,0,0,1
MRK-04380,delinquent,12,0.197,0.3164,0.58,1,2,0.073,9146.51,0,0,3.4,2,OFW Remittance / Dependent,Rented (Apartment/House),11,0,0,1
MRK-04381,delinquent,36,0.165,0.1905,0.34,2,0,0.336,7795.51,0,0,11.2,1,Employed (Private/Gov),Rented (Apartment/House),10,0,1,1
MRK-04382,delinquent,36,0.586,0.4385,0.398,2,1,0.062,12022.36,0,0,7.6,1,Agri / Farmer / Fisherfolk,Owned (Clean Title),7,0,0,0
MRK-04383,delinquent,24,0.487,0.273,0.667,1,1,0.116,5628.96,0,0,4.7,1,OFW Remittance / Dependent,Owned (Clean Title),5,0,0,1
MRK-04384,delinquent,12,0.597,0.4625,0.222,3,0,0.476,28213.93,0,0,13.0,0,Tricycle / PUV Operator,Owned (Clean Title),6,0,1,0
MRK-04385,delinquent,36,0.281,0.1934,0.503,2,0,0.169,5950.77,0,1,9.6,4,OFW Remittance / Dependent,Rented (Apartment/House),8,0,0,0
MRK-04386,delinquent,36,0.492,0.2422,0.581,2,1,0.071,7294.25,0,0,5.4,2,BPO / Call Center Agent,Rented (Apartment/House),10,0,0,0
MRK-04387,delinquent,24,0.058,0.4819,0.174,4,0,0.557,25554.43,0,1,9.1,1,Public School Teacher,Living with Parents/Relatives,1,0,1,0
MRK-04388,delinquent,36,0.158,0.4257,0.636,1,3,0.116,7675.84,0,0,6.5,4,Sari-Sari / Small Retail,Owned (Inherited/Tax Dec),8,0,0,1
MRK-04389,delinquent,12,0.897,0.3517,0.571,2,2,0.172,16951.19,0,0,12.6,2,Tricycle / PUV Operator,Owned (Clean Title),12,0,0,0
MRK-04390,delinquent,24,0.55,0.7044,0.445,2,0,0.211,19647.49,0,0,13.6,3,Tricycle / PUV Operator,Living with Parents/Relatives,3,0,0,0
MRK-04391,delinquent,24,0.601,0.2358,0.563,1,1,0.095,3595.4,1,1,4.4,2,Employed (Private/Gov),Owned (Clean Title),10,0,0,1
MRK-04392,delinquent,12,0.296,0.5786,0.29,2,0,0.372,28885.58,0,0,4.3,1,Employed (Private/Gov),Owned (Clean Title),10,0,1,0
MRK-04393,delinquent,12,0.356,0.4734,0.643,1,3,0.093,6258.05,0,0,3.9,2,Sari-Sari / Small Retail,Owned (Clean Title),8,0,0,1
MRK-04394,delinquent,36,0.097,0.4396,0.222,4,0,0.417,32943.01,1,1,11.9,1,OFW Remittance / Dependent,Living with Parents/Relatives,4,0,1,0
MRK-04395,delinquent,36,0.665,0.3285,0.733,1,2,0.032,5513.78,0,0,3.3,3,Public School Teacher,Rented (Apartment/House),8,0,0,1
MRK-04396,delinquent,12,0.599,0.5314,0.42,2,1,0.178,22087.73,0,0,15.5,3,Tricycle / PUV Operator,Living with Parents/Relatives,8,0,0,0
MRK-04397,delinquent,24,0.873,0.2153,0.426,2,0,0.196,8395.11,0,0,6.6,2,Public School Teacher,Owned (Clean Title),7,0,0,0
MRK-04398,delinquent,12,0.788,0.3001,0.37,2,0,0.24,16849.58,0,0,5.7,4,Employed (Private/Gov),Owned (Inherited/Tax Dec),6,0,1,0
MRK-04399,delinquent,24,0.619,0.3462,0.211,3,0,0.241,34451.66,0,0,10.8,2,BPO / Call Center Agent,Owned (Inherited/Tax Dec),6,0,1,0
MRK-04400,delinquent,36,0.287,0.3151,0.578,2,0,0.174,12698.98,1,0,8.3,3,Agri / Farmer / Fisherfolk,Owned (Clean Title),11,0,0,0
MRK-04401,delinquent,36,0.883,0.3887,0.394,3,0,0.336,26876.71,0,1,9.5,1,Public School Teacher,Owned (Clean Title),2,0,1,0
MRK-04402,delinquent,36,0.611,0.2539,0.615,1,3,0.085,6149.59,0,0,7.6,2,BPO / Call Center Agent,Owned (Inherited/Tax Dec),4,0,0,1
MRK-04403,delinquent,36,0.364,0.2631,0.722,1,3,0.118,3840.82,0,1,1.9,1,Agri / Farmer / Fisherfolk,Living with Parents/Relatives,2,0,0,1
MRK-04404,delinquent,24,0.132,0.4684,0.474,2,1,0.165,11126.22,1,0,28.3,3,OFW Remittance / Dependent,Owned (Clean Title),1,0,0,0
MRK-04405,delinquent,12,0.824,0.5688,0.666,1,1,0.093,12473.15,0,0,10.9,3,Employed (Private/Gov),Owned (Clean Title),5,0,0,1
MRK-04406,delinquent,36,0.49,0.1593,0.556,1,2,0.033,2389.92,0,0,11.5,4,BPO / Call Center Agent,Owned (Clean Title),6,0,0,1
MRK-04407,delinquent,36,0.896,0.5378,0.493,2,1,0.141,14121.69,1,0,7.4,1,Sari-Sari / Small Retail,Rented (Apartment/House),10,0,0,0
MRK-04408,delinquent,24,0.506,0.5456,0.323,2,0,0.256,17643.96,1,0,6.4,2,Employed (Private/Gov),Rented (Apartment/House),9,0,1,0
MRK-04409,delinquent,36,0.687,0.3531,0.226,2,0,0.377,12623.89,0,0,2.3,1,Public School Teacher,Owned (Clean Title),7,0,1,0
MRK-04410,delinquent,12,0.325,0.3417,0.339,3,0,0.301,18533.92,0,0,2.9,2,Public School Teacher,Owned (Inherited/Tax Dec),11,0,1,0
MRK-04411,delinquent,12,0.492,0.5615,0.239,3,0,0.26,32431.41,0,0,9.6,0,Tricycle / PUV Operator,Owned (Inherited/Tax Dec),6,0,1,0
MRK-04412,delinquent,12,0.731,0.8,0.443,3,0,0.386,56846.68,1,0,5.1,4,Agri / Farmer / Fisherfolk,Rented (Apartment/House),1,0,1,1
MRK-04413,delinquent,24,0.35,0.2941,0.522,2,1,0.092,12940.17,0,0,3.6,2,Sari-Sari / Small Retail,Owned (Inherited/Tax Dec),12,0,0,0
MRK-04414,delinquent,12,0.321,0.5894,0.425,2,0,0.108,30748.5,0,0,1.3,4,OFW Remittance / Dependent,Owned (Inherited/Tax Dec),5,0,0,1
MRK-04415,delinquent,24,0.84,0.5861,0.737,1,2,0.043,10286.97,1,0,3.4,3,Agri / Farmer / Fisherfolk,Owned (Inherited/Tax Dec),6,0,1,1
MRK-04416,delinquent,12,0.286,0.3913,0.599,1,1,0.048,8580.65,0,0,3.5,3,Public School Teacher,Owned (Inherited/Tax Dec),2,0,0,1
MRK-04417,delinquent,12,0.11,0.8,0.148,3,0,0.424,58163.06,1,0,6.2,3,Employed (Private/Gov),Living with Parents/Relatives,6,0,1,0
MRK-04418,delinquent,12,0.183,0.7655,0.721,1,2,0.032,12042.4,1,0,2.8,4,Agri / Farmer / Fisherfolk,Owned (Inherited/Tax Dec),5,0,0,0
MRK-04419,delinquent,24,0.086,0.5451,0.279,3,0,0.552,21077.3,1,0,5.2,1,Agri / Farmer / Fisherfolk,Living with Parents/Relatives,11,0,1,0
MRK-04420,delinquent,24,0.622,0.3657,0.52,2,2,0.08,17146.99,0,0,1.9,2,Public School Teacher,Owned (Inherited/Tax Dec),1,0,0,0
MRK-04421,delinquent,36,0.802,0.297,0.366,4,0,0.584,20571.55,1,1,11.3,3,Agri / Farmer / Fisherfolk,Owned (Clean Title),6,0,1,0
MRK-04422,delinquent,12,0.543,0.3168,0.588,2,0,0.068,19856.92,1,0,15.4,0,BPO / Call Center Agent,Owned (Inherited/Tax Dec),8,0,0,0
MRK-04423,delinquent,36,0.49,0.534,0.572,1,1,0.11,8113.69,0,0,7.1,2,Sari-Sari / Small Retail,Living with Parents/Relatives,12,0,0,1
MRK-04424,delinquent,36,0.238,0.2744,0.382,2,0,0.181,8227.93,1,0,18.1,3,Agri / Farmer / Fisherfolk,Owned (Clean Title),4,0,1,0
MRK-04425,delinquent,12,0.06,0.7144,0.621,1,2,0.111,17013.4,1,0,13.0,1,Agri / Farmer / Fisherfolk,Owned (Clean Title),8,0,0,1
MRK-04426,delinquent,36,0.162,0.1686,0.184,3,0,0.298,8003.46,1,0,10.9,2,Public School Teacher,Owned (Inherited/Tax Dec),4,0,1,0
MRK-04427,delinquent,12,0.809,0.4408,0.683,1,2,0.061,5816.3,1,0,5.2,2,Tricycle / PUV Operator,Owned (Clean Title),11,0,0,1
MRK-04428,delinquent,24,0.559,0.418,0.55,2,2,0.052,15757.53,1,0,6.0,2,Agri / Farmer / Fisherfolk,Living with Parents/Relatives,6,0,0,1
MRK-04429,delinquent,24,0.533,0.3001,0.233,3,0,0.27,17544.54,0,0,4.3,0,BPO / Call Center Agent,Owned (Clean Title),9,0,0,0
MRK-04430,delinquent,12,0.648,0.3905,0.477,2,2,0.091,27165.54,1,1,8.0,3,Employed (Private/Gov),Owned (Clean Title),1,0,0,0
MRK-04431,delinquent,12,0.069,0.2316,0.219,3,0,0.595,16097.6,0,1,5.8,2,BPO / Call Center Agent,Rented (Apartment/House),6,0,1,0
MRK-04432,delinquent,24,0.476,0.2788,0.423,3,0,0.264,15676.78,0,0,6.0,4,Employed (Private/Gov),Living with Parents/Relatives,9,0,1,0
MRK-04433,delinquent,12,0.656,0.357,0.561,1,1,0.092,7502.64,0,0,3.8,2,BPO / Call Center Agent,Living with Parents/Relatives,3,0,0,1
MRK-04434,delinquent,36,0.46,0.2681,0.508,2,1,0.057,8699.35,0,0,9.6,3,OFW Remittance / Dependent,Owned (Clean Title),6,0,0,0
MRK-04435,delinquent,36,0.799,0.3062,0.729,1,2,0.086,6036.5,0,1,10.3,0,Employed (Private/Gov),Rented (Apartment/House),12,0,0,0
MRK-04436,delinquent,24,0.177,0.35,0.564,2,0,0.172,15555.72,1,0,3.8,1,OFW Remittance / Dependent,Owned (Inherited/Tax Dec),8,0,0,0
MRK-04437,delinquent,36,0.603,0.2039,0.27,4,0,0.426,17886.35,0,0,5.1,2,Tricycle / PUV Operator,Owned (Inherited/Tax Dec),9,0,1,0
MRK-04438,delinquent,36,0.515,0.2545,0.72,1,1,0.023,5462.19,0,1,1.9,2,OFW Remittance / Dependent,Owned (Clean Title),9,0,0,1
MRK-04439,delinquent,12,0.068,0.8,0.749,1,3,0.069,13464.08,1,0,12.8,0,Tricycle / PUV Operator,Owned (Inherited/Tax Dec),1,0,0,0
MRK-04440,delinquent,24,0.172,0.3635,0.363,3,0,0.373,17554.87,1,0,7.6,1,Sari-Sari / Small Retail,Owned (Clean Title),2,0,1,0
MRK-04441,delinquent,36,0.752,0.231,0.345,2,0,0.22,11213.06,0,0,10.4,4,BPO / Call Center Agent,Owned (Clean Title),10,0,1,0
MRK-04442,delinquent,24,0.65,0.657,0.719,1,2,0.053,8087.28,1,0,14.6,3,Agri / Farmer / Fisherfolk,Owned (Inherited/Tax Dec),5,0,0,1
MRK-04443,delinquent,36,0.834,0.2066,0.553,1,2,0.081,4206.16,0,0,3.8,0,BPO / Call Center Agent,Rented (Apartment/House),5,0,0,1
MRK-04444,delinquent,12,0.574,0.8,0.3,3,0,0.351,38491.44,0,1,16.9,3,Agri / Farmer / Fisherfolk,Owned (Inherited/Tax Dec),10,0,1,0
MRK-04445,delinquent,12,0.236,0.3295,0.282,2,0,0.308,14788.82,0,0,3.9,0,OFW Remittance / Dependent,Rented (Apartment/House),5,0,1,0
MRK-04446,delinquent,12,0.326,0.447,0.221,3,0,0.358,40916.17,0,0,2.5,1,BPO / Call Center Agent,Owned (Clean Title),12,0,1,0
MRK-04447,delinquent,24,0.544,0.2836,0.46,2,0,0.106,13136.61,1,1,8.9,0,OFW Remittance / Dependent,Owned (Clean Title),12,0,0,0
MRK-04448,delinquent,36,0.238,0.3107,0.424,3,0,0.292,18781.68,0,0,4.6,1,Employed (Private/Gov),Owned (Clean Title),1,0,1,0
MRK-04449,delinquent,12,0.115,0.3439,0.24,4,0,0.394,27121.22,1,0,9.2,1,BPO / Call Center Agent,Owned (Clean Title),7,0,1,0
MRK-04450,delinquent,24,0.098,0.3268,0.478,2,2,0.102,16363.64,0,0,4.9,0,Employed (Private/Gov),Owned (Clean Title),5,0,0,0
MRK-04451,delinquent,24,0.876,0.5175,0.355,2,0,0.248,22974.24,0,0,5.7,1,Tricycle / PUV Operator,Owned (Clean Title),9,0,1,0
MRK-04452,delinquent,12,0.335,0.572,0.62,1,2,0.111,13500.5,0,1,6.8,0,OFW Remittance / Dependent,Living with Parents/Relatives,1,0,0,1
MRK-04453,delinquent,24,0.413,0.3051,0.712,1,1,0.008,4103.9,1,0,3.8,4,Agri / Farmer / Fisherfolk,Living with Parents/Relatives,1,0,0,1
MRK-04454,delinquent,12,0.822,0.5452,0.593,1,2,0.075,16316.19,0,0,2.5,1,OFW Remittance / Dependent,Owned (Inherited/Tax Dec),10,0,0,1
MRK-04455,delinquent,24,0.094,0.4069,0.372,3,0,0.163,29499.92,1,1,5.6,2,Public School Teacher,Owned (Inherited/Tax Dec),5,0,1,0
MRK-04456,delinquent,12,0.122,0.4664,0.247,3,0,0.304,37627.88,0,0,9.9,1,OFW Remittance / Dependent,Owned (Clean Title),11,0,1,0
MRK-04457,delinquent,36,0.433,0.1631,0.354,4,0,0.466,13419.97,1,1,15.8,3,Public School Teacher,Owned (Inherited/Tax Dec),1,0,1,0
MRK-04458,delinquent,12,0.184,0.8,0.231,3,0,0.538,44982.53,1,0,3.6,2,Tricycle / PUV Operator,Owned (Clean Title),4,0,1,0
MRK-04459,delinquent,24,0.511,0.2201,0.414,2,0,0.151,10617.1,1,0,3.2,0,Employed (Private/Gov),Rented (Apartment/House),12,0,0,0
MRK-04460,delinquent,36,0.703,0.4586,0.609,1,2,0.043,5099.67,0,0,14.1,1,Sari-Sari / Small Retail,Owned (Inherited/Tax Dec),10,0,0,1
MRK-04461,delinquent,12,0.759,0.5828,0.554,1,1,0.092,15953.09,0,0,5.9,3,Public School Teacher,Living with Parents/Relatives,3,0,0,1
MRK-04462,delinquent,12,0.297,0.6637,0.23,2,0,0.234,34034.86,0,1,2.0,2,OFW Remittance / Dependent,Living with Parents/Relatives,9,0,1,0
MRK-04463,delinquent,36,0.736,0.2003,0.463,2,1,0.072,8920.67,1,1,2.6,2,OFW Remittance / Dependent,Owned (Clean Title),3,0,0,0
MRK-04464,delinquent,36,0.392,0.3553,0.726,1,3,0.023,4220.41,0,1,6.7,1,Agri / Farmer / Fisherfolk,Living with Parents/Relatives,1,0,0,1
MRK-04465,delinquent,36,0.749,0.1636,0.678,1,2,0.011,2379.43,0,0,6.9,1,OFW Remittance / Dependent,Owned (Inherited/Tax Dec),2,0,0,1
MRK-04466,delinquent,36,0.709,0.2347,0.68,1,1,0.096,3578.82,0,0,5.4,2,OFW Remittance / Dependent,Owned (Inherited/Tax Dec),10,0,0,1
MRK-04467,delinquent,36,0.355,0.2218,0.604,1,2,0.034,3889.18,0,0,7.8,1,Public School Teacher,Living with Parents/Relatives,6,0,0,1
MRK-04468,delinquent,36,0.608,0.2507,0.548,2,0,0.161,10463.27,0,0,4.3,0,BPO / Call Center Agent,Rented (Apartment/House),12,0,0,0
MRK-04469,delinquent,12,0.051,0.639,0.653,1,1,0.109,12235.16,0,0,4.7,2,BPO / Call Center Agent,Owned (Inherited/Tax Dec),2,0,0,1
MRK-04470,delinquent,12,0.068,0.4141,0.553,1,2,0.109,11726.23,0,0,4.4,1,Public School Teacher,Owned (Clean Title),9,0,0,1
MRK-04471,delinquent,24,0.82,0.1852,0.7,1,3,0.062,4276.7,0,0,8.1,2,OFW Remittance / Dependent,Owned (Inherited/Tax Dec),11,0,0,0
MRK-04472,delinquent,36,0.611,0.2253,0.34,4,0,0.34,17497.15,0,0,14.2,1,OFW Remittance / Dependent,Rented (Apartment/House),3,0,1,0
MRK-04473,delinquent,12,0.54,0.7653,0.435,2,0,0.209,34138.75,0,1,4.7,3,Public School Teacher,Living with Parents/Relatives,7,0,0,0
MRK-04474,delinquent,12,0.29,0.4643,0.637,1,1,0.018,10657.73,0,1,15.5,2,Tricycle / PUV Operator,Rented (Apartment/House),11,0,0,1
MRK-04475,delinquent,36,0.175,0.3042,0.252,3,0,0.223,8494.46,0,0,14.3,1,Tricycle / PUV Operator,Owned (Inherited/Tax Dec),1,0,1,0
MRK-04476,delinquent,36,0.296,0.327,0.447,2,1,0.205,10046.88,1,0,11.7,4,Tricycle / PUV Operator,Rented (Apartment/House),5,0,0,0
MRK-04477,delinquent,36,0.532,0.1948,0.299,3,0,0.409,9630.83,0,1,5.3,1,Sari-Sari / Small Retail,Rented (Apartment/House),2,0,1,0
MRK-04478,delinquent,24,0.516,0.292,0.445,2,0,0.116,19633.11,0,0,6.0,0,OFW Remittance / Dependent,Owned (Inherited/Tax Dec),2,0,0,0
MRK-04479,delinquent,12,0.866,0.4807,0.547,2,0,0.153,25132.47,0,0,6.6,1,Agri / Farmer / Fisherfolk,Owned (Clean Title),3,0,0,0
MRK-04480,delinquent,36,0.641,0.364,0.234,4,0,0.313,17545.64,0,0,13.6,0,Sari-Sari / Small Retail,Rented (Apartment/House),4,0,1,0
MRK-04481,delinquent,24,0.824,0.4435,0.164,4,0,0.565,37807.94,1,1,8.2,0,Public School Teacher,Owned (Clean Title),3,0,1,0
MRK-04482,delinquent,12,0.199,0.3189,0.442,2,1,0.086,18133.98,1,0,6.2,2,Employed (Private/Gov),Owned (Clean Title),9,0,0,0
MRK-04483,delinquent,36,0.763,0.3206,0.672,1,1,0.035,5107.02,0,0,14.9,3,Sari-Sari / Small Retail,Living with Parents/Relatives,11,0,0,1
MRK-04484,delinquent,12,0.69,0.4255,0.293,2,0,0.398,20637.96,0,1,6.9,2,Agri / Farmer / Fisherfolk,Rented (Apartment/House),3,0,1,0
MRK-04485,delinquent,12,0.381,0.3135,0.227,3,0,0.468,18858.6,1,1,4.1,2,Agri / Farmer / Fisherfolk,Rented (Apartment/House),6,0,1,0
MRK-04486,delinquent,12,0.361,0.5861,0.402,3,0,0.266,29965.41,0,0,11.3,2,Agri / Farmer / Fisherfolk,Owned (Clean Title),5,0,1,0
MRK-04487,delinquent,12,0.165,0.552,0.396,2,0,0.174,35918.09,0,0,5.5,3,Public School Teacher,Rented (Apartment/House),11,0,1,0
MRK-04488,delinquent,24,0.923,0.405,0.466,2,0,0.221,18588.78,0,0,19.2,2,Public School Teacher,Living with Parents/Relatives,8,0,1,0
MRK-04489,delinquent,36,0.791,0.4395,0.461,2,1,0.169,15403.12,0,0,4.0,0,Sari-Sari / Small Retail,Owned (Inherited/Tax Dec),5,0,0,0
MRK-04490,delinquent,24,0.41,0.4938,0.485,2,0,0.127,14579.39,0,0,4.6,1,Agri / Farmer / Fisherfolk,Owned (Inherited/Tax Dec),5,0,0,0
MRK-04491,delinquent,24,0.702,0.2827,0.551,1,3,0.024,6968.16,1,0,6.6,1,Employed (Private/Gov),Owned (Inherited/Tax Dec),2,0,0,1
MRK-04492,delinquent,36,0.793,0.3238,0.503,2,0,0.145,16297.17,0,0,3.1,1,Tricycle / PUV Operator,Owned (Clean Title),7,0,0,0
MRK-04493,delinquent,12,0.498,0.3354,0.148,3,0,0.591,21256.36,1,1,6.4,2,OFW Remittance / Dependent,Owned (Inherited/Tax Dec),4,0,1,0
MRK-04494,delinquent,24,0.377,0.2387,0.747,1,3,0.055,6983.0,0,0,3.5,2,OFW Remittance / Dependent,Owned (Inherited/Tax Dec),10,0,0,1
MRK-04495,delinquent,36,0.389,0.2912,0.73,1,2,0.049,3205.06,0,0,4.6,1,BPO / Call Center Agent,Owned (Clean Title),8,0,0,1
MRK-04496,delinquent,24,0.3,0.3408,0.27,2,0,0.285,15978.64,0,0,5.8,3,Sari-Sari / Small Retail,Rented (Apartment/House),1,0,1,0
MRK-04497,delinquent,12,0.927,0.3621,0.135,4,0,0.424,37505.23,0,0,2.4,0,BPO / Call Center Agent,Living with Parents/Relatives,5,0,1,1
MRK-04498,delinquent,12,0.09,0.383,0.289,4,0,0.326,41639.3,1,0,17.1,2,OFW Remittance / Dependent,Living with Parents/Relatives,6,0,1,0
MRK-04499,delinquent,36,0.675,0.2265,0.438,2,2,0.196,9458.8,1,1,13.7,1,Employed (Private/Gov),Owned (Clean Title),7,0,0,0
MRK-04500,delinquent,24,0.478,0.2169,0.393,2,2,0.2,9547.98,0,0,3.1,2,Employed (Private/Gov),Living with Parents/Relatives,7,0,0,0
MRK-04501,delinquent,12,0.27,0.6121,0.244,3,0,0.573,57805.81,0,0,4.0,1,Employed (Private/Gov),Owned (Inherited/Tax Dec),11,0,1,0
MRK-04502,delinquent,12,0.196,0.6596,0.26,3,0,0.401,23129.83,1,0,15.7,2,BPO / Call Center Agent,Owned (Clean Title),6,0,1,0
MRK-04503,delinquent,36,0.844,0.3667,0.559,2,0,0.144,15413.2,0,0,6.9,4,Agri / Farmer / Fisherfolk,Owned (Clean Title),11,0,0,0
MRK-04504,delinquent,36,0.504,0.3259,0.396,2,0,0.386,11000.37,0,0,21.4,2,Public School Teacher,Rented (Apartment/House),10,0,1,0
MRK-04505,delinquent,36,0.673,0.3126,0.567,1,2,0.093,5578.1,0,0,7.0,0,Tricycle / PUV Operator,Owned (Clean Title),8,0,0,1
MRK-04506,delinquent,24,0.647,0.4782,0.53,2,1,0.198,18881.79,0,0,10.1,2,Sari-Sari / Small Retail,Rented (Apartment/House),6,0,0,0
MRK-04507,delinquent,36,0.623,0.3937,0.665,1,3,0.046,9144.37,0,0,16.0,2,Sari-Sari / Small Retail,Living with Parents/Relatives,4,0,0,1
MRK-04508,delinquent,24,0.895,0.3422,0.608,1,2,0.034,9268.43,1,0,4.9,2,OFW Remittance / Dependent,Owned (Clean Title),8,0,0,1
MRK-04509,delinquent,36,0.667,0.2432,0.276,2,0,0.188,5345.91,0,0,14.9,1,Tricycle / PUV Operator,Living with Parents/Relatives,2,0,1,0
MRK-04510,delinquent,36,0.352,0.2731,0.6,1,2,0.064,6074.15,1,0,6.2,3,BPO / Call Center Agent,Rented (Apartment/House),6,0,1,1
MRK-04511,delinquent,12,0.481,0.5048,0.226,4,0,0.524,64574.81,1,0,20.8,2,Employed (Private/Gov),Owned (Inherited/Tax Dec),8,0,1,0
MRK-04512,delinquent,24,0.792,0.3811,0.158,4,0,0.283,26187.81,1,1,10.7,2,Sari-Sari / Small Retail,Rented (Apartment/House),2,0,1,0
MRK-04513,delinquent,24,0.495,0.1996,0.419,2,0,0.175,6501.11,1,0,3.5,0,Tricycle / PUV Operator,Living with Parents/Relatives,10,0,0,0
MRK-04514,delinquent,24,0.516,0.4046,0.482,2,0,0.191,11721.95,0,1,6.8,2,Sari-Sari / Small Retail,Rented (Apartment/House),12,0,0,0
MRK-04515,delinquent,36,0.487,0.2004,0.676,1,3,0.004,3833.18,0,1,7.9,4,OFW Remittance / Dependent,Owned (Inherited/Tax Dec),7,0,1,1
MRK-04516,delinquent,12,0.42,0.4607,0.676,1,1,0.04,8842.3,0,0,6.3,0,BPO / Call Center Agent,Owned (Clean Title),11,0,1,1
MRK-04517,delinquent,36,0.199,0.2764,0.389,2,0,0.064,14881.18,0,0,5.9,3,Public School Teacher,Living with Parents/Relatives,7,0,0,0
MRK-04518,delinquent,12,0.827,0.6407,0.582,1,2,0.096,16730.21,0,0,4.2,2,Employed (Private/Gov),Owned (Clean Title),5,0,0,1
MRK-04519,delinquent,36,0.518,0.2275,0.429,2,2,0.193,8907.07,0,0,6.0,1,Employed (Private/Gov),Rented (Apartment/House),5,0,0,0
MRK-04520,delinquent,12,0.621,0.2644,0.664,1,3,0.033,7505.58,0,0,6.1,2,Public School Teacher,Owned (Inherited/Tax Dec),10,0,0,1
MRK-04521,delinquent,24,0.34,0.2322,0.492,2,0,0.148,12624.05,0,0,15.0,2,BPO / Call Center Agent,Living with Parents/Relatives,3,0,0,0
MRK-04522,delinquent,12,0.575,0.8,0.47,2,0,0.202,35685.07,1,0,4.0,2,Sari-Sari / Small Retail,Owned (Inherited/Tax Dec),2,0,1,0
MRK-04523,delinquent,24,0.285,0.3062,0.37,3,0,0.471,16274.7,1,0,6.4,2,Sari-Sari / Small Retail,Rented (Apartment/House),7,0,1,0
MRK-04524,delinquent,12,0.363,0.7231,0.423,3,0,0.396,26078.84,0,0,4.1,2,Agri / Farmer / Fisherfolk,Rented (Apartment/House),9,0,1,0
MRK-04525,delinquent,12,0.408,0.5825,0.654,1,3,0.063,18032.03,0,0,9.8,1,Tricycle / PUV Operator,Rented (Apartment/House),12,0,0,0
MRK-04526,delinquent,36,0.814,0.2669,0.25,4,0,0.56,15824.28,0,1,5.4,2,Public School Teacher,Owned (Inherited/Tax Dec),7,0,1,0
MRK-04527,delinquent,24,0.184,0.2919,0.389,2,2,0.18,14142.82,1,0,15.3,4,Employed (Private/Gov),Owned (Inherited/Tax Dec),1,0,0,0
MRK-04528,delinquent,36,0.334,0.3012,0.363,4,0,0.593,30167.38,0,0,8.3,2,Tricycle / PUV Operator,Owned (Clean Title),12,0,1,0
MRK-04529,delinquent,36,0.874,0.2834,0.538,2,0,0.119,10118.29,1,0,5.4,2,OFW Remittance / Dependent,Living with Parents/Relatives,4,0,0,0
MRK-04530,delinquent,24,0.949,0.5882,0.56,2,0,0.09,14577.23,1,0,4.3,0,Agri / Farmer / Fisherfolk,Living with Parents/Relatives,12,0,0,0
MRK-04531,delinquent,24,0.934,0.353,0.457,2,0,0.211,15550.25,0,0,14.8,2,Employed (Private/Gov),Owned (Clean Title),8,0,1,0
MRK-04532,delinquent,24,0.791,0.5154,0.534,2,0,0.172,17084.32,0,0,7.3,0,Agri / Farmer / Fisherfolk,Owned (Inherited/Tax Dec),1,0,0,0
MRK-04533,delinquent,12,0.566,0.5241,0.278,4,0,0.518,58375.85,0,0,4.1,0,Public School Teacher,Owned (Clean Title),8,0,1,0
MRK-04534,delinquent,36,0.065,0.1514,0.683,1,2,0.047,2223.83,0,0,2.6,0,Public School Teacher,Living with Parents/Relatives,1,0,0,1
MRK-04535,delinquent,12,0.722,0.6566,0.419,2,0,0.377,23988.03,1,0,3.4,3,Agri / Farmer / Fisherfolk,Owned (Inherited/Tax Dec),9,0,1,0
MRK-04536,delinquent,12,0.767,0.4369,0.359,3,0,0.308,42284.87,0,1,8.5,2,Public School Teacher,Living with Parents/Relatives,2,0,1,0
MRK-04537,delinquent,36,0.5,0.2204,0.231,4,0,0.324,22068.01,0,1,1.2,1,Employed (Private/Gov),Rented (Apartment/House),12,0,1,0
MRK-04538,delinquent,36,0.701,0.3547,0.176,3,0,0.35,17779.48,0,0,6.4,2,Agri / Farmer / Fisherfolk,Rented (Apartment/House),2,0,1,0
MRK-04539,delinquent,12,0.78,0.6484,0.237,2,0,0.389,27236.31,0,0,3.2,3,Tricycle / PUV Operator,Living with Parents/Relatives,4,0,1,0
MRK-04540,delinquent,12,0.825,0.4863,0.487,2,1,0.217,31149.86,0,1,1.0,0,BPO / Call Center Agent,Rented (Apartment/House),7,0,0,0
MRK-04541,delinquent,24,0.422,0.262,0.309,4,0,0.371,25306.05,1,0,4.5,3,Public School Teacher,Owned (Clean Title),7,0,1,0
MRK-04542,delinquent,24,0.063,0.3239,0.68,1,2,0.068,6626.18,0,0,15.0,3,Agri / Farmer / Fisherfolk,Rented (Apartment/House),6,0,0,1
MRK-04543,delinquent,36,0.584,0.2622,0.342,4,0,0.443,20111.82,1,0,5.5,3,BPO / Call Center Agent,Owned (Inherited/Tax Dec),8,0,1,0
MRK-04544,delinquent,36,0.431,0.2892,0.302,4,0,0.387,24545.9,0,0,11.4,1,BPO / Call Center Agent,Rented (Apartment/House),12,0,1,0
MRK-04545,delinquent,12,0.276,0.8,0.624,1,2,0.01,17936.22,0,0,2.4,4,OFW Remittance / Dependent,Rented (Apartment/House),3,0,0,1
MRK-04546,delinquent,36,0.691,0.4248,0.271,2,0,0.324,17580.6,1,0,2.7,1,Sari-Sari / Small Retail,Rented (Apartment/House),4,0,1,0
MRK-04547,delinquent,36,0.875,0.4682,0.459,2,1,0.146,12145.95,1,0,10.3,2,Agri / Farmer / Fisherfolk,Rented (Apartment/House),7,0,0,0
MRK-04548,delinquent,36,0.631,0.5073,0.503,2,1,0.186,11804.62,1,0,8.6,1,Agri / Farmer / Fisherfolk,Owned (Clean Title),8,0,0,1
MRK-04549,delinquent,12,0.427,0.656,0.547,2,2,0.095,24220.63,1,0,4.4,2,Agri / Farmer / Fisherfolk,Rented (Apartment/House),9,0,0,0
MRK-04550,delinquent,12,0.858,0.5188,0.5,2,2,0.106,21725.75,1,0,6.8,0,Employed (Private/Gov),Living with Parents/Relatives,10,0,0,0
MRK-04551,delinquent,36,0.637,0.252,0.715,1,1,0.106,6371.4,0,0,3.2,1,Sari-Sari / Small Retail,Living with Parents/Relatives,4,0,0,1
MRK-04552,delinquent,12,0.931,0.768,0.281,3,0,0.378,49201.46,0,1,9.3,1,Employed (Private/Gov),Rented (Apartment/House),6,0,1,0
MRK-04553,delinquent,24,0.478,0.3104,0.553,1,3,0.024,5639.6,0,0,8.6,3,Tricycle / PUV Operator,Owned (Inherited/Tax Dec),8,0,0,1
MRK-04554,delinquent,24,0.276,0.3305,0.586,1,1,0.013,8352.34,0,0,6.3,2,Public School Teacher,Rented (Apartment/House),4,0,0,1
MRK-04555,delinquent,36,0.399,0.3329,0.386,2,1,0.129,13661.7,0,0,2.7,3,Agri / Farmer / Fisherfolk,Owned (Inherited/Tax Dec),11,0,0,0
MRK-04556,delinquent,12,0.637,0.5234,0.584,2,1,0.075,28409.25,1,0,7.1,0,BPO / Call Center Agent,Owned (Clean Title),1,0,0,0
MRK-04557,delinquent,12,0.623,0.6178,0.641,1,3,0.102,15083.42,0,0,14.3,1,Employed (Private/Gov),Living with Parents/Relatives,6,0,0,0
MRK-04558,delinquent,36,0.327,0.2699,0.153,4,0,0.592,20902.02,0,1,15.0,4,Tricycle / PUV Operator,Owned (Clean Title),10,0,1,0
MRK-04559,delinquent,24,0.543,0.2766,0.435,2,2,0.153,13405.3,0,0,3.8,0,Employed (Private/Gov),Owned (Inherited/Tax Dec),10,0,0,0
MRK-04560,delinquent,12,0.47,0.3001,0.17,4,0,0.294,23164.94,1,1,11.9,1,OFW Remittance / Dependent,Owned (Clean Title),7,0,1,0
MRK-04561,delinquent,36,0.8,0.4652,0.689,1,2,0.092,8469.2,0,0,6.5,2,Agri / Farmer / Fisherfolk,Living with Parents/Relatives,8,0,0,1
MRK-04562,delinquent,36,0.086,0.258,0.683,1,1,0.059,8006.41,0,0,4.8,1,Public School Teacher,Owned (Clean Title),7,0,0,1
MRK-04563,delinquent,24,0.535,0.2002,0.561,2,0,0.159,6116.41,0,0,13.8,2,Sari-Sari / Small Retail,Owned (Clean Title),2,0,0,0
MRK-04564,delinquent,24,0.224,0.4041,0.467,2,2,0.1,18789.65,1,1,4.7,3,OFW Remittance / Dependent,Living with Parents/Relatives,6,0,0,1
MRK-04565,delinquent,36,0.679,0.2258,0.574,1,2,0.02,3884.78,0,0,20.2,2,BPO / Call Center Agent,Living with Parents/Relatives,12,0,0,0
MRK-04566,delinquent,36,0.841,0.3741,0.739,1,2,0.112,8364.19,0,0,10.5,2,Agri / Farmer / Fisherfolk,Owned (Clean Title),6,0,0,1
MRK-04567,delinquent,36,0.245,0.2473,0.529,2,1,0.103,7693.8,0,0,13.4,1,Public School Teacher,Rented (Apartment/House),11,0,0,0
MRK-04568,delinquent,36,0.407,0.1595,0.383,2,0,0.076,5291.35,0,1,13.0,1,BPO / Call Center Agent,Owned (Clean Title),8,0,0,0
MRK-04569,delinquent,36,0.822,0.2661,0.592,1,2,0.055,2488.75,0,1,10.8,1,OFW Remittance / Dependent,Living with Parents/Relatives,4,0,0,1
MRK-04570,delinquent,24,0.148,0.3656,0.695,1,2,0.035,8464.4,0,0,4.5,0,Employed (Private/Gov),Rented (Apartment/House),10,0,0,1
MRK-04571,delinquent,12,0.489,0.5552,0.652,1,3,0.089,12328.01,0,0,14.6,3,Employed (Private/Gov),Owned (Clean Title),12,0,0,1
MRK-04572,delinquent,36,0.881,0.1716,0.618,1,3,0.053,3749.62,0,1,12.6,2,Agri / Farmer / Fisherfolk,Owned (Clean Title),6,0,0,1
MRK-04573,delinquent,24,0.335,0.3992,0.528,2,1,0.16,15198.41,0,0,3.8,3,Public School Teacher,Owned (Clean Title),11,0,0,0
MRK-04574,delinquent,36,0.902,0.3555,0.449,3,0,0.295,12133.89,0,0,11.5,2,Agri / Farmer / Fisherfolk,Owned (Inherited/Tax Dec),10,0,1,0
MRK-04575,delinquent,12,0.389,0.4576,0.555,1,3,0.08,11505.0,0,0,3.5,1,BPO / Call Center Agent,Owned (Inherited/Tax Dec),3,0,0,1
MRK-04576,delinquent,12,0.779,0.4644,0.408,2,0,0.096,26028.87,0,0,6.4,1,BPO / Call Center Agent,Owned (Clean Title),5,0,0,0
MRK-04577,delinquent,36,0.934,0.4182,0.69,1,2,0.011,5569.87,1,0,3.4,1,Sari-Sari / Small Retail,Owned (Inherited/Tax Dec),10,0,0,1
MRK-04578,delinquent,12,0.226,0.8,0.452,2,0,0.358,35797.1,1,0,9.9,4,Sari-Sari / Small Retail,Owned (Inherited/Tax Dec),12,0,1,0
MRK-04579,delinquent,36,0.445,0.3591,0.455,2,0,0.24,12064.5,1,1,7.5,2,Public School Teacher,Owned (Inherited/Tax Dec),8,0,1,0
MRK-04580,delinquent,12,0.772,0.2965,0.653,1,2,0.093,8430.32,0,0,5.2,4,BPO / Call Center Agent,Rented (Apartment/House),4,0,0,0
MRK-04581,delinquent,24,0.865,0.3061,0.358,3,0,0.587,23043.03,0,0,9.3,2,Public School Teacher,Owned (Inherited/Tax Dec),7,0,1,0
MRK-04582,delinquent,36,0.794,0.3169,0.42,2,0,0.069,13172.79,1,0,1.6,3,OFW Remittance / Dependent,Living with Parents/Relatives,10,0,0,0
MRK-04583,delinquent,24,0.356,0.4164,0.597,1,3,0.029,8183.82,0,0,15.2,3,OFW Remittance / Dependent,Living with Parents/Relatives,12,0,0,1
MRK-04584,delinquent,36,0.332,0.3922,0.417,2,2,0.081,17600.49,1,0,7.6,0,Employed (Private/Gov),Rented (Apartment/House),8,0,0,0
MRK-04585,delinquent,36,0.465,0.2651,0.413,2,0,0.065,9911.03,0,1,9.3,1,Employed (Private/Gov),Owned (Inherited/Tax Dec),3,0,0,0
MRK-04586,delinquent,12,0.876,0.668,0.711,1,2,0.087,8618.01,0,0,3.3,1,Agri / Farmer / Fisherfolk,Owned (Clean Title),7,0,0,1
MRK-04587,delinquent,12,0.709,0.385,0.551,1,2,0.026,10121.59,0,0,8.2,1,OFW Remittance / Dependent,Living with Parents/Relatives,7,0,0,1
MRK-04588,delinquent,36,0.32,0.2798,0.612,1,2,0.007,4129.21,0,0,5.6,3,Tricycle / PUV Operator,Owned (Clean Title),2,0,0,1
MRK-04589,delinquent,12,0.846,0.6058,0.292,3,0,0.444,37276.98,1,0,3.6,3,OFW Remittance / Dependent,Rented (Apartment/House),7,0,1,0
MRK-04590,delinquent,12,0.236,0.5206,0.451,2,0,0.122,18784.48,0,0,4.3,2,Sari-Sari / Small Retail,Rented (Apartment/House),5,0,0,0
MRK-04591,delinquent,12,0.784,0.3794,0.574,1,1,0.043,6809.91,1,0,3.6,0,Agri / Farmer / Fisherfolk,Owned (Clean Title),5,0,0,1
MRK-04592,delinquent,36,0.235,0.2305,0.67,1,3,0.047,4610.93,0,0,6.7,2,OFW Remittance / Dependent,Rented (Apartment/House),2,0,0,1
MRK-04593,delinquent,24,0.718,0.4201,0.444,2,2,0.097,22286.88,0,0,12.5,1,Employed (Private/Gov),Owned (Clean Title),7,0,0,1
MRK-04594,delinquent,12,0.549,0.8,0.245,4,0,0.305,50544.15,0,0,11.5,4,Tricycle / PUV Operator,Owned (Inherited/Tax Dec),7,0,1,0
MRK-04595,delinquent,36,0.276,0.3626,0.152,4,0,0.436,30091.1,0,1,7.3,2,Employed (Private/Gov),Owned (Inherited/Tax Dec),8,0,1,0
MRK-04596,delinquent,24,0.845,0.2129,0.209,3,0,0.295,11628.28,0,0,3.2,1,BPO / Call Center Agent,Rented (Apartment/House),6,0,1,0
MRK-04597,delinquent,24,0.585,0.2473,0.381,2,1,0.196,8056.31,0,1,13.6,2,Tricycle / PUV Operator,Owned (Clean Title),1,0,0,0
MRK-04598,delinquent,12,0.366,0.6085,0.316,3,0,0.214,45721.72,1,0,13.5,0,Sari-Sari / Small Retail,Owned (Inherited/Tax Dec),4,0,1,0
MRK-04599,delinquent,36,0.351,0.3463,0.694,1,2,0.055,6134.04,0,0,6.3,0,Agri / Farmer / Fisherfolk,Living with Parents/Relatives,3,0,0,1
MRK-04600,delinquent,12,0.215,0.6292,0.566,2,1,0.067,31213.34,0,1,12.2,2,Employed (Private/Gov),Owned (Inherited/Tax Dec),4,0,0,0
MRK-04601,delinquent,36,0.592,0.3368,0.68,1,3,0.034,4663.23,0,0,8.5,1,Agri / Farmer / Fisherfolk,Rented (Apartment/House),2,0,0,1
MRK-04602,delinquent,12,0.721,0.4903,0.563,1,1,0.046,15470.44,0,0,6.1,1,BPO / Call Center Agent,Living with Parents/Relatives,12,0,0,1
MRK-04603,delinquent,24,0.434,0.4202,0.381,2,1,0.081,15937.2,0,0,8.7,2,BPO / Call Center Agent,Rented (Apartment/House),11,0,0,0
MRK-04604,delinquent,12,0.601,0.4312,0.326,3,0,0.335,31332.39,0,0,6.4,4,OFW Remittance / Dependent,Owned (Clean Title),7,0,1,0
MRK-04605,delinquent,12,0.785,0.6276,0.521,2,0,0.214,35525.55,0,0,7.0,1,Tricycle / PUV Operator,Rented (Apartment/House),10,0,0,0
MRK-04606,delinquent,36,0.277,0.2005,0.399,2,0,0.199,9924.86,0,0,2.0,2,OFW Remittance / Dependent,Living with Parents/Relatives,7,0,0,0
MRK-04607,delinquent,24,0.64,0.1828,0.552,1,3,0.091,4380.52,1,0,5.3,0,Public School Teacher,Rented (Apartment/House),5,0,0,1
MRK-04608,delinquent,12,0.639,0.4932,0.469,2,2,0.106,26567.76,0,0,10.6,2,BPO / Call Center Agent,Owned (Inherited/Tax Dec),10,0,0,0
MRK-04609,delinquent,36,0.248,0.2217,0.491,2,0,0.112,7215.3,0,0,5.6,1,BPO / Call Center Agent,Rented (Apartment/House),11,0,0,0
MRK-04610,delinquent,12,0.595,0.6044,0.469,2,2,0.079,23585.6,1,0,22.4,2,Tricycle / PUV Operator,Living with Parents/Relatives,12,0,0,0
MRK-04611,delinquent,12,0.101,0.4503,0.476,2,1,0.06,21680.67,0,0,7.8,2,Sari-Sari / Small Retail,Owned (Inherited/Tax Dec),11,0,0,0
MRK-04612,delinquent,12,0.308,0.4786,0.591,2,2,0.17,21339.42,0,0,2.4,2,Tricycle / PUV Operator,Living with Parents/Relatives,8,0,0,0
MRK-04613,delinquent,12,0.698,0.2588,0.452,2,0,0.089,11340.79,0,1,7.0,1,Employed (Private/Gov),Living with Parents/Relatives,4,0,0,0
MRK-04614,delinquent,12,0.363,0.8,0.389,2,0,0.387,21670.22,0,1,5.6,3,Agri / Farmer / Fisherfolk,Owned (Inherited/Tax Dec),10,0,1,0
MRK-04615,delinquent,24,0.889,0.3661,0.398,2,1,0.187,18564.52,0,0,9.5,3,OFW Remittance / Dependent,Owned (Inherited/Tax Dec),2,0,0,0
MRK-04616,delinquent,24,0.205,0.3309,0.325,2,0,0.255,11270.39,0,0,2.7,2,BPO / Call Center Agent,Owned (Clean Title),12,0,1,0
MRK-04617,delinquent,24,0.791,0.6789,0.182,4,0,0.443,47239.05,0,0,9.8,0,Sari-Sari / Small Retail,Owned (Clean Title),3,0,1,0
MRK-04618,delinquent,36,0.623,0.3398,0.594,1,1,0.065,9357.81,1,1,12.3,2,Agri / Farmer / Fisherfolk,Living with Parents/Relatives,2,0,0,1
MRK-04619,delinquent,12,0.298,0.3548,0.233,3,0,0.399,23724.58,0,0,13.1,3,OFW Remittance / Dependent,Owned (Clean Title),10,0,1,0
MRK-04620,delinquent,24,0.763,0.5219,0.45,2,1,0.218,19672.44,0,0,16.5,0,Tricycle / PUV Operator,Rented (Apartment/House),8,0,0,0
MRK-04621,delinquent,12,0.439,0.8,0.249,2,0,0.352,29766.39,0,0,6.7,2,Agri / Farmer / Fisherfolk,Rented (Apartment/House),5,0,1,0
MRK-04622,delinquent,24,0.532,0.2333,0.697,1,1,0.047,3550.77,1,0,5.2,2,Employed (Private/Gov),Rented (Apartment/House),10,0,0,1
MRK-04623,delinquent,24,0.672,0.3551,0.667,1,3,0.044,5727.4,1,0,8.3,1,BPO / Call Center Agent,Owned (Inherited/Tax Dec),7,0,0,1
MRK-04624,delinquent,36,0.849,0.391,0.558,1,3,0.004,8242.66,0,0,6.6,1,Employed (Private/Gov),Living with Parents/Relatives,5,0,0,1
MRK-04625,delinquent,36,0.4,0.2023,0.638,1,1,0.106,3752.89,1,0,7.0,0,Employed (Private/Gov),Owned (Clean Title),3,0,0,1
MRK-04626,delinquent,12,0.298,0.4444,0.38,4,0,0.452,35706.03,0,1,4.8,0,Tricycle / PUV Operator,Owned (Clean Title),8,0,1,0
MRK-04627,delinquent,24,0.118,0.3935,0.566,1,1,0.039,10214.34,1,0,12.2,3,BPO / Call Center Agent,Rented (Apartment/House),4,0,0,1
MRK-04628,delinquent,36,0.473,0.366,0.491,2,2,0.121,14203.56,1,0,1.7,1,OFW Remittance / Dependent,Living with Parents/Relatives,8,0,0,0
MRK-04629,delinquent,24,0.341,0.274,0.348,3,0,0.282,12988.98,0,0,9.9,0,BPO / Call Center Agent,Owned (Clean Title),10,0,1,0
MRK-04630,delinquent,36,0.538,0.1928,0.276,2,0,0.233,6968.03,0,0,2.8,1,Employed (Private/Gov),Living with Parents/Relatives,10,0,1,0
MRK-04631,delinquent,24,0.457,0.3375,0.472,3,0,0.335,19159.35,0,0,4.9,2,Public School Teacher,Living with Parents/Relatives,7,0,1,0
MRK-04632,delinquent,36,0.927,0.2524,0.631,1,2,0.007,4366.39,0,0,3.3,0,Agri / Farmer / Fisherfolk,Owned (Inherited/Tax Dec),1,0,0,1
MRK-04633,delinquent,24,0.445,0.3198,0.326,2,0,0.152,12661.83,0,0,6.5,1,OFW Remittance / Dependent,Living with Parents/Relatives,2,0,1,0
MRK-04634,delinquent,36,0.568,0.3513,0.491,2,0,0.206,8901.32,0,1,7.5,3,Sari-Sari / Small Retail,Rented (Apartment/House),5,0,0,0
MRK-04635,delinquent,36,0.623,0.1982,0.48,2,0,0.057,7638.88,1,0,6.7,1,Employed (Private/Gov),Owned (Inherited/Tax Dec),8,0,0,0
MRK-04636,delinquent,24,0.832,0.371,0.619,1,3,0.094,8671.39,0,0,7.4,1,Employed (Private/Gov),Owned (Inherited/Tax Dec),5,0,0,1
MRK-04637,delinquent,12,0.735,0.6951,0.257,4,0,0.407,82997.82,1,0,1.8,2,OFW Remittance / Dependent,Living with Parents/Relatives,4,0,1,0
MRK-04638,delinquent,12,0.625,0.8,0.74,1,2,0.033,18391.9,0,0,8.1,0,Sari-Sari / Small Retail,Living with Parents/Relatives,4,0,0,1
MRK-04639,delinquent,24,0.372,0.2794,0.682,1,1,0.031,6361.19,0,0,5.4,0,Agri / Farmer / Fisherfolk,Living with Parents/Relatives,9,0,0,1
MRK-04640,delinquent,24,0.837,0.3516,0.227,3,0,0.192,21446.58,0,0,13.9,2,Employed (Private/Gov),Owned (Clean Title),10,0,1,0
MRK-04641,delinquent,36,0.798,0.3623,0.569,2,1,0.111,18540.13,0,0,5.8,1,Public School Teacher,Living with Parents/Relatives,2,0,0,0
MRK-04642,delinquent,12,0.442,0.5153,0.571,1,2,0.116,14151.82,0,0,9.6,1,BPO / Call Center Agent,Owned (Clean Title),5,0,0,1
MRK-04643,delinquent,24,0.226,0.4957,0.623,1,3,0.054,7754.94,0,0,11.8,1,Agri / Farmer / Fisherfolk,Living with Parents/Relatives,10,0,0,1
MRK-04644,delinquent,36,0.416,0.2091,0.433,2,1,0.063,4963.01,0,0,4.0,4,Agri / Farmer / Fisherfolk,Rented (Apartment/House),9,0,0,0
MRK-04645,delinquent,24,0.698,0.4182,0.366,3,0,0.374,26249.4,0,0,13.4,3,Public School Teacher,Living with Parents/Relatives,9,0,1,0
MRK-04646,delinquent,12,0.483,0.4617,0.356,2,0,0.191,20215.83,0,0,3.9,1,Employed (Private/Gov),Living with Parents/Relatives,9,0,1,0
MRK-04647,delinquent,12,0.77,0.3584,0.44,2,0,0.113,16222.93,1,0,2.2,3,OFW Remittance / Dependent,Rented (Apartment/House),6,0,0,0
MRK-04648,delinquent,24,0.189,0.5563,0.451,2,0,0.319,12861.56,1,0,8.1,4,Agri / Farmer / Fisherfolk,Owned (Inherited/Tax Dec),2,0,1,0
MRK-04649,delinquent,36,0.054,0.3316,0.235,2,0,0.337,10955.64,0,0,6.9,2,Tricycle / PUV Operator,Rented (Apartment/House),12,0,1,0
MRK-04650,delinquent,24,0.101,0.1706,0.669,1,3,0.025,3092.64,0,0,13.0,2,Public School Teacher,Owned (Clean Title),3,0,0,1
MRK-04651,delinquent,24,0.528,0.3177,0.594,1,3,0.004,7078.25,0,0,9.5,3,Public School Teacher,Owned (Inherited/Tax Dec),1,0,0,1
MRK-04652,delinquent,24,0.477,0.2908,0.673,1,2,0.045,7472.27,0,0,6.7,3,Public School Teacher,Rented (Apartment/House),7,0,0,1
MRK-04653,delinquent,36,0.776,0.2405,0.361,3,0,0.362,9339.45,0,1,13.1,1,Public School Teacher,Owned (Inherited/Tax Dec),2,0,1,0
MRK-04654,delinquent,36,0.489,0.2564,0.465,2,1,0.058,9167.11,0,0,4.5,2,Employed (Private/Gov),Living with Parents/Relatives,9,0,0,0
MRK-04655,delinquent,12,0.401,0.4771,0.183,4,0,0.408,43450.04,0,1,5.4,1,Tricycle / PUV Operator,Rented (Apartment/House),3,0,1,0
MRK-04656,delinquent,12,0.235,0.5663,0.43,2,0,0.377,28997.74,1,0,2.8,1,BPO / Call Center Agent,Owned (Clean Title),8,0,1,0
MRK-04657,delinquent,36,0.587,0.3341,0.588,1,3,0.047,9133.46,0,1,4.6,3,Public School Teacher,Owned (Clean Title),8,0,0,1
MRK-04658,delinquent,36,0.633,0.4133,0.572,2,1,0.15,16623.7,0,1,7.1,0,Sari-Sari / Small Retail,Owned (Inherited/Tax Dec),4,0,0,1
MRK-04659,delinquent,36,0.523,0.1828,0.637,1,3,0.056,4864.82,0,0,4.3,4,BPO / Call Center Agent,Owned (Clean Title),6,0,0,1
MRK-04660,delinquent,36,0.937,0.2607,0.28,3,0,0.323,7025.29,1,0,8.7,4,Tricycle / PUV Operator,Rented (Apartment/House),1,0,1,0
MRK-04661,delinquent,24,0.312,0.314,0.708,1,3,0.075,8365.03,0,0,9.2,3,BPO / Call Center Agent,Owned (Clean Title),12,0,0,1
MRK-04662,delinquent,24,0.767,0.4086,0.221,4,0,0.56,33464.79,0,0,6.9,3,OFW Remittance / Dependent,Owned (Clean Title),1,0,1,0
MRK-04663,delinquent,12,0.81,0.8,0.718,1,2,0.065,12114.44,0,1,6.6,4,Tricycle / PUV Operator,Rented (Apartment/House),11,0,0,0
MRK-04664,delinquent,24,0.828,0.2537,0.327,3,0,0.183,18120.51,0,0,16.7,1,Public School Teacher,Rented (Apartment/House),9,0,1,0
MRK-04665,delinquent,12,0.082,0.3683,0.355,3,0,0.206,21703.15,1,1,14.4,0,Agri / Farmer / Fisherfolk,Rented (Apartment/House),4,0,1,0
MRK-04666,delinquent,24,0.882,0.5047,0.384,2,0,0.063,21694.38,0,0,3.4,2,Agri / Farmer / Fisherfolk,Living with Parents/Relatives,3,0,0,0
MRK-04667,delinquent,12,0.523,0.3165,0.466,3,0,0.375,26683.87,0,1,7.2,4,Public School Teacher,Owned (Clean Title),2,0,1,0
MRK-04668,delinquent,36,0.905,0.2608,0.343,2,0,0.262,8780.01,0,0,9.9,1,Public School Teacher,Owned (Clean Title),10,0,1,0
MRK-04669,delinquent,24,0.312,0.261,0.341,3,0,0.381,15836.66,0,0,2.0,3,Public School Teacher,Owned (Inherited/Tax Dec),6,0,1,0
MRK-04670,delinquent,36,0.657,0.4602,0.711,1,2,0.085,7868.87,0,1,11.1,0,Agri / Farmer / Fisherfolk,Owned (Inherited/Tax Dec),5,0,0,1
MRK-04671,delinquent,12,0.578,0.7541,0.363,3,0,0.336,64038.14,0,0,1.9,0,Agri / Farmer / Fisherfolk,Owned (Clean Title),9,0,1,0
MRK-04672,delinquent,24,0.836,0.2172,0.575,1,2,0.059,4900.02,0,0,4.6,1,OFW Remittance / Dependent,Owned (Inherited/Tax Dec),5,0,0,1
MRK-04673,delinquent,12,0.468,0.3453,0.582,1,2,0.06,7728.59,0,0,6.8,1,OFW Remittance / Dependent,Living with Parents/Relatives,3,0,0,1
MRK-04674,delinquent,36,0.124,0.2204,0.606,1,1,0.04,4455.48,1,0,7.8,3,BPO / Call Center Agent,Owned (Clean Title),12,0,0,1
MRK-04675,delinquent,12,0.557,0.8,0.411,3,0,0.264,46086.84,1,0,6.0,2,Agri / Farmer / Fisherfolk,Rented (Apartment/House),12,0,1,0
MRK-04676,delinquent,24,0.792,0.6152,0.437,2,0,0.381,18408.95,0,0,3.5,2,Sari-Sari / Small Retail,Rented (Apartment/House),6,0,1,1
MRK-04677,delinquent,36,0.679,0.4724,0.328,3,0,0.466,21122.19,0,0,4.8,2,Agri / Farmer / Fisherfolk,Rented (Apartment/House),6,0,1,0
MRK-04678,delinquent,36,0.813,0.3796,0.595,1,2,0.077,4680.51,1,0,14.8,1,Agri / Farmer / Fisherfolk,Living with Parents/Relatives,9,0,0,1
MRK-04679,delinquent,12,0.59,0.7664,0.351,2,0,0.196,30156.53,0,0,2.9,0,Employed (Private/Gov),Living with Parents/Relatives,11,0,1,0
MRK-04680,delinquent,36,0.901,0.3323,0.173,3,0,0.494,13136.84,1,0,6.7,2,Employed (Private/Gov),Living with Parents/Relatives,5,0,1,0
MRK-04681,delinquent,36,0.41,0.2048,0.444,2,0,0.2,11865.01,0,0,12.8,1,OFW Remittance / Dependent,Living with Parents/Relatives,10,0,1,0
MRK-04682,delinquent,12,0.38,0.6074,0.538,2,1,0.203,30820.87,0,1,11.0,1,Employed (Private/Gov),Owned (Inherited/Tax Dec),9,0,0,0
MRK-04683,delinquent,36,0.265,0.1618,0.644,1,2,0.095,3150.94,0,0,1.0,3,Tricycle / PUV Operator,Living with Parents/Relatives,7,0,0,1
MRK-04684,delinquent,24,0.172,0.2661,0.656,1,2,0.074,7360.34,1,0,9.1,1,BPO / Call Center Agent,Rented (Apartment/House),6,0,0,1
MRK-04685,delinquent,36,0.645,0.1607,0.394,2,0,0.208,7416.61,0,0,9.5,2,Public School Teacher,Owned (Clean Title),9,0,0,0
MRK-04686,delinquent,12,0.942,0.6881,0.423,3,0,0.188,58001.01,0,0,13.3,2,Tricycle / PUV Operator,Owned (Clean Title),3,0,1,0
MRK-04687,delinquent,12,0.056,0.6549,0.439,2,2,0.174,16362.97,0,1,11.7,2,Agri / Farmer / Fisherfolk,Owned (Inherited/Tax Dec),2,0,0,0
MRK-04688,delinquent,12,0.231,0.617,0.508,2,1,0.068,40913.89,1,0,11.0,3,Public School Teacher,Owned (Inherited/Tax Dec),6,0,0,0
MRK-04689,delinquent,24,0.746,0.5057,0.259,2,0,0.15,18044.47,0,0,3.4,4,Agri / Farmer / Fisherfolk,Owned (Clean Title),8,0,1,0
MRK-04690,delinquent,12,0.825,0.6611,0.748,1,1,0.059,10694.64,0,0,9.1,0,Sari-Sari / Small Retail,Rented (Apartment/House),9,0,0,1
MRK-04691,delinquent,36,0.752,0.1936,0.683,1,1,0.029,2164.09,0,1,3.8,2,OFW Remittance / Dependent,Rented (Apartment/House),8,0,0,1
MRK-04692,delinquent,12,0.679,0.8,0.235,3,0,0.347,32873.75,0,1,8.4,2,Tricycle / PUV Operator,Owned (Clean Title),9,0,1,0
MRK-04693,delinquent,36,0.802,0.1949,0.328,2,0,0.376,7271.82,1,0,18.1,1,OFW Remittance / Dependent,Owned (Clean Title),8,0,1,0
MRK-04694,delinquent,36,0.255,0.4542,0.228,2,0,0.185,12711.28,0,0,6.5,1,Sari-Sari / Small Retail,Owned (Clean Title),5,0,0,0
MRK-04695,delinquent,12,0.536,0.4936,0.627,1,2,0.119,13700.69,0,0,1.0,1,BPO / Call Center Agent,Owned (Clean Title),3,0,0,1
MRK-04696,delinquent,24,0.561,0.4462,0.643,1,1,0.068,10594.33,0,0,4.9,0,Agri / Farmer / Fisherfolk,Rented (Apartment/House),2,0,0,1
MRK-04697,delinquent,12,0.428,0.4738,0.571,2,2,0.181,19772.09,0,0,3.3,1,Tricycle / PUV Operator,Living with Parents/Relatives,2,0,0,0
MRK-04698,delinquent,12,0.714,0.6029,0.219,2,0,0.175,26405.0,0,0,3.7,1,Tricycle / PUV Operator,Owned (Inherited/Tax Dec),10,0,1,0
MRK-04699,delinquent,24,0.847,0.2137,0.664,1,2,0.047,4715.87,0,0,3.6,4,Public School Teacher,Owned (Inherited/Tax Dec),7,0,0,1
MRK-04700,delinquent,12,0.915,0.4712,0.597,2,1,0.089,24277.47,0,0,11.2,1,Sari-Sari / Small Retail,Owned (Inherited/Tax Dec),10,0,0,0
MRK-04701,delinquent,36,0.235,0.2412,0.589,2,1,0.087,9384.46,1,1,8.1,4,Agri / Farmer / Fisherfolk,Rented (Apartment/House),10,0,0,0
MRK-04702,delinquent,12,0.626,0.5157,0.433,3,0,0.348,38855.72,0,0,2.7,0,Agri / Farmer / Fisherfolk,Owned (Inherited/Tax Dec),2,0,1,0
MRK-04703,delinquent,24,0.185,0.5157,0.744,1,1,0.029,9893.4,0,0,5.2,1,Sari-Sari / Small Retail,Living with Parents/Relatives,3,0,0,1
MRK-04704,delinquent,36,0.946,0.5246,0.59,1,2,0.047,7403.08,0,0,4.5,1,Tricycle / PUV Operator,Owned (Clean Title),4,0,0,1
MRK-04705,delinquent,24,0.434,0.4512,0.502,2,1,0.102,22446.81,1,0,8.0,3,OFW Remittance / Dependent,Owned (Inherited/Tax Dec),12,0,0,0
MRK-04706,delinquent,36,0.234,0.2738,0.474,2,1,0.177,12635.9,0,0,10.7,1,OFW Remittance / Dependent,Owned (Clean Title),1,0,0,0
MRK-04707,delinquent,24,0.167,0.4201,0.171,3,0,0.354,30118.22,1,0,6.3,0,Employed (Private/Gov),Owned (Inherited/Tax Dec),7,0,0,0
MRK-04708,delinquent,36,0.67,0.4789,0.429,3,0,0.211,24469.42,1,0,2.5,3,Agri / Farmer / Fisherfolk,Owned (Inherited/Tax Dec),4,0,1,0
MRK-04709,delinquent,24,0.307,0.4119,0.167,3,0,0.343,32364.63,0,0,4.7,2,Public School Teacher,Owned (Clean Title),11,0,1,0
MRK-04710,delinquent,24,0.197,0.2846,0.194,4,0,0.437,14216.6,1,1,4.5,2,Agri / Farmer / Fisherfolk,Rented (Apartment/House),9,0,1,0
MRK-04711,delinquent,24,0.717,0.2274,0.25,4,0,0.432,23253.46,0,1,2.5,4,Public School Teacher,Rented (Apartment/House),4,0,1,0
MRK-04712,delinquent,24,0.931,0.3833,0.364,2,0,0.227,10635.47,0,0,6.0,0,Agri / Farmer / Fisherfolk,Living with Parents/Relatives,3,0,1,0
MRK-04713,delinquent,36,0.267,0.2878,0.645,1,3,0.022,5178.31,0,0,3.1,2,Sari-Sari / Small Retail,Owned (Inherited/Tax Dec),8,0,0,1
MRK-04714,delinquent,36,0.306,0.1884,0.716,1,3,0.075,3064.84,0,0,22.2,1,Tricycle / PUV Operator,Owned (Clean Title),9,0,0,1
MRK-04715,delinquent,24,0.081,0.3375,0.655,1,3,0.067,8004.06,0,0,4.0,1,Public School Teacher,Owned (Clean Title),10,0,0,1
MRK-04716,delinquent,36,0.629,0.1738,0.746,1,2,0.004,2768.33,0,0,6.2,1,OFW Remittance / Dependent,Rented (Apartment/House),9,0,0,1
MRK-04717,delinquent,12,0.156,0.4938,0.193,4,0,0.387,37892.25,0,1,17.1,1,OFW Remittance / Dependent,Living with Parents/Relatives,12,0,1,0
MRK-04718,delinquent,24,0.862,0.3176,0.383,2,1,0.218,14172.36,1,0,9.3,2,Tricycle / PUV Operator,Rented (Apartment/House),11,0,0,0
MRK-04719,delinquent,24,0.29,0.291,0.74,1,3,0.099,4378.59,1,1,4.1,0,Tricycle / PUV Operator,Owned (Inherited/Tax Dec),4,0,0,1
MRK-04720,delinquent,36,0.825,0.2557,0.159,3,0,0.511,13497.1,1,1,2.7,0,BPO / Call Center Agent,Owned (Inherited/Tax Dec),12,0,1,0
MRK-04721,delinquent,12,0.785,0.743,0.35,3,0,0.343,48634.03,0,1,3.2,2,Agri / Farmer / Fisherfolk,Rented (Apartment/House),8,0,1,0
MRK-04722,delinquent,24,0.792,0.335,0.672,1,2,0.024,11296.67,0,0,2.9,2,Employed (Private/Gov),Owned (Inherited/Tax Dec),10,0,0,1
MRK-04723,delinquent,12,0.264,0.763,0.324,4,0,0.442,65296.24,0,1,5.9,0,Sari-Sari / Small Retail,Rented (Apartment/House),4,0,1,0
MRK-04724,delinquent,36,0.713,0.2586,0.387,2,2,0.173,12723.9,1,0,4.3,3,OFW Remittance / Dependent,Owned (Clean Title),12,0,0,0
MRK-04725,delinquent,12,0.321,0.5121,0.391,2,0,0.136,19647.12,0,0,2.5,2,Agri / Farmer / Fisherfolk,Owned (Clean Title),1,0,0,0
MRK-04726,delinquent,12,0.809,0.528,0.283,4,0,0.457,60154.12,0,0,12.2,2,Public School Teacher,Owned (Clean Title),7,0,1,0
MRK-04727,delinquent,24,0.239,0.2855,0.693,1,3,0.116,8104.01,0,0,4.7,0,OFW Remittance / Dependent,Owned (Clean Title),9,0,0,1
MRK-04728,delinquent,24,0.252,0.4111,0.458,2,2,0.084,8560.19,0,0,2.5,1,Tricycle / PUV Operator,Rented (Apartment/House),4,0,0,0
MRK-04729,delinquent,12,0.184,0.7859,0.622,1,3,0.116,11417.43,1,0,7.2,2,Tricycle / PUV Operator,Rented (Apartment/House),8,0,1,1
MRK-04730,delinquent,24,0.508,0.3309,0.459,3,0,0.168,22363.51,0,0,2.0,4,Public School Teacher,Living with Parents/Relatives,4,0,1,0
MRK-04731,delinquent,24,0.315,0.4083,0.327,3,0,0.348,30378.74,0,0,4.8,3,Public School Teacher,Living with Parents/Relatives,6,0,1,0
MRK-04732,delinquent,24,0.51,0.2517,0.362,3,0,0.285,15926.63,0,0,5.7,2,Employed (Private/Gov),Owned (Clean Title),2,0,0,0
MRK-04733,delinquent,36,0.357,0.2181,0.271,3,0,0.215,14522.96,1,0,7.7,2,BPO / Call Center Agent,Owned (Clean Title),3,0,1,0
MRK-04734,delinquent,12,0.135,0.5923,0.569,2,0,0.209,28572.16,1,0,8.3,1,Public School Teacher,Living with Parents/Relatives,6,0,0,0
MRK-04735,delinquent,12,0.768,0.8,0.568,2,2,0.093,26650.21,0,1,14.2,1,Tricycle / PUV Operator,Owned (Clean Title),6,0,0,0
MRK-04736,delinquent,36,0.264,0.2284,0.743,1,2,0.037,3284.22,0,1,7.4,3,Agri / Farmer / Fisherfolk,Rented (Apartment/House),2,0,0,1
MRK-04737,delinquent,36,0.677,0.2676,0.573,2,1,0.132,7658.28,0,0,9.9,1,Employed (Private/Gov),Owned (Inherited/Tax Dec),11,0,0,0
MRK-04738,delinquent,12,0.884,0.4732,0.452,2,0,0.241,27535.78,0,0,3.4,3,BPO / Call Center Agent,Owned (Clean Title),9,0,1,0
MRK-04739,delinquent,24,0.236,0.4263,0.409,2,1,0.087,15949.26,0,1,21.2,2,Sari-Sari / Small Retail,Rented (Apartment/House),10,0,0,0
MRK-04740,delinquent,24,0.146,0.4474,0.432,2,0,0.189,11323.59,0,0,10.7,2,Agri / Farmer / Fisherfolk,Owned (Clean Title),2,0,1,0
MRK-04741,delinquent,36,0.637,0.2109,0.391,2,0,0.3,9720.02,0,0,3.4,1,OFW Remittance / Dependent,Owned (Clean Title),8,0,1,0
MRK-04742,delinquent,24,0.388,0.1954,0.425,2,0,0.343,7889.24,0,0,12.3,0,BPO / Call Center Agent,Living with Parents/Relatives,6,0,1,0
MRK-04743,delinquent,12,0.822,0.8,0.205,3,0,0.202,43846.94,0,0,10.0,1,Tricycle / PUV Operator,Owned (Inherited/Tax Dec),7,0,1,0
MRK-04744,delinquent,24,0.659,0.2212,0.582,2,0,0.11,10915.28,1,0,4.1,1,OFW Remittance / Dependent,Living with Parents/Relatives,7,0,0,0
MRK-04745,delinquent,12,0.063,0.3531,0.466,3,0,0.374,23858.66,0,1,9.8,0,BPO / Call Center Agent,Owned (Clean Title),9,0,1,0
MRK-04746,delinquent,24,0.83,0.1696,0.545,2,1,0.155,5989.68,0,0,1.9,2,OFW Remittance / Dependent,Living with Parents/Relatives,9,0,0,0
MRK-04747,delinquent,24,0.211,0.3722,0.234,2,0,0.394,16620.69,0,0,4.1,2,Public School Teacher,Owned (Clean Title),2,0,1,0
MRK-04748,delinquent,36,0.063,0.3867,0.474,2,1,0.173,15340.97,1,0,8.6,4,Tricycle / PUV Operator,Living with Parents/Relatives,2,0,0,0
MRK-04749,delinquent,36,0.065,0.4649,0.555,2,0,0.051,10305.14,0,0,6.2,2,Sari-Sari / Small Retail,Owned (Inherited/Tax Dec),12,0,0,0
MRK-04750,delinquent,12,0.477,0.8,0.586,2,0,0.092,38049.12,0,0,4.5,2,Agri / Farmer / Fisherfolk,Living with Parents/Relatives,4,0,0,0
MRK-04751,delinquent,36,0.542,0.3106,0.223,3,0,0.375,12390.81,0,0,10.1,1,Tricycle / PUV Operator,Owned (Clean Title),2,0,0,0
MRK-04752,delinquent,24,0.449,0.2182,0.376,3,0,0.368,14343.43,0,0,4.7,4,Public School Teacher,Owned (Clean Title),1,0,1,0
MRK-04753,delinquent,12,0.537,0.7729,0.462,2,0,0.054,25325.91,1,0,5.9,1,Sari-Sari / Small Retail,Living with Parents/Relatives,8,0,0,0
MRK-04754,delinquent,12,0.577,0.4566,0.421,2,0,0.069,30147.62,0,1,7.7,3,Sari-Sari / Small Retail,Owned (Clean Title),11,0,0,0
MRK-04755,delinquent,12,0.766,0.3189,0.263,3,0,0.569,33180.45,0,0,7.8,1,Employed (Private/Gov),Owned (Clean Title),9,0,1,1
MRK-04756,delinquent,24,0.504,0.4658,0.341,2,0,0.279,22426.98,0,0,1.1,1,Public School Teacher,Owned (Inherited/Tax Dec),2,0,1,0
MRK-04757,delinquent,36,0.458,0.3824,0.328,4,0,0.553,22951.93,1,0,3.4,0,BPO / Call Center Agent,Rented (Apartment/House),12,0,1,0
MRK-04758,delinquent,36,0.893,0.2555,0.488,2,2,0.055,7399.35,0,0,9.4,3,Sari-Sari / Small Retail,Owned (Clean Title),11,0,0,0
MRK-04759,delinquent,24,0.697,0.3379,0.696,1,3,0.01,10453.64,0,0,1.1,2,Employed (Private/Gov),Owned (Inherited/Tax Dec),2,0,0,1
MRK-04760,delinquent,36,0.718,0.2417,0.471,2,1,0.054,11589.15,0,0,5.5,1,Public School Teacher,Living with Parents/Relatives,7,0,0,0
MRK-04761,delinquent,24,0.641,0.2506,0.558,2,2,0.159,11100.67,0,1,11.1,2,Public School Teacher,Owned (Inherited/Tax Dec),12,0,1,0
MRK-04762,delinquent,36,0.414,0.3062,0.55,2,2,0.068,7162.34,1,0,5.0,3,Tricycle / PUV Operator,Living with Parents/Relatives,9,0,1,0
MRK-04763,delinquent,12,0.127,0.8,0.597,1,3,0.007,15246.49,0,0,6.0,2,Sari-Sari / Small Retail,Rented (Apartment/House),1,0,0,1
MRK-04764,delinquent,24,0.523,0.6378,0.25,2,0,0.336,15747.96,0,0,2.3,0,Tricycle / PUV Operator,Owned (Inherited/Tax Dec),5,0,1,0
MRK-04765,delinquent,12,0.21,0.4976,0.562,2,0,0.113,26361.54,0,0,2.2,2,Public School Teacher,Living with Parents/Relatives,7,0,0,0
MRK-04766,delinquent,12,0.071,0.5267,0.491,2,1,0.121,31343.3,1,0,2.5,2,BPO / Call Center Agent,Rented (Apartment/House),2,0,0,0
MRK-04767,delinquent,36,0.759,0.463,0.498,2,1,0.218,12741.92,1,0,4.2,3,Agri / Farmer / Fisherfolk,Living with Parents/Relatives,8,0,0,0
MRK-04768,delinquent,36,0.378,0.3863,0.473,3,0,0.341,13070.83,0,1,8.6,2,Agri / Farmer / Fisherfolk,Rented (Apartment/House),12,0,1,0
MRK-04769,delinquent,36,0.642,0.273,0.207,3,0,0.288,16445.97,0,0,11.1,4,OFW Remittance / Dependent,Owned (Inherited/Tax Dec),11,0,1,0
MRK-04770,delinquent,12,0.932,0.8,0.427,2,1,0.144,36706.96,0,0,14.7,0,Agri / Farmer / Fisherfolk,Living with Parents/Relatives,10,0,0,0
MRK-04771,delinquent,12,0.46,0.534,0.204,3,0,0.297,38801.46,1,1,3.1,2,Tricycle / PUV Operator,Rented (Apartment/House),1,0,1,0
MRK-04772,delinquent,24,0.167,0.2906,0.278,4,0,0.315,30242.38,0,0,17.0,3,OFW Remittance / Dependent,Living with Parents/Relatives,9,0,0,0
MRK-04773,delinquent,24,0.18,0.5046,0.692,1,3,0.027,7006.69,1,0,11.7,2,Sari-Sari / Small Retail,Owned (Clean Title),2,0,0,0
MRK-04774,delinquent,36,0.659,0.2533,0.586,1,2,0.026,6257.23,0,0,11.7,3,BPO / Call Center Agent,Owned (Inherited/Tax Dec),3,0,0,1
MRK-04775,delinquent,36,0.636,0.327,0.684,1,3,0.092,6625.27,0,0,14.5,2,Agri / Farmer / Fisherfolk,Rented (Apartment/House),9,0,0,1
MRK-04776,delinquent,36,0.272,0.2254,0.507,2,1,0.085,10607.49,0,0,5.7,2,Employed (Private/Gov),Owned (Clean Title),12,0,0,0
MRK-04777,delinquent,12,0.358,0.6337,0.654,1,3,0.115,11931.73,0,0,14.9,2,Agri / Farmer / Fisherfolk,Living with Parents/Relatives,8,0,0,1
MRK-04778,delinquent,12,0.091,0.6978,0.44,2,0,0.249,35274.91,0,0,5.3,1,BPO / Call Center Agent,Owned (Inherited/Tax Dec),12,0,1,0
MRK-04779,delinquent,24,0.353,0.3567,0.394,2,1,0.16,16094.72,0,0,5.8,4,OFW Remittance / Dependent,Rented (Apartment/House),11,0,0,0
MRK-04780,delinquent,36,0.162,0.2109,0.576,1,3,0.05,3421.14,0,1,15.1,2,BPO / Call Center Agent,Rented (Apartment/House),1,0,0,1
MRK-04781,delinquent,24,0.504,0.3116,0.546,2,1,0.141,11820.45,0,0,4.6,3,Public School Teacher,Owned (Clean Title),8,0,0,0
MRK-04782,delinquent,24,0.571,0.2179,0.292,3,0,0.233,11379.23,1,0,10.7,0,Sari-Sari / Small Retail,Rented (Apartment/House),4,0,1,0
MRK-04783,delinquent,24,0.414,0.3347,0.698,1,3,0.033,8473.24,0,0,12.6,1,Tricycle / PUV Operator,Owned (Clean Title),2,0,0,1
MRK-04784,delinquent,24,0.8,0.2733,0.343,4,0,0.392,23909.16,1,0,5.7,1,OFW Remittance / Dependent,Living with Parents/Relatives,4,0,1,0
MRK-04785,delinquent,24,0.334,0.5976,0.586,1,3,0.066,10920.64,0,0,15.3,1,Sari-Sari / Small Retail,Rented (Apartment/House),10,0,0,1
MRK-04786,delinquent,12,0.207,0.5741,0.55,2,1,0.204,28049.65,0,0,6.9,4,Tricycle / PUV Operator,Rented (Apartment/House),9,0,0,0
MRK-04787,delinquent,36,0.123,0.2199,0.443,2,1,0.082,5632.73,0,0,14.5,0,Tricycle / PUV Operator,Rented (Apartment/House),2,0,0,0
MRK-04788,delinquent,36,0.515,0.2471,0.392,3,0,0.398,13239.23,0,0,7.0,3,Tricycle / PUV Operator,Owned (Clean Title),12,0,1,0
MRK-04789,delinquent,24,0.932,0.3461,0.382,2,0,0.182,15697.76,0,0,11.7,1,Agri / Farmer / Fisherfolk,Living with Parents/Relatives,5,0,1,1
MRK-04790,delinquent,12,0.442,0.5228,0.748,1,1,0.082,15005.65,0,1,1.7,2,Public School Teacher,Owned (Inherited/Tax Dec),3,0,0,1
MRK-04791,delinquent,12,0.776,0.4975,0.258,4,0,0.496,22607.59,1,1,6.1,0,Tricycle / PUV Operator,Rented (Apartment/House),2,0,1,0
MRK-04792,delinquent,12,0.171,0.4696,0.602,1,3,0.011,11553.4,0,1,5.7,1,Tricycle / PUV Operator,Owned (Inherited/Tax Dec),7,0,0,1
MRK-04793,delinquent,36,0.222,0.1977,0.728,1,2,0.011,4664.41,0,0,29.3,1,BPO / Call Center Agent,Owned (Clean Title),10,0,0,1
MRK-04794,delinquent,12,0.267,0.3118,0.285,2,0,0.179,10261.38,0,0,12.4,2,Agri / Farmer / Fisherfolk,Owned (Inherited/Tax Dec),8,0,1,0
MRK-04795,delinquent,12,0.383,0.4899,0.37,4,0,0.33,58178.59,0,0,4.7,1,Tricycle / PUV Operator,Rented (Apartment/House),11,0,1,0
MRK-04796,delinquent,36,0.274,0.2676,0.368,2,0,0.203,6189.22,0,0,18.2,1,Agri / Farmer / Fisherfolk,Rented (Apartment/House),2,0,1,0
MRK-04797,delinquent,12,0.556,0.7278,0.453,2,0,0.135,23249.5,0,0,5.2,2,OFW Remittance / Dependent,Rented (Apartment/House),6,0,0,0
MRK-04798,delinquent,24,0.113,0.5074,0.578,1,2,0.037,9306.95,0,1,17.5,3,Tricycle / PUV Operator,Rented (Apartment/House),12,0,0,1
MRK-04799,delinquent,36,0.069,0.4794,0.277,4,0,0.447,34964.3,1,0,1.5,4,OFW Remittance / Dependent,Living with Parents/Relatives,7,0,1,0
MRK-04800,delinquent,24,0.687,0.3628,0.495,2,2,0.15,21544.32,1,0,5.1,3,BPO / Call Center Agent,Living with Parents/Relatives,5,0,0,0
MRK-04801,delinquent,36,0.281,0.2549,0.643,1,1,0.079,6524.8,1,0,4.6,4,Public School Teacher,Owned (Inherited/Tax Dec),12,0,0,1
MRK-04802,delinquent,12,0.61,0.5108,0.553,1,3,0.061,10742.32,0,0,7.3,2,Tricycle / PUV Operator,Rented (Apartment/House),4,0,0,1
MRK-04803,delinquent,12,0.224,0.7276,0.392,2,0,0.165,39672.55,1,0,1.8,3,BPO / Call Center Agent,Living with Parents/Relatives,6,0,1,0
MRK-04804,delinquent,24,0.27,0.2975,0.241,4,0,0.567,25664.43,0,0,9.3,2,Tricycle / PUV Operator,Owned (Inherited/Tax Dec),6,0,1,0
MRK-04805,delinquent,12,0.195,0.8,0.331,2,0,0.382,25536.79,1,1,3.8,1,Sari-Sari / Small Retail,Owned (Clean Title),4,0,1,0
MRK-04806,delinquent,36,0.769,0.2567,0.638,1,3,0.066,3598.98,0,0,3.8,2,Tricycle / PUV Operator,Rented (Apartment/House),12,0,0,1
MRK-04807,delinquent,36,0.145,0.261,0.543,2,2,0.102,13927.17,1,1,7.9,0,BPO / Call Center Agent,Owned (Inherited/Tax Dec),2,0,0,0
MRK-04808,delinquent,36,0.553,0.4286,0.434,2,2,0.137,9156.13,1,0,7.2,2,Tricycle / PUV Operator,Living with Parents/Relatives,11,0,0,0
MRK-04809,delinquent,24,0.621,0.4224,0.674,1,2,0.057,9253.43,0,0,15.3,1,OFW Remittance / Dependent,Owned (Inherited/Tax Dec),11,0,0,1
MRK-04810,delinquent,36,0.068,0.4181,0.492,2,2,0.178,15633.8,0,0,6.5,1,Employed (Private/Gov),Owned (Clean Title),7,0,0,0
MRK-04811,delinquent,36,0.283,0.322,0.305,3,0,0.429,21312.49,0,1,2.6,2,Sari-Sari / Small Retail,Rented (Apartment/House),11,0,1,0
MRK-04812,delinquent,36,0.075,0.3025,0.685,1,2,0.108,5482.91,0,0,8.2,0,OFW Remittance / Dependent,Living with Parents/Relatives,5,0,0,1
MRK-04813,delinquent,12,0.425,0.5192,0.434,2,2,0.098,25802.31,0,0,12.0,4,Public School Teacher,Owned (Inherited/Tax Dec),6,0,0,0
MRK-04814,delinquent,24,0.598,0.293,0.321,2,0,0.326,12684.62,0,0,8.3,2,BPO / Call Center Agent,Rented (Apartment/House),12,0,1,0
MRK-04815,delinquent,36,0.595,0.2181,0.32,3,0,0.349,11316.41,0,0,6.0,2,Tricycle / PUV Operator,Living with Parents/Relatives,11,0,1,0
MRK-04816,delinquent,24,0.414,0.3198,0.551,2,1,0.109,10855.51,1,0,1.9,1,Agri / Farmer / Fisherfolk,Owned (Clean Title),6,0,0,0
MRK-04817,delinquent,36,0.567,0.1554,0.521,2,1,0.127,5640.27,1,0,9.9,1,Employed (Private/Gov),Owned (Inherited/Tax Dec),3,0,0,0
MRK-04818,delinquent,36,0.183,0.2051,0.551,1,1,0.022,3017.07,0,0,8.6,1,Tricycle / PUV Operator,Rented (Apartment/House),11,0,0,1
MRK-04819,delinquent,36,0.335,0.2233,0.211,2,0,0.16,11067.65,0,1,3.7,0,Public School Teacher,Rented (Apartment/House),11,0,1,0
MRK-04820,delinquent,24,0.761,0.3677,0.421,2,1,0.132,19981.68,0,0,6.8,0,Agri / Farmer / Fisherfolk,Owned (Inherited/Tax Dec),8,0,0,0
MRK-04821,delinquent,24,0.541,0.2456,0.25,4,0,0.336,23294.08,0,0,3.9,3,Public School Teacher,Rented (Apartment/House),10,0,1,0
MRK-04822,delinquent,12,0.647,0.6237,0.649,1,2,0.118,14599.72,0,0,6.3,1,OFW Remittance / Dependent,Living with Parents/Relatives,10,0,0,1
MRK-04823,delinquent,12,0.844,0.5555,0.704,1,3,0.05,9905.57,1,0,3.8,1,Tricycle / PUV Operator,Rented (Apartment/House),8,0,0,1
MRK-04824,delinquent,12,0.531,0.6679,0.375,2,0,0.278,18830.13,0,0,4.0,1,Tricycle / PUV Operator,Living with Parents/Relatives,5,0,1,0
MRK-04825,delinquent,24,0.522,0.3909,0.551,2,1,0.108,11525.96,1,0,7.4,3,Agri / Farmer / Fisherfolk,Owned (Clean Title),3,0,0,0
MRK-04826,delinquent,24,0.671,0.3582,0.472,2,2,0.165,13792.78,0,1,4.3,1,Tricycle / PUV Operator,Owned (Inherited/Tax Dec),2,0,0,0
MRK-04827,delinquent,24,0.492,0.5502,0.635,1,2,0.037,10387.91,0,0,15.7,2,Sari-Sari / Small Retail,Owned (Clean Title),6,0,0,1
MRK-04828,delinquent,36,0.203,0.2503,0.251,2,0,0.306,13234.72,0,0,7.4,2,Employed (Private/Gov),Living with Parents/Relatives,12,0,1,0
MRK-04829,delinquent,36,0.861,0.2482,0.529,2,0,0.165,14516.07,0,0,5.0,2,Public School Teacher,Living with Parents/Relatives,6,0,0,0
MRK-04830,delinquent,12,0.282,0.3921,0.562,1,3,0.109,12542.52,1,0,1.7,1,Public School Teacher,Owned (Inherited/Tax Dec),2,0,0,1
MRK-04831,delinquent,36,0.455,0.2393,0.341,3,0,0.391,20859.52,1,0,9.1,1,OFW Remittance / Dependent,Owned (Clean Title),6,0,1,0
MRK-04832,delinquent,24,0.196,0.3939,0.618,1,2,0.104,5086.29,0,0,6.0,2,BPO / Call Center Agent,Owned (Clean Title),7,0,0,1
MRK-04833,delinquent,24,0.85,0.2574,0.174,4,0,0.328,16533.7,0,0,8.4,2,Sari-Sari / Small Retail,Owned (Clean Title),10,0,1,0
MRK-04834,delinquent,24,0.273,0.3457,0.463,2,0,0.059,19666.4,1,1,5.2,2,Public School Teacher,Living with Parents/Relatives,3,0,0,0
MRK-04835,delinquent,12,0.848,0.362,0.421,3,0,0.201,22154.22,1,0,8.3,2,BPO / Call Center Agent,Living with Parents/Relatives,1,0,1,0
MRK-04836,delinquent,12,0.282,0.3634,0.61,1,2,0.08,12604.79,0,0,7.5,4,OFW Remittance / Dependent,Living with Parents/Relatives,3,0,1,1
MRK-04837,delinquent,24,0.405,0.3275,0.531,2,0,0.079,8598.16,0,0,6.7,1,Sari-Sari / Small Retail,Living with Parents/Relatives,7,0,0,0
MRK-04838,delinquent,36,0.454,0.1742,0.431,2,0,0.161,5652.49,1,0,6.3,1,Employed (Private/Gov),Owned (Clean Title),3,0,0,0
MRK-04839,delinquent,24,0.092,0.414,0.618,1,1,0.074,5102.66,1,0,24.6,3,Sari-Sari / Small Retail,Owned (Clean Title),10,0,0,1
MRK-04840,delinquent,36,0.466,0.3125,0.303,3,0,0.313,22564.56,1,0,11.9,3,BPO / Call Center Agent,Owned (Clean Title),9,0,1,0
MRK-04841,delinquent,36,0.602,0.2601,0.412,2,1,0.139,8273.51,0,0,11.8,1,BPO / Call Center Agent,Owned (Inherited/Tax Dec),9,0,0,0
MRK-04842,delinquent,24,0.426,0.328,0.324,3,0,0.356,33780.16,0,1,3.0,1,OFW Remittance / Dependent,Living with Parents/Relatives,10,0,1,0
MRK-04843,delinquent,12,0.296,0.717,0.473,2,0,0.391,31071.97,0,0,2.3,1,Tricycle / PUV Operator,Rented (Apartment/House),4,0,1,0
MRK-04844,delinquent,24,0.174,0.2384,0.523,2,2,0.151,10099.89,0,1,8.4,1,Tricycle / PUV Operator,Owned (Inherited/Tax Dec),2,0,0,0
MRK-04845,delinquent,24,0.176,0.3477,0.532,2,2,0.111,20424.01,1,1,4.5,3,OFW Remittance / Dependent,Owned (Inherited/Tax Dec),4,0,0,0
MRK-04846,delinquent,24,0.277,0.2986,0.305,4,0,0.364,26694.31,0,1,6.4,2,Employed (Private/Gov),Rented (Apartment/House),1,0,1,0
MRK-04847,delinquent,12,0.753,0.6596,0.606,1,1,0.054,11745.1,0,0,4.3,2,Agri / Farmer / Fisherfolk,Owned (Clean Title),2,0,0,1
MRK-04848,delinquent,12,0.706,0.5338,0.626,1,3,0.012,17248.85,0,1,6.4,1,Employed (Private/Gov),Owned (Clean Title),7,0,0,1
MRK-04849,delinquent,24,0.644,0.4545,0.247,2,0,0.168,21964.82,0,0,5.1,0,Sari-Sari / Small Retail,Rented (Apartment/House),4,0,1,0
MRK-04850,delinquent,24,0.465,0.337,0.627,1,2,0.004,5691.22,0,0,9.3,0,Sari-Sari / Small Retail,Living with Parents/Relatives,8,0,0,1
MRK-04851,delinquent,36,0.185,0.1946,0.744,1,1,0.059,3730.64,0,1,11.0,3,Employed (Private/Gov),Living with Parents/Relatives,7,0,0,1
MRK-04852,delinquent,36,0.424,0.3483,0.226,4,0,0.295,33048.72,0,0,5.1,0,Tricycle / PUV Operator,Owned (Clean Title),5,0,1,0
MRK-04853,delinquent,24,0.177,0.3062,0.462,2,1,0.061,8264.11,0,0,10.0,1,Agri / Farmer / Fisherfolk,Living with Parents/Relatives,2,0,0,0
MRK-04854,delinquent,36,0.835,0.3311,0.228,3,0,0.512,24094.0,0,0,3.5,1,Employed (Private/Gov),Rented (Apartment/House),7,0,1,0
MRK-04855,delinquent,36,0.481,0.2905,0.434,2,1,0.2,10856.84,0,0,4.5,0,Agri / Farmer / Fisherfolk,Owned (Inherited/Tax Dec),5,0,0,0
MRK-04856,delinquent,12,0.076,0.3501,0.162,4,0,0.437,41741.04,0,0,9.9,0,Employed (Private/Gov),Owned (Clean Title),10,0,1,0
MRK-04857,delinquent,12,0.408,0.3905,0.436,2,2,0.159,14125.94,0,0,3.2,3,Employed (Private/Gov),Owned (Inherited/Tax Dec),5,0,0,0
MRK-04858,delinquent,36,0.72,0.2056,0.219,3,0,0.515,13447.88,1,0,7.4,1,OFW Remittance / Dependent,Owned (Inherited/Tax Dec),3,0,1,0
MRK-04859,delinquent,24,0.497,0.5376,0.303,2,0,0.383,22235.0,0,0,7.2,1,Public School Teacher,Owned (Clean Title),5,0,1,0
MRK-04860,delinquent,36,0.836,0.3277,0.498,2,1,0.151,12631.04,0,0,1.1,3,Sari-Sari / Small Retail,Living with Parents/Relatives,9,0,0,0
MRK-04861,delinquent,12,0.427,0.5742,0.475,2,2,0.186,27508.88,0,0,2.7,1,Agri / Farmer / Fisherfolk,Owned (Clean Title),7,0,0,0
MRK-04862,delinquent,12,0.398,0.2964,0.464,2,0,0.339,14658.2,0,0,4.6,2,OFW Remittance / Dependent,Owned (Inherited/Tax Dec),3,0,1,0
MRK-04863,delinquent,12,0.154,0.7677,0.328,3,0,0.185,44928.66,1,0,9.4,0,BPO / Call Center Agent,Owned (Clean Title),2,0,1,0
MRK-04864,delinquent,24,0.454,0.3701,0.385,2,1,0.181,13234.5,1,0,10.1,2,Tricycle / PUV Operator,Owned (Clean Title),10,0,0,1
MRK-04865,delinquent,36,0.64,0.5064,0.332,2,0,0.31,16741.08,0,1,6.0,2,OFW Remittance / Dependent,Owned (Clean Title),10,0,1,0
MRK-04866,delinquent,24,0.29,0.3116,0.427,2,0,0.25,13593.92,0,1,5.8,3,Agri / Farmer / Fisherfolk,Living with Parents/Relatives,11,0,1,0
MRK-04867,delinquent,12,0.454,0.6431,0.387,2,0,0.289,29227.76,0,0,18.4,0,Sari-Sari / Small Retail,Living with Parents/Relatives,12,0,1,0
MRK-04868,delinquent,24,0.065,0.3404,0.578,1,2,0.07,4808.15,0,0,2.7,1,Sari-Sari / Small Retail,Owned (Inherited/Tax Dec),4,0,0,1
MRK-04869,delinquent,36,0.056,0.4678,0.315,2,0,0.347,16057.47,1,0,10.3,1,Employed (Private/Gov),Owned (Inherited/Tax Dec),2,0,1,0
MRK-04870,delinquent,36,0.162,0.3212,0.539,2,0,0.075,18550.45,1,0,9.8,2,Agri / Farmer / Fisherfolk,Owned (Inherited/Tax Dec),3,0,0,0
MRK-04871,delinquent,12,0.936,0.3919,0.495,2,2,0.089,29286.34,1,1,8.4,2,Public School Teacher,Owned (Clean Title),6,0,1,0
MRK-04872,delinquent,24,0.264,0.6136,0.395,2,2,0.064,18140.47,0,0,4.7,2,Sari-Sari / Small Retail,Owned (Inherited/Tax Dec),3,0,0,0
MRK-04873,delinquent,36,0.523,0.2769,0.477,2,0,0.165,10313.89,0,0,4.2,3,Agri / Farmer / Fisherfolk,Rented (Apartment/House),4,0,0,0
MRK-04874,delinquent,24,0.539,0.3319,0.571,2,1,0.211,16167.84,0,0,20.3,1,Tricycle / PUV Operator,Owned (Inherited/Tax Dec),5,0,0,0
MRK-04875,delinquent,36,0.897,0.3515,0.677,1,1,0.008,8292.78,0,0,17.7,1,Sari-Sari / Small Retail,Owned (Clean Title),5,0,0,1
MRK-04876,delinquent,36,0.497,0.4466,0.416,3,0,0.201,20063.99,0,0,6.6,1,Sari-Sari / Small Retail,Living with Parents/Relatives,11,0,1,0
MRK-04877,delinquent,24,0.913,0.3962,0.418,2,2,0.166,11234.49,0,0,5.8,0,Tricycle / PUV Operator,Owned (Inherited/Tax Dec),3,0,0,0
MRK-04878,delinquent,24,0.655,0.4993,0.39,2,2,0.205,21840.74,0,0,5.6,2,Tricycle / PUV Operator,Owned (Inherited/Tax Dec),4,0,0,0
MRK-04879,delinquent,24,0.593,0.355,0.72,1,3,0.112,6120.61,0,0,4.1,1,Tricycle / PUV Operator,Living with Parents/Relatives,8,0,0,0
MRK-04880,delinquent,24,0.945,0.3499,0.187,4,0,0.584,35823.42,1,0,8.3,2,BPO / Call Center Agent,Owned (Inherited/Tax Dec),11,0,1,0
MRK-04881,delinquent,12,0.311,0.8,0.633,1,2,0.035,11841.15,0,1,1.4,3,Sari-Sari / Small Retail,Rented (Apartment/House),2,0,0,1
MRK-04882,delinquent,24,0.401,0.4048,0.189,3,0,0.534,25998.66,0,1,14.1,2,Public School Teacher,Living with Parents/Relatives,6,0,1,0
MRK-04883,delinquent,12,0.495,0.3803,0.55,2,0,0.1,16634.8,0,1,3.5,0,Public School Teacher,Owned (Inherited/Tax Dec),8,0,0,0
MRK-04884,delinquent,12,0.781,0.5116,0.633,1,3,0.067,11507.2,0,0,6.0,2,Sari-Sari / Small Retail,Rented (Apartment/House),5,0,0,1
MRK-04885,delinquent,24,0.548,0.3489,0.519,2,2,0.126,9394.79,1,0,8.7,3,Agri / Farmer / Fisherfolk,Owned (Inherited/Tax Dec),10,0,0,0
MRK-04886,delinquent,36,0.596,0.3702,0.169,3,0,0.367,26257.24,0,0,5.3,4,Tricycle / PUV Operator,Owned (Clean Title),9,0,1,0
MRK-04887,delinquent,12,0.527,0.5496,0.445,2,2,0.066,16347.16,1,0,13.0,1,Sari-Sari / Small Retail,Living with Parents/Relatives,12,0,0,0
MRK-04888,delinquent,36,0.869,0.2397,0.437,2,1,0.218,7630.68,0,0,1.4,1,BPO / Call Center Agent,Living with Parents/Relatives,7,0,0,0
MRK-04889,delinquent,36,0.713,0.3138,0.562,1,1,0.112,4586.13,0,0,25.7,2,OFW Remittance / Dependent,Living with Parents/Relatives,11,0,0,1
MRK-04890,delinquent,12,0.847,0.319,0.494,2,0,0.108,13897.24,0,0,17.5,1,Employed (Private/Gov),Owned (Inherited/Tax Dec),2,0,0,0
MRK-04891,delinquent,24,0.751,0.3315,0.352,2,0,0.299,20520.18,0,0,1.0,4,BPO / Call Center Agent,Rented (Apartment/House),12,0,1,0
MRK-04892,delinquent,24,0.216,0.3103,0.577,1,3,0.028,8284.73,0,0,4.4,0,OFW Remittance / Dependent,Owned (Inherited/Tax Dec),12,0,0,1
MRK-04893,delinquent,12,0.84,0.3726,0.725,1,3,0.112,10384.29,0,0,11.4,3,OFW Remittance / Dependent,Rented (Apartment/House),11,0,0,0
MRK-04894,delinquent,12,0.091,0.8,0.305,2,0,0.363,30941.6,1,0,7.9,2,Sari-Sari / Small Retail,Owned (Inherited/Tax Dec),4,0,1,0
MRK-04895,delinquent,24,0.085,0.5059,0.267,3,0,0.217,23582.7,1,0,7.8,3,Tricycle / PUV Operator,Owned (Clean Title),7,0,0,0
MRK-04896,delinquent,24,0.153,0.3606,0.445,2,0,0.169,12823.73,1,0,12.6,2,BPO / Call Center Agent,Owned (Clean Title),12,0,0,0
MRK-04897,delinquent,12,0.385,0.431,0.56,1,1,0.066,11864.86,0,0,15.7,3,Employed (Private/Gov),Owned (Clean Title),10,0,0,1
MRK-04898,delinquent,12,0.65,0.5365,0.71,1,3,0.113,8411.85,0,0,13.6,3,Public School Teacher,Owned (Clean Title),8,0,0,1
MRK-04899,delinquent,24,0.949,0.4861,0.537,2,0,0.062,19044.38,0,1,2.1,2,Public School Teacher,Rented (Apartment/House),9,0,0,0
MRK-04900,delinquent,12,0.607,0.4661,0.744,1,3,0.033,7614.82,1,0,5.0,3,BPO / Call Center Agent,Owned (Clean Title),9,0,0,1
MRK-04901,delinquent,24,0.916,0.1795,0.742,1,3,0.001,4209.35,0,0,13.8,2,Employed (Private/Gov),Rented (Apartment/House),8,0,0,1
MRK-04902,delinquent,24,0.443,0.4578,0.542,2,0,0.156,19075.72,0,1,9.3,3,Tricycle / PUV Operator,Living with Parents/Relatives,7,0,0,0
MRK-04903,delinquent,12,0.204,0.6504,0.264,3,0,0.36,36386.28,0,0,6.0,2,Agri / Farmer / Fisherfolk,Rented (Apartment/House),8,0,1,0
MRK-04904,delinquent,36,0.32,0.2553,0.401,2,0,0.103,11491.96,1,0,9.1,3,OFW Remittance / Dependent,Owned (Inherited/Tax Dec),4,0,0,0
MRK-04905,delinquent,12,0.891,0.5054,0.358,4,0,0.534,46856.44,0,0,12.0,1,Sari-Sari / Small Retail,Owned (Inherited/Tax Dec),4,0,1,0
MRK-04906,delinquent,36,0.744,0.2393,0.2,2,0,0.38,6748.92,0,0,15.8,4,Agri / Farmer / Fisherfolk,Owned (Inherited/Tax Dec),11,0,1,0
MRK-04907,delinquent,12,0.503,0.626,0.347,4,0,0.571,67692.42,0,1,7.3,1,Public School Teacher,Owned (Clean Title),8,0,1,0
MRK-04908,delinquent,36,0.396,0.3384,0.232,2,0,0.213,16627.84,0,0,7.4,3,OFW Remittance / Dependent,Rented (Apartment/House),6,0,1,0
MRK-04909,delinquent,36,0.469,0.2866,0.265,2,0,0.342,12173.98,0,0,7.1,3,Employed (Private/Gov),Living with Parents/Relatives,2,0,1,0
MRK-04910,delinquent,24,0.749,0.3527,0.641,1,1,0.085,7634.38,1,0,7.4,0,Tricycle / PUV Operator,Owned (Clean Title),7,0,0,1
MRK-04911,delinquent,12,0.568,0.7892,0.2,3,0,0.361,40218.13,0,0,8.3,3,Tricycle / PUV Operator,Owned (Inherited/Tax Dec),8,0,1,0
MRK-04912,delinquent,36,0.162,0.1646,0.564,2,1,0.056,8752.79,0,1,7.3,0,BPO / Call Center Agent,Rented (Apartment/House),5,0,0,0
MRK-04913,delinquent,12,0.877,0.4564,0.569,1,3,0.03,12097.94,1,0,1.5,1,Public School Teacher,Rented (Apartment/House),8,0,0,1
MRK-04914,delinquent,12,0.59,0.4539,0.742,1,1,0.01,9827.24,0,0,19.8,1,BPO / Call Center Agent,Owned (Clean Title),6,0,0,1
MRK-04915,delinquent,24,0.605,0.2577,0.277,3,0,0.481,18711.71,1,0,9.4,4,Public School Teacher,Living with Parents/Relatives,1,0,1,0
MRK-04916,delinquent,24,0.768,0.5771,0.195,3,0,0.374,33647.23,0,0,12.8,2,Agri / Farmer / Fisherfolk,Rented (Apartment/House),6,0,1,0
MRK-04917,delinquent,36,0.941,0.2198,0.438,2,0,0.3,6242.1,0,1,3.2,0,Sari-Sari / Small Retail,Owned (Clean Title),1,0,1,0
MRK-04918,delinquent,12,0.911,0.6145,0.557,1,2,0.012,14401.87,0,0,4.3,0,Public School Teacher,Owned (Inherited/Tax Dec),1,0,0,1
MRK-04919,delinquent,36,0.078,0.258,0.415,3,0,0.34,16711.05,0,0,21.6,0,BPO / Call Center Agent,Rented (Apartment/House),9,0,1,0
MRK-04920,delinquent,12,0.62,0.75,0.44,2,1,0.132,18976.01,0,0,5.4,4,Agri / Farmer / Fisherfolk,Living with Parents/Relatives,1,0,0,0
MRK-04921,delinquent,12,0.494,0.6246,0.315,2,0,0.186,39007.32,0,0,5.1,1,Public School Teacher,Owned (Inherited/Tax Dec),11,0,0,1
MRK-04922,delinquent,12,0.645,0.3823,0.376,2,0,0.189,20213.37,0,0,13.2,1,Employed (Private/Gov),Living with Parents/Relatives,3,0,1,0
MRK-04923,delinquent,12,0.808,0.536,0.52,2,1,0.183,23617.75,1,0,5.6,3,Sari-Sari / Small Retail,Living with Parents/Relatives,11,0,1,0
MRK-04924,delinquent,24,0.854,0.2439,0.411,2,0,0.219,11533.1,1,0,13.3,2,OFW Remittance / Dependent,Owned (Clean Title),7,0,1,0
MRK-04925,delinquent,24,0.097,0.275,0.627,1,3,0.079,6289.62,0,0,12.1,1,OFW Remittance / Dependent,Owned (Clean Title),11,0,0,1
MRK-04926,delinquent,36,0.798,0.3036,0.48,2,2,0.205,13178.91,0,0,9.7,0,Employed (Private/Gov),Rented (Apartment/House),12,0,0,0
MRK-04927,delinquent,24,0.911,0.3123,0.22,2,0,0.178,13666.71,0,0,4.3,0,BPO / Call Center Agent,Living with Parents/Relatives,12,0,1,0
MRK-04928,delinquent,12,0.73,0.7195,0.459,2,0,0.136,26370.56,0,0,2.6,2,Agri / Farmer / Fisherfolk,Rented (Apartment/House),6,0,0,0
MRK-04929,delinquent,12,0.82,0.8,0.507,2,1,0.182,30128.49,0,0,5.2,3,Tricycle / PUV Operator,Owned (Clean Title),6,0,1,0
MRK-04930,delinquent,24,0.345,0.5441,0.574,2,2,0.056,24707.12,0,0,8.1,1,OFW Remittance / Dependent,Rented (Apartment/House),4,0,0,0
MRK-04931,delinquent,24,0.882,0.2629,0.341,3,0,0.167,15979.7,0,1,17.9,1,BPO / Call Center Agent,Living with Parents/Relatives,4,0,1,0
MRK-04932,delinquent,24,0.224,0.2659,0.586,1,2,0.111,10619.89,0,0,7.0,3,Public School Teacher,Owned (Clean Title),8,0,0,1
MRK-04933,delinquent,12,0.145,0.6092,0.572,2,2,0.14,30524.8,0,0,12.7,2,OFW Remittance / Dependent,Rented (Apartment/House),12,0,0,0
MRK-04934,delinquent,36,0.87,0.289,0.182,4,0,0.35,25612.35,0,0,5.1,3,Public School Teacher,Living with Parents/Relatives,3,0,1,0
MRK-04935,delinquent,36,0.55,0.1671,0.54,2,0,0.176,6005.41,0,1,8.2,3,Tricycle / PUV Operator,Owned (Inherited/Tax Dec),3,0,0,0
MRK-04936,delinquent,36,0.805,0.2489,0.457,2,1,0.166,7763.42,0,0,6.5,1,Agri / Farmer / Fisherfolk,Owned (Inherited/Tax Dec),12,0,0,0
MRK-04937,delinquent,24,0.265,0.3021,0.24,2,0,0.375,8451.14,0,0,4.9,4,OFW Remittance / Dependent,Owned (Clean Title),9,0,1,0
MRK-04938,delinquent,36,0.368,0.2545,0.603,1,2,0.042,9236.87,0,0,5.8,1,Public School Teacher,Owned (Inherited/Tax Dec),12,0,0,1
MRK-04939,delinquent,36,0.938,0.2836,0.399,2,1,0.073,15459.04,0,0,2.9,4,BPO / Call Center Agent,Owned (Clean Title),3,0,0,0
MRK-04940,delinquent,12,0.739,0.4058,0.321,3,0,0.505,25334.44,1,0,13.2,2,Public School Teacher,Rented (Apartment/House),5,0,1,0
MRK-04941,delinquent,36,0.072,0.3605,0.497,2,1,0.111,14003.9,0,1,4.9,1,BPO / Call Center Agent,Rented (Apartment/House),2,0,0,0
MRK-04942,delinquent,36,0.863,0.3206,0.381,2,1,0.122,13125.56,0,1,5.9,2,OFW Remittance / Dependent,Living with Parents/Relatives,2,0,1,0
MRK-04943,delinquent,36,0.241,0.3542,0.742,1,2,0.062,4589.43,1,0,5.2,1,Employed (Private/Gov),Owned (Inherited/Tax Dec),6,0,1,0
MRK-04944,delinquent,36,0.521,0.3773,0.298,2,0,0.18,14827.05,0,0,1.8,2,Tricycle / PUV Operator,Owned (Inherited/Tax Dec),12,0,1,0
MRK-04945,delinquent,36,0.62,0.3007,0.416,2,0,0.114,13043.84,1,0,8.3,1,Employed (Private/Gov),Owned (Clean Title),9,0,0,0
MRK-04946,delinquent,36,0.678,0.3192,0.517,2,0,0.189,14855.16,0,0,10.6,2,Sari-Sari / Small Retail,Rented (Apartment/House),11,0,1,0
MRK-04947,delinquent,24,0.939,0.4836,0.429,2,0,0.24,14897.71,0,0,17.2,2,Employed (Private/Gov),Owned (Clean Title),10,0,1,0
MRK-04948,delinquent,24,0.349,0.3868,0.662,1,3,0.048,9358.99,0,0,9.1,1,OFW Remittance / Dependent,Rented (Apartment/House),9,0,0,1
MRK-04949,delinquent,12,0.716,0.2735,0.437,2,0,0.12,13965.93,1,0,11.0,2,BPO / Call Center Agent,Living with Parents/Relatives,11,0,0,0
MRK-04950,delinquent,36,0.104,0.2799,0.392,2,1,0.114,16250.94,0,0,13.6,0,BPO / Call Center Agent,Rented (Apartment/House),11,0,0,0
MRK-04951,delinquent,24,0.745,0.3638,0.571,1,2,0.093,8268.28,0,0,6.7,4,BPO / Call Center Agent,Owned (Clean Title),8,0,0,1
MRK-04952,delinquent,12,0.727,0.8,0.664,1,1,0.05,13036.2,0,0,4.5,0,Tricycle / PUV Operator,Living with Parents/Relatives,8,0,0,1
MRK-04953,delinquent,36,0.103,0.3726,0.631,1,3,0.05,9028.58,0,0,5.7,0,Public School Teacher,Living with Parents/Relatives,9,0,0,1
MRK-04954,delinquent,36,0.272,0.3284,0.468,3,0,0.334,23692.39,0,1,3.5,2,Tricycle / PUV Operator,Living with Parents/Relatives,12,0,1,0
MRK-04955,delinquent,24,0.671,0.4,0.59,1,1,0.047,6229.52,1,0,2.1,3,Sari-Sari / Small Retail,Owned (Inherited/Tax Dec),8,0,0,1
MRK-04956,delinquent,36,0.179,0.4095,0.406,2,1,0.103,13660.53,0,0,6.1,0,OFW Remittance / Dependent,Owned (Inherited/Tax Dec),8,0,0,0
MRK-04957,delinquent,12,0.477,0.8,0.625,1,2,0.009,19046.67,0,1,14.6,2,Tricycle / PUV Operator,Living with Parents/Relatives,6,0,0,1
MRK-04958,delinquent,36,0.362,0.3125,0.465,2,0,0.325,13027.93,0,0,3.7,3,Sari-Sari / Small Retail,Owned (Clean Title),3,0,1,0
MRK-04959,delinquent,36,0.174,0.5379,0.387,3,0,0.202,20007.89,1,0,12.1,3,Sari-Sari / Small Retail,Owned (Clean Title),10,0,1,0
MRK-04960,delinquent,12,0.737,0.6305,0.561,2,0,0.178,30937.7,0,0,10.6,3,Public School Teacher,Owned (Clean Title),4,0,0,0
MRK-04961,delinquent,36,0.059,0.1621,0.283,4,0,0.344,16673.91,0,0,14.6,4,BPO / Call Center Agent,Living with Parents/Relatives,11,0,0,0
MRK-04962,delinquent,12,0.16,0.7647,0.556,2,2,0.191,32220.71,0,0,12.6,4,Tricycle / PUV Operator,Living with Parents/Relatives,1,0,0,0
MRK-04963,delinquent,36,0.234,0.1834,0.552,2,0,0.207,6964.88,0,0,12.3,1,BPO / Call Center Agent,Owned (Inherited/Tax Dec),5,0,0,0
MRK-04964,delinquent,24,0.137,0.2763,0.626,1,2,0.074,6237.78,1,0,3.7,2,OFW Remittance / Dependent,Owned (Inherited/Tax Dec),9,0,1,1
MRK-04965,delinquent,24,0.345,0.2793,0.287,3,0,0.254,13744.47,0,0,5.1,1,Tricycle / PUV Operator,Owned (Inherited/Tax Dec),6,0,1,0
MRK-04966,delinquent,12,0.177,0.3641,0.388,2,2,0.071,16698.2,0,0,4.8,0,BPO / Call Center Agent,Living with Parents/Relatives,12,0,0,0
MRK-04967,delinquent,12,0.886,0.6982,0.585,1,3,0.093,15714.43,1,0,16.5,1,Tricycle / PUV Operator,Rented (Apartment/House),11,0,0,1
MRK-04968,delinquent,12,0.314,0.5263,0.258,4,0,0.345,52942.27,0,0,14.1,1,Employed (Private/Gov),Owned (Clean Title),4,0,1,1
MRK-04969,delinquent,24,0.819,0.3649,0.267,3,0,0.275,23559.05,0,0,3.7,2,Employed (Private/Gov),Owned (Inherited/Tax Dec),5,0,1,0
MRK-04970,delinquent,24,0.845,0.3345,0.669,1,3,0.096,7552.61,0,0,5.0,1,Public School Teacher,Owned (Clean Title),4,0,0,1
MRK-04971,delinquent,24,0.9,0.4351,0.565,2,0,0.106,11209.26,0,0,9.0,1,Tricycle / PUV Operator,Rented (Apartment/House),7,0,1,0
MRK-04972,delinquent,24,0.474,0.3938,0.586,1,2,0.12,5401.22,1,0,5.9,1,Tricycle / PUV Operator,Rented (Apartment/House),6,0,0,1
MRK-04973,delinquent,24,0.453,0.2287,0.477,2,2,0.071,10530.81,0,0,10.5,2,Tricycle / PUV Operator,Rented (Apartment/House),1,0,0,0
MRK-04974,delinquent,36,0.359,0.1915,0.382,2,0,0.138,8653.09,0,0,7.2,1,OFW Remittance / Dependent,Owned (Inherited/Tax Dec),11,0,0,0
MRK-04975,delinquent,24,0.934,0.3603,0.29,4,0,0.386,18623.97,0,0,13.2,1,Agri / Farmer / Fisherfolk,Rented (Apartment/House),8,0,1,0
MRK-04976,delinquent,12,0.19,0.6793,0.39,2,2,0.212,22129.67,1,0,5.9,2,Agri / Farmer / Fisherfolk,Owned (Clean Title),8,0,0,0
MRK-04977,delinquent,24,0.689,0.4631,0.362,3,0,0.446,26654.14,0,0,10.0,1,Employed (Private/Gov),Living with Parents/Relatives,6,0,1,0
MRK-04978,delinquent,24,0.316,0.3273,0.424,2,2,0.206,21246.93,0,0,12.7,1,Public School Teacher,Owned (Inherited/Tax Dec),3,0,0,0
MRK-04979,delinquent,12,0.052,0.5544,0.321,3,0,0.281,34949.58,0,0,17.9,3,Agri / Farmer / Fisherfolk,Owned (Clean Title),3,0,1,0
MRK-04980,delinquent,12,0.209,0.5106,0.378,3,0,0.223,44789.87,0,0,3.5,0,BPO / Call Center Agent,Living with Parents/Relatives,11,0,1,0
MRK-04981,delinquent,12,0.273,0.5866,0.552,2,0,0.199,24602.14,0,1,10.1,0,OFW Remittance / Dependent,Living with Parents/Relatives,5,0,0,0
MRK-04982,delinquent,12,0.618,0.3742,0.353,3,0,0.171,37005.63,0,1,5.5,1,OFW Remittance / Dependent,Rented (Apartment/House),4,0,1,0
MRK-04983,delinquent,12,0.144,0.4583,0.458,2,2,0.08,19754.67,0,0,17.5,0,Tricycle / PUV Operator,Living with Parents/Relatives,10,0,0,0
MRK-04984,delinquent,36,0.562,0.3093,0.358,4,0,0.282,28847.58,1,0,11.4,1,OFW Remittance / Dependent,Owned (Clean Title),5,0,1,0
MRK-04985,delinquent,24,0.319,0.3828,0.279,3,0,0.229,34849.27,0,0,10.3,0,Employed (Private/Gov),Owned (Inherited/Tax Dec),7,0,1,0
MRK-04986,delinquent,24,0.531,0.1899,0.719,1,2,0.034,4017.86,0,1,5.0,1,BPO / Call Center Agent,Rented (Apartment/House),7,0,0,1
MRK-04987,delinquent,24,0.313,0.243,0.603,1,3,0.076,6011.43,0,0,4.8,0,Public School Teacher,Owned (Clean Title),9,0,0,1
MRK-04988,delinquent,12,0.184,0.5097,0.352,4,0,0.493,35020.41,1,1,8.5,2,Tricycle / PUV Operator,Rented (Apartment/House),12,0,1,0
MRK-04989,delinquent,36,0.843,0.3939,0.398,2,0,0.204,14824.68,0,0,9.3,1,Tricycle / PUV Operator,Owned (Inherited/Tax Dec),11,0,0,0
MRK-04990,delinquent,36,0.702,0.2088,0.297,2,0,0.162,10415.67,0,0,3.8,1,OFW Remittance / Dependent,Owned (Clean Title),11,0,1,0
MRK-04991,delinquent,24,0.158,0.2758,0.162,4,0,0.508,16359.6,0,0,4.2,3,OFW Remittance / Dependent,Rented (Apartment/House),7,0,1,0
MRK-04992,delinquent,24,0.339,0.587,0.459,2,0,0.216,23534.59,0,1,18.8,0,Agri / Farmer / Fisherfolk,Owned (Clean Title),6,0,1,0
MRK-04993,delinquent,12,0.691,0.5492,0.336,3,0,0.367,35054.22,1,1,4.1,2,BPO / Call Center Agent,Owned (Clean Title),8,0,1,0
MRK-04994,delinquent,12,0.608,0.8,0.594,1,2,0.082,15138.1,0,0,13.8,1,Agri / Farmer / Fisherfolk,Rented (Apartment/House),1,0,0,1
MRK-04995,delinquent,12,0.666,0.3787,0.347,4,0,0.547,30768.47,1,0,11.0,1,Tricycle / PUV Operator,Living with Parents/Relatives,7,0,1,0
MRK-04996,delinquent,36,0.268,0.3459,0.181,3,0,0.403,21794.03,1,0,5.5,2,Public School Teacher,Living with Parents/Relatives,7,0,1,0
MRK-04997,delinquent,24,0.121,0.7513,0.475,2,0,0.271,21454.5,0,0,9.8,1,Sari-Sari / Small Retail,Owned (Clean Title),11,0,1,0
MRK-04998,delinquent,24,0.089,0.5022,0.576,2,1,0.053,17259.94,0,0,7.1,2,OFW Remittance / Dependent,Living with Parents/Relatives,10,0,0,0
MRK-04999,delinquent,24,0.606,0.4719,0.456,2,1,0.062,12694.77,0,0,9.6,0,Agri / Farmer / Fisherfolk,Living with Parents/Relatives,11,0,0,0
MRK-05000,delinquent,24,0.257,0.3671,0.457,3,0,0.378,25857.57,0,0,15.6,0,Public School Teacher,Owned (Clean Title),6,0,1,0
