survival_id,term_months,current_term,term_progress_ratio,dti_ratio,monthly_income,monthly_amortization,on_time_reliability,overdue_count,rebate_streak,partial_payment_ratio,ci_negative_flags,has_phone_bounce,employment_type,residential_ownership,marital_status,dependents_count,length_of_stay_years,hazard_phase,lifecycle_outcome,time_to_event_terms,completion_rate
SURV-00001,36,6,0.1667,0.1109,25270.8,2803.77,0.688,1,1,0.134,0,0,BPO / Call Center Agent,Rented (Apartment/House),Widowed,1,7.8,core_stability,defaulted,1,0.6234
SURV-00002,24,8,0.3333,0.1358,60136.13,8168.74,0.997,0,4,0.0,0,0,OFW Remittance / Dependent,Owned (Clean Title),Widowed,1,6.3,core_stability,completed,16,0.7264
SURV-00003,36,12,0.3333,0.1462,38037.42,5562.74,0.677,1,0,0.036,1,0,Public School Teacher,Rented (Apartment/House),Married,0,5.2,option_window,defaulted,0,0.7057
SURV-00004,36,24,0.6667,0.1033,24657.67,2547.38,0.822,1,0,0.045,0,0,Sari-Sari / Small Retail,Owned (Clean Title),Married,3,20.4,option_window,completed,12,0.7162
SURV-00005,12,8,0.6667,0.4249,32788.77,13932.41,0.525,4,1,0.396,1,0,Employed (Private/Gov),Rented (Apartment/House),Married,1,16.0,core_stability,defaulted,0,0.6465
SURV-00006,12,12,1.0,0.1838,47964.76,8818.26,0.725,0,2,0.019,0,0,Public School Teacher,Owned (Inherited/Tax Dec),Married,3,4.5,completion_phase,completed,0,0.7792
SURV-00007,36,10,0.2778,0.1289,16674.28,2149.19,0.668,0,3,0.038,0,0,Tricycle / PUV Operator,Owned (Inherited/Tax Dec),Widowed,2,6.1,core_stability,completed,26,0.6682
SURV-00008,24,4,0.1667,0.1478,44939.5,6643.55,0.686,1,2,0.003,0,0,Public School Teacher,Rented (Apartment/House),Married,1,4.5,onboarding_risk,defaulted,2,0.667
SURV-00009,12,5,0.4167,0.3411,30514.67,10409.93,0.439,3,0,0.282,1,0,BPO / Call Center Agent,Owned (Inherited/Tax Dec),Married,2,2.8,core_stability,defaulted,2,0.7084
SURV-00010,36,20,0.5556,0.1259,29103.51,3663.99,0.991,0,3,0.0,0,0,Public School Teacher,Owned (Inherited/Tax Dec),Widowed,2,13.0,option_window,completed,16,0.7555
SURV-00011,12,9,0.75,0.5911,17262.1,10204.38,0.53,1,0,0.432,1,1,Agri / Farmer / Fisherfolk,Owned (Clean Title),Married,1,3.6,completion_phase,completed,3,0.5686
SURV-00012,12,3,0.25,0.6037,20218.33,12206.2,0.644,4,1,0.195,0,1,Public School Teacher,Owned (Clean Title),Married,3,4.0,onboarding_risk,defaulted,2,0.639
SURV-00013,36,23,0.6389,0.0544,49558.56,2696.63,0.926,0,4,0.0,0,0,OFW Remittance / Dependent,Living with Parents/Relatives,Married,2,16.1,option_window,completed,13,0.7197
SURV-00014,36,26,0.7222,0.2562,16869.36,4321.88,0.435,4,0,0.259,0,0,Agri / Farmer / Fisherfolk,Rented (Apartment/House),Married,4,18.8,core_stability,defaulted,0,0.6082
SURV-00015,12,2,0.1667,0.3812,40578.56,15469.42,0.646,3,0,0.187,1,0,OFW Remittance / Dependent,Owned (Inherited/Tax Dec),Married,1,5.7,onboarding_risk,defaulted,4,0.7075
SURV-00016,12,10,0.8333,0.2425,23658.46,5737.37,0.519,2,0,0.34,1,0,Sari-Sari / Small Retail,Living with Parents/Relatives,Single,1,6.6,completion_phase,defaulted,0,0.7092
SURV-00017,24,22,0.9167,0.2164,20445.52,4424.21,0.327,1,1,0.302,0,0,Tricycle / PUV Operator,Owned (Inherited/Tax Dec),Married,1,2.7,completion_phase,defaulted,1,0.6601
SURV-00018,24,6,0.25,0.1122,42371.3,4752.9,0.622,0,1,0.046,0,0,OFW Remittance / Dependent,Rented (Apartment/House),Married,0,3.6,core_stability,completed,18,0.7095
SURV-00019,12,9,0.75,0.2909,36425.46,10596.98,0.697,1,1,0.079,0,0,Public School Teacher,Owned (Inherited/Tax Dec),Married,3,8.1,completion_phase,completed,3,0.7591
SURV-00020,36,33,0.9167,0.0711,60286.71,4286.77,0.869,0,2,0.0,0,0,OFW Remittance / Dependent,Owned (Inherited/Tax Dec),Married,2,2.7,completion_phase,completed,3,0.7547
SURV-00021,36,12,0.3333,0.1225,38401.62,4705.78,0.973,0,1,0.0,0,0,Public School Teacher,Owned (Clean Title),Single,1,7.2,option_window,completed,24,0.7306
SURV-00022,24,23,0.9583,0.0873,48124.21,4202.3,0.888,0,9,0.0,0,0,Employed (Private/Gov),Owned (Clean Title),Married,2,8.7,completion_phase,completed,1,0.8037
SURV-00023,12,7,0.5833,0.1817,40901.75,7431.0,0.668,1,1,0.107,0,0,Employed (Private/Gov),Owned (Inherited/Tax Dec),Married,3,11.4,core_stability,defaulted,1,0.7607
SURV-00024,12,5,0.4167,0.2521,23252.76,5861.33,0.679,1,1,0.066,1,0,OFW Remittance / Dependent,Owned (Inherited/Tax Dec),Single,2,13.6,core_stability,defaulted,2,0.7917
SURV-00025,12,12,1.0,0.6358,16342.69,10390.23,0.318,1,0,0.326,0,1,Agri / Farmer / Fisherfolk,Owned (Inherited/Tax Dec),Married,0,4.7,completion_phase,defaulted,0,0.6272
SURV-00026,36,16,0.4444,0.1808,32585.9,5891.52,0.722,0,3,0.08,0,0,Public School Teacher,Rented (Apartment/House),Married,0,22.5,option_window,completed,20,0.675
SURV-00027,36,35,0.9722,0.1225,32688.31,4004.7,0.482,2,1,0.39,1,1,Agri / Farmer / Fisherfolk,Owned (Clean Title),Single,3,3.7,completion_phase,defaulted,0,0.6459
SURV-00028,36,3,0.0833,0.2749,24005.18,6599.03,0.211,1,0,0.334,1,0,Agri / Farmer / Fisherfolk,Owned (Inherited/Tax Dec),Single,3,6.3,onboarding_risk,defaulted,5,0.5983
SURV-00029,24,23,0.9583,0.1876,41927.65,7864.69,0.641,1,3,0.037,0,0,Employed (Private/Gov),Owned (Clean Title),Married,1,17.9,completion_phase,defaulted,0,0.7238
SURV-00030,12,6,0.5,0.1345,38608.16,5192.51,0.654,0,1,0.13,0,0,Employed (Private/Gov),Living with Parents/Relatives,Single,2,1.1,core_stability,defaulted,0,0.7776
SURV-00031,24,20,0.8333,0.5081,12000.0,6097.78,0.351,3,1,0.279,0,0,Agri / Farmer / Fisherfolk,Owned (Clean Title),Married,1,6.5,core_stability,defaulted,1,0.613
SURV-00032,24,16,0.6667,0.3097,25387.84,7863.45,0.453,4,1,0.317,0,0,Tricycle / PUV Operator,Living with Parents/Relatives,Single,4,9.4,core_stability,defaulted,1,0.5948
SURV-00033,36,17,0.4722,0.1158,41238.06,4775.45,0.949,0,7,0.0,0,0,Public School Teacher,Living with Parents/Relatives,Single,0,5.1,option_window,completed,19,0.7479
SURV-00034,36,5,0.1389,0.1118,37915.17,4240.72,0.854,0,1,0.0,0,0,BPO / Call Center Agent,Owned (Inherited/Tax Dec),Widowed,0,13.8,core_stability,completed,31,0.6618
SURV-00035,36,25,0.6944,0.0697,71653.84,4993.33,0.988,0,9,0.0,0,0,OFW Remittance / Dependent,Rented (Apartment/House),Married,0,9.0,option_window,completed,11,0.7623
SURV-00036,36,22,0.6111,0.1753,33500.05,5874.15,0.772,0,3,0.106,0,0,Public School Teacher,Owned (Clean Title),Married,1,2.9,option_window,completed,14,0.6986
SURV-00037,24,20,0.8333,0.1849,41019.49,7583.29,0.645,0,3,0.115,0,0,Employed (Private/Gov),Rented (Apartment/House),Married,1,6.8,core_stability,completed,4,0.6649
SURV-00038,24,7,0.2917,0.3706,17225.47,6383.0,0.628,4,0,0.388,1,0,Tricycle / PUV Operator,Living with Parents/Relatives,Widowed,2,1.0,core_stability,defaulted,1,0.5657
SURV-00039,24,21,0.875,0.2567,30019.0,7705.92,0.747,0,3,0.068,0,0,BPO / Call Center Agent,Owned (Clean Title),Married,3,7.6,completion_phase,defaulted,1,0.7112
SURV-00040,24,7,0.2917,0.3754,18889.32,7091.44,0.416,3,1,0.371,0,0,Agri / Farmer / Fisherfolk,Rented (Apartment/House),Single,3,12.2,core_stability,defaulted,1,0.6228
SURV-00041,36,21,0.5833,0.1101,40223.51,4429.7,0.618,1,0,0.019,1,0,BPO / Call Center Agent,Owned (Inherited/Tax Dec),Single,1,1.9,option_window,defaulted,0,0.6893
SURV-00042,12,3,0.25,0.2472,41751.33,10321.3,0.717,0,3,0.05,1,0,Employed (Private/Gov),Owned (Clean Title),Married,2,7.3,onboarding_risk,completed,9,0.7602
SURV-00043,36,27,0.75,0.147,33387.94,4906.54,0.763,0,0,0.014,0,0,BPO / Call Center Agent,Owned (Inherited/Tax Dec),Single,1,2.0,core_stability,defaulted,1,0.6722
SURV-00044,24,15,0.625,0.183,36742.75,6722.56,0.613,1,1,0.049,0,0,Public School Teacher,Rented (Apartment/House),Married,0,7.7,core_stability,defaulted,0,0.7341
SURV-00045,24,5,0.2083,0.4942,18968.14,9374.35,0.507,2,0,0.396,0,0,Tricycle / PUV Operator,Owned (Clean Title),Single,1,2.3,core_stability,defaulted,3,0.5347
SURV-00046,24,22,0.9167,0.3736,16896.33,6312.93,0.394,2,0,0.311,0,0,BPO / Call Center Agent,Owned (Inherited/Tax Dec),Widowed,3,7.0,completion_phase,defaulted,1,0.6076
SURV-00047,24,2,0.0833,0.1461,30606.14,4471.54,0.841,1,2,0.142,0,0,BPO / Call Center Agent,Living with Parents/Relatives,Widowed,2,6.9,onboarding_risk,defaulted,5,0.7039
SURV-00048,24,12,0.5,0.2428,27300.96,6629.12,0.466,4,1,0.309,1,0,Employed (Private/Gov),Rented (Apartment/House),Single,1,5.7,option_window,defaulted,0,0.6959
SURV-00049,12,5,0.4167,0.1193,56250.47,6713.16,0.897,0,1,0.0,0,0,OFW Remittance / Dependent,Owned (Inherited/Tax Dec),Married,1,6.3,core_stability,completed,7,0.8682
SURV-00050,12,3,0.25,0.1795,30186.96,5417.9,0.637,1,0,0.063,0,0,Employed (Private/Gov),Living with Parents/Relatives,Widowed,3,7.7,onboarding_risk,defaulted,0,0.74
SURV-00051,12,12,1.0,0.4164,17725.26,7381.6,0.201,3,0,0.253,1,0,Sari-Sari / Small Retail,Owned (Clean Title),Widowed,1,2.6,completion_phase,defaulted,0,0.591
SURV-00052,24,12,0.5,0.1979,33664.38,6663.1,0.339,4,0,0.304,1,0,Sari-Sari / Small Retail,Owned (Clean Title),Married,3,3.1,option_window,defaulted,0,0.6493
SURV-00053,24,9,0.375,0.2521,30210.26,7616.86,0.33,2,0,0.22,0,0,Employed (Private/Gov),Living with Parents/Relatives,Widowed,3,9.3,core_stability,defaulted,1,0.6793
SURV-00054,24,6,0.25,0.1349,56259.08,7588.13,0.618,0,3,0.034,0,0,OFW Remittance / Dependent,Living with Parents/Relatives,Single,1,4.3,core_stability,defaulted,0,0.7426
SURV-00055,24,9,0.375,0.3157,26469.93,8356.45,0.236,3,0,0.235,0,0,BPO / Call Center Agent,Owned (Inherited/Tax Dec),Married,0,4.4,core_stability,defaulted,0,0.6579
SURV-00056,36,5,0.1389,0.1312,30678.74,4024.06,0.708,1,0,0.058,0,0,Public School Teacher,Owned (Inherited/Tax Dec),Married,3,3.3,core_stability,completed,31,0.699
SURV-00057,36,34,0.9444,0.1447,20907.58,3025.71,0.694,1,1,0.12,0,0,Sari-Sari / Small Retail,Living with Parents/Relatives,Married,0,9.2,completion_phase,defaulted,1,0.7037
SURV-00058,36,9,0.25,0.1296,19494.69,2527.42,0.634,1,0,0.152,0,0,Tricycle / PUV Operator,Owned (Inherited/Tax Dec),Widowed,2,4.4,core_stability,early_settled,7,0.6103
SURV-00059,12,2,0.1667,0.3451,26765.39,9237.95,0.297,2,0,0.192,0,1,Agri / Farmer / Fisherfolk,Owned (Clean Title),Married,0,14.3,onboarding_risk,defaulted,0,0.6753
SURV-00060,36,32,0.8889,0.1836,30261.55,5555.01,0.805,0,3,0.069,0,0,BPO / Call Center Agent,Owned (Clean Title),Single,1,6.3,core_stability,completed,4,0.7097
SURV-00061,12,9,0.75,0.4019,21150.23,8499.63,0.285,3,0,0.385,1,0,Agri / Farmer / Fisherfolk,Living with Parents/Relatives,Married,3,9.8,completion_phase,defaulted,0,0.5899
SURV-00062,36,5,0.1389,0.2227,25155.72,5601.18,0.412,4,0,0.202,0,1,Employed (Private/Gov),Living with Parents/Relatives,Single,2,4.3,core_stability,defaulted,4,0.7002
SURV-00063,24,23,0.9583,0.3051,26372.63,8046.98,0.253,3,1,0.245,0,0,Public School Teacher,Rented (Apartment/House),Single,0,11.4,completion_phase,defaulted,1,0.6687
SURV-00064,36,26,0.7222,0.2364,13507.14,3192.49,0.343,2,0,0.21,1,0,Tricycle / PUV Operator,Living with Parents/Relatives,Widowed,0,9.0,core_stability,defaulted,1,0.6123
SURV-00065,36,5,0.1389,0.1986,32834.91,6519.51,0.725,1,1,0.065,0,0,BPO / Call Center Agent,Owned (Inherited/Tax Dec),Married,0,3.6,core_stability,completed,31,0.6048
SURV-00066,36,3,0.0833,0.28,22450.61,6287.09,0.571,2,0,0.229,0,0,Sari-Sari / Small Retail,Owned (Clean Title),Widowed,0,3.3,onboarding_risk,defaulted,6,0.6109
SURV-00067,12,9,0.75,0.3477,23993.71,8342.37,0.578,1,0,0.174,0,1,Tricycle / PUV Operator,Owned (Inherited/Tax Dec),Single,2,4.6,completion_phase,defaulted,1,0.6425
SURV-00068,36,4,0.1111,0.1033,57828.1,5976.49,0.879,0,2,0.0,0,0,OFW Remittance / Dependent,Owned (Clean Title),Married,1,9.0,onboarding_risk,completed,32,0.7343
SURV-00069,12,4,0.3333,0.8341,19065.37,15901.62,0.581,3,1,0.356,0,0,Sari-Sari / Small Retail,Owned (Inherited/Tax Dec),Widowed,0,5.9,onboarding_risk,defaulted,1,0.5706
SURV-00070,36,16,0.4444,0.0627,67366.1,4224.43,0.916,0,10,0.0,0,0,OFW Remittance / Dependent,Living with Parents/Relatives,Single,0,9.4,option_window,completed,20,0.7562
SURV-00071,36,9,0.25,0.1201,48164.62,5786.29,0.747,0,1,0.106,0,0,OFW Remittance / Dependent,Owned (Inherited/Tax Dec),Single,3,4.7,core_stability,defaulted,1,0.7142
SURV-00072,24,11,0.4583,0.0644,54542.09,3513.81,0.999,0,8,0.0,0,0,OFW Remittance / Dependent,Owned (Clean Title),Single,1,12.0,option_window,early_settled,0,0.8709
SURV-00073,36,22,0.6111,0.1797,13046.76,2345.08,0.731,0,3,0.036,0,0,Employed (Private/Gov),Owned (Clean Title),Widowed,1,3.2,option_window,defaulted,1,0.6852
SURV-00074,24,11,0.4583,0.2888,17621.19,5088.94,0.283,3,0,0.404,0,0,Tricycle / PUV Operator,Owned (Inherited/Tax Dec),Single,1,5.6,option_window,completed,13,0.6652
SURV-00075,24,9,0.375,0.3115,12000.0,3737.86,0.517,4,1,0.227,1,0,Tricycle / PUV Operator,Owned (Inherited/Tax Dec),Single,1,8.4,core_stability,defaulted,0,0.6819
SURV-00076,36,13,0.3611,0.0696,57137.96,3976.79,0.716,0,1,0.089,0,0,OFW Remittance / Dependent,Rented (Apartment/House),Widowed,1,1.7,option_window,defaulted,0,0.6495
SURV-00077,36,13,0.3611,0.0649,39755.02,2579.88,0.95,0,8,0.0,0,0,BPO / Call Center Agent,Living with Parents/Relatives,Single,1,5.7,option_window,completed,23,0.6692
SURV-00078,12,8,0.6667,0.5238,18826.23,9861.58,0.432,3,0,0.329,0,0,Sari-Sari / Small Retail,Owned (Clean Title),Single,3,10.2,core_stability,defaulted,1,0.5371
SURV-00079,36,20,0.5556,0.0696,30794.14,2143.38,0.98,0,12,0.0,0,0,Employed (Private/Gov),Living with Parents/Relatives,Married,2,4.7,option_window,completed,16,0.6934
SURV-00080,12,10,0.8333,0.2906,37241.96,10821.93,0.405,2,1,0.286,1,1,OFW Remittance / Dependent,Rented (Apartment/House),Widowed,2,5.7,completion_phase,defaulted,1,0.7222
SURV-00081,12,3,0.25,0.1723,34951.1,6021.8,0.853,0,2,0.0,0,0,Employed (Private/Gov),Owned (Clean Title),Married,2,8.1,onboarding_risk,early_settled,9,0.7502
SURV-00082,24,21,0.875,0.0933,48945.03,4567.86,0.806,1,1,0.035,0,0,Public School Teacher,Rented (Apartment/House),Single,0,3.6,completion_phase,defaulted,1,0.7004
SURV-00083,24,1,0.0417,0.1942,34737.66,6746.81,0.624,0,3,0.091,0,0,Employed (Private/Gov),Owned (Clean Title),Single,0,8.1,onboarding_risk,defaulted,5,0.7686
SURV-00084,12,3,0.25,0.3804,23713.49,9020.3,0.21,4,1,0.441,0,0,BPO / Call Center Agent,Rented (Apartment/House),Married,2,8.7,onboarding_risk,defaulted,1,0.7179
SURV-00085,24,20,0.8333,0.2555,13525.02,3456.13,0.632,2,0,0.318,0,1,Agri / Farmer / Fisherfolk,Owned (Clean Title),Widowed,2,6.5,core_stability,defaulted,0,0.6727
SURV-00086,24,5,0.2083,0.1191,65360.45,7781.48,0.977,0,3,0.0,0,0,OFW Remittance / Dependent,Owned (Inherited/Tax Dec),Widowed,2,1.1,core_stability,completed,19,0.6768
SURV-00087,24,2,0.0833,0.1819,24200.37,4401.65,0.83,0,0,0.061,0,0,BPO / Call Center Agent,Rented (Apartment/House),Married,1,5.6,onboarding_risk,completed,22,0.6874
SURV-00088,12,9,0.75,0.3773,16961.57,6400.37,0.571,4,0,0.177,0,0,Agri / Farmer / Fisherfolk,Rented (Apartment/House),Married,1,5.9,completion_phase,defaulted,1,0.6465
SURV-00089,12,2,0.1667,0.6046,17103.07,10339.93,0.365,4,1,0.37,0,1,Tricycle / PUV Operator,Rented (Apartment/House),Married,2,5.4,onboarding_risk,defaulted,2,0.5831
SURV-00090,12,8,0.6667,0.1749,80869.63,14147.9,0.825,1,0,0.141,0,0,OFW Remittance / Dependent,Owned (Clean Title),Married,3,8.6,core_stability,defaulted,1,0.7863
SURV-00091,36,22,0.6111,0.2518,19098.06,4809.59,0.257,1,0,0.342,0,0,Sari-Sari / Small Retail,Owned (Clean Title),Single,0,6.0,option_window,defaulted,0,0.7066
SURV-00092,36,2,0.0556,0.1816,35569.72,6460.26,0.844,0,2,0.124,0,0,Employed (Private/Gov),Living with Parents/Relatives,Married,3,5.4,onboarding_risk,completed,34,0.7257
SURV-00093,36,19,0.5278,0.0909,55729.46,5068.43,0.743,1,1,0.065,0,0,OFW Remittance / Dependent,Owned (Clean Title),Single,3,3.8,option_window,defaulted,1,0.7078
SURV-00094,12,11,0.9167,0.4379,25050.65,10970.29,0.329,4,0,0.43,0,1,Sari-Sari / Small Retail,Owned (Inherited/Tax Dec),Single,2,11.9,completion_phase,defaulted,0,0.7402
SURV-00095,12,9,0.75,0.4494,15886.98,7140.11,0.632,4,0,0.176,0,0,Agri / Farmer / Fisherfolk,Living with Parents/Relatives,Widowed,1,13.7,completion_phase,defaulted,1,0.5925
SURV-00096,24,4,0.1667,0.2146,26850.25,5762.84,0.645,1,1,0.132,1,0,OFW Remittance / Dependent,Owned (Clean Title),Married,3,5.8,onboarding_risk,completed,20,0.7097
SURV-00097,12,4,0.3333,0.3456,18884.74,6525.71,0.522,3,0,0.356,0,0,Tricycle / PUV Operator,Rented (Apartment/House),Single,1,3.2,onboarding_risk,defaulted,0,0.6012
SURV-00098,24,3,0.125,0.1418,44153.25,6260.6,0.937,0,2,0.0,0,0,Public School Teacher,Owned (Inherited/Tax Dec),Widowed,3,9.7,onboarding_risk,completed,21,0.7912
SURV-00099,24,1,0.0417,0.2034,24234.07,4928.17,0.221,4,1,0.235,1,0,Tricycle / PUV Operator,Owned (Inherited/Tax Dec),Single,3,9.3,onboarding_risk,defaulted,3,0.6519
SURV-00100,24,5,0.2083,0.1351,59714.98,8065.61,0.731,1,1,0.136,0,0,OFW Remittance / Dependent,Owned (Clean Title),Widowed,1,3.7,core_stability,completed,19,0.7412
SURV-00101,12,2,0.1667,0.4075,19416.88,7912.76,0.381,4,0,0.439,0,0,Agri / Farmer / Fisherfolk,Living with Parents/Relatives,Widowed,1,3.8,onboarding_risk,defaulted,2,0.5874
SURV-00102,24,1,0.0417,0.1017,36611.93,3724.52,0.968,0,1,0.0,0,0,OFW Remittance / Dependent,Owned (Inherited/Tax Dec),Married,0,2.2,onboarding_risk,completed,23,0.7544
SURV-00103,24,11,0.4583,0.3745,14984.38,5611.03,0.269,4,1,0.254,0,0,Tricycle / PUV Operator,Owned (Clean Title),Married,0,2.2,option_window,defaulted,1,0.5523
SURV-00104,24,7,0.2917,0.2626,32304.88,8483.27,0.589,3,0,0.341,0,0,BPO / Call Center Agent,Owned (Clean Title),Single,2,4.4,core_stability,defaulted,1,0.687
SURV-00105,24,4,0.1667,0.2631,19715.48,5186.77,0.461,4,0,0.281,0,0,Tricycle / PUV Operator,Owned (Inherited/Tax Dec),Widowed,0,3.3,onboarding_risk,defaulted,4,0.6411
SURV-00106,36,32,0.8889,0.1649,23562.25,3885.39,0.809,1,1,0.094,0,0,Agri / Farmer / Fisherfolk,Owned (Inherited/Tax Dec),Single,0,9.8,core_stability,completed,4,0.6458
SURV-00107,12,7,0.5833,0.7943,19159.06,15218.5,0.352,2,0,0.156,1,0,Tricycle / PUV Operator,Owned (Clean Title),Married,2,16.4,core_stability,defaulted,1,0.5678
SURV-00108,24,14,0.5833,0.1587,25514.75,4048.89,0.8,0,2,0.065,0,0,Employed (Private/Gov),Owned (Clean Title),Married,2,2.0,core_stability,early_settled,1,0.7464
SURV-00109,36,29,0.8056,0.0756,63115.11,4768.68,0.944,0,9,0.0,0,0,OFW Remittance / Dependent,Owned (Inherited/Tax Dec),Married,2,7.1,core_stability,completed,7,0.7432
SURV-00110,12,6,0.5,0.2023,47919.05,9692.71,0.817,0,0,0.099,0,0,Public School Teacher,Owned (Inherited/Tax Dec),Widowed,1,3.4,core_stability,completed,6,0.751
SURV-00111,12,10,0.8333,0.3728,21288.3,7935.26,0.32,4,0,0.165,1,1,Sari-Sari / Small Retail,Living with Parents/Relatives,Married,3,7.2,completion_phase,defaulted,1,0.6372
SURV-00112,36,11,0.3056,0.2434,22941.81,5583.63,0.746,0,1,0.082,1,0,BPO / Call Center Agent,Living with Parents/Relatives,Married,1,11.2,core_stability,completed,25,0.6548
SURV-00113,12,10,0.8333,0.2081,32936.18,6854.73,0.603,1,2,0.012,0,0,BPO / Call Center Agent,Owned (Inherited/Tax Dec),Married,0,7.3,completion_phase,defaulted,1,0.7019
SURV-00114,24,14,0.5833,0.2465,36269.24,8940.65,0.692,1,3,0.037,0,0,Employed (Private/Gov),Owned (Clean Title),Widowed,4,7.9,core_stability,completed,10,0.6911
SURV-00115,24,3,0.125,0.2399,32529.47,7804.4,0.587,1,1,0.355,0,0,BPO / Call Center Agent,Owned (Clean Title),Married,0,2.1,onboarding_risk,defaulted,1,0.6403
SURV-00116,36,12,0.3333,0.1926,33779.15,6507.13,0.807,0,3,0.015,0,0,BPO / Call Center Agent,Living with Parents/Relatives,Single,1,18.5,option_window,completed,24,0.6638
SURV-00117,24,23,0.9583,0.31,21622.81,6703.98,0.586,4,1,0.389,1,0,Tricycle / PUV Operator,Living with Parents/Relatives,Married,2,5.3,completion_phase,defaulted,1,0.6433
SURV-00118,24,1,0.0417,0.6275,12121.99,7606.93,0.473,3,0,0.166,0,0,Agri / Farmer / Fisherfolk,Owned (Clean Title),Married,1,5.0,onboarding_risk,defaulted,7,0.5301
SURV-00119,36,27,0.75,0.2635,23284.23,6134.53,0.619,2,0,0.151,1,0,Sari-Sari / Small Retail,Rented (Apartment/House),Married,3,12.0,core_stability,defaulted,1,0.5863
SURV-00120,36,12,0.3333,0.1478,22540.92,3331.58,0.391,4,0,0.445,1,1,Agri / Farmer / Fisherfolk,Living with Parents/Relatives,Married,3,8.9,option_window,defaulted,0,0.661
SURV-00121,36,36,1.0,0.1053,45123.57,4750.8,0.919,0,4,0.0,0,0,Public School Teacher,Rented (Apartment/House),Single,2,20.9,completion_phase,completed,0,0.715
SURV-00122,24,7,0.2917,0.3457,16222.95,5608.06,0.242,3,1,0.155,0,1,Agri / Farmer / Fisherfolk,Living with Parents/Relatives,Married,1,2.4,core_stability,completed,17,0.636
SURV-00123,36,14,0.3889,0.236,30394.77,7172.17,0.309,1,0,0.354,1,0,Sari-Sari / Small Retail,Rented (Apartment/House),Single,1,8.3,option_window,defaulted,0,0.5997
SURV-00124,24,4,0.1667,0.1703,46724.83,7959.0,0.951,0,1,0.0,0,0,Public School Teacher,Living with Parents/Relatives,Married,2,12.2,onboarding_risk,completed,20,0.7091
SURV-00125,36,8,0.2222,0.0893,25854.5,2309.0,0.913,0,4,0.0,0,0,BPO / Call Center Agent,Owned (Clean Title),Married,0,5.3,core_stability,completed,28,0.7314
SURV-00126,24,11,0.4583,0.5309,14547.17,7723.51,0.517,3,0,0.216,1,0,Agri / Farmer / Fisherfolk,Owned (Clean Title),Married,2,8.7,option_window,defaulted,0,0.5789
SURV-00127,36,35,0.9722,0.0555,55862.84,3098.11,0.86,0,8,0.0,0,0,OFW Remittance / Dependent,Owned (Inherited/Tax Dec),Married,0,5.4,completion_phase,completed,1,0.764
SURV-00128,12,12,1.0,0.3371,28236.89,9519.49,0.455,2,1,0.341,0,1,Employed (Private/Gov),Rented (Apartment/House),Single,0,7.5,completion_phase,defaulted,0,0.6533
SURV-00129,24,1,0.0417,0.158,27790.24,4390.53,0.31,4,1,0.408,0,0,Agri / Farmer / Fisherfolk,Owned (Inherited/Tax Dec),Married,2,4.8,onboarding_risk,defaulted,1,0.675
SURV-00130,24,13,0.5417,0.3402,26280.26,8940.73,0.541,3,0,0.44,0,0,Public School Teacher,Rented (Apartment/House),Single,1,4.2,option_window,defaulted,1,0.647
SURV-00131,12,7,0.5833,0.2847,39794.11,11329.92,0.661,0,3,0.11,0,0,Public School Teacher,Owned (Clean Title),Single,0,5.2,core_stability,defaulted,1,0.7577
SURV-00132,36,28,0.7778,0.1021,35268.42,3600.8,0.786,1,1,0.131,0,0,Public School Teacher,Rented (Apartment/House),Married,4,12.4,core_stability,defaulted,0,0.6617
SURV-00133,24,20,0.8333,0.1334,33448.84,4460.85,0.781,0,3,0.091,0,0,Public School Teacher,Rented (Apartment/House),Married,1,7.1,core_stability,completed,4,0.7335
SURV-00134,24,1,0.0417,0.1579,35137.06,5546.57,0.61,0,2,0.144,0,0,BPO / Call Center Agent,Owned (Inherited/Tax Dec),Widowed,3,3.1,onboarding_risk,defaulted,2,0.6911
SURV-00135,12,6,0.5,0.3372,21314.48,7186.4,0.487,3,0,0.223,0,1,Tricycle / PUV Operator,Rented (Apartment/House),Widowed,2,3.2,core_stability,defaulted,0,0.6398
SURV-00136,24,2,0.0833,0.2964,29944.38,8874.16,0.241,3,0,0.208,1,0,Public School Teacher,Rented (Apartment/House),Single,2,8.8,onboarding_risk,defaulted,1,0.6495
SURV-00137,24,12,0.5,0.1391,47773.81,6643.76,0.889,0,6,0.0,0,0,Public School Teacher,Owned (Clean Title),Widowed,4,5.9,option_window,early_settled,0,0.7921
SURV-00138,36,18,0.5,0.2524,20040.55,5059.08,0.449,4,0,0.29,0,0,Tricycle / PUV Operator,Owned (Inherited/Tax Dec),Married,3,12.4,option_window,defaulted,1,0.6242
SURV-00139,12,12,1.0,0.2269,41296.39,9370.67,0.686,0,2,0.075,0,0,OFW Remittance / Dependent,Owned (Clean Title),Widowed,1,3.0,completion_phase,early_settled,0,0.7153
SURV-00140,12,5,0.4167,0.3597,27117.31,9753.78,0.249,3,1,0.294,0,0,BPO / Call Center Agent,Owned (Clean Title),Widowed,2,7.3,core_stability,defaulted,0,0.6658
SURV-00141,36,11,0.3056,0.1017,23807.23,2420.08,0.555,1,0,0.29,0,0,Agri / Farmer / Fisherfolk,Living with Parents/Relatives,Widowed,1,3.6,core_stability,defaulted,0,0.6318
SURV-00142,12,7,0.5833,0.2024,59688.64,12079.39,0.609,0,1,0.113,1,0,OFW Remittance / Dependent,Owned (Inherited/Tax Dec),Married,1,6.4,core_stability,completed,5,0.7941
SURV-00143,24,11,0.4583,0.3864,19269.7,7444.86,0.246,1,1,0.246,0,1,Agri / Farmer / Fisherfolk,Living with Parents/Relatives,Married,0,7.3,option_window,defaulted,1,0.6059
SURV-00144,24,7,0.2917,0.0988,27082.05,2676.96,0.905,0,1,0.0,0,0,Public School Teacher,Owned (Clean Title),Married,0,5.5,core_stability,defaulted,1,0.8226
SURV-00145,36,36,1.0,0.108,24131.0,2606.87,0.84,0,2,0.049,0,0,BPO / Call Center Agent,Rented (Apartment/House),Widowed,2,17.6,completion_phase,completed,0,0.6764
SURV-00146,24,9,0.375,0.4259,21145.73,9006.75,0.368,2,0,0.319,0,0,Agri / Farmer / Fisherfolk,Living with Parents/Relatives,Single,1,4.1,core_stability,defaulted,0,0.5454
SURV-00147,36,30,0.8333,0.1317,33472.63,4407.81,0.666,1,0,0.107,0,0,Employed (Private/Gov),Rented (Apartment/House),Single,3,7.2,core_stability,defaulted,1,0.6927
SURV-00148,12,1,0.0833,0.7089,13098.58,9285.93,0.313,4,1,0.391,0,0,Agri / Farmer / Fisherfolk,Owned (Clean Title),Single,1,4.8,onboarding_risk,defaulted,5,0.62
SURV-00149,12,3,0.25,0.0626,79379.89,4972.81,0.751,0,0,0.09,0,0,OFW Remittance / Dependent,Rented (Apartment/House),Married,2,3.2,onboarding_risk,completed,9,0.8037
SURV-00150,36,4,0.1111,0.1793,18403.13,3299.19,0.747,0,2,0.019,0,0,Employed (Private/Gov),Living with Parents/Relatives,Single,1,9.5,onboarding_risk,defaulted,5,0.7195
SURV-00151,24,5,0.2083,0.4685,13655.9,6397.83,0.409,3,0,0.357,0,0,Agri / Farmer / Fisherfolk,Owned (Clean Title),Single,3,15.5,core_stability,defaulted,3,0.5528
SURV-00152,36,32,0.8889,0.3069,14110.09,4329.98,0.269,4,0,0.154,0,0,Tricycle / PUV Operator,Owned (Clean Title),Widowed,0,7.5,core_stability,defaulted,0,0.5771
SURV-00153,12,12,1.0,0.6444,19615.35,12640.87,0.224,1,1,0.417,1,0,Sari-Sari / Small Retail,Owned (Inherited/Tax Dec),Single,1,13.0,completion_phase,defaulted,0,0.5771
SURV-00154,24,18,0.75,0.1549,37939.42,5876.72,0.857,0,5,0.0,0,0,Public School Teacher,Owned (Clean Title),Married,2,10.5,core_stability,completed,6,0.771
SURV-00155,24,11,0.4583,0.3253,22897.99,7447.85,0.414,2,0,0.418,0,1,BPO / Call Center Agent,Owned (Clean Title),Widowed,4,6.3,option_window,defaulted,1,0.6671
SURV-00156,36,11,0.3056,0.403,18127.19,7305.12,0.53,3,0,0.185,1,1,Tricycle / PUV Operator,Living with Parents/Relatives,Widowed,2,4.8,core_stability,defaulted,0,0.567
SURV-00157,12,7,0.5833,0.3792,27518.28,10435.48,0.29,1,0,0.409,1,0,Tricycle / PUV Operator,Rented (Apartment/House),Married,1,10.1,core_stability,defaulted,1,0.5772
SURV-00158,24,18,0.75,0.3368,27579.57,9288.11,0.495,2,1,0.288,0,1,Employed (Private/Gov),Owned (Clean Title),Married,3,5.1,core_stability,completed,6,0.6793
SURV-00159,12,2,0.1667,0.3144,39350.01,12372.51,0.591,4,0,0.203,0,0,Public School Teacher,Rented (Apartment/House),Married,2,23.1,onboarding_risk,defaulted,0,0.7307
SURV-00160,36,24,0.6667,0.2544,21168.46,5384.3,0.565,3,0,0.218,0,0,Agri / Farmer / Fisherfolk,Owned (Inherited/Tax Dec),Married,0,6.8,option_window,defaulted,1,0.6193
SURV-00161,12,5,0.4167,0.242,37358.68,9042.16,0.83,1,3,0.101,0,0,Public School Teacher,Rented (Apartment/House),Single,1,6.3,core_stability,completed,7,0.7364
SURV-00162,36,31,0.8611,0.1527,43281.42,6608.43,0.976,0,12,0.0,0,0,Public School Teacher,Owned (Clean Title),Married,0,13.8,core_stability,early_settled,0,0.7157
SURV-00163,24,18,0.75,0.2235,41146.54,9197.43,0.823,1,1,0.018,0,0,Public School Teacher,Owned (Inherited/Tax Dec),Married,1,3.4,core_stability,completed,6,0.6988
SURV-00164,24,13,0.5417,0.4835,15905.28,7689.62,0.219,4,0,0.243,0,0,Tricycle / PUV Operator,Living with Parents/Relatives,Married,2,3.8,option_window,defaulted,1,0.5509
SURV-00165,36,20,0.5556,0.1399,33985.96,4753.54,0.942,0,3,0.0,0,0,Public School Teacher,Owned (Clean Title),Married,4,10.9,option_window,early_settled,4,0.7216
SURV-00166,24,1,0.0417,0.2153,41093.35,8848.78,0.493,2,1,0.352,0,0,OFW Remittance / Dependent,Rented (Apartment/House),Married,4,4.3,onboarding_risk,defaulted,4,0.667
SURV-00167,36,34,0.9444,0.1784,40927.51,7300.39,0.708,0,2,0.123,0,0,OFW Remittance / Dependent,Owned (Inherited/Tax Dec),Married,1,3.4,completion_phase,defaulted,1,0.7077
SURV-00168,12,6,0.5,0.2135,32705.82,6983.9,0.761,0,1,0.05,0,0,Employed (Private/Gov),Rented (Apartment/House),Married,1,11.1,core_stability,completed,6,0.7652
SURV-00169,24,23,0.9583,0.1401,28807.68,4037.18,0.847,1,0,0.123,1,0,BPO / Call Center Agent,Rented (Apartment/House),Married,2,4.4,completion_phase,completed,1,0.6587
SURV-00170,12,9,0.75,0.6061,16980.57,10292.72,0.513,4,0,0.36,0,0,Agri / Farmer / Fisherfolk,Owned (Clean Title),Widowed,0,1.0,completion_phase,defaulted,0,0.6051
SURV-00171,36,6,0.1667,0.0733,33980.35,2492.2,0.91,0,5,0.0,0,0,Public School Teacher,Living with Parents/Relatives,Married,0,9.9,core_stability,completed,30,0.7469
SURV-00172,36,23,0.6389,0.1121,32386.52,3631.18,0.602,1,1,0.128,0,0,BPO / Call Center Agent,Living with Parents/Relatives,Widowed,3,5.6,option_window,completed,13,0.6777
SURV-00173,24,7,0.2917,0.3253,22140.84,7202.51,0.529,2,0,0.285,0,1,BPO / Call Center Agent,Owned (Inherited/Tax Dec),Widowed,1,9.9,core_stability,completed,17,0.6642
SURV-00174,36,2,0.0556,0.0552,38964.43,2149.88,0.86,0,2,0.0,0,0,Public School Teacher,Owned (Clean Title),Single,1,5.5,onboarding_risk,completed,34,0.7773
SURV-00175,12,2,0.1667,0.5718,23190.47,13259.8,0.513,4,1,0.341,0,0,Agri / Farmer / Fisherfolk,Living with Parents/Relatives,Married,3,6.4,onboarding_risk,defaulted,3,0.5901
SURV-00176,36,17,0.4722,0.0894,60073.14,5371.55,0.894,0,1,0.0,0,0,OFW Remittance / Dependent,Living with Parents/Relatives,Married,1,11.6,option_window,completed,19,0.7599
SURV-00177,24,24,1.0,0.4348,19565.0,8506.85,0.585,4,0,0.315,0,0,Tricycle / PUV Operator,Rented (Apartment/House),Married,1,2.4,completion_phase,defaulted,0,0.5896
SURV-00178,12,8,0.6667,0.1479,48401.81,7157.89,0.967,0,4,0.0,0,0,OFW Remittance / Dependent,Living with Parents/Relatives,Widowed,0,5.8,core_stability,completed,4,0.7773
SURV-00179,24,24,1.0,0.1398,38550.38,5390.36,0.752,1,2,0.087,0,0,BPO / Call Center Agent,Living with Parents/Relatives,Married,2,8.3,completion_phase,completed,0,0.7243
SURV-00180,24,15,0.625,0.5849,13130.94,7679.84,0.316,1,1,0.321,1,1,Tricycle / PUV Operator,Owned (Clean Title),Married,1,6.7,core_stability,defaulted,0,0.5687
SURV-00181,12,5,0.4167,0.3965,13546.08,5370.83,0.388,4,0,0.442,0,1,Agri / Farmer / Fisherfolk,Rented (Apartment/House),Married,4,8.5,core_stability,defaulted,2,0.557
SURV-00182,36,13,0.3611,0.1785,36314.01,6482.99,0.898,0,4,0.0,0,0,OFW Remittance / Dependent,Owned (Inherited/Tax Dec),Single,1,13.4,option_window,completed,23,0.7019
SURV-00183,36,22,0.6111,0.1113,23724.45,2639.96,0.704,1,2,0.053,0,0,Agri / Farmer / Fisherfolk,Owned (Clean Title),Widowed,2,5.0,option_window,defaulted,0,0.6891
SURV-00184,36,22,0.6111,0.0707,37665.43,2664.14,0.979,0,4,0.0,0,0,Public School Teacher,Owned (Inherited/Tax Dec),Married,1,6.2,option_window,completed,14,0.7351
SURV-00185,36,12,0.3333,0.1529,18626.74,2848.24,0.801,1,0,0.094,0,0,Tricycle / PUV Operator,Owned (Inherited/Tax Dec),Widowed,1,12.7,option_window,defaulted,0,0.7067
SURV-00186,24,7,0.2917,0.2376,31443.3,7470.66,0.832,0,3,0.092,1,0,Sari-Sari / Small Retail,Owned (Inherited/Tax Dec),Single,2,22.5,core_stability,early_settled,5,0.6644
SURV-00187,24,3,0.125,0.4009,14332.19,5746.13,0.587,2,0,0.348,0,0,Agri / Farmer / Fisherfolk,Living with Parents/Relatives,Single,2,7.8,onboarding_risk,defaulted,1,0.5476
SURV-00188,12,10,0.8333,0.2181,32640.82,7117.38,0.732,0,2,0.041,0,0,BPO / Call Center Agent,Living with Parents/Relatives,Widowed,1,9.2,completion_phase,completed,2,0.7545
SURV-00189,36,19,0.5278,0.3186,15090.23,4808.0,0.202,4,0,0.372,0,0,Agri / Farmer / Fisherfolk,Rented (Apartment/House),Widowed,0,3.1,option_window,defaulted,1,0.5142
SURV-00190,12,3,0.25,0.2703,20241.2,5471.2,0.362,4,0,0.382,0,1,Tricycle / PUV Operator,Owned (Inherited/Tax Dec),Single,0,10.9,onboarding_risk,defaulted,0,0.6893
SURV-00191,12,11,0.9167,0.5281,12000.0,6336.71,0.292,3,0,0.442,0,0,Agri / Farmer / Fisherfolk,Owned (Clean Title),Single,1,16.0,completion_phase,defaulted,0,0.5848
SURV-00192,24,19,0.7917,0.239,21664.67,5178.69,0.4,1,0,0.321,0,1,Sari-Sari / Small Retail,Living with Parents/Relatives,Married,1,5.5,core_stability,defaulted,1,0.7008
SURV-00193,24,12,0.5,0.2021,30962.76,6258.92,0.768,0,2,0.02,0,0,Employed (Private/Gov),Living with Parents/Relatives,Married,3,6.4,option_window,defaulted,0,0.7021
SURV-00194,36,20,0.5556,0.142,31477.02,4468.93,0.665,1,0,0.08,0,0,Employed (Private/Gov),Rented (Apartment/House),Married,2,1.7,option_window,defaulted,0,0.6674
SURV-00195,12,5,0.4167,0.2596,45561.19,11829.59,0.682,0,0,0.121,0,0,Public School Teacher,Rented (Apartment/House),Widowed,1,5.8,core_stability,completed,7,0.7346
SURV-00196,12,2,0.1667,0.2437,62276.95,15177.95,0.36,1,1,0.171,0,1,OFW Remittance / Dependent,Rented (Apartment/House),Married,4,10.3,onboarding_risk,defaulted,5,0.7279
SURV-00197,36,5,0.1389,0.147,28583.01,4202.13,0.341,1,0,0.267,0,0,Sari-Sari / Small Retail,Rented (Apartment/House),Married,0,4.5,core_stability,completed,31,0.6485
SURV-00198,12,7,0.5833,0.2562,22485.71,5760.75,0.637,3,0,0.401,0,1,Sari-Sari / Small Retail,Owned (Clean Title),Married,2,4.4,core_stability,defaulted,1,0.7372
SURV-00199,24,3,0.125,0.2066,31704.76,6549.81,0.46,1,1,0.231,1,1,Sari-Sari / Small Retail,Living with Parents/Relatives,Married,2,3.4,onboarding_risk,defaulted,4,0.6703
SURV-00200,12,7,0.5833,0.7116,19072.1,13571.85,0.238,1,0,0.21,0,0,Sari-Sari / Small Retail,Owned (Clean Title),Married,0,5.2,core_stability,defaulted,0,0.5585
SURV-00201,12,3,0.25,0.4574,23879.57,10921.41,0.201,3,0,0.253,0,0,BPO / Call Center Agent,Living with Parents/Relatives,Widowed,0,11.0,onboarding_risk,defaulted,0,0.6818
SURV-00202,12,8,0.6667,0.7219,12000.0,8662.37,0.494,1,1,0.247,0,1,Agri / Farmer / Fisherfolk,Living with Parents/Relatives,Married,0,6.9,core_stability,defaulted,1,0.5315
SURV-00203,24,17,0.7083,0.2744,18796.5,5157.16,0.305,3,1,0.328,0,0,Tricycle / PUV Operator,Living with Parents/Relatives,Married,1,17.1,core_stability,defaulted,1,0.6276
SURV-00204,36,22,0.6111,0.1508,34329.32,5178.22,0.937,0,10,0.0,0,0,BPO / Call Center Agent,Owned (Clean Title),Married,1,13.3,option_window,completed,14,0.7249
SURV-00205,36,23,0.6389,0.1541,24182.47,3725.61,0.687,0,2,0.094,0,0,Sari-Sari / Small Retail,Owned (Inherited/Tax Dec),Widowed,2,9.0,option_window,defaulted,0,0.758
SURV-00206,12,7,0.5833,0.1661,64119.58,10649.35,0.665,0,2,0.009,0,0,OFW Remittance / Dependent,Living with Parents/Relatives,Single,2,16.6,core_stability,completed,5,0.7107
SURV-00207,24,15,0.625,0.4108,18009.76,7398.57,0.383,3,0,0.244,1,0,Agri / Farmer / Fisherfolk,Owned (Clean Title),Widowed,1,13.0,core_stability,defaulted,1,0.5576
SURV-00208,36,18,0.5,0.124,56587.4,7016.82,0.917,0,3,0.0,0,0,OFW Remittance / Dependent,Owned (Inherited/Tax Dec),Single,1,14.5,option_window,early_settled,4,0.6907
SURV-00209,36,3,0.0833,0.1795,24711.85,4436.32,0.693,1,3,0.14,0,0,Agri / Farmer / Fisherfolk,Owned (Clean Title),Married,2,10.5,onboarding_risk,defaulted,4,0.6662
SURV-00210,12,11,0.9167,0.4733,26257.31,12426.47,0.339,3,0,0.432,0,0,Tricycle / PUV Operator,Owned (Clean Title),Married,1,8.1,completion_phase,defaulted,1,0.5804
SURV-00211,24,14,0.5833,0.1313,59442.0,7806.81,0.959,0,10,0.0,0,0,OFW Remittance / Dependent,Living with Parents/Relatives,Widowed,0,5.1,core_stability,early_settled,0,0.7621
SURV-00212,12,4,0.3333,0.719,12231.29,8793.91,0.339,3,0,0.404,0,1,Agri / Farmer / Fisherfolk,Owned (Clean Title),Married,2,13.8,onboarding_risk,defaulted,1,0.5955
SURV-00213,12,9,0.75,0.2121,33612.79,7128.59,0.732,1,1,0.078,0,0,OFW Remittance / Dependent,Owned (Inherited/Tax Dec),Single,2,4.5,completion_phase,early_settled,1,0.7252
SURV-00214,24,9,0.375,0.1927,32677.61,6295.45,0.498,3,0,0.295,0,0,Employed (Private/Gov),Rented (Apartment/House),Single,3,2.3,core_stability,completed,15,0.5981
SURV-00215,36,20,0.5556,0.3286,17038.97,5598.49,0.268,1,0,0.375,0,0,Agri / Farmer / Fisherfolk,Owned (Inherited/Tax Dec),Widowed,2,21.5,option_window,defaulted,1,0.541
SURV-00216,36,24,0.6667,0.2847,20319.29,5785.18,0.65,1,1,0.287,1,0,Sari-Sari / Small Retail,Rented (Apartment/House),Married,3,9.9,option_window,completed,12,0.6219
SURV-00217,36,32,0.8889,0.1731,21045.44,3642.59,0.737,0,3,0.134,1,0,Sari-Sari / Small Retail,Owned (Inherited/Tax Dec),Married,2,3.9,core_stability,defaulted,1,0.6848
SURV-00218,36,29,0.8056,0.0991,34826.65,3452.37,0.801,0,0,0.084,0,0,BPO / Call Center Agent,Rented (Apartment/House),Widowed,2,17.6,core_stability,early_settled,0,0.7026
SURV-00219,36,6,0.1667,0.2848,21508.95,6126.65,0.209,4,1,0.208,1,0,BPO / Call Center Agent,Rented (Apartment/House),Married,2,17.6,core_stability,defaulted,3,0.6428
SURV-00220,12,7,0.5833,0.6924,19541.95,13531.36,0.341,1,0,0.226,0,0,Tricycle / PUV Operator,Living with Parents/Relatives,Single,0,8.1,core_stability,defaulted,1,0.5528
SURV-00221,24,15,0.625,0.1053,30607.89,3223.99,0.931,0,5,0.0,0,0,Employed (Private/Gov),Owned (Clean Title),Married,0,20.5,core_stability,completed,9,0.7556
SURV-00222,36,16,0.4444,0.0872,30311.13,2644.14,0.781,0,1,0.109,0,0,Sari-Sari / Small Retail,Living with Parents/Relatives,Married,3,8.0,option_window,completed,20,0.7081
SURV-00223,24,6,0.25,0.1989,19498.3,3877.78,0.342,4,1,0.253,0,0,Agri / Farmer / Fisherfolk,Owned (Clean Title),Single,3,15.8,core_stability,defaulted,0,0.6794
SURV-00224,36,4,0.1111,0.2769,24779.09,6861.07,0.235,3,1,0.192,0,0,Sari-Sari / Small Retail,Owned (Inherited/Tax Dec),Single,2,3.7,onboarding_risk,defaulted,2,0.625
SURV-00225,12,12,1.0,0.9592,15951.07,15299.51,0.47,4,0,0.194,0,0,Agri / Farmer / Fisherfolk,Rented (Apartment/House),Married,2,8.4,completion_phase,defaulted,0,0.612
SURV-00226,24,19,0.7917,0.2205,25337.66,5587.51,0.29,2,1,0.182,0,0,Sari-Sari / Small Retail,Living with Parents/Relatives,Widowed,1,6.8,core_stability,defaulted,0,0.7163
SURV-00227,24,10,0.4167,0.1792,40205.07,7203.07,0.649,0,0,0.093,0,0,Public School Teacher,Rented (Apartment/House),Single,2,1.0,core_stability,completed,14,0.7062
SURV-00228,12,4,0.3333,0.4973,14001.93,6962.82,0.455,3,0,0.31,1,0,Tricycle / PUV Operator,Owned (Inherited/Tax Dec),Widowed,3,5.3,onboarding_risk,defaulted,2,0.5715
SURV-00229,12,5,0.4167,0.2424,40792.38,9886.49,0.815,0,1,0.011,0,0,Employed (Private/Gov),Living with Parents/Relatives,Widowed,0,6.7,core_stability,completed,7,0.7796
SURV-00230,36,3,0.0833,0.0881,28069.69,2472.92,0.684,1,3,0.046,0,0,Sari-Sari / Small Retail,Owned (Inherited/Tax Dec),Single,3,6.6,onboarding_risk,completed,33,0.6809
SURV-00231,36,21,0.5833,0.2548,21974.05,5598.59,0.207,3,1,0.353,1,0,Sari-Sari / Small Retail,Rented (Apartment/House),Married,4,15.8,option_window,defaulted,1,0.5666
SURV-00232,12,3,0.25,0.3629,18579.22,6741.66,0.313,4,1,0.388,0,0,Agri / Farmer / Fisherfolk,Living with Parents/Relatives,Single,2,7.2,onboarding_risk,defaulted,3,0.6401
SURV-00233,24,22,0.9167,0.0715,55190.95,3947.92,0.906,0,5,0.0,0,0,OFW Remittance / Dependent,Living with Parents/Relatives,Widowed,1,12.7,completion_phase,completed,2,0.7504
SURV-00234,36,15,0.4167,0.1852,16713.34,3095.88,0.359,4,1,0.16,0,0,Agri / Farmer / Fisherfolk,Rented (Apartment/House),Married,0,5.3,option_window,defaulted,0,0.6672
SURV-00235,24,13,0.5417,0.2234,23363.52,5219.39,0.836,1,1,0.069,0,0,Sari-Sari / Small Retail,Owned (Clean Title),Single,0,13.0,option_window,defaulted,1,0.6992
SURV-00236,24,9,0.375,0.1969,26465.52,5210.77,0.342,4,0,0.437,0,0,Sari-Sari / Small Retail,Living with Parents/Relatives,Single,4,2.0,core_stability,defaulted,1,0.6756
SURV-00237,24,21,0.875,0.109,45970.65,5011.61,0.898,0,11,0.0,0,0,Public School Teacher,Owned (Clean Title),Married,4,22.8,completion_phase,completed,3,0.7194
SURV-00238,12,11,0.9167,0.4316,33895.0,14627.98,0.226,4,0,0.158,0,0,BPO / Call Center Agent,Living with Parents/Relatives,Married,3,1.0,completion_phase,defaulted,1,0.6079
SURV-00239,36,25,0.6944,0.1817,36306.75,6597.65,0.66,1,1,0.027,0,0,Employed (Private/Gov),Owned (Clean Title),Married,0,7.3,option_window,completed,11,0.7302
SURV-00240,12,1,0.0833,0.2481,38293.48,9500.87,0.32,2,1,0.195,0,1,Employed (Private/Gov),Rented (Apartment/House),Married,1,12.1,onboarding_risk,completed,11,0.7454
SURV-00241,36,7,0.1944,0.2213,22060.99,4881.19,0.646,0,3,0.021,0,0,Sari-Sari / Small Retail,Owned (Clean Title),Married,1,8.0,core_stability,completed,29,0.6822
SURV-00242,12,5,0.4167,0.6362,22677.61,14426.46,0.54,4,0,0.393,1,0,Sari-Sari / Small Retail,Owned (Clean Title),Single,1,6.6,core_stability,defaulted,1,0.5607
SURV-00243,12,7,0.5833,0.4073,18814.89,7663.53,0.479,4,0,0.155,0,0,Employed (Private/Gov),Living with Parents/Relatives,Single,2,8.3,core_stability,defaulted,1,0.6858
SURV-00244,36,29,0.8056,0.0885,54952.59,4860.66,0.948,0,3,0.0,0,0,OFW Remittance / Dependent,Owned (Clean Title),Married,1,4.3,core_stability,completed,7,0.7422
SURV-00245,24,23,0.9583,0.0503,66054.01,3320.45,0.953,0,3,0.0,0,0,OFW Remittance / Dependent,Owned (Clean Title),Widowed,1,6.5,completion_phase,completed,1,0.8042
SURV-00246,12,8,0.6667,0.3898,16633.39,6483.34,0.285,1,0,0.384,0,0,BPO / Call Center Agent,Rented (Apartment/House),Married,3,2.2,core_stability,defaulted,1,0.637
SURV-00247,24,7,0.2917,0.1769,37660.83,6661.97,0.647,0,2,0.101,0,0,Public School Teacher,Rented (Apartment/House),Widowed,1,10.3,core_stability,defaulted,1,0.6891
SURV-00248,12,10,0.8333,0.2702,43394.11,11723.72,0.321,2,0,0.361,1,0,Employed (Private/Gov),Owned (Inherited/Tax Dec),Married,3,3.1,completion_phase,defaulted,0,0.7347
SURV-00249,36,10,0.2778,0.1123,41158.38,4620.63,0.676,1,3,0.093,0,0,OFW Remittance / Dependent,Owned (Clean Title),Widowed,3,4.2,core_stability,defaulted,0,0.7109
SURV-00250,36,13,0.3611,0.0761,34229.99,2605.72,0.907,0,1,0.0,0,0,Employed (Private/Gov),Owned (Clean Title),Married,2,7.5,option_window,completed,23,0.7509
SURV-00251,24,5,0.2083,0.4474,20555.49,9196.08,0.231,4,1,0.424,1,0,Tricycle / PUV Operator,Owned (Clean Title),Single,4,1.9,core_stability,defaulted,0,0.5772
SURV-00252,24,11,0.4583,0.1081,36857.8,3984.8,0.647,1,1,0.141,0,0,Public School Teacher,Rented (Apartment/House),Married,1,3.3,option_window,defaulted,0,0.6911
SURV-00253,36,22,0.6111,0.3578,16043.0,5739.86,0.555,2,1,0.215,1,0,Employed (Private/Gov),Living with Parents/Relatives,Married,1,8.5,option_window,defaulted,0,0.6376
SURV-00254,36,26,0.7222,0.0609,52370.81,3190.8,0.927,0,5,0.0,0,0,Public School Teacher,Owned (Inherited/Tax Dec),Married,2,4.4,core_stability,early_settled,0,0.7354
SURV-00255,12,6,0.5,0.3105,34633.79,10755.42,0.607,4,1,0.355,0,0,OFW Remittance / Dependent,Rented (Apartment/House),Married,4,10.5,core_stability,completed,6,0.6691
SURV-00256,12,12,1.0,0.6535,14338.72,9370.44,0.388,4,0,0.164,1,0,Agri / Farmer / Fisherfolk,Owned (Clean Title),Widowed,3,5.4,completion_phase,defaulted,0,0.5572
SURV-00257,36,6,0.1667,0.1858,28688.75,5329.76,0.657,0,0,0.059,0,0,Employed (Private/Gov),Living with Parents/Relatives,Married,0,5.5,core_stability,defaulted,0,0.7271
SURV-00258,36,16,0.4444,0.232,20967.1,4864.83,0.281,4,0,0.26,0,1,Tricycle / PUV Operator,Living with Parents/Relatives,Married,0,4.0,option_window,defaulted,0,0.6361
SURV-00259,24,12,0.5,0.1084,38291.24,4150.2,0.912,0,6,0.0,0,0,OFW Remittance / Dependent,Owned (Clean Title),Married,1,3.0,option_window,early_settled,0,0.7568
SURV-00260,12,12,1.0,0.2914,22372.93,6519.45,0.297,3,0,0.334,0,0,Sari-Sari / Small Retail,Owned (Inherited/Tax Dec),Single,4,14.1,completion_phase,defaulted,0,0.6967
SURV-00261,36,19,0.5278,0.0771,40863.98,3148.74,0.659,1,3,0.097,0,0,OFW Remittance / Dependent,Rented (Apartment/House),Married,3,13.3,option_window,defaulted,1,0.6912
SURV-00262,24,22,0.9167,0.3441,21130.0,7270.74,0.243,4,0,0.388,0,0,Tricycle / PUV Operator,Owned (Inherited/Tax Dec),Married,3,5.7,completion_phase,defaulted,0,0.5905
SURV-00263,12,2,0.1667,0.5257,17435.13,9165.96,0.542,1,0,0.445,1,1,Agri / Farmer / Fisherfolk,Rented (Apartment/House),Widowed,2,6.4,onboarding_risk,defaulted,1,0.5987
SURV-00264,24,8,0.3333,0.1778,26247.37,4667.19,0.359,1,0,0.295,0,0,Sari-Sari / Small Retail,Rented (Apartment/House),Single,3,6.5,core_stability,defaulted,0,0.6642
SURV-00265,36,2,0.0556,0.1698,30980.51,5260.66,0.671,1,2,0.095,0,0,BPO / Call Center Agent,Owned (Inherited/Tax Dec),Widowed,2,1.4,onboarding_risk,defaulted,6,0.6053
SURV-00266,12,7,0.5833,0.456,23248.97,10601.35,0.415,4,1,0.192,0,1,BPO / Call Center Agent,Owned (Inherited/Tax Dec),Married,3,8.9,core_stability,defaulted,1,0.6328
SURV-00267,36,2,0.0556,0.2325,22194.11,5160.54,0.329,4,1,0.247,0,0,Sari-Sari / Small Retail,Living with Parents/Relatives,Widowed,0,5.3,onboarding_risk,defaulted,2,0.6278
SURV-00268,12,8,0.6667,0.5306,20391.31,10820.18,0.495,1,0,0.42,1,0,Agri / Farmer / Fisherfolk,Rented (Apartment/House),Married,0,6.5,core_stability,defaulted,0,0.5464
SURV-00269,24,12,0.5,0.1304,23688.98,3087.96,0.853,0,6,0.0,0,0,Employed (Private/Gov),Owned (Inherited/Tax Dec),Widowed,0,6.8,option_window,completed,12,0.6976
SURV-00270,24,13,0.5417,0.4367,15481.12,6760.52,0.641,4,0,0.308,0,0,Tricycle / PUV Operator,Owned (Inherited/Tax Dec),Widowed,0,4.9,option_window,defaulted,0,0.5654
SURV-00271,12,11,0.9167,0.3297,21598.75,7121.24,0.274,4,1,0.174,1,0,Sari-Sari / Small Retail,Owned (Clean Title),Widowed,4,6.5,completion_phase,defaulted,1,0.6966
SURV-00272,12,5,0.4167,0.5515,23256.17,12824.86,0.438,3,1,0.353,0,0,Tricycle / PUV Operator,Rented (Apartment/House),Married,1,11.2,core_stability,defaulted,0,0.6267
SURV-00273,24,23,0.9583,0.3158,24678.92,7792.59,0.473,2,1,0.227,1,1,Employed (Private/Gov),Living with Parents/Relatives,Widowed,3,5.5,completion_phase,defaulted,1,0.6238
SURV-00274,36,8,0.2222,0.2799,18922.63,5295.73,0.221,4,0,0.194,0,0,Agri / Farmer / Fisherfolk,Rented (Apartment/House),Married,1,5.7,core_stability,defaulted,1,0.5384
SURV-00275,36,1,0.0278,0.209,25510.34,5331.39,0.822,0,3,0.057,0,0,Sari-Sari / Small Retail,Owned (Inherited/Tax Dec),Married,3,6.7,onboarding_risk,completed,35,0.6624
SURV-00276,12,4,0.3333,0.2694,26462.0,7128.19,0.413,1,0,0.423,0,0,BPO / Call Center Agent,Owned (Clean Title),Married,2,4.1,onboarding_risk,completed,8,0.7373
SURV-00277,12,11,0.9167,0.2475,32889.24,8140.76,0.637,4,0,0.403,0,1,Employed (Private/Gov),Living with Parents/Relatives,Married,0,2.1,completion_phase,defaulted,1,0.7186
SURV-00278,12,7,0.5833,0.3717,33862.45,12587.38,0.536,1,0,0.333,0,0,BPO / Call Center Agent,Owned (Inherited/Tax Dec),Married,0,7.3,core_stability,defaulted,0,0.6856
SURV-00279,12,8,0.6667,0.3354,23848.46,7999.61,0.316,4,0,0.436,0,1,BPO / Call Center Agent,Living with Parents/Relatives,Married,1,11.7,core_stability,defaulted,1,0.7052
SURV-00280,12,5,0.4167,0.4902,18122.01,8883.75,0.618,3,0,0.362,0,1,Sari-Sari / Small Retail,Living with Parents/Relatives,Single,1,7.3,core_stability,defaulted,1,0.6098
SURV-00281,12,8,0.6667,0.6845,17626.92,12066.19,0.385,2,0,0.281,0,0,Agri / Farmer / Fisherfolk,Owned (Inherited/Tax Dec),Married,2,10.4,core_stability,defaulted,1,0.5623
SURV-00282,36,24,0.6667,0.1377,32275.86,4443.06,0.878,0,10,0.0,0,0,Employed (Private/Gov),Owned (Inherited/Tax Dec),Married,3,14.2,option_window,completed,12,0.7049
SURV-00283,24,22,0.9167,0.1974,23527.41,4645.35,0.47,1,1,0.401,1,0,Tricycle / PUV Operator,Owned (Clean Title),Married,4,19.5,completion_phase,defaulted,0,0.6592
SURV-00284,36,4,0.1111,0.1515,16729.08,2535.24,0.703,0,0,0.029,0,0,Tricycle / PUV Operator,Owned (Clean Title),Single,0,10.6,onboarding_risk,completed,32,0.6883
SURV-00285,24,18,0.75,0.1362,30546.01,4161.48,0.734,1,3,0.138,0,0,Sari-Sari / Small Retail,Rented (Apartment/House),Single,2,12.8,core_stability,defaulted,1,0.6527
SURV-00286,12,9,0.75,0.3677,18326.34,6737.79,0.234,4,1,0.409,0,1,Tricycle / PUV Operator,Living with Parents/Relatives,Married,1,13.9,completion_phase,defaulted,1,0.6527
SURV-00287,12,2,0.1667,0.319,24628.18,7857.6,0.472,1,1,0.349,1,0,Sari-Sari / Small Retail,Owned (Inherited/Tax Dec),Married,4,5.5,onboarding_risk,defaulted,1,0.7475
SURV-00288,12,10,0.8333,0.3695,16283.98,6016.41,0.369,1,0,0.195,1,1,Agri / Farmer / Fisherfolk,Living with Parents/Relatives,Widowed,2,3.2,completion_phase,defaulted,0,0.6326
SURV-00289,12,11,0.9167,0.6875,17803.62,12239.86,0.229,4,1,0.411,0,0,Sari-Sari / Small Retail,Owned (Inherited/Tax Dec),Single,2,5.9,completion_phase,defaulted,1,0.5879
SURV-00290,12,12,1.0,0.3795,15948.65,6052.2,0.596,3,0,0.239,0,0,Tricycle / PUV Operator,Living with Parents/Relatives,Widowed,0,3.9,completion_phase,completed,0,0.6366
SURV-00291,12,12,1.0,0.1985,38165.73,7576.71,0.999,0,2,0.0,0,0,Public School Teacher,Owned (Inherited/Tax Dec),Single,1,10.6,completion_phase,early_settled,0,0.7904
SURV-00292,24,21,0.875,0.2663,30977.42,8250.34,0.297,3,1,0.155,0,1,Sari-Sari / Small Retail,Rented (Apartment/House),Widowed,4,4.8,completion_phase,defaulted,1,0.6123
SURV-00293,12,3,0.25,0.2972,23443.3,6968.49,0.633,1,0,0.03,0,0,Public School Teacher,Living with Parents/Relatives,Married,1,11.0,onboarding_risk,defaulted,3,0.7524
SURV-00294,36,9,0.25,0.4151,12000.0,4981.44,0.344,2,0,0.245,0,0,Sari-Sari / Small Retail,Owned (Inherited/Tax Dec),Married,1,10.7,core_stability,defaulted,0,0.5975
SURV-00295,12,6,0.5,0.3504,19719.2,6908.95,0.386,2,0,0.363,0,0,Tricycle / PUV Operator,Owned (Clean Title),Widowed,4,7.0,core_stability,defaulted,0,0.6862
SURV-00296,36,36,1.0,0.1141,31040.02,3541.07,0.668,1,0,0.022,0,0,BPO / Call Center Agent,Living with Parents/Relatives,Married,4,6.4,completion_phase,completed,0,0.6876
SURV-00297,36,20,0.5556,0.1274,34154.76,4351.67,0.879,0,8,0.0,0,0,Employed (Private/Gov),Owned (Inherited/Tax Dec),Single,2,7.8,option_window,completed,16,0.705
SURV-00298,36,4,0.1111,0.153,21834.83,3341.58,0.306,4,1,0.191,1,0,Tricycle / PUV Operator,Rented (Apartment/House),Married,1,9.2,onboarding_risk,defaulted,5,0.63
SURV-00299,24,11,0.4583,0.4258,17877.99,7612.84,0.503,2,0,0.301,0,0,Agri / Farmer / Fisherfolk,Rented (Apartment/House),Married,2,7.9,option_window,defaulted,1,0.5448
SURV-00300,12,9,0.75,0.6098,21664.64,13211.66,0.608,4,0,0.313,1,0,Sari-Sari / Small Retail,Owned (Clean Title),Single,2,6.1,completion_phase,defaulted,1,0.5849
SURV-00301,12,7,0.5833,0.0717,72099.2,5169.76,0.982,0,7,0.0,0,0,OFW Remittance / Dependent,Rented (Apartment/House),Married,1,11.9,core_stability,defaulted,0,0.8088
SURV-00302,12,1,0.0833,0.2911,41256.89,12009.14,0.454,2,0,0.353,0,0,Employed (Private/Gov),Owned (Inherited/Tax Dec),Married,0,4.2,onboarding_risk,defaulted,4,0.7117
SURV-00303,24,13,0.5417,0.2073,37070.93,7683.65,0.826,1,3,0.07,0,0,Employed (Private/Gov),Living with Parents/Relatives,Married,2,7.2,option_window,defaulted,0,0.7192
SURV-00304,24,17,0.7083,0.1236,46610.81,5761.88,0.952,0,8,0.0,0,0,Public School Teacher,Owned (Clean Title),Married,2,4.7,core_stability,early_settled,0,0.738
SURV-00305,24,5,0.2083,0.1703,38239.51,6511.51,0.847,1,3,0.139,0,0,BPO / Call Center Agent,Living with Parents/Relatives,Married,2,1.0,core_stability,defaulted,3,0.7106
SURV-00306,24,11,0.4583,0.2506,26662.2,6682.32,0.567,1,1,0.313,0,0,Sari-Sari / Small Retail,Rented (Apartment/House),Single,4,4.0,option_window,defaulted,1,0.5962
SURV-00307,36,17,0.4722,0.066,48394.56,3194.37,0.911,0,11,0.0,0,0,Employed (Private/Gov),Owned (Clean Title),Married,4,7.7,option_window,completed,19,0.7421
SURV-00308,36,3,0.0833,0.0802,37693.98,3023.33,0.881,0,1,0.0,0,0,Public School Teacher,Owned (Inherited/Tax Dec),Widowed,2,5.7,onboarding_risk,completed,33,0.7183
SURV-00309,24,18,0.75,0.0697,53085.09,3700.05,0.92,0,12,0.0,0,0,OFW Remittance / Dependent,Owned (Clean Title),Married,0,4.1,core_stability,completed,6,0.7656
SURV-00310,36,1,0.0278,0.1564,23457.8,3668.71,0.824,0,3,0.004,0,0,Tricycle / PUV Operator,Living with Parents/Relatives,Single,1,6.7,onboarding_risk,completed,35,0.6081
SURV-00311,24,6,0.25,0.204,25875.18,5277.29,0.288,2,0,0.275,1,0,Tricycle / PUV Operator,Owned (Clean Title),Widowed,4,14.0,core_stability,defaulted,2,0.6625
SURV-00312,24,3,0.125,0.2311,31519.79,7283.95,0.34,4,0,0.285,0,0,Employed (Private/Gov),Living with Parents/Relatives,Single,0,3.9,onboarding_risk,defaulted,3,0.6585
SURV-00313,12,11,0.9167,0.4171,24502.81,10219.79,0.594,2,1,0.191,1,0,BPO / Call Center Agent,Owned (Inherited/Tax Dec),Widowed,1,12.4,completion_phase,defaulted,1,0.7085
SURV-00314,12,7,0.5833,0.5887,21871.65,12876.57,0.415,4,1,0.323,1,0,BPO / Call Center Agent,Owned (Inherited/Tax Dec),Married,3,13.0,core_stability,defaulted,0,0.6166
SURV-00315,24,8,0.3333,0.1855,27507.58,5102.98,0.76,1,3,0.014,0,0,Sari-Sari / Small Retail,Living with Parents/Relatives,Single,2,11.3,core_stability,completed,16,0.7335
SURV-00316,12,1,0.0833,0.1507,52388.97,7894.02,0.822,0,0,0.108,0,0,OFW Remittance / Dependent,Rented (Apartment/House),Single,1,5.2,onboarding_risk,completed,11,0.7917
SURV-00317,12,9,0.75,0.2732,26040.5,7113.68,0.251,3,1,0.372,1,0,Sari-Sari / Small Retail,Rented (Apartment/House),Single,2,4.4,completion_phase,defaulted,0,0.6576
SURV-00318,24,21,0.875,0.1857,31027.88,5762.18,0.611,1,1,0.046,1,0,Public School Teacher,Owned (Inherited/Tax Dec),Single,0,2.9,completion_phase,completed,3,0.7193
SURV-00319,36,22,0.6111,0.0938,27295.36,2558.97,0.709,1,2,0.053,1,0,Agri / Farmer / Fisherfolk,Owned (Inherited/Tax Dec),Single,3,9.8,option_window,completed,14,0.6679
SURV-00320,24,5,0.2083,0.331,15792.26,5227.3,0.429,2,0,0.372,0,1,Tricycle / PUV Operator,Owned (Inherited/Tax Dec),Married,3,8.8,core_stability,defaulted,1,0.6182
SURV-00321,24,4,0.1667,0.1547,33427.71,5171.65,0.835,1,3,0.026,0,0,Employed (Private/Gov),Owned (Inherited/Tax Dec),Married,2,1.9,onboarding_risk,completed,20,0.7381
SURV-00322,36,30,0.8333,0.1753,32124.53,5632.33,0.641,0,3,0.106,0,0,OFW Remittance / Dependent,Rented (Apartment/House),Widowed,2,5.4,core_stability,defaulted,1,0.6965
SURV-00323,12,6,0.5,0.4689,26598.08,12470.98,0.202,4,0,0.384,1,1,Employed (Private/Gov),Living with Parents/Relatives,Married,1,7.6,core_stability,defaulted,1,0.6307
SURV-00324,12,10,0.8333,0.36,39276.73,14140.23,0.532,2,1,0.299,1,1,Public School Teacher,Living with Parents/Relatives,Married,0,7.1,completion_phase,defaulted,1,0.711
SURV-00325,12,6,0.5,0.5095,19278.38,9822.41,0.57,2,0,0.202,0,0,Sari-Sari / Small Retail,Living with Parents/Relatives,Married,0,6.3,core_stability,defaulted,1,0.6047
SURV-00326,36,30,0.8333,0.1473,26161.95,3852.7,0.668,0,0,0.124,0,0,BPO / Call Center Agent,Owned (Inherited/Tax Dec),Married,1,4.4,core_stability,completed,6,0.6376
SURV-00327,24,15,0.625,0.1045,47213.08,4934.61,0.992,0,2,0.0,0,0,Employed (Private/Gov),Owned (Inherited/Tax Dec),Married,2,8.5,core_stability,completed,9,0.743
SURV-00328,12,10,0.8333,0.2891,43603.27,12605.07,0.295,1,0,0.293,1,0,Public School Teacher,Rented (Apartment/House),Married,0,13.6,completion_phase,defaulted,0,0.7025
SURV-00329,12,7,0.5833,0.1389,58266.36,8091.44,0.752,1,3,0.085,0,0,Public School Teacher,Rented (Apartment/House),Single,1,2.2,core_stability,completed,5,0.7888
SURV-00330,36,15,0.4167,0.1579,27063.45,4273.85,0.556,3,0,0.357,1,0,Tricycle / PUV Operator,Owned (Inherited/Tax Dec),Married,4,1.6,option_window,defaulted,0,0.5812
SURV-00331,36,25,0.6944,0.0408,65073.14,2651.85,0.906,0,9,0.0,0,0,OFW Remittance / Dependent,Rented (Apartment/House),Married,2,6.3,option_window,completed,11,0.7556
SURV-00332,12,9,0.75,0.4557,22541.15,10272.04,0.216,3,0,0.16,1,0,Agri / Farmer / Fisherfolk,Living with Parents/Relatives,Widowed,2,12.6,completion_phase,defaulted,0,0.6152
SURV-00333,36,14,0.3889,0.1715,20761.66,3560.27,0.562,4,0,0.364,0,0,Agri / Farmer / Fisherfolk,Rented (Apartment/House),Widowed,1,2.0,option_window,defaulted,1,0.5316
SURV-00334,36,4,0.1111,0.1009,42844.8,4323.15,0.95,0,2,0.0,0,0,Employed (Private/Gov),Owned (Clean Title),Married,1,3.3,onboarding_risk,completed,32,0.6588
SURV-00335,12,9,0.75,0.1203,42115.44,5068.04,0.962,0,7,0.0,0,0,Public School Teacher,Rented (Apartment/House),Married,1,10.3,completion_phase,early_settled,2,0.8459
SURV-00336,24,21,0.875,0.0954,57556.67,5488.63,0.931,0,5,0.0,0,0,OFW Remittance / Dependent,Living with Parents/Relatives,Single,4,9.9,completion_phase,early_settled,0,0.7103
SURV-00337,36,22,0.6111,0.2184,19949.11,4357.56,0.276,2,1,0.405,0,1,Tricycle / PUV Operator,Rented (Apartment/House),Widowed,3,7.3,option_window,defaulted,1,0.6433
SURV-00338,24,8,0.3333,0.3145,18240.52,5735.86,0.609,4,0,0.367,0,0,Tricycle / PUV Operator,Rented (Apartment/House),Widowed,3,4.5,core_stability,defaulted,0,0.5555
SURV-00339,12,3,0.25,0.352,38398.02,13515.93,0.808,1,0,0.109,0,0,Public School Teacher,Owned (Inherited/Tax Dec),Married,2,6.5,onboarding_risk,defaulted,3,0.7514
SURV-00340,12,7,0.5833,0.5433,23726.9,12890.21,0.261,2,1,0.319,1,0,Tricycle / PUV Operator,Rented (Apartment/House),Married,4,12.4,core_stability,defaulted,1,0.5623
SURV-00341,36,24,0.6667,0.2558,20145.89,5152.95,0.603,1,0,0.219,1,0,Agri / Farmer / Fisherfolk,Owned (Clean Title),Widowed,1,10.8,option_window,completed,12,0.6207
SURV-00342,36,33,0.9167,0.2831,17010.33,4814.91,0.445,4,1,0.357,0,0,Agri / Farmer / Fisherfolk,Owned (Inherited/Tax Dec),Married,4,11.1,completion_phase,defaulted,1,0.5754
SURV-00343,24,24,1.0,0.2604,20850.44,5429.14,0.257,2,1,0.321,0,0,BPO / Call Center Agent,Rented (Apartment/House),Single,2,6.5,completion_phase,defaulted,0,0.6505
SURV-00344,36,33,0.9167,0.1272,33894.65,4310.97,0.818,1,3,0.12,0,0,Employed (Private/Gov),Rented (Apartment/House),Single,1,4.9,completion_phase,defaulted,1,0.6279
SURV-00345,12,12,1.0,0.3339,15091.88,5039.53,0.313,2,0,0.376,1,0,Sari-Sari / Small Retail,Owned (Inherited/Tax Dec),Widowed,1,2.3,completion_phase,defaulted,0,0.6356
SURV-00346,36,8,0.2222,0.127,27570.54,3500.72,0.93,0,8,0.0,0,0,Employed (Private/Gov),Owned (Clean Title),Married,2,5.4,core_stability,early_settled,12,0.6972
SURV-00347,24,5,0.2083,0.253,28107.92,7112.48,0.319,1,0,0.2,0,1,Sari-Sari / Small Retail,Living with Parents/Relatives,Married,1,7.6,core_stability,defaulted,1,0.594
SURV-00348,24,9,0.375,0.2086,30947.22,6455.88,0.218,4,1,0.386,1,0,Sari-Sari / Small Retail,Owned (Clean Title),Single,2,3.7,core_stability,defaulted,0,0.6529
SURV-00349,36,35,0.9722,0.228,15916.03,3629.48,0.328,2,0,0.356,0,1,Agri / Farmer / Fisherfolk,Owned (Clean Title),Single,1,15.3,completion_phase,defaulted,1,0.5881
SURV-00350,24,24,1.0,0.0445,58203.62,2590.72,0.985,0,1,0.0,0,0,OFW Remittance / Dependent,Owned (Clean Title),Married,2,6.9,completion_phase,completed,0,0.8241
SURV-00351,12,12,1.0,0.4943,24956.19,12334.88,0.318,1,0,0.196,1,0,BPO / Call Center Agent,Owned (Clean Title),Single,0,13.2,completion_phase,defaulted,0,0.6856
SURV-00352,36,2,0.0556,0.2718,20404.61,5545.23,0.399,2,1,0.231,0,1,Tricycle / PUV Operator,Living with Parents/Relatives,Single,2,7.5,onboarding_risk,defaulted,7,0.6212
SURV-00353,12,4,0.3333,0.4359,31802.88,13862.79,0.383,1,0,0.332,0,0,Employed (Private/Gov),Rented (Apartment/House),Married,2,7.1,onboarding_risk,completed,8,0.6864
SURV-00354,36,19,0.5278,0.0637,62905.7,4005.79,0.91,0,5,0.0,0,0,OFW Remittance / Dependent,Owned (Clean Title),Married,3,13.3,option_window,completed,17,0.7353
SURV-00355,36,24,0.6667,0.1653,27568.98,4557.87,0.606,1,1,0.056,0,0,BPO / Call Center Agent,Owned (Clean Title),Single,1,9.9,option_window,completed,12,0.7025
SURV-00356,12,4,0.3333,0.3037,39162.03,11893.34,0.56,4,1,0.408,0,1,Public School Teacher,Rented (Apartment/House),Married,2,5.6,onboarding_risk,defaulted,1,0.6378
SURV-00357,12,6,0.5,0.6477,18857.31,12213.09,0.451,2,0,0.184,0,0,Tricycle / PUV Operator,Owned (Clean Title),Widowed,0,4.0,core_stability,defaulted,1,0.5274
SURV-00358,12,12,1.0,0.4131,14406.23,5950.51,0.453,4,0,0.159,0,1,Tricycle / PUV Operator,Owned (Inherited/Tax Dec),Married,1,4.0,completion_phase,defaulted,0,0.587
SURV-00359,36,19,0.5278,0.3318,18686.06,6199.79,0.333,3,0,0.367,0,0,Tricycle / PUV Operator,Owned (Inherited/Tax Dec),Single,1,6.7,option_window,defaulted,1,0.6247
SURV-00360,36,21,0.5833,0.1599,36506.69,5837.02,0.802,0,3,0.007,0,0,Public School Teacher,Rented (Apartment/House),Single,3,20.9,option_window,completed,15,0.692
SURV-00361,36,18,0.5,0.258,18325.54,4728.13,0.836,1,3,0.036,0,0,Employed (Private/Gov),Living with Parents/Relatives,Single,1,6.0,option_window,completed,18,0.6004
SURV-00362,36,8,0.2222,0.2249,18604.68,4183.57,0.356,1,0,0.416,0,0,Sari-Sari / Small Retail,Living with Parents/Relatives,Single,1,3.0,core_stability,defaulted,0,0.6173
SURV-00363,24,9,0.375,0.0801,61344.86,4916.03,0.947,0,7,0.0,0,0,OFW Remittance / Dependent,Living with Parents/Relatives,Married,2,8.7,core_stability,completed,15,0.7468
SURV-00364,24,9,0.375,0.1191,28492.32,3393.33,0.835,1,2,0.101,0,0,Sari-Sari / Small Retail,Owned (Inherited/Tax Dec),Single,2,7.8,core_stability,completed,15,0.7267
SURV-00365,36,27,0.75,0.0963,51386.45,4950.26,0.888,0,6,0.0,0,0,OFW Remittance / Dependent,Owned (Inherited/Tax Dec),Widowed,0,3.3,core_stability,early_settled,0,0.6953
SURV-00366,12,1,0.0833,0.192,26262.32,5042.3,0.801,0,3,0.11,1,0,Public School Teacher,Owned (Inherited/Tax Dec),Married,3,6.1,onboarding_risk,defaulted,3,0.7871
SURV-00367,36,31,0.8611,0.2162,26534.61,5738.05,0.652,0,2,0.057,1,0,Sari-Sari / Small Retail,Owned (Clean Title),Widowed,2,7.8,core_stability,completed,5,0.6436
SURV-00368,36,21,0.5833,0.0618,45371.07,2804.02,0.869,0,3,0.0,0,0,Public School Teacher,Owned (Inherited/Tax Dec),Widowed,0,8.2,option_window,completed,15,0.7531
SURV-00369,12,3,0.25,0.1569,36308.96,5695.86,0.712,0,3,0.124,0,0,BPO / Call Center Agent,Owned (Inherited/Tax Dec),Single,4,6.5,onboarding_risk,completed,9,0.8015
SURV-00370,36,4,0.1111,0.1593,34781.06,5538.92,0.623,0,3,0.012,1,0,Public School Teacher,Owned (Clean Title),Married,0,3.8,onboarding_risk,completed,32,0.7293
SURV-00371,12,11,0.9167,0.1662,72337.74,12022.51,0.628,0,0,0.06,0,0,OFW Remittance / Dependent,Owned (Clean Title),Married,4,5.3,completion_phase,defaulted,1,0.8111
SURV-00372,12,12,1.0,0.2609,21898.6,5714.37,0.522,1,0,0.335,1,0,Agri / Farmer / Fisherfolk,Rented (Apartment/House),Married,4,4.0,completion_phase,defaulted,0,0.621
SURV-00373,24,21,0.875,0.0865,40226.68,3481.32,0.889,0,9,0.0,0,0,BPO / Call Center Agent,Owned (Inherited/Tax Dec),Married,1,6.6,completion_phase,completed,3,0.7411
SURV-00374,12,10,0.8333,0.2536,46019.52,11672.11,0.705,0,2,0.075,0,0,OFW Remittance / Dependent,Owned (Inherited/Tax Dec),Widowed,0,8.3,completion_phase,completed,2,0.6885
SURV-00375,12,5,0.4167,0.2849,22244.16,6336.73,0.543,2,0,0.195,1,1,Tricycle / PUV Operator,Rented (Apartment/House),Widowed,2,3.0,core_stability,defaulted,2,0.6428
SURV-00376,12,1,0.0833,0.5561,25553.53,14210.21,0.289,1,0,0.234,1,0,Employed (Private/Gov),Owned (Clean Title),Single,1,1.7,onboarding_risk,defaulted,6,0.597
SURV-00377,24,21,0.875,0.2335,18223.64,4254.96,0.647,3,0,0.234,0,0,Agri / Farmer / Fisherfolk,Owned (Inherited/Tax Dec),Married,4,2.8,completion_phase,defaulted,1,0.5409
SURV-00378,36,16,0.4444,0.0627,50625.55,3172.31,0.884,0,11,0.0,0,0,Public School Teacher,Owned (Inherited/Tax Dec),Single,0,9.1,option_window,early_settled,11,0.7398
SURV-00379,12,7,0.5833,0.6595,20023.02,13205.17,0.399,1,1,0.328,0,1,Agri / Farmer / Fisherfolk,Rented (Apartment/House),Married,0,9.2,core_stability,defaulted,0,0.5929
SURV-00380,36,18,0.5,0.1988,27631.79,5493.27,0.849,0,2,0.038,0,0,BPO / Call Center Agent,Living with Parents/Relatives,Married,2,9.8,option_window,completed,18,0.6644
SURV-00381,12,6,0.5,0.1154,76456.88,8819.66,0.892,0,2,0.0,0,0,OFW Remittance / Dependent,Living with Parents/Relatives,Widowed,1,10.1,core_stability,completed,6,0.8083
SURV-00382,12,3,0.25,0.3798,20023.82,7605.94,0.215,2,0,0.193,0,0,Sari-Sari / Small Retail,Owned (Clean Title),Widowed,0,5.9,onboarding_risk,defaulted,2,0.6586
SURV-00383,36,18,0.5,0.0908,28655.48,2600.78,0.763,0,1,0.099,0,0,Sari-Sari / Small Retail,Living with Parents/Relatives,Married,2,4.4,option_window,completed,18,0.6762
SURV-00384,12,12,1.0,0.4873,27818.17,13556.25,0.344,2,0,0.433,0,0,Sari-Sari / Small Retail,Owned (Inherited/Tax Dec),Widowed,1,11.1,completion_phase,defaulted,0,0.6485
SURV-00385,36,9,0.25,0.3595,16688.77,5999.05,0.213,3,1,0.338,0,0,Agri / Farmer / Fisherfolk,Rented (Apartment/House),Married,1,11.2,core_stability,completed,27,0.5857
SURV-00386,36,21,0.5833,0.13,20241.14,2632.31,0.621,2,0,0.395,0,0,Tricycle / PUV Operator,Living with Parents/Relatives,Married,3,5.3,option_window,defaulted,0,0.6879
SURV-00387,12,6,0.5,0.1405,48192.79,6770.51,0.967,0,5,0.0,0,0,Public School Teacher,Owned (Inherited/Tax Dec),Widowed,1,8.4,core_stability,completed,6,0.7649
SURV-00388,12,10,0.8333,0.4333,23594.63,10224.52,0.339,3,0,0.406,0,0,BPO / Call Center Agent,Living with Parents/Relatives,Married,1,13.8,completion_phase,defaulted,0,0.654
SURV-00389,36,35,0.9722,0.1517,27010.54,4096.95,0.823,1,2,0.058,0,0,Sari-Sari / Small Retail,Owned (Inherited/Tax Dec),Widowed,1,2.9,completion_phase,early_settled,0,0.6986
SURV-00390,24,18,0.75,0.584,14338.68,8373.39,0.311,2,0,0.368,0,0,Agri / Farmer / Fisherfolk,Living with Parents/Relatives,Widowed,2,17.0,core_stability,defaulted,1,0.5353
SURV-00391,36,27,0.75,0.1514,39835.77,6031.6,0.682,1,0,0.066,0,0,Public School Teacher,Living with Parents/Relatives,Single,4,13.1,core_stability,defaulted,1,0.7085
SURV-00392,36,11,0.3056,0.1434,21782.91,3123.95,0.614,0,3,0.065,0,0,Tricycle / PUV Operator,Owned (Clean Title),Married,4,13.8,core_stability,defaulted,0,0.6638
SURV-00393,24,24,1.0,0.2467,35769.98,8826.1,0.85,1,0,0.074,0,0,Employed (Private/Gov),Living with Parents/Relatives,Married,2,13.4,completion_phase,defaulted,0,0.7
SURV-00394,12,7,0.5833,0.3671,31005.6,11381.3,0.207,1,0,0.259,0,1,BPO / Call Center Agent,Owned (Inherited/Tax Dec),Widowed,1,5.9,core_stability,defaulted,0,0.6779
SURV-00395,36,32,0.8889,0.1,42562.05,4255.45,0.65,0,0,0.057,0,0,Public School Teacher,Living with Parents/Relatives,Widowed,3,2.7,core_stability,defaulted,0,0.7243
SURV-00396,36,27,0.75,0.1152,22957.05,2645.54,0.705,0,1,0.045,0,0,Sari-Sari / Small Retail,Owned (Inherited/Tax Dec),Married,3,11.3,core_stability,early_settled,0,0.6436
SURV-00397,24,10,0.4167,0.1963,28003.87,5498.06,0.309,2,1,0.374,0,1,Sari-Sari / Small Retail,Rented (Apartment/House),Single,1,7.2,core_stability,defaulted,1,0.6735
SURV-00398,12,1,0.0833,0.8904,13944.29,12416.39,0.564,1,0,0.26,1,0,Agri / Farmer / Fisherfolk,Owned (Inherited/Tax Dec),Married,1,4.9,onboarding_risk,defaulted,6,0.6113
SURV-00399,12,12,1.0,0.1712,45683.5,7822.69,0.83,1,0,0.056,0,0,OFW Remittance / Dependent,Rented (Apartment/House),Married,1,6.7,completion_phase,completed,0,0.7441
SURV-00400,24,9,0.375,0.0987,26119.6,2577.53,0.774,1,3,0.085,0,0,Tricycle / PUV Operator,Living with Parents/Relatives,Married,1,7.3,core_stability,defaulted,0,0.797
SURV-00401,36,30,0.8333,0.3565,13898.87,4954.73,0.508,3,1,0.359,0,0,Tricycle / PUV Operator,Owned (Clean Title),Single,3,3.2,core_stability,defaulted,0,0.5167
SURV-00402,24,7,0.2917,0.3089,18999.43,5868.47,0.631,3,0,0.201,0,0,Agri / Farmer / Fisherfolk,Owned (Inherited/Tax Dec),Married,2,2.6,core_stability,defaulted,0,0.6083
SURV-00403,24,13,0.5417,0.1386,19949.22,2765.91,0.783,0,2,0.059,0,0,Agri / Farmer / Fisherfolk,Owned (Clean Title),Widowed,1,9.3,option_window,completed,11,0.6839
SURV-00404,24,5,0.2083,0.1261,24604.62,3102.15,0.708,0,1,0.04,0,0,BPO / Call Center Agent,Living with Parents/Relatives,Widowed,3,9.7,core_stability,completed,19,0.6912
SURV-00405,36,34,0.9444,0.1571,28490.09,4474.39,0.506,3,1,0.203,0,0,Sari-Sari / Small Retail,Rented (Apartment/House),Single,4,10.6,completion_phase,defaulted,0,0.6539
SURV-00406,24,16,0.6667,0.28,21878.59,6125.32,0.459,3,0,0.411,0,0,Agri / Farmer / Fisherfolk,Living with Parents/Relatives,Married,0,3.5,core_stability,defaulted,0,0.5541
SURV-00407,24,14,0.5833,0.1075,39948.89,4294.97,0.969,0,2,0.0,0,0,Public School Teacher,Rented (Apartment/House),Married,2,10.7,core_stability,completed,10,0.7387
SURV-00408,36,24,0.6667,0.1321,30860.91,4076.48,0.827,1,1,0.004,0,0,Public School Teacher,Rented (Apartment/House),Married,2,11.0,option_window,early_settled,1,0.7353
SURV-00409,36,26,0.7222,0.2556,24241.64,6196.96,0.226,3,0,0.272,0,0,Sari-Sari / Small Retail,Owned (Inherited/Tax Dec),Widowed,2,10.2,core_stability,defaulted,1,0.6241
SURV-00410,36,3,0.0833,0.1299,22819.77,2965.1,0.628,1,0,0.097,0,0,BPO / Call Center Agent,Owned (Clean Title),Widowed,1,4.5,onboarding_risk,completed,33,0.6162
SURV-00411,36,11,0.3056,0.2234,21755.91,4860.48,0.278,4,0,0.163,1,1,Tricycle / PUV Operator,Owned (Inherited/Tax Dec),Widowed,0,12.1,core_stability,defaulted,1,0.6969
SURV-00412,24,11,0.4583,0.2947,24147.71,7117.01,0.433,3,0,0.178,0,1,Tricycle / PUV Operator,Owned (Clean Title),Widowed,2,6.0,option_window,defaulted,1,0.6257
SURV-00413,12,6,0.5,0.2216,55848.85,12377.63,0.737,1,2,0.108,0,0,OFW Remittance / Dependent,Owned (Inherited/Tax Dec),Married,4,7.9,core_stability,defaulted,0,0.7685
SURV-00414,12,10,0.8333,0.1786,45807.7,8182.6,0.795,1,2,0.07,0,0,Employed (Private/Gov),Owned (Inherited/Tax Dec),Married,1,8.1,completion_phase,defaulted,1,0.7693
SURV-00415,36,11,0.3056,0.1596,42676.67,6810.22,0.718,0,2,0.022,0,0,Public School Teacher,Living with Parents/Relatives,Widowed,3,6.2,core_stability,completed,25,0.7033
SURV-00416,36,25,0.6944,0.1619,33260.63,5386.42,0.971,0,11,0.0,0,0,Public School Teacher,Owned (Clean Title),Single,2,10.7,option_window,early_settled,2,0.7421
SURV-00417,24,23,0.9583,0.1823,38734.28,7062.02,0.827,0,3,0.039,0,0,Employed (Private/Gov),Owned (Clean Title),Widowed,3,7.5,completion_phase,completed,1,0.7445
SURV-00418,24,13,0.5417,0.3015,26819.51,8087.34,0.35,4,1,0.315,1,1,Tricycle / PUV Operator,Living with Parents/Relatives,Single,4,6.1,option_window,defaulted,0,0.6214
SURV-00419,36,4,0.1111,0.0909,59154.24,5377.72,0.737,1,3,0.125,0,0,OFW Remittance / Dependent,Rented (Apartment/House),Widowed,1,3.7,onboarding_risk,completed,32,0.6862
SURV-00420,12,1,0.0833,0.1813,41576.97,7537.59,0.988,0,1,0.0,0,0,Public School Teacher,Living with Parents/Relatives,Widowed,2,5.5,onboarding_risk,completed,11,0.8045
SURV-00421,12,3,0.25,0.5976,26372.53,15760.58,0.389,4,0,0.401,1,0,Tricycle / PUV Operator,Living with Parents/Relatives,Widowed,1,9.7,onboarding_risk,defaulted,3,0.5212
SURV-00422,36,30,0.8333,0.2212,21582.26,4774.54,0.553,2,1,0.201,0,0,Tricycle / PUV Operator,Owned (Inherited/Tax Dec),Married,2,7.9,core_stability,defaulted,0,0.6232
SURV-00423,36,10,0.2778,0.2206,24840.29,5480.8,0.211,4,0,0.385,1,1,Tricycle / PUV Operator,Rented (Apartment/House),Widowed,2,3.3,core_stability,defaulted,0,0.532
SURV-00424,24,11,0.4583,0.2399,35467.11,8508.55,0.291,2,0,0.327,0,0,BPO / Call Center Agent,Owned (Clean Title),Married,0,3.8,option_window,defaulted,1,0.6257
SURV-00425,24,18,0.75,0.1821,28574.04,5204.16,0.664,0,2,0.057,0,0,Sari-Sari / Small Retail,Living with Parents/Relatives,Single,1,6.3,core_stability,defaulted,0,0.7041
SURV-00426,36,18,0.5,0.194,29025.29,5631.16,0.72,1,0,0.077,1,0,BPO / Call Center Agent,Living with Parents/Relatives,Widowed,3,6.0,option_window,completed,18,0.6538
SURV-00427,24,23,0.9583,0.113,28827.8,3258.81,0.92,0,7,0.0,0,0,Public School Teacher,Owned (Clean Title),Single,2,4.8,completion_phase,early_settled,0,0.7237
SURV-00428,36,17,0.4722,0.2054,29446.29,6047.68,0.658,0,0,0.029,0,0,OFW Remittance / Dependent,Owned (Inherited/Tax Dec),Single,1,3.0,option_window,defaulted,1,0.6518
SURV-00429,24,11,0.4583,0.2104,38925.97,8191.09,0.832,0,2,0.117,0,0,Public School Teacher,Rented (Apartment/House),Widowed,1,7.2,option_window,completed,13,0.6977
SURV-00430,36,23,0.6389,0.1497,32970.44,4934.69,0.977,0,3,0.0,0,0,BPO / Call Center Agent,Owned (Clean Title),Married,1,15.2,option_window,completed,13,0.7026
SURV-00431,24,21,0.875,0.2212,15339.68,3392.72,0.614,1,1,0.408,1,0,Tricycle / PUV Operator,Owned (Inherited/Tax Dec),Married,2,5.0,completion_phase,completed,3,0.7564
SURV-00432,24,20,0.8333,0.1135,31571.61,3582.71,0.999,0,3,0.0,0,0,Employed (Private/Gov),Owned (Clean Title),Married,1,11.0,core_stability,early_settled,0,0.7427
SURV-00433,24,1,0.0417,0.1003,52494.39,5265.51,0.981,0,1,0.0,0,0,OFW Remittance / Dependent,Living with Parents/Relatives,Married,0,5.6,onboarding_risk,defaulted,4,0.7576
SURV-00434,36,1,0.0278,0.2166,22709.55,4919.63,0.791,0,2,0.065,0,0,Sari-Sari / Small Retail,Owned (Inherited/Tax Dec),Single,0,6.7,onboarding_risk,completed,35,0.6248
SURV-00435,24,17,0.7083,0.1908,39207.22,7478.85,0.714,0,3,0.046,0,0,OFW Remittance / Dependent,Living with Parents/Relatives,Married,0,3.4,core_stability,completed,7,0.7358
SURV-00436,24,20,0.8333,0.4759,19932.56,9485.21,0.293,4,1,0.261,1,0,Public School Teacher,Owned (Clean Title),Married,2,16.4,core_stability,defaulted,0,0.6264
SURV-00437,24,22,0.9167,0.2675,20907.32,5592.97,0.368,3,0,0.32,0,0,Agri / Farmer / Fisherfolk,Rented (Apartment/House),Married,2,11.5,completion_phase,defaulted,1,0.6636
SURV-00438,36,1,0.0278,0.1738,20450.02,3554.46,0.747,0,0,0.097,0,0,Sari-Sari / Small Retail,Owned (Inherited/Tax Dec),Widowed,3,5.7,onboarding_risk,defaulted,4,0.7269
SURV-00439,24,17,0.7083,0.133,28255.9,3757.04,0.691,1,0,0.149,0,0,Agri / Farmer / Fisherfolk,Owned (Clean Title),Widowed,2,10.8,core_stability,defaulted,0,0.754
SURV-00440,24,22,0.9167,0.0857,37701.4,3232.65,0.915,0,2,0.0,0,0,Public School Teacher,Owned (Inherited/Tax Dec),Married,2,5.6,completion_phase,early_settled,0,0.8148
SURV-00441,36,12,0.3333,0.2584,21674.66,5599.92,0.387,1,0,0.254,0,0,Tricycle / PUV Operator,Owned (Clean Title),Married,0,1.5,option_window,defaulted,1,0.5623
SURV-00442,12,3,0.25,0.6179,15652.05,9671.65,0.237,3,0,0.176,0,0,Sari-Sari / Small Retail,Rented (Apartment/House),Widowed,3,6.8,onboarding_risk,defaulted,2,0.5842
SURV-00443,12,11,0.9167,0.3167,20664.18,6543.91,0.256,4,0,0.176,0,1,Agri / Farmer / Fisherfolk,Living with Parents/Relatives,Married,1,4.0,completion_phase,defaulted,1,0.62
SURV-00444,24,2,0.0833,0.1371,45665.25,6262.55,0.894,0,2,0.0,0,0,Public School Teacher,Owned (Inherited/Tax Dec),Married,1,7.3,onboarding_risk,completed,22,0.8525
SURV-00445,24,16,0.6667,0.2445,31013.93,7583.53,0.333,3,1,0.176,1,0,Employed (Private/Gov),Living with Parents/Relatives,Married,2,4.1,core_stability,completed,8,0.6414
SURV-00446,12,3,0.25,0.1493,39046.12,5828.99,0.785,1,0,0.052,0,0,Public School Teacher,Living with Parents/Relatives,Single,4,7.9,onboarding_risk,completed,9,0.7856
SURV-00447,12,4,0.3333,0.8511,17509.68,14902.65,0.524,4,0,0.262,0,0,Tricycle / PUV Operator,Owned (Inherited/Tax Dec),Married,1,6.5,onboarding_risk,defaulted,1,0.6168
SURV-00448,12,5,0.4167,0.4738,30655.6,14525.77,0.329,4,0,0.195,0,0,Sari-Sari / Small Retail,Rented (Apartment/House),Widowed,0,9.8,core_stability,defaulted,1,0.6358
SURV-00449,24,2,0.0833,0.1251,38286.74,4788.07,0.918,0,1,0.0,0,0,Public School Teacher,Owned (Clean Title),Married,3,12.6,onboarding_risk,completed,22,0.7308
SURV-00450,24,8,0.3333,0.2201,23135.83,5092.23,0.238,1,0,0.41,0,0,Agri / Farmer / Fisherfolk,Living with Parents/Relatives,Single,2,3.6,core_stability,defaulted,1,0.603
SURV-00451,36,35,0.9722,0.1988,29692.73,5901.73,0.733,1,3,0.013,0,0,Employed (Private/Gov),Owned (Inherited/Tax Dec),Widowed,2,3.3,completion_phase,completed,1,0.693
SURV-00452,12,4,0.3333,0.2632,34648.16,9120.33,0.261,1,0,0.382,1,1,Employed (Private/Gov),Owned (Clean Title),Single,0,4.1,onboarding_risk,defaulted,1,0.7439
SURV-00453,36,6,0.1667,0.3158,20089.42,6344.57,0.285,4,0,0.361,0,0,Agri / Farmer / Fisherfolk,Owned (Clean Title),Married,1,8.9,core_stability,defaulted,1,0.5811
SURV-00454,36,24,0.6667,0.1592,25329.76,4032.46,0.83,1,1,0.021,0,0,Agri / Farmer / Fisherfolk,Owned (Clean Title),Widowed,2,13.3,option_window,defaulted,1,0.6194
SURV-00455,36,27,0.75,0.2094,32962.81,6902.14,0.848,1,2,0.073,0,0,Employed (Private/Gov),Owned (Clean Title),Married,1,7.2,core_stability,early_settled,0,0.7026
SURV-00456,36,32,0.8889,0.2396,19528.32,4679.61,0.473,3,0,0.411,0,0,Agri / Farmer / Fisherfolk,Owned (Inherited/Tax Dec),Single,2,7.4,core_stability,defaulted,1,0.6324
SURV-00457,36,32,0.8889,0.1111,26064.17,2895.11,0.254,4,0,0.169,0,0,Agri / Farmer / Fisherfolk,Rented (Apartment/House),Widowed,2,3.4,core_stability,defaulted,1,0.655
SURV-00458,24,15,0.625,0.1327,26831.89,3561.59,0.833,0,1,0.061,0,0,Tricycle / PUV Operator,Owned (Inherited/Tax Dec),Widowed,1,6.9,core_stability,completed,9,0.7543
SURV-00459,36,30,0.8333,0.1026,39475.61,4049.28,0.937,0,9,0.0,0,0,Public School Teacher,Owned (Inherited/Tax Dec),Married,2,3.6,core_stability,early_settled,0,0.7196
SURV-00460,24,7,0.2917,0.1659,37430.98,6210.83,0.754,0,3,0.066,0,0,Public School Teacher,Owned (Inherited/Tax Dec),Single,2,4.2,core_stability,completed,17,0.763
SURV-00461,36,9,0.25,0.143,29052.07,4154.37,0.977,0,8,0.0,0,0,Public School Teacher,Living with Parents/Relatives,Married,3,13.2,core_stability,completed,27,0.7358
SURV-00462,36,10,0.2778,0.2513,25892.89,6507.85,0.247,2,0,0.156,1,0,Tricycle / PUV Operator,Owned (Clean Title),Married,2,7.1,core_stability,completed,26,0.6443
SURV-00463,36,3,0.0833,0.346,19382.8,6706.15,0.546,2,0,0.278,0,0,Tricycle / PUV Operator,Owned (Clean Title),Married,0,15.0,onboarding_risk,defaulted,3,0.5579
SURV-00464,24,15,0.625,0.0758,51404.25,3898.6,0.885,0,12,0.0,0,0,Public School Teacher,Owned (Inherited/Tax Dec),Single,3,3.1,core_stability,completed,9,0.7424
SURV-00465,36,1,0.0278,0.4385,15860.39,6954.32,0.356,4,1,0.164,0,0,Tricycle / PUV Operator,Owned (Clean Title),Married,2,9.4,onboarding_risk,defaulted,8,0.5707
SURV-00466,12,12,1.0,0.2283,44111.96,10069.84,0.627,0,3,0.087,0,0,Public School Teacher,Owned (Clean Title),Widowed,2,5.6,completion_phase,defaulted,0,0.8092
SURV-00467,12,2,0.1667,0.4215,21926.91,9241.55,0.203,4,0,0.36,1,1,Employed (Private/Gov),Rented (Apartment/House),Single,1,1.0,onboarding_risk,defaulted,1,0.6833
SURV-00468,36,4,0.1111,0.1928,35573.14,6858.54,0.785,0,1,0.132,0,0,Public School Teacher,Rented (Apartment/House),Single,1,7.7,onboarding_risk,completed,32,0.7176
SURV-00469,12,12,1.0,0.5024,17982.69,9033.84,0.201,4,0,0.442,0,0,Tricycle / PUV Operator,Living with Parents/Relatives,Widowed,0,14.8,completion_phase,defaulted,0,0.5169
SURV-00470,12,9,0.75,0.3546,37098.74,13153.62,0.637,3,0,0.282,0,0,Employed (Private/Gov),Owned (Inherited/Tax Dec),Widowed,0,8.3,completion_phase,defaulted,0,0.7367
SURV-00471,24,19,0.7917,0.2926,18380.25,5377.25,0.297,3,0,0.271,0,0,Tricycle / PUV Operator,Owned (Inherited/Tax Dec),Widowed,1,4.9,core_stability,defaulted,1,0.634
SURV-00472,12,5,0.4167,0.3242,20122.09,6524.32,0.445,1,1,0.42,1,1,Tricycle / PUV Operator,Owned (Clean Title),Married,0,11.1,core_stability,defaulted,2,0.7092
SURV-00473,12,5,0.4167,0.1772,36866.66,6532.13,0.796,0,1,0.079,0,0,BPO / Call Center Agent,Living with Parents/Relatives,Widowed,3,9.1,core_stability,completed,7,0.7208
SURV-00474,24,14,0.5833,0.3677,19940.64,7331.38,0.478,2,0,0.374,1,0,Tricycle / PUV Operator,Rented (Apartment/House),Married,2,7.4,core_stability,defaulted,1,0.5979
SURV-00475,12,3,0.25,0.5156,25165.45,12974.58,0.244,3,1,0.151,0,0,Tricycle / PUV Operator,Living with Parents/Relatives,Single,1,12.1,onboarding_risk,defaulted,2,0.5501
SURV-00476,12,6,0.5,0.4188,35718.95,14960.38,0.409,3,0,0.343,0,1,Employed (Private/Gov),Living with Parents/Relatives,Single,3,6.7,core_stability,defaulted,1,0.7002
SURV-00477,24,2,0.0833,0.1069,40423.27,4320.35,0.642,0,2,0.069,0,0,Employed (Private/Gov),Owned (Clean Title),Single,2,1.0,onboarding_risk,defaulted,2,0.7565
SURV-00478,12,5,0.4167,0.3665,25558.53,9366.21,0.509,1,0,0.367,1,0,Sari-Sari / Small Retail,Living with Parents/Relatives,Widowed,2,11.6,core_stability,defaulted,0,0.6743
SURV-00479,36,27,0.75,0.3353,16388.08,5495.03,0.203,2,0,0.347,1,1,Agri / Farmer / Fisherfolk,Owned (Inherited/Tax Dec),Married,0,7.8,core_stability,defaulted,1,0.5928
SURV-00480,36,26,0.7222,0.1677,21791.26,3654.17,0.804,1,2,0.075,0,0,Employed (Private/Gov),Rented (Apartment/House),Married,1,12.1,core_stability,defaulted,1,0.6554
SURV-00481,24,21,0.875,0.13,44864.29,5831.13,0.919,0,3,0.0,0,0,Public School Teacher,Owned (Clean Title),Single,2,10.4,completion_phase,completed,3,0.8041
SURV-00482,24,11,0.4583,0.3331,25054.43,8345.17,0.602,2,0,0.242,1,0,Sari-Sari / Small Retail,Rented (Apartment/House),Single,2,13.2,option_window,defaulted,1,0.7012
SURV-00483,36,14,0.3889,0.2561,19667.51,5035.88,0.427,4,0,0.449,1,0,Sari-Sari / Small Retail,Owned (Inherited/Tax Dec),Married,3,8.8,option_window,defaulted,1,0.5838
SURV-00484,12,2,0.1667,0.259,25960.1,6722.91,0.839,0,1,0.097,0,0,Public School Teacher,Owned (Inherited/Tax Dec),Married,3,11.6,onboarding_risk,completed,10,0.7748
SURV-00485,24,22,0.9167,0.0571,84944.71,4853.44,0.865,0,7,0.0,0,0,OFW Remittance / Dependent,Owned (Inherited/Tax Dec),Married,1,5.1,completion_phase,completed,2,0.7576
SURV-00486,24,14,0.5833,0.1974,17772.95,3508.02,0.516,2,0,0.34,1,0,Sari-Sari / Small Retail,Owned (Clean Title),Widowed,0,4.6,core_stability,defaulted,0,0.6545
SURV-00487,12,3,0.25,0.2227,45597.8,10153.64,0.803,0,3,0.125,0,0,OFW Remittance / Dependent,Rented (Apartment/House),Widowed,0,14.7,onboarding_risk,completed,9,0.7514
SURV-00488,36,35,0.9722,0.2135,24965.1,5330.24,0.295,3,1,0.404,0,0,Sari-Sari / Small Retail,Rented (Apartment/House),Married,3,3.4,completion_phase,defaulted,1,0.6223
SURV-00489,24,9,0.375,0.251,25008.74,6276.87,0.717,0,1,0.084,0,0,Employed (Private/Gov),Owned (Inherited/Tax Dec),Widowed,2,5.6,core_stability,completed,15,0.7532
SURV-00490,36,28,0.7778,0.3187,21867.43,6970.17,0.527,1,1,0.352,1,1,Tricycle / PUV Operator,Living with Parents/Relatives,Single,3,5.5,core_stability,defaulted,0,0.5742
SURV-00491,24,16,0.6667,0.229,19049.96,4363.16,0.573,1,1,0.179,0,0,Tricycle / PUV Operator,Owned (Clean Title),Married,0,4.5,core_stability,defaulted,0,0.6192
SURV-00492,36,29,0.8056,0.1044,23567.06,2460.47,0.263,1,0,0.236,0,0,Agri / Farmer / Fisherfolk,Rented (Apartment/House),Single,3,3.5,core_stability,defaulted,0,0.6167
SURV-00493,12,7,0.5833,0.9028,16386.81,14793.36,0.394,2,0,0.28,0,0,Tricycle / PUV Operator,Rented (Apartment/House),Married,3,8.4,core_stability,defaulted,0,0.5834
SURV-00494,12,9,0.75,0.4742,20355.1,9652.55,0.41,2,0,0.293,0,1,Sari-Sari / Small Retail,Rented (Apartment/House),Married,3,8.1,completion_phase,defaulted,0,0.5958
SURV-00495,24,4,0.1667,0.1322,42699.52,5643.7,0.655,0,1,0.091,0,0,Employed (Private/Gov),Owned (Clean Title),Single,1,2.2,onboarding_risk,completed,20,0.7045
SURV-00496,36,25,0.6944,0.1782,31758.16,5657.89,0.754,0,1,0.076,1,0,BPO / Call Center Agent,Living with Parents/Relatives,Widowed,1,5.5,option_window,defaulted,0,0.7013
SURV-00497,24,23,0.9583,0.1379,31787.2,4384.37,0.709,1,0,0.093,0,0,Sari-Sari / Small Retail,Living with Parents/Relatives,Single,2,4.8,completion_phase,defaulted,1,0.6824
SURV-00498,36,36,1.0,0.0831,46527.61,3865.45,0.976,0,10,0.0,0,0,Public School Teacher,Owned (Inherited/Tax Dec),Single,2,12.5,completion_phase,early_settled,0,0.7549
SURV-00499,36,24,0.6667,0.2257,15219.63,3435.21,0.59,3,0,0.176,0,0,Tricycle / PUV Operator,Rented (Apartment/House),Single,1,9.0,option_window,defaulted,1,0.5583
SURV-00500,36,20,0.5556,0.1476,29115.95,4296.77,0.939,0,5,0.0,0,0,BPO / Call Center Agent,Owned (Clean Title),Married,1,11.6,option_window,completed,16,0.6718
SURV-00501,36,17,0.4722,0.122,45509.16,5550.19,0.9,0,6,0.0,0,0,Public School Teacher,Living with Parents/Relatives,Married,0,16.0,option_window,completed,19,0.7501
SURV-00502,24,11,0.4583,0.3328,24000.41,7986.32,0.594,1,1,0.291,1,0,Tricycle / PUV Operator,Living with Parents/Relatives,Married,0,3.8,option_window,defaulted,0,0.575
SURV-00503,24,5,0.2083,0.1203,28726.36,3456.49,0.933,0,5,0.0,0,0,BPO / Call Center Agent,Owned (Clean Title),Widowed,2,7.1,core_stability,completed,19,0.7649
SURV-00504,24,23,0.9583,0.5587,12554.2,7013.47,0.436,2,0,0.44,0,0,Tricycle / PUV Operator,Owned (Clean Title),Single,0,10.1,completion_phase,defaulted,1,0.5595
SURV-00505,36,24,0.6667,0.0745,50734.18,3781.52,0.912,0,10,0.0,0,0,OFW Remittance / Dependent,Living with Parents/Relatives,Widowed,2,4.0,option_window,early_settled,2,0.6781
SURV-00506,36,13,0.3611,0.1577,25117.76,3960.77,0.635,1,1,0.003,0,0,Sari-Sari / Small Retail,Owned (Inherited/Tax Dec),Married,0,1.2,option_window,completed,23,0.6671
SURV-00507,36,30,0.8333,0.1161,28547.39,3315.16,0.974,0,12,0.0,0,0,BPO / Call Center Agent,Owned (Clean Title),Married,2,12.0,core_stability,early_settled,0,0.7367
SURV-00508,24,20,0.8333,0.1912,27482.53,5254.87,0.602,1,0,0.349,1,1,Sari-Sari / Small Retail,Owned (Clean Title),Single,2,1.1,core_stability,completed,4,0.6732
SURV-00509,36,20,0.5556,0.0987,28778.02,2839.38,0.864,0,3,0.0,0,0,Employed (Private/Gov),Living with Parents/Relatives,Married,1,6.9,option_window,completed,16,0.732
SURV-00510,12,12,1.0,0.2791,45547.48,12712.49,0.456,4,0,0.334,1,1,BPO / Call Center Agent,Rented (Apartment/House),Married,1,1.2,completion_phase,defaulted,0,0.6553
SURV-00511,36,17,0.4722,0.0645,62199.8,4012.2,0.943,0,12,0.0,0,0,OFW Remittance / Dependent,Owned (Inherited/Tax Dec),Single,3,15.8,option_window,early_settled,10,0.7026
SURV-00512,24,9,0.375,0.2439,34318.71,8369.66,0.638,1,2,0.09,0,0,Public School Teacher,Owned (Inherited/Tax Dec),Single,2,5.6,core_stability,defaulted,1,0.7368
SURV-00513,36,5,0.1389,0.282,20824.66,5872.54,0.446,3,1,0.175,0,0,Tricycle / PUV Operator,Living with Parents/Relatives,Widowed,1,3.2,core_stability,defaulted,3,0.4913
SURV-00514,24,14,0.5833,0.1812,45742.7,8287.2,0.809,0,2,0.059,1,0,Employed (Private/Gov),Rented (Apartment/House),Widowed,1,5.9,core_stability,defaulted,0,0.731
SURV-00515,24,19,0.7917,0.0654,66563.0,4351.47,0.857,0,1,0.0,0,0,OFW Remittance / Dependent,Owned (Clean Title),Married,2,5.7,core_stability,completed,5,0.8242
SURV-00516,12,11,0.9167,0.3161,31254.16,9880.02,0.263,2,0,0.446,1,0,BPO / Call Center Agent,Living with Parents/Relatives,Married,2,2.1,completion_phase,defaulted,0,0.6746
SURV-00517,12,11,0.9167,0.5803,24783.96,14381.59,0.332,3,0,0.432,0,0,BPO / Call Center Agent,Living with Parents/Relatives,Married,1,5.3,completion_phase,defaulted,0,0.6101
SURV-00518,24,21,0.875,0.2082,32422.25,6749.14,0.842,1,3,0.037,1,0,Employed (Private/Gov),Owned (Clean Title),Married,1,6.7,completion_phase,completed,3,0.7412
SURV-00519,36,7,0.1944,0.3041,20380.29,6198.06,0.385,4,0,0.328,0,0,Agri / Farmer / Fisherfolk,Living with Parents/Relatives,Widowed,4,6.6,core_stability,defaulted,2,0.5415
SURV-00520,12,3,0.25,0.2231,65567.79,14630.11,0.759,0,0,0.117,0,0,OFW Remittance / Dependent,Owned (Clean Title),Single,0,11.7,onboarding_risk,completed,9,0.7517
SURV-00521,36,36,1.0,0.1938,35471.72,6873.48,0.913,0,1,0.0,0,0,Public School Teacher,Owned (Inherited/Tax Dec),Married,0,9.3,completion_phase,completed,0,0.7205
SURV-00522,36,32,0.8889,0.1306,26041.27,3401.67,0.716,0,1,0.023,0,0,Sari-Sari / Small Retail,Living with Parents/Relatives,Single,2,10.6,core_stability,early_settled,0,0.6889
SURV-00523,36,7,0.1944,0.246,21929.42,5394.33,0.447,2,1,0.364,0,0,Sari-Sari / Small Retail,Owned (Inherited/Tax Dec),Single,0,2.6,core_stability,defaulted,2,0.6157
SURV-00524,36,6,0.1667,0.1358,42984.81,5839.25,0.842,0,1,0.086,0,0,Employed (Private/Gov),Rented (Apartment/House),Widowed,2,4.0,core_stability,defaulted,1,0.6713
SURV-00525,24,19,0.7917,0.2044,24883.42,5086.18,0.574,2,0,0.36,1,1,Tricycle / PUV Operator,Owned (Inherited/Tax Dec),Married,1,4.5,core_stability,completed,5,0.6372
SURV-00526,24,19,0.7917,0.1958,23938.88,4686.16,0.754,0,2,0.05,0,0,Sari-Sari / Small Retail,Owned (Inherited/Tax Dec),Single,2,12.8,core_stability,completed,5,0.7445
SURV-00527,24,14,0.5833,0.2177,15469.45,3367.66,0.452,1,0,0.189,0,0,Agri / Farmer / Fisherfolk,Owned (Inherited/Tax Dec),Married,1,2.3,core_stability,defaulted,1,0.7037
SURV-00528,36,36,1.0,0.379,17443.27,6610.84,0.648,3,0,0.227,1,0,Agri / Farmer / Fisherfolk,Rented (Apartment/House),Married,1,8.8,completion_phase,defaulted,0,0.5156
SURV-00529,24,19,0.7917,0.3496,18292.36,6394.33,0.553,2,1,0.283,1,0,Tricycle / PUV Operator,Owned (Clean Title),Widowed,2,4.9,core_stability,defaulted,1,0.6299
SURV-00530,24,22,0.9167,0.4086,18796.78,7680.63,0.208,1,0,0.291,0,1,Agri / Farmer / Fisherfolk,Living with Parents/Relatives,Widowed,0,3.4,completion_phase,defaulted,1,0.5578
SURV-00531,24,6,0.25,0.3165,24412.2,7726.22,0.201,2,0,0.426,1,0,Sari-Sari / Small Retail,Owned (Clean Title),Married,1,5.6,core_stability,defaulted,0,0.6975
SURV-00532,12,2,0.1667,0.2698,32923.75,8882.0,0.686,0,1,0.071,0,0,Employed (Private/Gov),Living with Parents/Relatives,Widowed,0,8.8,onboarding_risk,defaulted,5,0.6991
SURV-00533,36,3,0.0833,0.1193,30707.94,3664.88,0.711,1,3,0.115,0,0,Sari-Sari / Small Retail,Owned (Clean Title),Single,1,11.8,onboarding_risk,completed,33,0.7121
SURV-00534,12,2,0.1667,0.4239,22918.51,9714.41,0.65,3,0,0.389,0,0,Agri / Farmer / Fisherfolk,Owned (Inherited/Tax Dec),Married,0,7.3,onboarding_risk,defaulted,0,0.6334
SURV-00535,12,8,0.6667,0.1591,33158.35,5274.89,0.768,0,3,0.04,0,0,BPO / Call Center Agent,Living with Parents/Relatives,Single,2,10.2,core_stability,completed,4,0.7752
SURV-00536,12,12,1.0,0.4522,22488.07,10169.36,0.217,1,0,0.367,0,0,Sari-Sari / Small Retail,Rented (Apartment/House),Married,0,12.8,completion_phase,defaulted,0,0.6506
SURV-00537,24,13,0.5417,0.2459,23694.25,5827.34,0.498,2,0,0.167,0,1,Agri / Farmer / Fisherfolk,Living with Parents/Relatives,Married,3,2.0,option_window,defaulted,1,0.5645
SURV-00538,12,12,1.0,0.2647,39885.72,10558.7,0.614,1,2,0.058,0,0,BPO / Call Center Agent,Owned (Clean Title),Married,2,13.6,completion_phase,completed,0,0.7075
SURV-00539,24,5,0.2083,0.2194,18502.7,4060.25,0.518,3,0,0.361,0,0,Tricycle / PUV Operator,Owned (Inherited/Tax Dec),Married,2,5.6,core_stability,defaulted,3,0.6934
SURV-00540,24,1,0.0417,0.1698,24478.28,4155.41,0.261,4,0,0.408,0,0,Tricycle / PUV Operator,Living with Parents/Relatives,Widowed,1,4.3,onboarding_risk,defaulted,5,0.6566
SURV-00541,36,24,0.6667,0.0896,57217.97,5128.23,0.928,0,10,0.0,0,0,OFW Remittance / Dependent,Owned (Clean Title),Married,3,7.4,option_window,completed,12,0.6786
SURV-00542,36,32,0.8889,0.1996,16622.58,3318.44,0.228,1,1,0.274,0,1,Tricycle / PUV Operator,Living with Parents/Relatives,Single,1,2.1,core_stability,defaulted,0,0.612
SURV-00543,24,8,0.3333,0.2046,32850.83,6722.54,0.661,1,1,0.023,1,0,Sari-Sari / Small Retail,Owned (Inherited/Tax Dec),Married,3,5.0,core_stability,completed,16,0.6842
SURV-00544,36,23,0.6389,0.2418,27492.68,6648.26,0.81,1,3,0.148,0,0,Sari-Sari / Small Retail,Owned (Inherited/Tax Dec),Married,2,5.1,option_window,defaulted,1,0.6329
SURV-00545,12,11,0.9167,0.2959,40654.09,12029.69,0.78,1,3,0.081,0,0,BPO / Call Center Agent,Owned (Inherited/Tax Dec),Widowed,1,8.4,completion_phase,completed,1,0.7177
SURV-00546,24,20,0.8333,0.221,25685.99,5676.34,0.223,2,0,0.36,0,0,Agri / Farmer / Fisherfolk,Owned (Clean Title),Widowed,2,5.1,core_stability,defaulted,1,0.6863
SURV-00547,12,1,0.0833,0.1599,51679.21,8263.73,0.744,0,1,0.032,0,0,OFW Remittance / Dependent,Rented (Apartment/House),Married,3,17.1,onboarding_risk,defaulted,1,0.7767
SURV-00548,36,23,0.6389,0.0478,49213.12,2351.74,0.946,0,3,0.0,0,0,Public School Teacher,Living with Parents/Relatives,Married,2,8.0,option_window,completed,13,0.7796
SURV-00549,24,3,0.125,0.1268,29791.49,3778.38,0.64,1,2,0.131,0,0,OFW Remittance / Dependent,Living with Parents/Relatives,Widowed,0,1.5,onboarding_risk,completed,21,0.6917
SURV-00550,36,18,0.5,0.0761,39431.29,3000.0,0.933,0,12,0.0,0,0,Sari-Sari / Small Retail,Owned (Inherited/Tax Dec),Single,0,7.1,option_window,completed,18,0.7181
SURV-00551,12,12,1.0,0.5609,21462.33,12037.64,0.297,1,0,0.219,0,0,Agri / Farmer / Fisherfolk,Rented (Apartment/House),Married,3,2.8,completion_phase,completed,0,0.6243
SURV-00552,12,1,0.0833,0.4834,29423.5,14224.53,0.646,2,0,0.222,0,0,Employed (Private/Gov),Owned (Inherited/Tax Dec),Widowed,3,13.8,onboarding_risk,defaulted,3,0.6549
SURV-00553,12,9,0.75,0.1826,38234.17,6982.72,0.636,1,3,0.131,0,0,Public School Teacher,Rented (Apartment/House),Married,2,6.9,completion_phase,early_settled,2,0.7458
SURV-00554,36,11,0.3056,0.1271,25342.55,3221.57,0.801,0,1,0.123,0,0,Sari-Sari / Small Retail,Rented (Apartment/House),Widowed,0,5.8,core_stability,completed,25,0.6415
SURV-00555,36,11,0.3056,0.1191,40174.42,4785.91,0.997,0,11,0.0,0,0,Public School Teacher,Owned (Inherited/Tax Dec),Married,1,17.9,core_stability,completed,25,0.738
SURV-00556,12,8,0.6667,0.3509,25372.85,8903.87,0.398,4,0,0.417,0,0,Sari-Sari / Small Retail,Living with Parents/Relatives,Married,1,6.0,core_stability,defaulted,1,0.6449
SURV-00557,24,3,0.125,0.1515,31027.86,4699.55,0.312,3,0,0.281,0,0,Sari-Sari / Small Retail,Rented (Apartment/House),Widowed,1,2.7,onboarding_risk,defaulted,4,0.6076
SURV-00558,12,1,0.0833,0.2433,30898.65,7516.29,0.759,0,2,0.01,0,0,Sari-Sari / Small Retail,Owned (Clean Title),Widowed,1,12.2,onboarding_risk,completed,11,0.7438
SURV-00559,36,1,0.0278,0.2762,16044.85,4430.9,0.232,2,0,0.421,0,1,Tricycle / PUV Operator,Owned (Clean Title),Married,1,11.0,onboarding_risk,defaulted,1,0.6388
SURV-00560,36,29,0.8056,0.3024,20649.22,6243.65,0.422,1,1,0.235,1,1,Sari-Sari / Small Retail,Living with Parents/Relatives,Married,2,5.2,core_stability,defaulted,0,0.6303
SURV-00561,24,4,0.1667,0.3371,20987.39,7074.15,0.239,1,0,0.34,1,0,Sari-Sari / Small Retail,Owned (Clean Title),Married,1,11.6,onboarding_risk,defaulted,0,0.6067
SURV-00562,36,23,0.6389,0.2438,21731.35,5298.32,0.702,1,2,0.094,0,0,BPO / Call Center Agent,Owned (Clean Title),Married,0,7.2,option_window,defaulted,1,0.6668
SURV-00563,12,7,0.5833,0.3174,42348.16,13440.06,0.393,3,0,0.172,0,0,BPO / Call Center Agent,Living with Parents/Relatives,Widowed,2,5.8,core_stability,defaulted,0,0.6497
SURV-00564,12,2,0.1667,0.249,54847.76,13658.07,0.745,1,0,0.097,0,0,OFW Remittance / Dependent,Owned (Clean Title),Married,1,9.0,onboarding_risk,defaulted,5,0.7593
SURV-00565,24,9,0.375,0.1169,39454.16,4611.13,0.849,1,0,0.108,0,0,Public School Teacher,Living with Parents/Relatives,Married,3,1.9,core_stability,defaulted,0,0.7104
SURV-00566,12,9,0.75,0.4949,21977.14,10875.79,0.641,2,1,0.204,1,0,Agri / Farmer / Fisherfolk,Owned (Clean Title),Married,2,6.3,completion_phase,defaulted,0,0.5827
SURV-00567,12,7,0.5833,0.4272,18020.99,7698.91,0.452,3,0,0.214,0,1,Tricycle / PUV Operator,Owned (Clean Title),Single,1,17.3,core_stability,completed,5,0.615
SURV-00568,36,19,0.5278,0.1788,21521.41,3847.84,0.765,1,1,0.063,0,0,Sari-Sari / Small Retail,Owned (Inherited/Tax Dec),Single,0,7.2,option_window,completed,17,0.672
SURV-00569,36,15,0.4167,0.3165,19759.74,6254.26,0.582,2,0,0.412,0,0,Agri / Farmer / Fisherfolk,Owned (Clean Title),Married,0,4.0,option_window,defaulted,1,0.5237
SURV-00570,12,4,0.3333,0.3103,40198.5,12474.73,0.55,4,0,0.338,0,0,OFW Remittance / Dependent,Rented (Apartment/House),Single,3,2.7,onboarding_risk,defaulted,0,0.6741
SURV-00571,36,11,0.3056,0.2119,24930.88,5283.62,0.812,0,2,0.017,0,0,Sari-Sari / Small Retail,Living with Parents/Relatives,Married,2,15.3,core_stability,early_settled,6,0.6378
SURV-00572,12,9,0.75,0.2049,52246.27,10706.93,0.803,1,1,0.091,1,0,OFW Remittance / Dependent,Rented (Apartment/House),Married,0,9.0,completion_phase,defaulted,1,0.7708
SURV-00573,12,11,0.9167,0.7317,14564.0,10656.45,0.402,3,1,0.435,0,0,Agri / Farmer / Fisherfolk,Living with Parents/Relatives,Single,1,8.6,completion_phase,defaulted,0,0.6195
SURV-00574,36,7,0.1944,0.2824,24679.5,6969.53,0.209,2,0,0.378,0,0,Tricycle / PUV Operator,Living with Parents/Relatives,Single,3,5.6,core_stability,defaulted,2,0.5807
SURV-00575,36,14,0.3889,0.0813,35912.39,2919.36,0.909,0,1,0.0,0,0,Public School Teacher,Owned (Clean Title),Widowed,0,9.4,option_window,completed,22,0.7702
SURV-00576,12,2,0.1667,0.5387,21868.86,11780.25,0.565,4,0,0.44,0,1,Employed (Private/Gov),Living with Parents/Relatives,Single,1,7.8,onboarding_risk,defaulted,5,0.6625
SURV-00577,12,1,0.0833,0.3118,35628.15,11108.06,0.235,3,0,0.205,0,1,BPO / Call Center Agent,Rented (Apartment/House),Single,2,6.6,onboarding_risk,defaulted,1,0.7127
SURV-00578,12,9,0.75,0.1099,50519.2,5551.79,0.955,0,5,0.0,0,0,OFW Remittance / Dependent,Owned (Inherited/Tax Dec),Widowed,2,13.7,completion_phase,early_settled,1,0.8192
SURV-00579,12,2,0.1667,0.5631,24653.21,13882.81,0.515,3,1,0.168,0,0,BPO / Call Center Agent,Rented (Apartment/House),Married,2,5.5,onboarding_risk,defaulted,5,0.5845
SURV-00580,24,4,0.1667,0.1003,42436.3,4258.35,0.71,0,2,0.107,0,0,Employed (Private/Gov),Living with Parents/Relatives,Single,3,4.1,onboarding_risk,completed,20,0.7724
SURV-00581,12,9,0.75,0.6291,20390.76,12827.44,0.313,3,0,0.211,0,0,Sari-Sari / Small Retail,Owned (Inherited/Tax Dec),Married,3,7.9,completion_phase,completed,3,0.5699
SURV-00582,12,2,0.1667,0.5128,19603.03,10052.68,0.525,2,0,0.3,0,0,Sari-Sari / Small Retail,Rented (Apartment/House),Widowed,0,7.5,onboarding_risk,defaulted,2,0.5718
SURV-00583,24,12,0.5,0.1354,38020.1,5149.44,0.936,0,3,0.0,0,0,Public School Teacher,Owned (Inherited/Tax Dec),Single,1,9.6,option_window,completed,12,0.7356
SURV-00584,24,24,1.0,0.2239,18317.19,4100.9,0.635,3,0,0.334,1,1,Employed (Private/Gov),Rented (Apartment/House),Married,2,2.0,completion_phase,defaulted,0,0.7054
SURV-00585,36,29,0.8056,0.1084,31525.06,3418.75,0.446,4,0,0.386,0,1,Sari-Sari / Small Retail,Rented (Apartment/House),Married,3,3.8,core_stability,defaulted,0,0.6465
SURV-00586,36,3,0.0833,0.1611,23841.75,3841.59,0.98,0,2,0.0,0,0,Public School Teacher,Living with Parents/Relatives,Married,2,8.1,onboarding_risk,completed,33,0.6741
SURV-00587,36,6,0.1667,0.1777,12083.76,2146.72,0.591,4,1,0.364,0,1,Agri / Farmer / Fisherfolk,Rented (Apartment/House),Single,2,2.2,core_stability,defaulted,1,0.606
SURV-00588,24,14,0.5833,0.2843,18652.16,5302.88,0.283,2,0,0.215,0,1,Agri / Farmer / Fisherfolk,Owned (Inherited/Tax Dec),Widowed,1,6.4,core_stability,defaulted,1,0.6789
SURV-00589,36,17,0.4722,0.1566,32433.61,5080.65,0.637,0,1,0.085,0,0,Public School Teacher,Owned (Inherited/Tax Dec),Married,1,3.7,option_window,completed,19,0.662
SURV-00590,36,9,0.25,0.2706,12111.33,3276.89,0.498,4,1,0.335,0,0,Agri / Farmer / Fisherfolk,Living with Parents/Relatives,Widowed,1,4.0,core_stability,defaulted,1,0.5572
SURV-00591,12,12,1.0,0.4727,31964.61,15108.82,0.339,2,0,0.344,0,1,Employed (Private/Gov),Owned (Inherited/Tax Dec),Married,1,5.5,completion_phase,early_settled,0,0.6166
SURV-00592,24,14,0.5833,0.2222,28739.34,6385.88,0.619,0,0,0.048,0,0,Sari-Sari / Small Retail,Owned (Inherited/Tax Dec),Married,1,10.0,core_stability,early_settled,0,0.7043
SURV-00593,12,5,0.4167,0.6931,17370.97,12039.12,0.606,4,1,0.387,1,1,Tricycle / PUV Operator,Living with Parents/Relatives,Married,1,13.1,core_stability,defaulted,0,0.5971
SURV-00594,36,12,0.3333,0.056,42793.71,2395.52,0.996,0,2,0.0,0,0,Public School Teacher,Owned (Clean Title),Married,1,6.2,option_window,completed,24,0.7624
SURV-00595,12,11,0.9167,0.1516,50607.11,7672.1,0.894,0,10,0.0,0,0,OFW Remittance / Dependent,Living with Parents/Relatives,Widowed,2,10.5,completion_phase,early_settled,1,0.7991
SURV-00596,24,17,0.7083,0.1343,29911.91,4018.26,0.664,0,2,0.114,0,0,BPO / Call Center Agent,Living with Parents/Relatives,Widowed,1,4.5,core_stability,defaulted,0,0.6784
SURV-00597,24,1,0.0417,0.0829,70802.43,5871.51,0.86,0,1,0.0,0,0,OFW Remittance / Dependent,Owned (Inherited/Tax Dec),Widowed,1,3.3,onboarding_risk,completed,23,0.7243
SURV-00598,12,9,0.75,0.5058,20860.76,10551.53,0.351,3,0,0.232,0,0,BPO / Call Center Agent,Rented (Apartment/House),Widowed,1,1.1,completion_phase,defaulted,0,0.5645
SURV-00599,36,25,0.6944,0.2159,29420.37,6350.44,0.712,1,2,0.053,0,0,OFW Remittance / Dependent,Rented (Apartment/House),Single,2,17.8,option_window,defaulted,0,0.6506
SURV-00600,24,10,0.4167,0.4997,17648.08,8819.62,0.326,4,0,0.282,1,0,Tricycle / PUV Operator,Rented (Apartment/House),Widowed,2,2.9,core_stability,defaulted,0,0.5277
SURV-00601,36,34,0.9444,0.1768,42119.82,7448.33,0.918,0,9,0.0,0,0,Public School Teacher,Owned (Inherited/Tax Dec),Married,1,7.8,completion_phase,completed,2,0.7475
SURV-00602,24,10,0.4167,0.4136,18685.67,7728.38,0.496,2,0,0.268,0,1,Agri / Farmer / Fisherfolk,Rented (Apartment/House),Widowed,0,12.1,core_stability,defaulted,1,0.6313
SURV-00603,24,6,0.25,0.1735,20164.83,3497.73,0.81,1,0,0.046,0,0,BPO / Call Center Agent,Owned (Clean Title),Married,4,2.1,core_stability,defaulted,0,0.7265
SURV-00604,36,6,0.1667,0.3983,17072.4,6800.74,0.62,4,0,0.297,0,1,Tricycle / PUV Operator,Owned (Inherited/Tax Dec),Married,0,1.1,core_stability,defaulted,1,0.5073
SURV-00605,24,7,0.2917,0.3471,18791.57,6523.13,0.563,1,1,0.228,1,0,Tricycle / PUV Operator,Living with Parents/Relatives,Single,1,3.1,core_stability,defaulted,0,0.5905
SURV-00606,24,13,0.5417,0.2167,18362.68,3979.58,0.42,2,0,0.25,0,0,Tricycle / PUV Operator,Rented (Apartment/House),Married,1,5.4,option_window,defaulted,0,0.6003
SURV-00607,36,13,0.3611,0.4964,13401.0,6651.92,0.336,1,0,0.378,0,0,Agri / Farmer / Fisherfolk,Rented (Apartment/House),Married,0,10.7,option_window,completed,23,0.4765
SURV-00608,12,3,0.25,0.2995,21116.21,6323.63,0.346,3,0,0.405,0,0,Tricycle / PUV Operator,Owned (Inherited/Tax Dec),Married,3,16.5,onboarding_risk,defaulted,4,0.7135
SURV-00609,12,10,0.8333,0.3156,42448.68,13395.81,0.537,1,1,0.177,0,0,OFW Remittance / Dependent,Owned (Inherited/Tax Dec),Widowed,3,6.7,completion_phase,defaulted,0,0.6925
SURV-00610,24,12,0.5,0.4782,14032.21,6710.34,0.257,3,0,0.293,1,0,Agri / Farmer / Fisherfolk,Owned (Inherited/Tax Dec),Married,1,10.8,option_window,defaulted,0,0.6084
SURV-00611,12,9,0.75,0.4796,16197.56,7767.58,0.474,1,0,0.177,0,0,Tricycle / PUV Operator,Rented (Apartment/House),Single,0,18.0,completion_phase,defaulted,0,0.5769
SURV-00612,36,22,0.6111,0.0826,30700.08,2535.88,0.957,0,12,0.0,0,0,Sari-Sari / Small Retail,Owned (Clean Title),Widowed,1,6.6,option_window,defaulted,1,0.7149
SURV-00613,36,31,0.8611,0.1493,19783.65,2954.29,0.809,1,1,0.072,0,0,Agri / Farmer / Fisherfolk,Owned (Inherited/Tax Dec),Married,2,9.5,core_stability,completed,5,0.617
SURV-00614,36,3,0.0833,0.1882,34584.68,6509.12,0.624,1,1,0.002,0,0,Employed (Private/Gov),Owned (Inherited/Tax Dec),Widowed,3,11.4,onboarding_risk,completed,33,0.7182
SURV-00615,24,2,0.0833,0.1105,31620.62,3494.32,0.904,0,2,0.0,0,0,Employed (Private/Gov),Owned (Clean Title),Single,2,9.0,onboarding_risk,completed,22,0.7544
SURV-00616,36,36,1.0,0.2281,24105.68,5499.34,0.395,4,0,0.338,0,1,Sari-Sari / Small Retail,Rented (Apartment/House),Married,4,5.1,completion_phase,defaulted,0,0.5816
SURV-00617,12,7,0.5833,0.1719,33214.69,5708.26,0.775,0,1,0.063,0,0,Public School Teacher,Owned (Inherited/Tax Dec),Widowed,1,2.4,core_stability,completed,5,0.794
SURV-00618,12,6,0.5,0.3836,18050.09,6923.71,0.275,2,1,0.315,0,1,Sari-Sari / Small Retail,Living with Parents/Relatives,Married,1,6.2,core_stability,defaulted,1,0.6752
SURV-00619,12,3,0.25,0.1194,39825.39,4754.08,0.938,0,3,0.0,0,0,Public School Teacher,Owned (Clean Title),Single,2,2.4,onboarding_risk,completed,9,0.7706
SURV-00620,12,6,0.5,0.3524,27051.69,9532.27,0.569,2,0,0.401,0,1,Tricycle / PUV Operator,Owned (Clean Title),Married,3,9.2,core_stability,defaulted,1,0.6054
SURV-00621,12,10,0.8333,0.4799,21231.77,10189.22,0.456,1,0,0.158,1,1,Tricycle / PUV Operator,Living with Parents/Relatives,Single,1,13.9,completion_phase,defaulted,0,0.5859
SURV-00622,24,14,0.5833,0.4249,17106.22,7267.91,0.441,2,1,0.439,0,0,Tricycle / PUV Operator,Owned (Inherited/Tax Dec),Single,1,1.9,core_stability,defaulted,0,0.4929
SURV-00623,12,11,0.9167,0.4998,24798.03,12394.78,0.629,2,1,0.237,1,1,Public School Teacher,Owned (Clean Title),Married,1,9.2,completion_phase,defaulted,1,0.7041
SURV-00624,24,23,0.9583,0.2528,27860.18,7042.12,0.417,4,0,0.332,0,0,Tricycle / PUV Operator,Owned (Inherited/Tax Dec),Single,0,10.1,completion_phase,defaulted,0,0.6184
SURV-00625,36,7,0.1944,0.2233,25287.37,5647.83,0.247,1,1,0.158,1,0,Sari-Sari / Small Retail,Living with Parents/Relatives,Married,0,6.4,core_stability,defaulted,2,0.6153
SURV-00626,36,16,0.4444,0.0981,41788.22,4099.43,0.666,0,0,0.034,0,0,OFW Remittance / Dependent,Owned (Clean Title),Married,4,3.9,option_window,completed,20,0.6699
SURV-00627,24,18,0.75,0.3571,25084.19,8956.87,0.589,2,0,0.357,1,1,Sari-Sari / Small Retail,Owned (Clean Title),Single,2,9.9,core_stability,defaulted,1,0.6437
SURV-00628,36,36,1.0,0.0708,45070.93,3190.28,0.649,1,3,0.065,0,0,Employed (Private/Gov),Rented (Apartment/House),Single,0,4.6,completion_phase,defaulted,0,0.6415
SURV-00629,24,12,0.5,0.3939,18608.7,7330.32,0.22,3,1,0.273,1,0,Tricycle / PUV Operator,Living with Parents/Relatives,Single,3,10.2,option_window,defaulted,0,0.5537
SURV-00630,24,22,0.9167,0.2129,34858.23,7419.91,0.306,2,0,0.372,0,1,Employed (Private/Gov),Owned (Inherited/Tax Dec),Married,3,1.6,completion_phase,defaulted,1,0.7513
SURV-00631,24,5,0.2083,0.079,38915.94,3073.08,0.8,0,0,0.05,0,0,BPO / Call Center Agent,Living with Parents/Relatives,Married,2,4.4,core_stability,completed,19,0.7239
SURV-00632,36,14,0.3889,0.105,36543.09,3835.6,0.696,1,3,0.046,0,0,OFW Remittance / Dependent,Owned (Inherited/Tax Dec),Married,3,1.9,option_window,defaulted,0,0.6742
SURV-00633,12,9,0.75,0.2042,48495.64,9904.85,0.799,0,3,0.043,0,0,Employed (Private/Gov),Living with Parents/Relatives,Married,2,11.0,completion_phase,early_settled,3,0.7223
SURV-00634,36,4,0.1111,0.1346,24258.39,3264.78,0.837,1,1,0.066,0,0,Employed (Private/Gov),Owned (Inherited/Tax Dec),Single,2,4.1,onboarding_risk,defaulted,3,0.7054
SURV-00635,24,11,0.4583,0.2038,28583.65,5826.77,0.806,1,2,0.022,0,0,Employed (Private/Gov),Owned (Inherited/Tax Dec),Single,1,8.7,option_window,completed,13,0.774
SURV-00636,24,12,0.5,0.1164,39575.3,4608.3,0.842,1,3,0.08,1,0,Public School Teacher,Living with Parents/Relatives,Single,2,1.6,option_window,defaulted,0,0.811
SURV-00637,36,24,0.6667,0.1763,34346.87,6054.37,0.75,0,3,0.116,0,0,BPO / Call Center Agent,Owned (Inherited/Tax Dec),Married,1,3.5,option_window,completed,12,0.6832
SURV-00638,24,1,0.0417,0.1956,27638.08,5406.17,0.559,2,0,0.25,0,0,Tricycle / PUV Operator,Living with Parents/Relatives,Single,0,5.6,onboarding_risk,defaulted,1,0.7083
SURV-00639,36,18,0.5,0.1732,36015.55,6238.76,0.631,0,1,0.124,0,0,BPO / Call Center Agent,Owned (Clean Title),Single,1,4.6,option_window,completed,18,0.6556
SURV-00640,12,2,0.1667,0.5833,17076.81,9960.82,0.333,1,0,0.217,0,0,Agri / Farmer / Fisherfolk,Owned (Clean Title),Widowed,0,8.4,onboarding_risk,defaulted,1,0.5889
SURV-00641,12,8,0.6667,0.2698,23695.86,6393.34,0.516,2,0,0.374,0,0,Sari-Sari / Small Retail,Rented (Apartment/House),Widowed,3,9.0,core_stability,defaulted,0,0.6248
SURV-00642,24,9,0.375,0.4515,16141.26,7288.0,0.63,3,1,0.292,0,0,Tricycle / PUV Operator,Living with Parents/Relatives,Married,1,5.8,core_stability,defaulted,0,0.5823
SURV-00643,36,14,0.3889,0.1168,26524.83,3099.2,0.604,1,0,0.13,0,0,Sari-Sari / Small Retail,Owned (Clean Title),Married,3,4.9,option_window,completed,22,0.59
SURV-00644,12,4,0.3333,0.1253,50501.25,6326.2,0.858,0,1,0.0,0,0,OFW Remittance / Dependent,Owned (Inherited/Tax Dec),Married,1,8.6,onboarding_risk,completed,8,0.8756
SURV-00645,12,5,0.4167,0.2691,22378.43,6021.34,0.481,4,0,0.339,0,1,Sari-Sari / Small Retail,Rented (Apartment/House),Single,0,9.5,core_stability,defaulted,2,0.6626
SURV-00646,24,20,0.8333,0.1411,24983.21,3525.52,0.96,0,6,0.0,0,0,Employed (Private/Gov),Owned (Inherited/Tax Dec),Married,1,9.5,core_stability,early_settled,0,0.7769
SURV-00647,36,18,0.5,0.2008,23324.77,4683.47,0.299,1,0,0.183,1,1,Agri / Farmer / Fisherfolk,Living with Parents/Relatives,Married,3,13.2,option_window,completed,18,0.5793
SURV-00648,12,2,0.1667,0.4315,28953.33,12493.04,0.533,3,0,0.339,0,0,Sari-Sari / Small Retail,Owned (Clean Title),Married,0,4.3,onboarding_risk,defaulted,1,0.5916
SURV-00649,12,6,0.5,0.9207,15686.44,14443.05,0.47,1,0,0.438,0,0,Agri / Farmer / Fisherfolk,Owned (Clean Title),Married,2,5.2,core_stability,defaulted,1,0.5468
SURV-00650,36,14,0.3889,0.2552,19692.94,5024.75,0.627,1,1,0.323,0,0,Tricycle / PUV Operator,Rented (Apartment/House),Married,3,6.2,option_window,defaulted,1,0.5992
SURV-00651,24,5,0.2083,0.0929,55552.66,5160.28,0.956,0,1,0.0,0,0,OFW Remittance / Dependent,Living with Parents/Relatives,Married,3,11.6,core_stability,completed,19,0.8032
SURV-00652,12,10,0.8333,0.1359,50325.85,6838.14,0.699,1,0,0.145,0,0,OFW Remittance / Dependent,Owned (Inherited/Tax Dec),Married,2,2.3,completion_phase,completed,2,0.7752
SURV-00653,24,16,0.6667,0.1915,18910.68,3620.92,0.647,1,3,0.057,0,0,Tricycle / PUV Operator,Owned (Inherited/Tax Dec),Widowed,2,7.7,core_stability,completed,8,0.657
SURV-00654,24,19,0.7917,0.1153,42133.7,4857.18,0.901,0,10,0.0,0,0,OFW Remittance / Dependent,Owned (Clean Title),Married,0,10.2,core_stability,early_settled,0,0.7563
SURV-00655,36,33,0.9167,0.1006,30284.44,3047.7,0.957,0,6,0.0,0,0,Employed (Private/Gov),Owned (Clean Title),Married,3,10.0,completion_phase,completed,3,0.762
SURV-00656,24,2,0.0833,0.139,45285.9,6295.96,0.819,0,2,0.125,1,0,OFW Remittance / Dependent,Owned (Inherited/Tax Dec),Single,1,1.9,onboarding_risk,completed,22,0.7619
SURV-00657,36,19,0.5278,0.1545,27070.27,4182.32,0.45,4,1,0.214,1,1,BPO / Call Center Agent,Rented (Apartment/House),Married,3,3.6,option_window,defaulted,0,0.6101
SURV-00658,24,21,0.875,0.2382,35610.91,8483.19,0.814,0,0,0.112,1,0,Public School Teacher,Rented (Apartment/House),Married,3,5.2,completion_phase,defaulted,0,0.708
SURV-00659,12,11,0.9167,0.4495,30088.39,13525.12,0.261,3,1,0.372,0,0,BPO / Call Center Agent,Owned (Clean Title),Single,2,13.7,completion_phase,defaulted,1,0.6796
SURV-00660,24,5,0.2083,0.089,65497.03,5828.1,0.9,0,2,0.0,0,0,OFW Remittance / Dependent,Living with Parents/Relatives,Married,1,3.3,core_stability,completed,19,0.7482
SURV-00661,24,9,0.375,0.1865,27187.63,5071.45,0.367,1,0,0.187,1,0,Tricycle / PUV Operator,Rented (Apartment/House),Married,3,5.2,core_stability,defaulted,0,0.6304
SURV-00662,24,6,0.25,0.1618,25070.4,4055.68,0.688,1,0,0.052,0,0,BPO / Call Center Agent,Living with Parents/Relatives,Married,2,2.4,core_stability,defaulted,1,0.74
SURV-00663,24,24,1.0,0.2479,22621.41,5608.66,0.398,2,1,0.403,0,1,Agri / Farmer / Fisherfolk,Owned (Inherited/Tax Dec),Single,1,7.5,completion_phase,defaulted,0,0.7084
SURV-00664,36,20,0.5556,0.185,24895.51,4606.34,0.709,0,1,0.126,0,0,Sari-Sari / Small Retail,Owned (Clean Title),Widowed,1,9.9,option_window,completed,16,0.6903
SURV-00665,24,22,0.9167,0.2423,38514.62,9331.99,0.619,2,0,0.275,1,0,OFW Remittance / Dependent,Rented (Apartment/House),Married,2,1.0,completion_phase,defaulted,0,0.6591
SURV-00666,12,1,0.0833,0.2151,51246.77,11025.1,0.813,1,1,0.1,0,0,Public School Teacher,Rented (Apartment/House),Married,1,10.5,onboarding_risk,completed,11,0.7085
SURV-00667,36,26,0.7222,0.1001,31331.22,3136.97,0.886,0,12,0.0,0,0,Employed (Private/Gov),Owned (Clean Title),Widowed,0,5.8,core_stability,early_settled,1,0.698
SURV-00668,36,10,0.2778,0.2862,18041.9,5163.73,0.399,4,0,0.291,1,1,Agri / Farmer / Fisherfolk,Living with Parents/Relatives,Married,0,3.6,core_stability,early_settled,10,0.5568
SURV-00669,12,5,0.4167,0.3473,25408.97,8824.16,0.457,4,0,0.409,0,0,Tricycle / PUV Operator,Owned (Clean Title),Widowed,0,3.9,core_stability,defaulted,2,0.7091
SURV-00670,36,33,0.9167,0.0653,51692.63,3374.07,0.88,0,6,0.0,0,0,OFW Remittance / Dependent,Rented (Apartment/House),Married,1,8.9,completion_phase,completed,3,0.7362
SURV-00671,12,12,1.0,0.2187,39651.36,8669.92,0.827,1,1,0.12,0,0,OFW Remittance / Dependent,Owned (Inherited/Tax Dec),Single,4,22.0,completion_phase,completed,0,0.7405
SURV-00672,24,9,0.375,0.0687,41375.52,2843.57,0.898,0,1,0.0,0,0,Public School Teacher,Living with Parents/Relatives,Married,1,4.1,core_stability,completed,15,0.7461
SURV-00673,12,10,0.8333,0.4606,19305.97,8892.36,0.519,3,1,0.195,1,0,Sari-Sari / Small Retail,Owned (Inherited/Tax Dec),Married,1,6.2,completion_phase,defaulted,1,0.63
SURV-00674,24,8,0.3333,0.3003,30713.23,9222.48,0.225,1,1,0.278,0,1,Sari-Sari / Small Retail,Owned (Inherited/Tax Dec),Widowed,2,5.7,core_stability,defaulted,0,0.6235
SURV-00675,36,9,0.25,0.1133,58488.36,6627.55,0.987,0,6,0.0,0,0,Employed (Private/Gov),Owned (Inherited/Tax Dec),Married,2,11.1,core_stability,completed,27,0.7104
SURV-00676,12,8,0.6667,0.33,32802.41,10826.11,0.348,4,1,0.374,1,1,BPO / Call Center Agent,Owned (Clean Title),Married,4,1.8,core_stability,defaulted,1,0.6738
SURV-00677,36,18,0.5,0.2771,17026.07,4717.87,0.469,2,1,0.326,0,0,Agri / Farmer / Fisherfolk,Owned (Inherited/Tax Dec),Married,0,4.1,option_window,defaulted,1,0.6312
SURV-00678,12,12,1.0,0.3265,31744.6,10365.01,0.331,1,1,0.43,0,0,OFW Remittance / Dependent,Living with Parents/Relatives,Married,1,10.4,completion_phase,defaulted,0,0.7394
SURV-00679,36,19,0.5278,0.1851,26023.07,4818.02,0.59,2,1,0.193,0,1,Sari-Sari / Small Retail,Living with Parents/Relatives,Married,3,3.0,option_window,defaulted,1,0.6221
SURV-00680,24,1,0.0417,0.1769,27592.47,4880.06,0.49,2,0,0.39,0,0,Sari-Sari / Small Retail,Rented (Apartment/House),Married,2,6.3,onboarding_risk,defaulted,1,0.677
SURV-00681,36,25,0.6944,0.2552,21843.71,5575.05,0.614,1,2,0.024,0,0,BPO / Call Center Agent,Owned (Inherited/Tax Dec),Married,2,8.6,option_window,defaulted,0,0.6389
SURV-00682,12,5,0.4167,0.2461,27290.45,6716.06,0.806,1,3,0.029,0,0,Employed (Private/Gov),Living with Parents/Relatives,Married,1,5.2,core_stability,completed,7,0.7658
SURV-00683,12,5,0.4167,0.1936,41640.19,8061.7,0.826,0,3,0.084,0,0,Public School Teacher,Living with Parents/Relatives,Married,0,4.7,core_stability,completed,7,0.7333
SURV-00684,36,22,0.6111,0.0628,48629.53,3051.97,0.87,0,12,0.0,0,0,OFW Remittance / Dependent,Rented (Apartment/House),Married,1,7.8,option_window,completed,14,0.7228
SURV-00685,12,5,0.4167,0.4047,30873.96,12493.26,0.35,1,0,0.217,1,1,Sari-Sari / Small Retail,Living with Parents/Relatives,Married,1,5.4,core_stability,defaulted,2,0.6453
SURV-00686,12,2,0.1667,0.5563,21320.08,11860.68,0.551,4,0,0.409,0,0,Agri / Farmer / Fisherfolk,Owned (Clean Title),Single,1,6.9,onboarding_risk,completed,10,0.5905
SURV-00687,24,7,0.2917,0.2958,20082.91,5940.16,0.405,4,0,0.157,0,0,Sari-Sari / Small Retail,Owned (Inherited/Tax Dec),Married,1,4.4,core_stability,defaulted,0,0.6256
SURV-00688,36,20,0.5556,0.1012,28222.24,2855.6,0.826,1,3,0.132,0,0,BPO / Call Center Agent,Living with Parents/Relatives,Married,1,3.7,option_window,completed,16,0.6833
SURV-00689,24,21,0.875,0.077,65896.74,5071.96,0.856,0,7,0.0,0,0,OFW Remittance / Dependent,Living with Parents/Relatives,Married,3,7.4,completion_phase,early_settled,0,0.7325
SURV-00690,24,4,0.1667,0.2394,33661.2,8057.63,0.71,1,0,0.013,0,0,Public School Teacher,Owned (Clean Title),Married,3,6.4,onboarding_risk,completed,20,0.7406
SURV-00691,24,4,0.1667,0.0997,42308.59,4219.05,0.893,0,2,0.0,0,0,Public School Teacher,Owned (Clean Title),Widowed,1,3.4,onboarding_risk,completed,20,0.7776
SURV-00692,12,12,1.0,0.1555,60131.92,9347.69,0.671,1,3,0.068,0,0,OFW Remittance / Dependent,Rented (Apartment/House),Single,1,3.0,completion_phase,defaulted,0,0.7554
SURV-00693,24,6,0.25,0.2244,24818.29,5568.83,0.775,0,1,0.057,0,0,BPO / Call Center Agent,Owned (Inherited/Tax Dec),Single,0,8.2,core_stability,completed,18,0.7175
SURV-00694,24,8,0.3333,0.2309,22695.51,5240.84,0.553,4,0,0.25,0,0,Tricycle / PUV Operator,Living with Parents/Relatives,Widowed,2,4.7,core_stability,defaulted,1,0.6681
SURV-00695,12,5,0.4167,0.3717,30917.3,11493.44,0.296,3,1,0.375,1,0,Sari-Sari / Small Retail,Rented (Apartment/House),Married,1,5.5,core_stability,defaulted,0,0.6539
SURV-00696,36,19,0.5278,0.0713,41299.6,2944.22,0.817,1,1,0.056,1,0,Sari-Sari / Small Retail,Rented (Apartment/House),Married,2,8.5,option_window,defaulted,0,0.6757
SURV-00697,24,14,0.5833,0.1395,42827.5,5974.42,0.686,1,1,0.107,0,0,BPO / Call Center Agent,Owned (Clean Title),Married,0,3.5,core_stability,defaulted,0,0.7377
SURV-00698,36,32,0.8889,0.3965,16928.36,6711.85,0.299,3,1,0.227,0,0,Agri / Farmer / Fisherfolk,Living with Parents/Relatives,Married,3,5.0,core_stability,defaulted,1,0.5494
SURV-00699,12,12,1.0,0.2832,37530.79,10628.99,0.698,1,3,0.056,1,0,Employed (Private/Gov),Living with Parents/Relatives,Married,0,12.9,completion_phase,completed,0,0.7227
SURV-00700,24,16,0.6667,0.1516,33463.04,5073.5,0.963,0,7,0.0,0,0,Employed (Private/Gov),Owned (Inherited/Tax Dec),Widowed,1,5.4,core_stability,completed,8,0.7714
SURV-00701,24,5,0.2083,0.1474,21200.33,3124.93,0.28,1,0,0.37,0,0,Agri / Farmer / Fisherfolk,Rented (Apartment/House),Married,2,7.9,core_stability,defaulted,0,0.6747
SURV-00702,12,3,0.25,0.138,37094.0,5118.24,0.717,1,3,0.067,0,0,OFW Remittance / Dependent,Rented (Apartment/House),Single,0,3.5,onboarding_risk,defaulted,1,0.7762
SURV-00703,24,17,0.7083,0.135,32850.68,4434.83,0.826,1,0,0.075,0,0,BPO / Call Center Agent,Owned (Inherited/Tax Dec),Married,3,4.6,core_stability,defaulted,0,0.7039
SURV-00704,12,7,0.5833,0.1982,41711.06,8265.85,0.795,0,2,0.066,0,0,Employed (Private/Gov),Owned (Inherited/Tax Dec),Married,0,9.4,core_stability,completed,5,0.7706
SURV-00705,24,5,0.2083,0.1037,39654.19,4111.29,0.877,0,3,0.0,0,0,OFW Remittance / Dependent,Owned (Clean Title),Married,2,10.1,core_stability,completed,19,0.7726
SURV-00706,24,19,0.7917,0.2876,28194.75,8109.11,0.628,4,0,0.304,0,1,Sari-Sari / Small Retail,Rented (Apartment/House),Single,2,4.9,core_stability,defaulted,0,0.624
SURV-00707,12,8,0.6667,0.419,25129.58,10529.67,0.462,2,0,0.28,1,1,Tricycle / PUV Operator,Owned (Inherited/Tax Dec),Married,4,3.1,core_stability,defaulted,1,0.6366
SURV-00708,36,8,0.2222,0.1742,14945.54,2603.0,0.325,2,0,0.433,1,0,Tricycle / PUV Operator,Living with Parents/Relatives,Widowed,1,3.9,core_stability,defaulted,0,0.6466
SURV-00709,36,18,0.5,0.1389,30768.5,4274.22,0.611,0,3,0.068,0,0,BPO / Call Center Agent,Rented (Apartment/House),Single,2,8.5,option_window,defaulted,1,0.7009
SURV-00710,36,6,0.1667,0.0346,66662.47,2304.96,0.897,0,1,0.0,0,0,OFW Remittance / Dependent,Owned (Clean Title),Widowed,1,4.3,core_stability,defaulted,0,0.7319
SURV-00711,12,7,0.5833,0.4409,25260.14,11136.11,0.353,4,0,0.271,1,0,Employed (Private/Gov),Living with Parents/Relatives,Married,3,5.2,core_stability,completed,5,0.6387
SURV-00712,24,9,0.375,0.5514,12649.98,6974.72,0.39,1,1,0.193,1,0,Agri / Farmer / Fisherfolk,Owned (Clean Title),Widowed,0,14.4,core_stability,defaulted,1,0.4776
SURV-00713,12,2,0.1667,0.5229,30076.61,15727.92,0.219,3,0,0.255,0,0,Sari-Sari / Small Retail,Rented (Apartment/House),Married,2,7.7,onboarding_risk,defaulted,3,0.5808
SURV-00714,36,8,0.2222,0.094,37393.12,3516.47,0.952,0,8,0.0,0,0,Employed (Private/Gov),Owned (Clean Title),Single,1,5.8,core_stability,completed,28,0.7675
SURV-00715,24,24,1.0,0.1148,41649.74,4781.09,0.943,0,12,0.0,0,0,Public School Teacher,Owned (Clean Title),Single,4,5.1,completion_phase,completed,0,0.7484
SURV-00716,24,20,0.8333,0.2261,28823.44,6515.58,0.741,1,3,0.134,0,0,Public School Teacher,Living with Parents/Relatives,Married,2,3.1,core_stability,completed,4,0.7175
SURV-00717,24,20,0.8333,0.1695,20313.09,3443.66,0.663,0,2,0.104,0,0,Sari-Sari / Small Retail,Owned (Inherited/Tax Dec),Single,0,7.5,core_stability,defaulted,1,0.7139
SURV-00718,24,22,0.9167,0.2553,25780.34,6582.78,0.617,4,0,0.204,0,0,Tricycle / PUV Operator,Rented (Apartment/House),Married,0,13.0,completion_phase,defaulted,1,0.6602
SURV-00719,24,13,0.5417,0.2959,30222.44,8943.31,0.518,2,0,0.406,0,0,Sari-Sari / Small Retail,Owned (Inherited/Tax Dec),Married,1,4.9,option_window,defaulted,0,0.5851
SURV-00720,36,9,0.25,0.3765,16921.73,6371.06,0.301,2,0,0.357,0,0,Tricycle / PUV Operator,Owned (Clean Title),Widowed,2,6.4,core_stability,defaulted,0,0.5374
SURV-00721,12,9,0.75,0.5111,24519.31,12532.28,0.344,2,0,0.412,1,0,Tricycle / PUV Operator,Living with Parents/Relatives,Widowed,1,4.0,completion_phase,defaulted,1,0.6438
SURV-00722,12,4,0.3333,0.3132,16503.17,5168.89,0.358,1,0,0.379,0,0,Tricycle / PUV Operator,Owned (Clean Title),Widowed,1,10.8,onboarding_risk,defaulted,1,0.674
SURV-00723,24,17,0.7083,0.3203,18092.92,5795.91,0.582,2,1,0.158,0,0,Agri / Farmer / Fisherfolk,Owned (Clean Title),Married,0,5.5,core_stability,completed,7,0.6212
SURV-00724,24,22,0.9167,0.4183,14104.33,5899.37,0.432,1,0,0.426,1,0,Tricycle / PUV Operator,Owned (Clean Title),Married,2,2.0,completion_phase,defaulted,1,0.56
SURV-00725,12,4,0.3333,0.3006,23158.44,6962.08,0.493,3,1,0.273,0,0,Sari-Sari / Small Retail,Owned (Clean Title),Married,0,5.4,onboarding_risk,defaulted,1,0.6582
SURV-00726,24,4,0.1667,0.1145,38386.34,4394.69,0.458,4,1,0.437,0,1,BPO / Call Center Agent,Rented (Apartment/House),Married,3,1.2,onboarding_risk,defaulted,1,0.7002
SURV-00727,24,21,0.875,0.0704,69092.94,4866.05,0.886,0,8,0.0,0,0,OFW Remittance / Dependent,Owned (Inherited/Tax Dec),Single,1,4.2,completion_phase,completed,3,0.7915
SURV-00728,24,1,0.0417,0.1422,60592.1,8618.38,0.692,1,2,0.021,0,0,OFW Remittance / Dependent,Rented (Apartment/House),Married,4,17.5,onboarding_risk,completed,23,0.6539
SURV-00729,24,2,0.0833,0.1961,38276.07,7507.56,0.799,1,2,0.114,0,0,Employed (Private/Gov),Rented (Apartment/House),Married,1,10.5,onboarding_risk,defaulted,4,0.7199
SURV-00730,24,10,0.4167,0.1138,47079.44,5356.28,0.92,0,3,0.0,0,0,OFW Remittance / Dependent,Living with Parents/Relatives,Married,2,12.9,core_stability,completed,14,0.7612
SURV-00731,36,15,0.4167,0.0852,32186.95,2742.01,0.929,0,1,0.0,0,0,Employed (Private/Gov),Rented (Apartment/House),Widowed,1,9.1,option_window,completed,21,0.736
SURV-00732,36,1,0.0278,0.0742,54151.95,4017.14,0.88,0,1,0.0,0,0,OFW Remittance / Dependent,Owned (Inherited/Tax Dec),Married,1,11.8,onboarding_risk,defaulted,5,0.7519
SURV-00733,24,18,0.75,0.1525,33440.47,5100.55,0.651,0,3,0.126,0,0,Public School Teacher,Rented (Apartment/House),Married,4,6.7,core_stability,defaulted,1,0.7054
SURV-00734,12,1,0.0833,0.3202,31633.88,10129.6,0.644,1,2,0.008,0,0,Public School Teacher,Living with Parents/Relatives,Widowed,2,9.6,onboarding_risk,completed,11,0.7508
SURV-00735,24,20,0.8333,0.209,34165.97,7140.56,0.79,1,1,0.096,0,0,Employed (Private/Gov),Owned (Inherited/Tax Dec),Married,1,6.5,core_stability,completed,4,0.741
SURV-00736,24,10,0.4167,0.1829,45765.28,8369.95,0.603,1,3,0.1,0,0,OFW Remittance / Dependent,Living with Parents/Relatives,Widowed,2,11.5,core_stability,completed,14,0.6802
SURV-00737,36,8,0.2222,0.1947,31685.11,6169.65,0.565,4,0,0.169,0,0,Employed (Private/Gov),Rented (Apartment/House),Married,2,3.5,core_stability,defaulted,0,0.634
SURV-00738,36,23,0.6389,0.2313,18934.48,4378.9,0.395,3,0,0.268,0,0,Tricycle / PUV Operator,Rented (Apartment/House),Widowed,3,4.0,option_window,defaulted,1,0.5186
SURV-00739,12,9,0.75,0.194,32479.4,6300.72,0.71,0,2,0.117,0,0,Employed (Private/Gov),Rented (Apartment/House),Married,0,15.0,completion_phase,defaulted,1,0.7247
SURV-00740,24,9,0.375,0.1219,31608.46,3852.27,0.627,1,1,0.072,0,0,Sari-Sari / Small Retail,Owned (Clean Title),Married,2,17.1,core_stability,completed,15,0.7111
SURV-00741,36,16,0.4444,0.1727,28923.6,4995.66,0.74,1,1,0.105,0,0,BPO / Call Center Agent,Rented (Apartment/House),Single,2,12.2,option_window,completed,20,0.6973
SURV-00742,36,17,0.4722,0.0674,34210.33,2304.56,0.959,0,6,0.0,0,0,Employed (Private/Gov),Owned (Clean Title),Widowed,1,10.7,option_window,completed,19,0.7563
SURV-00743,24,15,0.625,0.489,18954.09,9267.91,0.518,4,0,0.168,1,0,Agri / Farmer / Fisherfolk,Owned (Inherited/Tax Dec),Widowed,2,10.6,core_stability,defaulted,1,0.5744
SURV-00744,12,7,0.5833,0.1159,43642.25,5056.67,0.866,0,2,0.0,0,0,Public School Teacher,Owned (Inherited/Tax Dec),Single,1,5.0,core_stability,completed,5,0.8531
SURV-00745,24,10,0.4167,0.2048,19880.55,4071.0,0.584,4,0,0.252,1,0,Agri / Farmer / Fisherfolk,Owned (Clean Title),Single,1,2.9,core_stability,defaulted,0,0.6392
SURV-00746,24,21,0.875,0.3077,24835.02,7640.81,0.571,4,0,0.308,1,0,Sari-Sari / Small Retail,Living with Parents/Relatives,Married,2,7.5,completion_phase,defaulted,0,0.7076
SURV-00747,36,25,0.6944,0.1751,22033.38,3858.95,0.452,2,1,0.421,0,0,Tricycle / PUV Operator,Owned (Inherited/Tax Dec),Married,4,3.9,option_window,defaulted,0,0.6214
SURV-00748,36,4,0.1111,0.1229,50150.06,6161.51,0.846,0,2,0.025,0,0,OFW Remittance / Dependent,Rented (Apartment/House),Married,2,9.7,onboarding_risk,completed,32,0.732
SURV-00749,36,25,0.6944,0.19,31866.18,6053.96,0.839,0,0,0.0,0,0,Sari-Sari / Small Retail,Owned (Inherited/Tax Dec),Married,2,12.4,option_window,completed,11,0.6343
SURV-00750,24,19,0.7917,0.4394,16551.83,7272.8,0.215,2,0,0.28,0,0,Agri / Farmer / Fisherfolk,Rented (Apartment/House),Single,1,7.2,core_stability,defaulted,1,0.5648
SURV-00751,12,1,0.0833,0.2248,41008.3,9219.27,0.692,0,3,0.076,0,0,Public School Teacher,Living with Parents/Relatives,Married,2,16.5,onboarding_risk,completed,11,0.8046
SURV-00752,24,13,0.5417,0.5052,14283.19,7216.46,0.548,4,0,0.35,0,0,Agri / Farmer / Fisherfolk,Living with Parents/Relatives,Single,2,2.8,option_window,defaulted,0,0.5562
SURV-00753,24,21,0.875,0.3951,16610.62,6562.7,0.517,2,1,0.207,1,1,Tricycle / PUV Operator,Rented (Apartment/House),Married,0,9.5,completion_phase,defaulted,0,0.5803
SURV-00754,36,7,0.1944,0.1596,32888.28,5248.11,0.675,0,0,0.05,0,0,BPO / Call Center Agent,Owned (Clean Title),Single,3,8.1,core_stability,completed,29,0.7158
SURV-00755,12,4,0.3333,0.2509,54740.22,13732.19,0.826,0,3,0.046,0,0,OFW Remittance / Dependent,Owned (Inherited/Tax Dec),Widowed,3,8.4,onboarding_risk,completed,8,0.7291
SURV-00756,24,5,0.2083,0.0992,29195.66,2895.57,0.956,0,4,0.0,0,0,Public School Teacher,Owned (Clean Title),Single,3,8.1,core_stability,completed,19,0.7431
SURV-00757,24,9,0.375,0.3437,17794.42,6116.81,0.293,2,0,0.187,0,0,Agri / Farmer / Fisherfolk,Owned (Clean Title),Widowed,0,12.9,core_stability,defaulted,0,0.6642
SURV-00758,36,33,0.9167,0.079,44568.84,3521.76,0.957,0,3,0.0,0,0,OFW Remittance / Dependent,Rented (Apartment/House),Married,2,5.0,completion_phase,early_settled,0,0.7482
SURV-00759,12,8,0.6667,0.3617,41739.79,15095.2,0.59,3,0,0.226,1,0,Public School Teacher,Owned (Clean Title),Single,2,3.2,core_stability,defaulted,0,0.7213
SURV-00760,12,7,0.5833,0.2013,33507.77,6744.66,0.772,0,2,0.117,0,0,Employed (Private/Gov),Living with Parents/Relatives,Married,1,4.7,core_stability,defaulted,1,0.7661
SURV-00761,24,2,0.0833,0.2104,16581.42,3489.47,0.443,3,1,0.408,1,1,Tricycle / PUV Operator,Owned (Inherited/Tax Dec),Single,2,14.4,onboarding_risk,defaulted,4,0.6544
SURV-00762,12,5,0.4167,0.9222,14600.94,13465.69,0.311,1,0,0.298,0,0,Agri / Farmer / Fisherfolk,Owned (Inherited/Tax Dec),Married,2,11.8,core_stability,defaulted,0,0.58
SURV-00763,36,30,0.8333,0.1911,31054.46,5933.76,0.433,2,0,0.363,0,0,Employed (Private/Gov),Rented (Apartment/House),Single,1,2.2,core_stability,defaulted,1,0.6654
SURV-00764,24,2,0.0833,0.2067,28773.71,5948.36,0.608,1,2,0.023,0,0,Sari-Sari / Small Retail,Owned (Inherited/Tax Dec),Married,1,13.4,onboarding_risk,completed,22,0.7186
SURV-00765,36,21,0.5833,0.1759,20071.66,3530.32,0.501,4,0,0.223,0,0,Agri / Farmer / Fisherfolk,Rented (Apartment/House),Married,3,4.4,option_window,defaulted,0,0.6023
SURV-00766,12,7,0.5833,0.5368,16304.44,8752.07,0.305,4,0,0.41,1,0,Sari-Sari / Small Retail,Owned (Clean Title),Married,3,14.5,core_stability,defaulted,1,0.5544
SURV-00767,24,16,0.6667,0.1465,36271.16,5312.33,0.908,0,3,0.0,0,0,BPO / Call Center Agent,Owned (Inherited/Tax Dec),Single,1,24.3,core_stability,completed,8,0.7429
SURV-00768,36,9,0.25,0.0597,38094.41,2274.93,0.942,0,1,0.0,0,0,OFW Remittance / Dependent,Living with Parents/Relatives,Married,2,7.8,core_stability,completed,27,0.773
SURV-00769,24,15,0.625,0.1088,33825.63,3679.45,0.994,0,7,0.0,0,0,BPO / Call Center Agent,Owned (Clean Title),Widowed,3,8.4,core_stability,early_settled,0,0.7235
SURV-00770,12,3,0.25,0.4898,24334.33,11919.89,0.436,2,0,0.421,0,0,OFW Remittance / Dependent,Living with Parents/Relatives,Married,4,8.4,onboarding_risk,defaulted,3,0.6274
SURV-00771,12,7,0.5833,0.4939,29623.95,14629.98,0.523,3,1,0.299,1,0,Tricycle / PUV Operator,Owned (Clean Title),Single,0,7.8,core_stability,defaulted,1,0.5929
SURV-00772,12,12,1.0,0.3682,35097.87,12924.6,0.545,4,1,0.436,0,1,Employed (Private/Gov),Owned (Inherited/Tax Dec),Married,3,11.7,completion_phase,defaulted,0,0.7019
SURV-00773,24,24,1.0,0.2138,38353.78,8200.89,0.344,1,0,0.319,1,0,OFW Remittance / Dependent,Rented (Apartment/House),Single,2,1.0,completion_phase,defaulted,0,0.6321
SURV-00774,24,5,0.2083,0.1518,20599.26,3126.7,0.673,1,1,0.122,1,0,Sari-Sari / Small Retail,Owned (Inherited/Tax Dec),Married,1,6.3,core_stability,defaulted,3,0.7205
SURV-00775,12,5,0.4167,0.591,17899.16,10578.42,0.453,1,0,0.362,1,0,Agri / Farmer / Fisherfolk,Rented (Apartment/House),Married,1,7.9,core_stability,defaulted,1,0.6237
SURV-00776,24,3,0.125,0.3581,17152.34,6143.03,0.576,1,0,0.335,1,1,Agri / Farmer / Fisherfolk,Owned (Inherited/Tax Dec),Widowed,0,14.2,onboarding_risk,defaulted,4,0.6062
SURV-00777,12,12,1.0,0.6206,18112.16,11240.22,0.283,3,0,0.374,1,0,Agri / Farmer / Fisherfolk,Rented (Apartment/House),Married,1,5.1,completion_phase,defaulted,0,0.6187
SURV-00778,36,25,0.6944,0.2547,13755.75,3503.77,0.321,3,0,0.34,0,1,Tricycle / PUV Operator,Owned (Inherited/Tax Dec),Widowed,0,15.2,option_window,defaulted,0,0.6816
SURV-00779,24,6,0.25,0.1352,24245.0,3278.7,0.829,1,2,0.097,0,0,Sari-Sari / Small Retail,Owned (Clean Title),Married,1,13.3,core_stability,defaulted,2,0.8235
SURV-00780,24,21,0.875,0.144,53898.9,7759.56,0.64,1,3,0.084,1,0,OFW Remittance / Dependent,Living with Parents/Relatives,Widowed,4,1.0,completion_phase,defaulted,0,0.6959
SURV-00781,36,1,0.0278,0.2395,12000.0,2874.33,0.483,2,0,0.19,0,1,Agri / Farmer / Fisherfolk,Living with Parents/Relatives,Married,2,2.7,onboarding_risk,completed,35,0.6097
SURV-00782,12,10,0.8333,0.1332,40841.54,5440.48,0.655,0,0,0.047,1,0,Public School Teacher,Rented (Apartment/House),Married,2,5.0,completion_phase,completed,2,0.7771
SURV-00783,12,8,0.6667,0.298,38413.67,11446.93,0.304,4,1,0.353,0,0,Employed (Private/Gov),Owned (Clean Title),Married,0,4.3,core_stability,defaulted,0,0.727
SURV-00784,12,12,1.0,0.3773,23217.54,8761.0,0.305,2,0,0.3,1,0,BPO / Call Center Agent,Rented (Apartment/House),Married,2,7.6,completion_phase,defaulted,0,0.6968
SURV-00785,36,25,0.6944,0.1063,30787.84,3272.68,0.827,0,2,0.1,0,0,BPO / Call Center Agent,Living with Parents/Relatives,Married,3,6.9,option_window,completed,11,0.7054
SURV-00786,24,8,0.3333,0.2176,39671.34,8633.95,0.651,0,3,0.104,1,0,OFW Remittance / Dependent,Owned (Clean Title),Married,1,17.8,core_stability,completed,16,0.7663
SURV-00787,36,2,0.0556,0.0398,52098.68,2072.26,0.928,0,2,0.0,0,0,Public School Teacher,Living with Parents/Relatives,Widowed,0,11.4,onboarding_risk,completed,34,0.7865
SURV-00788,24,8,0.3333,0.1208,43607.7,5268.87,0.897,0,5,0.0,0,0,Public School Teacher,Owned (Clean Title),Widowed,1,5.8,core_stability,early_settled,3,0.7694
SURV-00789,24,22,0.9167,0.2052,31595.33,6483.14,0.376,4,0,0.371,0,0,BPO / Call Center Agent,Rented (Apartment/House),Married,0,4.7,completion_phase,defaulted,1,0.6727
SURV-00790,12,11,0.9167,0.2772,34792.92,9645.24,0.508,4,0,0.444,0,0,Employed (Private/Gov),Owned (Inherited/Tax Dec),Married,0,2.9,completion_phase,defaulted,1,0.692
SURV-00791,36,26,0.7222,0.0618,51581.4,3185.69,0.969,0,1,0.0,0,0,OFW Remittance / Dependent,Owned (Clean Title),Married,0,3.1,core_stability,completed,10,0.7547
SURV-00792,12,8,0.6667,0.4866,22699.89,11045.0,0.518,1,1,0.25,1,0,Tricycle / PUV Operator,Living with Parents/Relatives,Widowed,1,5.2,core_stability,defaulted,0,0.5778
SURV-00793,24,3,0.125,0.0411,75600.72,3110.37,0.911,0,3,0.0,0,0,OFW Remittance / Dependent,Owned (Inherited/Tax Dec),Married,3,5.4,onboarding_risk,completed,21,0.7845
SURV-00794,24,4,0.1667,0.0913,41444.72,3784.25,0.902,0,1,0.0,0,0,BPO / Call Center Agent,Living with Parents/Relatives,Married,1,10.4,onboarding_risk,completed,20,0.7554
SURV-00795,24,15,0.625,0.2554,18205.07,4649.62,0.468,1,0,0.422,1,1,Sari-Sari / Small Retail,Owned (Clean Title),Married,0,9.2,core_stability,defaulted,1,0.6542
SURV-00796,24,23,0.9583,0.2331,30644.76,7142.16,0.8,1,3,0.131,0,0,Public School Teacher,Owned (Clean Title),Widowed,1,15.7,completion_phase,completed,1,0.8055
SURV-00797,12,11,0.9167,0.8574,12000.0,10288.33,0.235,2,1,0.389,0,0,Agri / Farmer / Fisherfolk,Rented (Apartment/House),Widowed,0,9.7,completion_phase,defaulted,1,0.6042
SURV-00798,24,23,0.9583,0.0753,59865.91,4506.94,0.942,0,1,0.0,0,0,OFW Remittance / Dependent,Owned (Inherited/Tax Dec),Married,2,5.6,completion_phase,early_settled,0,0.7757
SURV-00799,12,12,1.0,0.1574,75911.05,11949.16,0.887,0,3,0.0,0,0,OFW Remittance / Dependent,Owned (Inherited/Tax Dec),Married,0,11.3,completion_phase,completed,0,0.7676
SURV-00800,24,16,0.6667,0.063,43755.75,2755.57,0.852,0,7,0.0,0,0,OFW Remittance / Dependent,Owned (Clean Title),Married,2,14.6,core_stability,completed,8,0.7908
SURV-00801,24,16,0.6667,0.2432,29584.48,7195.73,0.815,1,0,0.109,0,0,Employed (Private/Gov),Owned (Inherited/Tax Dec),Single,2,2.9,core_stability,defaulted,1,0.7221
SURV-00802,24,24,1.0,0.1404,46340.57,6507.12,0.749,1,1,0.014,0,0,OFW Remittance / Dependent,Owned (Inherited/Tax Dec),Single,1,2.0,completion_phase,completed,0,0.7666
SURV-00803,36,11,0.3056,0.1857,27637.81,5132.06,0.423,2,1,0.238,0,1,Tricycle / PUV Operator,Living with Parents/Relatives,Widowed,1,13.1,core_stability,defaulted,1,0.644
SURV-00804,36,8,0.2222,0.2738,12645.97,3462.08,0.518,3,1,0.389,0,0,Agri / Farmer / Fisherfolk,Owned (Clean Title),Single,2,7.1,core_stability,defaulted,1,0.5982
SURV-00805,12,3,0.25,0.1588,41877.65,6649.08,0.735,0,3,0.123,0,0,BPO / Call Center Agent,Rented (Apartment/House),Widowed,1,9.5,onboarding_risk,completed,9,0.6826
SURV-00806,24,17,0.7083,0.0607,64997.98,3943.81,0.905,0,6,0.0,0,0,OFW Remittance / Dependent,Owned (Inherited/Tax Dec),Married,2,2.1,core_stability,early_settled,0,0.7687
SURV-00807,36,12,0.3333,0.2582,23750.51,6131.31,0.585,1,0,0.233,1,0,Agri / Farmer / Fisherfolk,Owned (Clean Title),Married,0,11.2,option_window,defaulted,0,0.6067
SURV-00808,12,10,0.8333,0.2563,41289.67,10583.98,0.471,1,0,0.194,0,0,OFW Remittance / Dependent,Living with Parents/Relatives,Married,2,2.0,completion_phase,defaulted,0,0.6792
SURV-00809,36,25,0.6944,0.13,55793.58,7254.12,0.963,0,6,0.0,0,0,OFW Remittance / Dependent,Owned (Inherited/Tax Dec),Married,1,8.1,option_window,early_settled,0,0.703
SURV-00810,24,18,0.75,0.2039,29718.61,6058.33,0.837,0,3,0.022,0,0,Public School Teacher,Rented (Apartment/House),Married,1,5.3,core_stability,completed,6,0.68
SURV-00811,24,1,0.0417,0.5067,14129.21,7159.44,0.207,1,0,0.367,1,0,Agri / Farmer / Fisherfolk,Owned (Inherited/Tax Dec),Married,1,3.3,onboarding_risk,defaulted,4,0.5981
SURV-00812,24,2,0.0833,0.1093,59708.71,6524.14,0.864,0,1,0.0,0,0,OFW Remittance / Dependent,Living with Parents/Relatives,Widowed,1,6.1,onboarding_risk,completed,22,0.8086
SURV-00813,24,18,0.75,0.0648,64752.48,4198.49,0.807,0,2,0.056,0,0,OFW Remittance / Dependent,Rented (Apartment/House),Single,0,3.7,core_stability,completed,6,0.7673
SURV-00814,24,11,0.4583,0.2033,22256.21,4524.32,0.648,2,0,0.352,0,0,Tricycle / PUV Operator,Living with Parents/Relatives,Single,0,9.9,option_window,defaulted,1,0.7116
SURV-00815,24,24,1.0,0.1143,27179.92,3107.66,0.685,1,0,0.008,0,0,Sari-Sari / Small Retail,Rented (Apartment/House),Married,3,21.7,completion_phase,defaulted,0,0.6794
SURV-00816,36,1,0.0278,0.2025,22616.89,4580.38,0.395,1,1,0.193,0,0,Tricycle / PUV Operator,Rented (Apartment/House),Married,0,3.8,onboarding_risk,defaulted,4,0.5923
SURV-00817,24,19,0.7917,0.116,56362.14,6535.74,0.856,0,11,0.0,0,0,OFW Remittance / Dependent,Owned (Clean Title),Married,1,1.8,core_stability,early_settled,0,0.7402
SURV-00818,36,16,0.4444,0.1163,42348.55,4923.08,0.952,0,3,0.0,0,0,BPO / Call Center Agent,Owned (Clean Title),Single,2,8.4,option_window,completed,20,0.7513
SURV-00819,24,13,0.5417,0.1555,21261.72,3307.0,0.373,1,1,0.187,1,0,Sari-Sari / Small Retail,Owned (Inherited/Tax Dec),Married,3,4.3,option_window,defaulted,0,0.6571
SURV-00820,24,24,1.0,0.3221,18636.11,6002.45,0.593,4,0,0.398,0,0,Tricycle / PUV Operator,Owned (Clean Title),Married,1,13.3,completion_phase,early_settled,0,0.6649
SURV-00821,24,19,0.7917,0.2156,27499.64,5927.92,0.415,1,1,0.31,0,1,Sari-Sari / Small Retail,Rented (Apartment/House),Married,2,13.3,core_stability,defaulted,0,0.6398
SURV-00822,12,8,0.6667,0.3187,19643.31,6260.71,0.441,4,0,0.255,0,1,Agri / Farmer / Fisherfolk,Owned (Clean Title),Widowed,0,10.3,core_stability,defaulted,1,0.694
SURV-00823,24,1,0.0417,0.3282,21907.06,7189.75,0.279,1,0,0.277,0,1,Tricycle / PUV Operator,Rented (Apartment/House),Married,1,19.7,onboarding_risk,defaulted,7,0.5965
SURV-00824,24,9,0.375,0.474,14257.49,6758.55,0.598,2,0,0.428,1,0,Agri / Farmer / Fisherfolk,Owned (Clean Title),Single,1,4.5,core_stability,defaulted,1,0.5239
SURV-00825,24,11,0.4583,0.43,14466.18,6220.47,0.516,2,0,0.411,1,1,Agri / Farmer / Fisherfolk,Living with Parents/Relatives,Married,1,9.3,option_window,defaulted,0,0.5309
SURV-00826,12,12,1.0,0.4529,25380.52,11495.86,0.286,2,1,0.191,0,1,Sari-Sari / Small Retail,Living with Parents/Relatives,Single,2,5.5,completion_phase,completed,0,0.6331
SURV-00827,24,11,0.4583,0.1081,40061.69,4329.96,0.959,0,10,0.0,0,0,Public School Teacher,Owned (Inherited/Tax Dec),Married,3,9.6,option_window,early_settled,4,0.7404
SURV-00828,36,26,0.7222,0.1805,37000.79,6679.55,0.935,0,7,0.0,0,0,Public School Teacher,Owned (Clean Title),Single,2,8.6,core_stability,defaulted,1,0.6922
SURV-00829,24,11,0.4583,0.1557,26379.84,4107.13,0.387,4,1,0.349,0,0,Sari-Sari / Small Retail,Rented (Apartment/House),Married,3,5.0,option_window,defaulted,0,0.6785
SURV-00830,12,10,0.8333,0.5862,23869.69,13991.95,0.298,2,1,0.32,0,1,Employed (Private/Gov),Owned (Clean Title),Married,2,4.4,completion_phase,defaulted,1,0.5999
SURV-00831,24,8,0.3333,0.2832,24356.39,6898.63,0.347,1,1,0.179,0,0,Tricycle / PUV Operator,Owned (Clean Title),Married,4,3.9,core_stability,completed,16,0.6102
SURV-00832,36,36,1.0,0.1349,41787.42,5638.31,0.936,0,7,0.0,0,0,Employed (Private/Gov),Owned (Inherited/Tax Dec),Married,4,10.5,completion_phase,early_settled,0,0.7355
SURV-00833,12,6,0.5,0.1666,67234.6,11198.56,0.955,0,5,0.0,0,0,OFW Remittance / Dependent,Owned (Inherited/Tax Dec),Married,2,13.9,core_stability,early_settled,5,0.7651
SURV-00834,24,23,0.9583,0.3511,19577.57,6873.5,0.266,2,0,0.369,1,0,Tricycle / PUV Operator,Living with Parents/Relatives,Married,0,10.4,completion_phase,defaulted,1,0.6035
SURV-00835,12,3,0.25,0.1813,33643.16,6099.55,0.692,0,3,0.037,0,0,BPO / Call Center Agent,Owned (Clean Title),Widowed,2,8.7,onboarding_risk,completed,9,0.7529
SURV-00836,12,9,0.75,0.6296,12000.0,7555.04,0.319,4,1,0.449,0,0,Agri / Farmer / Fisherfolk,Owned (Clean Title),Single,1,10.4,completion_phase,defaulted,0,0.6111
SURV-00837,24,17,0.7083,0.3331,12000.0,3997.06,0.42,2,0,0.286,0,1,Agri / Farmer / Fisherfolk,Rented (Apartment/House),Widowed,0,15.6,core_stability,defaulted,1,0.5828
SURV-00838,12,7,0.5833,0.5938,14615.74,8678.94,0.4,3,0,0.42,0,1,Agri / Farmer / Fisherfolk,Owned (Inherited/Tax Dec),Married,1,5.5,core_stability,defaulted,0,0.5699
SURV-00839,12,5,0.4167,0.2241,36001.2,8066.5,0.728,0,1,0.07,0,0,Public School Teacher,Rented (Apartment/House),Married,1,6.3,core_stability,completed,7,0.7278
SURV-00840,24,16,0.6667,0.3858,17903.39,6907.06,0.516,3,1,0.273,1,0,Employed (Private/Gov),Rented (Apartment/House),Married,1,8.4,core_stability,defaulted,1,0.5912
SURV-00841,36,12,0.3333,0.197,25857.99,5093.15,0.697,0,2,0.101,0,0,BPO / Call Center Agent,Owned (Inherited/Tax Dec),Married,1,2.6,option_window,defaulted,0,0.626
SURV-00842,36,20,0.5556,0.1549,29896.74,4630.45,0.822,0,2,0.11,0,0,Sari-Sari / Small Retail,Living with Parents/Relatives,Married,1,8.8,option_window,completed,16,0.6762
SURV-00843,12,4,0.3333,0.3168,22805.0,7225.63,0.267,4,0,0.314,1,0,Sari-Sari / Small Retail,Rented (Apartment/House),Married,1,13.7,onboarding_risk,defaulted,2,0.6501
SURV-00844,12,9,0.75,0.8078,16104.33,13009.84,0.226,4,0,0.373,1,1,Sari-Sari / Small Retail,Rented (Apartment/House),Married,2,3.2,completion_phase,defaulted,1,0.6178
SURV-00845,24,11,0.4583,0.0908,50304.34,4568.29,0.91,0,3,0.0,0,0,OFW Remittance / Dependent,Owned (Clean Title),Married,1,9.6,option_window,completed,13,0.7262
SURV-00846,36,15,0.4167,0.1642,36124.48,5931.14,0.9,0,9,0.0,0,0,Public School Teacher,Living with Parents/Relatives,Married,2,5.1,option_window,completed,21,0.7535
SURV-00847,24,7,0.2917,0.2525,33325.66,8415.2,0.712,0,3,0.107,0,0,BPO / Call Center Agent,Living with Parents/Relatives,Single,0,6.4,core_stability,defaulted,1,0.7002
SURV-00848,24,2,0.0833,0.1416,31595.61,4475.16,0.624,0,3,0.04,0,0,BPO / Call Center Agent,Rented (Apartment/House),Married,2,7.3,onboarding_risk,completed,22,0.7004
SURV-00849,12,5,0.4167,0.4935,13080.54,6455.65,0.609,4,0,0.223,0,0,Agri / Farmer / Fisherfolk,Living with Parents/Relatives,Single,4,8.2,core_stability,defaulted,1,0.6208
SURV-00850,12,4,0.3333,0.1199,43953.2,5268.75,0.874,0,4,0.0,0,0,Public School Teacher,Owned (Clean Title),Widowed,0,8.7,onboarding_risk,completed,8,0.7757
SURV-00851,12,1,0.0833,0.4284,25138.19,10769.11,0.61,3,0,0.302,1,0,Sari-Sari / Small Retail,Living with Parents/Relatives,Widowed,2,14.5,onboarding_risk,defaulted,6,0.663
SURV-00852,36,13,0.3611,0.0673,65786.81,4424.65,0.907,0,10,0.0,0,0,OFW Remittance / Dependent,Owned (Inherited/Tax Dec),Widowed,0,11.8,option_window,defaulted,1,0.8016
SURV-00853,36,7,0.1944,0.1351,19333.67,2612.92,0.394,2,1,0.374,1,1,Agri / Farmer / Fisherfolk,Owned (Inherited/Tax Dec),Single,1,1.5,core_stability,defaulted,2,0.7013
SURV-00854,24,17,0.7083,0.1339,44414.55,5948.87,0.735,0,2,0.047,0,0,OFW Remittance / Dependent,Owned (Inherited/Tax Dec),Married,2,2.8,core_stability,completed,7,0.7107
SURV-00855,36,8,0.2222,0.08,61516.01,4919.48,0.888,0,3,0.0,0,0,OFW Remittance / Dependent,Owned (Clean Title),Widowed,0,6.0,core_stability,completed,28,0.7108
SURV-00856,24,14,0.5833,0.1781,42667.58,7600.51,0.918,0,11,0.0,0,0,Public School Teacher,Owned (Clean Title),Single,2,6.7,core_stability,defaulted,0,0.7759
SURV-00857,12,10,0.8333,0.2356,42024.59,9899.91,0.668,0,0,0.068,0,0,Employed (Private/Gov),Living with Parents/Relatives,Single,0,5.6,completion_phase,defaulted,0,0.7258
SURV-00858,24,1,0.0417,0.2125,37064.97,7876.16,0.69,1,3,0.07,0,0,BPO / Call Center Agent,Owned (Clean Title),Widowed,2,7.1,onboarding_risk,completed,23,0.7322
SURV-00859,12,4,0.3333,0.1828,37012.11,6765.9,0.784,0,2,0.086,0,0,BPO / Call Center Agent,Owned (Clean Title),Widowed,2,15.5,onboarding_risk,completed,8,0.7413
SURV-00860,24,12,0.5,0.2389,21751.83,5196.37,0.21,1,0,0.266,0,0,Tricycle / PUV Operator,Owned (Inherited/Tax Dec),Married,0,6.0,option_window,defaulted,0,0.7275
SURV-00861,24,11,0.4583,0.1346,35518.69,4781.33,0.623,0,1,0.009,0,0,Employed (Private/Gov),Rented (Apartment/House),Married,0,1.0,option_window,completed,13,0.6573
SURV-00862,36,21,0.5833,0.1468,28582.16,4196.05,0.802,0,1,0.141,0,0,Tricycle / PUV Operator,Owned (Inherited/Tax Dec),Widowed,1,5.6,option_window,completed,15,0.6214
SURV-00863,36,20,0.5556,0.1078,40920.22,4412.65,0.665,0,0,0.028,0,0,BPO / Call Center Agent,Living with Parents/Relatives,Married,4,11.5,option_window,completed,16,0.7185
SURV-00864,24,22,0.9167,0.0841,43779.83,3683.69,0.858,0,9,0.0,0,0,OFW Remittance / Dependent,Living with Parents/Relatives,Married,1,6.0,completion_phase,completed,2,0.8119
SURV-00865,36,13,0.3611,0.1048,24102.06,2527.04,0.633,0,2,0.036,0,0,Sari-Sari / Small Retail,Owned (Clean Title),Widowed,1,1.8,option_window,defaulted,0,0.6729
SURV-00866,12,2,0.1667,0.3852,19286.52,7428.98,0.622,1,0,0.36,0,0,Tricycle / PUV Operator,Owned (Inherited/Tax Dec),Married,2,11.5,onboarding_risk,defaulted,5,0.6884
SURV-00867,36,26,0.7222,0.2114,17012.7,3596.91,0.445,4,0,0.256,1,0,Agri / Farmer / Fisherfolk,Rented (Apartment/House),Widowed,1,15.8,core_stability,defaulted,0,0.587
SURV-00868,24,4,0.1667,0.1214,27447.16,3331.55,0.287,2,0,0.192,1,0,Agri / Farmer / Fisherfolk,Rented (Apartment/House),Married,3,8.4,onboarding_risk,defaulted,1,0.6356
SURV-00869,24,4,0.1667,0.0708,44035.79,3119.14,0.862,0,4,0.0,0,0,Employed (Private/Gov),Living with Parents/Relatives,Married,1,6.4,onboarding_risk,completed,20,0.8324
SURV-00870,24,14,0.5833,0.1401,27708.11,3883.04,0.864,0,3,0.0,0,0,Employed (Private/Gov),Living with Parents/Relatives,Married,1,11.2,core_stability,completed,10,0.7597
SURV-00871,12,4,0.3333,0.1933,38889.68,7517.12,0.789,0,3,0.111,0,0,Employed (Private/Gov),Owned (Inherited/Tax Dec),Married,0,7.8,onboarding_risk,completed,8,0.7855
SURV-00872,36,5,0.1389,0.0581,41458.85,2410.61,0.918,0,3,0.0,0,0,OFW Remittance / Dependent,Owned (Inherited/Tax Dec),Married,1,7.7,core_stability,completed,31,0.7486
SURV-00873,36,18,0.5,0.4192,12000.0,5029.92,0.236,1,0,0.432,1,0,Agri / Farmer / Fisherfolk,Owned (Inherited/Tax Dec),Widowed,2,2.7,option_window,defaulted,1,0.5235
SURV-00874,12,3,0.25,0.327,26853.92,8781.56,0.63,4,0,0.207,0,0,BPO / Call Center Agent,Living with Parents/Relatives,Married,0,10.1,onboarding_risk,defaulted,4,0.717
SURV-00875,12,1,0.0833,0.3025,27185.94,8222.58,0.535,1,0,0.246,0,0,Public School Teacher,Living with Parents/Relatives,Single,2,4.4,onboarding_risk,defaulted,5,0.7202
SURV-00876,12,7,0.5833,0.1283,41636.16,5341.3,0.619,0,1,0.017,0,0,Employed (Private/Gov),Living with Parents/Relatives,Married,1,4.8,core_stability,completed,5,0.7449
SURV-00877,36,34,0.9444,0.1495,33845.79,5060.32,0.685,0,3,0.089,0,0,BPO / Call Center Agent,Owned (Clean Title),Widowed,1,2.0,completion_phase,defaulted,1,0.6879
SURV-00878,36,23,0.6389,0.0894,31947.08,2855.52,0.795,1,3,0.075,0,0,Sari-Sari / Small Retail,Rented (Apartment/House),Married,4,5.7,option_window,completed,13,0.6652
SURV-00879,12,6,0.5,0.4738,21498.66,10185.51,0.377,2,0,0.311,0,0,Employed (Private/Gov),Owned (Inherited/Tax Dec),Married,1,6.0,core_stability,defaulted,0,0.6156
SURV-00880,24,6,0.25,0.5065,17612.67,8920.97,0.361,1,0,0.308,0,1,Tricycle / PUV Operator,Living with Parents/Relatives,Single,2,2.9,core_stability,defaulted,0,0.5747
SURV-00881,12,9,0.75,0.1598,40821.18,6522.53,0.865,0,8,0.0,0,0,Public School Teacher,Owned (Clean Title),Single,4,5.5,completion_phase,completed,3,0.8582
SURV-00882,36,21,0.5833,0.241,18351.03,4422.28,0.392,4,0,0.153,0,0,Tricycle / PUV Operator,Owned (Inherited/Tax Dec),Widowed,1,13.8,option_window,defaulted,1,0.601
SURV-00883,36,2,0.0556,0.5151,12000.0,6181.8,0.466,3,0,0.288,0,0,Agri / Farmer / Fisherfolk,Owned (Clean Title),Married,2,6.2,onboarding_risk,defaulted,0,0.497
SURV-00884,12,12,1.0,0.2145,30793.77,6606.6,0.406,4,1,0.42,1,0,Sari-Sari / Small Retail,Living with Parents/Relatives,Married,2,7.2,completion_phase,defaulted,0,0.6954
SURV-00885,24,6,0.25,0.0794,33338.44,2645.65,0.698,0,3,0.018,0,0,BPO / Call Center Agent,Rented (Apartment/House),Single,0,19.2,core_stability,completed,18,0.743
SURV-00886,12,11,0.9167,0.4788,17493.34,8376.08,0.26,3,0,0.153,0,1,Tricycle / PUV Operator,Owned (Clean Title),Married,2,10.9,completion_phase,defaulted,1,0.5751
SURV-00887,24,24,1.0,0.1342,34010.13,4564.64,0.799,1,1,0.092,1,0,BPO / Call Center Agent,Rented (Apartment/House),Single,0,5.5,completion_phase,defaulted,0,0.7306
SURV-00888,12,2,0.1667,0.1894,22627.36,4285.53,0.532,3,1,0.24,0,0,Agri / Farmer / Fisherfolk,Owned (Inherited/Tax Dec),Married,2,2.0,onboarding_risk,defaulted,1,0.6861
SURV-00889,24,20,0.8333,0.3142,21904.9,6882.91,0.3,2,0,0.322,1,0,Sari-Sari / Small Retail,Owned (Inherited/Tax Dec),Widowed,2,12.9,core_stability,defaulted,0,0.6216
SURV-00890,12,11,0.9167,0.1561,38510.51,6009.76,0.979,0,9,0.0,0,0,OFW Remittance / Dependent,Owned (Clean Title),Widowed,2,7.0,completion_phase,early_settled,1,0.8098
SURV-00891,36,14,0.3889,0.0758,40941.74,3101.97,0.973,0,8,0.0,0,0,Public School Teacher,Living with Parents/Relatives,Widowed,2,4.9,option_window,early_settled,8,0.6932
SURV-00892,24,1,0.0417,0.1385,46827.42,6483.64,0.953,0,1,0.0,0,0,Public School Teacher,Living with Parents/Relatives,Single,0,18.0,onboarding_risk,completed,23,0.81
SURV-00893,36,7,0.1944,0.2847,18813.46,5356.26,0.435,4,0,0.31,0,1,Agri / Farmer / Fisherfolk,Owned (Inherited/Tax Dec),Married,2,5.1,core_stability,defaulted,2,0.6656
SURV-00894,24,24,1.0,0.1215,37553.0,4562.62,0.86,0,4,0.0,0,0,BPO / Call Center Agent,Owned (Inherited/Tax Dec),Married,2,7.5,completion_phase,completed,0,0.7388
SURV-00895,12,5,0.4167,0.2116,43073.56,9114.98,0.709,0,3,0.102,0,0,Public School Teacher,Living with Parents/Relatives,Single,1,6.4,core_stability,defaulted,0,0.7673
SURV-00896,36,2,0.0556,0.2004,22270.03,4463.62,0.36,2,0,0.387,0,0,Tricycle / PUV Operator,Owned (Clean Title),Married,1,3.1,onboarding_risk,defaulted,4,0.6278
SURV-00897,12,6,0.5,0.4494,27872.42,12525.37,0.614,4,1,0.246,0,0,BPO / Call Center Agent,Owned (Inherited/Tax Dec),Married,2,11.8,core_stability,defaulted,1,0.6233
SURV-00898,36,29,0.8056,0.1698,39818.76,6759.52,0.877,0,4,0.0,0,0,Public School Teacher,Owned (Clean Title),Married,2,8.1,core_stability,completed,7,0.7538
SURV-00899,24,24,1.0,0.1796,29179.58,5241.44,0.794,0,2,0.009,0,0,BPO / Call Center Agent,Living with Parents/Relatives,Married,0,11.9,completion_phase,completed,0,0.6976
SURV-00900,24,13,0.5417,0.2027,24802.16,5026.29,0.63,1,1,0.028,1,0,BPO / Call Center Agent,Owned (Clean Title),Married,1,5.3,option_window,early_settled,1,0.6723
SURV-00901,12,4,0.3333,0.2173,35608.43,7737.76,0.779,1,0,0.08,0,0,Public School Teacher,Owned (Clean Title),Married,1,6.7,onboarding_risk,defaulted,2,0.8083
SURV-00902,24,11,0.4583,0.3705,24011.44,8897.35,0.485,1,0,0.417,0,0,Tricycle / PUV Operator,Owned (Clean Title),Married,2,4.5,option_window,defaulted,1,0.5575
SURV-00903,36,27,0.75,0.1956,22965.71,4493.22,0.531,1,0,0.296,1,0,Agri / Farmer / Fisherfolk,Owned (Clean Title),Widowed,2,17.3,core_stability,defaulted,1,0.6613
SURV-00904,12,5,0.4167,0.0994,65403.39,6500.6,0.896,0,2,0.0,0,0,OFW Remittance / Dependent,Living with Parents/Relatives,Married,3,8.9,core_stability,completed,7,0.8305
SURV-00905,12,5,0.4167,0.3545,24470.73,8675.28,0.365,1,0,0.283,0,0,BPO / Call Center Agent,Owned (Clean Title),Widowed,2,4.0,core_stability,defaulted,1,0.6828
SURV-00906,36,12,0.3333,0.2143,31627.66,6777.74,0.63,0,1,0.087,0,0,OFW Remittance / Dependent,Owned (Inherited/Tax Dec),Married,2,2.7,option_window,completed,24,0.6942
SURV-00907,24,23,0.9583,0.3913,18542.98,7255.71,0.326,2,1,0.305,1,0,Agri / Farmer / Fisherfolk,Owned (Clean Title),Married,2,3.9,completion_phase,defaulted,1,0.5747
SURV-00908,24,18,0.75,0.3337,24179.41,8068.92,0.395,3,1,0.308,0,0,Tricycle / PUV Operator,Owned (Inherited/Tax Dec),Single,2,4.7,core_stability,defaulted,0,0.6216
SURV-00909,12,1,0.0833,0.2571,26657.87,6854.87,0.221,1,1,0.374,1,0,BPO / Call Center Agent,Owned (Inherited/Tax Dec),Married,3,2.0,onboarding_risk,defaulted,6,0.6972
SURV-00910,12,9,0.75,0.3549,44547.17,15809.09,0.421,4,0,0.264,0,0,Employed (Private/Gov),Living with Parents/Relatives,Single,0,9.5,completion_phase,defaulted,1,0.7013
SURV-00911,36,6,0.1667,0.1459,26528.32,3870.58,0.516,2,0,0.329,0,1,Tricycle / PUV Operator,Rented (Apartment/House),Widowed,2,8.1,core_stability,defaulted,2,0.6435
SURV-00912,24,22,0.9167,0.2941,13868.41,4078.03,0.453,3,0,0.382,0,0,Agri / Farmer / Fisherfolk,Owned (Inherited/Tax Dec),Married,1,13.8,completion_phase,defaulted,0,0.6644
SURV-00913,24,19,0.7917,0.2046,20434.55,4181.06,0.41,3,1,0.448,1,1,Tricycle / PUV Operator,Rented (Apartment/House),Widowed,3,2.3,core_stability,defaulted,1,0.6708
SURV-00914,24,14,0.5833,0.2556,22501.9,5751.24,0.608,0,1,0.12,0,0,Public School Teacher,Rented (Apartment/House),Married,1,6.1,core_stability,early_settled,1,0.6842
SURV-00915,36,1,0.0278,0.5077,14023.7,7120.49,0.541,1,0,0.241,0,0,Agri / Farmer / Fisherfolk,Owned (Inherited/Tax Dec),Single,2,7.2,onboarding_risk,defaulted,5,0.5818
SURV-00916,36,1,0.0278,0.324,13781.83,4465.54,0.424,4,1,0.192,1,1,Sari-Sari / Small Retail,Living with Parents/Relatives,Widowed,0,5.2,onboarding_risk,defaulted,3,0.5742
SURV-00917,36,33,0.9167,0.2675,23711.72,6343.48,0.415,2,0,0.187,0,0,Sari-Sari / Small Retail,Living with Parents/Relatives,Single,3,10.3,completion_phase,defaulted,0,0.5887
SURV-00918,36,30,0.8333,0.1675,32029.58,5363.87,0.935,0,1,0.0,0,0,Employed (Private/Gov),Owned (Inherited/Tax Dec),Widowed,2,6.1,core_stability,completed,6,0.7049
SURV-00919,12,7,0.5833,0.3527,23525.19,8298.27,0.606,4,0,0.307,1,1,Employed (Private/Gov),Rented (Apartment/House),Married,3,3.5,core_stability,defaulted,0,0.6539
SURV-00920,36,5,0.1389,0.1224,28122.09,3442.04,0.806,0,2,0.122,0,0,Sari-Sari / Small Retail,Living with Parents/Relatives,Widowed,2,2.5,core_stability,completed,31,0.6601
SURV-00921,36,25,0.6944,0.2017,29509.88,5951.01,0.641,0,0,0.019,0,0,Employed (Private/Gov),Living with Parents/Relatives,Single,2,7.3,option_window,completed,11,0.7342
SURV-00922,36,14,0.3889,0.0534,62653.62,3347.93,0.991,0,10,0.0,0,0,OFW Remittance / Dependent,Owned (Inherited/Tax Dec),Widowed,0,6.5,option_window,early_settled,9,0.746
SURV-00923,36,26,0.7222,0.3468,18377.53,6373.6,0.604,3,0,0.377,0,1,Agri / Farmer / Fisherfolk,Living with Parents/Relatives,Married,2,4.4,core_stability,defaulted,1,0.541
SURV-00924,24,6,0.25,0.1775,28369.81,5036.21,0.735,1,0,0.06,0,0,BPO / Call Center Agent,Owned (Inherited/Tax Dec),Married,2,5.8,core_stability,defaulted,2,0.7352
SURV-00925,36,28,0.7778,0.1951,23164.1,4519.4,0.613,1,2,0.004,0,0,Tricycle / PUV Operator,Owned (Inherited/Tax Dec),Married,0,7.3,core_stability,completed,8,0.7256
SURV-00926,36,2,0.0556,0.1228,21741.32,2670.4,0.723,0,1,0.145,0,0,Sari-Sari / Small Retail,Rented (Apartment/House),Married,0,6.8,onboarding_risk,completed,34,0.6782
SURV-00927,12,3,0.25,0.6052,19534.02,11821.04,0.481,4,1,0.165,0,1,Agri / Farmer / Fisherfolk,Living with Parents/Relatives,Married,1,5.9,onboarding_risk,defaulted,0,0.5728
SURV-00928,12,2,0.1667,0.1555,29994.82,4665.18,0.643,0,2,0.068,0,0,Sari-Sari / Small Retail,Rented (Apartment/House),Married,0,12.2,onboarding_risk,completed,10,0.6927
SURV-00929,12,5,0.4167,0.2211,35483.24,7845.32,0.736,1,1,0.033,0,0,Public School Teacher,Owned (Inherited/Tax Dec),Married,2,1.6,core_stability,defaulted,0,0.7516
SURV-00930,12,11,0.9167,0.2319,25382.58,5885.31,0.537,1,1,0.383,0,1,Sari-Sari / Small Retail,Owned (Clean Title),Widowed,3,12.7,completion_phase,defaulted,1,0.6888
SURV-00931,24,17,0.7083,0.3882,17006.59,6601.22,0.208,2,0,0.301,1,0,Agri / Farmer / Fisherfolk,Owned (Inherited/Tax Dec),Married,1,9.8,core_stability,defaulted,1,0.6114
SURV-00932,12,9,0.75,0.6175,20053.87,12382.83,0.465,1,0,0.203,1,0,Agri / Farmer / Fisherfolk,Living with Parents/Relatives,Married,2,3.1,completion_phase,defaulted,0,0.5846
SURV-00933,24,19,0.7917,0.0449,72607.72,3262.26,0.891,0,10,0.0,0,0,OFW Remittance / Dependent,Living with Parents/Relatives,Widowed,1,8.7,core_stability,early_settled,0,0.7827
SURV-00934,36,24,0.6667,0.4877,12583.86,6136.96,0.271,1,0,0.411,0,1,Agri / Farmer / Fisherfolk,Living with Parents/Relatives,Married,3,10.0,option_window,defaulted,0,0.5179
SURV-00935,12,2,0.1667,0.4507,27263.17,12287.83,0.52,3,0,0.259,0,0,BPO / Call Center Agent,Rented (Apartment/House),Widowed,0,4.4,onboarding_risk,defaulted,3,0.5715
SURV-00936,36,8,0.2222,0.1705,25669.46,4375.41,0.722,0,2,0.059,0,0,Sari-Sari / Small Retail,Living with Parents/Relatives,Married,2,8.3,core_stability,completed,28,0.7379
SURV-00937,36,36,1.0,0.0623,37901.53,2363.05,0.674,1,0,0.056,0,0,Public School Teacher,Rented (Apartment/House),Married,3,3.3,completion_phase,early_settled,0,0.6882
SURV-00938,24,16,0.6667,0.181,40296.48,7292.48,0.698,1,1,0.053,1,0,Employed (Private/Gov),Rented (Apartment/House),Married,2,10.9,core_stability,completed,8,0.6593
SURV-00939,24,13,0.5417,0.1893,29506.15,5585.74,0.839,1,1,0.018,1,0,BPO / Call Center Agent,Owned (Clean Title),Married,1,1.1,option_window,completed,11,0.7256
SURV-00940,36,24,0.6667,0.0884,43533.36,3846.78,0.994,0,10,0.0,0,0,Public School Teacher,Owned (Inherited/Tax Dec),Married,2,6.1,option_window,early_settled,2,0.7451
SURV-00941,36,11,0.3056,0.0812,31650.36,2568.47,0.928,0,4,0.0,0,0,Public School Teacher,Living with Parents/Relatives,Single,0,15.8,core_stability,completed,25,0.758
SURV-00942,12,9,0.75,0.1412,45610.23,6438.06,0.772,1,2,0.09,1,0,OFW Remittance / Dependent,Rented (Apartment/House),Widowed,2,9.8,completion_phase,early_settled,1,0.7626
SURV-00943,12,3,0.25,0.9245,12000.0,11093.42,0.233,1,1,0.29,0,0,Agri / Farmer / Fisherfolk,Owned (Inherited/Tax Dec),Widowed,2,4.9,onboarding_risk,defaulted,4,0.6388
SURV-00944,12,5,0.4167,0.5017,25655.41,12871.4,0.429,2,1,0.363,0,1,Sari-Sari / Small Retail,Owned (Inherited/Tax Dec),Married,4,6.1,core_stability,defaulted,0,0.5935
SURV-00945,36,4,0.1111,0.1423,39679.4,5648.03,0.986,0,3,0.0,0,0,Public School Teacher,Living with Parents/Relatives,Married,2,6.2,onboarding_risk,early_settled,12,0.7376
SURV-00946,24,24,1.0,0.41,19526.02,8006.32,0.453,3,0,0.369,0,0,Public School Teacher,Owned (Clean Title),Widowed,0,2.6,completion_phase,defaulted,0,0.6695
SURV-00947,12,6,0.5,0.5803,19990.73,11600.93,0.454,4,1,0.395,1,0,Agri / Farmer / Fisherfolk,Rented (Apartment/House),Widowed,2,3.0,core_stability,defaulted,0,0.6032
SURV-00948,36,15,0.4167,0.2052,24224.12,4969.77,0.726,0,2,0.044,0,0,BPO / Call Center Agent,Living with Parents/Relatives,Married,2,7.0,option_window,early_settled,10,0.6362
SURV-00949,24,7,0.2917,0.2324,32396.51,7530.32,0.734,0,0,0.089,0,0,Employed (Private/Gov),Owned (Inherited/Tax Dec),Married,3,7.1,core_stability,defaulted,1,0.6483
SURV-00950,24,16,0.6667,0.2556,34843.98,8904.81,0.382,4,0,0.299,1,0,Employed (Private/Gov),Owned (Inherited/Tax Dec),Widowed,1,4.5,core_stability,defaulted,0,0.6464
SURV-00951,36,25,0.6944,0.0712,75834.99,5401.54,0.928,0,3,0.0,0,0,OFW Remittance / Dependent,Owned (Clean Title),Married,1,5.3,option_window,completed,11,0.7265
SURV-00952,24,24,1.0,0.1493,50113.37,7484.05,0.78,0,2,0.141,0,0,OFW Remittance / Dependent,Rented (Apartment/House),Widowed,0,4.9,completion_phase,completed,0,0.7239
SURV-00953,24,10,0.4167,0.3013,19767.63,5955.06,0.634,4,1,0.36,1,0,Tricycle / PUV Operator,Rented (Apartment/House),Single,2,5.3,core_stability,defaulted,0,0.6345
SURV-00954,24,24,1.0,0.2346,23987.28,5626.43,0.756,0,3,0.103,0,0,Employed (Private/Gov),Owned (Inherited/Tax Dec),Married,4,6.3,completion_phase,completed,0,0.6457
SURV-00955,12,8,0.6667,0.5178,20908.78,10825.97,0.535,2,1,0.157,0,1,Agri / Farmer / Fisherfolk,Living with Parents/Relatives,Married,2,11.0,core_stability,defaulted,0,0.5631
SURV-00956,24,6,0.25,0.1433,38141.19,5467.23,0.653,1,1,0.13,0,0,Public School Teacher,Rented (Apartment/House),Married,1,4.4,core_stability,completed,18,0.7169
SURV-00957,36,19,0.5278,0.1046,19671.9,2057.67,0.816,1,0,0.067,1,0,BPO / Call Center Agent,Rented (Apartment/House),Single,3,9.2,option_window,completed,17,0.6789
SURV-00958,24,2,0.0833,0.3615,15516.55,5608.76,0.323,2,1,0.361,1,0,Agri / Farmer / Fisherfolk,Owned (Inherited/Tax Dec),Married,0,10.2,onboarding_risk,defaulted,2,0.6245
SURV-00959,24,19,0.7917,0.4129,20136.45,8313.91,0.523,1,0,0.351,0,0,Tricycle / PUV Operator,Owned (Inherited/Tax Dec),Widowed,2,8.5,core_stability,defaulted,0,0.6114
SURV-00960,36,34,0.9444,0.06,52773.25,3166.97,0.993,0,3,0.0,0,0,OFW Remittance / Dependent,Rented (Apartment/House),Married,4,9.3,completion_phase,completed,2,0.7105
SURV-00961,12,10,0.8333,0.4609,29785.64,13729.26,0.527,2,0,0.318,0,0,BPO / Call Center Agent,Owned (Inherited/Tax Dec),Married,0,5.4,completion_phase,defaulted,1,0.6789
SURV-00962,12,10,0.8333,0.9549,15798.35,15085.62,0.639,1,0,0.158,0,0,Sari-Sari / Small Retail,Living with Parents/Relatives,Widowed,4,3.1,completion_phase,defaulted,0,0.5953
SURV-00963,12,10,0.8333,0.5925,15750.52,9332.31,0.611,1,0,0.264,1,0,Agri / Farmer / Fisherfolk,Living with Parents/Relatives,Widowed,1,5.2,completion_phase,defaulted,0,0.6408
SURV-00964,12,11,0.9167,0.736,15961.4,11748.03,0.314,2,0,0.349,0,0,Agri / Farmer / Fisherfolk,Living with Parents/Relatives,Single,1,2.3,completion_phase,defaulted,1,0.6074
SURV-00965,36,19,0.5278,0.3186,19630.56,6254.84,0.47,2,1,0.405,1,0,Agri / Farmer / Fisherfolk,Owned (Inherited/Tax Dec),Widowed,3,8.5,option_window,defaulted,0,0.5791
SURV-00966,24,4,0.1667,0.2135,31559.69,6737.84,0.399,4,0,0.282,1,0,Sari-Sari / Small Retail,Owned (Inherited/Tax Dec),Married,2,1.7,onboarding_risk,defaulted,0,0.6463
SURV-00967,36,35,0.9722,0.1255,23674.78,2970.49,0.415,3,0,0.384,0,0,Agri / Farmer / Fisherfolk,Rented (Apartment/House),Married,2,7.3,completion_phase,defaulted,0,0.6528
SURV-00968,36,3,0.0833,0.1365,30835.04,4210.14,0.891,0,3,0.0,0,0,Employed (Private/Gov),Owned (Inherited/Tax Dec),Married,1,9.8,onboarding_risk,completed,33,0.6866
SURV-00969,12,11,0.9167,0.3309,23715.53,7847.2,0.271,1,0,0.245,0,1,BPO / Call Center Agent,Rented (Apartment/House),Single,2,8.4,completion_phase,completed,1,0.6433
SURV-00970,12,9,0.75,0.4531,29113.87,13192.61,0.421,3,0,0.396,0,1,Sari-Sari / Small Retail,Owned (Inherited/Tax Dec),Married,4,4.9,completion_phase,defaulted,1,0.6225
SURV-00971,12,4,0.3333,0.2615,43675.59,11423.1,0.672,0,1,0.064,1,0,Public School Teacher,Owned (Clean Title),Single,1,9.5,onboarding_risk,defaulted,3,0.7774
SURV-00972,12,2,0.1667,0.8249,12164.49,10034.4,0.625,3,0,0.401,1,0,Agri / Farmer / Fisherfolk,Owned (Inherited/Tax Dec),Single,1,9.4,onboarding_risk,defaulted,0,0.5746
SURV-00973,24,20,0.8333,0.1159,30439.41,3527.2,0.859,0,2,0.0,0,0,BPO / Call Center Agent,Owned (Clean Title),Married,3,5.7,core_stability,completed,4,0.8097
SURV-00974,36,20,0.5556,0.16,23162.29,3707.08,0.836,1,2,0.098,0,0,Tricycle / PUV Operator,Owned (Clean Title),Married,1,9.4,option_window,defaulted,1,0.6629
SURV-00975,36,15,0.4167,0.2329,26488.31,6167.89,0.833,1,1,0.082,1,0,Employed (Private/Gov),Owned (Clean Title),Single,2,6.9,option_window,completed,21,0.6184
SURV-00976,12,3,0.25,0.3801,22049.41,8381.98,0.451,4,0,0.21,1,0,Agri / Farmer / Fisherfolk,Owned (Clean Title),Married,0,11.5,onboarding_risk,defaulted,4,0.6452
SURV-00977,36,19,0.5278,0.2164,25419.6,5500.63,0.412,4,1,0.198,1,0,Sari-Sari / Small Retail,Rented (Apartment/House),Married,3,5.2,option_window,defaulted,0,0.6238
SURV-00978,36,31,0.8611,0.3084,20346.45,6274.12,0.428,2,0,0.392,1,1,Agri / Farmer / Fisherfolk,Owned (Clean Title),Married,2,6.4,core_stability,defaulted,1,0.558
SURV-00979,24,16,0.6667,0.2091,30509.3,6380.22,0.73,1,0,0.06,0,0,BPO / Call Center Agent,Owned (Clean Title),Widowed,4,7.6,core_stability,completed,8,0.6853
SURV-00980,24,8,0.3333,0.1839,36301.0,6676.21,0.601,0,1,0.051,0,0,Employed (Private/Gov),Living with Parents/Relatives,Single,2,11.8,core_stability,completed,16,0.7096
SURV-00981,36,29,0.8056,0.4673,13721.82,6412.26,0.37,3,1,0.236,0,0,Sari-Sari / Small Retail,Owned (Clean Title),Single,2,18.1,core_stability,defaulted,0,0.6112
SURV-00982,36,2,0.0556,0.2652,24505.08,6499.69,0.37,2,0,0.432,0,1,Sari-Sari / Small Retail,Owned (Clean Title),Married,2,14.2,onboarding_risk,defaulted,7,0.6082
SURV-00983,24,9,0.375,0.2192,17975.94,3940.2,0.394,4,0,0.386,0,0,Tricycle / PUV Operator,Owned (Inherited/Tax Dec),Widowed,3,2.9,core_stability,defaulted,1,0.6311
SURV-00984,24,13,0.5417,0.2583,22750.55,5875.55,0.312,4,0,0.315,0,0,Sari-Sari / Small Retail,Living with Parents/Relatives,Widowed,0,6.7,option_window,defaulted,1,0.6343
SURV-00985,12,7,0.5833,0.3098,39281.06,12168.45,0.624,1,2,0.006,0,0,Public School Teacher,Owned (Clean Title),Widowed,2,6.9,core_stability,completed,5,0.6807
SURV-00986,12,10,0.8333,0.4624,16064.84,7427.58,0.315,4,0,0.169,0,0,Sari-Sari / Small Retail,Living with Parents/Relatives,Single,2,8.2,completion_phase,defaulted,1,0.6128
SURV-00987,36,21,0.5833,0.1038,28263.49,2932.73,0.634,1,1,0.041,0,0,Employed (Private/Gov),Rented (Apartment/House),Married,1,2.7,option_window,early_settled,5,0.6907
SURV-00988,36,15,0.4167,0.1389,39170.07,5439.95,0.841,0,2,0.117,0,0,Public School Teacher,Rented (Apartment/House),Married,2,1.8,option_window,completed,21,0.6675
SURV-00989,36,23,0.6389,0.1815,29684.85,5388.92,0.731,1,1,0.018,0,0,Employed (Private/Gov),Owned (Inherited/Tax Dec),Married,4,15.6,option_window,completed,13,0.7427
SURV-00990,12,3,0.25,0.8168,17529.0,14317.28,0.417,4,0,0.413,0,0,Agri / Farmer / Fisherfolk,Owned (Inherited/Tax Dec),Married,2,13.0,onboarding_risk,defaulted,1,0.6008
SURV-00991,12,1,0.0833,0.2287,44780.63,10242.4,0.667,1,0,0.013,0,0,OFW Remittance / Dependent,Living with Parents/Relatives,Married,1,2.7,onboarding_risk,defaulted,2,0.7841
SURV-00992,24,18,0.75,0.1316,58133.56,7650.24,0.957,0,10,0.0,0,0,OFW Remittance / Dependent,Owned (Inherited/Tax Dec),Single,3,13.9,core_stability,completed,6,0.7491
SURV-00993,24,15,0.625,0.1263,25148.76,3175.98,0.674,0,1,0.07,0,0,Agri / Farmer / Fisherfolk,Owned (Inherited/Tax Dec),Single,2,5.0,core_stability,defaulted,0,0.7188
SURV-00994,24,20,0.8333,0.1571,59705.51,9380.55,0.954,0,6,0.0,0,0,OFW Remittance / Dependent,Owned (Inherited/Tax Dec),Married,0,6.6,core_stability,completed,4,0.7214
SURV-00995,12,12,1.0,0.1697,44586.96,7566.52,0.868,0,2,0.0,0,0,Employed (Private/Gov),Owned (Inherited/Tax Dec),Married,0,8.7,completion_phase,completed,0,0.7909
SURV-00996,24,3,0.125,0.1753,32355.42,5670.41,0.748,0,0,0.058,0,0,BPO / Call Center Agent,Owned (Clean Title),Widowed,3,3.1,onboarding_risk,completed,21,0.6833
SURV-00997,36,11,0.3056,0.196,32095.13,6290.24,0.619,0,1,0.007,0,0,Public School Teacher,Rented (Apartment/House),Married,2,9.8,core_stability,completed,25,0.6799
SURV-00998,24,9,0.375,0.1387,39842.19,5527.41,0.78,1,3,0.095,0,0,BPO / Call Center Agent,Living with Parents/Relatives,Married,1,6.5,core_stability,completed,15,0.7293
SURV-00999,24,2,0.0833,0.2414,23603.93,5697.84,0.487,2,0,0.301,0,0,Agri / Farmer / Fisherfolk,Rented (Apartment/House),Widowed,2,6.0,onboarding_risk,defaulted,2,0.6793
SURV-01000,12,6,0.5,0.1785,52033.8,9289.83,0.704,0,3,0.102,0,0,OFW Remittance / Dependent,Owned (Clean Title),Single,3,10.1,core_stability,defaulted,0,0.7369
SURV-01001,36,13,0.3611,0.1515,18616.35,2819.72,0.596,1,1,0.371,0,0,Tricycle / PUV Operator,Rented (Apartment/House),Married,2,4.2,option_window,defaulted,0,0.5846
SURV-01002,12,10,0.8333,0.5276,24789.11,13079.32,0.346,1,0,0.237,0,0,Tricycle / PUV Operator,Owned (Clean Title),Married,2,14.2,completion_phase,defaulted,1,0.5488
SURV-01003,36,18,0.5,0.1925,24787.82,4772.57,0.222,3,1,0.434,0,0,BPO / Call Center Agent,Living with Parents/Relatives,Married,3,1.8,option_window,defaulted,0,0.6008
SURV-01004,24,1,0.0417,0.1783,29529.81,5265.94,0.723,0,2,0.034,0,0,BPO / Call Center Agent,Living with Parents/Relatives,Married,1,3.1,onboarding_risk,early_settled,11,0.6976
SURV-01005,24,1,0.0417,0.1333,35848.55,4779.36,0.789,0,0,0.092,0,0,Employed (Private/Gov),Rented (Apartment/House),Married,1,15.4,onboarding_risk,completed,23,0.7569
SURV-01006,36,14,0.3889,0.0756,35543.16,2685.64,0.906,0,7,0.0,0,0,Employed (Private/Gov),Rented (Apartment/House),Married,2,20.7,option_window,early_settled,8,0.72
SURV-01007,36,4,0.1111,0.4162,14477.11,6025.65,0.35,4,1,0.366,0,0,Agri / Farmer / Fisherfolk,Rented (Apartment/House),Married,3,4.3,onboarding_risk,defaulted,0,0.5324
SURV-01008,36,13,0.3611,0.1662,25152.85,4180.39,0.239,3,0,0.244,0,0,Sari-Sari / Small Retail,Owned (Inherited/Tax Dec),Widowed,3,4.6,option_window,defaulted,0,0.6466
SURV-01009,36,30,0.8333,0.2381,26141.22,6223.44,0.213,4,1,0.403,0,0,BPO / Call Center Agent,Rented (Apartment/House),Married,3,7.4,core_stability,defaulted,1,0.6176
SURV-01010,24,1,0.0417,0.2305,17726.38,4085.2,0.778,1,3,0.114,0,0,Public School Teacher,Owned (Inherited/Tax Dec),Married,2,7.7,onboarding_risk,completed,23,0.7687
SURV-01011,36,14,0.3889,0.2095,19143.83,4010.75,0.298,4,1,0.33,0,0,Agri / Farmer / Fisherfolk,Rented (Apartment/House),Married,4,3.3,option_window,defaulted,0,0.5727
SURV-01012,12,9,0.75,0.3408,33282.61,11341.62,0.283,2,1,0.167,0,1,BPO / Call Center Agent,Owned (Inherited/Tax Dec),Married,3,11.3,completion_phase,completed,3,0.7459
SURV-01013,24,16,0.6667,0.1095,28144.51,3081.52,0.887,0,9,0.0,0,0,Public School Teacher,Owned (Inherited/Tax Dec),Married,2,5.8,core_stability,completed,8,0.8106
SURV-01014,36,25,0.6944,0.1607,28267.0,4542.57,0.791,0,0,0.041,0,0,Employed (Private/Gov),Owned (Inherited/Tax Dec),Single,3,5.0,option_window,completed,11,0.6963
SURV-01015,24,17,0.7083,0.1976,33638.42,6647.33,0.839,0,2,0.013,0,0,BPO / Call Center Agent,Owned (Inherited/Tax Dec),Single,1,4.9,core_stability,completed,7,0.6991
SURV-01016,36,24,0.6667,0.1497,37425.43,5602.75,0.622,1,3,0.142,1,0,BPO / Call Center Agent,Living with Parents/Relatives,Single,1,23.6,option_window,defaulted,0,0.6895
SURV-01017,24,20,0.8333,0.2276,29367.63,6684.65,0.504,2,0,0.158,0,0,Sari-Sari / Small Retail,Rented (Apartment/House),Married,2,4.7,core_stability,defaulted,0,0.5901
SURV-01018,12,1,0.0833,0.3208,20017.77,6421.98,0.346,1,0,0.397,0,0,Tricycle / PUV Operator,Rented (Apartment/House),Single,2,7.9,onboarding_risk,defaulted,3,0.6612
SURV-01019,36,29,0.8056,0.1227,45279.86,5555.69,0.941,0,12,0.0,0,0,OFW Remittance / Dependent,Owned (Inherited/Tax Dec),Single,2,6.4,core_stability,completed,7,0.718
SURV-01020,36,17,0.4722,0.1186,25405.63,3013.07,0.858,0,1,0.0,0,0,BPO / Call Center Agent,Owned (Clean Title),Widowed,3,9.1,option_window,completed,19,0.7087
SURV-01021,36,24,0.6667,0.3924,12233.73,4800.43,0.553,1,1,0.411,0,0,Agri / Farmer / Fisherfolk,Living with Parents/Relatives,Married,1,7.4,option_window,defaulted,1,0.505
SURV-01022,24,1,0.0417,0.2735,19636.83,5370.49,0.368,3,0,0.263,0,1,Agri / Farmer / Fisherfolk,Living with Parents/Relatives,Married,0,22.2,onboarding_risk,defaulted,1,0.6573
SURV-01023,36,3,0.0833,0.065,44290.34,2879.43,0.926,0,2,0.0,0,0,Public School Teacher,Owned (Inherited/Tax Dec),Single,2,5.9,onboarding_risk,completed,33,0.7991
SURV-01024,24,11,0.4583,0.3063,16405.53,5025.45,0.272,2,0,0.391,1,0,Agri / Farmer / Fisherfolk,Owned (Clean Title),Married,3,17.6,option_window,completed,13,0.6158
SURV-01025,36,36,1.0,0.4937,12959.8,6398.71,0.63,3,0,0.435,0,1,Agri / Farmer / Fisherfolk,Owned (Clean Title),Single,1,2.7,completion_phase,defaulted,0,0.5163
SURV-01026,36,16,0.4444,0.091,47041.77,4278.69,0.963,0,3,0.0,0,0,Public School Teacher,Rented (Apartment/House),Widowed,2,8.0,option_window,completed,20,0.65
SURV-01027,24,14,0.5833,0.0887,58073.7,5148.37,0.853,0,2,0.0,0,0,OFW Remittance / Dependent,Rented (Apartment/House),Married,2,6.2,core_stability,completed,10,0.7752
SURV-01028,12,6,0.5,0.1684,55670.95,9373.44,0.825,1,0,0.026,0,0,OFW Remittance / Dependent,Owned (Inherited/Tax Dec),Widowed,3,6.1,core_stability,defaulted,0,0.8041
SURV-01029,36,10,0.2778,0.3374,20138.2,6794.69,0.282,1,1,0.358,1,0,Agri / Farmer / Fisherfolk,Living with Parents/Relatives,Married,2,3.9,core_stability,defaulted,1,0.5602
SURV-01030,12,9,0.75,0.6792,15236.02,10348.55,0.638,1,0,0.22,0,0,Tricycle / PUV Operator,Owned (Inherited/Tax Dec),Single,0,6.6,completion_phase,defaulted,1,0.5675
SURV-01031,36,34,0.9444,0.1171,37100.46,4344.4,0.945,0,9,0.0,0,0,Public School Teacher,Owned (Inherited/Tax Dec),Widowed,2,18.2,completion_phase,completed,2,0.778
SURV-01032,24,17,0.7083,0.1558,39964.34,6225.76,0.621,1,2,0.025,0,0,Public School Teacher,Rented (Apartment/House),Single,0,5.1,core_stability,early_settled,0,0.7195
SURV-01033,24,13,0.5417,0.2611,16624.01,4340.15,0.593,1,1,0.2,0,1,Agri / Farmer / Fisherfolk,Owned (Inherited/Tax Dec),Single,2,8.4,option_window,completed,11,0.6035
SURV-01034,36,10,0.2778,0.0684,42305.46,2892.82,0.851,0,5,0.0,0,0,Employed (Private/Gov),Living with Parents/Relatives,Single,0,2.7,core_stability,completed,26,0.6632
SURV-01035,36,18,0.5,0.3035,14898.26,4521.25,0.34,2,0,0.283,0,1,Sari-Sari / Small Retail,Rented (Apartment/House),Single,3,4.4,option_window,defaulted,1,0.5742
SURV-01036,12,12,1.0,0.3604,31111.84,11212.53,0.209,4,0,0.244,0,0,Public School Teacher,Owned (Inherited/Tax Dec),Widowed,0,1.7,completion_phase,defaulted,0,0.6892
SURV-01037,36,3,0.0833,0.1694,24064.43,4075.81,0.782,1,1,0.12,0,0,BPO / Call Center Agent,Owned (Inherited/Tax Dec),Single,1,6.6,onboarding_risk,completed,33,0.666
SURV-01038,12,7,0.5833,0.4211,19625.99,8263.73,0.528,4,1,0.444,1,0,Tricycle / PUV Operator,Living with Parents/Relatives,Single,1,5.4,core_stability,defaulted,1,0.6052
SURV-01039,12,2,0.1667,0.2888,22757.71,6573.06,0.468,4,0,0.277,1,1,Agri / Farmer / Fisherfolk,Rented (Apartment/House),Married,0,9.9,onboarding_risk,defaulted,5,0.6197
SURV-01040,36,32,0.8889,0.0609,49460.63,3011.43,1.0,0,3,0.0,0,0,Public School Teacher,Living with Parents/Relatives,Married,3,4.3,core_stability,completed,4,0.6778
SURV-01041,24,11,0.4583,0.154,33575.84,5170.16,0.55,3,0,0.376,0,0,BPO / Call Center Agent,Rented (Apartment/House),Single,2,2.3,option_window,defaulted,0,0.6741
SURV-01042,36,4,0.1111,0.2803,20693.13,5800.85,0.422,1,0,0.27,1,1,Tricycle / PUV Operator,Owned (Inherited/Tax Dec),Widowed,3,16.6,onboarding_risk,defaulted,3,0.6037
SURV-01043,24,21,0.875,0.3796,20910.46,7936.75,0.49,4,1,0.393,0,0,Tricycle / PUV Operator,Rented (Apartment/House),Married,1,3.0,completion_phase,defaulted,0,0.5259
SURV-01044,36,19,0.5278,0.0884,46141.03,4078.98,0.767,0,1,0.075,0,0,Employed (Private/Gov),Rented (Apartment/House),Single,2,4.1,option_window,early_settled,0,0.6786
SURV-01045,12,3,0.25,0.1521,42048.2,6395.88,0.796,1,0,0.007,0,0,Employed (Private/Gov),Living with Parents/Relatives,Married,0,6.7,onboarding_risk,defaulted,0,0.7084
SURV-01046,36,2,0.0556,0.0982,35591.4,3496.14,0.911,0,2,0.0,0,0,Employed (Private/Gov),Owned (Clean Title),Widowed,1,4.0,onboarding_risk,completed,34,0.6655
SURV-01047,12,10,0.8333,0.4572,12160.35,5559.85,0.471,3,1,0.396,1,1,Agri / Farmer / Fisherfolk,Living with Parents/Relatives,Married,2,9.2,completion_phase,defaulted,0,0.5916
SURV-01048,12,10,0.8333,0.1297,43132.56,5594.62,0.895,0,3,0.0,0,0,Employed (Private/Gov),Owned (Inherited/Tax Dec),Widowed,3,10.8,completion_phase,completed,2,0.8098
SURV-01049,12,3,0.25,0.252,34973.44,8814.75,0.812,0,2,0.015,0,0,Employed (Private/Gov),Owned (Inherited/Tax Dec),Married,0,8.7,onboarding_risk,completed,9,0.7347
SURV-01050,24,16,0.6667,0.1198,40974.16,4909.49,0.815,1,2,0.083,0,0,Public School Teacher,Rented (Apartment/House),Married,3,10.7,core_stability,completed,8,0.7101
SURV-01051,24,19,0.7917,0.2053,27323.2,5610.56,0.267,4,1,0.229,0,0,Employed (Private/Gov),Rented (Apartment/House),Single,4,23.5,core_stability,defaulted,1,0.6641
SURV-01052,12,1,0.0833,0.133,36064.51,4795.97,0.829,1,3,0.149,0,0,Public School Teacher,Living with Parents/Relatives,Single,2,2.0,onboarding_risk,early_settled,9,0.8121
SURV-01053,36,31,0.8611,0.118,34564.34,4077.6,0.992,0,6,0.0,0,0,Public School Teacher,Owned (Inherited/Tax Dec),Married,4,10.3,core_stability,early_settled,0,0.7429
SURV-01054,12,4,0.3333,0.3712,22856.17,8483.25,0.516,1,0,0.421,0,0,Agri / Farmer / Fisherfolk,Living with Parents/Relatives,Married,1,3.7,onboarding_risk,defaulted,1,0.5929
SURV-01055,12,4,0.3333,0.1626,68696.71,11169.63,0.912,0,1,0.0,0,0,OFW Remittance / Dependent,Owned (Inherited/Tax Dec),Widowed,1,11.0,onboarding_risk,completed,8,0.79
SURV-01056,24,7,0.2917,0.1404,41120.76,5772.63,0.904,0,2,0.0,0,0,Public School Teacher,Owned (Clean Title),Married,0,2.1,core_stability,completed,17,0.7756
SURV-01057,12,5,0.4167,0.5423,16592.49,8998.48,0.362,3,1,0.228,1,1,Agri / Farmer / Fisherfolk,Living with Parents/Relatives,Single,1,3.4,core_stability,defaulted,2,0.596
SURV-01058,36,6,0.1667,0.1282,25877.18,3316.99,0.669,1,1,0.011,0,0,Sari-Sari / Small Retail,Rented (Apartment/House),Widowed,2,9.5,core_stability,completed,30,0.6307
SURV-01059,12,6,0.5,0.4394,19667.41,8640.99,0.623,1,1,0.337,0,0,Employed (Private/Gov),Owned (Clean Title),Single,3,9.8,core_stability,defaulted,1,0.6665
SURV-01060,36,12,0.3333,0.1118,30778.34,3439.52,0.968,0,11,0.0,0,0,Employed (Private/Gov),Living with Parents/Relatives,Widowed,0,17.0,option_window,completed,24,0.7208
SURV-01061,24,15,0.625,0.3097,19597.76,6068.55,0.611,4,0,0.164,0,1,Agri / Farmer / Fisherfolk,Owned (Clean Title),Widowed,3,8.6,core_stability,defaulted,1,0.618
SURV-01062,24,12,0.5,0.1819,41582.15,7563.04,0.762,0,2,0.043,0,0,Public School Teacher,Living with Parents/Relatives,Single,1,4.6,option_window,completed,12,0.7415
SURV-01063,36,33,0.9167,0.2797,24983.03,6987.48,0.472,2,0,0.372,0,0,Sari-Sari / Small Retail,Rented (Apartment/House),Single,2,5.6,completion_phase,defaulted,0,0.5279
SURV-01064,12,1,0.0833,0.4748,29768.24,14135.21,0.291,1,0,0.272,0,0,Sari-Sari / Small Retail,Owned (Clean Title),Single,1,5.4,onboarding_risk,completed,11,0.6119
SURV-01065,36,6,0.1667,0.1259,35821.95,4511.11,0.603,0,3,0.089,0,0,Employed (Private/Gov),Rented (Apartment/House),Single,0,13.0,core_stability,defaulted,3,0.6734
SURV-01066,24,18,0.75,0.1299,59821.44,7773.69,0.612,0,1,0.08,0,0,OFW Remittance / Dependent,Owned (Clean Title),Married,1,2.8,core_stability,defaulted,0,0.7448
SURV-01067,36,22,0.6111,0.0459,66249.23,3040.8,0.865,0,6,0.0,0,0,OFW Remittance / Dependent,Living with Parents/Relatives,Widowed,1,8.8,option_window,completed,14,0.7537
SURV-01068,12,5,0.4167,0.5208,20005.59,10419.55,0.286,4,0,0.429,0,0,Tricycle / PUV Operator,Owned (Inherited/Tax Dec),Married,3,10.2,core_stability,defaulted,0,0.5351
SURV-01069,24,8,0.3333,0.256,29997.98,7680.22,0.441,1,0,0.234,1,0,Employed (Private/Gov),Rented (Apartment/House),Widowed,0,7.6,core_stability,defaulted,0,0.6974
SURV-01070,36,23,0.6389,0.1177,43610.13,5131.68,0.683,1,3,0.124,1,0,Employed (Private/Gov),Rented (Apartment/House),Married,2,13.3,option_window,early_settled,2,0.7084
SURV-01071,36,8,0.2222,0.2205,22187.1,4892.0,0.395,3,0,0.313,0,0,Sari-Sari / Small Retail,Owned (Clean Title),Married,1,3.4,core_stability,defaulted,1,0.5983
SURV-01072,24,16,0.6667,0.2445,24551.24,6001.7,0.689,0,1,0.134,0,0,Sari-Sari / Small Retail,Owned (Inherited/Tax Dec),Married,0,5.9,core_stability,defaulted,0,0.6787
SURV-01073,24,20,0.8333,0.1499,38461.51,5765.8,0.654,1,1,0.09,0,0,Public School Teacher,Owned (Clean Title),Single,3,4.8,core_stability,completed,4,0.7272
SURV-01074,36,19,0.5278,0.217,22108.98,4797.49,0.523,4,1,0.295,0,0,Tricycle / PUV Operator,Owned (Inherited/Tax Dec),Widowed,1,7.5,option_window,defaulted,1,0.7281
SURV-01075,12,6,0.5,0.2574,62557.2,16100.25,0.31,1,0,0.353,1,0,OFW Remittance / Dependent,Rented (Apartment/House),Married,3,3.3,core_stability,defaulted,1,0.6597
SURV-01076,24,3,0.125,0.1711,20497.42,3506.09,0.697,1,1,0.009,0,0,Sari-Sari / Small Retail,Owned (Clean Title),Widowed,2,10.0,onboarding_risk,completed,21,0.6627
SURV-01077,36,34,0.9444,0.4727,14341.05,6779.1,0.474,1,0,0.268,1,0,Sari-Sari / Small Retail,Rented (Apartment/House),Married,1,7.0,completion_phase,defaulted,1,0.4294
SURV-01078,36,30,0.8333,0.1787,14189.19,2535.9,0.624,0,1,0.096,0,0,Tricycle / PUV Operator,Owned (Inherited/Tax Dec),Married,1,8.2,core_stability,completed,6,0.6888
SURV-01079,36,4,0.1111,0.1742,26325.86,4587.08,0.612,0,3,0.146,0,0,BPO / Call Center Agent,Living with Parents/Relatives,Single,1,6.1,onboarding_risk,completed,32,0.6659
SURV-01080,24,14,0.5833,0.2276,21808.33,4962.7,0.358,1,0,0.345,1,0,Agri / Farmer / Fisherfolk,Owned (Inherited/Tax Dec),Married,4,1.6,core_stability,completed,10,0.5952
SURV-01081,36,32,0.8889,0.1336,20955.81,2800.27,0.747,0,2,0.023,0,0,Tricycle / PUV Operator,Owned (Inherited/Tax Dec),Married,4,18.5,core_stability,completed,4,0.6306
SURV-01082,24,3,0.125,0.1022,31413.19,3211.72,0.86,0,2,0.0,0,0,Public School Teacher,Owned (Inherited/Tax Dec),Widowed,0,9.1,onboarding_risk,completed,21,0.7621
SURV-01083,36,21,0.5833,0.0482,55467.77,2675.47,0.897,0,1,0.0,0,0,OFW Remittance / Dependent,Owned (Clean Title),Single,2,7.3,option_window,completed,15,0.7782
SURV-01084,12,12,1.0,0.3827,35584.26,13617.45,0.404,1,0,0.443,0,0,BPO / Call Center Agent,Owned (Inherited/Tax Dec),Single,0,2.1,completion_phase,defaulted,0,0.6249
SURV-01085,36,28,0.7778,0.0709,57232.01,4059.67,0.9,0,3,0.0,0,0,OFW Remittance / Dependent,Owned (Clean Title),Married,2,14.1,core_stability,completed,8,0.7372
SURV-01086,24,16,0.6667,0.2049,41886.4,8583.05,0.763,1,0,0.097,0,0,OFW Remittance / Dependent,Owned (Inherited/Tax Dec),Married,3,2.3,core_stability,completed,8,0.7558
SURV-01087,12,7,0.5833,0.2128,40450.56,8609.17,0.621,0,1,0.008,1,0,Public School Teacher,Living with Parents/Relatives,Single,3,3.9,core_stability,completed,5,0.6967
SURV-01088,12,3,0.25,0.0836,67940.11,5683.15,0.972,0,3,0.0,0,0,OFW Remittance / Dependent,Owned (Clean Title),Widowed,2,4.8,onboarding_risk,completed,9,0.7863
SURV-01089,24,12,0.5,0.2361,18757.69,4427.85,0.518,4,1,0.34,0,0,Tricycle / PUV Operator,Rented (Apartment/House),Married,0,18.8,option_window,defaulted,1,0.6481
SURV-01090,36,27,0.75,0.0943,55349.69,5217.62,0.9,0,9,0.0,0,0,OFW Remittance / Dependent,Owned (Clean Title),Single,3,6.9,core_stability,early_settled,0,0.6852
SURV-01091,24,9,0.375,0.2263,24414.82,5526.1,0.263,4,0,0.428,0,0,Sari-Sari / Small Retail,Owned (Inherited/Tax Dec),Single,4,21.7,core_stability,defaulted,0,0.688
SURV-01092,36,29,0.8056,0.0942,42653.45,4016.52,0.741,1,0,0.022,0,0,BPO / Call Center Agent,Rented (Apartment/House),Married,3,3.7,core_stability,early_settled,0,0.6064
SURV-01093,36,7,0.1944,0.1809,19060.77,3447.35,0.305,2,1,0.425,0,0,Agri / Farmer / Fisherfolk,Owned (Clean Title),Single,3,11.4,core_stability,defaulted,1,0.6453
SURV-01094,36,36,1.0,0.1094,40060.91,4381.3,0.625,0,1,0.142,0,0,Employed (Private/Gov),Living with Parents/Relatives,Married,1,1.9,completion_phase,defaulted,0,0.6962
SURV-01095,24,17,0.7083,0.1287,64289.42,8272.62,0.798,0,3,0.046,0,0,OFW Remittance / Dependent,Rented (Apartment/House),Single,0,4.5,core_stability,completed,7,0.7391
SURV-01096,24,6,0.25,0.4197,21827.81,9161.29,0.259,3,1,0.248,0,0,Tricycle / PUV Operator,Rented (Apartment/House),Married,3,1.8,core_stability,defaulted,0,0.5727
SURV-01097,36,16,0.4444,0.0876,41843.16,3663.44,0.949,0,3,0.0,0,0,Employed (Private/Gov),Rented (Apartment/House),Married,1,6.4,option_window,completed,20,0.7751
SURV-01098,12,8,0.6667,0.2225,25009.94,5564.89,0.483,2,1,0.202,1,0,BPO / Call Center Agent,Living with Parents/Relatives,Widowed,3,4.8,core_stability,defaulted,0,0.7029
SURV-01099,36,15,0.4167,0.1537,26058.14,4004.66,0.695,0,0,0.121,0,0,Sari-Sari / Small Retail,Owned (Clean Title),Married,0,11.6,option_window,defaulted,1,0.6775
SURV-01100,24,23,0.9583,0.1461,33770.83,4935.49,0.854,0,11,0.0,0,0,BPO / Call Center Agent,Owned (Inherited/Tax Dec),Married,1,7.2,completion_phase,completed,1,0.8204
SURV-01101,24,16,0.6667,0.2906,20932.31,6082.87,0.303,1,0,0.3,1,0,Sari-Sari / Small Retail,Owned (Clean Title),Widowed,0,1.8,core_stability,defaulted,0,0.6794
SURV-01102,12,2,0.1667,0.3435,15851.39,5445.48,0.409,4,0,0.319,0,0,Tricycle / PUV Operator,Owned (Clean Title),Married,0,1.9,onboarding_risk,defaulted,4,0.6834
SURV-01103,24,11,0.4583,0.0902,37529.04,3385.48,0.965,0,11,0.0,0,0,Public School Teacher,Owned (Inherited/Tax Dec),Married,4,7.5,option_window,early_settled,3,0.81
SURV-01104,12,4,0.3333,0.4791,25626.97,12278.47,0.526,3,0,0.398,0,1,Sari-Sari / Small Retail,Rented (Apartment/House),Single,2,4.7,onboarding_risk,defaulted,1,0.6345
SURV-01105,24,7,0.2917,0.5123,14697.33,7529.0,0.279,2,1,0.423,1,0,Agri / Farmer / Fisherfolk,Living with Parents/Relatives,Married,2,3.8,core_stability,defaulted,0,0.5624
SURV-01106,12,7,0.5833,0.5867,18016.34,10570.04,0.449,3,0,0.425,0,1,Tricycle / PUV Operator,Owned (Clean Title),Single,1,6.4,core_stability,defaulted,1,0.5858
SURV-01107,12,12,1.0,0.2434,28503.32,6938.53,0.628,1,0,0.301,0,0,Sari-Sari / Small Retail,Living with Parents/Relatives,Married,3,2.7,completion_phase,completed,0,0.6198
SURV-01108,12,2,0.1667,0.3884,27655.95,10740.66,0.283,1,0,0.318,0,1,Public School Teacher,Living with Parents/Relatives,Single,4,6.8,onboarding_risk,defaulted,5,0.6944
SURV-01109,36,23,0.6389,0.138,29188.93,4028.22,0.962,0,10,0.0,0,0,Employed (Private/Gov),Owned (Clean Title),Married,2,5.5,option_window,completed,13,0.7386
SURV-01110,24,6,0.25,0.3919,12000.0,4703.31,0.522,4,0,0.253,0,0,Agri / Farmer / Fisherfolk,Owned (Inherited/Tax Dec),Married,1,11.2,core_stability,defaulted,2,0.6421
SURV-01111,12,1,0.0833,0.5395,23211.07,12522.12,0.43,3,0,0.312,0,1,Agri / Farmer / Fisherfolk,Rented (Apartment/House),Single,2,5.8,onboarding_risk,defaulted,1,0.6225
SURV-01112,36,9,0.25,0.3028,19633.12,5945.14,0.448,3,0,0.164,0,1,Agri / Farmer / Fisherfolk,Owned (Clean Title),Single,0,10.6,core_stability,defaulted,1,0.5887
SURV-01113,24,23,0.9583,0.6458,12000.0,7749.22,0.619,2,1,0.188,0,0,Sari-Sari / Small Retail,Owned (Inherited/Tax Dec),Single,2,10.0,completion_phase,defaulted,0,0.5579
SURV-01114,12,2,0.1667,0.1827,58122.35,10620.05,0.967,0,1,0.0,0,0,OFW Remittance / Dependent,Owned (Clean Title),Married,2,6.8,onboarding_risk,completed,10,0.7673
SURV-01115,12,3,0.25,0.1888,70933.91,13391.84,0.779,1,2,0.014,0,0,OFW Remittance / Dependent,Living with Parents/Relatives,Widowed,3,4.4,onboarding_risk,defaulted,1,0.7329
SURV-01116,36,8,0.2222,0.1002,23318.45,2336.36,0.825,1,3,0.119,0,0,Tricycle / PUV Operator,Rented (Apartment/House),Widowed,1,7.6,core_stability,completed,28,0.6327
SURV-01117,24,12,0.5,0.4367,20768.68,9069.16,0.221,2,0,0.238,0,0,Sari-Sari / Small Retail,Rented (Apartment/House),Married,2,6.4,option_window,defaulted,0,0.5622
SURV-01118,24,11,0.4583,0.269,20372.89,5479.49,0.467,4,0,0.251,0,0,Sari-Sari / Small Retail,Owned (Clean Title),Married,1,5.4,option_window,defaulted,1,0.693
SURV-01119,36,14,0.3889,0.3465,18932.6,6560.74,0.513,2,1,0.299,0,1,Public School Teacher,Owned (Inherited/Tax Dec),Married,3,6.9,option_window,defaulted,0,0.6298
SURV-01120,12,7,0.5833,0.7517,12000.0,9020.75,0.512,2,0,0.167,1,1,Agri / Farmer / Fisherfolk,Owned (Clean Title),Married,1,13.7,core_stability,defaulted,1,0.5903
SURV-01121,12,5,0.4167,0.3516,26525.84,9326.77,0.615,1,1,0.43,1,0,BPO / Call Center Agent,Owned (Inherited/Tax Dec),Single,2,8.2,core_stability,completed,7,0.6846
SURV-01122,24,1,0.0417,0.183,39465.43,7221.57,0.87,0,1,0.0,0,0,Public School Teacher,Owned (Inherited/Tax Dec),Single,2,5.9,onboarding_risk,completed,23,0.7524
SURV-01123,12,4,0.3333,0.2322,37355.24,8675.54,0.296,1,0,0.441,0,0,BPO / Call Center Agent,Rented (Apartment/House),Single,2,2.0,onboarding_risk,defaulted,3,0.6821
SURV-01124,24,24,1.0,0.21,15506.51,3255.69,0.788,1,3,0.087,0,0,Sari-Sari / Small Retail,Living with Parents/Relatives,Married,0,11.0,completion_phase,completed,0,0.6663
SURV-01125,12,7,0.5833,0.4063,32057.02,13023.98,0.456,2,0,0.164,0,0,BPO / Call Center Agent,Rented (Apartment/House),Married,4,9.9,core_stability,defaulted,0,0.6507
SURV-01126,36,30,0.8333,0.0783,57370.74,4489.83,0.991,0,3,0.0,0,0,OFW Remittance / Dependent,Owned (Inherited/Tax Dec),Married,4,2.7,core_stability,completed,6,0.7175
SURV-01127,24,5,0.2083,0.065,48009.6,3121.65,0.809,0,1,0.014,0,0,OFW Remittance / Dependent,Rented (Apartment/House),Married,2,3.4,core_stability,completed,19,0.7464
SURV-01128,24,12,0.5,0.4955,15511.23,7686.12,0.642,3,0,0.299,1,0,Agri / Farmer / Fisherfolk,Owned (Inherited/Tax Dec),Widowed,1,10.4,option_window,defaulted,0,0.5495
SURV-01129,12,5,0.4167,0.4078,29669.17,12099.07,0.642,2,0,0.401,1,0,BPO / Call Center Agent,Rented (Apartment/House),Married,2,2.1,core_stability,completed,7,0.6158
SURV-01130,12,1,0.0833,0.1712,75034.58,12845.86,0.685,0,0,0.064,0,0,OFW Remittance / Dependent,Living with Parents/Relatives,Widowed,3,5.9,onboarding_risk,defaulted,2,0.8185
SURV-01131,36,29,0.8056,0.0859,43779.26,3760.33,0.886,0,1,0.0,0,0,Public School Teacher,Owned (Inherited/Tax Dec),Single,3,4.7,core_stability,completed,7,0.6973
SURV-01132,24,10,0.4167,0.2913,31456.2,9162.42,0.629,1,0,0.398,1,0,Employed (Private/Gov),Owned (Clean Title),Single,2,1.7,core_stability,defaulted,0,0.6844
SURV-01133,12,7,0.5833,0.2298,28819.92,6622.23,0.261,1,1,0.246,0,0,BPO / Call Center Agent,Living with Parents/Relatives,Single,2,1.0,core_stability,defaulted,1,0.7207
SURV-01134,24,2,0.0833,0.098,40411.99,3959.45,0.923,0,2,0.0,0,0,BPO / Call Center Agent,Living with Parents/Relatives,Married,1,13.1,onboarding_risk,completed,22,0.7213
SURV-01135,36,10,0.2778,0.1101,55135.81,6073.08,0.936,0,2,0.0,0,0,OFW Remittance / Dependent,Owned (Clean Title),Single,1,7.5,core_stability,completed,26,0.7916
SURV-01136,36,16,0.4444,0.0839,33888.98,2842.84,0.903,0,8,0.0,0,0,BPO / Call Center Agent,Living with Parents/Relatives,Single,1,9.9,option_window,early_settled,4,0.6857
SURV-01137,24,6,0.25,0.3636,23557.82,8564.87,0.359,2,1,0.405,1,0,Sari-Sari / Small Retail,Rented (Apartment/House),Married,2,1.3,core_stability,defaulted,0,0.6025
SURV-01138,24,9,0.375,0.2334,20858.81,4869.25,0.466,3,0,0.344,0,1,Agri / Farmer / Fisherfolk,Rented (Apartment/House),Widowed,1,3.5,core_stability,defaulted,1,0.6127
SURV-01139,36,22,0.6111,0.3144,20735.49,6520.11,0.202,1,0,0.232,0,1,Sari-Sari / Small Retail,Owned (Inherited/Tax Dec),Widowed,2,2.8,option_window,defaulted,0,0.6505
SURV-01140,24,3,0.125,0.1091,32311.47,3525.15,0.658,1,1,0.017,0,0,BPO / Call Center Agent,Rented (Apartment/House),Single,1,5.8,onboarding_risk,defaulted,5,0.6884
SURV-01141,12,5,0.4167,0.4749,31165.69,14800.02,0.426,3,0,0.248,0,0,Sari-Sari / Small Retail,Owned (Inherited/Tax Dec),Married,1,9.1,core_stability,defaulted,2,0.6782
SURV-01142,36,14,0.3889,0.1263,32865.79,4151.09,0.866,0,12,0.0,0,0,BPO / Call Center Agent,Owned (Inherited/Tax Dec),Married,2,7.7,option_window,completed,22,0.7025
SURV-01143,36,20,0.5556,0.1165,41664.71,4854.28,0.749,1,3,0.053,0,0,OFW Remittance / Dependent,Rented (Apartment/House),Married,1,9.7,option_window,completed,16,0.7094
SURV-01144,24,18,0.75,0.2471,16175.71,3996.33,0.378,4,1,0.179,0,0,Agri / Farmer / Fisherfolk,Living with Parents/Relatives,Married,0,6.4,core_stability,completed,6,0.6502
SURV-01145,24,15,0.625,0.1782,22266.46,3968.94,0.83,0,1,0.056,0,0,Tricycle / PUV Operator,Owned (Clean Title),Married,0,7.6,core_stability,completed,9,0.7254
SURV-01146,36,32,0.8889,0.0674,53610.76,3613.66,0.731,1,2,0.068,0,0,OFW Remittance / Dependent,Rented (Apartment/House),Married,1,2.8,core_stability,defaulted,0,0.6492
SURV-01147,36,32,0.8889,0.2353,25466.09,5992.85,0.547,3,0,0.2,0,0,Employed (Private/Gov),Rented (Apartment/House),Widowed,0,3.7,core_stability,defaulted,0,0.6397
SURV-01148,24,3,0.125,0.2076,31511.97,6541.48,0.821,0,2,0.049,0,0,Employed (Private/Gov),Owned (Inherited/Tax Dec),Single,3,3.3,onboarding_risk,completed,21,0.652
SURV-01149,12,11,0.9167,0.6441,20885.9,13453.17,0.237,1,0,0.341,0,0,BPO / Call Center Agent,Owned (Inherited/Tax Dec),Widowed,1,19.3,completion_phase,defaulted,1,0.5972
SURV-01150,24,13,0.5417,0.3824,12000.0,4588.39,0.282,4,1,0.364,0,0,Agri / Farmer / Fisherfolk,Owned (Clean Title),Married,2,6.7,option_window,defaulted,0,0.5808
SURV-01151,12,10,0.8333,0.1842,33916.6,6246.99,0.997,0,5,0.0,0,0,Public School Teacher,Owned (Inherited/Tax Dec),Married,2,8.8,completion_phase,completed,2,0.804
SURV-01152,24,21,0.875,0.2262,25092.41,5674.99,0.772,1,2,0.143,0,0,Sari-Sari / Small Retail,Owned (Inherited/Tax Dec),Widowed,1,7.0,completion_phase,completed,3,0.7334
SURV-01153,36,33,0.9167,0.0692,44455.87,3078.01,0.968,0,11,0.0,0,0,Public School Teacher,Owned (Clean Title),Widowed,2,4.9,completion_phase,completed,3,0.7031
SURV-01154,24,17,0.7083,0.0871,43767.42,3812.94,0.893,0,12,0.0,0,0,OFW Remittance / Dependent,Rented (Apartment/House),Single,1,13.5,core_stability,early_settled,0,0.8079
SURV-01155,12,9,0.75,1.3194,12000.0,15832.82,0.64,3,0,0.318,1,0,Agri / Farmer / Fisherfolk,Owned (Clean Title),Married,1,12.7,completion_phase,defaulted,0,0.5814
SURV-01156,24,15,0.625,0.0919,33473.08,3074.72,0.806,0,2,0.111,1,0,Employed (Private/Gov),Rented (Apartment/House),Widowed,2,18.4,core_stability,completed,9,0.7046
SURV-01157,12,4,0.3333,0.4638,24612.34,11414.62,0.266,1,1,0.262,0,0,Sari-Sari / Small Retail,Owned (Clean Title),Single,1,14.4,onboarding_risk,defaulted,2,0.6355
SURV-01158,24,6,0.25,0.1722,39280.46,6764.14,0.72,0,2,0.036,0,0,Employed (Private/Gov),Living with Parents/Relatives,Married,1,4.0,core_stability,completed,18,0.6999
SURV-01159,36,1,0.0278,0.0605,50786.09,3071.78,0.986,0,1,0.0,0,0,Public School Teacher,Living with Parents/Relatives,Widowed,1,6.1,onboarding_risk,completed,35,0.7446
SURV-01160,24,1,0.0417,0.2511,26504.14,6654.72,0.639,1,1,0.204,0,0,Sari-Sari / Small Retail,Rented (Apartment/House),Married,4,4.9,onboarding_risk,early_settled,11,0.6011
SURV-01161,36,15,0.4167,0.1899,31059.81,5899.54,0.722,1,1,0.139,0,0,Employed (Private/Gov),Owned (Clean Title),Married,2,10.7,option_window,completed,21,0.6543
SURV-01162,24,7,0.2917,0.1041,44191.28,4601.96,0.879,0,5,0.0,0,0,Public School Teacher,Living with Parents/Relatives,Married,1,7.2,core_stability,completed,17,0.7217
SURV-01163,12,12,1.0,0.2361,23372.01,5518.61,0.33,1,0,0.341,1,0,Agri / Farmer / Fisherfolk,Owned (Clean Title),Married,4,7.3,completion_phase,defaulted,0,0.6397
SURV-01164,36,17,0.4722,0.1286,20472.59,2632.14,0.815,1,2,0.039,0,0,Tricycle / PUV Operator,Owned (Clean Title),Married,0,5.8,option_window,defaulted,0,0.6523
SURV-01165,12,12,1.0,0.3091,18505.35,5720.69,0.542,3,1,0.267,0,1,Tricycle / PUV Operator,Owned (Inherited/Tax Dec),Married,0,3.2,completion_phase,defaulted,0,0.6691
SURV-01166,12,5,0.4167,0.2593,34314.24,8898.91,0.744,1,3,0.068,0,0,Public School Teacher,Owned (Clean Title),Widowed,0,13.0,core_stability,completed,7,0.7868
SURV-01167,36,15,0.4167,0.2851,19090.36,5443.33,0.265,4,1,0.289,0,1,Agri / Farmer / Fisherfolk,Owned (Clean Title),Widowed,2,7.6,option_window,defaulted,1,0.558
SURV-01168,12,5,0.4167,0.2397,25304.12,6065.43,0.799,1,1,0.132,1,0,BPO / Call Center Agent,Owned (Inherited/Tax Dec),Married,0,9.8,core_stability,completed,7,0.7275
SURV-01169,24,13,0.5417,0.0556,63569.97,3533.31,0.947,0,2,0.0,0,0,OFW Remittance / Dependent,Rented (Apartment/House),Widowed,0,6.6,option_window,completed,11,0.7467
SURV-01170,12,1,0.0833,0.2596,34570.26,8973.35,0.728,1,2,0.058,0,0,BPO / Call Center Agent,Owned (Clean Title),Married,3,13.0,onboarding_risk,completed,11,0.6583
SURV-01171,36,10,0.2778,0.1526,33622.97,5131.1,0.906,0,5,0.0,0,0,Public School Teacher,Living with Parents/Relatives,Married,2,8.3,core_stability,early_settled,2,0.7303
SURV-01172,36,14,0.3889,0.2837,18960.46,5378.97,0.638,4,0,0.304,0,0,Sari-Sari / Small Retail,Owned (Inherited/Tax Dec),Married,1,2.6,option_window,defaulted,1,0.599
SURV-01173,12,3,0.25,0.2306,37210.91,8580.34,0.618,1,0,0.147,1,0,Employed (Private/Gov),Owned (Clean Title),Widowed,2,6.2,onboarding_risk,completed,9,0.7479
SURV-01174,36,8,0.2222,0.0737,36794.92,2711.86,0.908,0,6,0.0,0,0,OFW Remittance / Dependent,Owned (Clean Title),Single,4,8.0,core_stability,early_settled,15,0.7198
SURV-01175,24,9,0.375,0.0844,45104.71,3804.98,0.973,0,5,0.0,0,0,OFW Remittance / Dependent,Living with Parents/Relatives,Married,0,6.5,core_stability,early_settled,2,0.7611
SURV-01176,24,2,0.0833,0.3172,28482.53,9035.7,0.701,0,1,0.065,0,0,Employed (Private/Gov),Owned (Inherited/Tax Dec),Married,2,6.4,onboarding_risk,defaulted,4,0.6611
SURV-01177,24,7,0.2917,0.3405,16736.06,5698.56,0.355,2,0,0.407,0,0,Agri / Farmer / Fisherfolk,Rented (Apartment/House),Married,0,9.5,core_stability,defaulted,0,0.6346
SURV-01178,12,6,0.5,0.3867,29708.27,11487.96,0.448,4,1,0.23,1,0,Public School Teacher,Living with Parents/Relatives,Single,1,4.6,core_stability,defaulted,0,0.6403
SURV-01179,24,13,0.5417,0.1915,46294.48,8867.69,0.914,0,9,0.0,0,0,OFW Remittance / Dependent,Owned (Clean Title),Married,2,12.2,option_window,completed,11,0.7038
SURV-01180,24,7,0.2917,0.1315,29455.81,3872.68,0.979,0,3,0.0,0,0,Public School Teacher,Owned (Inherited/Tax Dec),Married,1,14.5,core_stability,completed,17,0.8146
SURV-01181,36,22,0.6111,0.2757,16642.76,4588.08,0.507,2,0,0.26,0,0,Agri / Farmer / Fisherfolk,Living with Parents/Relatives,Widowed,3,5.7,option_window,completed,14,0.5449
SURV-01182,12,1,0.0833,0.2014,34819.74,7014.21,0.854,0,1,0.0,0,0,Public School Teacher,Owned (Inherited/Tax Dec),Married,0,10.0,onboarding_risk,completed,11,0.808
SURV-01183,36,30,0.8333,0.2067,32304.24,6676.99,0.617,0,3,0.075,0,0,Public School Teacher,Living with Parents/Relatives,Married,0,7.3,core_stability,completed,6,0.6838
SURV-01184,24,21,0.875,0.092,35415.95,3259.38,0.867,0,9,0.0,0,0,Public School Teacher,Owned (Clean Title),Widowed,0,6.1,completion_phase,completed,3,0.7514
SURV-01185,36,14,0.3889,0.0775,43928.76,3405.64,0.973,0,11,0.0,0,0,Public School Teacher,Rented (Apartment/House),Married,3,24.9,option_window,completed,22,0.6948
SURV-01186,24,18,0.75,0.4454,17826.19,7939.11,0.241,2,0,0.425,0,0,Agri / Farmer / Fisherfolk,Rented (Apartment/House),Widowed,2,1.3,core_stability,defaulted,1,0.525
SURV-01187,36,8,0.2222,0.1825,18694.04,3411.86,0.374,2,0,0.237,0,1,Sari-Sari / Small Retail,Owned (Clean Title),Married,3,1.8,core_stability,defaulted,1,0.6519
SURV-01188,24,10,0.4167,0.0789,40796.06,3219.08,0.87,0,3,0.0,0,0,Employed (Private/Gov),Owned (Inherited/Tax Dec),Married,2,8.9,core_stability,completed,14,0.7754
SURV-01189,12,6,0.5,0.278,22149.23,6157.91,0.219,2,1,0.297,1,1,Tricycle / PUV Operator,Rented (Apartment/House),Married,2,11.3,core_stability,defaulted,1,0.6588
SURV-01190,24,1,0.0417,0.5284,14801.03,7821.55,0.456,3,1,0.361,0,0,Sari-Sari / Small Retail,Owned (Inherited/Tax Dec),Widowed,0,5.3,onboarding_risk,defaulted,5,0.6473
SURV-01191,12,3,0.25,0.3238,23804.82,7707.44,0.543,4,1,0.375,1,1,Sari-Sari / Small Retail,Owned (Clean Title),Single,1,2.8,onboarding_risk,defaulted,0,0.7106
SURV-01192,36,25,0.6944,0.1107,42148.74,4664.73,0.675,0,0,0.148,0,0,Employed (Private/Gov),Rented (Apartment/House),Married,3,4.9,option_window,defaulted,0,0.666
SURV-01193,36,31,0.8611,0.1457,29076.83,4236.49,0.669,1,2,0.049,0,0,BPO / Call Center Agent,Owned (Inherited/Tax Dec),Married,3,8.7,core_stability,completed,5,0.6979
SURV-01194,36,2,0.0556,0.1518,22059.07,3349.54,0.433,4,0,0.377,0,0,Agri / Farmer / Fisherfolk,Rented (Apartment/House),Married,2,8.5,onboarding_risk,defaulted,0,0.6331
SURV-01195,36,25,0.6944,0.3238,17918.84,5801.41,0.264,1,0,0.263,0,1,Agri / Farmer / Fisherfolk,Rented (Apartment/House),Married,2,9.8,option_window,defaulted,0,0.5974
SURV-01196,36,29,0.8056,0.0549,56735.21,3112.02,0.635,0,0,0.108,0,0,OFW Remittance / Dependent,Living with Parents/Relatives,Married,3,3.8,core_stability,completed,7,0.6896
SURV-01197,24,17,0.7083,0.3291,18002.22,5923.77,0.286,3,1,0.265,1,1,Sari-Sari / Small Retail,Rented (Apartment/House),Single,2,9.1,core_stability,defaulted,1,0.5487
SURV-01198,12,11,0.9167,0.1012,66291.28,6709.39,0.961,0,10,0.0,0,0,OFW Remittance / Dependent,Owned (Inherited/Tax Dec),Married,1,20.5,completion_phase,completed,1,0.7767
SURV-01199,24,8,0.3333,0.1465,38835.82,5690.64,0.897,0,6,0.0,0,0,OFW Remittance / Dependent,Owned (Inherited/Tax Dec),Single,3,5.7,core_stability,completed,16,0.7013
SURV-01200,36,7,0.1944,0.0729,66972.12,4880.42,0.92,0,1,0.0,0,0,OFW Remittance / Dependent,Owned (Inherited/Tax Dec),Married,2,4.7,core_stability,completed,29,0.7836
SURV-01201,12,12,1.0,0.3718,22024.13,8188.84,0.475,3,0,0.226,1,0,Tricycle / PUV Operator,Living with Parents/Relatives,Married,0,12.4,completion_phase,defaulted,0,0.6382
SURV-01202,12,3,0.25,0.4454,20251.92,9019.81,0.263,3,1,0.305,0,0,Tricycle / PUV Operator,Owned (Inherited/Tax Dec),Widowed,2,1.3,onboarding_risk,defaulted,4,0.6041
SURV-01203,24,12,0.5,0.0872,32675.5,2850.22,0.962,0,9,0.0,0,0,Employed (Private/Gov),Living with Parents/Relatives,Single,3,8.5,option_window,early_settled,0,0.7449
SURV-01204,12,5,0.4167,0.3383,16499.19,5582.38,0.419,3,0,0.352,0,0,Tricycle / PUV Operator,Owned (Clean Title),Married,2,7.9,core_stability,defaulted,0,0.6868
SURV-01205,12,6,0.5,1.2552,12000.0,15062.19,0.325,1,0,0.395,0,0,Agri / Farmer / Fisherfolk,Owned (Inherited/Tax Dec),Married,2,2.0,core_stability,defaulted,1,0.5951
SURV-01206,12,9,0.75,0.3239,26913.89,8718.58,0.263,4,0,0.285,1,0,Tricycle / PUV Operator,Owned (Clean Title),Married,2,7.6,completion_phase,defaulted,1,0.6712
SURV-01207,12,9,0.75,0.3238,23550.75,7625.09,0.204,3,0,0.182,0,1,Tricycle / PUV Operator,Owned (Clean Title),Single,3,9.3,completion_phase,defaulted,0,0.7063
SURV-01208,12,9,0.75,0.6429,18779.21,12073.72,0.55,2,0,0.215,0,1,Agri / Farmer / Fisherfolk,Owned (Inherited/Tax Dec),Widowed,1,19.7,completion_phase,defaulted,0,0.5764
SURV-01209,36,24,0.6667,0.221,12000.0,2652.45,0.486,1,0,0.426,1,0,Tricycle / PUV Operator,Rented (Apartment/House),Single,0,14.6,option_window,completed,12,0.5516
SURV-01210,24,8,0.3333,0.1674,36639.26,6133.63,0.832,1,3,0.13,0,0,Employed (Private/Gov),Owned (Inherited/Tax Dec),Single,3,5.7,core_stability,completed,16,0.7091
SURV-01211,36,17,0.4722,0.0963,28359.26,2730.74,0.702,1,0,0.033,0,0,BPO / Call Center Agent,Living with Parents/Relatives,Single,2,4.4,option_window,completed,19,0.641
SURV-01212,24,14,0.5833,0.2532,25278.88,6399.42,0.263,3,0,0.256,0,0,Sari-Sari / Small Retail,Owned (Inherited/Tax Dec),Married,4,7.5,core_stability,defaulted,1,0.6545
SURV-01213,24,12,0.5,0.1476,51443.28,7591.49,0.912,0,10,0.0,0,0,Public School Teacher,Owned (Inherited/Tax Dec),Widowed,1,10.7,option_window,early_settled,3,0.7949
SURV-01214,36,27,0.75,0.216,31964.2,6905.45,0.715,1,3,0.054,0,0,BPO / Call Center Agent,Living with Parents/Relatives,Single,2,15.4,core_stability,completed,9,0.6287
SURV-01215,24,24,1.0,0.1996,33866.94,6758.63,0.775,1,2,0.12,1,0,BPO / Call Center Agent,Living with Parents/Relatives,Single,3,6.4,completion_phase,completed,0,0.6507
SURV-01216,24,19,0.7917,0.1205,45686.35,5504.45,0.875,0,1,0.0,0,0,Public School Teacher,Rented (Apartment/House),Single,0,5.3,core_stability,early_settled,0,0.7632
SURV-01217,24,10,0.4167,0.3545,13488.16,4782.06,0.507,4,1,0.29,0,0,Agri / Farmer / Fisherfolk,Rented (Apartment/House),Married,1,4.4,core_stability,defaulted,1,0.5466
SURV-01218,24,8,0.3333,0.282,27482.27,7750.27,0.648,4,1,0.431,1,0,BPO / Call Center Agent,Rented (Apartment/House),Single,1,6.2,core_stability,defaulted,0,0.6469
SURV-01219,12,4,0.3333,0.566,15105.47,8549.05,0.36,1,0,0.427,1,1,Sari-Sari / Small Retail,Living with Parents/Relatives,Single,1,4.7,onboarding_risk,defaulted,0,0.6142
SURV-01220,12,1,0.0833,0.2492,55881.76,13923.19,0.613,1,2,0.106,0,0,OFW Remittance / Dependent,Owned (Clean Title),Married,1,10.1,onboarding_risk,completed,11,0.7916
SURV-01221,12,2,0.1667,0.4709,29591.87,13936.13,0.541,3,0,0.18,1,0,Public School Teacher,Owned (Clean Title),Widowed,3,16.9,onboarding_risk,defaulted,4,0.6759
SURV-01222,24,1,0.0417,0.125,43031.85,5380.02,0.883,0,1,0.0,0,0,Public School Teacher,Rented (Apartment/House),Married,2,12.6,onboarding_risk,early_settled,13,0.7661
SURV-01223,36,16,0.4444,0.1658,23222.96,3850.87,0.533,2,1,0.198,0,0,Tricycle / PUV Operator,Rented (Apartment/House),Widowed,1,9.5,option_window,defaulted,0,0.6683
SURV-01224,36,6,0.1667,0.2902,19415.91,5634.65,0.273,3,1,0.178,1,1,Agri / Farmer / Fisherfolk,Owned (Clean Title),Married,4,2.9,core_stability,defaulted,1,0.5733
SURV-01225,36,19,0.5278,0.1211,23453.37,2840.34,0.615,0,2,0.018,0,0,OFW Remittance / Dependent,Living with Parents/Relatives,Married,2,3.8,option_window,completed,17,0.699
SURV-01226,12,1,0.0833,0.4636,27235.49,12625.36,0.261,3,0,0.181,1,1,Sari-Sari / Small Retail,Owned (Clean Title),Married,2,4.6,onboarding_risk,defaulted,4,0.5443
SURV-01227,12,7,0.5833,0.2181,45084.05,9833.57,0.845,0,1,0.087,0,0,Public School Teacher,Owned (Clean Title),Widowed,1,4.2,core_stability,completed,5,0.7343
SURV-01228,24,14,0.5833,0.1746,40891.08,7138.84,0.988,0,8,0.0,0,0,OFW Remittance / Dependent,Owned (Inherited/Tax Dec),Married,0,8.4,core_stability,completed,10,0.7455
SURV-01229,36,33,0.9167,0.2384,19178.45,4572.74,0.61,3,0,0.239,0,0,Tricycle / PUV Operator,Owned (Clean Title),Married,2,13.5,completion_phase,defaulted,1,0.6512
SURV-01230,12,9,0.75,0.1749,33641.7,5884.05,0.977,0,5,0.0,0,0,Public School Teacher,Owned (Clean Title),Single,4,6.3,completion_phase,early_settled,2,0.7768
SURV-01231,36,14,0.3889,0.3253,18791.43,6112.25,0.586,2,0,0.338,1,0,BPO / Call Center Agent,Living with Parents/Relatives,Married,1,4.2,option_window,defaulted,0,0.5685
SURV-01232,24,1,0.0417,0.2292,37458.36,8585.78,0.601,0,3,0.111,0,0,Public School Teacher,Owned (Clean Title),Married,1,4.9,onboarding_risk,completed,23,0.7306
SURV-01233,36,33,0.9167,0.1445,25393.16,3668.51,0.644,1,3,0.021,0,0,BPO / Call Center Agent,Owned (Clean Title),Married,0,1.6,completion_phase,completed,3,0.644
SURV-01234,36,13,0.3611,0.1921,14860.96,2855.53,0.225,2,0,0.184,0,0,Agri / Farmer / Fisherfolk,Owned (Clean Title),Widowed,2,6.3,option_window,defaulted,0,0.6479
SURV-01235,24,12,0.5,0.169,38259.13,6466.35,0.641,1,1,0.124,0,0,Public School Teacher,Owned (Inherited/Tax Dec),Widowed,1,3.8,option_window,completed,12,0.6931
SURV-01236,12,5,0.4167,0.2775,20942.83,5811.17,0.608,1,0,0.188,1,0,Agri / Farmer / Fisherfolk,Living with Parents/Relatives,Married,1,12.8,core_stability,defaulted,0,0.6457
SURV-01237,36,13,0.3611,0.2577,23600.43,6082.69,0.689,0,3,0.077,0,0,BPO / Call Center Agent,Living with Parents/Relatives,Widowed,1,5.9,option_window,completed,23,0.6257
SURV-01238,36,35,0.9722,0.1447,29653.03,4291.7,0.979,0,5,0.0,0,0,Employed (Private/Gov),Owned (Clean Title),Widowed,2,7.2,completion_phase,completed,1,0.7416
SURV-01239,12,6,0.5,0.2086,32184.39,6712.38,0.802,0,2,0.027,0,0,BPO / Call Center Agent,Living with Parents/Relatives,Single,2,8.2,core_stability,early_settled,6,0.7443
SURV-01240,36,35,0.9722,0.104,30121.14,3132.37,0.814,0,0,0.137,1,0,BPO / Call Center Agent,Rented (Apartment/House),Married,1,5.2,completion_phase,early_settled,0,0.7461
SURV-01241,12,8,0.6667,0.7118,13053.09,9290.61,0.631,2,0,0.216,1,1,Agri / Farmer / Fisherfolk,Living with Parents/Relatives,Single,1,3.1,core_stability,completed,4,0.5605
SURV-01242,36,23,0.6389,0.1474,42541.62,6270.45,0.968,0,6,0.0,0,0,Public School Teacher,Owned (Inherited/Tax Dec),Married,3,5.1,option_window,completed,13,0.7039
SURV-01243,36,28,0.7778,0.0429,77429.43,3320.98,0.939,0,11,0.0,0,0,OFW Remittance / Dependent,Living with Parents/Relatives,Widowed,3,11.9,core_stability,early_settled,0,0.7446
SURV-01244,12,1,0.0833,0.4615,19402.35,8953.42,0.383,3,1,0.399,1,0,Sari-Sari / Small Retail,Rented (Apartment/House),Widowed,2,7.8,onboarding_risk,defaulted,4,0.5512
SURV-01245,36,30,0.8333,0.2481,25645.77,6362.32,0.252,2,1,0.4,0,1,Tricycle / PUV Operator,Owned (Clean Title),Single,1,3.3,core_stability,defaulted,0,0.5983
SURV-01246,24,11,0.4583,0.1868,17670.18,3301.37,0.242,3,0,0.18,0,1,Agri / Farmer / Fisherfolk,Living with Parents/Relatives,Widowed,0,13.3,option_window,defaulted,0,0.6503
SURV-01247,36,24,0.6667,0.2031,28393.34,5765.74,0.747,1,0,0.011,1,0,BPO / Call Center Agent,Rented (Apartment/House),Single,1,10.6,option_window,completed,12,0.6822
SURV-01248,36,17,0.4722,0.0884,31939.56,2823.28,0.712,0,0,0.062,0,0,BPO / Call Center Agent,Owned (Clean Title),Married,0,1.9,option_window,completed,19,0.6895
SURV-01249,12,1,0.0833,0.2234,25750.84,5753.04,0.735,1,0,0.142,0,0,Sari-Sari / Small Retail,Owned (Inherited/Tax Dec),Widowed,2,7.8,onboarding_risk,completed,11,0.7658
SURV-01250,12,10,0.8333,0.411,34058.69,13997.17,0.266,1,0,0.29,0,0,Public School Teacher,Owned (Inherited/Tax Dec),Widowed,2,7.2,completion_phase,defaulted,0,0.6967
SURV-01251,36,27,0.75,0.0392,70685.18,2770.31,0.867,0,5,0.0,0,0,OFW Remittance / Dependent,Living with Parents/Relatives,Single,1,9.9,core_stability,completed,9,0.7619
SURV-01252,12,6,0.5,0.4384,15773.8,6915.86,0.643,4,0,0.412,0,1,Tricycle / PUV Operator,Owned (Inherited/Tax Dec),Married,0,4.6,core_stability,defaulted,1,0.5575
SURV-01253,36,6,0.1667,0.1776,41123.43,7304.4,0.797,1,3,0.099,1,0,Public School Teacher,Owned (Inherited/Tax Dec),Single,0,2.0,core_stability,completed,30,0.7178
SURV-01254,24,22,0.9167,0.1848,37247.37,6883.94,0.824,1,2,0.043,0,0,OFW Remittance / Dependent,Owned (Clean Title),Widowed,4,6.1,completion_phase,completed,2,0.7408
SURV-01255,36,14,0.3889,0.3645,12000.0,4374.52,0.262,2,0,0.221,0,0,Tricycle / PUV Operator,Living with Parents/Relatives,Married,3,12.6,option_window,defaulted,1,0.5514
SURV-01256,36,21,0.5833,0.0879,43560.24,3827.62,0.87,0,11,0.0,0,0,Public School Teacher,Owned (Inherited/Tax Dec),Married,2,14.1,option_window,completed,15,0.7701
SURV-01257,24,9,0.375,0.16,38256.14,6119.89,0.742,0,0,0.04,0,0,Employed (Private/Gov),Owned (Clean Title),Married,3,9.0,core_stability,early_settled,2,0.6597
SURV-01258,24,9,0.375,0.3508,19118.94,6706.7,0.436,3,0,0.438,0,0,Agri / Farmer / Fisherfolk,Rented (Apartment/House),Single,2,6.8,core_stability,defaulted,0,0.5454
SURV-01259,24,5,0.2083,0.1036,68729.1,7119.64,0.836,1,1,0.041,0,0,OFW Remittance / Dependent,Rented (Apartment/House),Married,2,3.7,core_stability,early_settled,7,0.75
SURV-01260,36,1,0.0278,0.543,13614.69,7392.22,0.394,4,0,0.377,0,0,Sari-Sari / Small Retail,Living with Parents/Relatives,Married,1,7.5,onboarding_risk,defaulted,8,0.4673
SURV-01261,12,3,0.25,0.2957,39117.18,11567.07,0.422,2,1,0.377,1,0,Employed (Private/Gov),Owned (Inherited/Tax Dec),Single,0,2.6,onboarding_risk,defaulted,4,0.6838
SURV-01262,12,6,0.5,0.1898,73816.09,14008.07,0.963,0,4,0.0,0,0,OFW Remittance / Dependent,Owned (Inherited/Tax Dec),Widowed,1,11.9,core_stability,completed,6,0.7948
SURV-01263,36,10,0.2778,0.0945,39523.19,3736.23,0.881,0,4,0.0,0,0,Public School Teacher,Living with Parents/Relatives,Married,2,3.4,core_stability,completed,26,0.7102
SURV-01264,24,20,0.8333,0.4076,17696.14,7212.71,0.384,1,1,0.213,1,0,Agri / Farmer / Fisherfolk,Owned (Clean Title),Married,3,5.1,core_stability,defaulted,0,0.612
SURV-01265,36,26,0.7222,0.1437,27660.31,3976.16,0.66,1,0,0.014,0,0,BPO / Call Center Agent,Living with Parents/Relatives,Married,3,4.6,core_stability,completed,10,0.6775
SURV-01266,12,5,0.4167,0.5096,23913.17,12185.32,0.31,1,0,0.219,1,0,Sari-Sari / Small Retail,Rented (Apartment/House),Married,2,3.0,core_stability,defaulted,2,0.6028
SURV-01267,36,29,0.8056,0.0437,67341.81,2940.31,0.926,0,1,0.0,0,0,OFW Remittance / Dependent,Rented (Apartment/House),Widowed,1,6.4,core_stability,completed,7,0.7667
SURV-01268,24,20,0.8333,0.0566,63340.09,3582.03,0.972,0,3,0.0,0,0,OFW Remittance / Dependent,Living with Parents/Relatives,Married,0,11.1,core_stability,completed,4,0.8195
SURV-01269,12,6,0.5,0.7006,22875.11,16025.7,0.387,2,1,0.343,1,0,Tricycle / PUV Operator,Living with Parents/Relatives,Widowed,0,10.5,core_stability,defaulted,0,0.5226
SURV-01270,12,7,0.5833,0.7645,19086.67,14591.11,0.433,2,0,0.324,0,0,Agri / Farmer / Fisherfolk,Rented (Apartment/House),Single,1,6.1,core_stability,defaulted,0,0.56
SURV-01271,36,10,0.2778,0.1198,30693.25,3675.75,0.64,1,2,0.127,1,0,Employed (Private/Gov),Living with Parents/Relatives,Widowed,4,7.4,core_stability,early_settled,10,0.6867
SURV-01272,12,12,1.0,0.248,25366.79,6291.44,0.354,2,0,0.229,0,1,BPO / Call Center Agent,Rented (Apartment/House),Married,2,6.3,completion_phase,defaulted,0,0.7667
SURV-01273,12,12,1.0,0.15,51829.49,7774.54,0.711,1,2,0.147,0,0,OFW Remittance / Dependent,Rented (Apartment/House),Married,4,5.4,completion_phase,early_settled,0,0.6777
SURV-01274,36,29,0.8056,0.1025,22823.5,2338.42,0.981,0,1,0.0,0,0,Sari-Sari / Small Retail,Owned (Clean Title),Married,0,20.7,core_stability,completed,7,0.7135
SURV-01275,24,19,0.7917,0.0721,86151.51,6214.29,0.882,0,6,0.0,0,0,OFW Remittance / Dependent,Rented (Apartment/House),Married,1,11.8,core_stability,completed,5,0.7884
SURV-01276,36,25,0.6944,0.2492,18074.44,4504.93,0.408,2,0,0.249,1,0,BPO / Call Center Agent,Rented (Apartment/House),Married,0,10.3,option_window,defaulted,0,0.6368
SURV-01277,24,12,0.5,0.254,28209.31,7165.36,0.432,3,1,0.247,0,0,Sari-Sari / Small Retail,Living with Parents/Relatives,Widowed,2,12.9,option_window,defaulted,0,0.6493
SURV-01278,36,19,0.5278,0.0918,52377.89,4805.93,0.679,0,3,0.055,0,0,OFW Remittance / Dependent,Living with Parents/Relatives,Married,2,3.0,option_window,completed,17,0.7319
SURV-01279,24,20,0.8333,0.2007,32512.02,6523.69,0.85,0,2,0.115,0,0,OFW Remittance / Dependent,Owned (Inherited/Tax Dec),Married,1,7.4,core_stability,completed,4,0.755
SURV-01280,12,12,1.0,0.2344,46885.18,10990.23,0.718,1,2,0.144,0,0,Public School Teacher,Living with Parents/Relatives,Married,0,4.2,completion_phase,completed,0,0.7575
SURV-01281,36,10,0.2778,0.1245,21794.43,2713.3,0.609,1,1,0.003,0,0,Sari-Sari / Small Retail,Rented (Apartment/House),Widowed,1,10.1,core_stability,completed,26,0.6341
SURV-01282,24,18,0.75,0.1836,28987.18,5321.06,0.73,1,1,0.045,0,0,BPO / Call Center Agent,Owned (Inherited/Tax Dec),Married,3,6.3,core_stability,completed,6,0.7072
SURV-01283,12,4,0.3333,0.5358,23244.61,12454.05,0.555,1,0,0.191,0,1,Tricycle / PUV Operator,Owned (Inherited/Tax Dec),Single,2,2.3,onboarding_risk,defaulted,1,0.5998
SURV-01284,24,9,0.375,0.1097,39411.48,4325.05,0.652,1,2,0.007,0,0,Employed (Private/Gov),Owned (Clean Title),Married,2,2.6,core_stability,completed,15,0.7647
SURV-01285,36,7,0.1944,0.1231,39396.71,4850.28,0.809,0,2,0.083,0,0,Employed (Private/Gov),Owned (Clean Title),Married,0,3.8,core_stability,completed,29,0.681
SURV-01286,36,5,0.1389,0.1952,15974.28,3118.19,0.841,1,1,0.023,0,0,Sari-Sari / Small Retail,Living with Parents/Relatives,Married,2,18.3,core_stability,defaulted,2,0.6632
SURV-01287,24,4,0.1667,0.2067,19563.49,4043.98,0.337,1,1,0.388,0,0,Sari-Sari / Small Retail,Rented (Apartment/House),Widowed,4,8.5,onboarding_risk,defaulted,4,0.6795
SURV-01288,12,4,0.3333,0.5505,26637.51,14664.77,0.277,3,0,0.3,0,0,BPO / Call Center Agent,Rented (Apartment/House),Single,4,8.8,onboarding_risk,defaulted,1,0.5455
SURV-01289,24,20,0.8333,0.117,39791.02,4653.75,0.903,0,11,0.0,0,0,Public School Teacher,Rented (Apartment/House),Single,0,7.7,core_stability,completed,4,0.7581
SURV-01290,12,8,0.6667,0.4146,29972.16,12425.2,0.251,3,1,0.422,0,0,BPO / Call Center Agent,Owned (Inherited/Tax Dec),Married,2,5.3,core_stability,defaulted,0,0.6436
SURV-01291,12,10,0.8333,0.5172,20452.51,10578.51,0.562,3,1,0.349,1,0,Tricycle / PUV Operator,Rented (Apartment/House),Single,1,14.6,completion_phase,defaulted,0,0.6515
SURV-01292,36,28,0.7778,0.0476,58982.59,2810.22,0.854,0,1,0.0,0,0,OFW Remittance / Dependent,Owned (Clean Title),Widowed,4,6.0,core_stability,completed,8,0.7587
SURV-01293,36,21,0.5833,0.1169,32299.53,3774.58,0.805,1,2,0.013,0,0,BPO / Call Center Agent,Living with Parents/Relatives,Married,1,4.8,option_window,defaulted,1,0.7402
SURV-01294,24,11,0.4583,0.2787,24450.46,6815.43,0.591,2,0,0.397,0,0,BPO / Call Center Agent,Owned (Inherited/Tax Dec),Married,3,11.3,option_window,defaulted,0,0.654
SURV-01295,24,17,0.7083,0.2647,19768.84,5233.62,0.329,3,0,0.425,0,0,Sari-Sari / Small Retail,Living with Parents/Relatives,Single,1,8.3,core_stability,defaulted,1,0.6655
SURV-01296,36,17,0.4722,0.0916,66064.04,6050.03,0.985,0,10,0.0,0,0,OFW Remittance / Dependent,Living with Parents/Relatives,Married,0,5.5,option_window,early_settled,5,0.6772
SURV-01297,24,15,0.625,0.4469,12000.0,5362.47,0.222,3,1,0.302,0,0,Sari-Sari / Small Retail,Rented (Apartment/House),Married,3,12.6,core_stability,defaulted,1,0.5199
SURV-01298,12,11,0.9167,0.1851,61193.55,11324.26,0.64,4,1,0.382,0,0,OFW Remittance / Dependent,Rented (Apartment/House),Married,4,4.9,completion_phase,defaulted,1,0.7247
SURV-01299,24,8,0.3333,0.1557,45047.21,7012.39,0.729,1,3,0.082,0,0,Employed (Private/Gov),Owned (Clean Title),Single,4,2.2,core_stability,completed,16,0.6979
SURV-01300,12,9,0.75,0.5438,24453.04,13297.21,0.481,4,0,0.218,0,1,Employed (Private/Gov),Owned (Clean Title),Married,1,18.9,completion_phase,defaulted,0,0.6308
SURV-01301,24,21,0.875,0.1576,36709.06,5783.63,0.836,0,3,0.075,0,0,Public School Teacher,Owned (Inherited/Tax Dec),Widowed,2,2.1,completion_phase,completed,3,0.7215
SURV-01302,36,13,0.3611,0.1139,29514.26,3362.88,0.871,0,12,0.0,0,0,Employed (Private/Gov),Owned (Clean Title),Widowed,0,8.2,option_window,completed,23,0.7791
SURV-01303,36,10,0.2778,0.0464,57269.25,2657.77,0.982,0,8,0.0,0,0,OFW Remittance / Dependent,Owned (Inherited/Tax Dec),Widowed,1,3.9,core_stability,completed,26,0.7598
SURV-01304,36,34,0.9444,0.2036,26407.05,5376.7,0.681,1,3,0.033,0,0,BPO / Call Center Agent,Owned (Inherited/Tax Dec),Married,2,8.7,completion_phase,completed,2,0.6871
SURV-01305,36,23,0.6389,0.3673,14495.27,5323.88,0.247,1,0,0.289,1,0,Agri / Farmer / Fisherfolk,Owned (Inherited/Tax Dec),Married,1,2.2,option_window,defaulted,1,0.5786
SURV-01306,36,2,0.0556,0.1897,15518.24,2943.29,0.807,1,2,0.118,0,0,Tricycle / PUV Operator,Owned (Clean Title),Single,2,16.6,onboarding_risk,early_settled,14,0.6486
SURV-01307,12,5,0.4167,0.5334,24398.81,13015.3,0.493,1,1,0.272,1,0,Sari-Sari / Small Retail,Living with Parents/Relatives,Married,1,4.8,core_stability,defaulted,0,0.6508
SURV-01308,24,13,0.5417,0.1986,25964.26,5156.15,0.697,1,1,0.01,0,0,Employed (Private/Gov),Owned (Clean Title),Widowed,1,11.0,option_window,completed,11,0.7045
SURV-01309,24,10,0.4167,0.2635,22780.29,6003.02,0.252,2,0,0.322,0,0,Agri / Farmer / Fisherfolk,Owned (Clean Title),Widowed,1,10.3,core_stability,defaulted,1,0.7163
SURV-01310,12,10,0.8333,0.222,23888.3,5304.15,0.76,1,0,0.119,0,0,Sari-Sari / Small Retail,Owned (Inherited/Tax Dec),Married,1,27.4,completion_phase,defaulted,1,0.7492
SURV-01311,12,7,0.5833,0.2159,29426.89,6352.92,0.564,4,0,0.287,0,0,Tricycle / PUV Operator,Living with Parents/Relatives,Widowed,1,8.3,core_stability,defaulted,0,0.7089
SURV-01312,36,23,0.6389,0.2074,21701.19,4500.18,0.679,0,0,0.07,0,0,BPO / Call Center Agent,Living with Parents/Relatives,Widowed,3,7.3,option_window,completed,13,0.6409
SURV-01313,36,6,0.1667,0.1657,17725.55,2937.43,0.448,2,0,0.435,1,0,Agri / Farmer / Fisherfolk,Owned (Clean Title),Married,1,2.0,core_stability,defaulted,3,0.589
SURV-01314,24,18,0.75,0.2592,16818.22,4358.58,0.23,3,0,0.197,1,0,Sari-Sari / Small Retail,Rented (Apartment/House),Married,2,4.5,core_stability,completed,6,0.5986
SURV-01315,36,2,0.0556,0.2542,21653.58,5504.63,0.547,4,1,0.322,0,0,Agri / Farmer / Fisherfolk,Rented (Apartment/House),Single,3,6.4,onboarding_risk,defaulted,2,0.5843
SURV-01316,12,5,0.4167,0.4772,17817.76,8501.97,0.418,2,1,0.404,1,1,Agri / Farmer / Fisherfolk,Rented (Apartment/House),Widowed,2,13.8,core_stability,defaulted,2,0.5947
SURV-01317,12,7,0.5833,0.3873,24785.56,9599.72,0.473,1,0,0.255,1,1,Tricycle / PUV Operator,Rented (Apartment/House),Widowed,2,4.8,core_stability,completed,5,0.5945
SURV-01318,36,29,0.8056,0.261,15632.32,4080.05,0.294,1,0,0.193,0,0,Agri / Farmer / Fisherfolk,Owned (Clean Title),Single,4,1.0,core_stability,defaulted,0,0.5766
SURV-01319,36,14,0.3889,0.0406,75596.81,3072.59,0.906,0,12,0.0,0,0,OFW Remittance / Dependent,Owned (Inherited/Tax Dec),Married,0,11.3,option_window,early_settled,1,0.795
SURV-01320,24,21,0.875,0.1151,43398.62,4993.48,0.951,0,4,0.0,0,0,Public School Teacher,Owned (Inherited/Tax Dec),Married,1,3.3,completion_phase,completed,3,0.7709
SURV-01321,36,18,0.5,0.0998,30586.33,3052.89,0.811,0,0,0.125,0,0,BPO / Call Center Agent,Owned (Clean Title),Married,1,4.6,option_window,completed,18,0.6831
SURV-01322,24,3,0.125,0.0622,83011.79,5160.62,0.656,0,3,0.082,0,0,OFW Remittance / Dependent,Living with Parents/Relatives,Married,4,4.8,onboarding_risk,completed,21,0.7403
SURV-01323,12,7,0.5833,0.4413,27648.63,12201.43,0.558,3,0,0.347,1,0,BPO / Call Center Agent,Owned (Inherited/Tax Dec),Single,1,6.8,core_stability,defaulted,0,0.6419
SURV-01324,24,1,0.0417,0.5239,13373.59,7006.41,0.341,4,0,0.201,0,0,Employed (Private/Gov),Living with Parents/Relatives,Married,2,4.4,onboarding_risk,defaulted,6,0.5879
SURV-01325,36,14,0.3889,0.4073,13484.24,5492.23,0.534,4,0,0.351,1,0,Agri / Farmer / Fisherfolk,Rented (Apartment/House),Married,1,10.0,option_window,defaulted,1,0.5689
SURV-01326,24,5,0.2083,0.4333,15839.66,6862.86,0.511,4,0,0.257,1,1,Sari-Sari / Small Retail,Living with Parents/Relatives,Widowed,2,6.7,core_stability,defaulted,2,0.6469
SURV-01327,24,24,1.0,0.2441,16518.92,4032.27,0.214,3,0,0.243,1,0,Tricycle / PUV Operator,Living with Parents/Relatives,Widowed,0,5.1,completion_phase,defaulted,0,0.6495
SURV-01328,24,13,0.5417,0.2737,13498.55,3694.43,0.499,3,0,0.305,0,0,Tricycle / PUV Operator,Living with Parents/Relatives,Single,1,2.7,option_window,defaulted,1,0.6027
SURV-01329,36,19,0.5278,0.2444,21882.92,5347.37,0.335,2,0,0.26,0,0,Employed (Private/Gov),Living with Parents/Relatives,Married,1,3.9,option_window,defaulted,1,0.7037
SURV-01330,36,26,0.7222,0.1863,19302.86,3595.73,0.484,2,0,0.193,1,0,Tricycle / PUV Operator,Owned (Inherited/Tax Dec),Single,3,5.1,core_stability,defaulted,1,0.6479
SURV-01331,12,3,0.25,0.2549,39631.94,10102.51,0.626,0,0,0.048,0,0,Public School Teacher,Owned (Inherited/Tax Dec),Married,1,8.2,onboarding_risk,completed,9,0.7851
SURV-01332,36,7,0.1944,0.219,18837.68,4126.31,0.605,1,0,0.384,0,0,Sari-Sari / Small Retail,Living with Parents/Relatives,Married,2,13.2,core_stability,defaulted,2,0.5703
SURV-01333,36,10,0.2778,0.2984,16070.56,4795.21,0.632,1,0,0.383,1,0,Tricycle / PUV Operator,Owned (Clean Title),Single,2,12.1,core_stability,defaulted,0,0.6165
SURV-01334,36,10,0.2778,0.2806,21767.36,6108.02,0.336,1,0,0.415,1,1,Agri / Farmer / Fisherfolk,Living with Parents/Relatives,Married,1,6.7,core_stability,defaulted,1,0.6167
SURV-01335,12,12,1.0,0.1827,41333.68,7551.57,0.662,1,0,0.106,0,0,Employed (Private/Gov),Owned (Clean Title),Single,2,8.4,completion_phase,completed,0,0.7781
SURV-01336,24,12,0.5,0.1047,64376.93,6742.09,0.884,0,7,0.0,0,0,OFW Remittance / Dependent,Living with Parents/Relatives,Married,1,5.2,option_window,early_settled,3,0.7563
SURV-01337,12,1,0.0833,0.338,30212.75,10211.27,0.249,1,0,0.3,1,1,Sari-Sari / Small Retail,Rented (Apartment/House),Married,2,4.6,onboarding_risk,defaulted,6,0.6593
SURV-01338,12,8,0.6667,0.4459,18592.78,8290.83,0.244,1,1,0.261,0,0,Sari-Sari / Small Retail,Rented (Apartment/House),Married,1,10.6,core_stability,defaulted,1,0.6104
SURV-01339,36,7,0.1944,0.1073,26329.78,2824.3,0.668,1,2,0.057,0,0,Employed (Private/Gov),Owned (Inherited/Tax Dec),Married,1,4.5,core_stability,defaulted,1,0.7213
SURV-01340,36,35,0.9722,0.1462,28193.81,4121.14,0.75,1,1,0.005,0,0,Public School Teacher,Rented (Apartment/House),Married,2,1.0,completion_phase,early_settled,0,0.67
SURV-01341,12,10,0.8333,0.3849,25125.42,9671.23,0.539,3,0,0.214,1,1,Sari-Sari / Small Retail,Rented (Apartment/House),Married,2,3.6,completion_phase,defaulted,0,0.6036
SURV-01342,24,16,0.6667,0.1335,32557.43,4347.53,0.999,0,2,0.0,0,0,Employed (Private/Gov),Living with Parents/Relatives,Married,0,5.2,core_stability,completed,8,0.7225
SURV-01343,36,5,0.1389,0.1171,56591.35,6624.32,0.928,0,2,0.0,0,0,OFW Remittance / Dependent,Owned (Inherited/Tax Dec),Married,2,4.9,core_stability,completed,31,0.6711
SURV-01344,12,11,0.9167,0.4506,25413.42,11451.18,0.292,4,1,0.268,0,0,Employed (Private/Gov),Owned (Inherited/Tax Dec),Widowed,4,9.8,completion_phase,defaulted,0,0.6071
SURV-01345,36,6,0.1667,0.1074,34278.8,3680.18,0.863,0,2,0.0,0,0,Public School Teacher,Rented (Apartment/House),Married,0,12.6,core_stability,completed,30,0.7135
SURV-01346,12,4,0.3333,0.5186,24147.96,12523.82,0.389,4,0,0.275,0,0,Employed (Private/Gov),Living with Parents/Relatives,Married,4,2.5,onboarding_risk,defaulted,1,0.639
SURV-01347,12,8,0.6667,0.5891,21467.17,12645.57,0.314,1,1,0.25,0,0,Sari-Sari / Small Retail,Owned (Clean Title),Widowed,1,6.3,core_stability,defaulted,0,0.5416
SURV-01348,36,9,0.25,0.0997,21627.75,2156.07,0.966,0,4,0.0,0,0,Employed (Private/Gov),Owned (Clean Title),Single,1,3.2,core_stability,completed,27,0.6794
SURV-01349,36,8,0.2222,0.0754,31141.05,2346.66,0.72,1,2,0.077,0,0,BPO / Call Center Agent,Rented (Apartment/House),Widowed,4,4.7,core_stability,defaulted,0,0.6291
SURV-01350,36,25,0.6944,0.2182,24167.77,5272.96,0.713,1,2,0.054,0,0,Sari-Sari / Small Retail,Owned (Clean Title),Single,2,5.9,option_window,completed,11,0.6204
SURV-01351,12,2,0.1667,0.293,33771.0,9894.14,0.332,1,0,0.295,0,0,Public School Teacher,Rented (Apartment/House),Married,2,1.7,onboarding_risk,defaulted,0,0.6512
SURV-01352,24,12,0.5,0.0973,48260.79,4693.59,0.899,0,1,0.0,0,0,Employed (Private/Gov),Living with Parents/Relatives,Married,4,12.0,option_window,completed,12,0.7585
SURV-01353,24,1,0.0417,0.124,32536.46,4032.9,0.645,1,3,0.016,0,0,Employed (Private/Gov),Living with Parents/Relatives,Married,1,2.5,onboarding_risk,defaulted,7,0.7325
SURV-01354,24,22,0.9167,0.073,47362.65,3455.22,0.866,0,11,0.0,0,0,OFW Remittance / Dependent,Rented (Apartment/House),Married,2,9.3,completion_phase,completed,2,0.7589
SURV-01355,36,25,0.6944,0.0873,37237.79,3251.13,0.989,0,2,0.0,0,0,Public School Teacher,Rented (Apartment/House),Single,1,15.3,option_window,completed,11,0.676
SURV-01356,24,6,0.25,0.2094,28649.74,6000.0,0.349,1,0,0.163,0,1,Sari-Sari / Small Retail,Owned (Clean Title),Widowed,1,4.0,core_stability,defaulted,0,0.6455
SURV-01357,12,10,0.8333,0.3292,29417.3,9682.92,0.638,1,0,0.271,0,0,Public School Teacher,Rented (Apartment/House),Single,4,4.0,completion_phase,defaulted,1,0.6458
SURV-01358,24,9,0.375,0.1008,37095.07,3740.3,0.729,0,3,0.021,0,0,Employed (Private/Gov),Living with Parents/Relatives,Widowed,0,4.3,core_stability,completed,15,0.7079
SURV-01359,12,3,0.25,0.3533,20959.49,7404.09,0.291,1,0,0.272,0,0,BPO / Call Center Agent,Owned (Clean Title),Widowed,4,11.1,onboarding_risk,defaulted,0,0.7065
SURV-01360,24,23,0.9583,0.0911,41501.92,3780.9,0.949,0,11,0.0,0,0,Public School Teacher,Owned (Inherited/Tax Dec),Widowed,1,8.4,completion_phase,completed,1,0.7296
SURV-01361,12,7,0.5833,0.3666,37783.03,13852.6,0.391,2,1,0.183,0,1,Employed (Private/Gov),Owned (Inherited/Tax Dec),Widowed,1,8.7,core_stability,defaulted,1,0.6843
SURV-01362,36,35,0.9722,0.3091,17555.3,5425.81,0.319,3,0,0.257,0,0,Sari-Sari / Small Retail,Owned (Clean Title),Married,0,6.2,completion_phase,defaulted,1,0.5962
SURV-01363,12,7,0.5833,0.2694,42760.83,11519.75,0.698,0,1,0.065,0,0,Public School Teacher,Owned (Inherited/Tax Dec),Married,0,7.8,core_stability,completed,5,0.7759
SURV-01364,12,12,1.0,0.3266,19577.48,6393.62,0.616,1,1,0.358,0,0,Sari-Sari / Small Retail,Owned (Inherited/Tax Dec),Married,0,6.9,completion_phase,defaulted,0,0.6541
SURV-01365,24,11,0.4583,0.162,33315.69,5397.39,0.96,0,3,0.0,0,0,Employed (Private/Gov),Owned (Clean Title),Widowed,2,12.8,option_window,completed,13,0.8009
SURV-01366,36,22,0.6111,0.256,14535.13,3720.82,0.423,2,0,0.258,0,0,Agri / Farmer / Fisherfolk,Owned (Inherited/Tax Dec),Married,2,23.0,option_window,defaulted,0,0.5858
SURV-01367,36,36,1.0,0.1833,34440.13,6312.78,0.648,1,1,0.109,0,0,Employed (Private/Gov),Rented (Apartment/House),Married,2,6.7,completion_phase,defaulted,0,0.6619
SURV-01368,36,19,0.5278,0.1355,28625.58,3879.24,0.617,0,3,0.118,0,0,Employed (Private/Gov),Rented (Apartment/House),Married,2,4.8,option_window,defaulted,1,0.6227
SURV-01369,12,5,0.4167,0.1464,39519.82,5784.72,0.692,0,3,0.062,0,0,OFW Remittance / Dependent,Rented (Apartment/House),Widowed,4,13.8,core_stability,defaulted,1,0.7718
SURV-01370,36,20,0.5556,0.1236,28147.2,3479.87,0.972,0,9,0.0,0,0,Public School Teacher,Owned (Clean Title),Widowed,4,9.3,option_window,early_settled,1,0.7277
SURV-01371,36,23,0.6389,0.2529,22075.87,5582.8,0.633,2,1,0.338,0,1,Sari-Sari / Small Retail,Owned (Clean Title),Widowed,3,14.5,option_window,defaulted,1,0.6446
SURV-01372,24,15,0.625,0.0738,59492.8,4391.55,0.962,0,8,0.0,0,0,OFW Remittance / Dependent,Owned (Clean Title),Married,1,6.4,core_stability,early_settled,0,0.7777
SURV-01373,24,22,0.9167,0.251,21778.78,5467.41,0.595,1,0,0.282,0,0,Tricycle / PUV Operator,Owned (Inherited/Tax Dec),Married,0,1.4,completion_phase,defaulted,0,0.5888
SURV-01374,24,8,0.3333,0.2534,21655.02,5486.73,0.575,3,0,0.29,0,1,Tricycle / PUV Operator,Living with Parents/Relatives,Married,3,7.5,core_stability,defaulted,0,0.6808
SURV-01375,36,33,0.9167,0.2313,22206.39,5135.51,0.75,0,2,0.086,0,0,Employed (Private/Gov),Owned (Inherited/Tax Dec),Married,3,5.1,completion_phase,completed,3,0.7084
SURV-01376,12,5,0.4167,0.2475,22567.24,5586.06,0.535,2,0,0.373,1,0,Employed (Private/Gov),Living with Parents/Relatives,Married,1,3.7,core_stability,defaulted,0,0.7031
SURV-01377,24,16,0.6667,0.2481,20630.51,5118.66,0.452,2,0,0.251,0,0,Tricycle / PUV Operator,Owned (Clean Title),Widowed,2,3.8,core_stability,completed,8,0.6576
SURV-01378,24,7,0.2917,0.1838,28414.57,5223.65,0.316,3,0,0.251,0,1,Agri / Farmer / Fisherfolk,Owned (Clean Title),Married,1,6.9,core_stability,defaulted,1,0.6866
SURV-01379,36,1,0.0278,0.1168,42559.52,4970.49,0.814,1,1,0.079,0,0,OFW Remittance / Dependent,Rented (Apartment/House),Married,2,11.4,onboarding_risk,completed,35,0.7537
SURV-01380,12,10,0.8333,0.4213,26750.94,11269.88,0.636,4,0,0.299,0,0,BPO / Call Center Agent,Rented (Apartment/House),Married,0,4.6,completion_phase,defaulted,1,0.5899
SURV-01381,36,19,0.5278,0.2389,16886.72,4033.82,0.423,4,1,0.258,0,0,Tricycle / PUV Operator,Rented (Apartment/House),Married,2,25.2,option_window,defaulted,0,0.6118
SURV-01382,12,6,0.5,0.5119,29961.61,15336.02,0.622,1,0,0.31,0,0,Employed (Private/Gov),Owned (Inherited/Tax Dec),Widowed,1,10.6,core_stability,defaulted,0,0.6412
SURV-01383,12,1,0.0833,0.163,63753.89,10389.08,0.837,0,0,0.034,0,0,OFW Remittance / Dependent,Living with Parents/Relatives,Married,1,3.0,onboarding_risk,completed,11,0.779
SURV-01384,12,4,0.3333,0.3822,25814.25,9865.49,0.232,4,1,0.401,1,0,Agri / Farmer / Fisherfolk,Rented (Apartment/House),Married,1,7.5,onboarding_risk,defaulted,0,0.6177
SURV-01385,24,13,0.5417,0.1637,20426.75,3344.28,0.225,1,0,0.256,0,0,Tricycle / PUV Operator,Owned (Inherited/Tax Dec),Single,1,3.3,option_window,defaulted,0,0.6935
SURV-01386,36,25,0.6944,0.1754,24611.85,4317.58,0.522,2,0,0.251,0,0,Sari-Sari / Small Retail,Rented (Apartment/House),Married,0,8.7,option_window,defaulted,1,0.6226
SURV-01387,36,8,0.2222,0.1467,19351.91,2839.5,0.654,1,1,0.059,0,0,Sari-Sari / Small Retail,Owned (Inherited/Tax Dec),Married,4,5.3,core_stability,completed,28,0.6533
SURV-01388,24,19,0.7917,0.1375,69656.75,9579.57,0.677,1,0,0.009,0,0,OFW Remittance / Dependent,Owned (Clean Title),Widowed,3,2.5,core_stability,completed,5,0.6837
SURV-01389,12,8,0.6667,0.1369,50761.66,6950.78,0.942,0,6,0.0,0,0,OFW Remittance / Dependent,Owned (Inherited/Tax Dec),Widowed,1,7.2,core_stability,completed,4,0.7674
SURV-01390,12,3,0.25,0.1448,52159.26,7551.09,0.931,0,3,0.0,0,0,OFW Remittance / Dependent,Owned (Inherited/Tax Dec),Married,2,6.3,onboarding_risk,completed,9,0.8445
SURV-01391,24,3,0.125,0.2251,30010.64,6756.82,0.801,1,2,0.056,0,0,BPO / Call Center Agent,Owned (Clean Title),Widowed,0,13.5,onboarding_risk,completed,21,0.6402
SURV-01392,12,7,0.5833,1.0238,14660.52,15009.23,0.573,4,1,0.331,0,0,Agri / Farmer / Fisherfolk,Owned (Inherited/Tax Dec),Married,0,2.7,core_stability,defaulted,1,0.6338
SURV-01393,24,10,0.4167,0.264,29960.79,7909.77,0.836,0,1,0.012,0,0,BPO / Call Center Agent,Living with Parents/Relatives,Married,2,5.9,core_stability,completed,14,0.6952
SURV-01394,12,7,0.5833,0.8717,14685.15,12801.06,0.39,3,0,0.247,0,0,Agri / Farmer / Fisherfolk,Living with Parents/Relatives,Married,2,4.8,core_stability,defaulted,0,0.5874
SURV-01395,12,6,0.5,0.2484,36011.27,8946.08,0.657,0,0,0.035,0,0,Employed (Private/Gov),Owned (Inherited/Tax Dec),Married,1,13.8,core_stability,completed,6,0.8053
SURV-01396,12,10,0.8333,0.5026,18086.23,9090.64,0.635,3,0,0.248,1,0,Agri / Farmer / Fisherfolk,Owned (Inherited/Tax Dec),Married,2,2.3,completion_phase,defaulted,0,0.5653
SURV-01397,36,13,0.3611,0.2846,22375.0,6368.71,0.327,4,0,0.388,0,1,Tricycle / PUV Operator,Owned (Clean Title),Married,3,9.6,option_window,defaulted,1,0.6545
SURV-01398,24,22,0.9167,0.0964,63056.83,6077.63,0.898,0,6,0.0,0,0,OFW Remittance / Dependent,Living with Parents/Relatives,Single,2,6.8,completion_phase,early_settled,0,0.7585
SURV-01399,12,6,0.5,0.1657,36696.15,6081.34,0.708,1,2,0.079,0,0,Employed (Private/Gov),Rented (Apartment/House),Married,4,12.2,core_stability,defaulted,1,0.7769
SURV-01400,24,3,0.125,0.1726,31802.79,5489.43,0.822,0,3,0.041,0,0,BPO / Call Center Agent,Living with Parents/Relatives,Widowed,2,7.2,onboarding_risk,completed,21,0.6838
SURV-01401,36,28,0.7778,0.3545,18438.09,6535.96,0.636,1,0,0.282,1,1,Agri / Farmer / Fisherfolk,Rented (Apartment/House),Married,1,14.5,core_stability,early_settled,0,0.5131
SURV-01402,24,14,0.5833,0.3712,22980.42,8531.33,0.291,3,1,0.204,1,0,Sari-Sari / Small Retail,Living with Parents/Relatives,Single,1,6.8,core_stability,defaulted,0,0.674
SURV-01403,12,3,0.25,0.2339,24964.23,5838.52,0.559,3,1,0.344,0,0,Tricycle / PUV Operator,Rented (Apartment/House),Married,2,6.6,onboarding_risk,defaulted,1,0.6801
SURV-01404,36,5,0.1389,0.0668,47038.32,3140.63,0.892,0,1,0.0,0,0,OFW Remittance / Dependent,Living with Parents/Relatives,Married,0,11.3,core_stability,completed,31,0.7374
SURV-01405,12,8,0.6667,0.4666,27294.69,12736.62,0.227,2,1,0.441,0,0,BPO / Call Center Agent,Owned (Clean Title),Married,0,2.4,core_stability,defaulted,1,0.6771
SURV-01406,12,3,0.25,0.4208,19117.47,8044.53,0.372,2,0,0.372,0,1,Employed (Private/Gov),Owned (Inherited/Tax Dec),Single,1,2.6,onboarding_risk,defaulted,4,0.659
SURV-01407,12,10,0.8333,0.3618,28907.45,10458.88,0.238,1,0,0.447,0,1,BPO / Call Center Agent,Rented (Apartment/House),Single,2,2.1,completion_phase,defaulted,0,0.6251
SURV-01408,36,15,0.4167,0.3696,16886.16,6240.67,0.343,2,0,0.368,1,0,Sari-Sari / Small Retail,Owned (Clean Title),Widowed,1,10.1,option_window,defaulted,1,0.606
SURV-01409,36,36,1.0,0.0665,59231.41,3937.93,0.904,0,2,0.0,0,0,OFW Remittance / Dependent,Owned (Inherited/Tax Dec),Married,0,8.7,completion_phase,completed,0,0.7327
SURV-01410,36,2,0.0556,0.1959,24229.26,4746.71,0.426,4,0,0.306,0,0,Agri / Farmer / Fisherfolk,Owned (Clean Title),Single,1,10.7,onboarding_risk,defaulted,5,0.6723
SURV-01411,24,21,0.875,0.229,28284.45,6477.3,0.421,2,0,0.255,0,0,Tricycle / PUV Operator,Rented (Apartment/House),Married,3,7.6,completion_phase,defaulted,1,0.6036
SURV-01412,36,28,0.7778,0.1257,44642.3,5613.04,0.671,0,3,0.03,0,0,Employed (Private/Gov),Rented (Apartment/House),Married,3,7.3,core_stability,defaulted,0,0.6174
SURV-01413,24,18,0.75,0.1699,45630.73,7751.19,0.846,1,2,0.079,0,0,OFW Remittance / Dependent,Rented (Apartment/House),Widowed,1,11.2,core_stability,defaulted,0,0.7024
SURV-01414,24,17,0.7083,0.2077,20858.55,4332.5,0.626,1,0,0.094,0,0,BPO / Call Center Agent,Owned (Clean Title),Married,1,3.0,core_stability,completed,7,0.6714
SURV-01415,12,8,0.6667,0.2976,25132.32,7480.11,0.255,2,1,0.353,0,1,Employed (Private/Gov),Owned (Clean Title),Widowed,2,3.6,core_stability,defaulted,1,0.7354
SURV-01416,24,2,0.0833,0.1373,35353.09,4852.42,0.745,0,1,0.113,0,0,Public School Teacher,Rented (Apartment/House),Widowed,0,5.8,onboarding_risk,defaulted,0,0.7753
SURV-01417,24,24,1.0,0.4165,19319.54,8045.65,0.252,4,0,0.315,1,0,Agri / Farmer / Fisherfolk,Owned (Clean Title),Married,0,7.7,completion_phase,defaulted,0,0.6133
SURV-01418,36,29,0.8056,0.1963,28637.43,5621.36,0.938,0,5,0.0,0,0,Public School Teacher,Owned (Clean Title),Single,2,7.8,core_stability,early_settled,0,0.7802
SURV-01419,36,20,0.5556,0.2881,17143.2,4938.43,0.447,2,0,0.31,1,0,Tricycle / PUV Operator,Owned (Clean Title),Married,0,1.4,option_window,defaulted,0,0.6209
SURV-01420,12,4,0.3333,0.3422,23740.85,8125.16,0.537,1,0,0.366,0,0,Sari-Sari / Small Retail,Rented (Apartment/House),Married,1,9.1,onboarding_risk,defaulted,0,0.6439
SURV-01421,36,28,0.7778,0.0635,66240.13,4205.69,0.995,0,4,0.0,0,0,OFW Remittance / Dependent,Owned (Inherited/Tax Dec),Single,0,8.7,core_stability,completed,8,0.7415
SURV-01422,24,22,0.9167,0.1635,39589.13,6474.57,0.744,0,1,0.047,0,0,BPO / Call Center Agent,Owned (Clean Title),Single,2,5.9,completion_phase,completed,2,0.6966
SURV-01423,36,6,0.1667,0.0911,55681.96,5075.08,0.604,0,3,0.066,0,0,OFW Remittance / Dependent,Rented (Apartment/House),Married,4,1.9,core_stability,defaulted,1,0.6319
SURV-01424,36,16,0.4444,0.194,24728.5,4798.38,0.636,1,3,0.07,0,0,BPO / Call Center Agent,Owned (Clean Title),Single,3,7.6,option_window,defaulted,0,0.6947
SURV-01425,24,1,0.0417,0.1491,31701.0,4726.99,0.639,0,0,0.113,0,0,Tricycle / PUV Operator,Living with Parents/Relatives,Widowed,2,7.1,onboarding_risk,defaulted,6,0.6646
SURV-01426,24,24,1.0,0.3004,21143.47,6350.45,0.402,4,1,0.414,0,0,Tricycle / PUV Operator,Owned (Inherited/Tax Dec),Married,1,7.4,completion_phase,defaulted,0,0.6404
SURV-01427,12,12,1.0,0.2208,23814.11,5258.72,0.298,4,1,0.305,1,0,Sari-Sari / Small Retail,Owned (Clean Title),Single,0,2.6,completion_phase,defaulted,0,0.7618
SURV-01428,24,18,0.75,0.375,22190.93,8322.23,0.384,4,0,0.346,0,0,Sari-Sari / Small Retail,Owned (Inherited/Tax Dec),Married,3,6.6,core_stability,defaulted,1,0.6362
SURV-01429,12,12,1.0,0.216,56242.84,12149.93,0.694,0,3,0.068,0,0,OFW Remittance / Dependent,Owned (Inherited/Tax Dec),Single,0,5.7,completion_phase,defaulted,0,0.8044
SURV-01430,12,3,0.25,0.4585,18997.1,8710.16,0.46,4,1,0.321,0,0,Agri / Farmer / Fisherfolk,Rented (Apartment/House),Married,1,9.3,onboarding_risk,defaulted,3,0.605
SURV-01431,36,24,0.6667,0.2014,22899.79,4610.88,0.522,3,0,0.298,1,0,Sari-Sari / Small Retail,Owned (Inherited/Tax Dec),Married,1,4.9,option_window,defaulted,1,0.6813
SURV-01432,24,20,0.8333,0.1039,39602.9,4114.05,0.623,0,3,0.061,0,0,Employed (Private/Gov),Rented (Apartment/House),Married,3,3.8,core_stability,early_settled,0,0.7263
SURV-01433,24,11,0.4583,0.1384,28700.26,3973.19,0.803,0,2,0.09,0,0,BPO / Call Center Agent,Owned (Inherited/Tax Dec),Married,1,3.8,option_window,completed,13,0.6856
SURV-01434,24,4,0.1667,0.1345,35642.45,4793.55,0.885,0,3,0.0,0,0,Employed (Private/Gov),Owned (Clean Title),Married,0,9.4,onboarding_risk,completed,20,0.7617
SURV-01435,12,9,0.75,0.2919,23150.73,6758.0,0.294,4,0,0.413,0,0,Sari-Sari / Small Retail,Rented (Apartment/House),Single,2,5.9,completion_phase,defaulted,1,0.6651
SURV-01436,36,1,0.0278,0.2039,29575.0,6029.78,0.75,0,2,0.074,0,0,Employed (Private/Gov),Owned (Clean Title),Single,1,7.6,onboarding_risk,completed,35,0.6977
SURV-01437,12,8,0.6667,0.3712,38103.95,14145.97,0.251,3,0,0.431,0,0,Public School Teacher,Living with Parents/Relatives,Married,2,1.8,core_stability,defaulted,0,0.6984
SURV-01438,36,25,0.6944,0.1495,38355.03,5735.92,0.817,0,2,0.1,0,0,OFW Remittance / Dependent,Owned (Clean Title),Widowed,1,4.4,option_window,early_settled,2,0.6528
SURV-01439,12,11,0.9167,0.1414,39820.87,5628.77,0.74,0,3,0.037,0,0,Public School Teacher,Rented (Apartment/House),Widowed,1,7.9,completion_phase,early_settled,1,0.7985
SURV-01440,36,35,0.9722,0.4417,13752.63,6074.9,0.527,3,1,0.329,0,0,Agri / Farmer / Fisherfolk,Rented (Apartment/House),Single,3,14.5,completion_phase,defaulted,0,0.5245
SURV-01441,12,5,0.4167,0.5027,26473.02,13308.27,0.553,1,1,0.4,1,0,Employed (Private/Gov),Rented (Apartment/House),Widowed,3,8.5,core_stability,defaulted,2,0.6149
SURV-01442,36,33,0.9167,0.1972,23904.49,4714.7,0.35,2,0,0.195,0,0,Tricycle / PUV Operator,Living with Parents/Relatives,Married,2,9.0,completion_phase,defaulted,0,0.6
SURV-01443,24,8,0.3333,0.1408,24641.97,3470.53,0.622,1,3,0.04,0,0,Tricycle / PUV Operator,Owned (Clean Title),Married,1,7.7,core_stability,defaulted,0,0.6669
SURV-01444,24,18,0.75,0.2019,19338.47,3905.3,0.281,2,1,0.442,1,0,Agri / Farmer / Fisherfolk,Owned (Inherited/Tax Dec),Married,3,12.9,core_stability,defaulted,0,0.636
SURV-01445,36,3,0.0833,0.2457,28257.75,6943.9,0.468,4,0,0.236,0,1,Public School Teacher,Rented (Apartment/House),Married,0,4.5,onboarding_risk,defaulted,0,0.6774
SURV-01446,24,1,0.0417,0.1596,27989.23,4466.86,0.659,0,0,0.125,0,0,Public School Teacher,Rented (Apartment/House),Single,0,8.2,onboarding_risk,early_settled,13,0.7357
SURV-01447,24,17,0.7083,0.1511,28170.64,4255.86,0.788,0,3,0.098,1,0,Sari-Sari / Small Retail,Living with Parents/Relatives,Widowed,2,11.4,core_stability,completed,7,0.7188
SURV-01448,12,8,0.6667,0.3621,33046.04,11965.56,0.242,2,1,0.301,0,0,BPO / Call Center Agent,Owned (Clean Title),Married,2,20.2,core_stability,defaulted,0,0.6691
SURV-01449,12,6,0.5,0.2062,43187.45,8905.67,0.603,1,1,0.082,0,0,OFW Remittance / Dependent,Owned (Inherited/Tax Dec),Married,1,5.2,core_stability,completed,6,0.846
SURV-01450,36,5,0.1389,0.1615,25453.03,4110.88,0.983,0,5,0.0,0,0,Employed (Private/Gov),Owned (Clean Title),Married,1,5.3,core_stability,completed,31,0.6961
SURV-01451,24,13,0.5417,0.2313,20098.12,4648.89,0.536,1,1,0.188,1,1,Tricycle / PUV Operator,Owned (Clean Title),Married,1,10.7,option_window,defaulted,1,0.6615
SURV-01452,24,21,0.875,0.304,26112.88,7937.86,0.821,1,3,0.105,0,0,Employed (Private/Gov),Owned (Inherited/Tax Dec),Married,1,6.3,completion_phase,completed,3,0.6918
SURV-01453,36,4,0.1111,0.134,35682.75,4783.12,0.793,1,2,0.012,1,0,Public School Teacher,Living with Parents/Relatives,Single,2,4.3,onboarding_risk,defaulted,5,0.685
SURV-01454,12,10,0.8333,0.3876,38261.08,14829.52,0.447,2,1,0.447,0,0,Public School Teacher,Rented (Apartment/House),Married,1,12.8,completion_phase,defaulted,1,0.74
SURV-01455,24,9,0.375,0.2777,22695.86,6302.58,0.396,4,1,0.438,0,0,BPO / Call Center Agent,Rented (Apartment/House),Married,1,3.2,core_stability,defaulted,0,0.633
SURV-01456,36,33,0.9167,0.1505,35095.57,5282.98,0.739,0,2,0.136,0,0,BPO / Call Center Agent,Rented (Apartment/House),Married,4,11.6,completion_phase,completed,3,0.7063
SURV-01457,24,9,0.375,0.2406,22404.35,5390.65,0.833,0,2,0.11,0,0,Sari-Sari / Small Retail,Owned (Clean Title),Widowed,2,13.2,core_stability,completed,15,0.7251
SURV-01458,24,22,0.9167,0.1423,23760.42,3382.2,0.764,0,0,0.02,0,0,Sari-Sari / Small Retail,Living with Parents/Relatives,Single,2,9.7,completion_phase,completed,2,0.7014
SURV-01459,24,7,0.2917,0.409,21458.46,8775.72,0.419,1,0,0.389,0,0,BPO / Call Center Agent,Owned (Clean Title),Married,3,9.4,core_stability,defaulted,0,0.6685
SURV-01460,24,20,0.8333,0.2323,37846.19,8792.75,0.638,1,2,0.113,0,0,Employed (Private/Gov),Living with Parents/Relatives,Widowed,1,5.2,core_stability,defaulted,1,0.7128
SURV-01461,36,35,0.9722,0.2772,21468.53,5951.04,0.32,3,1,0.213,1,1,Sari-Sari / Small Retail,Rented (Apartment/House),Single,4,5.8,completion_phase,defaulted,1,0.6292
SURV-01462,12,3,0.25,0.7094,18161.72,12884.2,0.586,1,0,0.242,1,0,Agri / Farmer / Fisherfolk,Owned (Clean Title),Single,0,3.9,onboarding_risk,defaulted,0,0.6227
SURV-01463,24,3,0.125,0.318,25832.92,8213.77,0.488,3,1,0.234,1,0,Sari-Sari / Small Retail,Owned (Clean Title),Single,2,11.2,onboarding_risk,defaulted,2,0.6363
SURV-01464,24,16,0.6667,0.1995,20891.99,4168.73,0.218,1,0,0.353,0,1,Tricycle / PUV Operator,Owned (Clean Title),Single,3,11.8,core_stability,defaulted,1,0.6813
SURV-01465,24,5,0.2083,0.4709,16668.51,7849.72,0.43,4,0,0.214,0,0,Agri / Farmer / Fisherfolk,Living with Parents/Relatives,Married,1,2.2,core_stability,defaulted,2,0.5496
SURV-01466,36,13,0.3611,0.1424,26969.85,3840.56,0.79,0,0,0.126,0,0,Employed (Private/Gov),Rented (Apartment/House),Married,4,10.7,option_window,defaulted,0,0.6859
SURV-01467,36,21,0.5833,0.1333,35070.76,4673.34,0.771,1,1,0.065,0,0,Public School Teacher,Rented (Apartment/House),Married,3,8.2,option_window,defaulted,1,0.6979
SURV-01468,12,6,0.5,0.2641,28986.33,7656.06,0.255,1,1,0.448,1,0,BPO / Call Center Agent,Living with Parents/Relatives,Single,3,5.0,core_stability,defaulted,1,0.7297
SURV-01469,24,10,0.4167,0.2474,27698.04,6853.54,0.484,3,0,0.221,1,0,Agri / Farmer / Fisherfolk,Rented (Apartment/House),Married,2,4.3,core_stability,defaulted,1,0.598
SURV-01470,12,4,0.3333,0.2701,52575.35,14201.47,0.226,4,1,0.395,1,0,OFW Remittance / Dependent,Living with Parents/Relatives,Widowed,4,1.8,onboarding_risk,defaulted,2,0.6957
SURV-01471,12,3,0.25,0.1969,34219.24,6736.87,0.614,1,1,0.15,1,0,Employed (Private/Gov),Owned (Inherited/Tax Dec),Single,1,2.4,onboarding_risk,completed,9,0.7645
SURV-01472,36,19,0.5278,0.2466,20278.97,5001.41,0.361,1,0,0.318,0,0,Tricycle / PUV Operator,Rented (Apartment/House),Single,0,5.1,option_window,defaulted,1,0.5714
SURV-01473,36,3,0.0833,0.2217,32990.04,7314.76,0.772,1,3,0.025,0,0,Public School Teacher,Living with Parents/Relatives,Married,0,5.7,onboarding_risk,completed,33,0.6861
SURV-01474,36,23,0.6389,0.1936,18628.73,3606.37,0.242,1,1,0.185,0,1,Tricycle / PUV Operator,Owned (Inherited/Tax Dec),Widowed,1,2.9,option_window,defaulted,0,0.6566
SURV-01475,36,33,0.9167,0.0804,56826.84,4566.92,0.878,0,4,0.0,0,0,OFW Remittance / Dependent,Owned (Clean Title),Widowed,2,13.6,completion_phase,completed,3,0.7962
SURV-01476,24,5,0.2083,0.0928,66161.47,6136.72,0.903,0,1,0.0,0,0,OFW Remittance / Dependent,Owned (Clean Title),Married,2,2.9,core_stability,completed,19,0.801
SURV-01477,24,21,0.875,0.128,56943.19,7288.06,0.848,1,0,0.01,0,0,OFW Remittance / Dependent,Living with Parents/Relatives,Married,1,4.0,completion_phase,completed,3,0.7087
SURV-01478,12,8,0.6667,0.2403,28263.51,6790.65,0.601,3,1,0.381,0,0,Sari-Sari / Small Retail,Owned (Inherited/Tax Dec),Married,4,9.3,core_stability,defaulted,0,0.7985
SURV-01479,12,1,0.0833,0.4474,31759.25,14209.55,0.251,2,0,0.245,0,0,Public School Teacher,Living with Parents/Relatives,Single,0,7.1,onboarding_risk,defaulted,5,0.6281
SURV-01480,36,22,0.6111,0.1425,20222.94,2881.99,0.752,0,2,0.046,0,0,Tricycle / PUV Operator,Owned (Clean Title),Married,0,16.7,option_window,completed,14,0.6533
SURV-01481,24,1,0.0417,0.6269,12561.47,7874.92,0.542,2,1,0.444,0,0,Agri / Farmer / Fisherfolk,Owned (Clean Title),Widowed,2,32.5,onboarding_risk,defaulted,5,0.5783
SURV-01482,24,6,0.25,0.1042,39923.24,4160.79,0.734,1,2,0.1,0,0,Public School Teacher,Rented (Apartment/House),Married,2,3.9,core_stability,defaulted,0,0.7255
SURV-01483,36,18,0.5,0.0652,47703.55,3110.57,0.984,0,6,0.0,0,0,OFW Remittance / Dependent,Living with Parents/Relatives,Single,3,6.5,option_window,early_settled,5,0.7611
SURV-01484,12,7,0.5833,0.4659,31163.11,14519.59,0.292,3,0,0.234,0,0,Employed (Private/Gov),Rented (Apartment/House),Widowed,2,8.6,core_stability,defaulted,0,0.6133
SURV-01485,36,12,0.3333,0.0878,50954.79,4476.16,0.919,0,2,0.0,0,0,Public School Teacher,Living with Parents/Relatives,Married,0,7.2,option_window,completed,24,0.7573
SURV-01486,12,3,0.25,0.5904,17190.96,10150.25,0.311,2,1,0.281,1,0,Sari-Sari / Small Retail,Rented (Apartment/House),Widowed,4,10.0,onboarding_risk,defaulted,1,0.6159
SURV-01487,24,4,0.1667,0.2179,21208.42,4622.0,0.228,2,1,0.373,0,1,Tricycle / PUV Operator,Living with Parents/Relatives,Married,0,2.2,onboarding_risk,defaulted,4,0.7242
SURV-01488,36,13,0.3611,0.2022,37057.05,7491.24,0.662,1,1,0.046,0,0,Public School Teacher,Rented (Apartment/House),Widowed,3,17.3,option_window,defaulted,1,0.6707
SURV-01489,36,12,0.3333,0.1319,29890.72,3943.05,0.611,1,0,0.032,0,0,BPO / Call Center Agent,Living with Parents/Relatives,Married,1,4.3,option_window,completed,24,0.7537
SURV-01490,24,24,1.0,0.1939,34358.33,6662.6,0.638,1,3,0.025,0,0,Public School Teacher,Living with Parents/Relatives,Married,0,7.5,completion_phase,defaulted,0,0.7504
SURV-01491,24,2,0.0833,0.0875,59516.18,5205.54,0.971,0,2,0.0,0,0,OFW Remittance / Dependent,Owned (Clean Title),Married,2,5.7,onboarding_risk,completed,22,0.7984
SURV-01492,24,2,0.0833,0.3246,24495.06,7950.27,0.307,2,0,0.27,1,1,Sari-Sari / Small Retail,Owned (Inherited/Tax Dec),Single,1,6.2,onboarding_risk,defaulted,0,0.6119
SURV-01493,36,1,0.0278,0.3664,12000.0,4397.31,0.35,2,1,0.221,0,0,Agri / Farmer / Fisherfolk,Rented (Apartment/House),Single,1,17.3,onboarding_risk,completed,35,0.567
SURV-01494,12,5,0.4167,0.7572,18636.78,14112.07,0.211,3,0,0.198,0,0,Sari-Sari / Small Retail,Living with Parents/Relatives,Single,4,7.7,core_stability,defaulted,0,0.5735
SURV-01495,12,10,0.8333,0.2368,31961.64,7568.84,0.639,1,0,0.125,0,0,Employed (Private/Gov),Living with Parents/Relatives,Widowed,0,6.5,completion_phase,completed,2,0.7553
SURV-01496,12,1,0.0833,0.3139,38581.98,12109.37,0.463,2,0,0.269,0,1,BPO / Call Center Agent,Owned (Inherited/Tax Dec),Single,1,9.2,onboarding_risk,defaulted,1,0.6761
SURV-01497,36,32,0.8889,0.1095,32155.24,3519.6,0.926,0,10,0.0,0,0,Public School Teacher,Owned (Inherited/Tax Dec),Married,4,7.6,core_stability,early_settled,0,0.7081
SURV-01498,12,6,0.5,0.2764,40548.54,11206.14,0.706,1,0,0.086,0,0,Public School Teacher,Living with Parents/Relatives,Widowed,1,8.6,core_stability,early_settled,5,0.744
SURV-01499,24,17,0.7083,0.133,29338.62,3901.09,0.697,1,3,0.146,0,0,BPO / Call Center Agent,Rented (Apartment/House),Married,1,9.6,core_stability,completed,7,0.7308
SURV-01500,12,5,0.4167,0.4135,25254.46,10441.98,0.461,4,0,0.313,1,0,Employed (Private/Gov),Rented (Apartment/House),Married,1,10.0,core_stability,defaulted,2,0.6582
SURV-01501,12,6,0.5,0.2507,54310.51,13617.66,0.47,4,0,0.356,0,0,Employed (Private/Gov),Living with Parents/Relatives,Single,2,3.4,core_stability,defaulted,0,0.6833
SURV-01502,36,20,0.5556,0.2635,19835.39,5227.44,0.326,2,0,0.236,0,1,Agri / Farmer / Fisherfolk,Owned (Inherited/Tax Dec),Single,0,4.0,option_window,defaulted,0,0.5694
SURV-01503,36,5,0.1389,0.2473,23829.71,5892.22,0.744,1,3,0.01,0,0,OFW Remittance / Dependent,Living with Parents/Relatives,Widowed,1,14.2,core_stability,completed,31,0.6461
SURV-01504,36,5,0.1389,0.1323,44358.97,5868.55,0.787,0,2,0.11,0,0,Public School Teacher,Rented (Apartment/House),Widowed,0,7.3,core_stability,completed,31,0.7315
SURV-01505,24,6,0.25,0.1925,29245.52,5629.26,0.647,0,3,0.015,0,0,Employed (Private/Gov),Rented (Apartment/House),Widowed,4,6.1,core_stability,defaulted,0,0.7486
SURV-01506,36,5,0.1389,0.2759,14669.8,4047.68,0.708,1,0,0.009,0,0,BPO / Call Center Agent,Owned (Clean Title),Single,2,6.2,core_stability,completed,31,0.6588
SURV-01507,12,3,0.25,0.2966,50603.34,15009.73,0.647,0,3,0.03,0,0,Public School Teacher,Living with Parents/Relatives,Widowed,1,8.6,onboarding_risk,completed,9,0.7141
SURV-01508,36,24,0.6667,0.2288,25246.1,5776.59,0.472,1,0,0.358,1,1,Agri / Farmer / Fisherfolk,Owned (Clean Title),Widowed,2,5.4,option_window,defaulted,0,0.5971
SURV-01509,12,8,0.6667,0.5342,22593.88,12069.64,0.508,1,0,0.434,0,0,BPO / Call Center Agent,Living with Parents/Relatives,Married,2,7.7,core_stability,defaulted,1,0.6047
SURV-01510,36,7,0.1944,0.0945,63498.72,6002.6,0.911,0,1,0.0,0,0,OFW Remittance / Dependent,Owned (Clean Title),Single,1,7.6,core_stability,completed,29,0.7836
SURV-01511,36,35,0.9722,0.3016,24845.91,7493.58,0.32,4,1,0.322,0,0,BPO / Call Center Agent,Owned (Inherited/Tax Dec),Married,0,5.7,completion_phase,defaulted,1,0.6467
SURV-01512,24,19,0.7917,0.0935,46863.51,4380.32,0.939,0,12,0.0,0,0,Public School Teacher,Owned (Clean Title),Married,3,4.5,core_stability,early_settled,0,0.721
SURV-01513,12,7,0.5833,0.6829,19549.41,13350.41,0.635,1,0,0.208,0,0,BPO / Call Center Agent,Rented (Apartment/House),Married,0,4.8,core_stability,defaulted,0,0.6233
SURV-01514,24,17,0.7083,0.2232,30569.41,6821.78,0.653,1,2,0.144,0,0,Employed (Private/Gov),Owned (Inherited/Tax Dec),Married,1,3.0,core_stability,defaulted,0,0.6636
SURV-01515,36,2,0.0556,0.1438,20941.43,3010.46,0.759,0,3,0.054,0,0,Sari-Sari / Small Retail,Living with Parents/Relatives,Married,3,5.4,onboarding_risk,early_settled,21,0.661
SURV-01516,36,3,0.0833,0.1164,19259.41,2241.75,0.321,4,1,0.387,1,0,Tricycle / PUV Operator,Rented (Apartment/House),Married,3,1.3,onboarding_risk,defaulted,6,0.5825
SURV-01517,36,8,0.2222,0.1083,45521.96,4927.94,0.785,0,0,0.078,0,0,OFW Remittance / Dependent,Rented (Apartment/House),Single,2,4.3,core_stability,completed,28,0.6776
SURV-01518,36,12,0.3333,0.3399,19153.79,6509.6,0.418,3,1,0.39,0,0,Tricycle / PUV Operator,Living with Parents/Relatives,Married,1,7.9,option_window,defaulted,0,0.5503
SURV-01519,24,15,0.625,0.1079,63773.45,6880.57,0.992,0,4,0.0,0,0,OFW Remittance / Dependent,Owned (Clean Title),Married,0,4.1,core_stability,completed,9,0.7188
SURV-01520,24,1,0.0417,0.19,18903.14,3592.09,0.45,3,0,0.412,1,0,Agri / Farmer / Fisherfolk,Living with Parents/Relatives,Married,0,10.9,onboarding_risk,defaulted,7,0.6794
SURV-01521,24,8,0.3333,0.2308,19981.06,4610.83,0.482,2,0,0.376,1,1,Agri / Farmer / Fisherfolk,Owned (Clean Title),Married,1,4.9,core_stability,defaulted,1,0.6164
SURV-01522,12,12,1.0,0.173,50732.61,8778.15,0.685,1,1,0.14,0,0,OFW Remittance / Dependent,Living with Parents/Relatives,Married,2,3.7,completion_phase,completed,0,0.7459
SURV-01523,36,24,0.6667,0.084,32433.33,2725.06,0.987,0,6,0.0,0,0,Employed (Private/Gov),Owned (Clean Title),Widowed,2,4.9,option_window,early_settled,2,0.6873
SURV-01524,12,12,1.0,0.1757,33673.14,5918.0,0.837,0,1,0.135,0,0,BPO / Call Center Agent,Living with Parents/Relatives,Widowed,3,6.0,completion_phase,completed,0,0.7654
SURV-01525,12,9,0.75,0.2809,31411.74,8823.81,0.818,0,2,0.086,0,0,Public School Teacher,Living with Parents/Relatives,Married,1,5.2,completion_phase,completed,3,0.7831
SURV-01526,36,30,0.8333,0.209,28184.94,5891.79,0.73,1,0,0.025,0,0,Employed (Private/Gov),Owned (Inherited/Tax Dec),Widowed,2,6.4,core_stability,defaulted,1,0.7108
SURV-01527,12,8,0.6667,0.3992,30418.32,12142.75,0.217,1,0,0.257,0,1,Employed (Private/Gov),Rented (Apartment/House),Married,2,7.2,core_stability,defaulted,1,0.6192
SURV-01528,12,4,0.3333,0.4068,21532.59,8759.01,0.346,4,1,0.447,1,1,Agri / Farmer / Fisherfolk,Owned (Clean Title),Single,4,10.1,onboarding_risk,defaulted,0,0.6617
SURV-01529,24,11,0.4583,0.1972,20886.17,4118.34,0.294,3,0,0.305,1,0,Agri / Farmer / Fisherfolk,Rented (Apartment/House),Married,0,4.7,option_window,defaulted,0,0.605
SURV-01530,36,13,0.3611,0.2915,22632.5,6596.28,0.208,2,0,0.314,0,1,Agri / Farmer / Fisherfolk,Rented (Apartment/House),Widowed,2,18.0,option_window,defaulted,0,0.5732
SURV-01531,24,14,0.5833,0.2688,12000.0,3225.67,0.394,1,0,0.388,0,0,Tricycle / PUV Operator,Rented (Apartment/House),Widowed,2,8.3,core_stability,defaulted,0,0.608
SURV-01532,36,23,0.6389,0.1802,38846.28,7001.0,0.81,1,0,0.115,0,0,Employed (Private/Gov),Owned (Clean Title),Single,3,2.3,option_window,completed,13,0.6692
SURV-01533,24,8,0.3333,0.0654,52528.11,3436.07,0.994,0,2,0.0,0,0,Employed (Private/Gov),Owned (Clean Title),Single,3,4.6,core_stability,completed,16,0.7224
SURV-01534,24,18,0.75,0.0923,46454.4,4289.33,0.985,0,10,0.0,0,0,OFW Remittance / Dependent,Owned (Inherited/Tax Dec),Married,1,5.2,core_stability,early_settled,0,0.8016
SURV-01535,36,8,0.2222,0.5852,12000.0,7022.25,0.346,1,0,0.358,1,0,Agri / Farmer / Fisherfolk,Living with Parents/Relatives,Widowed,1,7.8,core_stability,defaulted,0,0.5248
SURV-01536,36,31,0.8611,0.0847,45308.15,3838.91,0.95,0,12,0.0,0,0,OFW Remittance / Dependent,Owned (Clean Title),Married,0,3.4,core_stability,completed,5,0.6635
SURV-01537,12,9,0.75,0.5323,18484.94,9838.95,0.331,2,0,0.406,0,1,Agri / Farmer / Fisherfolk,Living with Parents/Relatives,Married,3,9.2,completion_phase,defaulted,1,0.5374
SURV-01538,36,13,0.3611,0.304,17580.26,5343.81,0.467,1,0,0.171,0,1,Tricycle / PUV Operator,Owned (Clean Title),Married,2,8.8,option_window,defaulted,0,0.6025
SURV-01539,24,12,0.5,0.1765,32304.31,5701.02,0.772,1,0,0.064,0,0,Employed (Private/Gov),Owned (Inherited/Tax Dec),Widowed,3,9.9,option_window,defaulted,0,0.6799
SURV-01540,36,5,0.1389,0.0672,39713.77,2667.67,0.981,0,3,0.0,0,0,OFW Remittance / Dependent,Owned (Inherited/Tax Dec),Single,1,10.6,core_stability,completed,31,0.7144
SURV-01541,12,3,0.25,0.2682,45787.47,12279.69,0.836,0,1,0.007,0,0,Public School Teacher,Living with Parents/Relatives,Widowed,1,11.4,onboarding_risk,defaulted,1,0.7079
SURV-01542,12,4,0.3333,0.1477,40235.41,5940.86,0.831,0,2,0.026,0,0,Employed (Private/Gov),Owned (Inherited/Tax Dec),Single,3,13.1,onboarding_risk,completed,8,0.7798
SURV-01543,24,15,0.625,0.1379,41658.01,5744.19,0.99,0,8,0.0,0,0,Public School Teacher,Owned (Clean Title),Married,2,3.4,core_stability,early_settled,0,0.7515
SURV-01544,12,5,0.4167,0.2218,30967.23,6867.83,0.617,0,2,0.139,0,0,BPO / Call Center Agent,Living with Parents/Relatives,Single,2,7.5,core_stability,defaulted,2,0.744
SURV-01545,12,3,0.25,0.1679,31888.59,5353.05,0.647,1,2,0.035,0,0,BPO / Call Center Agent,Owned (Clean Title),Widowed,1,7.6,onboarding_risk,defaulted,1,0.7655
SURV-01546,36,28,0.7778,0.213,15236.17,3245.07,0.639,3,0,0.286,0,0,Agri / Farmer / Fisherfolk,Living with Parents/Relatives,Married,2,4.1,core_stability,defaulted,1,0.5893
SURV-01547,12,10,0.8333,0.3125,50314.08,15722.53,0.559,1,0,0.209,1,0,OFW Remittance / Dependent,Living with Parents/Relatives,Married,2,3.1,completion_phase,defaulted,1,0.6661
SURV-01548,36,27,0.75,0.1886,22983.82,4334.89,0.631,4,1,0.183,1,0,Agri / Farmer / Fisherfolk,Owned (Clean Title),Married,1,7.3,core_stability,defaulted,1,0.6642
SURV-01549,24,7,0.2917,0.2528,18940.99,4788.93,0.619,2,1,0.181,0,0,Agri / Farmer / Fisherfolk,Living with Parents/Relatives,Single,2,5.4,core_stability,defaulted,0,0.7069
SURV-01550,24,13,0.5417,0.2867,24744.75,7093.26,0.294,2,0,0.155,1,1,Tricycle / PUV Operator,Owned (Inherited/Tax Dec),Single,2,3.0,option_window,defaulted,0,0.6095
SURV-01551,36,23,0.6389,0.3189,19570.58,6241.44,0.367,3,1,0.42,1,0,Tricycle / PUV Operator,Living with Parents/Relatives,Married,3,2.3,option_window,early_settled,3,0.6036
SURV-01552,36,7,0.1944,0.1134,35579.36,4035.83,0.867,0,4,0.0,0,0,BPO / Call Center Agent,Owned (Clean Title),Married,2,7.2,core_stability,completed,29,0.7102
SURV-01553,12,3,0.25,0.1891,35169.7,6648.97,0.826,1,1,0.109,0,0,OFW Remittance / Dependent,Owned (Clean Title),Married,3,7.5,onboarding_risk,defaulted,1,0.7935
SURV-01554,24,1,0.0417,0.3546,24001.46,8510.24,0.241,3,0,0.353,0,0,Sari-Sari / Small Retail,Owned (Clean Title),Married,1,19.0,onboarding_risk,defaulted,4,0.6678
SURV-01555,12,3,0.25,0.4424,19140.43,8467.91,0.409,2,1,0.427,1,0,Tricycle / PUV Operator,Owned (Inherited/Tax Dec),Married,1,14.1,onboarding_risk,defaulted,3,0.6829
SURV-01556,12,5,0.4167,0.2744,27119.68,7442.84,0.764,0,0,0.034,0,0,Employed (Private/Gov),Owned (Inherited/Tax Dec),Married,1,6.0,core_stability,defaulted,2,0.7079
SURV-01557,12,10,0.8333,0.1123,67659.59,7599.06,0.949,0,8,0.0,0,0,OFW Remittance / Dependent,Owned (Inherited/Tax Dec),Widowed,0,9.3,completion_phase,early_settled,0,0.8122
SURV-01558,12,6,0.5,0.1817,31345.35,5694.88,0.806,0,1,0.131,0,0,Employed (Private/Gov),Living with Parents/Relatives,Widowed,2,21.1,core_stability,completed,6,0.8057
SURV-01559,12,9,0.75,0.2606,32183.18,8386.01,0.714,0,2,0.098,0,0,BPO / Call Center Agent,Owned (Clean Title),Married,2,8.4,completion_phase,completed,3,0.7488
SURV-01560,24,2,0.0833,0.3351,21230.46,7115.22,0.264,2,1,0.401,0,0,Tricycle / PUV Operator,Rented (Apartment/House),Single,3,12.2,onboarding_risk,defaulted,1,0.6251
SURV-01561,12,8,0.6667,0.4121,33668.0,13874.48,0.242,1,0,0.236,0,0,BPO / Call Center Agent,Owned (Clean Title),Married,0,6.3,core_stability,defaulted,1,0.6951
SURV-01562,24,24,1.0,0.0671,60203.78,4041.23,0.92,0,7,0.0,0,0,OFW Remittance / Dependent,Rented (Apartment/House),Widowed,1,7.5,completion_phase,completed,0,0.7449
SURV-01563,24,11,0.4583,0.2631,18646.03,4905.2,0.362,1,1,0.43,0,0,Sari-Sari / Small Retail,Living with Parents/Relatives,Widowed,4,5.8,option_window,defaulted,0,0.6507
SURV-01564,24,18,0.75,0.2855,19974.21,5701.81,0.328,3,1,0.405,1,0,Employed (Private/Gov),Living with Parents/Relatives,Married,1,9.0,core_stability,defaulted,0,0.681
SURV-01565,12,6,0.5,0.7051,22828.04,16096.22,0.552,3,1,0.271,0,0,Tricycle / PUV Operator,Owned (Clean Title),Married,1,7.5,core_stability,defaulted,1,0.5761
SURV-01566,12,8,0.6667,0.4495,29271.08,13157.44,0.395,1,0,0.195,0,0,Sari-Sari / Small Retail,Rented (Apartment/House),Single,2,6.5,core_stability,defaulted,1,0.6177
SURV-01567,24,14,0.5833,0.141,26565.14,3746.19,0.959,0,10,0.0,0,0,BPO / Call Center Agent,Owned (Clean Title),Single,2,13.7,core_stability,completed,10,0.7505
SURV-01568,12,8,0.6667,0.2099,61073.48,12820.41,0.738,0,0,0.011,0,0,OFW Remittance / Dependent,Owned (Inherited/Tax Dec),Widowed,1,13.2,core_stability,completed,4,0.8064
SURV-01569,24,1,0.0417,0.118,35129.66,4145.24,0.781,0,0,0.138,0,0,BPO / Call Center Agent,Living with Parents/Relatives,Single,0,4.5,onboarding_risk,defaulted,7,0.7357
SURV-01570,36,24,0.6667,0.1788,30136.62,5388.26,0.661,1,1,0.001,0,0,Public School Teacher,Owned (Inherited/Tax Dec),Widowed,4,3.8,option_window,early_settled,3,0.6865
SURV-01571,36,16,0.4444,0.3582,14131.97,5062.06,0.346,3,1,0.297,1,0,Agri / Farmer / Fisherfolk,Owned (Clean Title),Widowed,0,4.1,option_window,defaulted,1,0.5737
SURV-01572,36,21,0.5833,0.1195,24846.5,2970.34,0.661,1,0,0.044,0,0,Tricycle / PUV Operator,Owned (Inherited/Tax Dec),Married,2,7.6,option_window,completed,15,0.6369
SURV-01573,36,36,1.0,0.1186,22643.95,2686.66,0.634,0,2,0.091,0,0,Sari-Sari / Small Retail,Rented (Apartment/House),Married,0,5.7,completion_phase,defaulted,0,0.6608
SURV-01574,24,16,0.6667,0.0819,55266.19,4528.81,0.604,0,0,0.141,0,0,OFW Remittance / Dependent,Rented (Apartment/House),Married,1,3.7,core_stability,completed,8,0.7044
SURV-01575,12,7,0.5833,0.4034,27435.53,11066.72,0.491,2,0,0.218,0,1,Public School Teacher,Owned (Inherited/Tax Dec),Married,2,4.6,core_stability,defaulted,0,0.6816
SURV-01576,36,26,0.7222,0.1212,33503.26,4061.95,0.844,1,0,0.043,0,0,Public School Teacher,Owned (Clean Title),Widowed,3,3.0,core_stability,completed,10,0.7163
SURV-01577,24,5,0.2083,0.1387,60266.68,8356.26,0.727,0,1,0.026,0,0,OFW Remittance / Dependent,Owned (Clean Title),Married,0,1.3,core_stability,defaulted,3,0.7413
SURV-01578,24,11,0.4583,0.1616,27022.24,4367.22,0.985,0,7,0.0,0,0,Employed (Private/Gov),Owned (Inherited/Tax Dec),Widowed,1,8.6,option_window,early_settled,2,0.7506
SURV-01579,24,18,0.75,0.067,48929.07,3278.85,0.868,0,2,0.0,0,0,OFW Remittance / Dependent,Owned (Inherited/Tax Dec),Single,0,4.7,core_stability,completed,6,0.7975
SURV-01580,24,3,0.125,0.206,18384.86,3786.65,0.771,1,0,0.141,0,0,Sari-Sari / Small Retail,Owned (Inherited/Tax Dec),Married,3,9.5,onboarding_risk,completed,21,0.7489
SURV-01581,24,12,0.5,0.1375,45519.29,6260.76,0.937,0,7,0.0,0,0,Public School Teacher,Living with Parents/Relatives,Widowed,3,14.4,option_window,early_settled,0,0.7579
SURV-01582,24,7,0.2917,0.0889,44401.88,3947.58,0.757,0,2,0.052,1,0,Public School Teacher,Rented (Apartment/House),Widowed,0,2.2,core_stability,completed,17,0.7515
SURV-01583,36,8,0.2222,0.2267,19035.34,4315.16,0.748,1,2,0.129,0,0,Employed (Private/Gov),Rented (Apartment/House),Single,2,7.1,core_stability,completed,28,0.6951
SURV-01584,36,32,0.8889,0.1776,20609.54,3659.59,0.693,1,0,0.102,0,0,Agri / Farmer / Fisherfolk,Owned (Clean Title),Married,0,5.2,core_stability,completed,4,0.6694
SURV-01585,36,27,0.75,0.2102,25432.62,5344.96,0.501,4,1,0.362,0,0,Tricycle / PUV Operator,Owned (Inherited/Tax Dec),Single,2,13.5,core_stability,defaulted,0,0.643
SURV-01586,12,10,0.8333,0.4293,33197.02,14252.86,0.406,4,0,0.27,1,1,OFW Remittance / Dependent,Rented (Apartment/House),Married,1,9.2,completion_phase,defaulted,1,0.7091
SURV-01587,36,34,0.9444,0.3155,20023.48,6316.74,0.468,3,1,0.41,0,0,Agri / Farmer / Fisherfolk,Owned (Clean Title),Widowed,2,3.4,completion_phase,defaulted,0,0.5701
SURV-01588,24,19,0.7917,0.0938,35422.66,3324.1,0.76,1,1,0.083,0,0,Employed (Private/Gov),Rented (Apartment/House),Widowed,1,4.2,core_stability,completed,5,0.7258
SURV-01589,12,12,1.0,0.3477,25130.64,8739.09,0.304,3,0,0.439,1,0,Sari-Sari / Small Retail,Owned (Clean Title),Married,3,2.1,completion_phase,defaulted,0,0.619
SURV-01590,24,6,0.25,0.0752,40506.21,3045.03,0.998,0,4,0.0,0,0,Public School Teacher,Owned (Inherited/Tax Dec),Single,3,10.8,core_stability,completed,18,0.7912
SURV-01591,24,10,0.4167,0.2049,16187.14,3317.16,0.262,1,1,0.21,0,0,Tricycle / PUV Operator,Rented (Apartment/House),Married,0,3.8,core_stability,defaulted,0,0.5972
SURV-01592,36,4,0.1111,0.1534,32364.91,4966.36,0.908,0,4,0.0,0,0,Public School Teacher,Owned (Inherited/Tax Dec),Married,3,6.5,onboarding_risk,completed,32,0.7223
SURV-01593,12,7,0.5833,0.4774,24348.75,11623.49,0.389,1,0,0.232,0,0,BPO / Call Center Agent,Owned (Clean Title),Married,1,4.4,core_stability,defaulted,0,0.6411
SURV-01594,24,8,0.3333,0.2236,29287.35,6547.77,0.279,2,0,0.416,0,0,Sari-Sari / Small Retail,Rented (Apartment/House),Widowed,2,10.7,core_stability,defaulted,0,0.6807
SURV-01595,24,10,0.4167,0.2278,30771.77,7009.04,0.63,0,1,0.055,0,0,Sari-Sari / Small Retail,Owned (Inherited/Tax Dec),Married,1,6.1,core_stability,defaulted,1,0.715
SURV-01596,36,30,0.8333,0.1891,19352.29,3659.94,0.417,3,0,0.341,1,0,Tricycle / PUV Operator,Living with Parents/Relatives,Widowed,0,7.6,core_stability,defaulted,0,0.63
SURV-01597,12,5,0.4167,0.2504,21446.22,5370.84,0.452,4,1,0.332,1,1,Sari-Sari / Small Retail,Owned (Inherited/Tax Dec),Widowed,2,8.1,core_stability,defaulted,2,0.6759
SURV-01598,36,20,0.5556,0.0824,58921.93,4853.34,0.909,0,6,0.0,0,0,OFW Remittance / Dependent,Owned (Inherited/Tax Dec),Widowed,0,11.3,option_window,early_settled,2,0.7691
SURV-01599,12,5,0.4167,0.3286,25129.56,8258.15,0.545,2,1,0.391,0,0,BPO / Call Center Agent,Owned (Inherited/Tax Dec),Single,3,4.6,core_stability,defaulted,2,0.621
SURV-01600,12,10,0.8333,0.3393,30106.05,10214.4,0.361,3,0,0.295,1,1,Public School Teacher,Living with Parents/Relatives,Widowed,1,15.2,completion_phase,defaulted,0,0.7267
SURV-01601,24,11,0.4583,0.4038,17131.68,6918.37,0.52,2,0,0.361,0,0,Sari-Sari / Small Retail,Rented (Apartment/House),Married,1,12.6,option_window,completed,13,0.5809
SURV-01602,12,11,0.9167,0.1781,36026.16,6414.55,0.689,1,2,0.039,0,0,OFW Remittance / Dependent,Rented (Apartment/House),Married,2,10.8,completion_phase,completed,1,0.7651
SURV-01603,36,18,0.5,0.1235,21014.56,2595.55,0.719,1,3,0.009,0,0,Agri / Farmer / Fisherfolk,Living with Parents/Relatives,Married,0,8.5,option_window,defaulted,1,0.6795
SURV-01604,12,4,0.3333,0.9646,15395.05,14850.68,0.594,1,0,0.263,0,0,Agri / Farmer / Fisherfolk,Owned (Inherited/Tax Dec),Married,2,11.1,onboarding_risk,defaulted,3,0.5574
SURV-01605,24,14,0.5833,0.1638,26191.31,4289.89,0.634,1,1,0.148,0,0,Sari-Sari / Small Retail,Owned (Inherited/Tax Dec),Single,0,7.9,core_stability,defaulted,0,0.7634
SURV-01606,36,9,0.25,0.2914,18497.67,5389.6,0.647,2,1,0.234,0,0,Agri / Farmer / Fisherfolk,Owned (Inherited/Tax Dec),Married,2,10.3,core_stability,defaulted,1,0.6108
SURV-01607,24,9,0.375,0.3439,18866.53,6487.96,0.5,1,1,0.358,0,0,Tricycle / PUV Operator,Owned (Clean Title),Single,4,10.8,core_stability,defaulted,1,0.5998
SURV-01608,12,4,0.3333,0.5557,19179.1,10657.33,0.607,4,0,0.325,0,1,Agri / Farmer / Fisherfolk,Living with Parents/Relatives,Widowed,1,11.0,onboarding_risk,defaulted,0,0.629
SURV-01609,24,23,0.9583,0.1335,28070.42,3746.13,0.684,0,0,0.059,0,0,Sari-Sari / Small Retail,Living with Parents/Relatives,Widowed,2,5.4,completion_phase,completed,1,0.6805
SURV-01610,12,8,0.6667,0.2793,42987.41,12004.38,0.628,0,3,0.006,0,0,Public School Teacher,Owned (Inherited/Tax Dec),Widowed,4,10.0,core_stability,early_settled,3,0.6839
SURV-01611,36,1,0.0278,0.0542,56583.93,3067.74,0.966,0,1,0.0,0,0,OFW Remittance / Dependent,Owned (Inherited/Tax Dec),Widowed,2,4.8,onboarding_risk,completed,35,0.7216
SURV-01612,24,6,0.25,0.1443,32014.96,4618.3,0.33,4,0,0.45,1,0,BPO / Call Center Agent,Rented (Apartment/House),Married,2,3.7,core_stability,defaulted,1,0.6401
SURV-01613,12,4,0.3333,0.4663,28564.19,13320.69,0.31,3,0,0.17,0,0,BPO / Call Center Agent,Owned (Inherited/Tax Dec),Single,2,5.3,onboarding_risk,defaulted,0,0.6474
SURV-01614,24,5,0.2083,0.2559,30620.26,7836.23,0.633,0,3,0.029,0,0,BPO / Call Center Agent,Owned (Inherited/Tax Dec),Widowed,1,7.4,core_stability,completed,19,0.7063
SURV-01615,24,16,0.6667,0.1391,32046.39,4456.1,0.814,1,1,0.149,0,0,Sari-Sari / Small Retail,Living with Parents/Relatives,Married,2,6.8,core_stability,completed,8,0.6492
SURV-01616,24,6,0.25,0.4285,17003.84,7286.67,0.45,4,0,0.212,1,1,Agri / Farmer / Fisherfolk,Living with Parents/Relatives,Widowed,2,20.4,core_stability,defaulted,2,0.5806
SURV-01617,24,12,0.5,0.2335,25752.08,6012.4,0.233,2,1,0.152,1,0,BPO / Call Center Agent,Rented (Apartment/House),Married,4,3.8,option_window,defaulted,0,0.6469
SURV-01618,36,26,0.7222,0.2927,15072.71,4411.99,0.51,2,0,0.332,1,0,Tricycle / PUV Operator,Rented (Apartment/House),Single,2,13.5,core_stability,defaulted,1,0.6201
SURV-01619,24,19,0.7917,0.2996,14841.47,4447.03,0.614,1,0,0.447,0,0,Agri / Farmer / Fisherfolk,Rented (Apartment/House),Single,1,6.2,core_stability,defaulted,0,0.5744
SURV-01620,12,8,0.6667,0.0854,53945.24,4607.97,0.697,1,0,0.14,1,0,OFW Remittance / Dependent,Rented (Apartment/House),Married,1,4.3,core_stability,early_settled,2,0.8126
SURV-01621,36,17,0.4722,0.1677,22350.55,3748.58,0.768,0,3,0.101,0,0,BPO / Call Center Agent,Owned (Clean Title),Married,2,1.2,option_window,completed,19,0.6738
SURV-01622,36,18,0.5,0.1013,35455.58,3592.22,1.0,0,12,0.0,0,0,Employed (Private/Gov),Owned (Clean Title),Widowed,1,11.4,option_window,completed,18,0.7225
SURV-01623,36,21,0.5833,0.1055,29101.38,3071.3,0.766,0,3,0.067,0,0,BPO / Call Center Agent,Owned (Clean Title),Single,2,1.2,option_window,completed,15,0.6965
SURV-01624,12,7,0.5833,0.3118,19328.01,6025.94,0.204,4,1,0.326,0,0,Tricycle / PUV Operator,Living with Parents/Relatives,Single,1,10.2,core_stability,defaulted,1,0.6461
SURV-01625,36,11,0.3056,0.1727,22639.04,3910.63,0.294,4,0,0.234,1,0,Sari-Sari / Small Retail,Rented (Apartment/House),Widowed,2,2.9,core_stability,defaulted,1,0.6418
SURV-01626,36,26,0.7222,0.1772,17531.62,3105.91,0.75,0,2,0.094,0,0,Sari-Sari / Small Retail,Owned (Inherited/Tax Dec),Widowed,1,8.9,core_stability,completed,10,0.6893
SURV-01627,24,12,0.5,0.2067,23537.15,4865.37,0.252,3,0,0.381,0,0,Agri / Farmer / Fisherfolk,Owned (Clean Title),Single,2,11.7,option_window,defaulted,1,0.6402
SURV-01628,36,36,1.0,0.1322,26684.84,3528.67,0.826,1,0,0.022,0,0,BPO / Call Center Agent,Living with Parents/Relatives,Married,2,6.5,completion_phase,completed,0,0.7301
SURV-01629,36,31,0.8611,0.3067,14109.71,4327.68,0.51,4,0,0.335,1,0,Agri / Farmer / Fisherfolk,Owned (Inherited/Tax Dec),Married,2,5.7,core_stability,defaulted,0,0.6002
SURV-01630,24,14,0.5833,0.1604,29474.19,4727.27,0.756,0,0,0.119,0,0,Public School Teacher,Living with Parents/Relatives,Widowed,1,2.0,core_stability,completed,10,0.6998
SURV-01631,24,6,0.25,0.1803,40791.75,7356.24,0.684,0,1,0.095,0,0,BPO / Call Center Agent,Rented (Apartment/House),Widowed,0,7.0,core_stability,completed,18,0.7206
SURV-01632,12,11,0.9167,0.1261,43928.5,5541.41,0.983,0,10,0.0,0,0,Public School Teacher,Owned (Clean Title),Married,1,3.0,completion_phase,completed,1,0.8
SURV-01633,36,8,0.2222,0.199,17754.93,3533.57,0.218,3,0,0.187,0,0,Tricycle / PUV Operator,Living with Parents/Relatives,Single,1,5.8,core_stability,defaulted,1,0.6002
SURV-01634,24,7,0.2917,0.2079,19562.82,4067.15,0.515,3,0,0.214,0,0,Agri / Farmer / Fisherfolk,Living with Parents/Relatives,Single,2,3.6,core_stability,completed,17,0.6524
SURV-01635,36,32,0.8889,0.1871,19880.42,3718.98,0.359,2,1,0.383,0,0,Agri / Farmer / Fisherfolk,Owned (Clean Title),Married,3,6.7,core_stability,defaulted,0,0.622
SURV-01636,12,1,0.0833,0.3216,28114.42,9040.35,0.2,4,0,0.403,1,0,Sari-Sari / Small Retail,Living with Parents/Relatives,Single,1,1.4,onboarding_risk,defaulted,2,0.6766
SURV-01637,24,7,0.2917,0.1565,28543.48,4466.9,0.7,0,1,0.004,0,0,Sari-Sari / Small Retail,Owned (Inherited/Tax Dec),Single,2,4.6,core_stability,defaulted,0,0.7198
SURV-01638,24,17,0.7083,0.2042,20534.73,4193.86,0.43,4,0,0.408,0,0,Agri / Farmer / Fisherfolk,Owned (Inherited/Tax Dec),Single,3,7.8,core_stability,defaulted,0,0.617
SURV-01639,12,3,0.25,0.3556,30916.74,10992.78,0.601,4,0,0.338,0,0,BPO / Call Center Agent,Owned (Clean Title),Single,0,2.4,onboarding_risk,defaulted,3,0.6499
SURV-01640,24,15,0.625,0.1922,22654.87,4354.91,0.418,1,0,0.276,0,0,Sari-Sari / Small Retail,Owned (Clean Title),Single,2,4.9,core_stability,defaulted,1,0.6595
SURV-01641,24,1,0.0417,0.5097,15080.74,7686.52,0.315,4,1,0.295,1,0,Agri / Farmer / Fisherfolk,Owned (Clean Title),Widowed,3,7.9,onboarding_risk,defaulted,4,0.5154
SURV-01642,36,2,0.0556,0.1247,19255.34,2401.11,0.711,1,2,0.143,0,0,Sari-Sari / Small Retail,Rented (Apartment/House),Married,4,5.3,onboarding_risk,defaulted,6,0.6575
SURV-01643,12,7,0.5833,0.5664,19025.38,10775.52,0.371,2,0,0.35,1,0,Agri / Farmer / Fisherfolk,Living with Parents/Relatives,Single,0,7.7,core_stability,defaulted,1,0.6137
SURV-01644,12,3,0.25,0.1583,37029.81,5860.55,0.805,0,2,0.046,1,0,OFW Remittance / Dependent,Owned (Clean Title),Married,3,2.4,onboarding_risk,completed,9,0.6794
SURV-01645,24,1,0.0417,0.3489,20172.41,7038.31,0.298,1,0,0.29,0,0,Employed (Private/Gov),Living with Parents/Relatives,Married,0,1.3,onboarding_risk,defaulted,3,0.6756
SURV-01646,12,10,0.8333,0.1475,42308.67,6242.42,0.8,0,3,0.031,0,0,OFW Remittance / Dependent,Owned (Inherited/Tax Dec),Widowed,2,2.3,completion_phase,completed,2,0.803
SURV-01647,12,7,0.5833,0.5131,23142.44,11874.29,0.642,2,0,0.226,0,1,BPO / Call Center Agent,Owned (Clean Title),Married,2,3.6,core_stability,defaulted,0,0.6022
SURV-01648,24,12,0.5,0.1434,28487.98,4083.81,0.888,0,2,0.0,0,0,BPO / Call Center Agent,Owned (Inherited/Tax Dec),Widowed,1,6.7,option_window,completed,12,0.751
SURV-01649,36,5,0.1389,0.2628,20266.15,5326.88,0.612,3,1,0.424,0,0,Agri / Farmer / Fisherfolk,Rented (Apartment/House),Widowed,0,6.4,core_stability,defaulted,3,0.5946
SURV-01650,24,12,0.5,0.3579,13863.84,4962.03,0.506,4,1,0.288,0,0,Tricycle / PUV Operator,Living with Parents/Relatives,Widowed,1,5.0,option_window,defaulted,1,0.6591
SURV-01651,12,6,0.5,0.1562,40287.95,6294.32,0.928,0,4,0.0,0,0,Public School Teacher,Owned (Clean Title),Single,1,13.8,core_stability,completed,6,0.7955
SURV-01652,24,13,0.5417,0.2297,27014.09,6205.51,0.772,0,1,0.06,0,0,Sari-Sari / Small Retail,Owned (Inherited/Tax Dec),Married,0,16.7,option_window,completed,11,0.7219
SURV-01653,24,13,0.5417,0.0983,30577.7,3005.17,0.979,0,1,0.0,0,0,BPO / Call Center Agent,Living with Parents/Relatives,Single,0,20.6,option_window,completed,11,0.7683
SURV-01654,36,30,0.8333,0.1503,33152.44,4983.08,0.63,1,2,0.077,0,0,Employed (Private/Gov),Owned (Clean Title),Single,3,1.1,core_stability,defaulted,0,0.6178
SURV-01655,12,12,1.0,0.4371,20165.98,8815.29,0.604,3,1,0.43,0,0,Employed (Private/Gov),Owned (Inherited/Tax Dec),Married,1,2.3,completion_phase,defaulted,0,0.6114
SURV-01656,24,5,0.2083,0.2723,23643.91,6438.16,0.236,2,0,0.296,0,0,Agri / Farmer / Fisherfolk,Living with Parents/Relatives,Married,3,7.3,core_stability,defaulted,0,0.6034
SURV-01657,12,7,0.5833,0.6606,21007.27,13877.33,0.287,3,0,0.226,1,0,Sari-Sari / Small Retail,Rented (Apartment/House),Married,2,6.9,core_stability,defaulted,0,0.5832
SURV-01658,36,20,0.5556,0.109,25651.3,2795.25,0.65,1,3,0.134,0,0,Tricycle / PUV Operator,Owned (Inherited/Tax Dec),Widowed,0,4.7,option_window,completed,16,0.6897
SURV-01659,36,29,0.8056,0.5083,12767.95,6489.54,0.213,4,1,0.382,1,1,Agri / Farmer / Fisherfolk,Owned (Clean Title),Widowed,0,8.7,core_stability,defaulted,1,0.521
SURV-01660,12,8,0.6667,0.3784,28921.33,10944.44,0.25,3,0,0.22,0,0,Employed (Private/Gov),Rented (Apartment/House),Single,0,4.1,core_stability,defaulted,1,0.6481
SURV-01661,36,3,0.0833,0.2809,14232.84,3998.32,0.23,1,0,0.164,1,0,Agri / Farmer / Fisherfolk,Living with Parents/Relatives,Single,1,8.1,onboarding_risk,completed,33,0.639
SURV-01662,36,15,0.4167,0.3793,14939.42,5666.56,0.55,4,1,0.407,1,0,Sari-Sari / Small Retail,Owned (Inherited/Tax Dec),Widowed,2,4.9,option_window,defaulted,1,0.5891
SURV-01663,12,3,0.25,0.1748,27639.34,4832.51,0.604,1,0,0.313,0,0,Tricycle / PUV Operator,Rented (Apartment/House),Single,2,8.5,onboarding_risk,completed,9,0.655
SURV-01664,24,15,0.625,0.351,19961.36,7006.71,0.259,2,0,0.416,0,0,Sari-Sari / Small Retail,Owned (Clean Title),Widowed,3,7.0,core_stability,defaulted,1,0.6459
SURV-01665,24,10,0.4167,0.1634,45881.63,7495.51,0.859,0,5,0.0,0,0,OFW Remittance / Dependent,Owned (Clean Title),Married,0,5.8,core_stability,completed,14,0.7227
SURV-01666,12,6,0.5,0.3004,36184.28,10871.1,0.64,3,0,0.201,1,0,BPO / Call Center Agent,Rented (Apartment/House),Widowed,4,11.1,core_stability,defaulted,1,0.6889
SURV-01667,36,33,0.9167,0.1125,37437.12,4210.92,0.659,0,1,0.056,0,0,BPO / Call Center Agent,Living with Parents/Relatives,Widowed,3,1.7,completion_phase,defaulted,0,0.7094
SURV-01668,36,36,1.0,0.0681,32765.55,2230.48,0.931,0,1,0.0,0,0,Public School Teacher,Owned (Inherited/Tax Dec),Married,2,7.9,completion_phase,completed,0,0.7415
SURV-01669,12,10,0.8333,0.7886,17788.22,14028.49,0.35,2,0,0.159,0,0,Agri / Farmer / Fisherfolk,Living with Parents/Relatives,Married,2,6.3,completion_phase,defaulted,1,0.5985
SURV-01670,36,1,0.0278,0.261,21096.87,5506.4,0.458,2,1,0.429,0,1,Agri / Farmer / Fisherfolk,Owned (Inherited/Tax Dec),Widowed,2,5.0,onboarding_risk,defaulted,4,0.6744
SURV-01671,36,27,0.75,0.0896,61328.28,5496.41,0.997,0,9,0.0,0,0,OFW Remittance / Dependent,Living with Parents/Relatives,Widowed,0,7.2,core_stability,defaulted,0,0.7478
SURV-01672,36,15,0.4167,0.1873,39798.76,7453.38,0.655,1,2,0.111,1,0,Public School Teacher,Rented (Apartment/House),Married,0,2.9,option_window,completed,21,0.645
SURV-01673,24,4,0.1667,0.4659,16687.96,7775.44,0.525,1,1,0.352,0,0,Agri / Farmer / Fisherfolk,Owned (Inherited/Tax Dec),Single,3,3.4,onboarding_risk,defaulted,0,0.5247
SURV-01674,12,7,0.5833,0.2503,27601.61,6908.32,0.631,1,0,0.022,0,0,BPO / Call Center Agent,Living with Parents/Relatives,Married,0,10.1,core_stability,defaulted,0,0.7266
SURV-01675,36,25,0.6944,0.2006,23978.23,4810.55,0.604,3,1,0.338,1,1,BPO / Call Center Agent,Rented (Apartment/House),Single,3,12.4,option_window,defaulted,1,0.6019
SURV-01676,24,4,0.1667,0.3622,17484.4,6332.03,0.357,4,0,0.406,0,0,Tricycle / PUV Operator,Rented (Apartment/House),Widowed,0,4.2,onboarding_risk,defaulted,1,0.5898
SURV-01677,12,1,0.0833,0.6009,24631.27,14799.97,0.531,4,1,0.401,1,0,Agri / Farmer / Fisherfolk,Living with Parents/Relatives,Married,2,7.5,onboarding_risk,defaulted,6,0.6008
SURV-01678,36,9,0.25,0.1979,21644.62,4283.25,0.487,1,0,0.248,0,1,Tricycle / PUV Operator,Rented (Apartment/House),Single,0,13.0,core_stability,defaulted,0,0.5909
SURV-01679,12,9,0.75,0.3588,15439.46,5539.48,0.457,1,0,0.259,1,1,Agri / Farmer / Fisherfolk,Living with Parents/Relatives,Widowed,4,6.5,completion_phase,defaulted,0,0.6041
SURV-01680,36,25,0.6944,0.1326,19838.41,2630.43,0.826,1,3,0.127,0,0,Tricycle / PUV Operator,Owned (Inherited/Tax Dec),Married,1,7.4,option_window,defaulted,0,0.6441
SURV-01681,36,22,0.6111,0.1831,17086.27,3128.74,0.818,1,2,0.08,1,0,Employed (Private/Gov),Living with Parents/Relatives,Married,2,8.1,option_window,completed,14,0.669
SURV-01682,36,32,0.8889,0.0726,30381.58,2204.31,0.977,0,12,0.0,0,0,Sari-Sari / Small Retail,Owned (Inherited/Tax Dec),Widowed,1,6.0,core_stability,early_settled,0,0.7127
SURV-01683,36,27,0.75,0.2148,22486.61,4830.37,0.404,1,1,0.435,0,1,Agri / Farmer / Fisherfolk,Owned (Clean Title),Single,2,8.8,core_stability,defaulted,1,0.6173
SURV-01684,12,6,0.5,0.4977,19310.02,9611.21,0.301,1,0,0.213,0,0,Agri / Farmer / Fisherfolk,Rented (Apartment/House),Widowed,2,10.5,core_stability,defaulted,0,0.6199
SURV-01685,36,3,0.0833,0.1132,38764.96,4386.8,0.896,0,3,0.0,0,0,Employed (Private/Gov),Living with Parents/Relatives,Widowed,1,9.9,onboarding_risk,completed,33,0.7074
SURV-01686,36,24,0.6667,0.0504,46654.94,2352.78,0.968,0,2,0.0,0,0,Public School Teacher,Living with Parents/Relatives,Married,0,5.1,option_window,completed,12,0.7132
SURV-01687,12,5,0.4167,0.852,15059.8,12830.93,0.312,4,0,0.441,1,0,Tricycle / PUV Operator,Living with Parents/Relatives,Widowed,1,4.0,core_stability,defaulted,2,0.5918
SURV-01688,12,12,1.0,0.1798,63733.82,11462.05,0.773,1,3,0.032,0,0,OFW Remittance / Dependent,Living with Parents/Relatives,Married,0,6.2,completion_phase,defaulted,0,0.7979
SURV-01689,24,24,1.0,0.1306,65905.13,8609.82,0.807,1,3,0.034,0,0,OFW Remittance / Dependent,Living with Parents/Relatives,Widowed,1,3.7,completion_phase,completed,0,0.746
SURV-01690,36,28,0.7778,0.1794,32501.61,5831.32,0.228,3,1,0.257,0,0,BPO / Call Center Agent,Rented (Apartment/House),Single,3,3.2,core_stability,defaulted,1,0.6195
SURV-01691,24,12,0.5,0.1706,21195.38,3615.06,0.806,1,3,0.118,0,0,Tricycle / PUV Operator,Owned (Inherited/Tax Dec),Married,1,9.5,option_window,defaulted,1,0.7333
SURV-01692,24,10,0.4167,0.1763,28254.76,4982.56,0.954,0,2,0.0,0,0,OFW Remittance / Dependent,Owned (Clean Title),Married,2,11.8,core_stability,completed,14,0.7198
SURV-01693,24,1,0.0417,0.1,34540.05,3452.9,0.953,0,1,0.0,0,0,Public School Teacher,Owned (Inherited/Tax Dec),Married,1,1.0,onboarding_risk,completed,23,0.774
SURV-01694,24,2,0.0833,0.3201,19532.96,6252.22,0.358,4,0,0.399,0,1,Agri / Farmer / Fisherfolk,Rented (Apartment/House),Married,1,8.3,onboarding_risk,defaulted,3,0.6397
SURV-01695,24,12,0.5,0.1152,37854.41,4360.9,0.608,0,2,0.141,0,0,BPO / Call Center Agent,Living with Parents/Relatives,Married,2,3.0,option_window,defaulted,0,0.6928
SURV-01696,36,23,0.6389,0.2451,27441.18,6726.58,0.63,1,2,0.082,0,0,Employed (Private/Gov),Owned (Inherited/Tax Dec),Single,3,11.5,option_window,defaulted,1,0.6665
SURV-01697,36,7,0.1944,0.1123,18963.76,2129.86,0.637,1,0,0.03,0,0,Tricycle / PUV Operator,Owned (Clean Title),Married,3,7.3,core_stability,defaulted,2,0.6834
SURV-01698,24,3,0.125,0.2904,20245.07,5879.46,0.499,4,0,0.252,1,1,Sari-Sari / Small Retail,Living with Parents/Relatives,Single,3,3.5,onboarding_risk,defaulted,5,0.6354
SURV-01699,36,10,0.2778,0.1434,32152.68,4609.73,0.825,1,3,0.114,0,0,BPO / Call Center Agent,Living with Parents/Relatives,Single,2,7.3,core_stability,defaulted,0,0.6869
SURV-01700,24,1,0.0417,0.1925,19122.38,3680.21,0.263,4,1,0.256,0,0,Tricycle / PUV Operator,Living with Parents/Relatives,Single,4,9.0,onboarding_risk,defaulted,7,0.6249
SURV-01701,12,12,1.0,0.4018,36751.95,14765.71,0.276,4,0,0.247,0,0,OFW Remittance / Dependent,Rented (Apartment/House),Married,3,10.2,completion_phase,defaulted,0,0.6518
SURV-01702,12,10,0.8333,0.2282,26097.04,5956.64,0.595,2,0,0.308,1,1,Tricycle / PUV Operator,Owned (Clean Title),Single,3,5.0,completion_phase,defaulted,0,0.727
SURV-01703,24,15,0.625,0.2311,23797.44,5499.31,0.487,3,0,0.268,0,0,BPO / Call Center Agent,Owned (Clean Title),Married,0,3.6,core_stability,defaulted,0,0.7166
SURV-01704,24,5,0.2083,0.109,59450.38,6480.02,0.909,0,2,0.0,0,0,OFW Remittance / Dependent,Owned (Inherited/Tax Dec),Widowed,2,9.1,core_stability,completed,19,0.7718
SURV-01705,36,4,0.1111,0.103,54032.78,5565.8,0.797,1,2,0.011,0,0,OFW Remittance / Dependent,Rented (Apartment/House),Married,4,11.8,onboarding_risk,completed,32,0.7079
SURV-01706,12,4,0.3333,0.2313,34615.54,8007.81,0.689,0,3,0.046,0,0,Public School Teacher,Owned (Inherited/Tax Dec),Widowed,3,5.7,onboarding_risk,early_settled,6,0.7351
SURV-01707,24,11,0.4583,0.172,21671.23,3727.22,0.728,1,2,0.034,0,0,Tricycle / PUV Operator,Owned (Inherited/Tax Dec),Married,0,8.4,option_window,early_settled,4,0.6512
SURV-01708,36,5,0.1389,0.0767,53031.61,4066.62,0.87,0,5,0.0,0,0,OFW Remittance / Dependent,Living with Parents/Relatives,Single,2,3.9,core_stability,completed,31,0.6763
SURV-01709,24,8,0.3333,0.3869,19675.97,7612.23,0.287,3,0,0.313,1,0,Agri / Farmer / Fisherfolk,Living with Parents/Relatives,Single,1,7.7,core_stability,defaulted,0,0.5747
SURV-01710,12,10,0.8333,0.4504,30441.88,13710.25,0.528,1,0,0.183,1,0,Employed (Private/Gov),Owned (Inherited/Tax Dec),Widowed,2,5.7,completion_phase,defaulted,0,0.7247
SURV-01711,12,1,0.0833,0.133,42053.01,5593.38,0.815,1,0,0.024,0,0,OFW Remittance / Dependent,Rented (Apartment/House),Widowed,3,6.7,onboarding_risk,completed,11,0.7651
SURV-01712,12,8,0.6667,0.1935,45963.01,8895.67,0.826,0,1,0.036,0,0,OFW Remittance / Dependent,Living with Parents/Relatives,Married,1,2.2,core_stability,completed,4,0.7267
SURV-01713,12,6,0.5,0.5295,18073.85,9569.81,0.549,2,0,0.373,0,0,Agri / Farmer / Fisherfolk,Rented (Apartment/House),Widowed,1,1.8,core_stability,defaulted,0,0.6209
SURV-01714,24,23,0.9583,0.3325,22004.16,7316.28,0.512,3,0,0.198,1,0,Agri / Farmer / Fisherfolk,Owned (Inherited/Tax Dec),Married,4,9.0,completion_phase,defaulted,0,0.6163
SURV-01715,12,9,0.75,0.2709,41930.46,11359.7,0.656,1,1,0.079,0,0,Public School Teacher,Rented (Apartment/House),Married,2,12.8,completion_phase,defaulted,0,0.6466
SURV-01716,36,16,0.4444,0.1585,41396.0,6561.39,0.863,0,4,0.0,0,0,Public School Teacher,Owned (Inherited/Tax Dec),Married,2,5.9,option_window,completed,20,0.745
SURV-01717,12,5,0.4167,0.4187,29939.83,12535.77,0.467,1,0,0.253,0,0,BPO / Call Center Agent,Owned (Inherited/Tax Dec),Married,3,8.6,core_stability,defaulted,2,0.6777
SURV-01718,12,11,0.9167,0.3057,15221.52,4653.43,0.484,1,0,0.393,1,0,Agri / Farmer / Fisherfolk,Rented (Apartment/House),Married,0,10.6,completion_phase,defaulted,1,0.6556
SURV-01719,36,4,0.1111,0.1209,59113.28,7149.16,0.869,0,3,0.0,0,0,OFW Remittance / Dependent,Owned (Clean Title),Married,3,6.7,onboarding_risk,completed,32,0.7139
SURV-01720,36,19,0.5278,0.1785,28893.07,5157.64,0.516,3,0,0.327,0,1,Sari-Sari / Small Retail,Living with Parents/Relatives,Married,3,4.5,option_window,defaulted,0,0.6539
SURV-01721,36,3,0.0833,0.2088,27127.64,5663.31,0.673,1,1,0.115,0,0,Sari-Sari / Small Retail,Living with Parents/Relatives,Widowed,1,8.2,onboarding_risk,completed,33,0.6405
SURV-01722,24,23,0.9583,0.1113,30355.74,3379.21,0.993,0,6,0.0,0,0,OFW Remittance / Dependent,Owned (Inherited/Tax Dec),Single,3,11.4,completion_phase,defaulted,0,0.7631
SURV-01723,36,14,0.3889,0.06,54484.84,3269.55,0.94,0,2,0.0,0,0,OFW Remittance / Dependent,Owned (Inherited/Tax Dec),Single,1,7.8,option_window,completed,22,0.7197
SURV-01724,36,33,0.9167,0.2165,31399.33,6799.0,0.859,0,7,0.0,0,0,Public School Teacher,Owned (Clean Title),Married,0,5.8,completion_phase,completed,3,0.7069
SURV-01725,12,1,0.0833,0.6843,22607.16,15471.07,0.619,3,0,0.406,1,0,Sari-Sari / Small Retail,Owned (Clean Title),Married,1,5.0,onboarding_risk,defaulted,6,0.5194
SURV-01726,24,21,0.875,0.2862,18413.64,5270.3,0.418,4,1,0.328,1,0,Tricycle / PUV Operator,Rented (Apartment/House),Widowed,1,4.9,completion_phase,defaulted,0,0.5726
SURV-01727,24,12,0.5,0.1072,43070.98,4618.8,0.958,0,9,0.0,0,0,Public School Teacher,Owned (Inherited/Tax Dec),Widowed,2,24.9,option_window,completed,12,0.8428
SURV-01728,36,13,0.3611,0.3352,22142.25,7421.05,0.41,2,1,0.298,1,0,Sari-Sari / Small Retail,Owned (Inherited/Tax Dec),Married,2,11.2,option_window,defaulted,0,0.6751
SURV-01729,12,5,0.4167,0.3704,22187.95,8217.58,0.243,3,0,0.321,1,0,Sari-Sari / Small Retail,Living with Parents/Relatives,Widowed,1,1.0,core_stability,defaulted,0,0.6615
SURV-01730,24,9,0.375,0.4163,17801.44,7411.57,0.293,2,1,0.191,1,0,Tricycle / PUV Operator,Rented (Apartment/House),Married,2,4.8,core_stability,defaulted,1,0.5712
SURV-01731,24,9,0.375,0.0673,47593.21,3204.08,0.963,0,1,0.0,0,0,OFW Remittance / Dependent,Owned (Clean Title),Widowed,0,9.1,core_stability,completed,15,0.8125
SURV-01732,24,21,0.875,0.3381,25435.72,8599.12,0.247,3,0,0.357,1,0,Tricycle / PUV Operator,Living with Parents/Relatives,Married,4,3.9,completion_phase,defaulted,1,0.5825
SURV-01733,36,29,0.8056,0.2966,17328.96,5140.11,0.389,2,0,0.303,0,0,Tricycle / PUV Operator,Owned (Clean Title),Married,2,3.2,core_stability,defaulted,1,0.5589
SURV-01734,36,7,0.1944,0.0857,35243.31,3020.18,0.76,0,1,0.037,0,0,Employed (Private/Gov),Rented (Apartment/House),Widowed,3,9.4,core_stability,completed,29,0.6828
SURV-01735,24,4,0.1667,0.4145,14515.4,6016.63,0.464,3,1,0.183,1,0,BPO / Call Center Agent,Living with Parents/Relatives,Widowed,1,7.6,onboarding_risk,defaulted,3,0.6223
SURV-01736,24,21,0.875,0.4214,13973.57,5888.98,0.241,1,0,0.411,0,0,Sari-Sari / Small Retail,Owned (Clean Title),Married,1,7.0,completion_phase,defaulted,0,0.5808
SURV-01737,36,3,0.0833,0.0983,32966.09,3242.03,0.927,0,2,0.0,0,0,Employed (Private/Gov),Living with Parents/Relatives,Widowed,2,5.3,onboarding_risk,completed,33,0.7101
SURV-01738,12,5,0.4167,0.3521,31083.1,10944.76,0.479,4,1,0.385,1,0,Sari-Sari / Small Retail,Living with Parents/Relatives,Single,0,4.6,core_stability,defaulted,1,0.6874
SURV-01739,36,4,0.1111,0.2168,27826.17,6032.97,0.806,1,1,0.013,0,0,Employed (Private/Gov),Living with Parents/Relatives,Single,3,8.1,onboarding_risk,completed,32,0.6759
SURV-01740,36,9,0.25,0.2429,20269.38,4924.17,0.326,4,0,0.203,0,0,Tricycle / PUV Operator,Owned (Inherited/Tax Dec),Widowed,2,7.1,core_stability,defaulted,0,0.6522
SURV-01741,24,20,0.8333,0.3074,29588.21,9095.46,0.428,3,0,0.411,0,0,Employed (Private/Gov),Rented (Apartment/House),Single,0,4.7,core_stability,defaulted,0,0.6066
SURV-01742,24,2,0.0833,0.2026,32670.65,6617.83,0.689,0,0,0.023,0,0,Employed (Private/Gov),Owned (Clean Title),Widowed,1,7.8,onboarding_risk,completed,22,0.7597
SURV-01743,24,13,0.5417,0.127,46712.86,5932.95,0.816,1,1,0.144,0,0,Employed (Private/Gov),Rented (Apartment/House),Single,1,3.6,option_window,defaulted,0,0.7489
SURV-01744,36,30,0.8333,0.2924,24407.23,7137.15,0.652,1,3,0.098,0,0,Public School Teacher,Living with Parents/Relatives,Married,2,7.3,core_stability,completed,6,0.6723
SURV-01745,12,12,1.0,0.2139,48139.12,10296.85,0.779,1,2,0.121,0,0,OFW Remittance / Dependent,Owned (Clean Title),Single,2,10.4,completion_phase,defaulted,0,0.7484
SURV-01746,36,5,0.1389,0.1493,23557.2,3517.51,0.817,0,2,0.135,0,0,BPO / Call Center Agent,Living with Parents/Relatives,Single,4,5.1,core_stability,completed,31,0.6981
SURV-01747,12,10,0.8333,0.5746,16617.45,9549.09,0.403,2,0,0.214,1,0,Sari-Sari / Small Retail,Living with Parents/Relatives,Widowed,1,8.7,completion_phase,defaulted,0,0.5998
SURV-01748,36,24,0.6667,0.2815,13331.86,3753.52,0.529,3,0,0.309,0,0,Agri / Farmer / Fisherfolk,Owned (Inherited/Tax Dec),Married,2,3.3,option_window,defaulted,0,0.5817
SURV-01749,12,9,0.75,0.3942,17364.95,6845.21,0.644,1,0,0.275,0,0,Tricycle / PUV Operator,Owned (Clean Title),Married,2,7.6,completion_phase,completed,3,0.634
SURV-01750,12,4,0.3333,0.7463,13905.61,10378.23,0.521,2,0,0.249,0,0,Tricycle / PUV Operator,Owned (Inherited/Tax Dec),Widowed,2,20.6,onboarding_risk,defaulted,1,0.6258
SURV-01751,36,31,0.8611,0.049,50649.79,2482.77,0.999,0,9,0.0,0,0,OFW Remittance / Dependent,Living with Parents/Relatives,Married,2,5.5,core_stability,completed,5,0.8019
SURV-01752,36,9,0.25,0.2806,17039.76,4781.73,0.288,2,1,0.312,0,0,Tricycle / PUV Operator,Living with Parents/Relatives,Single,4,6.8,core_stability,defaulted,1,0.5869
SURV-01753,24,2,0.0833,0.2541,16019.6,4070.96,0.463,1,0,0.351,0,1,Employed (Private/Gov),Owned (Clean Title),Single,2,2.8,onboarding_risk,defaulted,3,0.6787
SURV-01754,36,13,0.3611,0.1854,24044.34,4458.05,0.767,1,3,0.108,0,0,Employed (Private/Gov),Owned (Clean Title),Widowed,3,8.9,option_window,completed,23,0.6793
SURV-01755,24,2,0.0833,0.2953,23744.85,7012.4,0.532,4,1,0.372,0,0,Tricycle / PUV Operator,Living with Parents/Relatives,Married,0,10.8,onboarding_risk,defaulted,2,0.5929
SURV-01756,36,22,0.6111,0.0792,34413.7,2724.21,0.939,0,10,0.0,0,0,Employed (Private/Gov),Owned (Clean Title),Single,3,5.7,option_window,completed,14,0.6774
SURV-01757,24,12,0.5,0.371,18805.03,6975.86,0.643,1,0,0.382,0,0,Agri / Farmer / Fisherfolk,Rented (Apartment/House),Married,1,5.1,option_window,completed,12,0.5492
SURV-01758,36,14,0.3889,0.1962,21681.49,4253.59,0.669,0,1,0.02,1,0,Sari-Sari / Small Retail,Owned (Clean Title),Married,1,6.7,option_window,completed,22,0.6229
SURV-01759,12,12,1.0,0.3763,22415.27,8435.32,0.403,1,0,0.237,1,0,Agri / Farmer / Fisherfolk,Owned (Inherited/Tax Dec),Married,0,6.3,completion_phase,defaulted,0,0.6797
SURV-01760,36,20,0.5556,0.1598,30120.72,4813.33,0.516,3,1,0.26,1,0,Agri / Farmer / Fisherfolk,Rented (Apartment/House),Widowed,2,3.1,option_window,defaulted,1,0.5949
SURV-01761,36,3,0.0833,0.2122,24576.34,5214.24,0.827,1,1,0.09,0,0,BPO / Call Center Agent,Rented (Apartment/House),Single,0,10.3,onboarding_risk,defaulted,0,0.6355
SURV-01762,24,19,0.7917,0.0703,114727.94,8067.18,0.981,0,5,0.0,0,0,OFW Remittance / Dependent,Owned (Clean Title),Widowed,0,8.5,core_stability,early_settled,0,0.751
SURV-01763,36,1,0.0278,0.2264,19275.44,4363.09,0.457,2,0,0.23,0,0,Tricycle / PUV Operator,Living with Parents/Relatives,Married,1,7.2,onboarding_risk,completed,35,0.6119
SURV-01764,36,6,0.1667,0.1472,37797.22,5562.54,0.976,0,5,0.0,0,0,Public School Teacher,Living with Parents/Relatives,Single,2,12.1,core_stability,completed,30,0.6711
SURV-01765,12,1,0.0833,0.084,55636.63,4672.61,0.982,0,1,0.0,0,0,OFW Remittance / Dependent,Owned (Clean Title),Single,0,6.0,onboarding_risk,completed,11,0.8199
SURV-01766,24,1,0.0417,0.1799,32666.45,5876.1,0.279,2,0,0.314,1,0,Sari-Sari / Small Retail,Owned (Clean Title),Single,1,4.9,onboarding_risk,defaulted,4,0.7213
SURV-01767,36,8,0.2222,0.07,53951.8,3776.28,0.887,0,2,0.0,0,0,OFW Remittance / Dependent,Rented (Apartment/House),Married,2,11.6,core_stability,completed,28,0.6962
SURV-01768,24,1,0.0417,0.2222,41169.97,9146.89,0.796,1,2,0.133,0,0,OFW Remittance / Dependent,Owned (Clean Title),Married,1,7.7,onboarding_risk,defaulted,1,0.73
SURV-01769,12,2,0.1667,0.2985,27605.56,8239.89,0.443,4,1,0.334,1,1,Sari-Sari / Small Retail,Owned (Clean Title),Widowed,2,7.5,onboarding_risk,defaulted,3,0.653
SURV-01770,24,3,0.125,0.2337,19539.16,4565.63,0.433,3,0,0.447,0,1,Sari-Sari / Small Retail,Living with Parents/Relatives,Single,0,8.5,onboarding_risk,defaulted,4,0.6381
SURV-01771,12,8,0.6667,0.6248,18311.88,11442.06,0.361,1,0,0.241,0,0,Agri / Farmer / Fisherfolk,Living with Parents/Relatives,Married,3,13.0,core_stability,defaulted,0,0.5839
SURV-01772,24,5,0.2083,0.0588,80981.34,4765.16,0.873,0,5,0.0,0,0,OFW Remittance / Dependent,Rented (Apartment/House),Widowed,0,6.8,core_stability,completed,19,0.7355
SURV-01773,24,24,1.0,0.3855,16161.08,6230.21,0.568,2,1,0.307,1,1,Tricycle / PUV Operator,Rented (Apartment/House),Widowed,0,7.9,completion_phase,defaulted,0,0.5204
SURV-01774,24,22,0.9167,0.1969,25462.0,5013.34,0.661,1,0,0.113,0,0,BPO / Call Center Agent,Owned (Inherited/Tax Dec),Married,0,8.7,completion_phase,completed,2,0.6843
SURV-01775,36,7,0.1944,0.0968,47734.58,4618.52,0.881,0,1,0.0,0,0,OFW Remittance / Dependent,Owned (Clean Title),Widowed,3,7.1,core_stability,completed,29,0.7132
SURV-01776,12,3,0.25,0.3506,26158.3,9171.8,0.613,1,0,0.369,1,0,Agri / Farmer / Fisherfolk,Owned (Clean Title),Married,1,9.5,onboarding_risk,completed,9,0.6322
SURV-01777,36,19,0.5278,0.2637,23795.84,6274.93,0.787,1,2,0.06,0,0,Employed (Private/Gov),Living with Parents/Relatives,Married,0,9.0,option_window,completed,17,0.6399
SURV-01778,12,3,0.25,0.3141,30977.84,9730.68,0.584,3,0,0.357,1,1,BPO / Call Center Agent,Living with Parents/Relatives,Married,1,5.0,onboarding_risk,defaulted,1,0.7353
SURV-01779,24,19,0.7917,0.2091,25761.26,5387.44,0.65,1,0,0.113,0,0,Sari-Sari / Small Retail,Living with Parents/Relatives,Married,2,9.9,core_stability,completed,5,0.6169
SURV-01780,36,20,0.5556,0.0916,58907.63,5396.24,0.763,1,2,0.046,0,0,OFW Remittance / Dependent,Rented (Apartment/House),Single,1,4.8,option_window,defaulted,1,0.7325
SURV-01781,36,34,0.9444,0.1251,22172.13,2774.78,0.629,1,2,0.084,0,0,BPO / Call Center Agent,Living with Parents/Relatives,Married,1,6.4,completion_phase,defaulted,0,0.6846
SURV-01782,36,24,0.6667,0.2084,28582.37,5955.72,0.637,1,0,0.095,0,0,Employed (Private/Gov),Living with Parents/Relatives,Married,0,9.5,option_window,completed,12,0.7063
SURV-01783,36,3,0.0833,0.1078,25041.66,2699.84,0.789,1,2,0.005,0,0,Employed (Private/Gov),Rented (Apartment/House),Married,0,2.9,onboarding_risk,completed,33,0.6901
SURV-01784,36,29,0.8056,0.1965,14042.77,2759.7,0.687,0,1,0.043,0,0,Employed (Private/Gov),Living with Parents/Relatives,Widowed,2,10.8,core_stability,completed,7,0.6892
SURV-01785,24,19,0.7917,0.3382,20172.56,6823.04,0.248,2,0,0.421,1,0,Agri / Farmer / Fisherfolk,Rented (Apartment/House),Married,2,4.1,core_stability,defaulted,1,0.5538
SURV-01786,24,21,0.875,0.1142,35343.6,4035.59,0.876,0,7,0.0,0,0,BPO / Call Center Agent,Owned (Inherited/Tax Dec),Single,2,7.0,completion_phase,completed,3,0.7804
SURV-01787,24,18,0.75,0.2184,12000.0,2620.92,0.348,4,0,0.309,1,0,Tricycle / PUV Operator,Owned (Clean Title),Married,3,21.5,core_stability,defaulted,1,0.6954
SURV-01788,36,24,0.6667,0.2123,29674.33,6300.32,0.688,0,1,0.021,0,0,OFW Remittance / Dependent,Owned (Clean Title),Married,3,6.1,option_window,completed,12,0.6856
SURV-01789,12,8,0.6667,1.0143,15729.73,15954.16,0.576,3,0,0.445,0,0,Sari-Sari / Small Retail,Rented (Apartment/House),Single,2,3.3,core_stability,defaulted,0,0.6008
SURV-01790,12,2,0.1667,0.2417,34000.85,8218.63,0.2,4,0,0.294,1,0,Employed (Private/Gov),Rented (Apartment/House),Widowed,0,5.4,onboarding_risk,defaulted,0,0.6871
SURV-01791,36,3,0.0833,0.3326,18384.3,6114.2,0.346,4,0,0.352,0,0,Tricycle / PUV Operator,Owned (Clean Title),Married,0,5.7,onboarding_risk,defaulted,5,0.6028
SURV-01792,36,10,0.2778,0.1498,25007.95,3745.88,0.408,4,0,0.166,1,0,Agri / Farmer / Fisherfolk,Owned (Clean Title),Married,1,3.6,core_stability,defaulted,0,0.6547
SURV-01793,12,5,0.4167,0.474,25612.31,12139.26,0.62,3,0,0.242,1,0,Agri / Farmer / Fisherfolk,Rented (Apartment/House),Married,1,8.1,core_stability,defaulted,2,0.5879
SURV-01794,24,5,0.2083,0.1722,23082.76,3975.29,0.728,0,2,0.095,0,0,Employed (Private/Gov),Rented (Apartment/House),Married,3,8.3,core_stability,completed,19,0.7132
SURV-01795,24,9,0.375,0.2074,28573.16,5926.34,0.701,0,1,0.029,1,0,Public School Teacher,Rented (Apartment/House),Married,3,6.0,core_stability,completed,15,0.6993
SURV-01796,24,1,0.0417,0.3458,20841.6,7207.88,0.541,3,0,0.308,0,1,Agri / Farmer / Fisherfolk,Owned (Clean Title),Married,3,9.9,onboarding_risk,defaulted,4,0.5765
SURV-01797,36,28,0.7778,0.35,17354.51,6074.26,0.331,4,0,0.389,0,1,Agri / Farmer / Fisherfolk,Living with Parents/Relatives,Married,2,24.4,core_stability,defaulted,0,0.546
SURV-01798,12,10,0.8333,0.6429,21997.0,14141.99,0.383,4,0,0.354,1,0,Agri / Farmer / Fisherfolk,Living with Parents/Relatives,Married,0,13.1,completion_phase,defaulted,0,0.65
SURV-01799,12,1,0.0833,0.3593,44423.05,15960.7,0.358,3,1,0.448,0,0,Public School Teacher,Owned (Inherited/Tax Dec),Widowed,3,12.3,onboarding_risk,defaulted,6,0.7248
SURV-01800,36,8,0.2222,0.0783,37603.89,2943.48,0.893,0,2,0.0,0,0,Public School Teacher,Living with Parents/Relatives,Married,3,8.4,core_stability,defaulted,0,0.7039
SURV-01801,24,3,0.125,0.0815,39669.28,3233.06,0.904,0,2,0.0,0,0,Employed (Private/Gov),Owned (Clean Title),Single,1,11.1,onboarding_risk,completed,21,0.7828
SURV-01802,36,17,0.4722,0.2278,14018.46,3193.12,0.502,1,0,0.324,0,0,Tricycle / PUV Operator,Living with Parents/Relatives,Widowed,4,6.2,option_window,defaulted,1,0.6366
SURV-01803,24,22,0.9167,0.2251,36341.13,8181.43,0.731,1,3,0.057,0,0,Public School Teacher,Owned (Clean Title),Widowed,2,6.5,completion_phase,early_settled,0,0.737
SURV-01804,24,7,0.2917,0.2849,27887.06,7946.0,0.374,2,1,0.408,0,1,Employed (Private/Gov),Living with Parents/Relatives,Widowed,3,2.3,core_stability,defaulted,1,0.5982
SURV-01805,36,8,0.2222,0.1915,29137.9,5580.32,0.756,1,1,0.058,0,0,OFW Remittance / Dependent,Rented (Apartment/House),Single,4,9.8,core_stability,defaulted,0,0.7242
SURV-01806,24,22,0.9167,0.1778,51979.66,9241.31,0.751,0,0,0.141,0,0,OFW Remittance / Dependent,Living with Parents/Relatives,Married,2,3.1,completion_phase,defaulted,1,0.7223
SURV-01807,36,2,0.0556,0.2882,16005.08,4612.16,0.589,4,1,0.41,0,0,BPO / Call Center Agent,Owned (Clean Title),Married,0,4.6,onboarding_risk,defaulted,0,0.6739
SURV-01808,12,3,0.25,0.3259,49634.59,16174.16,0.568,2,0,0.304,0,1,OFW Remittance / Dependent,Living with Parents/Relatives,Married,1,1.0,onboarding_risk,defaulted,2,0.6999
SURV-01809,36,31,0.8611,0.1778,29950.08,5325.52,0.206,2,0,0.439,0,1,Agri / Farmer / Fisherfolk,Owned (Inherited/Tax Dec),Widowed,1,2.4,core_stability,defaulted,0,0.586
SURV-01810,12,6,0.5,0.3186,22466.08,7156.58,0.645,1,0,0.212,0,0,Sari-Sari / Small Retail,Owned (Clean Title),Married,4,6.9,core_stability,completed,6,0.709
SURV-01811,24,22,0.9167,0.1347,24885.21,3351.5,0.219,1,0,0.281,0,0,Sari-Sari / Small Retail,Rented (Apartment/House),Married,1,4.6,completion_phase,defaulted,0,0.6656
SURV-01812,36,28,0.7778,0.1183,37222.39,4405.0,0.618,0,0,0.12,0,0,BPO / Call Center Agent,Owned (Clean Title),Widowed,4,3.1,core_stability,completed,8,0.6943
SURV-01813,24,21,0.875,0.1247,41090.1,5123.02,0.923,0,7,0.0,0,0,Public School Teacher,Owned (Inherited/Tax Dec),Widowed,3,8.5,completion_phase,early_settled,0,0.7913
SURV-01814,24,5,0.2083,0.1187,25443.05,3019.27,0.771,0,3,0.012,1,0,Sari-Sari / Small Retail,Owned (Inherited/Tax Dec),Widowed,1,7.4,core_stability,completed,19,0.747
SURV-01815,36,27,0.75,0.1297,24785.06,3215.65,0.555,4,1,0.286,0,0,Agri / Farmer / Fisherfolk,Living with Parents/Relatives,Married,4,6.8,core_stability,defaulted,1,0.6286
SURV-01816,12,1,0.0833,0.1469,33590.0,4933.91,0.754,0,2,0.096,0,0,Employed (Private/Gov),Rented (Apartment/House),Married,0,7.1,onboarding_risk,defaulted,2,0.6866
SURV-01817,12,7,0.5833,0.1951,24217.87,4724.26,0.511,1,0,0.403,0,0,Tricycle / PUV Operator,Rented (Apartment/House),Married,2,1.9,core_stability,early_settled,5,0.6569
SURV-01818,36,5,0.1389,0.0953,39623.28,3777.44,0.948,0,1,0.0,0,0,OFW Remittance / Dependent,Owned (Inherited/Tax Dec),Single,2,6.0,core_stability,completed,31,0.7519
SURV-01819,12,1,0.0833,0.8796,15086.55,13269.41,0.472,2,0,0.249,1,0,Agri / Farmer / Fisherfolk,Owned (Clean Title),Married,0,13.3,onboarding_risk,defaulted,4,0.6088
SURV-01820,24,16,0.6667,0.1032,40735.15,4205.04,0.973,0,11,0.0,0,0,Public School Teacher,Owned (Clean Title),Single,2,1.6,core_stability,early_settled,0,0.7471
SURV-01821,36,16,0.4444,0.2481,20903.15,5185.7,0.441,4,1,0.21,1,0,Agri / Farmer / Fisherfolk,Living with Parents/Relatives,Married,3,1.1,option_window,defaulted,1,0.5631
SURV-01822,24,7,0.2917,0.0876,73948.22,6479.09,0.946,0,1,0.0,0,0,OFW Remittance / Dependent,Living with Parents/Relatives,Widowed,3,5.7,core_stability,completed,17,0.7259
SURV-01823,12,7,0.5833,0.6041,16344.93,9873.21,0.219,1,0,0.363,0,0,Employed (Private/Gov),Owned (Inherited/Tax Dec),Married,2,10.2,core_stability,defaulted,1,0.6552
SURV-01824,12,8,0.6667,0.4099,22333.04,9153.96,0.355,1,0,0.274,0,1,BPO / Call Center Agent,Living with Parents/Relatives,Married,1,5.6,core_stability,defaulted,1,0.6678
SURV-01825,12,7,0.5833,0.4194,29671.9,12445.38,0.37,4,1,0.399,1,0,Employed (Private/Gov),Rented (Apartment/House),Widowed,2,9.9,core_stability,defaulted,1,0.6906
SURV-01826,12,11,0.9167,0.336,33855.06,11375.39,0.621,1,1,0.405,1,0,Employed (Private/Gov),Living with Parents/Relatives,Married,1,13.2,completion_phase,defaulted,1,0.7569
SURV-01827,36,8,0.2222,0.1179,42817.92,5049.08,0.777,0,0,0.003,0,0,Employed (Private/Gov),Rented (Apartment/House),Married,1,3.5,core_stability,defaulted,1,0.704
SURV-01828,12,4,0.3333,0.2084,46551.75,9700.73,0.713,0,0,0.054,0,0,OFW Remittance / Dependent,Owned (Clean Title),Married,3,4.0,onboarding_risk,completed,8,0.7532
SURV-01829,24,13,0.5417,0.3169,22659.49,7179.87,0.209,1,0,0.27,1,0,BPO / Call Center Agent,Owned (Inherited/Tax Dec),Widowed,3,5.1,option_window,defaulted,1,0.6008
SURV-01830,36,18,0.5,0.1369,41873.98,5731.73,0.601,1,3,0.133,0,0,BPO / Call Center Agent,Living with Parents/Relatives,Widowed,3,15.3,option_window,completed,18,0.6719
SURV-01831,24,23,0.9583,0.2909,23774.23,6916.98,0.63,0,2,0.046,0,0,BPO / Call Center Agent,Owned (Clean Title),Single,2,8.5,completion_phase,defaulted,0,0.6634
SURV-01832,36,35,0.9722,0.2118,16555.0,3506.78,0.437,1,0,0.448,0,1,Agri / Farmer / Fisherfolk,Owned (Inherited/Tax Dec),Married,2,21.4,completion_phase,defaulted,1,0.6611
SURV-01833,12,10,0.8333,0.4922,30815.4,15168.22,0.322,4,1,0.315,0,1,BPO / Call Center Agent,Rented (Apartment/House),Married,1,4.9,completion_phase,defaulted,1,0.5763
SURV-01834,24,19,0.7917,0.2725,29418.41,8015.06,0.781,1,0,0.052,0,0,Public School Teacher,Owned (Clean Title),Single,0,8.2,core_stability,defaulted,1,0.7388
SURV-01835,36,1,0.0278,0.0594,48633.62,2889.57,0.863,0,1,0.0,0,0,Employed (Private/Gov),Living with Parents/Relatives,Single,2,1.8,onboarding_risk,completed,35,0.6791
SURV-01836,24,4,0.1667,0.2619,16841.15,4411.4,0.547,1,0,0.287,0,0,Agri / Farmer / Fisherfolk,Owned (Inherited/Tax Dec),Single,2,7.2,onboarding_risk,defaulted,4,0.6441
SURV-01837,36,13,0.3611,0.0526,49188.77,2589.33,0.907,0,4,0.0,0,0,OFW Remittance / Dependent,Owned (Inherited/Tax Dec),Married,3,8.7,option_window,completed,23,0.7714
SURV-01838,12,3,0.25,0.3737,34041.2,12722.6,0.516,4,0,0.206,0,0,Sari-Sari / Small Retail,Living with Parents/Relatives,Single,2,3.1,onboarding_risk,defaulted,1,0.5548
SURV-01839,24,4,0.1667,0.1243,34006.17,4228.22,0.705,1,1,0.074,0,0,Sari-Sari / Small Retail,Rented (Apartment/House),Widowed,1,9.0,onboarding_risk,defaulted,3,0.7235
SURV-01840,24,7,0.2917,0.1112,25290.65,2812.55,0.977,0,2,0.0,0,0,BPO / Call Center Agent,Living with Parents/Relatives,Married,2,9.5,core_stability,completed,17,0.7363
SURV-01841,36,20,0.5556,0.0855,35858.45,3066.74,0.994,0,11,0.0,0,0,Public School Teacher,Living with Parents/Relatives,Married,2,4.9,option_window,completed,16,0.7253
SURV-01842,12,2,0.1667,0.3157,33445.18,10557.33,0.354,3,0,0.42,1,0,BPO / Call Center Agent,Owned (Clean Title),Married,3,7.3,onboarding_risk,defaulted,5,0.7638
SURV-01843,36,16,0.4444,0.364,15206.74,5534.69,0.253,4,0,0.345,0,0,Sari-Sari / Small Retail,Owned (Inherited/Tax Dec),Widowed,3,5.8,option_window,defaulted,1,0.627
SURV-01844,24,13,0.5417,0.1792,50391.3,9032.51,0.753,0,3,0.018,1,0,OFW Remittance / Dependent,Owned (Inherited/Tax Dec),Married,0,4.7,option_window,completed,11,0.7322
SURV-01845,36,9,0.25,0.2278,18230.07,4153.26,0.388,3,0,0.343,0,0,Agri / Farmer / Fisherfolk,Rented (Apartment/House),Married,1,7.1,core_stability,defaulted,0,0.5528
SURV-01846,36,31,0.8611,0.0984,43106.28,4243.58,0.66,1,0,0.0,0,0,OFW Remittance / Dependent,Living with Parents/Relatives,Married,1,3.3,core_stability,completed,5,0.6548
SURV-01847,36,29,0.8056,0.2173,20468.43,4446.96,0.536,1,1,0.264,1,0,Sari-Sari / Small Retail,Living with Parents/Relatives,Widowed,4,16.5,core_stability,defaulted,1,0.6552
SURV-01848,36,17,0.4722,0.1326,38495.26,5102.65,0.727,0,3,0.138,0,0,OFW Remittance / Dependent,Owned (Inherited/Tax Dec),Married,1,1.9,option_window,defaulted,0,0.7096
SURV-01849,36,12,0.3333,0.2174,16813.85,3654.77,0.431,1,0,0.369,0,0,Tricycle / PUV Operator,Owned (Clean Title),Married,3,4.8,option_window,defaulted,0,0.5912
SURV-01850,12,12,1.0,0.4298,29262.58,12578.04,0.535,4,1,0.382,1,0,BPO / Call Center Agent,Owned (Clean Title),Single,1,6.9,completion_phase,defaulted,0,0.6438
SURV-01851,12,5,0.4167,0.2045,46553.5,9522.1,0.755,0,2,0.006,0,0,Employed (Private/Gov),Owned (Clean Title),Married,1,1.7,core_stability,completed,7,0.7072
SURV-01852,12,11,0.9167,1.1903,12000.0,14284.01,0.526,2,0,0.352,1,0,Agri / Farmer / Fisherfolk,Living with Parents/Relatives,Single,2,13.2,completion_phase,defaulted,1,0.5674
SURV-01853,36,4,0.1111,0.0611,51482.23,3144.23,0.857,0,3,0.0,0,0,OFW Remittance / Dependent,Owned (Clean Title),Widowed,2,8.6,onboarding_risk,completed,32,0.7595
SURV-01854,24,8,0.3333,0.3237,17872.24,5785.43,0.615,3,0,0.232,1,1,Sari-Sari / Small Retail,Rented (Apartment/House),Married,3,4.3,core_stability,defaulted,0,0.5459
SURV-01855,12,8,0.6667,0.2892,34062.95,9852.35,0.226,2,0,0.2,1,1,BPO / Call Center Agent,Rented (Apartment/House),Married,2,13.1,core_stability,defaulted,0,0.6549
SURV-01856,12,1,0.0833,0.2488,50648.54,12603.07,0.679,0,0,0.045,0,0,OFW Remittance / Dependent,Rented (Apartment/House),Married,1,9.8,onboarding_risk,completed,11,0.6849
SURV-01857,12,11,0.9167,0.1096,65668.66,7199.99,0.748,1,3,0.028,0,0,OFW Remittance / Dependent,Rented (Apartment/House),Single,1,3.6,completion_phase,completed,1,0.7655
SURV-01858,12,7,0.5833,0.3147,46715.38,14703.08,0.38,3,0,0.219,0,0,Public School Teacher,Rented (Apartment/House),Married,3,13.4,core_stability,defaulted,1,0.7063
SURV-01859,12,3,0.25,0.2988,26610.34,7949.97,0.281,3,0,0.318,1,0,Employed (Private/Gov),Owned (Inherited/Tax Dec),Married,3,15.1,onboarding_risk,defaulted,0,0.6619
SURV-01860,36,30,0.8333,0.2723,24606.97,6700.4,0.685,0,1,0.021,0,0,Employed (Private/Gov),Living with Parents/Relatives,Married,1,5.0,core_stability,defaulted,1,0.6478
SURV-01861,24,7,0.2917,0.3811,21018.24,8009.37,0.305,1,1,0.425,1,0,Employed (Private/Gov),Living with Parents/Relatives,Married,1,11.6,core_stability,defaulted,0,0.6322
SURV-01862,12,3,0.25,0.2869,21355.0,6126.72,0.499,4,0,0.248,1,0,BPO / Call Center Agent,Rented (Apartment/House),Married,2,8.0,onboarding_risk,defaulted,0,0.7362
SURV-01863,12,11,0.9167,0.2936,27254.67,8002.78,0.509,1,0,0.41,0,1,Sari-Sari / Small Retail,Rented (Apartment/House),Married,0,10.0,completion_phase,completed,1,0.6555
SURV-01864,24,21,0.875,0.2098,42690.54,8957.14,0.622,1,2,0.0,0,0,OFW Remittance / Dependent,Rented (Apartment/House),Single,2,11.8,completion_phase,completed,3,0.7217
SURV-01865,36,18,0.5,0.1913,26456.24,5061.34,0.768,1,0,0.102,0,0,Employed (Private/Gov),Living with Parents/Relatives,Single,1,1.5,option_window,completed,18,0.6237
SURV-01866,12,12,1.0,0.1171,52779.05,6182.82,0.877,0,12,0.0,0,0,OFW Remittance / Dependent,Living with Parents/Relatives,Married,2,21.4,completion_phase,completed,0,0.7793
SURV-01867,12,6,0.5,0.1842,34199.2,6298.37,0.666,1,2,0.14,1,0,BPO / Call Center Agent,Rented (Apartment/House),Married,1,9.9,core_stability,completed,6,0.7183
SURV-01868,24,4,0.1667,0.1064,46093.95,4902.78,0.96,0,3,0.0,0,0,OFW Remittance / Dependent,Living with Parents/Relatives,Married,1,16.9,onboarding_risk,completed,20,0.7809
SURV-01869,12,7,0.5833,0.1954,40032.87,7821.3,0.644,1,1,0.038,0,0,Public School Teacher,Rented (Apartment/House),Married,4,5.1,core_stability,completed,5,0.7733
SURV-01870,36,25,0.6944,0.1306,36671.18,4789.98,0.914,0,10,0.0,0,0,OFW Remittance / Dependent,Owned (Inherited/Tax Dec),Single,2,19.0,option_window,completed,11,0.7312
SURV-01871,36,9,0.25,0.1018,25308.51,2575.53,0.615,0,0,0.036,0,0,Tricycle / PUV Operator,Rented (Apartment/House),Single,2,20.5,core_stability,completed,27,0.6593
SURV-01872,12,7,0.5833,0.2708,40585.11,10989.99,0.542,2,0,0.337,0,1,Public School Teacher,Owned (Clean Title),Single,3,2.8,core_stability,defaulted,0,0.7927
SURV-01873,12,10,0.8333,0.8336,12000.0,10003.42,0.365,1,1,0.433,1,1,Tricycle / PUV Operator,Living with Parents/Relatives,Married,2,8.2,completion_phase,defaulted,1,0.5576
SURV-01874,24,20,0.8333,0.239,20816.48,4974.77,0.528,3,0,0.255,0,0,Tricycle / PUV Operator,Owned (Inherited/Tax Dec),Married,4,11.3,core_stability,defaulted,0,0.6498
SURV-01875,24,10,0.4167,0.2163,36992.3,8002.8,0.6,0,1,0.142,1,0,BPO / Call Center Agent,Owned (Clean Title),Single,1,3.1,core_stability,completed,14,0.7454
SURV-01876,36,21,0.5833,0.1029,57278.68,5892.04,0.936,0,11,0.0,0,0,OFW Remittance / Dependent,Owned (Clean Title),Single,1,2.3,option_window,early_settled,5,0.6742
SURV-01877,24,17,0.7083,0.1219,25057.68,3054.27,0.636,0,3,0.124,0,0,Tricycle / PUV Operator,Owned (Inherited/Tax Dec),Single,2,6.4,core_stability,defaulted,1,0.6853
SURV-01878,36,3,0.0833,0.0775,39514.77,3061.18,0.934,0,1,0.0,0,0,Public School Teacher,Living with Parents/Relatives,Married,2,9.0,onboarding_risk,completed,33,0.7492
SURV-01879,36,31,0.8611,0.1814,19992.52,3627.08,0.301,1,1,0.407,1,0,Agri / Farmer / Fisherfolk,Owned (Inherited/Tax Dec),Widowed,0,9.7,core_stability,defaulted,1,0.6813
SURV-01880,24,18,0.75,0.6123,14891.94,9118.2,0.451,3,0,0.336,0,1,Agri / Farmer / Fisherfolk,Rented (Apartment/House),Single,2,12.5,core_stability,defaulted,0,0.5678
SURV-01881,24,22,0.9167,0.2559,33398.07,8545.02,0.811,0,3,0.053,0,0,BPO / Call Center Agent,Owned (Inherited/Tax Dec),Widowed,3,9.6,completion_phase,completed,2,0.715
SURV-01882,12,9,0.75,0.6758,23433.8,15835.43,0.57,2,0,0.417,0,0,Sari-Sari / Small Retail,Rented (Apartment/House),Married,0,13.4,completion_phase,defaulted,0,0.5839
SURV-01883,24,16,0.6667,0.3692,23701.08,8751.41,0.591,4,0,0.301,0,0,Sari-Sari / Small Retail,Owned (Inherited/Tax Dec),Single,1,6.5,core_stability,defaulted,0,0.6386
SURV-01884,12,2,0.1667,0.2348,26582.28,6242.05,0.25,2,0,0.37,0,1,Tricycle / PUV Operator,Rented (Apartment/House),Single,0,4.1,onboarding_risk,defaulted,4,0.5953
SURV-01885,12,1,0.0833,0.5646,26552.59,14990.62,0.323,2,0,0.416,0,0,Sari-Sari / Small Retail,Owned (Inherited/Tax Dec),Widowed,2,4.4,onboarding_risk,defaulted,3,0.6041
SURV-01886,36,1,0.0278,0.4475,12981.18,5808.96,0.444,2,0,0.303,0,0,Agri / Farmer / Fisherfolk,Rented (Apartment/House),Married,3,7.7,onboarding_risk,defaulted,2,0.4995
SURV-01887,36,34,0.9444,0.179,24576.23,4398.08,0.632,1,3,0.018,1,0,Employed (Private/Gov),Owned (Clean Title),Married,1,9.3,completion_phase,completed,2,0.7285
SURV-01888,24,5,0.2083,0.0979,31872.17,3119.01,0.956,0,3,0.0,0,0,BPO / Call Center Agent,Owned (Clean Title),Single,1,8.4,core_stability,completed,19,0.7662
SURV-01889,12,8,0.6667,0.749,14641.67,10967.29,0.204,4,0,0.245,0,1,Agri / Farmer / Fisherfolk,Owned (Clean Title),Married,2,5.1,core_stability,defaulted,0,0.6127
SURV-01890,36,34,0.9444,0.1642,16022.25,2630.63,0.351,4,0,0.27,1,1,Agri / Farmer / Fisherfolk,Rented (Apartment/House),Widowed,2,8.8,completion_phase,defaulted,0,0.6128
SURV-01891,36,4,0.1111,0.3047,18064.91,5504.84,0.362,2,1,0.447,0,0,Employed (Private/Gov),Owned (Inherited/Tax Dec),Married,2,3.8,onboarding_risk,defaulted,1,0.6432
SURV-01892,36,14,0.3889,0.0629,40309.53,2536.89,0.923,0,6,0.0,0,0,OFW Remittance / Dependent,Owned (Clean Title),Married,1,14.7,option_window,early_settled,3,0.7442
SURV-01893,12,9,0.75,0.1895,37214.47,7050.63,0.65,0,0,0.038,0,0,Public School Teacher,Owned (Clean Title),Widowed,3,22.4,completion_phase,defaulted,1,0.7861
SURV-01894,12,12,1.0,0.3001,40532.49,12164.02,0.696,1,3,0.112,0,0,Employed (Private/Gov),Owned (Clean Title),Single,2,11.5,completion_phase,defaulted,0,0.7901
SURV-01895,24,22,0.9167,0.3014,16647.33,5017.33,0.529,1,1,0.154,0,0,Employed (Private/Gov),Rented (Apartment/House),Married,0,4.1,completion_phase,defaulted,1,0.6289
SURV-01896,36,6,0.1667,0.1052,27952.5,2941.82,0.893,0,6,0.0,0,0,Sari-Sari / Small Retail,Owned (Inherited/Tax Dec),Married,1,11.6,core_stability,completed,30,0.7245
SURV-01897,36,15,0.4167,0.0938,60735.42,5698.02,0.9,0,4,0.0,0,0,OFW Remittance / Dependent,Owned (Clean Title),Married,0,2.1,option_window,completed,21,0.7327
SURV-01898,36,10,0.2778,0.2496,21981.9,5486.6,0.279,3,1,0.208,0,1,Tricycle / PUV Operator,Owned (Inherited/Tax Dec),Married,0,1.2,core_stability,defaulted,0,0.5924
SURV-01899,36,17,0.4722,0.3549,16328.28,5795.27,0.461,2,0,0.313,0,0,Agri / Farmer / Fisherfolk,Owned (Inherited/Tax Dec),Married,2,2.8,option_window,defaulted,0,0.5023
SURV-01900,24,12,0.5,0.0969,70720.67,6851.46,0.947,0,8,0.0,0,0,OFW Remittance / Dependent,Owned (Inherited/Tax Dec),Married,2,9.0,option_window,completed,12,0.7605
SURV-01901,12,8,0.6667,0.424,17500.54,7419.58,0.511,4,0,0.156,0,0,Agri / Farmer / Fisherfolk,Owned (Clean Title),Single,2,8.1,core_stability,defaulted,1,0.6466
SURV-01902,36,29,0.8056,0.216,22800.12,4925.16,0.832,0,1,0.034,0,0,Sari-Sari / Small Retail,Owned (Clean Title),Single,1,5.9,core_stability,completed,7,0.6186
SURV-01903,36,3,0.0833,0.4193,14928.26,6258.8,0.605,1,0,0.333,1,0,Agri / Farmer / Fisherfolk,Living with Parents/Relatives,Widowed,2,7.9,onboarding_risk,completed,33,0.5512
SURV-01904,36,18,0.5,0.1906,24354.24,4641.78,0.557,3,0,0.179,1,0,Agri / Farmer / Fisherfolk,Living with Parents/Relatives,Single,0,3.5,option_window,early_settled,5,0.6394
SURV-01905,12,1,0.0833,1.0878,12000.0,13053.55,0.238,3,0,0.154,0,1,Agri / Farmer / Fisherfolk,Owned (Clean Title),Married,0,2.6,onboarding_risk,defaulted,4,0.5664
SURV-01906,12,5,0.4167,0.2517,52675.2,13259.03,0.527,2,0,0.385,0,0,Public School Teacher,Rented (Apartment/House),Married,4,9.5,core_stability,defaulted,0,0.7108
SURV-01907,12,6,0.5,0.3709,18830.3,6984.65,0.624,1,1,0.397,0,0,Tricycle / PUV Operator,Rented (Apartment/House),Married,1,10.2,core_stability,early_settled,5,0.645
SURV-01908,36,25,0.6944,0.1676,33316.55,5584.63,0.774,1,0,0.052,1,0,Public School Teacher,Rented (Apartment/House),Single,2,7.9,option_window,completed,11,0.6999
SURV-01909,36,13,0.3611,0.0894,74781.81,6688.6,0.956,0,2,0.0,0,0,OFW Remittance / Dependent,Living with Parents/Relatives,Married,0,10.3,option_window,early_settled,8,0.6701
SURV-01910,36,17,0.4722,0.1339,36495.7,4886.28,0.81,1,1,0.108,0,0,Employed (Private/Gov),Rented (Apartment/House),Single,1,19.6,option_window,completed,19,0.6524
SURV-01911,12,3,0.25,0.3451,37236.9,12850.53,0.484,3,1,0.246,0,1,Employed (Private/Gov),Rented (Apartment/House),Single,2,8.7,onboarding_risk,defaulted,4,0.671
SURV-01912,12,7,0.5833,0.6908,17136.48,11838.27,0.528,2,0,0.174,0,0,Sari-Sari / Small Retail,Living with Parents/Relatives,Single,3,4.5,core_stability,defaulted,0,0.6121
SURV-01913,36,4,0.1111,0.1429,29400.15,4200.44,0.705,0,0,0.092,0,0,BPO / Call Center Agent,Rented (Apartment/House),Married,1,12.7,onboarding_risk,defaulted,3,0.6791
SURV-01914,24,9,0.375,0.1146,48599.58,5569.33,0.914,0,3,0.0,0,0,OFW Remittance / Dependent,Living with Parents/Relatives,Married,0,7.0,core_stability,completed,15,0.7309
SURV-01915,12,12,1.0,0.3661,30119.35,11027.68,0.229,1,1,0.327,1,0,BPO / Call Center Agent,Owned (Clean Title),Single,1,7.7,completion_phase,defaulted,0,0.7029
SURV-01916,12,6,0.5,0.1906,34307.96,6539.45,0.675,0,2,0.122,0,0,BPO / Call Center Agent,Owned (Inherited/Tax Dec),Married,1,9.8,core_stability,completed,6,0.8162
SURV-01917,36,31,0.8611,0.1861,21931.75,4082.0,0.425,1,1,0.237,1,0,Agri / Farmer / Fisherfolk,Owned (Clean Title),Married,0,10.1,core_stability,defaulted,1,0.6967
SURV-01918,24,22,0.9167,0.2485,21818.21,5421.58,0.357,4,0,0.238,1,0,Tricycle / PUV Operator,Owned (Clean Title),Married,2,5.4,completion_phase,defaulted,1,0.6353
SURV-01919,36,23,0.6389,0.1693,18725.78,3169.41,0.681,1,0,0.096,0,0,Tricycle / PUV Operator,Owned (Clean Title),Single,1,9.8,option_window,defaulted,0,0.6555
SURV-01920,36,8,0.2222,0.095,31540.82,2996.25,0.733,1,0,0.145,0,0,BPO / Call Center Agent,Rented (Apartment/House),Married,2,6.6,core_stability,defaulted,0,0.7458
SURV-01921,36,4,0.1111,0.1143,35580.82,4067.75,0.737,0,0,0.005,0,0,Sari-Sari / Small Retail,Rented (Apartment/House),Married,0,8.4,onboarding_risk,completed,32,0.6578
SURV-01922,12,10,0.8333,0.3495,17469.5,6105.42,0.536,4,1,0.433,0,0,BPO / Call Center Agent,Rented (Apartment/House),Married,0,12.8,completion_phase,defaulted,1,0.6495
SURV-01923,12,4,0.3333,0.2995,30495.11,9133.38,0.713,1,0,0.028,0,0,BPO / Call Center Agent,Owned (Clean Title),Married,2,9.5,onboarding_risk,defaulted,2,0.7413
SURV-01924,36,32,0.8889,0.1713,24420.63,4182.22,0.3,4,0,0.38,0,0,Sari-Sari / Small Retail,Living with Parents/Relatives,Widowed,1,3.2,core_stability,defaulted,1,0.6441
SURV-01925,12,9,0.75,0.2051,34030.51,6978.02,0.741,1,3,0.096,0,0,BPO / Call Center Agent,Living with Parents/Relatives,Single,2,11.8,completion_phase,completed,3,0.6753
SURV-01926,24,15,0.625,0.0915,36335.98,3325.49,0.878,0,6,0.0,0,0,OFW Remittance / Dependent,Owned (Clean Title),Widowed,2,5.5,core_stability,completed,9,0.8211
SURV-01927,24,15,0.625,0.2052,30651.57,6289.05,0.746,0,3,0.149,0,0,Public School Teacher,Owned (Inherited/Tax Dec),Married,4,6.6,core_stability,defaulted,0,0.6792
SURV-01928,36,17,0.4722,0.0539,57374.76,3094.42,0.891,0,9,0.0,0,0,OFW Remittance / Dependent,Owned (Clean Title),Married,3,10.3,option_window,completed,19,0.7702
SURV-01929,24,17,0.7083,0.1391,39327.06,5471.77,0.642,0,3,0.004,0,0,Public School Teacher,Rented (Apartment/House),Widowed,2,1.5,core_stability,completed,7,0.7113
SURV-01930,36,29,0.8056,0.2975,17973.32,5347.92,0.38,4,0,0.296,1,0,Agri / Farmer / Fisherfolk,Living with Parents/Relatives,Married,2,12.0,core_stability,defaulted,0,0.628
SURV-01931,36,24,0.6667,0.2342,25280.01,5919.39,0.708,1,1,0.092,1,0,BPO / Call Center Agent,Owned (Clean Title),Single,3,8.6,option_window,completed,12,0.6501
SURV-01932,12,1,0.0833,0.1098,59606.32,6546.18,0.629,1,1,0.064,0,0,OFW Remittance / Dependent,Rented (Apartment/House),Widowed,3,3.8,onboarding_risk,completed,11,0.77
SURV-01933,36,20,0.5556,0.155,24538.02,3803.78,0.411,4,1,0.254,1,0,Tricycle / PUV Operator,Living with Parents/Relatives,Married,1,3.6,option_window,completed,16,0.6774
SURV-01934,12,5,0.4167,0.4875,26183.98,12763.87,0.4,4,0,0.209,1,0,Employed (Private/Gov),Owned (Inherited/Tax Dec),Widowed,1,4.2,core_stability,defaulted,1,0.7076
SURV-01935,12,10,0.8333,0.1574,65508.64,10309.66,0.816,1,1,0.013,0,0,OFW Remittance / Dependent,Owned (Clean Title),Married,3,2.9,completion_phase,defaulted,1,0.7699
SURV-01936,36,4,0.1111,0.2915,16194.55,4720.77,0.4,3,0,0.241,0,0,Tricycle / PUV Operator,Living with Parents/Relatives,Married,1,10.0,onboarding_risk,completed,32,0.5991
SURV-01937,24,14,0.5833,0.179,36677.49,6564.13,0.977,0,10,0.0,0,0,Public School Teacher,Owned (Clean Title),Married,2,8.8,core_stability,completed,10,0.7829
SURV-01938,12,7,0.5833,0.3358,32272.9,10838.22,0.459,2,0,0.364,0,0,Employed (Private/Gov),Owned (Clean Title),Married,2,4.7,core_stability,defaulted,0,0.7164
SURV-01939,36,35,0.9722,0.0758,78936.22,5984.46,0.852,0,3,0.0,0,0,OFW Remittance / Dependent,Rented (Apartment/House),Widowed,1,10.0,completion_phase,completed,1,0.774
SURV-01940,24,6,0.25,0.1432,37369.0,5350.35,0.648,0,1,0.112,0,0,OFW Remittance / Dependent,Owned (Clean Title),Single,0,3.0,core_stability,completed,18,0.7462
SURV-01941,12,12,1.0,0.5293,25932.87,13725.54,0.572,4,1,0.231,0,0,Sari-Sari / Small Retail,Living with Parents/Relatives,Single,0,13.2,completion_phase,defaulted,0,0.6161
SURV-01942,36,20,0.5556,0.1597,25131.9,4013.33,0.521,4,1,0.416,1,0,Sari-Sari / Small Retail,Rented (Apartment/House),Married,0,3.9,option_window,defaulted,0,0.6121
SURV-01943,12,12,1.0,0.7769,18517.97,14386.9,0.494,2,0,0.216,1,0,Tricycle / PUV Operator,Owned (Inherited/Tax Dec),Single,0,18.4,completion_phase,completed,0,0.5786
SURV-01944,36,29,0.8056,0.2671,23429.51,6257.04,0.467,4,0,0.19,0,0,Employed (Private/Gov),Rented (Apartment/House),Married,3,16.1,core_stability,defaulted,0,0.6141
SURV-01945,36,25,0.6944,0.0981,28382.12,2783.84,0.892,0,2,0.0,0,0,Public School Teacher,Living with Parents/Relatives,Married,1,6.5,option_window,completed,11,0.7471
SURV-01946,12,9,0.75,0.2555,41220.62,10532.5,0.677,0,2,0.082,0,0,Employed (Private/Gov),Owned (Inherited/Tax Dec),Widowed,0,7.0,completion_phase,completed,3,0.7497
SURV-01947,12,3,0.25,0.3891,33892.94,13186.59,0.289,3,1,0.187,1,0,Employed (Private/Gov),Living with Parents/Relatives,Married,1,6.9,onboarding_risk,defaulted,2,0.6641
SURV-01948,12,4,0.3333,0.2821,21691.58,6118.83,0.552,4,0,0.361,0,0,Tricycle / PUV Operator,Owned (Clean Title),Single,1,11.3,onboarding_risk,defaulted,3,0.7219
SURV-01949,12,10,0.8333,0.2172,43516.54,9452.65,0.769,0,1,0.133,0,0,OFW Remittance / Dependent,Rented (Apartment/House),Widowed,1,7.5,completion_phase,completed,2,0.6871
SURV-01950,12,6,0.5,0.7518,16115.43,12115.94,0.584,2,0,0.445,0,0,Employed (Private/Gov),Living with Parents/Relatives,Married,2,3.4,core_stability,completed,6,0.5745
SURV-01951,12,2,0.1667,0.6007,25010.93,15024.52,0.597,3,0,0.214,1,0,Tricycle / PUV Operator,Owned (Inherited/Tax Dec),Single,0,4.9,onboarding_risk,completed,10,0.6156
SURV-01952,24,19,0.7917,0.7854,12000.0,9424.55,0.378,1,1,0.313,0,0,Agri / Farmer / Fisherfolk,Rented (Apartment/House),Single,1,1.9,core_stability,defaulted,1,0.565
SURV-01953,12,12,1.0,0.6749,20908.36,14111.1,0.552,2,0,0.295,1,0,Tricycle / PUV Operator,Owned (Clean Title),Married,4,6.5,completion_phase,defaulted,0,0.5765
SURV-01954,12,10,0.8333,0.3969,14315.96,5682.49,0.55,1,0,0.303,1,0,Agri / Farmer / Fisherfolk,Owned (Inherited/Tax Dec),Single,3,5.5,completion_phase,defaulted,0,0.5872
SURV-01955,24,12,0.5,0.1783,25755.01,4591.67,0.611,2,0,0.358,0,0,Tricycle / PUV Operator,Living with Parents/Relatives,Married,2,2.5,option_window,defaulted,0,0.6493
SURV-01956,24,5,0.2083,0.1455,42103.61,6127.4,0.997,0,5,0.0,0,0,Public School Teacher,Owned (Clean Title),Widowed,2,5.8,core_stability,completed,19,0.7435
SURV-01957,24,18,0.75,0.1885,23883.19,4502.69,0.664,1,3,0.048,0,0,Employed (Private/Gov),Owned (Inherited/Tax Dec),Single,0,8.5,core_stability,completed,6,0.7511
SURV-01958,24,17,0.7083,0.3414,16775.97,5726.73,0.295,1,1,0.204,0,0,Agri / Farmer / Fisherfolk,Living with Parents/Relatives,Married,1,3.3,core_stability,defaulted,1,0.5645
SURV-01959,12,6,0.5,0.5517,24419.66,13471.68,0.252,2,0,0.258,0,1,Employed (Private/Gov),Owned (Inherited/Tax Dec),Single,0,29.4,core_stability,defaulted,1,0.6311
SURV-01960,36,3,0.0833,0.1964,22224.57,4365.81,0.344,1,0,0.194,0,1,Tricycle / PUV Operator,Living with Parents/Relatives,Married,1,2.5,onboarding_risk,defaulted,4,0.6192
SURV-01961,36,24,0.6667,0.2034,20299.89,4129.77,0.817,1,0,0.016,0,0,Sari-Sari / Small Retail,Living with Parents/Relatives,Single,2,10.8,option_window,completed,12,0.6887
SURV-01962,12,3,0.25,0.3349,36152.53,12106.9,0.728,0,2,0.035,0,0,Public School Teacher,Owned (Inherited/Tax Dec),Widowed,2,8.8,onboarding_risk,defaulted,4,0.8013
SURV-01963,24,12,0.5,0.2431,16212.6,3941.03,0.522,4,1,0.153,0,0,Agri / Farmer / Fisherfolk,Owned (Clean Title),Married,2,6.2,option_window,defaulted,0,0.6522
SURV-01964,24,9,0.375,0.0616,44016.65,2710.43,0.745,1,2,0.064,0,0,BPO / Call Center Agent,Rented (Apartment/House),Single,1,4.4,core_stability,completed,15,0.7201
SURV-01965,24,18,0.75,0.242,28017.09,6779.2,0.844,1,3,0.148,0,0,BPO / Call Center Agent,Owned (Clean Title),Married,1,5.0,core_stability,defaulted,0,0.7314
SURV-01966,24,24,1.0,0.204,25591.4,5219.93,0.637,0,2,0.135,0,0,Employed (Private/Gov),Owned (Inherited/Tax Dec),Married,4,3.4,completion_phase,completed,0,0.6761
SURV-01967,24,23,0.9583,0.2973,23336.21,6938.2,0.403,1,1,0.197,1,0,Sari-Sari / Small Retail,Owned (Clean Title),Single,1,13.5,completion_phase,defaulted,0,0.6815
SURV-01968,36,4,0.1111,0.2377,24546.44,5835.47,0.441,2,0,0.303,0,0,BPO / Call Center Agent,Owned (Clean Title),Widowed,2,3.9,onboarding_risk,completed,32,0.6301
SURV-01969,36,10,0.2778,0.1269,28356.42,3598.76,0.603,0,3,0.079,0,0,Sari-Sari / Small Retail,Owned (Clean Title),Married,1,6.7,core_stability,completed,26,0.7233
SURV-01970,24,12,0.5,0.2046,30893.62,6320.28,0.619,1,0,0.254,0,0,Sari-Sari / Small Retail,Living with Parents/Relatives,Widowed,1,4.9,option_window,completed,12,0.6745
SURV-01971,24,17,0.7083,0.0762,40099.73,3054.3,0.865,0,11,0.0,0,0,Public School Teacher,Rented (Apartment/House),Married,1,9.5,core_stability,completed,7,0.7369
SURV-01972,12,7,0.5833,0.251,22161.26,5562.71,0.813,0,2,0.068,0,0,OFW Remittance / Dependent,Owned (Clean Title),Married,1,4.1,core_stability,completed,5,0.7413
SURV-01973,36,18,0.5,0.2207,22073.86,4871.43,0.307,1,1,0.249,0,1,Tricycle / PUV Operator,Rented (Apartment/House),Married,0,10.4,option_window,completed,18,0.6629
SURV-01974,12,6,0.5,0.5405,17468.79,9441.82,0.242,3,0,0.274,1,0,Tricycle / PUV Operator,Rented (Apartment/House),Single,3,11.7,core_stability,defaulted,0,0.5641
SURV-01975,24,14,0.5833,0.21,39705.21,8338.84,0.531,3,0,0.184,0,0,Public School Teacher,Rented (Apartment/House),Widowed,2,3.5,core_stability,defaulted,0,0.6674
SURV-01976,12,8,0.6667,0.9679,12831.34,12419.03,0.566,2,1,0.277,1,0,Agri / Farmer / Fisherfolk,Owned (Inherited/Tax Dec),Widowed,0,12.2,core_stability,defaulted,0,0.582
SURV-01977,36,35,0.9722,0.0711,58304.41,4148.25,0.973,0,6,0.0,0,0,OFW Remittance / Dependent,Rented (Apartment/House),Married,1,11.3,completion_phase,completed,1,0.7296
SURV-01978,12,6,0.5,0.2654,38770.85,10288.03,0.256,4,1,0.296,0,0,Public School Teacher,Living with Parents/Relatives,Married,1,4.0,core_stability,defaulted,0,0.6747
SURV-01979,24,24,1.0,0.0927,30777.38,2853.38,0.962,0,6,0.0,0,0,BPO / Call Center Agent,Living with Parents/Relatives,Married,0,10.9,completion_phase,early_settled,0,0.7568
SURV-01980,36,28,0.7778,0.2217,19247.26,4266.51,0.503,4,0,0.187,0,0,Sari-Sari / Small Retail,Rented (Apartment/House),Single,0,14.8,core_stability,defaulted,0,0.6723
SURV-01981,12,9,0.75,1.0823,12000.0,12987.1,0.317,4,1,0.339,0,0,Employed (Private/Gov),Living with Parents/Relatives,Single,1,9.1,completion_phase,defaulted,1,0.6036
SURV-01982,24,22,0.9167,0.1586,17088.85,2710.79,0.661,0,1,0.12,0,0,Agri / Farmer / Fisherfolk,Owned (Inherited/Tax Dec),Married,0,9.9,completion_phase,defaulted,0,0.6893
SURV-01983,36,29,0.8056,0.2664,23145.88,6166.88,0.357,2,0,0.201,0,0,OFW Remittance / Dependent,Living with Parents/Relatives,Single,1,3.6,core_stability,early_settled,0,0.6652
SURV-01984,36,4,0.1111,0.1072,25382.31,2720.72,0.766,1,2,0.04,0,0,Sari-Sari / Small Retail,Owned (Inherited/Tax Dec),Married,3,9.4,onboarding_risk,completed,32,0.7136
SURV-01985,12,4,0.3333,0.7779,17395.78,13532.99,0.212,1,1,0.156,1,0,Sari-Sari / Small Retail,Owned (Inherited/Tax Dec),Married,3,6.4,onboarding_risk,completed,8,0.5839
SURV-01986,36,13,0.3611,0.1673,25706.08,4300.34,0.727,1,3,0.072,0,0,BPO / Call Center Agent,Rented (Apartment/House),Single,3,7.0,option_window,defaulted,1,0.6493
SURV-01987,12,11,0.9167,0.317,40188.22,12738.08,0.616,1,0,0.31,1,0,Employed (Private/Gov),Living with Parents/Relatives,Single,0,6.7,completion_phase,completed,1,0.6325
SURV-01988,24,8,0.3333,0.2369,31054.97,7357.47,0.688,1,3,0.137,0,0,Sari-Sari / Small Retail,Owned (Inherited/Tax Dec),Married,0,7.1,core_stability,completed,16,0.736
SURV-01989,24,1,0.0417,0.4364,19517.78,8517.87,0.338,1,1,0.378,0,1,Agri / Farmer / Fisherfolk,Owned (Inherited/Tax Dec),Married,0,4.9,onboarding_risk,defaulted,2,0.5764
SURV-01990,36,11,0.3056,0.1313,24447.88,3210.17,0.844,0,2,0.059,0,0,Sari-Sari / Small Retail,Living with Parents/Relatives,Married,1,12.1,core_stability,completed,25,0.668
SURV-01991,12,9,0.75,0.3976,32631.48,12973.97,0.333,1,0,0.214,1,0,Employed (Private/Gov),Rented (Apartment/House),Widowed,1,9.7,completion_phase,defaulted,0,0.6698
SURV-01992,36,22,0.6111,0.293,21772.37,6380.02,0.458,2,1,0.434,1,0,Tricycle / PUV Operator,Living with Parents/Relatives,Married,3,19.6,option_window,defaulted,1,0.5446
SURV-01993,36,19,0.5278,0.3759,15410.61,5792.86,0.487,2,0,0.406,0,0,Tricycle / PUV Operator,Living with Parents/Relatives,Married,3,8.6,option_window,defaulted,0,0.5601
SURV-01994,36,7,0.1944,0.215,23751.14,5106.95,0.505,2,0,0.212,0,1,BPO / Call Center Agent,Rented (Apartment/House),Married,2,3.4,core_stability,defaulted,1,0.6523
SURV-01995,24,10,0.4167,0.1766,18192.87,3213.38,0.964,0,4,0.0,0,0,Employed (Private/Gov),Owned (Clean Title),Widowed,2,5.5,core_stability,completed,14,0.6864
SURV-01996,24,14,0.5833,0.1937,29121.91,5640.69,0.813,0,1,0.068,0,0,BPO / Call Center Agent,Owned (Clean Title),Widowed,1,15.0,core_stability,completed,10,0.7446
SURV-01997,12,7,0.5833,0.3919,37787.03,14810.45,0.497,4,0,0.442,0,0,Employed (Private/Gov),Living with Parents/Relatives,Married,3,11.6,core_stability,defaulted,0,0.6948
SURV-01998,24,14,0.5833,0.2003,15790.39,3162.11,0.201,4,1,0.286,1,1,Tricycle / PUV Operator,Living with Parents/Relatives,Widowed,1,5.9,core_stability,defaulted,1,0.627
SURV-01999,12,2,0.1667,0.3319,27798.07,9227.24,0.639,1,0,0.361,0,1,BPO / Call Center Agent,Rented (Apartment/House),Widowed,4,1.0,onboarding_risk,completed,10,0.6164
SURV-02000,12,11,0.9167,0.4023,25253.67,10160.11,0.3,1,0,0.253,0,1,Sari-Sari / Small Retail,Living with Parents/Relatives,Widowed,0,21.6,completion_phase,defaulted,1,0.6958
SURV-02001,36,21,0.5833,0.2231,17366.77,3874.61,0.273,4,0,0.309,0,1,Sari-Sari / Small Retail,Owned (Inherited/Tax Dec),Married,2,2.8,option_window,defaulted,1,0.6768
SURV-02002,12,11,0.9167,0.2385,27272.49,6505.09,0.244,4,1,0.42,0,0,Employed (Private/Gov),Living with Parents/Relatives,Single,0,2.2,completion_phase,defaulted,0,0.6902
SURV-02003,12,6,0.5,0.4615,24754.43,11422.94,0.435,4,0,0.349,1,1,Employed (Private/Gov),Living with Parents/Relatives,Married,0,6.9,core_stability,defaulted,0,0.631
SURV-02004,36,8,0.2222,0.2919,19437.05,5673.44,0.432,2,0,0.289,1,0,Employed (Private/Gov),Owned (Clean Title),Married,0,4.9,core_stability,defaulted,1,0.6536
SURV-02005,36,13,0.3611,0.2504,22102.5,5533.85,0.402,3,0,0.355,1,0,Tricycle / PUV Operator,Rented (Apartment/House),Single,1,13.3,option_window,defaulted,1,0.6127
SURV-02006,12,7,0.5833,0.4925,25192.13,12407.39,0.508,4,1,0.379,0,0,BPO / Call Center Agent,Owned (Clean Title),Widowed,3,13.8,core_stability,defaulted,0,0.6198
SURV-02007,12,4,0.3333,0.6616,22394.97,14815.98,0.5,4,1,0.286,1,0,Public School Teacher,Owned (Inherited/Tax Dec),Widowed,0,13.1,onboarding_risk,defaulted,1,0.5911
SURV-02008,12,12,1.0,0.561,22826.73,12806.39,0.279,2,1,0.318,0,0,Sari-Sari / Small Retail,Owned (Clean Title),Widowed,1,10.0,completion_phase,defaulted,0,0.534
SURV-02009,36,31,0.8611,0.2416,13358.6,3227.49,0.524,2,0,0.423,0,0,Sari-Sari / Small Retail,Owned (Clean Title),Married,0,3.7,core_stability,defaulted,1,0.7043
SURV-02010,12,6,0.5,0.5488,19442.51,10669.88,0.279,1,0,0.275,0,0,Sari-Sari / Small Retail,Living with Parents/Relatives,Married,3,8.8,core_stability,defaulted,0,0.5537
SURV-02011,36,10,0.2778,0.1193,31095.26,3708.46,0.663,0,2,0.064,0,0,Public School Teacher,Rented (Apartment/House),Married,3,7.9,core_stability,completed,26,0.7104
SURV-02012,12,5,0.4167,0.2279,29641.9,6755.89,0.763,1,0,0.113,0,0,BPO / Call Center Agent,Owned (Clean Title),Married,0,3.3,core_stability,completed,7,0.6999
SURV-02013,24,12,0.5,0.2705,23721.6,6416.11,0.446,4,0,0.216,1,0,Sari-Sari / Small Retail,Owned (Inherited/Tax Dec),Widowed,2,1.0,option_window,defaulted,1,0.6842
SURV-02014,36,34,0.9444,0.148,41319.21,6115.3,0.876,0,4,0.0,0,0,Public School Teacher,Living with Parents/Relatives,Widowed,2,13.3,completion_phase,completed,2,0.7162
SURV-02015,24,19,0.7917,0.1064,53317.47,5672.92,0.947,0,5,0.0,0,0,OFW Remittance / Dependent,Owned (Clean Title),Widowed,0,4.2,core_stability,completed,5,0.746
SURV-02016,24,6,0.25,0.2438,20436.37,4981.5,0.472,3,0,0.222,0,0,Sari-Sari / Small Retail,Living with Parents/Relatives,Married,4,6.7,core_stability,defaulted,2,0.6529
SURV-02017,24,14,0.5833,0.255,27138.0,6919.54,0.327,3,0,0.356,1,1,BPO / Call Center Agent,Rented (Apartment/House),Married,4,8.0,core_stability,defaulted,1,0.7095
SURV-02018,36,22,0.6111,0.103,39537.8,4071.76,0.893,0,12,0.0,0,0,Public School Teacher,Living with Parents/Relatives,Married,1,3.4,option_window,completed,14,0.7202
SURV-02019,36,7,0.1944,0.3204,19536.69,6259.38,0.551,3,0,0.207,0,0,Agri / Farmer / Fisherfolk,Rented (Apartment/House),Married,2,5.2,core_stability,defaulted,2,0.5829
SURV-02020,24,1,0.0417,0.2175,18742.25,4075.81,0.528,2,1,0.419,0,1,Tricycle / PUV Operator,Rented (Apartment/House),Widowed,0,11.1,onboarding_risk,defaulted,5,0.6402
SURV-02021,36,10,0.2778,0.0801,63460.23,5085.93,0.898,0,10,0.0,0,0,OFW Remittance / Dependent,Owned (Clean Title),Married,2,7.0,core_stability,early_settled,8,0.7297
SURV-02022,24,14,0.5833,0.2581,26810.09,6920.61,0.612,1,3,0.144,0,0,BPO / Call Center Agent,Owned (Inherited/Tax Dec),Married,3,10.2,core_stability,completed,10,0.7302
SURV-02023,24,17,0.7083,0.3332,24320.49,8102.86,0.596,1,1,0.18,1,1,Employed (Private/Gov),Living with Parents/Relatives,Married,1,7.7,core_stability,defaulted,1,0.6388
SURV-02024,12,6,0.5,0.7214,14535.81,10485.47,0.282,3,0,0.433,0,0,Agri / Farmer / Fisherfolk,Owned (Clean Title),Married,0,13.5,core_stability,defaulted,0,0.604
SURV-02025,36,4,0.1111,0.2324,24634.11,5724.98,0.639,1,0,0.03,0,0,BPO / Call Center Agent,Living with Parents/Relatives,Married,0,10.1,onboarding_risk,completed,32,0.5933
SURV-02026,36,3,0.0833,0.1669,37208.02,6209.92,0.867,0,2,0.0,0,0,Public School Teacher,Owned (Clean Title),Married,0,6.7,onboarding_risk,completed,33,0.7085
SURV-02027,36,30,0.8333,0.128,21916.61,2805.48,0.315,4,0,0.16,1,0,Agri / Farmer / Fisherfolk,Rented (Apartment/House),Married,2,4.9,core_stability,defaulted,1,0.6174
SURV-02028,24,16,0.6667,0.2045,15305.05,3129.46,0.344,4,1,0.301,1,1,Tricycle / PUV Operator,Rented (Apartment/House),Widowed,0,6.0,core_stability,defaulted,1,0.676
SURV-02029,36,5,0.1389,0.1696,30561.75,5182.38,0.663,1,2,0.021,0,0,BPO / Call Center Agent,Owned (Clean Title),Single,4,14.4,core_stability,completed,31,0.6803
SURV-02030,24,12,0.5,0.3008,27921.57,8399.57,0.23,3,0,0.276,0,1,BPO / Call Center Agent,Rented (Apartment/House),Widowed,1,8.0,option_window,defaulted,0,0.65
SURV-02031,36,3,0.0833,0.1862,21263.32,3959.58,0.506,1,1,0.293,1,0,Tricycle / PUV Operator,Owned (Clean Title),Single,2,3.5,onboarding_risk,defaulted,2,0.624
SURV-02032,36,26,0.7222,0.2353,27729.03,6524.87,0.743,1,3,0.076,0,0,OFW Remittance / Dependent,Owned (Clean Title),Widowed,1,3.4,core_stability,completed,10,0.6594
SURV-02033,36,33,0.9167,0.2514,20614.07,5182.82,0.397,4,0,0.193,0,1,Sari-Sari / Small Retail,Owned (Clean Title),Married,2,9.6,completion_phase,defaulted,1,0.6844
SURV-02034,24,11,0.4583,0.2267,25316.11,5738.09,0.505,1,1,0.2,0,1,Sari-Sari / Small Retail,Living with Parents/Relatives,Widowed,0,7.0,option_window,defaulted,0,0.636
SURV-02035,12,3,0.25,0.1795,44813.17,8042.26,0.925,0,1,0.0,0,0,OFW Remittance / Dependent,Owned (Inherited/Tax Dec),Single,1,14.5,onboarding_risk,completed,9,0.827
SURV-02036,36,34,0.9444,0.1236,34455.45,4260.3,0.917,0,11,0.0,0,0,Employed (Private/Gov),Owned (Clean Title),Widowed,0,12.6,completion_phase,completed,2,0.7493
SURV-02037,24,7,0.2917,0.0808,35569.6,2874.57,0.941,0,7,0.0,0,0,BPO / Call Center Agent,Living with Parents/Relatives,Married,0,8.0,core_stability,early_settled,8,0.7601
SURV-02038,24,12,0.5,0.1463,42984.82,6290.79,0.681,0,3,0.144,0,0,OFW Remittance / Dependent,Rented (Apartment/House),Widowed,1,13.1,option_window,defaulted,0,0.7102
SURV-02039,36,21,0.5833,0.1042,47280.57,4926.01,0.946,0,2,0.0,0,0,Public School Teacher,Owned (Inherited/Tax Dec),Married,4,2.4,option_window,completed,15,0.6709
SURV-02040,24,24,1.0,0.102,47940.39,4892.01,0.857,0,10,0.0,0,0,Public School Teacher,Rented (Apartment/House),Married,0,11.3,completion_phase,completed,0,0.7219
SURV-02041,24,23,0.9583,0.2435,19483.83,4744.04,0.37,3,0,0.153,0,0,Agri / Farmer / Fisherfolk,Rented (Apartment/House),Widowed,1,3.0,completion_phase,defaulted,1,0.5907
SURV-02042,36,26,0.7222,0.1336,26136.75,3491.23,0.791,1,0,0.091,0,0,Sari-Sari / Small Retail,Owned (Inherited/Tax Dec),Married,1,10.6,core_stability,completed,10,0.6696
SURV-02043,24,14,0.5833,0.2871,25873.81,7428.73,0.299,4,0,0.256,0,1,Tricycle / PUV Operator,Owned (Inherited/Tax Dec),Married,3,3.6,core_stability,defaulted,0,0.6173
SURV-02044,12,6,0.5,0.367,34780.53,12765.77,0.347,4,1,0.199,0,0,BPO / Call Center Agent,Owned (Inherited/Tax Dec),Single,1,14.6,core_stability,defaulted,0,0.7262
SURV-02045,36,16,0.4444,0.0423,63893.82,2699.62,0.958,0,3,0.0,0,0,OFW Remittance / Dependent,Owned (Inherited/Tax Dec),Widowed,0,4.3,option_window,completed,20,0.6927
SURV-02046,24,12,0.5,0.1805,36950.98,6670.29,0.667,0,3,0.02,0,0,Public School Teacher,Rented (Apartment/House),Widowed,1,7.2,option_window,completed,12,0.6755
SURV-02047,12,3,0.25,1.0842,12000.0,13010.26,0.24,3,0,0.308,1,1,Tricycle / PUV Operator,Rented (Apartment/House),Widowed,1,15.5,onboarding_risk,defaulted,3,0.5942
SURV-02048,36,17,0.4722,0.2905,17137.34,4979.16,0.212,4,1,0.292,0,1,Agri / Farmer / Fisherfolk,Owned (Clean Title),Married,1,5.2,option_window,defaulted,1,0.5673
SURV-02049,24,9,0.375,0.1758,46273.13,8135.19,0.76,0,1,0.083,0,0,Employed (Private/Gov),Living with Parents/Relatives,Married,0,10.5,core_stability,early_settled,6,0.7395
SURV-02050,24,10,0.4167,0.2042,32091.84,6552.22,0.612,1,3,0.143,0,0,Public School Teacher,Rented (Apartment/House),Single,2,12.2,core_stability,completed,14,0.7613
SURV-02051,12,3,0.25,0.1626,29731.1,4833.64,0.671,1,0,0.111,0,0,Sari-Sari / Small Retail,Owned (Clean Title),Married,2,8.5,onboarding_risk,defaulted,3,0.7511
SURV-02052,36,29,0.8056,0.1401,24551.32,3439.17,0.688,1,1,0.128,0,0,Agri / Farmer / Fisherfolk,Owned (Inherited/Tax Dec),Married,1,6.9,core_stability,defaulted,1,0.6761
SURV-02053,36,28,0.7778,0.1545,44786.11,6919.74,0.863,0,6,0.0,0,0,OFW Remittance / Dependent,Owned (Clean Title),Married,0,8.0,core_stability,completed,8,0.7215
SURV-02054,36,18,0.5,0.083,45747.29,3798.41,0.92,0,11,0.0,0,0,Public School Teacher,Owned (Inherited/Tax Dec),Widowed,0,4.9,option_window,completed,18,0.7319
SURV-02055,36,27,0.75,0.1861,27467.52,5111.64,0.632,0,3,0.013,0,0,BPO / Call Center Agent,Living with Parents/Relatives,Widowed,1,5.3,core_stability,completed,9,0.6538
SURV-02056,12,3,0.25,0.1736,33025.34,5734.43,0.812,1,3,0.036,1,0,BPO / Call Center Agent,Owned (Inherited/Tax Dec),Married,2,6.2,onboarding_risk,defaulted,1,0.783
SURV-02057,12,1,0.0833,0.3599,18384.6,6616.05,0.619,1,0,0.35,0,0,Sari-Sari / Small Retail,Rented (Apartment/House),Married,1,6.4,onboarding_risk,completed,11,0.6214
SURV-02058,12,8,0.6667,0.2925,38037.72,11126.72,0.458,3,0,0.381,0,0,OFW Remittance / Dependent,Rented (Apartment/House),Single,0,17.9,core_stability,defaulted,0,0.7402
SURV-02059,12,4,0.3333,0.3981,25170.15,10019.47,0.341,3,0,0.329,0,0,Tricycle / PUV Operator,Rented (Apartment/House),Single,0,2.4,onboarding_risk,defaulted,1,0.5643
SURV-02060,24,21,0.875,0.1921,28642.16,5502.87,0.834,0,1,0.023,0,0,Sari-Sari / Small Retail,Owned (Inherited/Tax Dec),Married,2,24.3,completion_phase,completed,3,0.7027
SURV-02061,24,16,0.6667,0.1501,48578.11,7289.66,0.639,1,3,0.024,0,0,Public School Teacher,Living with Parents/Relatives,Married,4,11.1,core_stability,defaulted,0,0.7178
SURV-02062,36,14,0.3889,0.1013,23013.2,2330.26,0.747,0,3,0.103,0,0,Tricycle / PUV Operator,Living with Parents/Relatives,Married,2,7.6,option_window,early_settled,11,0.5983
SURV-02063,36,27,0.75,0.1487,33445.38,4974.29,0.703,0,2,0.054,0,0,BPO / Call Center Agent,Rented (Apartment/House),Married,3,5.6,core_stability,completed,9,0.6769
SURV-02064,24,24,1.0,0.1222,43868.12,5362.3,0.935,0,10,0.0,0,0,OFW Remittance / Dependent,Owned (Inherited/Tax Dec),Single,1,4.3,completion_phase,early_settled,0,0.7227
SURV-02065,36,15,0.4167,0.1491,28371.7,4229.79,0.671,1,2,0.055,1,0,Public School Teacher,Living with Parents/Relatives,Married,2,2.0,option_window,completed,21,0.6643
SURV-02066,36,15,0.4167,0.0388,69314.86,2688.31,0.87,0,1,0.0,0,0,OFW Remittance / Dependent,Rented (Apartment/House),Married,2,7.6,option_window,completed,21,0.767
SURV-02067,12,5,0.4167,0.8186,16327.78,13366.07,0.369,4,1,0.164,1,0,Tricycle / PUV Operator,Owned (Clean Title),Married,3,7.3,core_stability,defaulted,2,0.5832
SURV-02068,36,24,0.6667,0.0926,48695.21,4511.37,0.88,0,10,0.0,0,0,Public School Teacher,Living with Parents/Relatives,Widowed,3,8.9,option_window,early_settled,1,0.6933
SURV-02069,12,4,0.3333,0.3065,19414.18,5950.53,0.203,4,0,0.197,0,0,Sari-Sari / Small Retail,Rented (Apartment/House),Widowed,3,7.8,onboarding_risk,defaulted,3,0.6111
SURV-02070,12,8,0.6667,0.1867,32080.83,5989.99,0.686,1,1,0.04,0,0,BPO / Call Center Agent,Living with Parents/Relatives,Married,2,5.9,core_stability,defaulted,1,0.7698
SURV-02071,12,9,0.75,0.5372,24449.61,13133.8,0.508,3,1,0.31,0,0,Sari-Sari / Small Retail,Owned (Clean Title),Widowed,1,5.8,completion_phase,defaulted,1,0.5587
SURV-02072,36,36,1.0,0.4898,14187.13,6949.33,0.376,1,1,0.245,0,0,Agri / Farmer / Fisherfolk,Rented (Apartment/House),Single,3,12.1,completion_phase,defaulted,0,0.4688
SURV-02073,12,2,0.1667,0.2855,33344.89,9521.2,0.607,3,0,0.16,1,0,Public School Teacher,Living with Parents/Relatives,Married,1,3.5,onboarding_risk,defaulted,4,0.6921
SURV-02074,36,5,0.1389,0.5529,12100.97,6690.5,0.478,1,0,0.211,1,0,Employed (Private/Gov),Living with Parents/Relatives,Single,2,5.3,core_stability,completed,31,0.6135
SURV-02075,36,9,0.25,0.1299,22905.33,2975.43,0.649,0,0,0.075,0,0,Tricycle / PUV Operator,Living with Parents/Relatives,Married,0,8.7,core_stability,completed,27,0.5997
SURV-02076,12,2,0.1667,0.4751,24724.3,11746.65,0.642,1,1,0.16,1,0,BPO / Call Center Agent,Owned (Clean Title),Widowed,0,9.8,onboarding_risk,completed,10,0.6562
SURV-02077,36,32,0.8889,0.1277,33445.4,4271.15,0.855,0,7,0.0,0,0,Employed (Private/Gov),Owned (Inherited/Tax Dec),Married,1,12.2,core_stability,completed,4,0.7622
SURV-02078,36,27,0.75,0.1265,38672.89,4890.78,0.662,0,2,0.077,0,0,BPO / Call Center Agent,Rented (Apartment/House),Married,0,4.3,core_stability,defaulted,1,0.6701
SURV-02079,36,15,0.4167,0.1341,18177.24,2436.84,0.845,0,3,0.042,0,0,Sari-Sari / Small Retail,Living with Parents/Relatives,Single,0,7.2,option_window,completed,21,0.653
SURV-02080,12,5,0.4167,0.4506,33847.75,15250.88,0.572,1,0,0.298,0,1,BPO / Call Center Agent,Rented (Apartment/House),Married,2,8.3,core_stability,defaulted,0,0.6273
SURV-02081,24,19,0.7917,0.0662,72006.67,4766.64,0.9,0,4,0.0,0,0,OFW Remittance / Dependent,Owned (Clean Title),Single,1,4.3,core_stability,completed,5,0.7812
SURV-02082,36,20,0.5556,0.2004,17432.13,3492.98,0.489,2,0,0.449,0,0,Sari-Sari / Small Retail,Rented (Apartment/House),Married,2,3.1,option_window,defaulted,0,0.5957
SURV-02083,36,19,0.5278,0.0895,28980.35,2594.23,0.677,0,3,0.012,1,0,BPO / Call Center Agent,Owned (Clean Title),Married,0,3.1,option_window,completed,17,0.639
SURV-02084,12,12,1.0,0.1602,41407.12,6634.19,0.79,0,2,0.065,0,0,Public School Teacher,Rented (Apartment/House),Single,4,7.4,completion_phase,completed,0,0.7526
SURV-02085,24,22,0.9167,0.1389,40610.34,5639.51,0.948,0,12,0.0,0,0,Public School Teacher,Owned (Inherited/Tax Dec),Widowed,2,5.1,completion_phase,early_settled,0,0.7675
SURV-02086,24,13,0.5417,0.3173,19017.48,6033.3,0.589,4,0,0.434,0,0,Tricycle / PUV Operator,Owned (Clean Title),Married,4,4.4,option_window,defaulted,0,0.5936
SURV-02087,12,2,0.1667,0.1275,66071.53,8422.89,0.946,0,2,0.0,0,0,OFW Remittance / Dependent,Owned (Inherited/Tax Dec),Married,0,5.3,onboarding_risk,completed,10,0.8106
SURV-02088,24,15,0.625,0.179,18519.67,3314.98,0.639,4,1,0.305,0,0,Tricycle / PUV Operator,Living with Parents/Relatives,Married,1,11.9,core_stability,defaulted,1,0.698
SURV-02089,24,19,0.7917,0.2638,19233.87,5072.95,0.304,1,0,0.309,0,0,Agri / Farmer / Fisherfolk,Rented (Apartment/House),Single,3,7.4,core_stability,defaulted,0,0.6129
SURV-02090,36,29,0.8056,0.1475,24091.21,3553.52,0.4,1,0,0.336,0,0,Tricycle / PUV Operator,Rented (Apartment/House),Married,2,13.9,core_stability,defaulted,0,0.6282
SURV-02091,24,13,0.5417,0.1539,43724.18,6730.79,0.746,0,0,0.119,0,0,OFW Remittance / Dependent,Living with Parents/Relatives,Married,2,4.0,option_window,defaulted,1,0.6819
SURV-02092,12,12,1.0,0.5578,19639.15,10954.09,0.233,1,0,0.154,0,0,Sari-Sari / Small Retail,Rented (Apartment/House),Widowed,1,5.1,completion_phase,defaulted,0,0.5708
SURV-02093,24,15,0.625,0.7029,12000.0,8434.37,0.471,3,0,0.25,0,0,Tricycle / PUV Operator,Owned (Inherited/Tax Dec),Married,2,10.3,core_stability,defaulted,0,0.559
SURV-02094,24,24,1.0,0.2046,35750.74,7313.91,0.763,0,2,0.143,0,0,Public School Teacher,Owned (Clean Title),Widowed,2,3.1,completion_phase,defaulted,0,0.7041
SURV-02095,36,15,0.4167,0.1592,16957.76,2700.35,0.691,1,3,0.052,0,0,Tricycle / PUV Operator,Owned (Inherited/Tax Dec),Single,0,5.0,option_window,defaulted,0,0.7102
SURV-02096,24,11,0.4583,0.2579,23955.01,6177.94,0.517,3,0,0.288,0,0,BPO / Call Center Agent,Living with Parents/Relatives,Married,0,4.3,option_window,defaulted,1,0.5954
SURV-02097,12,12,1.0,0.6945,17483.72,12142.53,0.386,4,0,0.162,0,0,Sari-Sari / Small Retail,Owned (Clean Title),Married,4,3.4,completion_phase,early_settled,0,0.5624
SURV-02098,36,4,0.1111,0.1775,23107.54,4102.06,0.701,0,1,0.125,0,0,Employed (Private/Gov),Living with Parents/Relatives,Married,2,1.4,onboarding_risk,completed,32,0.7109
SURV-02099,12,2,0.1667,0.2942,27890.35,8205.18,0.577,1,0,0.282,0,0,BPO / Call Center Agent,Rented (Apartment/House),Married,2,2.6,onboarding_risk,defaulted,2,0.6203
SURV-02100,12,4,0.3333,0.3727,40746.56,15185.07,0.414,3,0,0.365,1,1,OFW Remittance / Dependent,Living with Parents/Relatives,Married,3,3.1,onboarding_risk,defaulted,2,0.6099
SURV-02101,24,8,0.3333,0.2556,26899.71,6876.47,0.608,3,0,0.442,0,0,Sari-Sari / Small Retail,Living with Parents/Relatives,Widowed,1,5.2,core_stability,defaulted,1,0.6641
SURV-02102,24,4,0.1667,0.1933,33918.73,6556.62,0.63,1,2,0.012,0,0,Public School Teacher,Owned (Clean Title),Married,3,5.7,onboarding_risk,completed,20,0.715
SURV-02103,24,4,0.1667,0.0867,39982.45,3464.92,0.928,0,4,0.0,0,0,OFW Remittance / Dependent,Owned (Inherited/Tax Dec),Married,4,6.5,onboarding_risk,early_settled,10,0.7852
SURV-02104,12,9,0.75,0.2493,21652.15,5398.37,0.647,4,0,0.281,0,0,Tricycle / PUV Operator,Owned (Clean Title),Single,1,11.2,completion_phase,defaulted,1,0.6907
SURV-02105,12,4,0.3333,0.3435,20602.42,7076.54,0.266,1,0,0.261,0,0,Sari-Sari / Small Retail,Owned (Clean Title),Married,0,4.4,onboarding_risk,defaulted,0,0.6738
SURV-02106,24,10,0.4167,0.2642,17068.64,4510.05,0.615,4,1,0.273,0,0,Agri / Farmer / Fisherfolk,Owned (Clean Title),Single,2,9.6,core_stability,defaulted,1,0.6466
SURV-02107,12,4,0.3333,0.2817,54259.68,15286.04,0.206,2,1,0.228,0,0,OFW Remittance / Dependent,Rented (Apartment/House),Married,3,2.5,onboarding_risk,defaulted,2,0.6399
SURV-02108,24,16,0.6667,0.1562,24502.71,3828.4,0.911,0,5,0.0,0,0,BPO / Call Center Agent,Owned (Clean Title),Married,1,6.6,core_stability,completed,8,0.7573
SURV-02109,36,7,0.1944,0.0506,67959.67,3438.58,0.924,0,6,0.0,0,0,OFW Remittance / Dependent,Rented (Apartment/House),Married,1,10.6,core_stability,early_settled,18,0.7168
SURV-02110,12,2,0.1667,0.5026,23899.81,12011.08,0.535,4,0,0.152,1,0,Sari-Sari / Small Retail,Rented (Apartment/House),Widowed,4,6.7,onboarding_risk,defaulted,5,0.5702
SURV-02111,36,23,0.6389,0.1046,21821.08,2283.44,0.713,1,1,0.114,0,0,Tricycle / PUV Operator,Owned (Clean Title),Married,0,3.5,option_window,completed,13,0.675
SURV-02112,36,2,0.0556,0.2731,27084.2,7396.61,0.478,3,1,0.353,0,0,Sari-Sari / Small Retail,Owned (Inherited/Tax Dec),Widowed,2,13.5,onboarding_risk,defaulted,4,0.6278
SURV-02113,24,9,0.375,0.1083,26393.89,2859.11,0.879,0,4,0.0,0,0,Employed (Private/Gov),Living with Parents/Relatives,Married,2,12.0,core_stability,completed,15,0.7314
SURV-02114,24,12,0.5,0.1357,48338.64,6561.08,0.895,0,5,0.0,0,0,OFW Remittance / Dependent,Owned (Inherited/Tax Dec),Married,2,5.6,option_window,early_settled,2,0.8011
SURV-02115,12,2,0.1667,0.5728,21135.03,12105.66,0.274,4,0,0.201,0,0,Tricycle / PUV Operator,Owned (Inherited/Tax Dec),Widowed,1,3.1,onboarding_risk,defaulted,4,0.5626
SURV-02116,36,10,0.2778,0.2894,19743.25,5713.67,0.351,1,0,0.362,0,1,Agri / Farmer / Fisherfolk,Owned (Clean Title),Widowed,0,6.8,core_stability,defaulted,0,0.5961
SURV-02117,24,12,0.5,0.0524,61506.61,3221.57,0.92,0,10,0.0,0,0,OFW Remittance / Dependent,Rented (Apartment/House),Married,4,9.7,option_window,completed,12,0.7801
SURV-02118,36,31,0.8611,0.102,32360.04,3300.28,0.967,0,12,0.0,0,0,Employed (Private/Gov),Owned (Clean Title),Widowed,1,5.6,core_stability,completed,5,0.7073
SURV-02119,12,1,0.0833,0.5575,27553.69,15360.56,0.286,3,0,0.35,1,0,Employed (Private/Gov),Owned (Clean Title),Married,1,1.3,onboarding_risk,defaulted,1,0.6287
SURV-02120,24,16,0.6667,0.2153,21691.62,4670.32,0.325,4,0,0.396,1,0,Sari-Sari / Small Retail,Owned (Clean Title),Widowed,3,12.1,core_stability,defaulted,1,0.6879
SURV-02121,24,19,0.7917,0.1966,39219.47,7711.59,0.784,0,0,0.031,0,0,BPO / Call Center Agent,Rented (Apartment/House),Single,1,20.1,core_stability,defaulted,0,0.6324
SURV-02122,12,10,0.8333,0.5726,18693.43,10703.92,0.465,4,0,0.385,1,0,Sari-Sari / Small Retail,Owned (Inherited/Tax Dec),Widowed,4,4.9,completion_phase,defaulted,0,0.6311
SURV-02123,24,2,0.0833,0.1279,47806.21,6116.03,0.647,0,2,0.11,1,0,Public School Teacher,Rented (Apartment/House),Widowed,1,4.3,onboarding_risk,defaulted,4,0.6809
SURV-02124,36,3,0.0833,0.1556,38100.87,5928.14,0.97,0,3,0.0,0,0,Public School Teacher,Living with Parents/Relatives,Single,0,6.6,onboarding_risk,completed,33,0.7219
SURV-02125,24,18,0.75,0.1276,36538.81,4661.08,0.967,0,10,0.0,0,0,Employed (Private/Gov),Owned (Inherited/Tax Dec),Married,0,5.1,core_stability,completed,6,0.7919
SURV-02126,12,4,0.3333,0.2808,31411.91,8820.22,0.65,1,3,0.062,0,0,Employed (Private/Gov),Living with Parents/Relatives,Married,0,5.9,onboarding_risk,completed,8,0.718
SURV-02127,36,24,0.6667,0.2014,24237.42,4881.22,0.625,4,0,0.254,1,1,Agri / Farmer / Fisherfolk,Owned (Inherited/Tax Dec),Single,1,2.5,option_window,defaulted,1,0.5937
SURV-02128,12,3,0.25,0.1802,36062.77,6500.26,0.778,1,1,0.071,0,0,Public School Teacher,Rented (Apartment/House),Single,2,6.0,onboarding_risk,defaulted,3,0.7402
SURV-02129,12,12,1.0,0.534,25791.26,13772.39,0.379,4,0,0.36,1,0,Public School Teacher,Rented (Apartment/House),Widowed,0,13.6,completion_phase,defaulted,0,0.5976
SURV-02130,36,13,0.3611,0.3864,14276.56,5515.75,0.251,1,0,0.251,0,1,Agri / Farmer / Fisherfolk,Living with Parents/Relatives,Married,2,2.1,option_window,defaulted,0,0.6263
SURV-02131,36,10,0.2778,0.2519,23424.76,5900.61,0.626,3,0,0.317,1,1,Sari-Sari / Small Retail,Owned (Inherited/Tax Dec),Married,2,5.8,core_stability,defaulted,1,0.6114
SURV-02132,24,24,1.0,0.2136,25194.12,5382.42,0.799,0,1,0.038,0,0,Sari-Sari / Small Retail,Living with Parents/Relatives,Widowed,0,10.0,completion_phase,completed,0,0.7027
SURV-02133,12,2,0.1667,0.5348,18364.42,9822.12,0.25,4,1,0.213,0,0,Sari-Sari / Small Retail,Owned (Clean Title),Married,4,5.4,onboarding_risk,defaulted,3,0.6111
SURV-02134,24,19,0.7917,0.2835,29104.66,8250.14,0.532,3,0,0.406,0,0,Sari-Sari / Small Retail,Living with Parents/Relatives,Single,1,11.9,core_stability,defaulted,0,0.6599
SURV-02135,12,9,0.75,0.1117,43996.47,4913.64,0.662,1,1,0.017,1,0,OFW Remittance / Dependent,Rented (Apartment/House),Single,3,10.1,completion_phase,completed,3,0.7926
SURV-02136,24,1,0.0417,0.4205,13318.43,5600.58,0.221,3,0,0.247,0,0,Agri / Farmer / Fisherfolk,Owned (Clean Title),Married,1,15.8,onboarding_risk,defaulted,4,0.5472
SURV-02137,24,9,0.375,0.3317,23485.57,7791.15,0.271,1,0,0.419,0,1,BPO / Call Center Agent,Living with Parents/Relatives,Married,1,5.5,core_stability,defaulted,1,0.6948
SURV-02138,36,8,0.2222,0.149,45586.25,6794.1,0.933,0,4,0.0,0,0,Employed (Private/Gov),Owned (Inherited/Tax Dec),Widowed,0,5.0,core_stability,completed,28,0.6592
SURV-02139,12,2,0.1667,0.1471,43018.82,6327.05,0.86,0,2,0.0,0,0,Employed (Private/Gov),Owned (Inherited/Tax Dec),Married,1,5.5,onboarding_risk,completed,10,0.8837
SURV-02140,12,11,0.9167,0.4626,20627.1,9541.37,0.414,3,0,0.413,0,0,Public School Teacher,Owned (Clean Title),Married,0,4.1,completion_phase,defaulted,0,0.6109
SURV-02141,24,23,0.9583,0.2031,35763.55,7263.04,0.467,3,0,0.249,0,0,Sari-Sari / Small Retail,Owned (Clean Title),Widowed,1,3.2,completion_phase,defaulted,1,0.6964
SURV-02142,36,35,0.9722,0.2416,17404.85,4204.56,0.632,4,0,0.367,0,1,Tricycle / PUV Operator,Living with Parents/Relatives,Widowed,4,4.0,completion_phase,defaulted,1,0.5197
SURV-02143,12,6,0.5,0.2947,26735.47,7877.69,0.799,1,3,0.118,0,0,BPO / Call Center Agent,Owned (Clean Title),Single,2,8.5,core_stability,completed,6,0.7197
SURV-02144,36,10,0.2778,0.2387,21033.45,5020.64,0.323,4,0,0.274,0,0,Tricycle / PUV Operator,Owned (Inherited/Tax Dec),Married,1,1.5,core_stability,defaulted,1,0.618
SURV-02145,36,26,0.7222,0.2554,12119.58,3095.14,0.594,3,1,0.407,1,1,Agri / Farmer / Fisherfolk,Living with Parents/Relatives,Widowed,1,3.1,core_stability,defaulted,1,0.5555
SURV-02146,36,35,0.9722,0.1489,31717.68,4721.73,0.69,1,1,0.079,0,0,Sari-Sari / Small Retail,Owned (Clean Title),Single,0,5.9,completion_phase,defaulted,1,0.668
SURV-02147,36,19,0.5278,0.3479,18199.81,6331.27,0.218,4,0,0.253,0,0,Employed (Private/Gov),Living with Parents/Relatives,Married,1,13.9,option_window,defaulted,1,0.6104
SURV-02148,36,32,0.8889,0.1046,33666.62,3522.54,0.959,0,4,0.0,0,0,BPO / Call Center Agent,Owned (Inherited/Tax Dec),Married,1,13.3,core_stability,completed,4,0.6849
SURV-02149,12,10,0.8333,0.6629,17955.65,11903.06,0.584,4,0,0.243,1,1,Tricycle / PUV Operator,Owned (Inherited/Tax Dec),Married,1,8.4,completion_phase,defaulted,1,0.5423
SURV-02150,24,17,0.7083,0.1132,26761.97,3029.31,0.861,0,3,0.0,0,0,Employed (Private/Gov),Owned (Clean Title),Married,0,11.2,core_stability,completed,7,0.7392
SURV-02151,24,24,1.0,0.3272,12000.0,3926.53,0.331,2,0,0.154,0,0,Agri / Farmer / Fisherfolk,Rented (Apartment/House),Married,4,6.9,completion_phase,defaulted,0,0.5603
SURV-02152,36,3,0.0833,0.2178,25197.03,5488.25,0.485,4,0,0.233,0,0,Sari-Sari / Small Retail,Rented (Apartment/House),Married,2,8.6,onboarding_risk,defaulted,1,0.5828
SURV-02153,36,26,0.7222,0.1102,28757.66,3170.48,0.966,0,6,0.0,0,0,Employed (Private/Gov),Owned (Clean Title),Widowed,2,10.8,core_stability,completed,10,0.7104
SURV-02154,24,18,0.75,0.0786,48365.65,3801.92,0.964,0,3,0.0,0,0,Public School Teacher,Rented (Apartment/House),Married,2,15.1,core_stability,completed,6,0.767
SURV-02155,24,19,0.7917,0.1033,44585.59,4605.23,0.89,0,2,0.0,0,0,OFW Remittance / Dependent,Living with Parents/Relatives,Widowed,2,7.9,core_stability,completed,5,0.7489
SURV-02156,12,2,0.1667,0.3033,37816.28,11469.34,0.645,0,0,0.122,0,0,Public School Teacher,Owned (Clean Title),Married,1,15.8,onboarding_risk,defaulted,4,0.7809
SURV-02157,24,20,0.8333,0.1401,43171.44,6050.31,0.842,1,1,0.004,0,0,Public School Teacher,Living with Parents/Relatives,Widowed,1,2.5,core_stability,completed,4,0.7641
SURV-02158,24,14,0.5833,0.1271,38734.98,4921.28,0.9,0,5,0.0,0,0,Employed (Private/Gov),Owned (Clean Title),Married,4,6.7,core_stability,early_settled,0,0.7436
SURV-02159,12,7,0.5833,0.4729,30508.41,14428.89,0.325,4,1,0.42,0,0,BPO / Call Center Agent,Owned (Clean Title),Single,3,14.1,core_stability,defaulted,0,0.6694
SURV-02160,24,19,0.7917,0.138,29248.34,4035.57,0.899,0,7,0.0,0,0,BPO / Call Center Agent,Owned (Clean Title),Single,1,10.6,core_stability,completed,5,0.8429
SURV-02161,24,5,0.2083,0.072,48030.66,3456.47,0.947,0,5,0.0,0,0,OFW Remittance / Dependent,Living with Parents/Relatives,Married,2,5.0,core_stability,completed,19,0.7691
SURV-02162,12,12,1.0,0.3371,22817.24,7692.2,0.641,2,0,0.252,1,0,Agri / Farmer / Fisherfolk,Owned (Clean Title),Widowed,0,10.3,completion_phase,defaulted,0,0.6548
SURV-02163,12,6,0.5,0.2312,26118.31,6037.5,0.421,2,0,0.207,1,0,Employed (Private/Gov),Living with Parents/Relatives,Single,2,2.2,core_stability,defaulted,0,0.7082
SURV-02164,12,7,0.5833,0.7529,19635.92,14784.27,0.216,3,0,0.397,1,0,Tricycle / PUV Operator,Rented (Apartment/House),Married,1,4.6,core_stability,defaulted,1,0.5809
SURV-02165,36,2,0.0556,0.1503,30281.01,4552.41,0.699,1,2,0.061,0,0,BPO / Call Center Agent,Living with Parents/Relatives,Widowed,2,10.1,onboarding_risk,early_settled,10,0.7068
SURV-02166,24,17,0.7083,0.1999,35128.39,7022.83,0.7,0,0,0.047,0,0,Public School Teacher,Living with Parents/Relatives,Married,3,6.6,core_stability,completed,7,0.7486
SURV-02167,36,13,0.3611,0.1819,20756.22,3775.27,0.793,0,2,0.096,0,0,Sari-Sari / Small Retail,Owned (Inherited/Tax Dec),Single,2,8.4,option_window,defaulted,0,0.6407
SURV-02168,24,7,0.2917,0.2782,12140.04,3377.5,0.332,1,0,0.427,0,0,Sari-Sari / Small Retail,Living with Parents/Relatives,Single,1,3.2,core_stability,completed,17,0.6529
SURV-02169,36,28,0.7778,0.1927,29022.76,5594.09,0.995,0,1,0.0,0,0,Public School Teacher,Owned (Clean Title),Single,1,14.8,core_stability,completed,8,0.7098
SURV-02170,24,6,0.25,0.1177,55429.34,6523.59,0.959,0,2,0.0,0,0,OFW Remittance / Dependent,Owned (Inherited/Tax Dec),Single,0,3.7,core_stability,completed,18,0.7908
SURV-02171,24,1,0.0417,0.1941,25219.93,4896.03,0.717,1,0,0.098,0,0,BPO / Call Center Agent,Owned (Inherited/Tax Dec),Married,1,4.7,onboarding_risk,defaulted,5,0.7042
SURV-02172,36,8,0.2222,0.0759,53398.22,4052.88,0.996,0,5,0.0,0,0,OFW Remittance / Dependent,Living with Parents/Relatives,Single,2,6.6,core_stability,completed,28,0.7505
SURV-02173,36,15,0.4167,0.2549,23676.32,6034.76,0.283,3,1,0.36,0,0,Sari-Sari / Small Retail,Owned (Inherited/Tax Dec),Married,0,5.3,option_window,defaulted,0,0.6698
SURV-02174,12,7,0.5833,0.2898,41874.66,12136.03,0.659,0,3,0.129,0,0,OFW Remittance / Dependent,Owned (Inherited/Tax Dec),Married,1,8.0,core_stability,completed,5,0.7578
SURV-02175,12,5,0.4167,0.8038,17573.82,14126.25,0.465,4,1,0.16,0,0,Agri / Farmer / Fisherfolk,Living with Parents/Relatives,Married,0,7.3,core_stability,defaulted,0,0.5667
SURV-02176,12,3,0.25,0.6655,19309.92,12851.39,0.321,1,0,0.299,1,0,BPO / Call Center Agent,Owned (Inherited/Tax Dec),Married,2,10.0,onboarding_risk,defaulted,1,0.6194
SURV-02177,24,24,1.0,0.2019,39597.47,7995.89,0.742,0,3,0.075,0,0,OFW Remittance / Dependent,Owned (Clean Title),Single,0,2.9,completion_phase,defaulted,0,0.697
SURV-02178,36,20,0.5556,0.1051,29510.56,3102.44,0.629,1,3,0.108,0,0,BPO / Call Center Agent,Living with Parents/Relatives,Widowed,3,9.5,option_window,defaulted,0,0.6962
SURV-02179,24,15,0.625,0.2234,41020.58,9163.83,0.723,1,1,0.055,0,0,OFW Remittance / Dependent,Rented (Apartment/House),Widowed,0,7.7,core_stability,completed,9,0.6619
SURV-02180,24,2,0.0833,0.2179,42085.63,9169.21,0.829,1,1,0.052,0,0,Public School Teacher,Living with Parents/Relatives,Married,0,14.6,onboarding_risk,completed,22,0.7282
SURV-02181,24,13,0.5417,0.2174,30505.8,6631.01,0.634,1,0,0.063,0,0,Employed (Private/Gov),Owned (Clean Title),Single,0,8.3,option_window,completed,11,0.7581
SURV-02182,24,2,0.0833,0.2578,26599.35,6856.66,0.342,3,1,0.417,1,0,Public School Teacher,Living with Parents/Relatives,Single,0,2.8,onboarding_risk,defaulted,0,0.6301
SURV-02183,12,3,0.25,0.1544,31783.31,4907.47,0.605,1,1,0.119,1,0,Employed (Private/Gov),Living with Parents/Relatives,Widowed,2,1.0,onboarding_risk,completed,9,0.783
SURV-02184,24,2,0.0833,0.2475,34564.58,8555.82,0.73,0,2,0.129,0,0,Public School Teacher,Living with Parents/Relatives,Widowed,4,10.9,onboarding_risk,completed,22,0.7153
SURV-02185,24,15,0.625,0.1363,45655.28,6223.14,0.711,0,1,0.045,0,0,OFW Remittance / Dependent,Owned (Clean Title),Single,1,1.3,core_stability,completed,9,0.7509
SURV-02186,12,1,0.0833,0.3182,28615.54,9105.38,0.59,1,1,0.418,0,0,Public School Teacher,Owned (Inherited/Tax Dec),Widowed,1,2.4,onboarding_risk,completed,11,0.7473
SURV-02187,36,20,0.5556,0.1554,17563.0,2729.28,0.474,3,0,0.384,0,1,Agri / Farmer / Fisherfolk,Living with Parents/Relatives,Married,2,3.8,option_window,defaulted,1,0.6065
SURV-02188,12,12,1.0,0.2792,26198.89,7314.99,0.504,1,0,0.221,0,1,Employed (Private/Gov),Living with Parents/Relatives,Single,4,9.4,completion_phase,defaulted,0,0.6674
SURV-02189,36,24,0.6667,0.2344,30711.03,7198.86,0.411,1,0,0.438,1,0,Employed (Private/Gov),Living with Parents/Relatives,Married,1,3.1,option_window,defaulted,0,0.6387
SURV-02190,12,10,0.8333,0.187,63051.91,11791.17,0.921,0,10,0.0,0,0,OFW Remittance / Dependent,Owned (Inherited/Tax Dec),Single,1,5.3,completion_phase,completed,2,0.7843
SURV-02191,24,5,0.2083,0.3528,12000.0,4233.82,0.338,4,1,0.339,1,1,Agri / Farmer / Fisherfolk,Rented (Apartment/House),Married,2,16.5,core_stability,defaulted,0,0.6222
SURV-02192,36,5,0.1389,0.1664,29693.84,4940.62,0.737,1,1,0.13,0,0,Public School Teacher,Rented (Apartment/House),Married,3,6.1,core_stability,defaulted,0,0.6309
SURV-02193,36,1,0.0278,0.1102,32677.22,3601.88,0.693,0,0,0.137,0,0,BPO / Call Center Agent,Owned (Clean Title),Married,4,1.1,onboarding_risk,completed,35,0.665
SURV-02194,24,8,0.3333,0.3044,14081.79,4286.18,0.213,3,0,0.266,0,1,Tricycle / PUV Operator,Owned (Clean Title),Single,3,6.6,core_stability,defaulted,0,0.606
SURV-02195,24,9,0.375,0.0834,54852.53,4575.13,0.963,0,1,0.0,0,0,OFW Remittance / Dependent,Rented (Apartment/House),Single,1,10.3,core_stability,completed,15,0.7691
SURV-02196,24,24,1.0,0.1824,31298.81,5708.0,0.659,0,0,0.023,0,0,Public School Teacher,Rented (Apartment/House),Widowed,0,2.5,completion_phase,completed,0,0.6346
SURV-02197,24,6,0.25,0.1585,35569.16,5636.39,0.827,1,1,0.031,0,0,BPO / Call Center Agent,Living with Parents/Relatives,Married,3,10.1,core_stability,completed,18,0.7096
SURV-02198,36,17,0.4722,0.0411,80606.82,3311.0,0.92,0,3,0.0,0,0,OFW Remittance / Dependent,Rented (Apartment/House),Widowed,1,20.0,option_window,completed,19,0.7613
SURV-02199,36,26,0.7222,0.1105,18476.2,2041.81,0.815,1,0,0.05,0,0,Tricycle / PUV Operator,Owned (Inherited/Tax Dec),Widowed,0,8.2,core_stability,defaulted,1,0.6525
SURV-02200,36,3,0.0833,0.0402,75438.33,3031.6,0.989,0,2,0.0,0,0,OFW Remittance / Dependent,Owned (Clean Title),Married,1,19.1,onboarding_risk,completed,33,0.7578
SURV-02201,24,11,0.4583,0.4016,12482.09,5013.29,0.478,3,0,0.225,0,0,Agri / Farmer / Fisherfolk,Owned (Inherited/Tax Dec),Married,3,9.0,option_window,defaulted,0,0.6273
SURV-02202,36,24,0.6667,0.2543,19899.28,5059.57,0.631,3,1,0.321,1,1,Sari-Sari / Small Retail,Living with Parents/Relatives,Married,2,2.6,option_window,defaulted,1,0.6589
SURV-02203,24,21,0.875,0.051,70214.57,3577.61,0.916,0,5,0.0,0,0,OFW Remittance / Dependent,Owned (Clean Title),Married,2,14.0,completion_phase,early_settled,0,0.8331
SURV-02204,24,9,0.375,0.0785,37524.57,2946.01,0.997,0,2,0.0,0,0,Public School Teacher,Rented (Apartment/House),Widowed,1,10.3,core_stability,completed,15,0.7776
SURV-02205,12,5,0.4167,0.4491,23337.19,10480.09,0.538,3,0,0.325,1,1,BPO / Call Center Agent,Rented (Apartment/House),Married,2,5.4,core_stability,early_settled,6,0.6554
SURV-02206,24,22,0.9167,0.2455,30860.51,7576.73,0.844,1,1,0.045,0,0,Public School Teacher,Owned (Clean Title),Widowed,4,4.0,completion_phase,defaulted,0,0.671
SURV-02207,36,3,0.0833,0.2006,32417.41,6502.87,0.739,0,1,0.106,0,0,OFW Remittance / Dependent,Rented (Apartment/House),Married,2,6.9,onboarding_risk,early_settled,22,0.6459
SURV-02208,36,26,0.7222,0.1846,37480.23,6917.42,0.66,1,0,0.082,0,0,Employed (Private/Gov),Owned (Clean Title),Married,3,6.2,core_stability,defaulted,1,0.6697
SURV-02209,36,11,0.3056,0.3219,13143.83,4230.82,0.502,4,0,0.421,0,0,Tricycle / PUV Operator,Owned (Inherited/Tax Dec),Married,4,7.1,core_stability,defaulted,1,0.5835
SURV-02210,12,3,0.25,0.4076,22690.66,9249.12,0.372,4,0,0.429,0,1,Tricycle / PUV Operator,Living with Parents/Relatives,Married,0,8.8,onboarding_risk,defaulted,0,0.6506
SURV-02211,36,15,0.4167,0.1715,26336.89,4516.98,0.604,1,0,0.305,0,0,Agri / Farmer / Fisherfolk,Rented (Apartment/House),Single,3,3.7,option_window,completed,21,0.5211
SURV-02212,36,31,0.8611,0.2499,22288.81,5569.04,0.722,1,3,0.128,1,0,Sari-Sari / Small Retail,Owned (Clean Title),Widowed,1,8.4,core_stability,completed,5,0.6519
SURV-02213,24,18,0.75,0.1924,31025.86,5968.4,0.677,1,2,0.1,0,0,Public School Teacher,Owned (Clean Title),Married,3,5.9,core_stability,defaulted,1,0.7548
SURV-02214,12,4,0.3333,0.8491,17377.03,14754.56,0.507,2,0,0.195,0,0,Tricycle / PUV Operator,Owned (Clean Title),Widowed,2,7.6,onboarding_risk,completed,8,0.5788
SURV-02215,24,20,0.8333,0.2073,39395.14,8165.05,0.796,0,2,0.135,1,0,Public School Teacher,Rented (Apartment/House),Married,2,7.9,core_stability,completed,4,0.7141
SURV-02216,36,30,0.8333,0.1718,37425.71,6431.09,0.91,0,1,0.0,0,0,Public School Teacher,Living with Parents/Relatives,Married,1,13.4,core_stability,completed,6,0.7733
SURV-02217,36,29,0.8056,0.1192,40529.55,4831.99,0.891,0,12,0.0,0,0,Employed (Private/Gov),Living with Parents/Relatives,Married,0,5.1,core_stability,early_settled,0,0.7237
SURV-02218,12,5,0.4167,0.4972,28990.75,14415.03,0.55,3,0,0.245,0,1,Sari-Sari / Small Retail,Owned (Clean Title),Married,2,8.7,core_stability,defaulted,0,0.6302
SURV-02219,24,18,0.75,0.214,36232.33,7754.99,0.639,0,1,0.013,1,0,Public School Teacher,Rented (Apartment/House),Single,3,11.6,core_stability,defaulted,1,0.6819
SURV-02220,12,3,0.25,0.1568,37030.96,5807.74,0.614,1,1,0.054,0,0,Employed (Private/Gov),Living with Parents/Relatives,Married,1,10.1,onboarding_risk,early_settled,9,0.7773
SURV-02221,12,6,0.5,0.5388,21053.92,11343.89,0.219,4,1,0.309,1,1,Agri / Farmer / Fisherfolk,Owned (Inherited/Tax Dec),Widowed,3,7.9,core_stability,defaulted,0,0.6013
SURV-02222,12,6,0.5,0.1474,38621.85,5694.63,0.805,1,3,0.136,0,0,BPO / Call Center Agent,Owned (Clean Title),Married,2,3.0,core_stability,defaulted,1,0.7172
SURV-02223,36,17,0.4722,0.285,24014.21,6844.7,0.544,2,1,0.445,0,0,Tricycle / PUV Operator,Owned (Inherited/Tax Dec),Married,1,3.0,option_window,defaulted,1,0.5413
SURV-02224,24,20,0.8333,0.3635,19136.71,6955.77,0.321,3,0,0.256,0,0,Sari-Sari / Small Retail,Rented (Apartment/House),Married,3,11.4,core_stability,defaulted,0,0.5956
SURV-02225,36,22,0.6111,0.3808,12000.0,4569.41,0.489,1,0,0.369,0,0,Agri / Farmer / Fisherfolk,Rented (Apartment/House),Married,0,6.8,option_window,defaulted,1,0.5298
SURV-02226,12,4,0.3333,0.3522,38085.07,13414.43,0.368,4,1,0.378,0,1,BPO / Call Center Agent,Living with Parents/Relatives,Married,2,15.1,onboarding_risk,completed,8,0.6913
SURV-02227,24,16,0.6667,0.1571,40223.78,6318.52,0.772,0,1,0.137,0,0,Employed (Private/Gov),Living with Parents/Relatives,Widowed,3,3.9,core_stability,completed,8,0.669
SURV-02228,36,33,0.9167,0.1467,34935.85,5126.59,0.632,1,3,0.037,0,0,BPO / Call Center Agent,Rented (Apartment/House),Married,0,7.4,completion_phase,completed,3,0.7077
SURV-02229,12,9,0.75,0.5577,27165.33,15148.91,0.433,4,1,0.258,1,0,Employed (Private/Gov),Rented (Apartment/House),Single,0,16.0,completion_phase,defaulted,0,0.6077
SURV-02230,24,11,0.4583,0.2229,30076.09,6705.4,0.618,4,0,0.224,0,1,BPO / Call Center Agent,Rented (Apartment/House),Widowed,1,8.9,option_window,defaulted,0,0.7467
SURV-02231,36,30,0.8333,0.2238,18545.83,4150.39,0.496,1,0,0.216,1,1,Agri / Farmer / Fisherfolk,Rented (Apartment/House),Widowed,3,2.8,core_stability,defaulted,0,0.552
SURV-02232,24,10,0.4167,0.1393,25762.07,3589.52,0.71,0,0,0.087,0,0,Sari-Sari / Small Retail,Rented (Apartment/House),Married,2,7.5,core_stability,defaulted,0,0.692
SURV-02233,12,8,0.6667,0.1609,32357.74,5205.64,0.606,1,0,0.009,0,0,Employed (Private/Gov),Owned (Inherited/Tax Dec),Married,1,3.2,core_stability,defaulted,0,0.7667
SURV-02234,12,12,1.0,0.7369,13971.47,10295.81,0.402,3,1,0.173,0,0,Agri / Farmer / Fisherfolk,Rented (Apartment/House),Single,0,5.5,completion_phase,defaulted,0,0.591
SURV-02235,24,16,0.6667,0.2119,29245.66,6198.14,0.795,1,3,0.055,0,0,BPO / Call Center Agent,Owned (Clean Title),Widowed,1,8.7,core_stability,defaulted,1,0.6883
SURV-02236,12,4,0.3333,0.3182,23715.24,7546.32,0.251,2,0,0.398,1,1,Public School Teacher,Living with Parents/Relatives,Single,3,4.2,onboarding_risk,defaulted,3,0.6959
SURV-02237,36,9,0.25,0.2261,26909.11,6082.93,0.785,1,1,0.016,0,0,BPO / Call Center Agent,Owned (Clean Title),Married,2,4.6,core_stability,completed,27,0.6399
SURV-02238,12,3,0.25,0.1891,37154.19,7026.89,0.662,0,0,0.141,0,0,BPO / Call Center Agent,Living with Parents/Relatives,Widowed,3,8.4,onboarding_risk,completed,9,0.7608
SURV-02239,12,5,0.4167,0.2664,36634.34,9758.24,0.739,1,2,0.094,0,0,Public School Teacher,Owned (Clean Title),Married,1,5.9,core_stability,completed,7,0.7505
SURV-02240,24,23,0.9583,0.0447,76543.14,3423.93,0.857,0,10,0.0,0,0,OFW Remittance / Dependent,Rented (Apartment/House),Widowed,0,12.8,completion_phase,completed,1,0.7995
SURV-02241,24,14,0.5833,0.4078,16373.4,6676.81,0.488,3,0,0.212,0,1,BPO / Call Center Agent,Owned (Inherited/Tax Dec),Married,1,12.1,core_stability,defaulted,1,0.6361
SURV-02242,12,7,0.5833,0.3716,23956.62,8902.47,0.296,1,1,0.152,0,1,Agri / Farmer / Fisherfolk,Owned (Inherited/Tax Dec),Widowed,1,7.8,core_stability,defaulted,1,0.6861
SURV-02243,36,18,0.5,0.0733,63739.64,4673.97,0.984,0,9,0.0,0,0,OFW Remittance / Dependent,Rented (Apartment/House),Married,2,7.7,option_window,early_settled,0,0.7472
SURV-02244,36,19,0.5278,0.1369,25438.54,3481.55,0.265,2,0,0.337,1,0,Tricycle / PUV Operator,Living with Parents/Relatives,Married,2,2.5,option_window,defaulted,1,0.676
SURV-02245,24,11,0.4583,0.3251,21760.79,7075.04,0.543,2,1,0.385,1,0,Tricycle / PUV Operator,Owned (Inherited/Tax Dec),Widowed,3,8.7,option_window,completed,13,0.5948
SURV-02246,12,3,0.25,0.2663,34591.51,9213.32,0.689,0,0,0.056,0,0,Public School Teacher,Rented (Apartment/House),Married,0,6.4,onboarding_risk,completed,9,0.7501
SURV-02247,12,3,0.25,0.5016,23909.49,11992.95,0.508,4,0,0.193,0,1,Sari-Sari / Small Retail,Owned (Clean Title),Widowed,2,4.8,onboarding_risk,defaulted,1,0.6069
SURV-02248,12,10,0.8333,0.3634,39927.03,14508.69,0.485,3,0,0.355,0,0,Public School Teacher,Living with Parents/Relatives,Widowed,2,2.3,completion_phase,defaulted,1,0.6656
SURV-02249,12,3,0.25,0.7496,18525.25,13886.74,0.444,4,0,0.158,0,0,Agri / Farmer / Fisherfolk,Owned (Inherited/Tax Dec),Widowed,1,17.7,onboarding_risk,defaulted,1,0.5969
SURV-02250,36,17,0.4722,0.0423,61880.97,2617.83,0.938,0,11,0.0,0,0,OFW Remittance / Dependent,Living with Parents/Relatives,Single,2,1.0,option_window,completed,19,0.7023
SURV-02251,36,9,0.25,0.0476,56085.88,2671.17,0.902,0,6,0.0,0,0,OFW Remittance / Dependent,Owned (Clean Title),Single,1,8.7,core_stability,completed,27,0.7785
SURV-02252,36,8,0.2222,0.144,37898.18,5456.59,0.808,0,0,0.07,0,0,Sari-Sari / Small Retail,Owned (Clean Title),Widowed,1,17.3,core_stability,completed,28,0.6547
SURV-02253,36,18,0.5,0.1146,52396.07,6007.18,0.887,0,10,0.0,0,0,OFW Remittance / Dependent,Owned (Inherited/Tax Dec),Widowed,4,5.1,option_window,early_settled,0,0.7448
SURV-02254,24,10,0.4167,0.127,24578.14,3120.74,0.792,0,1,0.034,0,0,Sari-Sari / Small Retail,Owned (Clean Title),Single,1,13.6,core_stability,completed,14,0.6931
SURV-02255,12,6,0.5,0.3199,32397.99,10365.5,0.279,3,0,0.298,0,1,BPO / Call Center Agent,Owned (Clean Title),Married,1,7.8,core_stability,defaulted,1,0.7233
SURV-02256,36,6,0.1667,0.04,64349.32,2571.14,0.939,0,2,0.0,0,0,OFW Remittance / Dependent,Owned (Inherited/Tax Dec),Single,0,3.4,core_stability,completed,30,0.7014
SURV-02257,24,8,0.3333,0.2943,20431.96,6013.94,0.205,2,0,0.262,0,0,Employed (Private/Gov),Living with Parents/Relatives,Widowed,3,7.8,core_stability,defaulted,0,0.7032
SURV-02258,12,3,0.25,0.3165,20784.95,6578.96,0.326,3,0,0.259,0,0,Agri / Farmer / Fisherfolk,Rented (Apartment/House),Single,0,6.2,onboarding_risk,defaulted,3,0.6266
SURV-02259,24,16,0.6667,0.3138,22085.62,6929.92,0.514,2,0,0.201,0,0,Sari-Sari / Small Retail,Living with Parents/Relatives,Single,0,5.0,core_stability,defaulted,1,0.6479
SURV-02260,24,14,0.5833,0.2627,27725.82,7284.36,0.538,3,1,0.314,0,0,Sari-Sari / Small Retail,Living with Parents/Relatives,Married,1,3.6,core_stability,defaulted,0,0.6624
SURV-02261,24,17,0.7083,0.1146,50065.83,5735.57,0.958,0,9,0.0,0,0,OFW Remittance / Dependent,Owned (Clean Title),Single,2,8.2,core_stability,early_settled,0,0.7861
SURV-02262,24,15,0.625,0.4974,18599.49,9252.26,0.224,4,0,0.441,1,0,Tricycle / PUV Operator,Owned (Clean Title),Married,3,8.6,core_stability,defaulted,1,0.5228
SURV-02263,36,8,0.2222,0.2492,23021.43,5736.32,0.553,4,0,0.18,1,0,Tricycle / PUV Operator,Owned (Clean Title),Married,1,4.1,core_stability,defaulted,0,0.5919
SURV-02264,24,4,0.1667,0.3815,18101.85,6906.7,0.452,1,0,0.422,0,1,Agri / Farmer / Fisherfolk,Living with Parents/Relatives,Single,2,5.8,onboarding_risk,defaulted,1,0.5914
SURV-02265,36,20,0.5556,0.0805,67322.06,5419.19,0.945,0,11,0.0,0,0,OFW Remittance / Dependent,Living with Parents/Relatives,Widowed,3,9.7,option_window,completed,16,0.7294
SURV-02266,24,1,0.0417,0.2339,20199.07,4724.74,0.596,2,0,0.449,0,1,OFW Remittance / Dependent,Rented (Apartment/House),Single,3,13.0,onboarding_risk,defaulted,2,0.6678
SURV-02267,24,24,1.0,0.2887,31493.77,9091.86,0.551,3,1,0.301,1,0,Public School Teacher,Rented (Apartment/House),Married,2,3.9,completion_phase,defaulted,0,0.6197
SURV-02268,24,19,0.7917,0.2686,14576.26,3915.37,0.279,1,1,0.381,0,0,Agri / Farmer / Fisherfolk,Owned (Inherited/Tax Dec),Single,0,3.7,core_stability,defaulted,1,0.6552
SURV-02269,12,12,1.0,0.1816,32290.43,5863.13,0.854,0,4,0.0,0,0,Public School Teacher,Owned (Clean Title),Single,2,7.4,completion_phase,completed,0,0.7627
SURV-02270,36,14,0.3889,0.2591,21897.06,5673.17,0.624,0,3,0.015,0,0,Employed (Private/Gov),Living with Parents/Relatives,Married,2,14.1,option_window,early_settled,13,0.7358
SURV-02271,12,10,0.8333,0.2356,32116.52,7567.18,0.667,0,0,0.071,0,0,Employed (Private/Gov),Owned (Clean Title),Widowed,2,7.6,completion_phase,defaulted,0,0.74
SURV-02272,24,17,0.7083,0.2639,35384.29,9339.5,0.474,4,0,0.271,1,0,Public School Teacher,Owned (Clean Title),Married,3,4.0,core_stability,defaulted,1,0.7039
SURV-02273,36,27,0.75,0.1573,29869.63,4698.01,0.872,0,11,0.0,0,0,Public School Teacher,Living with Parents/Relatives,Married,1,6.9,core_stability,completed,9,0.7678
SURV-02274,36,28,0.7778,0.3952,17540.48,6932.13,0.569,3,1,0.166,0,0,Agri / Farmer / Fisherfolk,Owned (Inherited/Tax Dec),Married,2,6.3,core_stability,defaulted,0,0.5234
SURV-02275,24,1,0.0417,0.078,44558.14,3475.67,0.94,0,1,0.0,0,0,Public School Teacher,Living with Parents/Relatives,Widowed,4,5.9,onboarding_risk,completed,23,0.7458
SURV-02276,36,15,0.4167,0.116,38871.62,4508.94,0.805,0,3,0.131,0,0,Public School Teacher,Rented (Apartment/House),Married,1,4.2,option_window,completed,21,0.6811
SURV-02277,24,22,0.9167,0.1628,30819.57,5017.92,0.65,1,1,0.036,0,0,BPO / Call Center Agent,Rented (Apartment/House),Widowed,3,6.2,completion_phase,defaulted,1,0.7019
SURV-02278,12,8,0.6667,0.4284,19978.11,8557.88,0.326,3,1,0.282,0,0,BPO / Call Center Agent,Owned (Inherited/Tax Dec),Married,0,7.9,core_stability,defaulted,1,0.6937
SURV-02279,36,34,0.9444,0.151,20596.7,3111.0,0.848,0,1,0.028,1,0,Tricycle / PUV Operator,Owned (Clean Title),Married,2,23.8,completion_phase,completed,2,0.6188
SURV-02280,24,21,0.875,0.0956,30861.53,2950.06,0.693,0,2,0.015,0,0,BPO / Call Center Agent,Rented (Apartment/House),Single,0,8.5,completion_phase,completed,3,0.725
SURV-02281,36,14,0.3889,0.1589,15475.06,2459.34,0.658,0,2,0.071,0,0,Tricycle / PUV Operator,Owned (Clean Title),Married,0,6.2,option_window,completed,22,0.6263
SURV-02282,36,30,0.8333,0.0949,26104.95,2477.39,0.648,0,0,0.117,0,0,BPO / Call Center Agent,Owned (Inherited/Tax Dec),Married,2,4.0,core_stability,defaulted,1,0.6964
SURV-02283,36,34,0.9444,0.0626,68627.2,4298.31,0.903,0,8,0.0,0,0,OFW Remittance / Dependent,Living with Parents/Relatives,Single,2,7.9,completion_phase,completed,2,0.7151
SURV-02284,12,1,0.0833,0.6682,19596.19,13093.59,0.317,3,0,0.209,0,1,Sari-Sari / Small Retail,Living with Parents/Relatives,Widowed,2,8.7,onboarding_risk,defaulted,4,0.6031
SURV-02285,24,16,0.6667,0.2501,33988.42,8501.94,0.829,0,2,0.149,0,0,Public School Teacher,Owned (Inherited/Tax Dec),Married,4,15.8,core_stability,completed,8,0.7421
SURV-02286,24,23,0.9583,0.519,18116.22,9401.46,0.285,1,0,0.41,0,0,Tricycle / PUV Operator,Owned (Inherited/Tax Dec),Single,3,5.2,completion_phase,defaulted,0,0.5543
SURV-02287,12,6,0.5,0.2452,21323.46,5228.03,0.808,0,3,0.081,0,0,BPO / Call Center Agent,Living with Parents/Relatives,Single,2,5.7,core_stability,completed,6,0.7215
SURV-02288,36,24,0.6667,0.1761,26084.37,4593.97,0.697,1,3,0.145,1,0,BPO / Call Center Agent,Living with Parents/Relatives,Married,1,8.8,option_window,completed,12,0.6567
SURV-02289,36,7,0.1944,0.0942,58985.35,5558.77,0.879,0,7,0.0,0,0,OFW Remittance / Dependent,Owned (Clean Title),Married,0,4.6,core_stability,completed,29,0.6841
SURV-02290,12,9,0.75,0.4431,13456.74,5963.02,0.233,1,0,0.322,0,1,Agri / Farmer / Fisherfolk,Rented (Apartment/House),Widowed,3,4.1,completion_phase,defaulted,0,0.5855
SURV-02291,12,12,1.0,0.3671,33942.97,12460.26,0.323,2,0,0.217,0,1,Public School Teacher,Living with Parents/Relatives,Married,2,2.9,completion_phase,defaulted,0,0.6481
SURV-02292,24,6,0.25,0.1804,35277.94,6363.16,0.802,1,0,0.024,0,0,Employed (Private/Gov),Owned (Inherited/Tax Dec),Married,1,5.6,core_stability,completed,18,0.6836
SURV-02293,36,32,0.8889,0.2691,20387.38,5486.41,0.307,1,0,0.306,1,0,Agri / Farmer / Fisherfolk,Rented (Apartment/House),Widowed,1,16.4,core_stability,defaulted,0,0.6263
SURV-02294,24,10,0.4167,0.1961,38123.33,7476.71,0.679,1,2,0.096,0,0,Employed (Private/Gov),Owned (Clean Title),Widowed,1,14.0,core_stability,defaulted,1,0.7608
SURV-02295,24,16,0.6667,0.0592,83003.86,4911.62,0.916,0,7,0.0,0,0,OFW Remittance / Dependent,Owned (Clean Title),Married,0,14.5,core_stability,early_settled,0,0.7852
SURV-02296,24,21,0.875,0.102,54239.91,5532.58,0.97,0,10,0.0,0,0,OFW Remittance / Dependent,Owned (Inherited/Tax Dec),Widowed,3,10.0,completion_phase,completed,3,0.7811
SURV-02297,24,2,0.0833,0.2422,29501.34,7146.25,0.747,1,3,0.092,0,0,BPO / Call Center Agent,Owned (Clean Title),Widowed,2,14.9,onboarding_risk,completed,22,0.7104
SURV-02298,36,20,0.5556,0.296,18646.53,5519.47,0.217,2,0,0.325,0,0,Tricycle / PUV Operator,Rented (Apartment/House),Married,1,6.5,option_window,defaulted,0,0.6044
SURV-02299,24,24,1.0,0.2024,25875.67,5237.65,0.65,1,3,0.026,0,0,Sari-Sari / Small Retail,Owned (Inherited/Tax Dec),Married,1,5.1,completion_phase,defaulted,0,0.7493
SURV-02300,12,10,0.8333,0.3034,22450.14,6810.96,0.256,4,1,0.25,0,0,Sari-Sari / Small Retail,Owned (Inherited/Tax Dec),Married,1,2.1,completion_phase,defaulted,1,0.6647
SURV-02301,12,5,0.4167,0.3721,37350.08,13899.48,0.497,3,0,0.162,1,0,OFW Remittance / Dependent,Owned (Inherited/Tax Dec),Single,0,2.2,core_stability,defaulted,2,0.7131
SURV-02302,24,14,0.5833,0.3112,12000.0,3734.81,0.526,2,1,0.167,1,0,Agri / Farmer / Fisherfolk,Owned (Clean Title),Married,2,2.7,core_stability,defaulted,0,0.6243
SURV-02303,12,10,0.8333,0.5245,20858.54,10939.61,0.625,3,0,0.19,0,0,BPO / Call Center Agent,Living with Parents/Relatives,Single,2,5.4,completion_phase,defaulted,0,0.6253
SURV-02304,36,12,0.3333,0.1032,29084.95,3000.4,0.849,1,3,0.044,0,0,BPO / Call Center Agent,Owned (Inherited/Tax Dec),Single,1,4.3,option_window,completed,24,0.694
SURV-02305,24,23,0.9583,0.2156,35619.7,7678.88,0.672,0,1,0.05,0,0,Employed (Private/Gov),Owned (Inherited/Tax Dec),Married,1,5.2,completion_phase,completed,1,0.706
SURV-02306,24,5,0.2083,0.1019,33623.26,3426.76,0.934,0,2,0.0,0,0,Sari-Sari / Small Retail,Owned (Inherited/Tax Dec),Married,0,5.3,core_stability,completed,19,0.6734
SURV-02307,24,21,0.875,0.1141,34345.08,3920.15,0.725,1,1,0.099,0,0,OFW Remittance / Dependent,Rented (Apartment/House),Single,0,9.0,completion_phase,completed,3,0.7097
SURV-02308,12,1,0.0833,0.454,27912.35,12671.21,0.298,1,1,0.446,0,0,Employed (Private/Gov),Living with Parents/Relatives,Single,2,5.5,onboarding_risk,defaulted,3,0.6641
SURV-02309,12,11,0.9167,0.3719,18233.82,6780.63,0.233,3,0,0.343,0,0,Tricycle / PUV Operator,Rented (Apartment/House),Widowed,1,3.6,completion_phase,defaulted,0,0.5936
SURV-02310,36,17,0.4722,0.2063,32675.41,6739.9,0.494,4,0,0.341,1,0,BPO / Call Center Agent,Rented (Apartment/House),Married,2,3.8,option_window,defaulted,0,0.7079
SURV-02311,24,2,0.0833,0.0804,40501.78,3257.28,0.885,0,2,0.0,0,0,Public School Teacher,Owned (Inherited/Tax Dec),Widowed,2,1.1,onboarding_risk,early_settled,10,0.7777
SURV-02312,12,3,0.25,0.2654,30024.88,7969.77,0.759,1,2,0.002,0,0,Employed (Private/Gov),Owned (Clean Title),Married,2,8.0,onboarding_risk,early_settled,7,0.7585
SURV-02313,36,35,0.9722,0.4221,15733.71,6641.59,0.589,2,1,0.232,0,1,Agri / Farmer / Fisherfolk,Owned (Inherited/Tax Dec),Married,1,3.6,completion_phase,defaulted,1,0.5422
SURV-02314,24,16,0.6667,0.525,12434.93,6528.77,0.471,1,0,0.295,0,0,Agri / Farmer / Fisherfolk,Owned (Inherited/Tax Dec),Married,3,9.3,core_stability,defaulted,1,0.529
SURV-02315,36,35,0.9722,0.1441,26387.09,3802.95,0.772,0,0,0.003,0,0,BPO / Call Center Agent,Owned (Inherited/Tax Dec),Married,4,2.6,completion_phase,defaulted,0,0.66
SURV-02316,36,17,0.4722,0.1011,34983.09,3535.86,0.983,0,9,0.0,0,0,Public School Teacher,Owned (Clean Title),Married,1,3.2,option_window,completed,19,0.7362
SURV-02317,12,5,0.4167,0.6406,16818.01,10774.38,0.508,4,1,0.198,0,0,Agri / Farmer / Fisherfolk,Rented (Apartment/House),Married,1,6.2,core_stability,defaulted,1,0.5213
SURV-02318,36,7,0.1944,0.2431,23110.81,5618.78,0.608,2,1,0.38,0,0,Tricycle / PUV Operator,Living with Parents/Relatives,Single,2,2.1,core_stability,defaulted,1,0.5881
SURV-02319,12,4,0.3333,0.2043,42441.11,8670.23,0.804,0,3,0.032,1,0,Public School Teacher,Rented (Apartment/House),Married,0,7.2,onboarding_risk,completed,8,0.7655
SURV-02320,36,22,0.6111,0.1134,52697.16,5977.43,0.943,0,9,0.0,0,0,OFW Remittance / Dependent,Owned (Inherited/Tax Dec),Widowed,0,1.0,option_window,early_settled,0,0.6728
SURV-02321,24,22,0.9167,0.222,31697.23,7035.89,0.755,1,0,0.011,0,0,Public School Teacher,Living with Parents/Relatives,Single,1,4.6,completion_phase,defaulted,1,0.6972
SURV-02322,24,19,0.7917,0.0723,41576.32,3005.57,0.889,0,11,0.0,0,0,Public School Teacher,Rented (Apartment/House),Married,4,6.3,core_stability,early_settled,0,0.7516
SURV-02323,12,1,0.0833,0.7818,18980.54,14839.44,0.576,1,1,0.271,0,0,Agri / Farmer / Fisherfolk,Owned (Inherited/Tax Dec),Married,2,4.7,onboarding_risk,defaulted,3,0.5914
SURV-02324,36,26,0.7222,0.1756,37097.27,6512.44,0.601,0,3,0.053,0,0,BPO / Call Center Agent,Owned (Clean Title),Single,1,9.6,core_stability,completed,10,0.6864
SURV-02325,36,24,0.6667,0.2748,20237.93,5560.61,0.554,4,0,0.174,1,0,Sari-Sari / Small Retail,Owned (Inherited/Tax Dec),Single,0,8.0,option_window,defaulted,1,0.6326
SURV-02326,24,16,0.6667,0.0915,40877.65,3739.04,0.993,0,4,0.0,0,0,Public School Teacher,Living with Parents/Relatives,Married,1,5.2,core_stability,completed,8,0.8191
SURV-02327,36,15,0.4167,0.1077,43085.77,4639.44,0.823,0,0,0.062,0,0,Employed (Private/Gov),Owned (Clean Title),Widowed,1,3.2,option_window,early_settled,6,0.7506
SURV-02328,36,12,0.3333,0.2824,17794.9,5024.68,0.266,3,0,0.335,1,0,Agri / Farmer / Fisherfolk,Owned (Inherited/Tax Dec),Married,2,2.0,option_window,defaulted,0,0.5579
SURV-02329,36,25,0.6944,0.1953,26791.07,5232.51,0.377,1,0,0.203,1,1,Tricycle / PUV Operator,Living with Parents/Relatives,Widowed,4,15.6,option_window,defaulted,1,0.5595
SURV-02330,36,3,0.0833,0.1256,47261.08,5935.2,0.731,1,3,0.099,1,0,OFW Remittance / Dependent,Rented (Apartment/House),Single,1,11.1,onboarding_risk,completed,33,0.6954
SURV-02331,24,16,0.6667,0.2597,17182.99,4462.12,0.277,2,0,0.17,0,0,Tricycle / PUV Operator,Owned (Inherited/Tax Dec),Widowed,0,15.5,core_stability,defaulted,1,0.6434
SURV-02332,36,27,0.75,0.1365,27708.5,3781.83,0.791,0,1,0.086,0,0,Sari-Sari / Small Retail,Owned (Clean Title),Widowed,0,5.7,core_stability,completed,9,0.7099
SURV-02333,24,5,0.2083,0.1771,34473.49,6103.92,0.603,1,2,0.039,0,0,BPO / Call Center Agent,Owned (Clean Title),Widowed,1,11.0,core_stability,defaulted,3,0.7531
SURV-02334,24,13,0.5417,0.1625,30537.96,4962.23,0.769,0,3,0.135,0,0,Public School Teacher,Rented (Apartment/House),Married,1,16.8,option_window,completed,11,0.7375
SURV-02335,12,6,0.5,0.2882,28214.88,8130.9,0.624,0,3,0.036,0,0,Employed (Private/Gov),Owned (Clean Title),Single,2,11.8,core_stability,defaulted,0,0.7151
SURV-02336,24,14,0.5833,0.2021,26246.05,5304.56,0.777,1,3,0.059,0,0,BPO / Call Center Agent,Rented (Apartment/House),Widowed,2,5.4,core_stability,completed,10,0.6652
SURV-02337,12,4,0.3333,0.1804,29208.51,5269.48,0.813,0,0,0.102,0,0,Employed (Private/Gov),Owned (Inherited/Tax Dec),Married,2,9.5,onboarding_risk,completed,8,0.7446
SURV-02338,12,3,0.25,0.135,66220.19,8938.88,0.707,1,3,0.085,0,0,OFW Remittance / Dependent,Rented (Apartment/House),Married,0,5.5,onboarding_risk,completed,9,0.798
SURV-02339,24,18,0.75,0.4632,20057.67,9291.15,0.206,2,0,0.157,0,0,Agri / Farmer / Fisherfolk,Owned (Clean Title),Widowed,3,4.7,core_stability,defaulted,0,0.5684
SURV-02340,36,27,0.75,0.1864,29210.6,5443.88,0.738,1,0,0.062,0,0,Employed (Private/Gov),Owned (Inherited/Tax Dec),Married,2,11.5,core_stability,defaulted,1,0.6632
SURV-02341,36,32,0.8889,0.1654,25130.31,4157.08,0.379,4,0,0.333,0,0,Sari-Sari / Small Retail,Rented (Apartment/House),Married,0,7.0,core_stability,defaulted,0,0.6475
SURV-02342,24,18,0.75,0.0802,46576.11,3736.93,0.682,0,2,0.121,0,0,OFW Remittance / Dependent,Rented (Apartment/House),Widowed,3,19.3,core_stability,completed,6,0.7645
SURV-02343,24,19,0.7917,0.2277,21600.59,4917.96,0.698,1,3,0.104,0,0,BPO / Call Center Agent,Owned (Inherited/Tax Dec),Married,3,5.5,core_stability,defaulted,1,0.6491
SURV-02344,12,9,0.75,0.2581,21704.96,5600.99,0.579,4,0,0.159,1,0,Tricycle / PUV Operator,Owned (Clean Title),Married,0,10.2,completion_phase,defaulted,1,0.7041
SURV-02345,24,22,0.9167,0.143,34617.84,4949.11,0.721,0,1,0.051,0,0,Employed (Private/Gov),Owned (Clean Title),Single,3,5.5,completion_phase,defaulted,0,0.7232
SURV-02346,12,4,0.3333,0.404,23362.1,9438.87,0.326,3,0,0.34,0,0,Sari-Sari / Small Retail,Owned (Clean Title),Married,2,5.2,onboarding_risk,defaulted,0,0.6987
SURV-02347,12,10,0.8333,0.1409,67881.89,9567.85,0.725,1,2,0.114,0,0,OFW Remittance / Dependent,Rented (Apartment/House),Married,2,2.2,completion_phase,completed,2,0.7481
SURV-02348,36,35,0.9722,0.0933,34492.48,3217.6,0.957,0,3,0.0,0,0,Public School Teacher,Rented (Apartment/House),Married,2,6.2,completion_phase,completed,1,0.7585
SURV-02349,12,7,0.5833,0.7743,18254.59,14135.05,0.226,2,0,0.406,0,0,Tricycle / PUV Operator,Owned (Inherited/Tax Dec),Widowed,3,2.7,core_stability,defaulted,1,0.5915
SURV-02350,36,9,0.25,0.1062,60252.97,6401.05,0.635,1,3,0.125,0,0,OFW Remittance / Dependent,Owned (Inherited/Tax Dec),Widowed,3,3.6,core_stability,completed,27,0.7087
SURV-02351,24,18,0.75,0.1644,29685.33,4880.56,0.93,0,2,0.0,0,0,Employed (Private/Gov),Owned (Inherited/Tax Dec),Married,1,6.9,core_stability,completed,6,0.7882
SURV-02352,36,10,0.2778,0.1404,39204.8,5505.0,0.872,0,4,0.0,0,0,Public School Teacher,Owned (Clean Title),Married,3,7.9,core_stability,defaulted,1,0.7051
SURV-02353,12,9,0.75,0.275,38429.43,10567.45,0.694,0,2,0.091,0,0,OFW Remittance / Dependent,Owned (Clean Title),Single,4,6.7,completion_phase,completed,3,0.7496
SURV-02354,12,10,0.8333,0.2861,27962.78,7998.87,0.584,3,0,0.301,1,0,Sari-Sari / Small Retail,Owned (Inherited/Tax Dec),Widowed,2,8.4,completion_phase,defaulted,0,0.7102
SURV-02355,12,5,0.4167,0.2804,36892.3,10343.55,0.645,0,1,0.033,0,0,Public School Teacher,Living with Parents/Relatives,Married,1,5.9,core_stability,completed,7,0.7035
SURV-02356,12,2,0.1667,0.4916,28133.15,13829.27,0.345,4,0,0.266,1,0,Public School Teacher,Living with Parents/Relatives,Widowed,3,15.2,onboarding_risk,completed,10,0.6511
SURV-02357,36,17,0.4722,0.1428,43619.6,6227.21,0.764,0,0,0.089,0,0,Public School Teacher,Rented (Apartment/House),Married,1,3.4,option_window,completed,19,0.698
SURV-02358,24,14,0.5833,0.1246,36826.0,4588.86,0.91,0,11,0.0,0,0,OFW Remittance / Dependent,Owned (Clean Title),Single,0,8.5,core_stability,completed,10,0.7284
SURV-02359,24,20,0.8333,0.1924,16548.58,3183.86,0.225,4,0,0.261,1,1,Tricycle / PUV Operator,Living with Parents/Relatives,Married,4,10.6,core_stability,defaulted,1,0.6991
SURV-02360,12,11,0.9167,0.3636,35355.51,12856.83,0.382,2,0,0.432,0,0,OFW Remittance / Dependent,Owned (Inherited/Tax Dec),Widowed,2,6.3,completion_phase,defaulted,1,0.7123
SURV-02361,12,1,0.0833,0.3183,29711.36,9457.4,0.351,2,1,0.407,1,0,Sari-Sari / Small Retail,Rented (Apartment/House),Single,3,13.1,onboarding_risk,defaulted,3,0.6826
SURV-02362,36,9,0.25,0.1617,19340.52,3126.59,0.5,1,0,0.416,1,1,Agri / Farmer / Fisherfolk,Living with Parents/Relatives,Widowed,2,3.6,core_stability,defaulted,1,0.5846
SURV-02363,12,8,0.6667,0.2831,21283.37,6025.66,0.217,1,1,0.284,0,1,Sari-Sari / Small Retail,Living with Parents/Relatives,Widowed,4,5.0,core_stability,defaulted,1,0.6944
SURV-02364,12,6,0.5,0.3946,31905.17,12588.48,0.311,4,1,0.187,0,1,Employed (Private/Gov),Owned (Clean Title),Single,2,2.4,core_stability,defaulted,0,0.6697
SURV-02365,24,16,0.6667,0.4186,14919.32,6245.18,0.5,4,0,0.152,0,0,Agri / Farmer / Fisherfolk,Rented (Apartment/House),Widowed,4,5.3,core_stability,defaulted,1,0.5485
SURV-02366,12,10,0.8333,0.1269,53559.28,6795.74,0.668,0,1,0.047,0,0,OFW Remittance / Dependent,Living with Parents/Relatives,Widowed,2,2.1,completion_phase,defaulted,1,0.7458
SURV-02367,12,1,0.0833,0.3397,36573.52,12422.56,0.637,2,0,0.304,0,1,BPO / Call Center Agent,Owned (Inherited/Tax Dec),Married,0,8.6,onboarding_risk,defaulted,2,0.7689
SURV-02368,36,11,0.3056,0.255,14930.63,3807.35,0.646,3,0,0.209,0,0,Agri / Farmer / Fisherfolk,Living with Parents/Relatives,Widowed,0,6.2,core_stability,defaulted,1,0.6045
SURV-02369,24,2,0.0833,0.2054,41763.81,8578.06,0.44,3,0,0.281,1,1,Employed (Private/Gov),Rented (Apartment/House),Married,2,3.6,onboarding_risk,completed,22,0.7283
SURV-02370,36,34,0.9444,0.4525,14309.01,6475.48,0.256,4,1,0.344,0,0,Agri / Farmer / Fisherfolk,Rented (Apartment/House),Single,1,2.8,completion_phase,defaulted,0,0.4763
SURV-02371,12,5,0.4167,0.4612,17074.26,7873.97,0.368,4,1,0.4,0,0,Tricycle / PUV Operator,Owned (Inherited/Tax Dec),Married,1,5.2,core_stability,defaulted,2,0.5826
SURV-02372,36,34,0.9444,0.0642,34319.86,2204.58,0.926,0,11,0.0,0,0,Public School Teacher,Owned (Clean Title),Single,2,2.6,completion_phase,defaulted,1,0.708
SURV-02373,12,6,0.5,0.4863,28970.64,14087.19,0.515,4,0,0.223,1,0,Sari-Sari / Small Retail,Owned (Inherited/Tax Dec),Single,1,4.4,core_stability,early_settled,6,0.6581
SURV-02374,12,12,1.0,0.3849,38030.85,14638.77,0.394,1,0,0.372,1,0,BPO / Call Center Agent,Rented (Apartment/House),Married,1,4.7,completion_phase,defaulted,0,0.655
SURV-02375,12,4,0.3333,0.2539,31461.27,7986.93,0.418,4,0,0.268,0,0,Employed (Private/Gov),Owned (Inherited/Tax Dec),Widowed,2,3.7,onboarding_risk,defaulted,3,0.7295
SURV-02376,12,2,0.1667,0.3726,22784.74,8489.36,0.259,2,0,0.244,0,1,BPO / Call Center Agent,Owned (Inherited/Tax Dec),Married,1,6.4,onboarding_risk,defaulted,1,0.7124
SURV-02377,24,13,0.5417,0.1691,35511.3,6003.63,0.323,2,0,0.389,0,0,BPO / Call Center Agent,Rented (Apartment/House),Single,1,2.4,option_window,defaulted,0,0.719
SURV-02378,24,15,0.625,0.1282,37242.56,4775.49,0.996,0,4,0.0,0,0,Employed (Private/Gov),Owned (Inherited/Tax Dec),Married,0,5.7,core_stability,completed,9,0.7347
SURV-02379,36,16,0.4444,0.1002,26347.19,2640.27,0.747,0,1,0.112,1,0,BPO / Call Center Agent,Living with Parents/Relatives,Widowed,0,3.4,option_window,early_settled,6,0.7018
SURV-02380,36,13,0.3611,0.1206,47779.4,5760.47,0.888,0,1,0.0,0,0,Public School Teacher,Owned (Clean Title),Single,2,10.1,option_window,completed,23,0.7573
SURV-02381,36,4,0.1111,0.1295,35310.85,4571.92,0.611,0,0,0.144,0,0,BPO / Call Center Agent,Living with Parents/Relatives,Married,0,7.2,onboarding_risk,defaulted,3,0.7262
SURV-02382,12,10,0.8333,0.6863,19554.9,13420.3,0.263,3,0,0.17,0,0,Agri / Farmer / Fisherfolk,Rented (Apartment/House),Widowed,0,5.0,completion_phase,defaulted,1,0.6148
SURV-02383,24,20,0.8333,0.2564,22138.54,5677.02,0.728,0,3,0.041,0,0,OFW Remittance / Dependent,Living with Parents/Relatives,Widowed,0,7.0,core_stability,defaulted,0,0.6682
SURV-02384,36,27,0.75,0.3009,15447.23,4648.23,0.645,4,0,0.233,0,0,Agri / Farmer / Fisherfolk,Rented (Apartment/House),Single,0,6.2,core_stability,defaulted,1,0.5487
SURV-02385,36,1,0.0278,0.0715,76952.87,5500.59,0.96,0,1,0.0,0,0,OFW Remittance / Dependent,Owned (Clean Title),Widowed,3,7.8,onboarding_risk,completed,35,0.7011
SURV-02386,12,4,0.3333,0.22,60063.77,13211.75,0.671,1,2,0.102,0,0,OFW Remittance / Dependent,Living with Parents/Relatives,Widowed,2,7.8,onboarding_risk,defaulted,3,0.7197
SURV-02387,24,18,0.75,0.1907,29970.53,5716.58,0.804,1,3,0.097,1,0,BPO / Call Center Agent,Owned (Clean Title),Single,2,5.2,core_stability,defaulted,1,0.6788
SURV-02388,12,11,0.9167,0.5013,21473.71,10765.25,0.264,2,0,0.235,0,0,BPO / Call Center Agent,Owned (Clean Title),Married,2,7.6,completion_phase,early_settled,0,0.6482
SURV-02389,24,3,0.125,0.1602,24125.04,3864.36,0.657,0,1,0.148,1,0,Sari-Sari / Small Retail,Rented (Apartment/House),Widowed,1,12.8,onboarding_risk,defaulted,2,0.6676
SURV-02390,24,12,0.5,0.1201,46106.85,5535.85,0.973,0,6,0.0,0,0,OFW Remittance / Dependent,Owned (Clean Title),Married,0,4.0,option_window,completed,12,0.7473
SURV-02391,12,12,1.0,0.192,40058.75,7689.83,0.723,1,3,0.14,0,0,Public School Teacher,Owned (Clean Title),Married,3,8.3,completion_phase,completed,0,0.7661
SURV-02392,12,11,0.9167,0.1895,76220.57,14446.55,0.768,0,3,0.022,0,0,OFW Remittance / Dependent,Owned (Clean Title),Single,1,2.4,completion_phase,completed,1,0.7666
SURV-02393,24,10,0.4167,0.1466,34702.36,5086.38,0.707,1,2,0.034,0,0,Public School Teacher,Rented (Apartment/House),Widowed,2,5.2,core_stability,early_settled,1,0.7543
SURV-02394,24,19,0.7917,0.3182,29130.47,9269.62,0.432,4,0,0.287,0,0,BPO / Call Center Agent,Rented (Apartment/House),Widowed,3,8.7,core_stability,defaulted,0,0.648
SURV-02395,36,26,0.7222,0.2156,27554.34,5939.87,0.767,1,2,0.146,0,0,BPO / Call Center Agent,Owned (Inherited/Tax Dec),Married,2,11.2,core_stability,completed,10,0.696
SURV-02396,24,2,0.0833,0.1968,25652.84,5048.78,0.636,1,1,0.105,0,0,Sari-Sari / Small Retail,Owned (Inherited/Tax Dec),Single,2,21.5,onboarding_risk,completed,22,0.6751
SURV-02397,12,4,0.3333,0.1065,77016.92,8199.91,0.926,0,4,0.0,0,0,OFW Remittance / Dependent,Living with Parents/Relatives,Single,0,8.6,onboarding_risk,completed,8,0.8071
SURV-02398,36,7,0.1944,0.1689,38803.89,6552.54,0.752,1,1,0.016,0,0,Public School Teacher,Owned (Clean Title),Single,2,1.9,core_stability,completed,29,0.7035
SURV-02399,24,22,0.9167,0.6106,12640.93,7718.97,0.379,4,1,0.444,1,1,Agri / Farmer / Fisherfolk,Living with Parents/Relatives,Married,2,14.3,completion_phase,defaulted,1,0.5599
SURV-02400,12,10,0.8333,0.2377,30245.18,7188.55,0.649,1,1,0.074,0,0,Public School Teacher,Rented (Apartment/House),Single,0,6.6,completion_phase,completed,2,0.7405
SURV-02401,36,35,0.9722,0.0954,34988.8,3338.86,0.61,0,0,0.071,0,0,BPO / Call Center Agent,Owned (Inherited/Tax Dec),Married,1,3.4,completion_phase,early_settled,0,0.6697
SURV-02402,24,3,0.125,0.474,19615.28,9298.38,0.273,4,0,0.2,1,0,Tricycle / PUV Operator,Owned (Clean Title),Married,0,16.1,onboarding_risk,defaulted,0,0.5916
SURV-02403,12,8,0.6667,0.2678,30683.57,8217.88,0.635,2,1,0.16,1,0,BPO / Call Center Agent,Living with Parents/Relatives,Married,1,8.0,core_stability,defaulted,1,0.7141
SURV-02404,24,5,0.2083,0.1335,52993.8,7073.8,0.706,0,1,0.149,0,0,OFW Remittance / Dependent,Living with Parents/Relatives,Married,1,2.4,core_stability,completed,19,0.7467
SURV-02405,24,20,0.8333,0.5512,12628.38,6960.67,0.63,3,1,0.329,0,0,Sari-Sari / Small Retail,Owned (Inherited/Tax Dec),Married,2,5.1,core_stability,defaulted,0,0.5365
SURV-02406,12,5,0.4167,0.4266,27160.93,11585.64,0.435,3,1,0.39,1,0,BPO / Call Center Agent,Rented (Apartment/House),Single,0,10.9,core_stability,defaulted,2,0.6124
SURV-02407,24,14,0.5833,0.2065,24395.11,5037.21,0.211,1,0,0.414,1,0,Tricycle / PUV Operator,Owned (Clean Title),Single,1,1.0,core_stability,defaulted,1,0.6559
SURV-02408,24,19,0.7917,0.1474,35698.44,5262.88,0.649,0,3,0.118,0,0,Public School Teacher,Rented (Apartment/House),Single,2,10.0,core_stability,defaulted,1,0.7989
SURV-02409,36,36,1.0,0.3179,16266.59,5171.62,0.318,3,0,0.301,1,1,Tricycle / PUV Operator,Rented (Apartment/House),Widowed,0,4.9,completion_phase,defaulted,0,0.5632
SURV-02410,12,1,0.0833,1.0851,13380.9,14519.89,0.491,4,1,0.165,0,0,Agri / Farmer / Fisherfolk,Owned (Inherited/Tax Dec),Married,2,4.7,onboarding_risk,defaulted,5,0.6012
SURV-02411,12,12,1.0,0.2273,22531.97,5122.16,0.739,1,3,0.124,0,0,BPO / Call Center Agent,Owned (Inherited/Tax Dec),Married,3,16.8,completion_phase,defaulted,0,0.7165
SURV-02412,36,22,0.6111,0.0756,79291.94,5992.75,0.916,0,1,0.0,0,0,OFW Remittance / Dependent,Owned (Clean Title),Married,3,12.4,option_window,completed,14,0.7295
SURV-02413,36,2,0.0556,0.3345,20061.12,6710.26,0.349,2,1,0.448,1,1,Sari-Sari / Small Retail,Rented (Apartment/House),Married,1,9.3,onboarding_risk,defaulted,1,0.6013
SURV-02414,36,3,0.0833,0.1483,40210.9,5961.55,0.879,0,2,0.0,0,0,Public School Teacher,Owned (Inherited/Tax Dec),Married,4,7.5,onboarding_risk,completed,33,0.6775
SURV-02415,12,6,0.5,0.3414,27600.24,9421.38,0.633,1,0,0.184,0,0,Employed (Private/Gov),Living with Parents/Relatives,Single,1,10.4,core_stability,defaulted,1,0.6836
SURV-02416,36,15,0.4167,0.1751,20469.41,3583.24,0.571,4,0,0.322,1,1,Tricycle / PUV Operator,Living with Parents/Relatives,Single,1,6.2,option_window,defaulted,1,0.652
SURV-02417,24,7,0.2917,0.1963,28981.34,5689.3,0.262,1,0,0.406,0,0,Sari-Sari / Small Retail,Living with Parents/Relatives,Widowed,3,6.7,core_stability,defaulted,1,0.699
SURV-02418,24,5,0.2083,0.6251,13998.98,8750.72,0.579,3,0,0.405,0,0,Agri / Farmer / Fisherfolk,Living with Parents/Relatives,Single,0,4.5,core_stability,defaulted,0,0.5698
SURV-02419,36,19,0.5278,0.2339,22898.52,5355.16,0.597,4,0,0.229,0,0,Sari-Sari / Small Retail,Rented (Apartment/House),Single,4,11.9,option_window,defaulted,0,0.6215
SURV-02420,12,5,0.4167,0.2853,19681.18,5614.58,0.27,3,0,0.314,0,1,Tricycle / PUV Operator,Living with Parents/Relatives,Single,0,7.6,core_stability,defaulted,2,0.6684
SURV-02421,36,3,0.0833,0.2628,17371.34,4565.89,0.401,3,0,0.447,0,0,Sari-Sari / Small Retail,Rented (Apartment/House),Married,0,3.0,onboarding_risk,defaulted,6,0.5603
SURV-02422,36,35,0.9722,0.2284,15254.77,3483.97,0.228,4,0,0.281,1,1,Sari-Sari / Small Retail,Rented (Apartment/House),Single,3,6.2,completion_phase,defaulted,0,0.6129
SURV-02423,36,12,0.3333,0.17,28734.56,4884.42,0.585,4,1,0.253,1,0,Sari-Sari / Small Retail,Owned (Inherited/Tax Dec),Widowed,4,3.5,option_window,defaulted,0,0.629
SURV-02424,24,6,0.25,0.2272,20274.44,4606.35,0.424,3,0,0.303,0,1,Tricycle / PUV Operator,Owned (Inherited/Tax Dec),Married,2,2.9,core_stability,defaulted,1,0.6781
SURV-02425,36,18,0.5,0.159,30876.75,4908.81,0.629,1,1,0.043,0,0,Employed (Private/Gov),Living with Parents/Relatives,Married,3,2.0,option_window,defaulted,0,0.656
SURV-02426,36,24,0.6667,0.4099,16258.03,6664.6,0.397,3,0,0.235,1,0,Agri / Farmer / Fisherfolk,Owned (Clean Title),Married,1,6.5,option_window,defaulted,1,0.597
SURV-02427,12,2,0.1667,0.3576,25265.38,9033.86,0.302,2,1,0.394,0,1,OFW Remittance / Dependent,Living with Parents/Relatives,Single,1,6.0,onboarding_risk,defaulted,5,0.6843
SURV-02428,36,33,0.9167,0.1451,38607.79,5601.09,0.85,0,1,0.035,0,0,Employed (Private/Gov),Rented (Apartment/House),Married,1,4.8,completion_phase,completed,3,0.7237
SURV-02429,36,14,0.3889,0.1967,22565.3,4439.22,0.454,2,1,0.15,0,0,Agri / Farmer / Fisherfolk,Owned (Clean Title),Widowed,0,1.6,option_window,defaulted,1,0.5937
SURV-02430,24,4,0.1667,0.4957,13653.16,6768.15,0.383,3,1,0.373,0,1,Tricycle / PUV Operator,Rented (Apartment/House),Married,2,6.0,onboarding_risk,defaulted,4,0.5343
SURV-02431,12,11,0.9167,0.4611,23172.71,10685.27,0.262,3,0,0.228,0,1,Employed (Private/Gov),Living with Parents/Relatives,Single,0,9.9,completion_phase,defaulted,1,0.68
SURV-02432,12,2,0.1667,0.514,18224.3,9367.79,0.523,3,1,0.194,0,1,Tricycle / PUV Operator,Owned (Inherited/Tax Dec),Married,0,5.7,onboarding_risk,defaulted,3,0.6161
SURV-02433,24,8,0.3333,0.1022,39081.23,3992.95,0.971,0,8,0.0,0,0,Public School Teacher,Owned (Inherited/Tax Dec),Single,1,6.8,core_stability,completed,16,0.8136
SURV-02434,12,4,0.3333,0.764,17271.6,13196.27,0.41,2,0,0.447,0,0,Agri / Farmer / Fisherfolk,Owned (Clean Title),Widowed,0,7.4,onboarding_risk,defaulted,0,0.6259
SURV-02435,36,20,0.5556,0.1773,26838.67,4757.39,0.623,0,3,0.138,0,0,BPO / Call Center Agent,Rented (Apartment/House),Single,4,8.6,option_window,defaulted,0,0.6257
SURV-02436,12,11,0.9167,0.8286,17636.23,14612.68,0.449,2,1,0.283,1,0,Sari-Sari / Small Retail,Owned (Inherited/Tax Dec),Married,3,10.5,completion_phase,defaulted,0,0.5481
SURV-02437,36,21,0.5833,0.1715,15904.9,2727.04,0.584,4,0,0.397,1,1,Tricycle / PUV Operator,Rented (Apartment/House),Widowed,2,3.6,option_window,defaulted,0,0.571
SURV-02438,36,32,0.8889,0.1264,44585.48,5634.12,0.994,0,1,0.0,0,0,Public School Teacher,Owned (Inherited/Tax Dec),Married,0,6.0,core_stability,completed,4,0.7687
SURV-02439,12,2,0.1667,0.3101,38094.42,11813.35,0.376,2,1,0.25,0,0,Employed (Private/Gov),Living with Parents/Relatives,Single,2,10.6,onboarding_risk,completed,10,0.7307
SURV-02440,24,9,0.375,0.1201,24591.67,2953.04,0.609,0,1,0.038,0,0,Sari-Sari / Small Retail,Owned (Clean Title),Married,1,4.5,core_stability,defaulted,0,0.692
SURV-02441,36,35,0.9722,0.1587,38571.24,6122.72,0.736,0,0,0.11,0,0,BPO / Call Center Agent,Owned (Inherited/Tax Dec),Single,3,15.1,completion_phase,completed,1,0.6874
SURV-02442,36,9,0.25,0.0964,51377.31,4950.87,0.928,0,5,0.0,0,0,Public School Teacher,Owned (Inherited/Tax Dec),Married,2,1.6,core_stability,early_settled,4,0.7057
SURV-02443,12,5,0.4167,0.1451,75401.61,10943.48,0.604,0,3,0.032,0,0,OFW Remittance / Dependent,Owned (Inherited/Tax Dec),Single,0,3.2,core_stability,completed,7,0.729
SURV-02444,36,27,0.75,0.1608,40920.25,6578.81,0.893,0,5,0.0,0,0,OFW Remittance / Dependent,Owned (Inherited/Tax Dec),Widowed,4,10.8,core_stability,completed,9,0.674
SURV-02445,12,7,0.5833,0.244,31509.15,7688.99,0.442,2,0,0.445,0,0,Employed (Private/Gov),Living with Parents/Relatives,Married,0,3.7,core_stability,defaulted,1,0.7653
SURV-02446,36,17,0.4722,0.2927,22703.04,6644.77,0.433,3,0,0.254,0,1,Agri / Farmer / Fisherfolk,Owned (Clean Title),Single,1,3.3,option_window,defaulted,0,0.5875
SURV-02447,12,3,0.25,0.5192,27318.9,14185.21,0.256,2,0,0.184,1,1,Employed (Private/Gov),Owned (Clean Title),Single,1,8.5,onboarding_risk,defaulted,3,0.6359
SURV-02448,24,23,0.9583,0.3981,15170.01,6038.57,0.444,3,1,0.305,0,0,Tricycle / PUV Operator,Owned (Clean Title),Married,2,3.3,completion_phase,defaulted,0,0.6092
SURV-02449,12,1,0.0833,0.7706,18778.11,14470.17,0.499,3,0,0.346,0,0,BPO / Call Center Agent,Living with Parents/Relatives,Widowed,2,9.3,onboarding_risk,defaulted,3,0.6051
SURV-02450,36,16,0.4444,0.0963,38515.88,3708.38,0.909,0,11,0.0,0,0,OFW Remittance / Dependent,Owned (Clean Title),Married,2,5.4,option_window,early_settled,8,0.7592
SURV-02451,36,35,0.9722,0.2678,19824.05,5308.66,0.312,3,1,0.384,0,0,Tricycle / PUV Operator,Living with Parents/Relatives,Married,3,8.2,completion_phase,completed,1,0.5565
SURV-02452,36,26,0.7222,0.1716,21548.29,3696.89,0.272,2,0,0.38,0,0,Tricycle / PUV Operator,Rented (Apartment/House),Widowed,0,10.2,core_stability,defaulted,1,0.6636
SURV-02453,24,15,0.625,0.1254,41746.3,5233.68,0.932,0,2,0.0,0,0,OFW Remittance / Dependent,Owned (Inherited/Tax Dec),Single,1,7.8,core_stability,completed,9,0.7567
SURV-02454,12,7,0.5833,0.3811,25449.79,9698.6,0.28,1,0,0.16,1,0,BPO / Call Center Agent,Owned (Clean Title),Married,2,6.6,core_stability,defaulted,1,0.6912
SURV-02455,36,28,0.7778,0.0378,66422.17,2508.59,0.994,0,9,0.0,0,0,OFW Remittance / Dependent,Living with Parents/Relatives,Married,1,7.1,core_stability,completed,8,0.8121
SURV-02456,24,6,0.25,0.2267,25037.43,5676.41,0.775,1,2,0.142,0,0,BPO / Call Center Agent,Living with Parents/Relatives,Married,0,8.0,core_stability,completed,18,0.6378
SURV-02457,24,24,1.0,0.4416,15348.69,6777.39,0.338,1,0,0.307,1,0,Agri / Farmer / Fisherfolk,Living with Parents/Relatives,Widowed,4,7.4,completion_phase,defaulted,0,0.5277
SURV-02458,24,21,0.875,0.2194,15154.03,3325.45,0.627,1,0,0.09,0,0,Employed (Private/Gov),Living with Parents/Relatives,Widowed,3,9.6,completion_phase,completed,3,0.6846
SURV-02459,12,3,0.25,0.3693,33812.69,12488.69,0.403,3,0,0.392,1,1,Employed (Private/Gov),Rented (Apartment/House),Single,0,2.7,onboarding_risk,defaulted,3,0.6495
SURV-02460,36,26,0.7222,0.0718,69412.31,4984.87,0.851,0,2,0.0,0,0,OFW Remittance / Dependent,Owned (Inherited/Tax Dec),Single,0,10.5,core_stability,completed,10,0.7782
SURV-02461,12,9,0.75,0.6208,19108.11,11863.16,0.334,1,1,0.339,0,0,Employed (Private/Gov),Owned (Inherited/Tax Dec),Married,4,13.2,completion_phase,defaulted,1,0.6097
SURV-02462,36,17,0.4722,0.1051,22115.76,2324.58,0.72,0,2,0.063,0,0,Tricycle / PUV Operator,Rented (Apartment/House),Married,2,10.7,option_window,completed,19,0.6507
SURV-02463,24,12,0.5,0.2298,30812.01,7081.32,0.509,2,1,0.156,0,0,BPO / Call Center Agent,Living with Parents/Relatives,Married,2,3.4,option_window,completed,12,0.6824
SURV-02464,12,10,0.8333,0.4988,20733.49,10341.36,0.604,3,0,0.375,0,1,Agri / Farmer / Fisherfolk,Living with Parents/Relatives,Married,1,4.2,completion_phase,defaulted,0,0.5639
SURV-02465,36,1,0.0278,0.1634,27511.13,4495.0,0.664,0,0,0.136,0,0,BPO / Call Center Agent,Owned (Inherited/Tax Dec),Married,1,16.5,onboarding_risk,completed,35,0.6949
SURV-02466,36,30,0.8333,0.2017,26000.59,5244.76,0.571,1,1,0.272,0,0,BPO / Call Center Agent,Owned (Inherited/Tax Dec),Married,4,1.0,core_stability,defaulted,1,0.6684
SURV-02467,36,28,0.7778,0.1213,31578.4,3829.94,0.765,0,1,0.145,0,0,Tricycle / PUV Operator,Living with Parents/Relatives,Married,4,8.5,core_stability,defaulted,0,0.5799
SURV-02468,36,30,0.8333,0.1175,63542.19,7467.53,0.807,0,0,0.122,1,0,OFW Remittance / Dependent,Rented (Apartment/House),Widowed,2,10.2,core_stability,defaulted,1,0.6971
SURV-02469,24,9,0.375,0.5074,14746.48,7482.82,0.416,4,1,0.425,1,0,Agri / Farmer / Fisherfolk,Owned (Clean Title),Single,1,10.6,core_stability,defaulted,1,0.587
SURV-02470,36,23,0.6389,0.1336,31921.17,4266.09,0.649,0,2,0.101,0,0,Sari-Sari / Small Retail,Owned (Inherited/Tax Dec),Single,1,14.9,option_window,completed,13,0.6863
SURV-02471,12,12,1.0,0.275,48078.54,13223.3,0.666,1,2,0.146,0,0,Public School Teacher,Owned (Inherited/Tax Dec),Widowed,1,6.7,completion_phase,defaulted,0,0.7218
SURV-02472,12,2,0.1667,0.7698,19628.8,15109.93,0.415,1,0,0.152,0,0,Tricycle / PUV Operator,Living with Parents/Relatives,Married,1,5.6,onboarding_risk,defaulted,5,0.5611
SURV-02473,36,18,0.5,0.1806,35771.13,6461.8,0.667,1,1,0.099,0,0,BPO / Call Center Agent,Rented (Apartment/House),Married,0,8.3,option_window,completed,18,0.6722
SURV-02474,12,12,1.0,0.2766,28820.03,7971.61,0.385,2,1,0.356,0,0,Sari-Sari / Small Retail,Rented (Apartment/House),Single,1,9.5,completion_phase,defaulted,0,0.695
SURV-02475,36,9,0.25,0.1724,29846.15,5144.12,0.798,0,1,0.077,0,0,BPO / Call Center Agent,Owned (Clean Title),Married,4,11.0,core_stability,completed,27,0.6589
SURV-02476,12,12,1.0,0.3418,32574.59,11134.74,0.202,2,0,0.168,0,0,BPO / Call Center Agent,Owned (Inherited/Tax Dec),Married,2,7.9,completion_phase,defaulted,0,0.6606
SURV-02477,24,13,0.5417,0.0846,51253.51,4337.37,0.943,0,4,0.0,0,0,OFW Remittance / Dependent,Owned (Clean Title),Widowed,0,13.7,option_window,completed,11,0.7467
SURV-02478,24,9,0.375,0.2063,26026.37,5368.27,0.804,0,0,0.126,0,0,BPO / Call Center Agent,Living with Parents/Relatives,Married,1,9.9,core_stability,defaulted,1,0.7518
SURV-02479,12,1,0.0833,0.5033,24619.37,12389.74,0.628,3,1,0.342,1,0,Tricycle / PUV Operator,Rented (Apartment/House),Widowed,1,4.5,onboarding_risk,defaulted,6,0.6174
SURV-02480,24,18,0.75,0.3245,17437.71,5659.4,0.389,4,0,0.291,0,1,Tricycle / PUV Operator,Rented (Apartment/House),Single,3,7.2,core_stability,defaulted,1,0.6066
SURV-02481,36,7,0.1944,0.5351,12688.46,6790.09,0.306,1,1,0.322,0,0,Agri / Farmer / Fisherfolk,Owned (Clean Title),Married,0,14.5,core_stability,defaulted,2,0.5759
SURV-02482,36,25,0.6944,0.0802,41395.12,3318.15,0.952,0,9,0.0,0,0,Public School Teacher,Owned (Inherited/Tax Dec),Married,0,3.0,option_window,completed,11,0.7586
SURV-02483,36,7,0.1944,0.0488,69448.46,3387.24,0.855,0,3,0.0,0,0,OFW Remittance / Dependent,Rented (Apartment/House),Married,0,8.4,core_stability,early_settled,16,0.7115
SURV-02484,36,22,0.6111,0.1756,19322.12,3392.65,0.463,4,0,0.302,0,0,Sari-Sari / Small Retail,Rented (Apartment/House),Widowed,0,4.9,option_window,defaulted,0,0.5739
SURV-02485,36,21,0.5833,0.1961,33754.91,6618.25,0.768,0,3,0.144,0,0,BPO / Call Center Agent,Rented (Apartment/House),Single,1,14.4,option_window,defaulted,0,0.6655
SURV-02486,24,15,0.625,0.1462,61727.18,9025.99,0.903,0,9,0.0,0,0,OFW Remittance / Dependent,Owned (Inherited/Tax Dec),Married,2,6.1,core_stability,completed,9,0.6935
SURV-02487,36,1,0.0278,0.1109,25840.52,2865.26,0.274,2,1,0.4,0,0,Tricycle / PUV Operator,Living with Parents/Relatives,Single,2,4.2,onboarding_risk,defaulted,5,0.6661
SURV-02488,24,3,0.125,0.0438,79667.57,3485.68,0.894,0,2,0.0,0,0,OFW Remittance / Dependent,Owned (Inherited/Tax Dec),Widowed,1,15.7,onboarding_risk,completed,21,0.8051
SURV-02489,24,18,0.75,0.0895,40623.36,3634.9,0.965,0,10,0.0,0,0,Public School Teacher,Living with Parents/Relatives,Married,2,7.2,core_stability,completed,6,0.7978
SURV-02490,24,21,0.875,0.2124,19400.8,4120.09,0.204,1,0,0.191,0,0,Tricycle / PUV Operator,Owned (Inherited/Tax Dec),Widowed,0,9.3,completion_phase,defaulted,1,0.6848
SURV-02491,12,7,0.5833,0.1901,37581.77,7143.61,0.815,1,2,0.05,0,0,Employed (Private/Gov),Owned (Clean Title),Widowed,1,2.2,core_stability,early_settled,3,0.7968
SURV-02492,12,7,0.5833,0.1744,43388.91,7567.71,0.733,1,2,0.054,0,0,Public School Teacher,Rented (Apartment/House),Widowed,2,8.6,core_stability,early_settled,4,0.7363
SURV-02493,36,4,0.1111,0.3508,14090.38,4943.37,0.6,2,1,0.345,0,0,Agri / Farmer / Fisherfolk,Living with Parents/Relatives,Married,2,2.5,onboarding_risk,defaulted,1,0.5402
SURV-02494,24,14,0.5833,0.1399,41996.42,5874.66,0.902,0,12,0.0,0,0,Public School Teacher,Owned (Inherited/Tax Dec),Single,1,2.5,core_stability,completed,10,0.7183
SURV-02495,12,11,0.9167,0.1953,55974.08,10931.32,0.729,0,1,0.044,0,0,OFW Remittance / Dependent,Rented (Apartment/House),Single,2,5.9,completion_phase,completed,1,0.7794
SURV-02496,12,8,0.6667,0.7412,21708.6,16089.55,0.551,3,0,0.45,0,0,Public School Teacher,Living with Parents/Relatives,Married,1,5.7,core_stability,defaulted,0,0.5613
SURV-02497,24,16,0.6667,0.1824,29261.18,5336.76,0.416,3,1,0.229,0,0,Tricycle / PUV Operator,Rented (Apartment/House),Single,0,4.6,core_stability,defaulted,1,0.5957
SURV-02498,24,6,0.25,0.5146,12000.0,6174.91,0.526,3,1,0.275,0,0,Agri / Farmer / Fisherfolk,Living with Parents/Relatives,Married,4,5.7,core_stability,defaulted,2,0.5257
SURV-02499,12,8,0.6667,0.4117,17535.65,7218.74,0.323,4,0,0.309,1,0,Tricycle / PUV Operator,Living with Parents/Relatives,Widowed,3,1.1,core_stability,defaulted,0,0.5795
SURV-02500,12,9,0.75,0.4986,12935.4,6449.76,0.376,1,0,0.242,0,0,Tricycle / PUV Operator,Owned (Inherited/Tax Dec),Married,2,3.8,completion_phase,completed,3,0.5824
SURV-02501,12,10,0.8333,1.0263,15196.83,15596.57,0.65,4,1,0.208,0,0,Agri / Farmer / Fisherfolk,Owned (Clean Title),Widowed,0,19.4,completion_phase,defaulted,0,0.5782
SURV-02502,36,23,0.6389,0.1511,34001.9,5138.51,0.83,1,1,0.133,0,0,BPO / Call Center Agent,Rented (Apartment/House),Married,2,5.0,option_window,completed,13,0.7052
SURV-02503,12,9,0.75,0.6847,21493.64,14717.6,0.303,4,0,0.367,1,1,Tricycle / PUV Operator,Owned (Inherited/Tax Dec),Single,4,6.4,completion_phase,defaulted,1,0.6057
SURV-02504,24,17,0.7083,0.0817,43584.77,3560.15,0.883,0,4,0.0,0,0,Public School Teacher,Living with Parents/Relatives,Married,3,5.9,core_stability,completed,7,0.7299
SURV-02505,12,7,0.5833,0.5056,17635.81,8916.37,0.21,2,1,0.355,0,1,Tricycle / PUV Operator,Living with Parents/Relatives,Widowed,1,12.2,core_stability,defaulted,0,0.5993
SURV-02506,12,7,0.5833,0.2718,26433.33,7185.4,0.279,4,0,0.23,0,0,Public School Teacher,Rented (Apartment/House),Married,3,2.3,core_stability,defaulted,1,0.7252
SURV-02507,24,11,0.4583,0.1692,27167.91,4596.93,0.686,1,3,0.1,0,0,Sari-Sari / Small Retail,Owned (Clean Title),Married,2,6.7,option_window,completed,13,0.6937
SURV-02508,12,1,0.0833,0.4593,21237.48,9753.8,0.396,4,1,0.254,1,0,Tricycle / PUV Operator,Living with Parents/Relatives,Married,3,6.1,onboarding_risk,defaulted,4,0.6255
SURV-02509,24,24,1.0,0.0508,59550.09,3025.31,0.788,1,1,0.086,0,0,OFW Remittance / Dependent,Rented (Apartment/House),Married,0,4.5,completion_phase,completed,0,0.757
SURV-02510,12,4,0.3333,0.2104,20664.24,4347.4,0.569,1,1,0.212,1,0,Agri / Farmer / Fisherfolk,Living with Parents/Relatives,Married,2,2.4,onboarding_risk,defaulted,1,0.6898
SURV-02511,36,7,0.1944,0.2774,21497.28,5963.53,0.437,1,1,0.152,0,0,Agri / Farmer / Fisherfolk,Living with Parents/Relatives,Married,2,6.2,core_stability,defaulted,2,0.5653
SURV-02512,24,22,0.9167,0.1395,37207.05,5191.26,0.896,0,3,0.0,0,0,Public School Teacher,Owned (Inherited/Tax Dec),Married,4,5.4,completion_phase,early_settled,0,0.7593
SURV-02513,24,3,0.125,0.3807,16136.02,6142.18,0.561,4,0,0.43,1,0,Tricycle / PUV Operator,Rented (Apartment/House),Single,1,7.5,onboarding_risk,defaulted,1,0.5534
SURV-02514,36,3,0.0833,0.1233,30664.07,3781.08,0.972,0,2,0.0,0,0,Employed (Private/Gov),Owned (Clean Title),Married,0,5.3,onboarding_risk,completed,33,0.7505
SURV-02515,36,33,0.9167,0.1892,24956.98,4722.88,0.244,3,0,0.273,1,1,Sari-Sari / Small Retail,Owned (Clean Title),Single,1,3.2,completion_phase,defaulted,0,0.6529
SURV-02516,36,10,0.2778,0.1277,26246.23,3352.4,0.78,1,1,0.078,0,0,BPO / Call Center Agent,Owned (Clean Title),Married,1,1.5,core_stability,defaulted,0,0.6784
SURV-02517,12,8,0.6667,0.1431,50722.64,7256.81,0.946,0,4,0.0,0,0,Public School Teacher,Owned (Clean Title),Married,1,4.4,core_stability,completed,4,0.7597
SURV-02518,24,18,0.75,0.2645,24952.48,6600.0,0.413,4,0,0.396,1,0,Employed (Private/Gov),Rented (Apartment/House),Married,0,9.7,core_stability,defaulted,1,0.6132
SURV-02519,12,10,0.8333,0.4395,14192.92,6238.17,0.533,1,1,0.391,1,0,Tricycle / PUV Operator,Owned (Inherited/Tax Dec),Widowed,3,7.0,completion_phase,defaulted,1,0.6179
SURV-02520,12,4,0.3333,0.1462,42870.7,6265.59,0.728,1,0,0.082,1,0,OFW Remittance / Dependent,Rented (Apartment/House),Widowed,2,11.8,onboarding_risk,completed,8,0.7897
SURV-02521,36,27,0.75,0.1024,42474.06,4348.81,0.972,0,8,0.0,0,0,Public School Teacher,Owned (Inherited/Tax Dec),Widowed,0,2.2,core_stability,completed,9,0.7071
SURV-02522,36,24,0.6667,0.1136,29090.83,3303.85,0.892,0,5,0.0,0,0,Employed (Private/Gov),Owned (Clean Title),Single,0,9.0,option_window,completed,12,0.7253
SURV-02523,36,20,0.5556,0.0717,52098.38,3733.53,0.883,0,6,0.0,0,0,OFW Remittance / Dependent,Owned (Inherited/Tax Dec),Married,0,5.8,option_window,completed,16,0.7728
SURV-02524,12,7,0.5833,0.3964,33903.58,13439.73,0.583,2,0,0.439,1,0,Employed (Private/Gov),Owned (Clean Title),Married,2,5.0,core_stability,defaulted,1,0.7307
SURV-02525,24,5,0.2083,0.192,41723.84,8010.18,0.625,0,1,0.143,0,0,Employed (Private/Gov),Living with Parents/Relatives,Married,1,31.3,core_stability,defaulted,0,0.7062
SURV-02526,24,13,0.5417,0.1215,31813.56,3865.91,0.851,0,10,0.0,0,0,Public School Teacher,Owned (Inherited/Tax Dec),Single,2,9.1,option_window,completed,11,0.7647
SURV-02527,12,10,0.8333,0.4637,29807.24,13822.22,0.567,2,0,0.423,1,0,Public School Teacher,Owned (Clean Title),Single,0,11.9,completion_phase,defaulted,0,0.676
SURV-02528,12,9,0.75,0.462,22515.0,10402.02,0.569,3,0,0.27,0,0,Tricycle / PUV Operator,Owned (Clean Title),Widowed,0,5.0,completion_phase,defaulted,1,0.6193
SURV-02529,36,31,0.8611,0.2667,26623.86,7099.53,0.355,2,0,0.36,0,1,Sari-Sari / Small Retail,Living with Parents/Relatives,Widowed,2,2.6,core_stability,defaulted,1,0.6239
SURV-02530,24,10,0.4167,0.2287,34012.9,7777.09,0.603,0,0,0.103,0,0,Public School Teacher,Owned (Inherited/Tax Dec),Single,1,6.2,core_stability,completed,14,0.6943
SURV-02531,24,3,0.125,0.1376,49404.06,6796.31,0.864,0,1,0.0,0,0,Employed (Private/Gov),Owned (Clean Title),Widowed,1,17.1,onboarding_risk,completed,21,0.7697
SURV-02532,12,2,0.1667,0.4884,20255.29,9892.5,0.235,1,1,0.31,1,0,Agri / Farmer / Fisherfolk,Living with Parents/Relatives,Widowed,4,5.6,onboarding_risk,defaulted,4,0.6151
SURV-02533,24,15,0.625,0.1673,34240.42,5729.56,0.703,1,2,0.107,0,0,BPO / Call Center Agent,Living with Parents/Relatives,Single,2,12.9,core_stability,defaulted,0,0.786
SURV-02534,24,3,0.125,0.1755,44546.34,7816.83,0.619,1,3,0.146,0,0,Public School Teacher,Owned (Inherited/Tax Dec),Single,1,4.9,onboarding_risk,completed,21,0.7333
SURV-02535,24,16,0.6667,0.3761,19513.41,7338.12,0.635,3,0,0.395,0,0,Tricycle / PUV Operator,Owned (Inherited/Tax Dec),Single,1,13.6,core_stability,defaulted,1,0.6462
SURV-02536,36,25,0.6944,0.2278,22872.37,5211.41,0.666,0,0,0.008,0,0,Sari-Sari / Small Retail,Owned (Clean Title),Widowed,2,5.9,option_window,completed,11,0.6628
SURV-02537,24,7,0.2917,0.0931,64548.77,6008.59,0.949,0,3,0.0,0,0,OFW Remittance / Dependent,Owned (Clean Title),Married,0,4.2,core_stability,completed,17,0.7506
SURV-02538,12,8,0.6667,0.3746,31220.24,11694.46,0.235,4,0,0.25,1,0,Employed (Private/Gov),Rented (Apartment/House),Widowed,1,8.3,core_stability,defaulted,1,0.6655
SURV-02539,36,23,0.6389,0.3294,21531.17,7092.39,0.337,2,0,0.371,1,1,Sari-Sari / Small Retail,Living with Parents/Relatives,Widowed,2,9.9,option_window,defaulted,0,0.6109
SURV-02540,24,4,0.1667,0.1279,31257.15,3998.85,0.836,0,0,0.128,0,0,Employed (Private/Gov),Rented (Apartment/House),Married,1,7.3,onboarding_risk,completed,20,0.7022
SURV-02541,24,17,0.7083,0.2688,17522.09,4710.0,0.504,2,0,0.17,0,1,Tricycle / PUV Operator,Living with Parents/Relatives,Widowed,1,4.3,core_stability,completed,7,0.6338
SURV-02542,24,19,0.7917,0.1629,28341.9,4617.02,0.65,1,2,0.109,0,0,Sari-Sari / Small Retail,Owned (Inherited/Tax Dec),Married,2,3.2,core_stability,completed,5,0.6729
SURV-02543,36,28,0.7778,0.0722,47352.87,3416.6,0.884,0,8,0.0,0,0,Public School Teacher,Owned (Inherited/Tax Dec),Married,0,7.0,core_stability,completed,8,0.7063
SURV-02544,24,10,0.4167,0.3448,22793.31,7859.09,0.65,3,0,0.26,0,0,Employed (Private/Gov),Owned (Inherited/Tax Dec),Married,3,5.4,core_stability,defaulted,0,0.6467
SURV-02545,12,2,0.1667,0.4464,32993.43,14729.77,0.594,2,0,0.387,1,0,Employed (Private/Gov),Owned (Inherited/Tax Dec),Married,2,1.9,onboarding_risk,defaulted,2,0.672
SURV-02546,24,3,0.125,0.2815,19131.43,5384.65,0.463,3,0,0.157,0,0,Tricycle / PUV Operator,Rented (Apartment/House),Single,1,1.7,onboarding_risk,defaulted,4,0.5635
SURV-02547,24,20,0.8333,0.2854,31020.61,8852.11,0.274,1,0,0.353,1,0,BPO / Call Center Agent,Rented (Apartment/House),Single,2,8.2,core_stability,defaulted,1,0.6612
SURV-02548,12,4,0.3333,0.3994,33214.6,13266.51,0.428,1,1,0.238,1,1,BPO / Call Center Agent,Rented (Apartment/House),Married,4,3.0,onboarding_risk,defaulted,3,0.586
SURV-02549,24,6,0.25,0.5067,12714.46,6442.21,0.646,4,0,0.157,0,0,Agri / Farmer / Fisherfolk,Owned (Inherited/Tax Dec),Married,0,8.2,core_stability,completed,18,0.5107
SURV-02550,24,17,0.7083,0.0919,50776.09,4663.95,0.996,0,7,0.0,0,0,Employed (Private/Gov),Owned (Inherited/Tax Dec),Widowed,2,11.0,core_stability,early_settled,0,0.8145
SURV-02551,12,6,0.5,0.2046,23935.01,4896.02,0.635,4,0,0.279,1,0,Sari-Sari / Small Retail,Owned (Clean Title),Married,1,2.0,core_stability,defaulted,0,0.7193
SURV-02552,12,3,0.25,0.5418,25904.71,14035.61,0.578,4,1,0.375,0,0,Sari-Sari / Small Retail,Living with Parents/Relatives,Married,2,14.1,onboarding_risk,defaulted,0,0.5837
SURV-02553,36,13,0.3611,0.1097,43941.46,4819.1,0.979,0,9,0.0,0,0,Employed (Private/Gov),Living with Parents/Relatives,Married,0,5.6,option_window,completed,23,0.8004
SURV-02554,36,23,0.6389,0.0962,38327.17,3688.47,0.608,0,2,0.064,0,0,Employed (Private/Gov),Rented (Apartment/House),Widowed,1,4.5,option_window,defaulted,1,0.6702
SURV-02555,12,3,0.25,0.4903,18813.11,9223.31,0.384,3,0,0.177,1,0,Agri / Farmer / Fisherfolk,Rented (Apartment/House),Married,1,11.6,onboarding_risk,defaulted,2,0.5796
SURV-02556,24,10,0.4167,0.1,40046.85,4003.59,0.6,0,3,0.121,0,0,BPO / Call Center Agent,Rented (Apartment/House),Single,1,4.3,core_stability,completed,14,0.7842
SURV-02557,12,12,1.0,0.405,12811.59,5188.76,0.582,2,1,0.344,0,0,Tricycle / PUV Operator,Rented (Apartment/House),Widowed,4,6.4,completion_phase,defaulted,0,0.5452
SURV-02558,12,2,0.1667,0.8491,16311.13,13849.68,0.356,2,0,0.433,0,1,Agri / Farmer / Fisherfolk,Rented (Apartment/House),Widowed,2,5.7,onboarding_risk,defaulted,2,0.6307
SURV-02559,12,7,0.5833,0.552,24007.56,13252.57,0.586,3,1,0.212,0,1,Sari-Sari / Small Retail,Living with Parents/Relatives,Widowed,0,8.4,core_stability,defaulted,1,0.6675
SURV-02560,24,7,0.2917,0.2813,26241.63,7382.54,0.63,3,1,0.18,1,1,Sari-Sari / Small Retail,Owned (Clean Title),Married,0,5.5,core_stability,defaulted,1,0.7247
SURV-02561,36,7,0.1944,0.2817,22950.91,6464.17,0.34,3,0,0.26,0,0,Agri / Farmer / Fisherfolk,Owned (Inherited/Tax Dec),Married,3,10.4,core_stability,defaulted,2,0.5932
SURV-02562,12,9,0.75,0.3283,37604.72,12344.69,0.779,1,0,0.09,0,0,Public School Teacher,Owned (Clean Title),Married,1,10.4,completion_phase,completed,3,0.7338
SURV-02563,12,9,0.75,0.2824,37995.67,10728.84,0.332,4,0,0.448,1,0,Public School Teacher,Owned (Inherited/Tax Dec),Married,3,2.7,completion_phase,defaulted,0,0.7314
SURV-02564,24,5,0.2083,0.133,24740.24,3290.54,0.458,2,0,0.273,1,0,Tricycle / PUV Operator,Living with Parents/Relatives,Married,3,4.5,core_stability,defaulted,0,0.6605
SURV-02565,36,4,0.1111,0.3297,21912.1,7224.82,0.353,3,0,0.232,0,0,Sari-Sari / Small Retail,Rented (Apartment/House),Widowed,3,2.8,onboarding_risk,defaulted,3,0.5945
SURV-02566,12,4,0.3333,0.9909,14037.77,13909.9,0.39,1,1,0.178,1,0,Agri / Farmer / Fisherfolk,Living with Parents/Relatives,Widowed,1,6.5,onboarding_risk,defaulted,1,0.562
SURV-02567,24,6,0.25,0.0955,40201.78,3837.9,0.607,1,0,0.082,0,0,OFW Remittance / Dependent,Owned (Clean Title),Married,3,2.0,core_stability,defaulted,2,0.7833
SURV-02568,12,2,0.1667,0.6795,16832.59,11438.0,0.442,3,1,0.209,1,0,Agri / Farmer / Fisherfolk,Living with Parents/Relatives,Married,1,11.8,onboarding_risk,defaulted,3,0.6097
SURV-02569,24,1,0.0417,0.1913,31182.94,5965.12,0.689,1,0,0.122,0,0,Employed (Private/Gov),Rented (Apartment/House),Single,2,9.1,onboarding_risk,completed,23,0.6707
SURV-02570,36,29,0.8056,0.4651,12000.0,5581.29,0.558,1,0,0.309,0,0,Agri / Farmer / Fisherfolk,Owned (Clean Title),Married,1,2.0,core_stability,defaulted,1,0.5033
SURV-02571,36,18,0.5,0.1238,30260.37,3745.26,0.69,1,2,0.08,0,0,BPO / Call Center Agent,Owned (Clean Title),Married,3,5.6,option_window,completed,18,0.6669
SURV-02572,24,3,0.125,0.331,22949.83,7597.03,0.478,3,0,0.44,1,0,BPO / Call Center Agent,Owned (Clean Title),Single,1,10.7,onboarding_risk,defaulted,3,0.6795
SURV-02573,36,36,1.0,0.0372,66334.72,2465.23,0.885,0,5,0.0,0,0,OFW Remittance / Dependent,Living with Parents/Relatives,Widowed,2,7.9,completion_phase,completed,0,0.7342
SURV-02574,24,23,0.9583,0.5329,16900.19,9005.96,0.289,1,0,0.178,0,1,Sari-Sari / Small Retail,Owned (Inherited/Tax Dec),Widowed,2,10.6,completion_phase,defaulted,1,0.5745
SURV-02575,24,16,0.6667,0.2565,19781.24,5074.57,0.398,4,0,0.193,1,1,Tricycle / PUV Operator,Owned (Clean Title),Single,2,5.8,core_stability,defaulted,1,0.6614
SURV-02576,24,9,0.375,0.1191,30061.16,3580.44,0.84,1,2,0.027,0,0,BPO / Call Center Agent,Owned (Inherited/Tax Dec),Married,2,1.6,core_stability,completed,15,0.6911
SURV-02577,36,2,0.0556,0.1595,38193.39,6090.38,0.62,1,1,0.037,0,0,Public School Teacher,Living with Parents/Relatives,Married,1,1.6,onboarding_risk,completed,34,0.7094
SURV-02578,12,7,0.5833,0.6466,22469.89,14530.07,0.335,4,1,0.337,0,1,Tricycle / PUV Operator,Rented (Apartment/House),Single,3,5.4,core_stability,defaulted,0,0.5557
SURV-02579,24,3,0.125,0.2559,18616.43,4763.2,0.256,3,1,0.33,0,0,Agri / Farmer / Fisherfolk,Owned (Clean Title),Single,2,5.4,onboarding_risk,defaulted,4,0.7065
SURV-02580,36,23,0.6389,0.2444,14914.0,3644.34,0.258,2,1,0.406,1,0,Agri / Farmer / Fisherfolk,Rented (Apartment/House),Widowed,1,7.2,option_window,defaulted,1,0.6361
SURV-02581,24,14,0.5833,0.1178,62372.02,7348.88,0.89,0,4,0.0,0,0,OFW Remittance / Dependent,Owned (Clean Title),Married,1,6.2,core_stability,completed,10,0.7944
SURV-02582,36,6,0.1667,0.2896,24247.54,7022.56,0.639,2,1,0.194,1,0,Sari-Sari / Small Retail,Rented (Apartment/House),Married,0,11.2,core_stability,defaulted,1,0.617
SURV-02583,24,10,0.4167,0.2984,29539.84,8813.92,0.495,3,0,0.317,1,1,BPO / Call Center Agent,Rented (Apartment/House),Single,3,14.8,core_stability,completed,14,0.6256
SURV-02584,24,12,0.5,0.2233,38649.52,8630.93,0.646,2,1,0.197,0,1,Employed (Private/Gov),Rented (Apartment/House),Married,3,14.6,option_window,defaulted,1,0.6619
SURV-02585,36,29,0.8056,0.2157,26315.6,5677.23,0.612,1,0,0.028,0,0,Public School Teacher,Rented (Apartment/House),Married,1,16.5,core_stability,completed,7,0.7067
SURV-02586,24,17,0.7083,0.1241,42642.89,5291.91,0.968,0,2,0.0,0,0,Public School Teacher,Owned (Inherited/Tax Dec),Married,2,3.5,core_stability,completed,7,0.7528
SURV-02587,12,5,0.4167,0.3133,41608.7,13035.05,0.317,4,1,0.247,0,0,Public School Teacher,Living with Parents/Relatives,Widowed,2,1.8,core_stability,defaulted,0,0.7027
SURV-02588,36,19,0.5278,0.2222,18401.3,4088.59,0.406,1,1,0.246,0,1,Agri / Farmer / Fisherfolk,Owned (Clean Title),Widowed,0,9.9,option_window,defaulted,0,0.66
SURV-02589,24,24,1.0,0.263,34220.24,8998.79,0.73,0,1,0.144,0,0,Employed (Private/Gov),Living with Parents/Relatives,Married,1,11.1,completion_phase,completed,0,0.6648
SURV-02590,12,5,0.4167,0.1493,71084.05,10611.37,0.799,1,1,0.126,0,0,OFW Remittance / Dependent,Owned (Inherited/Tax Dec),Single,1,1.0,core_stability,defaulted,0,0.7965
SURV-02591,12,4,0.3333,0.1673,27100.39,4533.37,0.825,0,3,0.024,0,0,BPO / Call Center Agent,Owned (Inherited/Tax Dec),Married,1,8.2,onboarding_risk,completed,8,0.7731
SURV-02592,24,22,0.9167,0.4155,14277.47,5931.93,0.459,1,1,0.434,0,0,Agri / Farmer / Fisherfolk,Living with Parents/Relatives,Widowed,3,11.9,completion_phase,defaulted,0,0.4974
SURV-02593,24,7,0.2917,0.3824,15185.17,5807.56,0.278,3,0,0.299,1,0,Agri / Farmer / Fisherfolk,Owned (Clean Title),Married,0,13.6,core_stability,defaulted,1,0.6123
SURV-02594,12,3,0.25,0.6165,22869.57,14099.56,0.583,2,0,0.232,1,1,Sari-Sari / Small Retail,Owned (Clean Title),Married,1,4.2,onboarding_risk,defaulted,4,0.5616
SURV-02595,12,8,0.6667,0.2648,35245.05,9333.63,0.817,0,0,0.123,0,0,Public School Teacher,Owned (Inherited/Tax Dec),Married,0,5.4,core_stability,early_settled,2,0.8073
SURV-02596,12,7,0.5833,0.128,47966.29,6141.83,0.85,0,4,0.0,0,0,Public School Teacher,Rented (Apartment/House),Single,2,12.0,core_stability,completed,5,0.8241
SURV-02597,12,3,0.25,0.3732,28337.46,10576.28,0.349,4,0,0.396,0,0,OFW Remittance / Dependent,Owned (Clean Title),Widowed,3,4.2,onboarding_risk,defaulted,0,0.6591
SURV-02598,36,32,0.8889,0.2458,20661.03,5079.51,0.509,4,1,0.44,1,0,Sari-Sari / Small Retail,Owned (Inherited/Tax Dec),Single,3,13.8,core_stability,defaulted,1,0.6294
SURV-02599,24,5,0.2083,0.3187,20970.27,6682.3,0.203,2,0,0.273,0,0,Tricycle / PUV Operator,Owned (Clean Title),Single,3,6.5,core_stability,defaulted,0,0.5994
SURV-02600,36,33,0.9167,0.0848,45034.65,3817.76,0.949,0,1,0.0,0,0,BPO / Call Center Agent,Owned (Clean Title),Single,4,7.3,completion_phase,completed,3,0.6582
SURV-02601,24,7,0.2917,0.1084,30950.73,3356.18,0.871,0,4,0.0,0,0,BPO / Call Center Agent,Owned (Clean Title),Widowed,3,5.9,core_stability,completed,17,0.7034
SURV-02602,12,7,0.5833,0.361,16875.38,6092.64,0.606,4,1,0.28,1,0,BPO / Call Center Agent,Living with Parents/Relatives,Widowed,2,6.5,core_stability,defaulted,1,0.7197
SURV-02603,24,9,0.375,0.3521,26739.49,9415.12,0.552,4,1,0.155,1,0,BPO / Call Center Agent,Rented (Apartment/House),Married,2,10.7,core_stability,defaulted,0,0.6596
SURV-02604,36,24,0.6667,0.2175,32488.58,7067.69,0.758,0,2,0.134,1,0,Employed (Private/Gov),Owned (Clean Title),Married,2,9.2,option_window,completed,12,0.6796
SURV-02605,12,5,0.4167,0.2541,22264.37,5657.01,0.523,2,1,0.426,0,0,Agri / Farmer / Fisherfolk,Rented (Apartment/House),Married,2,8.9,core_stability,defaulted,1,0.6962
SURV-02606,24,1,0.0417,0.1514,25053.19,3791.88,0.66,0,0,0.077,0,0,BPO / Call Center Agent,Living with Parents/Relatives,Married,2,9.3,onboarding_risk,defaulted,3,0.7013
SURV-02607,36,16,0.4444,0.0433,66558.65,2880.51,0.948,0,9,0.0,0,0,OFW Remittance / Dependent,Rented (Apartment/House),Widowed,1,5.1,option_window,early_settled,0,0.7468
SURV-02608,24,23,0.9583,0.0971,36651.66,3560.08,0.691,0,3,0.065,0,0,Employed (Private/Gov),Rented (Apartment/House),Widowed,2,1.6,completion_phase,completed,1,0.74
SURV-02609,36,15,0.4167,0.1314,20348.01,2674.42,0.517,3,0,0.343,0,0,Agri / Farmer / Fisherfolk,Rented (Apartment/House),Single,0,6.7,option_window,defaulted,1,0.6169
SURV-02610,12,5,0.4167,0.3445,29030.94,9999.87,0.299,1,0,0.287,0,0,Employed (Private/Gov),Living with Parents/Relatives,Married,2,2.2,core_stability,defaulted,1,0.7057
SURV-02611,36,29,0.8056,0.1074,38109.89,4094.85,0.874,0,8,0.0,0,0,Public School Teacher,Living with Parents/Relatives,Married,3,13.2,core_stability,early_settled,0,0.7638
SURV-02612,24,18,0.75,0.1766,32997.46,5825.85,0.801,1,2,0.131,0,0,Public School Teacher,Rented (Apartment/House),Single,3,16.2,core_stability,completed,6,0.6926
SURV-02613,12,11,0.9167,0.399,30137.06,12023.39,0.403,3,1,0.285,0,0,Public School Teacher,Owned (Clean Title),Married,1,2.3,completion_phase,defaulted,1,0.676
SURV-02614,12,10,0.8333,0.4116,23699.03,9754.62,0.514,3,0,0.311,1,0,Sari-Sari / Small Retail,Rented (Apartment/House),Widowed,0,4.7,completion_phase,defaulted,1,0.5805
SURV-02615,12,8,0.6667,0.0944,46756.38,4415.07,0.819,0,1,0.061,0,0,Public School Teacher,Rented (Apartment/House),Single,0,4.6,core_stability,completed,4,0.775
SURV-02616,12,1,0.0833,0.224,31885.4,7141.01,0.848,1,2,0.123,0,0,Public School Teacher,Rented (Apartment/House),Married,2,11.9,onboarding_risk,completed,11,0.7138
SURV-02617,12,6,0.5,0.4254,20963.49,8917.96,0.483,2,0,0.426,1,0,Sari-Sari / Small Retail,Owned (Inherited/Tax Dec),Married,1,7.7,core_stability,defaulted,0,0.683
SURV-02618,12,11,0.9167,0.3904,17281.6,6747.3,0.466,2,0,0.351,1,0,Tricycle / PUV Operator,Owned (Inherited/Tax Dec),Married,1,7.9,completion_phase,defaulted,1,0.6657
SURV-02619,36,5,0.1389,0.1484,38076.01,5651.98,0.974,0,4,0.0,0,0,Employed (Private/Gov),Owned (Inherited/Tax Dec),Married,2,9.0,core_stability,completed,31,0.6822
SURV-02620,36,33,0.9167,0.0875,48176.66,4215.96,0.984,0,9,0.0,0,0,OFW Remittance / Dependent,Rented (Apartment/House),Widowed,1,9.5,completion_phase,completed,3,0.7387
SURV-02621,24,18,0.75,0.1923,33333.89,6410.52,0.885,0,4,0.0,0,0,Public School Teacher,Owned (Inherited/Tax Dec),Married,1,11.3,core_stability,completed,6,0.6809
SURV-02622,36,7,0.1944,0.1689,31081.24,5249.04,0.61,1,2,0.03,0,0,OFW Remittance / Dependent,Owned (Inherited/Tax Dec),Single,1,3.7,core_stability,completed,29,0.7216
SURV-02623,12,10,0.8333,0.3615,38395.16,13879.18,0.401,4,1,0.15,0,1,Employed (Private/Gov),Owned (Clean Title),Married,2,5.9,completion_phase,defaulted,1,0.76
SURV-02624,12,12,1.0,0.2723,44468.87,12108.0,0.378,4,1,0.296,1,0,Public School Teacher,Owned (Clean Title),Widowed,3,3.0,completion_phase,defaulted,0,0.716
SURV-02625,12,11,0.9167,0.1957,31625.61,6190.25,0.67,1,0,0.046,0,0,Employed (Private/Gov),Owned (Inherited/Tax Dec),Widowed,2,1.1,completion_phase,defaulted,1,0.747
SURV-02626,24,19,0.7917,0.3852,17203.47,6626.96,0.627,1,1,0.169,0,0,Agri / Farmer / Fisherfolk,Living with Parents/Relatives,Married,2,8.5,core_stability,defaulted,0,0.5554
SURV-02627,24,20,0.8333,0.3755,24261.68,9109.05,0.607,2,1,0.341,0,0,BPO / Call Center Agent,Living with Parents/Relatives,Widowed,0,18.1,core_stability,defaulted,1,0.6456
SURV-02628,36,28,0.7778,0.1036,34316.01,3556.68,0.98,0,11,0.0,0,0,Public School Teacher,Owned (Clean Title),Single,3,7.5,core_stability,completed,8,0.6968
SURV-02629,36,20,0.5556,0.0518,90014.57,4662.06,0.924,0,7,0.0,0,0,OFW Remittance / Dependent,Owned (Clean Title),Married,0,2.6,option_window,early_settled,3,0.7108
SURV-02630,24,21,0.875,0.2328,17103.56,3981.97,0.395,4,1,0.387,0,0,Tricycle / PUV Operator,Owned (Inherited/Tax Dec),Married,2,2.4,completion_phase,defaulted,1,0.698
SURV-02631,12,8,0.6667,0.3574,44889.08,16041.16,0.549,3,0,0.371,0,1,OFW Remittance / Dependent,Living with Parents/Relatives,Single,0,4.9,core_stability,defaulted,0,0.6831
SURV-02632,24,6,0.25,0.1618,20764.66,3360.18,0.364,1,0,0.448,1,0,Tricycle / PUV Operator,Rented (Apartment/House),Single,2,7.8,core_stability,defaulted,2,0.6986
SURV-02633,24,22,0.9167,0.2764,25683.12,7099.96,0.647,3,0,0.323,0,0,Sari-Sari / Small Retail,Rented (Apartment/House),Single,4,5.4,completion_phase,completed,2,0.669
SURV-02634,24,2,0.0833,0.3434,21787.59,7482.06,0.248,3,0,0.41,0,1,Employed (Private/Gov),Owned (Inherited/Tax Dec),Widowed,1,9.0,onboarding_risk,defaulted,5,0.7116
SURV-02635,24,12,0.5,0.1886,18055.75,3405.66,0.491,1,0,0.366,0,0,Agri / Farmer / Fisherfolk,Owned (Inherited/Tax Dec),Married,0,5.9,option_window,defaulted,1,0.6982
SURV-02636,24,12,0.5,0.1863,21184.04,3947.22,0.283,3,0,0.273,0,0,Tricycle / PUV Operator,Living with Parents/Relatives,Married,0,2.4,option_window,defaulted,1,0.6513
SURV-02637,24,6,0.25,0.2213,35921.56,7950.17,0.846,1,0,0.016,1,0,Public School Teacher,Owned (Inherited/Tax Dec),Widowed,2,2.5,core_stability,defaulted,1,0.6945
SURV-02638,12,12,1.0,0.2264,34558.43,7824.45,0.602,0,1,0.064,0,0,OFW Remittance / Dependent,Living with Parents/Relatives,Married,1,1.0,completion_phase,completed,0,0.7316
SURV-02639,12,8,0.6667,0.3808,24659.37,9389.25,0.209,4,0,0.307,0,0,Sari-Sari / Small Retail,Living with Parents/Relatives,Married,1,4.1,core_stability,defaulted,1,0.62
SURV-02640,24,2,0.0833,0.1274,22909.26,2919.05,0.669,0,2,0.139,0,0,Employed (Private/Gov),Rented (Apartment/House),Married,2,10.5,onboarding_risk,defaulted,4,0.6681
SURV-02641,24,12,0.5,0.2486,34923.84,8680.38,0.606,2,0,0.388,0,0,BPO / Call Center Agent,Owned (Inherited/Tax Dec),Married,2,2.1,option_window,defaulted,1,0.7097
SURV-02642,36,21,0.5833,0.3702,14725.21,5451.86,0.259,3,0,0.399,1,0,Agri / Farmer / Fisherfolk,Rented (Apartment/House),Widowed,0,5.8,option_window,defaulted,0,0.5915
SURV-02643,36,35,0.9722,0.041,76614.63,3144.67,0.888,0,11,0.0,0,0,OFW Remittance / Dependent,Owned (Inherited/Tax Dec),Single,1,3.1,completion_phase,early_settled,0,0.7421
SURV-02644,12,3,0.25,0.2539,38494.92,9773.07,0.777,1,1,0.145,0,0,Employed (Private/Gov),Owned (Inherited/Tax Dec),Married,0,11.8,onboarding_risk,completed,9,0.7385
SURV-02645,12,11,0.9167,0.3765,26445.9,9955.99,0.44,1,1,0.307,0,0,Sari-Sari / Small Retail,Owned (Clean Title),Married,1,9.7,completion_phase,defaulted,0,0.7172
SURV-02646,12,4,0.3333,0.3243,38078.0,12347.78,0.847,1,2,0.078,0,0,Public School Teacher,Owned (Clean Title),Single,0,6.2,onboarding_risk,defaulted,1,0.7023
SURV-02647,36,26,0.7222,0.0834,40357.31,3364.01,0.857,0,7,0.0,0,0,OFW Remittance / Dependent,Owned (Clean Title),Widowed,0,5.7,core_stability,completed,10,0.7363
SURV-02648,24,21,0.875,0.3489,26617.03,9287.94,0.445,3,1,0.198,1,1,Public School Teacher,Owned (Clean Title),Married,4,8.9,completion_phase,defaulted,1,0.7079
SURV-02649,12,5,0.4167,0.1183,42337.74,5010.04,0.761,0,2,0.023,0,0,OFW Remittance / Dependent,Rented (Apartment/House),Single,2,3.2,core_stability,completed,7,0.7565
SURV-02650,12,6,0.5,0.2041,46029.62,9395.46,0.656,1,0,0.048,0,0,Public School Teacher,Living with Parents/Relatives,Single,1,8.1,core_stability,defaulted,1,0.7281
SURV-02651,36,14,0.3889,0.1617,24940.12,4033.48,0.62,0,3,0.029,0,0,Sari-Sari / Small Retail,Owned (Clean Title),Married,0,19.4,option_window,completed,22,0.6953
SURV-02652,12,5,0.4167,0.2729,28028.85,7647.71,0.588,4,0,0.337,1,0,BPO / Call Center Agent,Rented (Apartment/House),Married,0,5.1,core_stability,defaulted,2,0.6804
SURV-02653,12,1,0.0833,0.6922,15026.06,10401.5,0.589,3,0,0.224,0,0,Agri / Farmer / Fisherfolk,Living with Parents/Relatives,Married,0,7.4,onboarding_risk,defaulted,1,0.5625
SURV-02654,24,5,0.2083,0.3233,22159.27,7165.15,0.343,1,1,0.198,0,0,Tricycle / PUV Operator,Rented (Apartment/House),Single,1,18.0,core_stability,early_settled,7,0.5643
SURV-02655,36,4,0.1111,0.059,53559.62,3159.89,0.971,0,1,0.0,0,0,OFW Remittance / Dependent,Owned (Clean Title),Widowed,1,9.2,onboarding_risk,completed,32,0.7337
SURV-02656,24,24,1.0,0.137,22039.58,3018.49,0.835,0,3,0.064,0,0,Sari-Sari / Small Retail,Owned (Inherited/Tax Dec),Married,2,4.7,completion_phase,defaulted,0,0.7391
SURV-02657,36,12,0.3333,0.1216,48798.5,5934.95,0.932,0,10,0.0,0,0,OFW Remittance / Dependent,Owned (Inherited/Tax Dec),Single,1,5.8,option_window,early_settled,8,0.7153
SURV-02658,24,18,0.75,0.0777,63898.49,4965.76,0.869,0,4,0.0,0,0,OFW Remittance / Dependent,Owned (Clean Title),Single,2,1.0,core_stability,completed,6,0.7241
SURV-02659,12,4,0.3333,0.3873,22107.61,8561.31,0.399,3,0,0.331,1,0,Sari-Sari / Small Retail,Rented (Apartment/House),Widowed,1,2.8,onboarding_risk,defaulted,0,0.5683
SURV-02660,36,26,0.7222,0.2026,20044.66,4061.66,0.47,1,0,0.199,0,0,Tricycle / PUV Operator,Living with Parents/Relatives,Widowed,1,5.0,core_stability,defaulted,1,0.6043
SURV-02661,36,33,0.9167,0.0635,39918.94,2536.36,0.628,1,3,0.034,1,0,BPO / Call Center Agent,Rented (Apartment/House),Single,0,2.3,completion_phase,defaulted,0,0.7365
SURV-02662,24,13,0.5417,0.2763,27769.54,7672.15,0.356,1,0,0.339,1,0,BPO / Call Center Agent,Rented (Apartment/House),Widowed,2,9.3,option_window,defaulted,1,0.6835
SURV-02663,24,11,0.4583,0.378,17580.1,6645.88,0.461,2,0,0.353,1,1,Sari-Sari / Small Retail,Owned (Inherited/Tax Dec),Single,0,2.1,option_window,defaulted,0,0.6294
SURV-02664,36,6,0.1667,0.2776,12000.0,3331.22,0.387,4,0,0.154,0,0,Tricycle / PUV Operator,Living with Parents/Relatives,Widowed,2,5.6,core_stability,defaulted,3,0.6047
SURV-02665,24,22,0.9167,0.425,17102.44,7268.14,0.499,3,0,0.36,1,0,Agri / Farmer / Fisherfolk,Living with Parents/Relatives,Married,2,19.3,completion_phase,defaulted,1,0.5606
SURV-02666,24,10,0.4167,0.117,36662.2,4289.88,0.937,0,7,0.0,0,0,Public School Teacher,Owned (Clean Title),Married,2,4.8,core_stability,completed,14,0.7966
SURV-02667,36,6,0.1667,0.3752,16573.05,6217.59,0.31,4,0,0.42,0,0,Sari-Sari / Small Retail,Rented (Apartment/House),Single,1,5.5,core_stability,defaulted,3,0.5462
SURV-02668,36,15,0.4167,0.0762,51709.06,3938.39,0.899,0,5,0.0,0,0,Employed (Private/Gov),Owned (Clean Title),Married,0,14.2,option_window,early_settled,6,0.7339
SURV-02669,36,7,0.1944,0.109,38830.72,4233.5,0.651,0,0,0.02,0,0,OFW Remittance / Dependent,Living with Parents/Relatives,Married,0,4.3,core_stability,completed,29,0.7176
SURV-02670,36,35,0.9722,0.2514,18713.97,4705.06,0.376,1,0,0.187,1,0,Employed (Private/Gov),Rented (Apartment/House),Married,2,6.1,completion_phase,defaulted,0,0.7077
SURV-02671,36,16,0.4444,0.1964,20465.51,4020.11,0.613,2,0,0.324,0,0,Sari-Sari / Small Retail,Owned (Clean Title),Widowed,2,3.6,option_window,defaulted,0,0.5852
SURV-02672,12,2,0.1667,0.2947,18364.02,5411.56,0.427,3,0,0.339,0,1,Agri / Farmer / Fisherfolk,Owned (Clean Title),Widowed,2,2.5,onboarding_risk,defaulted,4,0.6539
SURV-02673,36,21,0.5833,0.1478,42530.31,6286.3,0.606,0,2,0.024,0,0,Employed (Private/Gov),Owned (Inherited/Tax Dec),Married,0,3.1,option_window,completed,15,0.6702
SURV-02674,24,14,0.5833,0.1408,40089.97,5642.96,0.853,0,5,0.0,0,0,Public School Teacher,Owned (Inherited/Tax Dec),Married,3,10.7,core_stability,completed,10,0.779
SURV-02675,36,26,0.7222,0.1685,27306.39,4600.6,0.734,1,2,0.069,0,0,Sari-Sari / Small Retail,Living with Parents/Relatives,Single,0,16.0,core_stability,defaulted,1,0.6672
SURV-02676,24,23,0.9583,0.2396,38194.67,9152.13,0.678,1,3,0.138,0,0,Public School Teacher,Owned (Clean Title),Married,0,7.9,completion_phase,completed,1,0.7738
SURV-02677,12,10,0.8333,0.2036,33383.41,6798.36,0.831,0,0,0.011,0,0,Employed (Private/Gov),Owned (Inherited/Tax Dec),Widowed,3,8.2,completion_phase,completed,2,0.7457
SURV-02678,24,6,0.25,0.2002,24253.62,4855.42,0.42,1,1,0.369,0,0,Agri / Farmer / Fisherfolk,Rented (Apartment/House),Single,1,2.8,core_stability,defaulted,2,0.5909
SURV-02679,36,24,0.6667,0.1625,40957.4,6655.28,0.666,0,3,0.032,0,0,Public School Teacher,Rented (Apartment/House),Married,0,10.9,option_window,completed,12,0.689
SURV-02680,24,3,0.125,0.1236,32888.9,4065.13,0.63,1,2,0.043,0,0,BPO / Call Center Agent,Owned (Inherited/Tax Dec),Single,1,4.8,onboarding_risk,completed,21,0.6894
SURV-02681,12,10,0.8333,0.6542,19020.22,12443.54,0.526,1,1,0.245,0,0,BPO / Call Center Agent,Owned (Inherited/Tax Dec),Single,1,4.7,completion_phase,completed,2,0.5819
SURV-02682,36,23,0.6389,0.1661,23405.26,3886.47,0.897,0,11,0.0,0,0,Employed (Private/Gov),Owned (Clean Title),Married,2,6.9,option_window,early_settled,1,0.7295
SURV-02683,24,17,0.7083,0.4234,19314.54,8178.62,0.251,4,0,0.344,1,0,Tricycle / PUV Operator,Owned (Inherited/Tax Dec),Married,0,7.9,core_stability,defaulted,0,0.5911
SURV-02684,36,15,0.4167,0.311,21635.39,6729.08,0.528,2,1,0.417,0,0,BPO / Call Center Agent,Owned (Clean Title),Single,3,4.8,option_window,defaulted,0,0.5968
SURV-02685,24,13,0.5417,0.1291,30851.6,3981.5,0.946,0,5,0.0,0,0,BPO / Call Center Agent,Owned (Clean Title),Married,2,5.1,option_window,completed,11,0.7178
SURV-02686,36,16,0.4444,0.1327,25329.72,3361.6,0.775,0,0,0.046,0,0,BPO / Call Center Agent,Living with Parents/Relatives,Married,2,1.6,option_window,completed,20,0.6841
SURV-02687,24,5,0.2083,0.1792,27978.3,5014.71,0.693,1,1,0.131,0,0,Employed (Private/Gov),Rented (Apartment/House),Married,0,7.0,core_stability,defaulted,2,0.7291
SURV-02688,24,3,0.125,0.0935,35142.23,3285.38,0.959,0,2,0.0,0,0,Public School Teacher,Living with Parents/Relatives,Married,2,13.7,onboarding_risk,completed,21,0.7547
SURV-02689,24,10,0.4167,0.1947,22108.96,4305.59,0.724,0,0,0.019,0,0,BPO / Call Center Agent,Rented (Apartment/House),Married,0,13.6,core_stability,defaulted,0,0.71
SURV-02690,36,35,0.9722,0.0992,27547.33,2732.09,0.96,0,8,0.0,0,0,Employed (Private/Gov),Living with Parents/Relatives,Married,2,17.7,completion_phase,early_settled,0,0.738
SURV-02691,36,24,0.6667,0.1611,26673.96,4296.26,0.847,1,1,0.126,0,0,Sari-Sari / Small Retail,Owned (Inherited/Tax Dec),Single,0,7.3,option_window,defaulted,0,0.7126
SURV-02692,36,22,0.6111,0.1421,34192.23,4860.03,0.828,0,3,0.13,0,0,Employed (Private/Gov),Rented (Apartment/House),Married,2,10.2,option_window,completed,14,0.7216
SURV-02693,36,18,0.5,0.1567,26317.68,4125.13,0.999,0,12,0.0,0,0,BPO / Call Center Agent,Owned (Inherited/Tax Dec),Married,2,5.4,option_window,early_settled,8,0.7307
SURV-02694,24,20,0.8333,0.3281,25785.28,8461.28,0.467,3,1,0.338,0,0,Tricycle / PUV Operator,Living with Parents/Relatives,Married,1,7.1,core_stability,defaulted,1,0.6216
SURV-02695,36,28,0.7778,0.175,30935.07,5412.43,0.711,1,2,0.029,0,0,BPO / Call Center Agent,Living with Parents/Relatives,Single,2,3.4,core_stability,completed,8,0.6133
SURV-02696,36,34,0.9444,0.1253,33988.5,4257.7,0.878,0,7,0.0,0,0,Public School Teacher,Rented (Apartment/House),Widowed,1,7.3,completion_phase,completed,2,0.7277
SURV-02697,36,34,0.9444,0.1311,26795.78,3513.83,0.828,1,0,0.116,0,0,Tricycle / PUV Operator,Owned (Inherited/Tax Dec),Married,4,10.5,completion_phase,defaulted,1,0.6738
SURV-02698,12,8,0.6667,0.6818,13336.28,9092.88,0.228,4,0,0.427,1,1,Employed (Private/Gov),Owned (Inherited/Tax Dec),Widowed,1,6.6,core_stability,defaulted,0,0.594
SURV-02699,36,22,0.6111,0.2818,18581.29,5235.67,0.402,4,1,0.404,1,0,Agri / Farmer / Fisherfolk,Living with Parents/Relatives,Single,1,9.0,option_window,defaulted,1,0.5919
SURV-02700,24,20,0.8333,0.2007,32434.96,6509.23,0.936,0,4,0.0,0,0,Public School Teacher,Owned (Clean Title),Married,2,5.3,core_stability,completed,4,0.7287
SURV-02701,12,11,0.9167,0.4831,30291.3,14633.76,0.257,2,0,0.258,0,0,Sari-Sari / Small Retail,Rented (Apartment/House),Single,3,4.6,completion_phase,defaulted,0,0.5709
SURV-02702,24,13,0.5417,0.2355,20369.36,4796.83,0.241,4,0,0.228,0,0,Tricycle / PUV Operator,Living with Parents/Relatives,Single,3,7.9,option_window,defaulted,1,0.6314
SURV-02703,12,2,0.1667,0.351,28348.6,9949.28,0.29,3,0,0.313,1,0,Public School Teacher,Living with Parents/Relatives,Widowed,0,3.7,onboarding_risk,defaulted,4,0.6329
SURV-02704,12,3,0.25,0.2382,57545.56,13706.23,0.761,0,3,0.145,0,0,OFW Remittance / Dependent,Rented (Apartment/House),Single,0,11.6,onboarding_risk,completed,9,0.7545
SURV-02705,24,23,0.9583,0.259,30524.48,7905.28,0.731,1,2,0.035,0,0,BPO / Call Center Agent,Living with Parents/Relatives,Widowed,0,5.7,completion_phase,completed,1,0.6613
SURV-02706,36,7,0.1944,0.0474,68948.57,3270.43,0.972,0,2,0.0,0,0,OFW Remittance / Dependent,Owned (Clean Title),Married,1,9.0,core_stability,completed,29,0.7513
SURV-02707,24,22,0.9167,0.2026,28792.89,5834.63,0.544,4,0,0.359,0,0,BPO / Call Center Agent,Living with Parents/Relatives,Married,1,1.4,completion_phase,defaulted,0,0.7115
SURV-02708,12,9,0.75,0.4836,31954.59,15452.78,0.485,3,1,0.222,0,0,BPO / Call Center Agent,Owned (Inherited/Tax Dec),Married,2,14.2,completion_phase,defaulted,1,0.5959
SURV-02709,36,2,0.0556,0.1846,26188.17,4834.8,0.87,0,2,0.0,0,0,Public School Teacher,Owned (Clean Title),Single,1,7.6,onboarding_risk,completed,34,0.7298
SURV-02710,24,9,0.375,0.1052,39571.6,4164.84,0.914,0,9,0.0,0,0,Public School Teacher,Rented (Apartment/House),Single,0,5.6,core_stability,completed,15,0.7961
SURV-02711,24,6,0.25,0.2108,28592.35,6026.09,0.245,1,0,0.208,0,0,Sari-Sari / Small Retail,Living with Parents/Relatives,Married,3,7.5,core_stability,defaulted,0,0.6693
SURV-02712,36,26,0.7222,0.0729,32545.66,2372.78,0.905,0,6,0.0,0,0,BPO / Call Center Agent,Owned (Inherited/Tax Dec),Married,0,4.3,core_stability,completed,10,0.7709
SURV-02713,24,20,0.8333,0.3011,22863.93,6884.12,0.511,3,0,0.321,1,1,Sari-Sari / Small Retail,Owned (Clean Title),Single,3,1.5,core_stability,defaulted,0,0.6649
SURV-02714,12,9,0.75,0.3717,33990.07,12634.52,0.48,1,0,0.27,1,1,BPO / Call Center Agent,Owned (Inherited/Tax Dec),Married,1,5.9,completion_phase,completed,3,0.7158
SURV-02715,12,9,0.75,0.3322,16280.43,5408.72,0.386,4,0,0.164,0,0,Agri / Farmer / Fisherfolk,Owned (Clean Title),Widowed,1,8.0,completion_phase,defaulted,1,0.6594
SURV-02716,36,17,0.4722,0.1137,20606.62,2343.98,0.716,0,3,0.098,0,0,Tricycle / PUV Operator,Owned (Clean Title),Married,2,5.1,option_window,defaulted,0,0.7159
SURV-02717,24,6,0.25,0.2171,23140.73,5023.68,0.848,0,1,0.018,0,0,Sari-Sari / Small Retail,Owned (Clean Title),Widowed,1,5.8,core_stability,completed,18,0.7257
SURV-02718,36,1,0.0278,0.1209,57592.97,6964.76,0.782,0,3,0.075,0,0,Public School Teacher,Rented (Apartment/House),Married,1,2.7,onboarding_risk,completed,35,0.6923
SURV-02719,12,10,0.8333,0.3993,25269.79,10090.14,0.374,4,0,0.228,0,0,Sari-Sari / Small Retail,Owned (Inherited/Tax Dec),Widowed,1,4.5,completion_phase,defaulted,0,0.6359
SURV-02720,36,10,0.2778,0.1116,35502.78,3961.89,0.919,0,6,0.0,0,0,Public School Teacher,Owned (Inherited/Tax Dec),Widowed,1,9.7,core_stability,completed,26,0.7933
SURV-02721,24,3,0.125,0.1997,46859.52,9358.5,0.814,0,2,0.148,0,0,OFW Remittance / Dependent,Owned (Clean Title),Married,2,3.0,onboarding_risk,completed,21,0.7526
SURV-02722,36,28,0.7778,0.1492,28078.8,4189.41,0.894,0,5,0.0,0,0,Public School Teacher,Owned (Inherited/Tax Dec),Single,3,5.5,core_stability,early_settled,0,0.725
SURV-02723,24,2,0.0833,0.1309,35700.76,4671.56,0.926,0,2,0.0,0,0,Public School Teacher,Rented (Apartment/House),Married,2,10.4,onboarding_risk,completed,22,0.7512
SURV-02724,24,14,0.5833,0.1864,31357.89,5844.68,0.683,1,1,0.065,0,0,Employed (Private/Gov),Owned (Clean Title),Married,2,13.0,core_stability,early_settled,0,0.7029
SURV-02725,36,31,0.8611,0.1397,41820.69,5843.86,0.936,0,1,0.0,0,0,Public School Teacher,Owned (Clean Title),Married,1,14.6,core_stability,completed,5,0.7103
SURV-02726,12,8,0.6667,0.5207,22095.4,11505.33,0.314,4,0,0.156,1,0,Tricycle / PUV Operator,Owned (Clean Title),Widowed,3,13.6,core_stability,defaulted,1,0.5598
SURV-02727,12,10,0.8333,0.2581,36262.22,9357.85,0.787,1,0,0.066,0,0,Employed (Private/Gov),Owned (Clean Title),Married,2,9.3,completion_phase,completed,2,0.7771
SURV-02728,24,23,0.9583,0.0716,49081.64,3513.24,0.951,0,10,0.0,0,0,OFW Remittance / Dependent,Owned (Inherited/Tax Dec),Widowed,2,3.2,completion_phase,completed,1,0.7917
SURV-02729,36,16,0.4444,0.119,36269.98,4316.41,0.814,0,2,0.125,0,0,OFW Remittance / Dependent,Rented (Apartment/House),Single,1,10.6,option_window,completed,20,0.6707
SURV-02730,12,10,0.8333,0.1627,33871.19,5512.46,0.841,0,2,0.075,0,0,Employed (Private/Gov),Living with Parents/Relatives,Widowed,1,10.9,completion_phase,completed,2,0.7902
SURV-02731,12,9,0.75,0.2761,29388.1,8113.93,0.561,1,0,0.25,1,0,BPO / Call Center Agent,Rented (Apartment/House),Married,0,16.3,completion_phase,defaulted,1,0.6458
SURV-02732,36,7,0.1944,0.3304,12852.06,4245.86,0.401,2,1,0.401,0,0,Tricycle / PUV Operator,Living with Parents/Relatives,Single,1,2.3,core_stability,defaulted,1,0.5372
SURV-02733,24,18,0.75,0.1136,30918.1,3512.24,0.906,0,8,0.0,0,0,Public School Teacher,Owned (Clean Title),Widowed,0,4.7,core_stability,completed,6,0.7618
SURV-02734,24,17,0.7083,0.199,25819.71,5138.44,0.786,1,3,0.043,0,0,Sari-Sari / Small Retail,Owned (Clean Title),Married,0,12.8,core_stability,completed,7,0.7
SURV-02735,12,7,0.5833,0.0801,56386.42,4515.94,0.839,1,2,0.147,0,0,OFW Remittance / Dependent,Rented (Apartment/House),Single,0,2.4,core_stability,completed,5,0.8019
SURV-02736,12,9,0.75,0.6584,19493.07,12833.34,0.291,2,0,0.299,0,0,Tricycle / PUV Operator,Owned (Clean Title),Single,3,6.9,completion_phase,defaulted,1,0.6153
SURV-02737,36,26,0.7222,0.2596,17906.66,4648.1,0.366,4,0,0.337,0,0,Tricycle / PUV Operator,Owned (Inherited/Tax Dec),Widowed,4,7.1,core_stability,defaulted,0,0.6068
SURV-02738,12,2,0.1667,0.2423,44332.01,10741.0,0.639,1,0,0.129,0,0,Public School Teacher,Rented (Apartment/House),Single,0,15.3,onboarding_risk,completed,10,0.7624
SURV-02739,24,13,0.5417,0.3817,17725.79,6766.82,0.47,3,1,0.298,0,1,Tricycle / PUV Operator,Owned (Inherited/Tax Dec),Widowed,1,6.1,option_window,defaulted,0,0.6258
SURV-02740,24,14,0.5833,0.2433,28844.73,7016.67,0.422,2,1,0.335,0,0,BPO / Call Center Agent,Rented (Apartment/House),Single,0,6.9,core_stability,defaulted,1,0.7156
SURV-02741,36,35,0.9722,0.1205,19182.78,2310.77,0.662,0,3,0.118,0,0,Tricycle / PUV Operator,Living with Parents/Relatives,Married,0,11.4,completion_phase,defaulted,0,0.624
SURV-02742,24,17,0.7083,0.1577,41605.19,6562.96,0.737,0,3,0.082,0,0,Employed (Private/Gov),Living with Parents/Relatives,Widowed,1,17.4,core_stability,defaulted,0,0.7421
SURV-02743,24,13,0.5417,0.428,17188.97,7356.81,0.631,2,1,0.414,0,0,Agri / Farmer / Fisherfolk,Living with Parents/Relatives,Married,1,4.5,option_window,defaulted,1,0.554
SURV-02744,24,5,0.2083,0.3715,17684.98,6569.9,0.316,2,0,0.323,0,0,Tricycle / PUV Operator,Rented (Apartment/House),Widowed,1,4.5,core_stability,defaulted,0,0.5444
SURV-02745,36,28,0.7778,0.2324,15623.28,3631.15,0.523,3,0,0.358,0,0,Agri / Farmer / Fisherfolk,Living with Parents/Relatives,Single,1,13.4,core_stability,defaulted,1,0.6431
SURV-02746,12,2,0.1667,0.155,65073.02,10086.67,0.867,0,2,0.0,0,0,OFW Remittance / Dependent,Living with Parents/Relatives,Married,1,5.6,onboarding_risk,completed,10,0.7915
SURV-02747,36,6,0.1667,0.2571,25363.23,6521.57,0.23,3,0,0.409,0,0,Sari-Sari / Small Retail,Owned (Clean Title),Widowed,1,9.4,core_stability,defaulted,1,0.6061
SURV-02748,12,12,1.0,0.1739,60404.72,10505.54,0.616,0,2,0.125,1,0,OFW Remittance / Dependent,Rented (Apartment/House),Married,3,12.6,completion_phase,completed,0,0.758
SURV-02749,12,3,0.25,0.4793,21138.94,10132.3,0.58,2,0,0.165,0,0,Tricycle / PUV Operator,Owned (Inherited/Tax Dec),Married,1,5.8,onboarding_risk,defaulted,0,0.6518
SURV-02750,12,12,1.0,0.8289,16779.57,13909.18,0.341,4,1,0.337,0,1,Agri / Farmer / Fisherfolk,Owned (Inherited/Tax Dec),Married,1,6.4,completion_phase,defaulted,0,0.6523
SURV-02751,24,11,0.4583,0.2033,17846.28,3627.83,0.273,4,0,0.222,1,0,Tricycle / PUV Operator,Owned (Clean Title),Married,0,5.9,option_window,defaulted,0,0.6602
SURV-02752,24,6,0.25,0.2239,21973.36,4919.74,0.284,3,0,0.335,0,0,Sari-Sari / Small Retail,Rented (Apartment/House),Married,0,2.5,core_stability,defaulted,1,0.6842
SURV-02753,24,24,1.0,0.0723,46515.16,3364.7,0.901,0,8,0.0,0,0,OFW Remittance / Dependent,Owned (Inherited/Tax Dec),Married,0,1.4,completion_phase,completed,0,0.7728
SURV-02754,24,15,0.625,0.0705,64338.59,4533.03,0.86,0,8,0.0,0,0,OFW Remittance / Dependent,Owned (Inherited/Tax Dec),Widowed,3,5.0,core_stability,completed,9,0.7601
SURV-02755,12,10,0.8333,0.2085,42780.08,8919.21,0.718,0,2,0.091,0,0,OFW Remittance / Dependent,Owned (Inherited/Tax Dec),Married,2,16.0,completion_phase,early_settled,0,0.7435
SURV-02756,12,2,0.1667,0.6768,23327.07,15788.92,0.48,2,0,0.275,1,0,Tricycle / PUV Operator,Rented (Apartment/House),Married,3,1.8,onboarding_risk,defaulted,2,0.624
SURV-02757,24,11,0.4583,0.2137,35154.82,7511.44,0.662,1,0,0.125,0,0,Employed (Private/Gov),Owned (Clean Title),Widowed,1,7.3,option_window,completed,13,0.7291
SURV-02758,12,3,0.25,0.6247,20586.08,12859.92,0.516,2,0,0.389,1,0,Sari-Sari / Small Retail,Living with Parents/Relatives,Widowed,3,15.7,onboarding_risk,defaulted,4,0.5814
SURV-02759,36,16,0.4444,0.2422,27091.23,6561.31,0.367,4,0,0.178,0,1,Sari-Sari / Small Retail,Rented (Apartment/House),Married,2,6.1,option_window,defaulted,1,0.6386
SURV-02760,36,6,0.1667,0.0913,35680.14,3258.22,0.816,0,0,0.05,0,0,Public School Teacher,Rented (Apartment/House),Widowed,0,4.4,core_stability,completed,30,0.6912
SURV-02761,12,6,0.5,0.2047,29246.02,5987.37,0.82,1,0,0.141,0,0,Employed (Private/Gov),Owned (Inherited/Tax Dec),Single,2,16.0,core_stability,defaulted,0,0.7532
SURV-02762,24,23,0.9583,0.0834,61832.4,5154.27,0.907,0,7,0.0,0,0,OFW Remittance / Dependent,Owned (Inherited/Tax Dec),Widowed,2,5.1,completion_phase,completed,1,0.851
SURV-02763,24,20,0.8333,0.3985,16062.22,6400.97,0.345,4,1,0.214,1,0,Sari-Sari / Small Retail,Living with Parents/Relatives,Widowed,3,6.4,core_stability,defaulted,1,0.6391
SURV-02764,36,9,0.25,0.1521,20639.24,3139.88,0.829,1,0,0.136,0,0,Tricycle / PUV Operator,Owned (Clean Title),Single,3,6.4,core_stability,completed,27,0.6411
SURV-02765,36,12,0.3333,0.1277,36652.23,4679.37,0.679,0,1,0.017,0,0,BPO / Call Center Agent,Owned (Clean Title),Married,2,3.4,option_window,early_settled,15,0.6905
SURV-02766,24,14,0.5833,0.1857,34657.34,6434.18,0.766,0,1,0.1,1,0,BPO / Call Center Agent,Owned (Clean Title),Single,3,7.7,core_stability,early_settled,0,0.6781
SURV-02767,24,18,0.75,0.285,25442.59,7250.49,0.509,4,1,0.406,1,0,Employed (Private/Gov),Rented (Apartment/House),Single,3,5.0,core_stability,defaulted,0,0.6195
SURV-02768,24,9,0.375,0.3652,13885.02,5070.99,0.589,2,1,0.18,1,0,Sari-Sari / Small Retail,Owned (Clean Title),Married,1,12.9,core_stability,defaulted,0,0.6624
SURV-02769,36,6,0.1667,0.1821,38632.97,7035.27,0.709,1,1,0.102,0,0,Public School Teacher,Owned (Clean Title),Married,3,7.8,core_stability,defaulted,3,0.6749
SURV-02770,12,12,1.0,0.356,44018.2,15671.86,0.221,2,0,0.281,1,1,Employed (Private/Gov),Living with Parents/Relatives,Married,1,8.8,completion_phase,defaulted,0,0.669
SURV-02771,36,35,0.9722,0.145,27957.69,4052.61,0.852,0,11,0.0,0,0,Public School Teacher,Owned (Clean Title),Married,4,8.6,completion_phase,completed,1,0.7057
SURV-02772,24,16,0.6667,0.2097,35942.25,7536.51,0.804,0,0,0.031,0,0,Public School Teacher,Owned (Inherited/Tax Dec),Married,1,1.5,core_stability,early_settled,0,0.7969
SURV-02773,12,7,0.5833,0.1469,59946.08,8804.64,0.887,0,5,0.0,0,0,OFW Remittance / Dependent,Owned (Clean Title),Married,1,15.0,core_stability,early_settled,3,0.7848
SURV-02774,12,1,0.0833,0.3288,30954.22,10176.67,0.423,4,0,0.337,1,0,Employed (Private/Gov),Owned (Clean Title),Single,4,4.3,onboarding_risk,defaulted,2,0.6502
SURV-02775,36,8,0.2222,0.1959,21714.16,4253.12,0.777,1,3,0.121,0,0,Tricycle / PUV Operator,Owned (Clean Title),Married,0,5.5,core_stability,defaulted,0,0.679
SURV-02776,24,21,0.875,0.3188,18705.61,5962.56,0.263,4,1,0.163,1,1,Tricycle / PUV Operator,Owned (Clean Title),Widowed,3,11.9,completion_phase,defaulted,0,0.6274
SURV-02777,12,4,0.3333,0.5121,16564.46,8481.99,0.501,4,0,0.335,1,1,Sari-Sari / Small Retail,Owned (Clean Title),Married,3,2.3,onboarding_risk,defaulted,1,0.6008
SURV-02778,36,21,0.5833,0.1203,25417.51,3058.92,0.285,4,1,0.311,0,1,Agri / Farmer / Fisherfolk,Rented (Apartment/House),Married,1,10.2,option_window,defaulted,0,0.6157
SURV-02779,24,23,0.9583,0.1167,26451.82,3087.87,0.856,0,9,0.0,0,0,BPO / Call Center Agent,Living with Parents/Relatives,Single,1,13.6,completion_phase,completed,1,0.7294
SURV-02780,12,12,1.0,0.2288,42527.15,9729.61,0.645,1,3,0.021,0,0,Public School Teacher,Owned (Clean Title),Widowed,1,3.2,completion_phase,completed,0,0.7501
SURV-02781,24,12,0.5,0.2402,25169.49,6046.38,0.545,2,0,0.386,0,1,Tricycle / PUV Operator,Rented (Apartment/House),Widowed,3,2.9,option_window,defaulted,0,0.5499
SURV-02782,12,11,0.9167,0.3506,34020.97,11929.25,0.4,4,1,0.222,0,0,Employed (Private/Gov),Living with Parents/Relatives,Widowed,2,6.1,completion_phase,defaulted,1,0.722
SURV-02783,12,12,1.0,0.4075,25253.42,10289.68,0.323,3,0,0.344,1,0,Tricycle / PUV Operator,Owned (Inherited/Tax Dec),Single,1,6.2,completion_phase,defaulted,0,0.6382
SURV-02784,24,5,0.2083,0.1517,33730.4,5115.83,0.973,0,5,0.0,0,0,Employed (Private/Gov),Owned (Clean Title),Married,0,6.4,core_stability,completed,19,0.736
SURV-02785,24,5,0.2083,0.2455,36679.35,9004.85,0.648,0,0,0.036,0,0,OFW Remittance / Dependent,Rented (Apartment/House),Single,2,6.2,core_stability,early_settled,7,0.7085
SURV-02786,24,1,0.0417,0.1734,38625.07,6699.32,0.255,2,0,0.155,0,0,Employed (Private/Gov),Rented (Apartment/House),Married,3,2.7,onboarding_risk,defaulted,3,0.6427
SURV-02787,24,24,1.0,0.0648,45953.89,2975.86,0.865,0,6,0.0,0,0,Public School Teacher,Owned (Clean Title),Single,2,5.6,completion_phase,completed,0,0.8394
SURV-02788,24,14,0.5833,0.3547,16789.24,5955.43,0.291,4,1,0.423,0,0,Tricycle / PUV Operator,Rented (Apartment/House),Widowed,2,1.0,core_stability,defaulted,1,0.5623
SURV-02789,12,1,0.0833,1.0463,12000.0,12555.48,0.381,4,0,0.165,1,1,Agri / Farmer / Fisherfolk,Rented (Apartment/House),Widowed,1,11.7,onboarding_risk,defaulted,6,0.5482
SURV-02790,36,12,0.3333,0.0891,32713.46,2914.11,0.953,0,3,0.0,0,0,Public School Teacher,Owned (Clean Title),Single,0,5.0,option_window,defaulted,1,0.7281
SURV-02791,12,8,0.6667,0.1625,39619.87,6438.59,0.852,0,2,0.0,0,0,Public School Teacher,Owned (Inherited/Tax Dec),Married,2,9.7,core_stability,completed,4,0.7754
SURV-02792,24,7,0.2917,0.3482,12000.0,4177.83,0.472,3,0,0.337,0,0,Agri / Farmer / Fisherfolk,Owned (Inherited/Tax Dec),Single,0,16.8,core_stability,defaulted,0,0.6025
SURV-02793,24,5,0.2083,0.3211,26301.36,8446.25,0.647,1,1,0.361,0,1,Sari-Sari / Small Retail,Rented (Apartment/House),Married,1,13.3,core_stability,defaulted,3,0.6204
SURV-02794,36,8,0.2222,0.1592,29653.46,4721.23,0.736,1,2,0.144,0,0,BPO / Call Center Agent,Living with Parents/Relatives,Married,1,5.3,core_stability,completed,28,0.6837
SURV-02795,24,14,0.5833,0.0911,35259.59,3211.14,0.876,0,10,0.0,0,0,Employed (Private/Gov),Owned (Inherited/Tax Dec),Single,2,6.8,core_stability,completed,10,0.757
SURV-02796,36,8,0.2222,0.1125,27986.26,3149.2,0.69,0,0,0.095,0,0,Agri / Farmer / Fisherfolk,Living with Parents/Relatives,Married,2,5.3,core_stability,defaulted,0,0.6531
SURV-02797,12,4,0.3333,0.3044,35389.52,10772.46,0.403,4,0,0.27,1,0,Public School Teacher,Rented (Apartment/House),Widowed,1,7.1,onboarding_risk,defaulted,0,0.7258
SURV-02798,36,7,0.1944,0.106,32084.57,3400.79,0.934,0,3,0.0,0,0,Public School Teacher,Living with Parents/Relatives,Widowed,1,11.3,core_stability,completed,29,0.7408
SURV-02799,24,1,0.0417,0.1774,19597.43,3476.49,0.624,0,1,0.141,0,0,Agri / Farmer / Fisherfolk,Owned (Inherited/Tax Dec),Married,1,13.2,onboarding_risk,defaulted,6,0.6312
SURV-02800,36,17,0.4722,0.3493,18258.56,6377.62,0.567,1,0,0.421,0,1,OFW Remittance / Dependent,Owned (Clean Title),Married,3,13.5,option_window,defaulted,1,0.5988
SURV-02801,24,3,0.125,0.0792,38103.23,3018.08,0.615,0,1,0.089,0,0,BPO / Call Center Agent,Rented (Apartment/House),Married,1,9.2,onboarding_risk,completed,21,0.6926
SURV-02802,36,36,1.0,0.053,44930.85,2381.82,0.979,0,3,0.0,0,0,Public School Teacher,Living with Parents/Relatives,Widowed,2,2.4,completion_phase,completed,0,0.6906
SURV-02803,36,10,0.2778,0.2334,21499.8,5017.93,0.261,4,0,0.338,0,0,BPO / Call Center Agent,Owned (Clean Title),Widowed,2,3.3,core_stability,defaulted,0,0.6664
SURV-02804,24,11,0.4583,0.1532,22424.38,3435.68,0.819,1,1,0.022,0,0,Tricycle / PUV Operator,Owned (Clean Title),Married,2,8.3,option_window,completed,13,0.7211
SURV-02805,12,12,1.0,0.5277,26312.4,13884.12,0.355,3,0,0.27,0,0,Employed (Private/Gov),Owned (Inherited/Tax Dec),Married,0,6.0,completion_phase,defaulted,0,0.6444
SURV-02806,36,36,1.0,0.158,32775.89,5177.4,0.637,1,2,0.026,0,0,BPO / Call Center Agent,Owned (Clean Title),Widowed,0,3.1,completion_phase,completed,0,0.7121
SURV-02807,24,2,0.0833,0.1098,41159.43,4519.49,0.643,1,3,0.056,0,0,Public School Teacher,Rented (Apartment/House),Married,3,3.7,onboarding_risk,completed,22,0.6904
SURV-02808,36,4,0.1111,0.2146,20089.46,4311.42,0.695,0,2,0.13,0,0,Employed (Private/Gov),Living with Parents/Relatives,Single,4,6.7,onboarding_risk,early_settled,10,0.7109
SURV-02809,12,9,0.75,0.4877,22491.93,10968.33,0.383,2,0,0.285,1,1,Tricycle / PUV Operator,Rented (Apartment/House),Married,2,5.0,completion_phase,defaulted,0,0.5502
SURV-02810,12,10,0.8333,0.2861,22089.3,6319.84,0.517,2,0,0.446,1,0,Tricycle / PUV Operator,Owned (Inherited/Tax Dec),Single,1,1.1,completion_phase,defaulted,0,0.6455
SURV-02811,36,9,0.25,0.1278,50649.31,6470.59,0.793,0,1,0.047,0,0,OFW Remittance / Dependent,Rented (Apartment/House),Single,2,4.5,core_stability,completed,27,0.6686
SURV-02812,24,17,0.7083,0.0711,65570.19,4662.01,0.985,0,6,0.0,0,0,OFW Remittance / Dependent,Owned (Clean Title),Married,0,8.3,core_stability,completed,7,0.781
SURV-02813,36,6,0.1667,0.2646,27536.89,7286.23,0.449,1,0,0.426,0,0,Tricycle / PUV Operator,Rented (Apartment/House),Single,3,6.7,core_stability,defaulted,2,0.5655
SURV-02814,24,4,0.1667,0.231,29367.17,6783.21,0.824,1,2,0.019,0,0,OFW Remittance / Dependent,Living with Parents/Relatives,Married,1,7.0,onboarding_risk,defaulted,0,0.7097
SURV-02815,36,20,0.5556,0.1946,24931.85,4850.89,0.724,1,0,0.08,0,0,BPO / Call Center Agent,Owned (Inherited/Tax Dec),Single,1,9.6,option_window,completed,16,0.6731
SURV-02816,24,2,0.0833,0.1478,21401.7,3162.63,0.317,2,1,0.32,0,0,Sari-Sari / Small Retail,Owned (Clean Title),Married,4,3.9,onboarding_risk,completed,22,0.7202
SURV-02817,24,22,0.9167,0.3453,17279.91,5966.72,0.471,3,0,0.262,0,0,Agri / Farmer / Fisherfolk,Owned (Inherited/Tax Dec),Married,1,7.2,completion_phase,defaulted,1,0.5906
SURV-02818,12,1,0.0833,0.3505,35700.51,12514.63,0.734,0,1,0.021,0,0,Public School Teacher,Owned (Clean Title),Single,1,7.7,onboarding_risk,defaulted,3,0.7466
SURV-02819,24,24,1.0,0.2481,14396.4,3572.17,0.225,1,0,0.276,0,0,Sari-Sari / Small Retail,Rented (Apartment/House),Married,3,2.6,completion_phase,defaulted,0,0.6173
SURV-02820,36,32,0.8889,0.156,24554.86,3830.16,0.727,1,2,0.057,0,0,Sari-Sari / Small Retail,Rented (Apartment/House),Widowed,2,5.9,core_stability,defaulted,0,0.6502
SURV-02821,24,5,0.2083,0.3754,21827.87,8195.13,0.446,3,1,0.407,1,0,Public School Teacher,Owned (Inherited/Tax Dec),Married,2,10.8,core_stability,defaulted,2,0.7473
SURV-02822,12,4,0.3333,0.2507,38619.43,9681.09,0.542,4,0,0.161,0,0,Employed (Private/Gov),Owned (Inherited/Tax Dec),Married,1,4.0,onboarding_risk,defaulted,1,0.7173
SURV-02823,12,5,0.4167,0.2637,20514.43,5410.14,0.61,1,0,0.403,1,0,Tricycle / PUV Operator,Owned (Clean Title),Widowed,0,3.8,core_stability,defaulted,2,0.6587
SURV-02824,24,22,0.9167,0.3221,21885.68,7048.77,0.516,2,1,0.397,1,1,Tricycle / PUV Operator,Owned (Clean Title),Single,4,14.1,completion_phase,defaulted,1,0.6529
SURV-02825,24,22,0.9167,0.2633,18215.45,4796.76,0.211,4,0,0.231,0,0,Tricycle / PUV Operator,Living with Parents/Relatives,Widowed,1,5.8,completion_phase,defaulted,0,0.6349
SURV-02826,12,6,0.5,0.6249,19363.82,12100.61,0.48,4,0,0.172,1,1,Tricycle / PUV Operator,Owned (Inherited/Tax Dec),Single,1,3.3,core_stability,defaulted,1,0.6027
SURV-02827,12,4,0.3333,0.5754,23418.91,13476.25,0.452,4,1,0.287,0,0,Agri / Farmer / Fisherfolk,Owned (Clean Title),Married,0,5.7,onboarding_risk,defaulted,2,0.5762
SURV-02828,36,2,0.0556,0.0841,36259.79,3047.76,0.863,0,2,0.0,0,0,OFW Remittance / Dependent,Owned (Inherited/Tax Dec),Married,3,3.1,onboarding_risk,completed,34,0.7104
SURV-02829,12,7,0.5833,0.3565,37310.38,13302.62,0.239,2,1,0.265,0,0,Employed (Private/Gov),Owned (Inherited/Tax Dec),Single,2,8.7,core_stability,defaulted,0,0.6835
SURV-02830,36,36,1.0,0.179,37734.11,6754.52,0.836,1,2,0.069,1,0,OFW Remittance / Dependent,Rented (Apartment/House),Married,1,6.4,completion_phase,completed,0,0.665
SURV-02831,24,22,0.9167,0.1662,39695.93,6599.04,0.616,1,1,0.085,0,0,Public School Teacher,Owned (Clean Title),Widowed,4,3.8,completion_phase,completed,2,0.7327
SURV-02832,24,6,0.25,0.3952,22145.63,8750.87,0.336,4,0,0.229,0,1,Sari-Sari / Small Retail,Owned (Inherited/Tax Dec),Married,1,5.7,core_stability,defaulted,1,0.6729
SURV-02833,12,3,0.25,0.2815,46900.13,13202.64,0.811,1,1,0.102,1,0,Public School Teacher,Living with Parents/Relatives,Married,3,7.6,onboarding_risk,defaulted,3,0.7051
SURV-02834,36,25,0.6944,0.1434,25375.26,3638.92,0.603,0,0,0.052,0,0,Sari-Sari / Small Retail,Rented (Apartment/House),Single,1,8.9,option_window,early_settled,1,0.6169
SURV-02835,24,16,0.6667,0.1521,45889.55,6980.87,0.669,0,0,0.072,0,0,Public School Teacher,Rented (Apartment/House),Widowed,0,2.0,core_stability,completed,8,0.7018
SURV-02836,12,3,0.25,0.1663,43605.14,7253.19,0.939,0,2,0.0,0,0,Public School Teacher,Owned (Inherited/Tax Dec),Widowed,3,8.2,onboarding_risk,completed,9,0.8216
SURV-02837,36,23,0.6389,0.1231,42835.65,5274.11,0.68,0,3,0.076,0,0,Public School Teacher,Rented (Apartment/House),Married,3,5.4,option_window,completed,13,0.667
SURV-02838,12,3,0.25,0.4161,37940.67,15788.6,0.385,2,0,0.159,0,0,Employed (Private/Gov),Living with Parents/Relatives,Single,2,2.9,onboarding_risk,defaulted,0,0.5983
SURV-02839,36,21,0.5833,0.2394,30915.82,7401.74,0.629,0,1,0.125,0,0,Public School Teacher,Rented (Apartment/House),Single,1,9.3,option_window,defaulted,1,0.6675
SURV-02840,12,6,0.5,0.4193,23712.26,9942.86,0.323,2,0,0.317,0,0,Agri / Farmer / Fisherfolk,Owned (Inherited/Tax Dec),Widowed,1,18.0,core_stability,defaulted,1,0.6094
SURV-02841,12,4,0.3333,0.3272,27666.1,9051.46,0.573,3,0,0.425,1,1,BPO / Call Center Agent,Owned (Inherited/Tax Dec),Married,0,18.4,onboarding_risk,defaulted,3,0.7093
SURV-02842,24,18,0.75,0.4744,14732.56,6988.66,0.21,2,0,0.265,0,1,Tricycle / PUV Operator,Owned (Clean Title),Married,1,1.3,core_stability,defaulted,1,0.5136
SURV-02843,24,13,0.5417,0.1983,26507.5,5257.23,0.808,0,0,0.134,1,0,BPO / Call Center Agent,Rented (Apartment/House),Single,2,6.6,option_window,defaulted,0,0.6998
SURV-02844,36,7,0.1944,0.3612,12000.0,4334.05,0.342,1,1,0.274,0,0,Agri / Farmer / Fisherfolk,Owned (Clean Title),Widowed,0,3.3,core_stability,defaulted,1,0.5466
SURV-02845,36,9,0.25,0.2002,31060.44,6219.61,0.674,1,1,0.065,1,0,Sari-Sari / Small Retail,Owned (Clean Title),Widowed,0,7.1,core_stability,completed,27,0.6274
SURV-02846,36,7,0.1944,0.2194,18102.48,3971.1,0.328,4,0,0.255,1,0,Tricycle / PUV Operator,Rented (Apartment/House),Married,3,1.9,core_stability,defaulted,0,0.5763
SURV-02847,36,7,0.1944,0.397,15446.77,6132.99,0.522,1,0,0.402,0,0,Tricycle / PUV Operator,Owned (Clean Title),Widowed,4,10.1,core_stability,defaulted,2,0.5462
SURV-02848,12,9,0.75,0.8403,15601.07,13109.56,0.426,2,0,0.371,1,0,Tricycle / PUV Operator,Owned (Inherited/Tax Dec),Widowed,1,4.9,completion_phase,defaulted,1,0.6201
SURV-02849,24,8,0.3333,0.1078,35733.67,3852.55,0.945,0,3,0.0,0,0,Employed (Private/Gov),Owned (Clean Title),Married,0,5.7,core_stability,completed,16,0.7562
SURV-02850,12,2,0.1667,0.8148,12000.0,9777.5,0.302,1,1,0.159,0,0,Agri / Farmer / Fisherfolk,Owned (Inherited/Tax Dec),Married,2,5.5,onboarding_risk,defaulted,2,0.5749
SURV-02851,36,31,0.8611,0.173,15926.12,2754.92,0.465,1,1,0.213,1,1,Tricycle / PUV Operator,Living with Parents/Relatives,Married,0,2.3,core_stability,defaulted,0,0.615
SURV-02852,36,12,0.3333,0.167,19303.53,3223.96,0.598,3,1,0.232,0,0,Agri / Farmer / Fisherfolk,Rented (Apartment/House),Single,4,4.2,option_window,defaulted,0,0.5746
SURV-02853,24,13,0.5417,0.2796,24382.59,6817.28,0.621,1,1,0.224,1,0,Sari-Sari / Small Retail,Rented (Apartment/House),Single,0,4.5,option_window,completed,11,0.5918
SURV-02854,12,10,0.8333,0.3705,34280.18,12699.71,0.614,4,0,0.245,0,0,BPO / Call Center Agent,Living with Parents/Relatives,Widowed,1,8.8,completion_phase,defaulted,0,0.7024
SURV-02855,24,18,0.75,0.0735,44906.79,3301.84,0.928,0,1,0.0,0,0,Public School Teacher,Living with Parents/Relatives,Married,2,9.3,core_stability,completed,6,0.7915
SURV-02856,36,14,0.3889,0.2008,23117.71,4641.19,0.664,1,3,0.121,0,0,Employed (Private/Gov),Rented (Apartment/House),Married,0,7.7,option_window,completed,22,0.6313
SURV-02857,24,24,1.0,0.1001,34366.3,3439.13,0.827,0,2,0.001,0,0,Sari-Sari / Small Retail,Owned (Clean Title),Single,4,2.7,completion_phase,completed,0,0.6579
SURV-02858,36,25,0.6944,0.1615,14969.16,2417.49,0.729,1,0,0.111,0,0,Tricycle / PUV Operator,Owned (Inherited/Tax Dec),Married,1,13.7,option_window,defaulted,0,0.6395
SURV-02859,36,27,0.75,0.2242,28546.22,6401.22,0.803,1,1,0.121,0,0,BPO / Call Center Agent,Owned (Clean Title),Married,1,5.3,core_stability,defaulted,0,0.6855
SURV-02860,12,1,0.0833,0.7382,15281.81,11281.29,0.209,3,0,0.267,1,1,Sari-Sari / Small Retail,Owned (Inherited/Tax Dec),Single,0,6.4,onboarding_risk,defaulted,4,0.5666
SURV-02861,12,5,0.4167,0.3486,42716.91,14892.32,0.531,2,1,0.253,0,1,OFW Remittance / Dependent,Living with Parents/Relatives,Widowed,2,1.1,core_stability,defaulted,0,0.6669
SURV-02862,24,22,0.9167,0.0959,64305.28,6167.72,0.733,1,3,0.062,0,0,OFW Remittance / Dependent,Owned (Clean Title),Married,4,3.5,completion_phase,early_settled,0,0.7222
SURV-02863,36,22,0.6111,0.1373,38681.25,5309.75,0.703,1,2,0.025,0,0,BPO / Call Center Agent,Living with Parents/Relatives,Married,2,7.6,option_window,defaulted,0,0.6942
SURV-02864,12,12,1.0,0.5072,25114.38,12738.82,0.367,4,0,0.298,0,1,Employed (Private/Gov),Rented (Apartment/House),Married,0,4.5,completion_phase,defaulted,0,0.5629
SURV-02865,36,12,0.3333,0.2159,19015.86,4105.24,0.517,1,0,0.168,0,1,Tricycle / PUV Operator,Living with Parents/Relatives,Married,3,5.4,option_window,defaulted,0,0.6139
SURV-02866,12,6,0.5,0.4912,17368.4,8530.55,0.39,2,0,0.201,0,0,Tricycle / PUV Operator,Living with Parents/Relatives,Married,1,10.7,core_stability,defaulted,1,0.6133
SURV-02867,12,12,1.0,0.6543,15986.35,10460.26,0.334,2,0,0.371,1,0,Agri / Farmer / Fisherfolk,Owned (Clean Title),Married,2,4.5,completion_phase,defaulted,0,0.5671
SURV-02868,12,12,1.0,0.2437,66607.14,16230.36,0.624,3,1,0.171,0,0,OFW Remittance / Dependent,Rented (Apartment/House),Single,3,2.2,completion_phase,defaulted,0,0.7104
SURV-02869,12,12,1.0,0.2685,46016.97,12355.3,0.722,1,2,0.046,0,0,BPO / Call Center Agent,Owned (Inherited/Tax Dec),Married,1,18.0,completion_phase,completed,0,0.7099
SURV-02870,36,15,0.4167,0.2392,25268.17,6045.07,0.556,3,0,0.26,0,1,Agri / Farmer / Fisherfolk,Rented (Apartment/House),Married,2,6.3,option_window,defaulted,0,0.6005
SURV-02871,36,3,0.0833,0.1712,27380.42,4688.19,0.693,1,2,0.056,0,0,OFW Remittance / Dependent,Living with Parents/Relatives,Married,3,6.0,onboarding_risk,defaulted,4,0.6906
SURV-02872,36,16,0.4444,0.1738,22099.97,3841.76,0.716,0,3,0.137,0,0,Sari-Sari / Small Retail,Owned (Inherited/Tax Dec),Widowed,2,14.3,option_window,completed,20,0.6594
SURV-02873,24,14,0.5833,0.1513,32059.74,4851.64,0.941,0,4,0.0,0,0,Employed (Private/Gov),Owned (Inherited/Tax Dec),Married,2,9.1,core_stability,completed,10,0.7794
SURV-02874,36,17,0.4722,0.0674,55463.44,3737.88,0.933,0,2,0.0,0,0,Public School Teacher,Living with Parents/Relatives,Single,3,18.3,option_window,early_settled,8,0.7374
SURV-02875,12,8,0.6667,0.5796,23313.77,13512.47,0.318,2,0,0.404,0,0,Tricycle / PUV Operator,Owned (Inherited/Tax Dec),Widowed,1,13.0,core_stability,defaulted,1,0.6114
SURV-02876,24,24,1.0,0.1948,25446.3,4955.68,0.499,2,1,0.434,0,1,Sari-Sari / Small Retail,Living with Parents/Relatives,Single,4,4.4,completion_phase,defaulted,0,0.6597
SURV-02877,12,9,0.75,0.4248,24627.04,10462.44,0.257,2,1,0.214,1,0,Tricycle / PUV Operator,Living with Parents/Relatives,Single,2,11.0,completion_phase,defaulted,1,0.6302
SURV-02878,24,6,0.25,0.3093,12280.1,3798.49,0.2,2,0,0.225,1,0,Sari-Sari / Small Retail,Owned (Clean Title),Married,0,5.5,core_stability,defaulted,0,0.6729
SURV-02879,12,11,0.9167,0.2415,35857.74,8660.54,0.63,3,1,0.172,0,1,Public School Teacher,Rented (Apartment/House),Married,0,4.7,completion_phase,defaulted,1,0.6926
SURV-02880,36,20,0.5556,0.2066,30652.93,6332.29,0.803,1,3,0.057,0,0,Employed (Private/Gov),Living with Parents/Relatives,Married,1,11.2,option_window,completed,16,0.6601
SURV-02881,12,5,0.4167,0.4029,19546.46,7874.3,0.327,4,0,0.396,0,0,Tricycle / PUV Operator,Owned (Inherited/Tax Dec),Widowed,0,13.4,core_stability,defaulted,0,0.6206
SURV-02882,24,16,0.6667,0.1659,28078.83,4658.63,0.656,0,3,0.038,1,0,BPO / Call Center Agent,Owned (Inherited/Tax Dec),Married,1,6.7,core_stability,completed,8,0.7937
SURV-02883,36,19,0.5278,0.2408,15517.53,3735.87,0.431,4,0,0.32,0,0,Tricycle / PUV Operator,Owned (Inherited/Tax Dec),Married,0,6.3,option_window,defaulted,0,0.6146
SURV-02884,36,17,0.4722,0.2453,18902.07,4636.57,0.588,1,0,0.438,1,1,Agri / Farmer / Fisherfolk,Living with Parents/Relatives,Widowed,0,8.7,option_window,defaulted,1,0.6009
SURV-02885,36,26,0.7222,0.1108,37446.71,4148.61,0.7,1,2,0.085,0,0,Public School Teacher,Rented (Apartment/House),Married,2,4.7,core_stability,completed,10,0.6937
SURV-02886,36,5,0.1389,0.1945,18884.47,3673.03,0.409,4,0,0.343,0,0,Tricycle / PUV Operator,Living with Parents/Relatives,Married,4,4.7,core_stability,defaulted,2,0.6415
SURV-02887,12,1,0.0833,0.1968,28793.84,5666.82,0.785,1,2,0.025,0,0,BPO / Call Center Agent,Living with Parents/Relatives,Married,1,7.7,onboarding_risk,defaulted,4,0.7483
SURV-02888,24,24,1.0,0.3474,23791.8,8264.45,0.421,1,1,0.412,0,0,BPO / Call Center Agent,Owned (Clean Title),Single,1,14.7,completion_phase,defaulted,0,0.639
SURV-02889,24,12,0.5,0.619,12000.0,7427.67,0.383,2,0,0.186,0,0,Agri / Farmer / Fisherfolk,Owned (Clean Title),Single,2,6.2,option_window,defaulted,1,0.5587
SURV-02890,12,2,0.1667,0.3031,33083.42,10026.43,0.299,4,1,0.196,0,0,BPO / Call Center Agent,Owned (Clean Title),Single,2,3.6,onboarding_risk,defaulted,0,0.6645
SURV-02891,24,6,0.25,0.0934,75675.85,7065.87,0.98,0,6,0.0,0,0,OFW Remittance / Dependent,Living with Parents/Relatives,Single,1,7.7,core_stability,completed,18,0.7919
SURV-02892,36,16,0.4444,0.0996,62197.5,6197.47,0.978,0,7,0.0,0,0,OFW Remittance / Dependent,Owned (Clean Title),Widowed,2,11.8,option_window,early_settled,0,0.7633
SURV-02893,24,22,0.9167,0.1146,33530.25,3842.68,0.883,0,5,0.0,0,0,Public School Teacher,Owned (Inherited/Tax Dec),Married,1,3.9,completion_phase,completed,2,0.7817
SURV-02894,24,1,0.0417,0.3578,12964.09,4638.43,0.603,4,0,0.347,0,0,Agri / Farmer / Fisherfolk,Owned (Clean Title),Married,3,1.7,onboarding_risk,defaulted,5,0.5346
SURV-02895,24,14,0.5833,0.1094,23833.4,2608.22,0.338,4,0,0.403,0,0,Tricycle / PUV Operator,Living with Parents/Relatives,Married,2,4.3,core_stability,defaulted,1,0.7074
SURV-02896,36,31,0.8611,0.0786,50812.1,3995.05,0.924,0,6,0.0,0,0,OFW Remittance / Dependent,Rented (Apartment/House),Single,2,9.5,core_stability,early_settled,0,0.7578
SURV-02897,24,7,0.2917,0.1816,35964.36,6531.5,0.625,1,1,0.056,0,0,OFW Remittance / Dependent,Owned (Inherited/Tax Dec),Widowed,3,14.8,core_stability,completed,17,0.6823
SURV-02898,36,35,0.9722,0.1198,26016.77,3116.31,0.604,0,2,0.042,0,0,Sari-Sari / Small Retail,Living with Parents/Relatives,Single,0,11.3,completion_phase,completed,1,0.7042
SURV-02899,36,28,0.7778,0.0845,27677.23,2338.17,0.921,0,8,0.0,0,0,Sari-Sari / Small Retail,Owned (Clean Title),Single,2,9.4,core_stability,early_settled,0,0.6579
SURV-02900,12,3,0.25,0.2902,29074.18,8436.88,0.226,1,0,0.332,0,0,Tricycle / PUV Operator,Rented (Apartment/House),Married,2,4.3,onboarding_risk,defaulted,2,0.6383
SURV-02901,36,21,0.5833,0.1383,22928.31,3171.04,0.84,0,1,0.071,0,0,Agri / Farmer / Fisherfolk,Owned (Inherited/Tax Dec),Married,2,5.1,option_window,completed,15,0.7043
SURV-02902,24,19,0.7917,0.2011,15399.05,3096.57,0.219,1,0,0.302,0,0,Agri / Farmer / Fisherfolk,Owned (Clean Title),Single,3,11.7,core_stability,defaulted,0,0.6807
SURV-02903,24,20,0.8333,0.4065,22815.88,9274.68,0.205,4,1,0.228,0,0,Employed (Private/Gov),Living with Parents/Relatives,Widowed,3,6.6,core_stability,defaulted,1,0.6426
SURV-02904,24,14,0.5833,0.5066,15588.04,7897.08,0.589,2,0,0.356,0,0,Tricycle / PUV Operator,Living with Parents/Relatives,Widowed,0,6.7,core_stability,completed,10,0.5475
SURV-02905,24,21,0.875,0.1076,70941.08,7632.33,0.951,0,11,0.0,0,0,OFW Remittance / Dependent,Living with Parents/Relatives,Single,2,13.0,completion_phase,completed,3,0.7997
SURV-02906,24,1,0.0417,0.1923,21916.3,4214.69,0.644,0,2,0.058,0,0,Sari-Sari / Small Retail,Owned (Inherited/Tax Dec),Married,2,13.8,onboarding_risk,early_settled,13,0.6877
SURV-02907,12,8,0.6667,0.2782,43780.36,12177.88,0.586,4,1,0.343,0,0,OFW Remittance / Dependent,Owned (Clean Title),Widowed,1,4.5,core_stability,defaulted,0,0.6941
SURV-02908,12,3,0.25,0.1964,29155.48,5726.47,0.804,1,0,0.06,0,0,Employed (Private/Gov),Rented (Apartment/House),Single,4,9.1,onboarding_risk,completed,9,0.7565
SURV-02909,36,35,0.9722,0.3692,18009.02,6648.8,0.231,2,1,0.34,0,1,Sari-Sari / Small Retail,Owned (Inherited/Tax Dec),Single,0,7.3,completion_phase,defaulted,0,0.5788
SURV-02910,36,19,0.5278,0.1729,30508.48,5276.12,0.761,0,3,0.025,0,0,BPO / Call Center Agent,Living with Parents/Relatives,Married,2,5.1,option_window,completed,17,0.6651
SURV-02911,12,5,0.4167,0.3455,23537.9,8132.19,0.206,1,0,0.375,0,1,Tricycle / PUV Operator,Owned (Inherited/Tax Dec),Single,1,4.7,core_stability,defaulted,1,0.6312
SURV-02912,24,18,0.75,0.1243,30842.08,3834.01,0.748,1,0,0.032,0,0,BPO / Call Center Agent,Rented (Apartment/House),Single,1,5.5,core_stability,defaulted,1,0.7177
SURV-02913,36,34,0.9444,0.1018,42783.93,4353.94,0.928,0,12,0.0,0,0,OFW Remittance / Dependent,Living with Parents/Relatives,Widowed,1,23.5,completion_phase,early_settled,0,0.7334
SURV-02914,24,12,0.5,0.1788,41086.99,7347.68,0.636,1,1,0.035,0,0,Employed (Private/Gov),Rented (Apartment/House),Widowed,1,11.9,option_window,completed,12,0.6828
SURV-02915,36,25,0.6944,0.3432,12000.0,4118.37,0.354,3,1,0.359,0,0,Agri / Farmer / Fisherfolk,Owned (Clean Title),Married,2,13.7,option_window,defaulted,0,0.634
SURV-02916,12,5,0.4167,0.5474,20422.17,11178.19,0.634,3,0,0.205,1,0,Tricycle / PUV Operator,Rented (Apartment/House),Married,2,6.3,core_stability,defaulted,1,0.577
SURV-02917,24,11,0.4583,0.2385,19901.63,4746.05,0.304,2,0,0.388,1,0,Tricycle / PUV Operator,Owned (Clean Title),Married,0,5.1,option_window,defaulted,0,0.7097
SURV-02918,24,15,0.625,0.5402,16764.91,9057.21,0.527,2,0,0.162,0,0,Agri / Farmer / Fisherfolk,Rented (Apartment/House),Married,4,3.2,core_stability,defaulted,1,0.5292
SURV-02919,36,33,0.9167,0.2446,13980.9,3419.05,0.409,1,1,0.166,0,0,Agri / Farmer / Fisherfolk,Rented (Apartment/House),Married,2,3.9,completion_phase,defaulted,0,0.585
SURV-02920,36,16,0.4444,0.12,29816.86,3577.36,0.992,0,4,0.0,0,0,Employed (Private/Gov),Owned (Inherited/Tax Dec),Married,1,7.5,option_window,completed,20,0.682
SURV-02921,24,12,0.5,0.3287,20911.09,6873.83,0.388,2,1,0.155,0,1,Tricycle / PUV Operator,Owned (Clean Title),Single,3,3.0,option_window,completed,12,0.5752
SURV-02922,36,22,0.6111,0.1995,25212.82,5030.68,0.741,0,0,0.005,0,0,BPO / Call Center Agent,Owned (Inherited/Tax Dec),Widowed,1,12.3,option_window,defaulted,1,0.729
SURV-02923,24,1,0.0417,0.25,24253.79,6063.81,0.374,2,0,0.361,0,1,Sari-Sari / Small Retail,Living with Parents/Relatives,Married,3,12.4,onboarding_risk,defaulted,7,0.6342
SURV-02924,12,11,0.9167,0.1758,48359.17,8499.86,0.988,0,4,0.0,0,0,Public School Teacher,Living with Parents/Relatives,Married,1,10.2,completion_phase,completed,1,0.8157
SURV-02925,24,23,0.9583,0.1814,36934.68,6701.23,0.604,1,3,0.115,0,0,BPO / Call Center Agent,Owned (Inherited/Tax Dec),Married,2,2.8,completion_phase,early_settled,0,0.6783
SURV-02926,24,17,0.7083,0.0926,49748.62,4604.6,0.919,0,6,0.0,0,0,OFW Remittance / Dependent,Owned (Inherited/Tax Dec),Married,0,8.6,core_stability,completed,7,0.7719
SURV-02927,12,9,0.75,0.3613,25112.65,9073.57,0.308,1,1,0.311,0,0,Sari-Sari / Small Retail,Rented (Apartment/House),Married,1,5.9,completion_phase,defaulted,0,0.6871
SURV-02928,36,25,0.6944,0.2262,22693.72,5133.93,0.543,4,0,0.216,0,0,BPO / Call Center Agent,Rented (Apartment/House),Married,2,10.8,option_window,defaulted,1,0.6503
SURV-02929,12,5,0.4167,0.565,15564.76,8794.82,0.224,4,0,0.251,1,1,Agri / Farmer / Fisherfolk,Rented (Apartment/House),Married,1,9.1,core_stability,early_settled,5,0.5747
SURV-02930,36,9,0.25,0.1843,30239.92,5574.49,0.756,0,3,0.06,0,0,BPO / Call Center Agent,Living with Parents/Relatives,Married,4,8.2,core_stability,early_settled,18,0.6451
SURV-02931,12,11,0.9167,0.303,35850.68,10863.14,0.555,3,0,0.346,1,0,BPO / Call Center Agent,Living with Parents/Relatives,Widowed,0,5.1,completion_phase,defaulted,0,0.704
SURV-02932,12,4,0.3333,0.1082,93408.74,10108.53,0.765,1,2,0.061,0,0,OFW Remittance / Dependent,Rented (Apartment/House),Married,3,4.6,onboarding_risk,defaulted,1,0.8026
SURV-02933,36,21,0.5833,0.0969,28517.07,2763.07,0.974,0,11,0.0,0,0,Public School Teacher,Living with Parents/Relatives,Widowed,0,9.8,option_window,early_settled,5,0.7585
SURV-02934,36,26,0.7222,0.1685,32273.4,5439.31,0.917,0,7,0.0,0,0,Employed (Private/Gov),Owned (Clean Title),Single,0,8.8,core_stability,early_settled,0,0.7365
SURV-02935,36,15,0.4167,0.3014,16951.56,5109.8,0.355,2,0,0.312,0,0,Agri / Farmer / Fisherfolk,Rented (Apartment/House),Married,1,3.5,option_window,defaulted,1,0.5254
SURV-02936,24,10,0.4167,0.3916,12000.0,4698.79,0.467,4,0,0.2,1,1,Agri / Farmer / Fisherfolk,Living with Parents/Relatives,Married,0,12.6,core_stability,defaulted,1,0.6318
SURV-02937,36,22,0.6111,0.2199,19713.38,4335.43,0.733,1,1,0.002,0,0,Employed (Private/Gov),Rented (Apartment/House),Married,2,12.4,option_window,defaulted,1,0.6671
SURV-02938,12,5,0.4167,0.2816,29290.09,8248.12,0.287,1,0,0.221,0,1,Sari-Sari / Small Retail,Living with Parents/Relatives,Widowed,2,6.8,core_stability,defaulted,2,0.6949
SURV-02939,24,21,0.875,0.1256,21487.36,2698.92,0.696,1,3,0.036,0,0,Tricycle / PUV Operator,Owned (Clean Title),Married,2,2.6,completion_phase,completed,3,0.6587
SURV-02940,36,24,0.6667,0.1384,49603.77,6866.16,0.761,1,1,0.1,0,0,Public School Teacher,Rented (Apartment/House),Single,0,6.9,option_window,early_settled,3,0.7182
SURV-02941,12,8,0.6667,0.1502,57807.19,8682.28,0.62,1,1,0.093,0,0,OFW Remittance / Dependent,Rented (Apartment/House),Single,0,4.7,core_stability,defaulted,0,0.7591
SURV-02942,36,26,0.7222,0.2007,29444.2,5908.71,0.819,0,2,0.099,0,0,Public School Teacher,Owned (Inherited/Tax Dec),Widowed,0,3.5,core_stability,completed,10,0.6605
SURV-02943,24,19,0.7917,0.1576,24138.78,3805.36,0.813,0,3,0.085,0,0,BPO / Call Center Agent,Owned (Inherited/Tax Dec),Married,0,8.8,core_stability,completed,5,0.7536
SURV-02944,12,4,0.3333,0.4741,25921.28,12288.12,0.529,2,1,0.368,1,0,BPO / Call Center Agent,Living with Parents/Relatives,Married,1,13.1,onboarding_risk,defaulted,0,0.6998
SURV-02945,36,9,0.25,0.1442,29371.86,4234.3,0.751,0,3,0.127,1,0,BPO / Call Center Agent,Living with Parents/Relatives,Widowed,1,5.3,core_stability,defaulted,1,0.7027
SURV-02946,36,26,0.7222,0.2122,26954.23,5718.77,0.431,3,1,0.279,0,0,Tricycle / PUV Operator,Owned (Clean Title),Married,0,3.9,core_stability,defaulted,0,0.6191
SURV-02947,12,11,0.9167,0.3759,21668.31,8144.55,0.328,4,1,0.333,0,0,Sari-Sari / Small Retail,Rented (Apartment/House),Single,3,9.7,completion_phase,defaulted,0,0.6101
SURV-02948,24,15,0.625,0.2509,28950.48,7265.09,0.218,2,0,0.353,1,0,Employed (Private/Gov),Owned (Clean Title),Married,4,4.0,core_stability,defaulted,1,0.6587
SURV-02949,36,11,0.3056,0.1005,27962.75,2810.12,0.364,3,1,0.268,0,0,Sari-Sari / Small Retail,Rented (Apartment/House),Single,3,3.1,core_stability,defaulted,0,0.68
SURV-02950,12,5,0.4167,0.1524,44043.73,6710.94,0.787,1,3,0.087,0,0,Employed (Private/Gov),Living with Parents/Relatives,Married,1,2.5,core_stability,defaulted,0,0.7545
SURV-02951,12,11,0.9167,0.6811,16910.16,11517.31,0.306,1,1,0.257,0,0,Tricycle / PUV Operator,Living with Parents/Relatives,Single,2,6.1,completion_phase,defaulted,0,0.5929
SURV-02952,24,6,0.25,0.1619,51543.16,8347.37,0.898,0,2,0.0,0,0,OFW Remittance / Dependent,Owned (Clean Title),Married,1,7.4,core_stability,completed,18,0.7571
SURV-02953,24,21,0.875,0.2264,30059.67,6804.36,0.25,4,1,0.196,0,1,BPO / Call Center Agent,Rented (Apartment/House),Married,3,11.0,completion_phase,defaulted,0,0.6684
SURV-02954,24,3,0.125,0.1354,24116.18,3266.11,0.603,1,0,0.06,0,0,Sari-Sari / Small Retail,Rented (Apartment/House),Single,2,14.2,onboarding_risk,completed,21,0.6761
SURV-02955,36,33,0.9167,0.2081,30061.36,6255.9,0.808,1,1,0.093,0,0,BPO / Call Center Agent,Owned (Inherited/Tax Dec),Married,1,9.9,completion_phase,defaulted,1,0.7148
SURV-02956,24,9,0.375,0.0545,70304.9,3831.17,0.996,0,6,0.0,0,0,OFW Remittance / Dependent,Rented (Apartment/House),Married,1,12.0,core_stability,completed,15,0.7931
SURV-02957,24,21,0.875,0.1211,38130.52,4615.75,0.987,0,3,0.0,0,0,BPO / Call Center Agent,Owned (Inherited/Tax Dec),Widowed,2,15.1,completion_phase,completed,3,0.7935
SURV-02958,36,36,1.0,0.1461,23456.04,3427.72,0.67,0,3,0.042,0,0,Sari-Sari / Small Retail,Owned (Clean Title),Married,2,14.8,completion_phase,completed,0,0.6408
SURV-02959,36,15,0.4167,0.2331,23816.55,5551.14,0.415,4,0,0.277,0,1,BPO / Call Center Agent,Rented (Apartment/House),Widowed,2,11.6,option_window,defaulted,0,0.6191
SURV-02960,36,25,0.6944,0.5237,12000.0,6284.05,0.525,2,1,0.284,1,1,Agri / Farmer / Fisherfolk,Rented (Apartment/House),Single,2,13.2,option_window,defaulted,1,0.5412
SURV-02961,24,7,0.2917,0.2134,24213.86,5168.03,0.951,0,6,0.0,0,0,Public School Teacher,Owned (Clean Title),Widowed,0,5.5,core_stability,early_settled,5,0.7764
SURV-02962,12,8,0.6667,0.1685,31320.93,5276.86,0.663,0,3,0.025,0,0,BPO / Call Center Agent,Living with Parents/Relatives,Widowed,1,7.0,core_stability,completed,4,0.7888
SURV-02963,36,9,0.25,0.1412,16312.04,2303.58,0.78,0,0,0.074,0,0,Sari-Sari / Small Retail,Owned (Clean Title),Single,2,9.2,core_stability,early_settled,17,0.69
SURV-02964,24,7,0.2917,0.0961,43734.56,4203.0,0.975,0,2,0.0,0,0,Public School Teacher,Living with Parents/Relatives,Married,1,5.4,core_stability,completed,17,0.8264
SURV-02965,36,13,0.3611,0.2471,13542.87,3346.88,0.403,2,0,0.157,0,0,Agri / Farmer / Fisherfolk,Living with Parents/Relatives,Married,3,5.7,option_window,defaulted,0,0.6137
SURV-02966,36,34,0.9444,0.1683,37241.33,6269.23,0.83,0,0,0.015,0,0,Public School Teacher,Owned (Clean Title),Married,0,3.1,completion_phase,completed,2,0.6992
SURV-02967,24,17,0.7083,0.281,19336.35,5433.88,0.238,2,0,0.314,0,1,Sari-Sari / Small Retail,Owned (Inherited/Tax Dec),Married,4,4.5,core_stability,defaulted,0,0.6336
SURV-02968,36,12,0.3333,0.2981,18526.49,5522.48,0.549,2,0,0.332,0,1,Agri / Farmer / Fisherfolk,Owned (Inherited/Tax Dec),Married,2,10.2,option_window,defaulted,0,0.6076
SURV-02969,12,2,0.1667,0.2221,32810.79,7286.52,0.69,0,0,0.135,1,0,Employed (Private/Gov),Owned (Inherited/Tax Dec),Single,2,5.4,onboarding_risk,defaulted,3,0.7885
SURV-02970,12,2,0.1667,0.4291,15076.74,6470.0,0.359,1,0,0.269,1,1,Sari-Sari / Small Retail,Owned (Inherited/Tax Dec),Widowed,2,5.9,onboarding_risk,defaulted,5,0.6792
SURV-02971,36,9,0.25,0.1798,17891.43,3217.47,0.508,1,0,0.165,1,0,Agri / Farmer / Fisherfolk,Rented (Apartment/House),Single,2,7.5,core_stability,completed,27,0.6055
SURV-02972,24,21,0.875,0.4452,14901.21,6633.54,0.281,1,0,0.268,0,0,Agri / Farmer / Fisherfolk,Owned (Inherited/Tax Dec),Married,2,3.2,completion_phase,defaulted,0,0.5325
SURV-02973,36,9,0.25,0.3694,15726.87,5810.13,0.479,2,0,0.252,0,0,Agri / Farmer / Fisherfolk,Owned (Clean Title),Married,1,5.6,core_stability,defaulted,0,0.5425
SURV-02974,36,28,0.7778,0.0547,73865.71,4039.85,0.936,0,11,0.0,0,0,OFW Remittance / Dependent,Owned (Inherited/Tax Dec),Widowed,1,6.7,core_stability,completed,8,0.735
SURV-02975,12,5,0.4167,0.1874,41269.99,7734.57,0.743,1,1,0.045,0,0,Public School Teacher,Living with Parents/Relatives,Single,4,4.1,core_stability,completed,7,0.6895
SURV-02976,24,6,0.25,0.1071,43414.61,4650.77,0.95,0,2,0.0,0,0,Public School Teacher,Owned (Clean Title),Married,2,4.4,core_stability,completed,18,0.8193
SURV-02977,36,29,0.8056,0.1304,31733.9,4136.67,0.918,0,7,0.0,0,0,OFW Remittance / Dependent,Living with Parents/Relatives,Widowed,2,10.0,core_stability,early_settled,0,0.6843
SURV-02978,12,4,0.3333,0.2381,33584.3,7997.32,0.791,0,3,0.04,0,0,Public School Teacher,Living with Parents/Relatives,Married,2,10.1,onboarding_risk,defaulted,3,0.7781
SURV-02979,36,19,0.5278,0.1836,13596.7,2495.8,0.266,2,0,0.272,0,0,Tricycle / PUV Operator,Living with Parents/Relatives,Widowed,1,4.5,option_window,defaulted,1,0.5687
SURV-02980,24,9,0.375,0.11,37289.57,4101.53,0.854,0,9,0.0,0,0,Public School Teacher,Owned (Clean Title),Single,2,12.8,core_stability,completed,15,0.805
SURV-02981,36,6,0.1667,0.1684,21532.53,3626.94,0.784,0,0,0.101,0,0,Sari-Sari / Small Retail,Owned (Inherited/Tax Dec),Single,0,4.9,core_stability,completed,30,0.6702
SURV-02982,24,18,0.75,0.2141,27670.35,5924.32,0.26,4,0,0.409,0,1,Sari-Sari / Small Retail,Rented (Apartment/House),Married,1,6.4,core_stability,defaulted,0,0.6954
SURV-02983,36,5,0.1389,0.1877,29948.19,5621.75,0.236,1,0,0.194,0,1,Employed (Private/Gov),Rented (Apartment/House),Married,3,2.5,core_stability,defaulted,4,0.6057
SURV-02984,12,12,1.0,0.0915,78988.99,7226.17,0.761,0,1,0.014,0,0,OFW Remittance / Dependent,Living with Parents/Relatives,Single,3,4.2,completion_phase,early_settled,0,0.7768
SURV-02985,12,6,0.5,0.5178,22991.02,11905.19,0.63,1,0,0.418,1,0,Agri / Farmer / Fisherfolk,Owned (Clean Title),Married,2,16.1,core_stability,completed,6,0.5684
SURV-02986,12,3,0.25,0.2127,24365.8,5183.52,0.36,3,1,0.428,1,1,Agri / Farmer / Fisherfolk,Rented (Apartment/House),Single,1,8.1,onboarding_risk,defaulted,3,0.7056
SURV-02987,36,17,0.4722,0.0916,42578.22,3901.79,0.763,1,2,0.138,1,0,Employed (Private/Gov),Owned (Clean Title),Single,3,4.1,option_window,completed,19,0.6514
SURV-02988,36,35,0.9722,0.0775,61571.45,4773.67,0.895,0,2,0.0,0,0,OFW Remittance / Dependent,Living with Parents/Relatives,Married,0,4.8,completion_phase,completed,1,0.7313
SURV-02989,36,28,0.7778,0.1449,47262.12,6850.6,0.681,0,2,0.053,0,0,OFW Remittance / Dependent,Living with Parents/Relatives,Widowed,0,4.6,core_stability,completed,8,0.6606
SURV-02990,12,7,0.5833,0.2087,45811.61,9562.0,0.749,1,1,0.068,0,0,OFW Remittance / Dependent,Rented (Apartment/House),Widowed,0,6.0,core_stability,defaulted,0,0.7437
SURV-02991,36,27,0.75,0.3188,12000.0,3825.38,0.416,1,1,0.387,1,0,Agri / Farmer / Fisherfolk,Living with Parents/Relatives,Married,1,6.0,core_stability,defaulted,1,0.6095
SURV-02992,36,10,0.2778,0.1438,20264.86,2913.65,0.793,1,1,0.059,0,0,Sari-Sari / Small Retail,Owned (Inherited/Tax Dec),Widowed,2,10.0,core_stability,completed,26,0.7265
SURV-02993,36,31,0.8611,0.1137,37936.18,4313.07,0.965,0,3,0.0,0,0,Employed (Private/Gov),Owned (Clean Title),Married,1,7.9,core_stability,completed,5,0.6859
SURV-02994,24,12,0.5,0.1903,31689.6,6029.72,0.607,1,1,0.064,1,0,OFW Remittance / Dependent,Owned (Inherited/Tax Dec),Single,2,3.9,option_window,completed,12,0.7123
SURV-02995,12,5,0.4167,0.3826,32514.75,12439.18,0.251,3,1,0.199,0,0,Sari-Sari / Small Retail,Owned (Clean Title),Widowed,3,5.7,core_stability,defaulted,0,0.661
SURV-02996,24,1,0.0417,0.0645,45208.41,2915.64,0.933,0,1,0.0,0,0,Public School Teacher,Living with Parents/Relatives,Single,2,19.7,onboarding_risk,completed,23,0.7691
SURV-02997,12,7,0.5833,0.2341,18206.13,4262.46,0.209,2,0,0.163,0,1,OFW Remittance / Dependent,Owned (Clean Title),Widowed,3,3.5,core_stability,defaulted,0,0.7561
SURV-02998,24,11,0.4583,0.1831,33082.01,6057.38,0.704,1,3,0.09,0,0,BPO / Call Center Agent,Living with Parents/Relatives,Married,1,6.9,option_window,defaulted,0,0.7392
SURV-02999,24,24,1.0,0.2397,27219.1,6524.42,0.471,4,0,0.382,0,0,Tricycle / PUV Operator,Owned (Clean Title),Single,3,4.8,completion_phase,defaulted,0,0.5954
SURV-03000,24,6,0.25,0.4743,12000.0,5691.42,0.569,3,0,0.273,0,0,Agri / Farmer / Fisherfolk,Owned (Inherited/Tax Dec),Married,3,3.2,core_stability,defaulted,1,0.5356
SURV-03001,12,6,0.5,0.2779,40771.06,11331.02,0.617,1,1,0.214,0,0,Employed (Private/Gov),Owned (Clean Title),Widowed,4,2.9,core_stability,defaulted,1,0.7068
SURV-03002,12,9,0.75,0.2919,43473.58,12691.86,0.625,0,1,0.124,0,0,Public School Teacher,Owned (Inherited/Tax Dec),Married,2,12.9,completion_phase,defaulted,0,0.7519
SURV-03003,36,15,0.4167,0.0765,29090.03,2225.09,0.605,1,0,0.103,0,0,Tricycle / PUV Operator,Owned (Inherited/Tax Dec),Married,2,3.2,option_window,completed,21,0.681
SURV-03004,36,16,0.4444,0.1645,45645.05,7508.07,0.737,1,3,0.042,0,0,Employed (Private/Gov),Living with Parents/Relatives,Married,0,9.4,option_window,early_settled,6,0.7238
SURV-03005,12,5,0.4167,0.4605,31400.74,14461.31,0.32,4,0,0.319,1,1,Employed (Private/Gov),Living with Parents/Relatives,Widowed,1,10.7,core_stability,defaulted,0,0.6936
SURV-03006,36,18,0.5,0.0925,41999.52,3883.46,0.952,0,9,0.0,0,0,Employed (Private/Gov),Owned (Inherited/Tax Dec),Single,0,2.1,option_window,completed,18,0.7356
SURV-03007,24,10,0.4167,0.3644,25556.77,9311.99,0.632,3,0,0.238,1,0,Sari-Sari / Small Retail,Rented (Apartment/House),Single,3,1.2,core_stability,defaulted,1,0.572
SURV-03008,12,11,0.9167,0.1541,50351.43,7760.13,0.992,0,11,0.0,0,0,OFW Remittance / Dependent,Owned (Inherited/Tax Dec),Married,2,11.0,completion_phase,completed,1,0.7607
SURV-03009,12,7,0.5833,0.2606,38635.15,10068.78,0.538,3,1,0.418,0,1,Employed (Private/Gov),Living with Parents/Relatives,Married,2,3.3,core_stability,defaulted,0,0.6922
SURV-03010,12,3,0.25,0.3892,33877.16,13186.43,0.321,3,0,0.315,0,0,Public School Teacher,Owned (Inherited/Tax Dec),Single,3,16.2,onboarding_risk,defaulted,0,0.7118
SURV-03011,24,7,0.2917,0.2123,37227.31,7902.76,0.668,1,2,0.062,0,0,BPO / Call Center Agent,Owned (Inherited/Tax Dec),Single,0,3.7,core_stability,early_settled,5,0.6853
SURV-03012,36,5,0.1389,0.1968,27012.14,5317.03,0.614,0,2,0.013,1,0,BPO / Call Center Agent,Owned (Inherited/Tax Dec),Widowed,1,14.2,core_stability,defaulted,2,0.6682
SURV-03013,12,10,0.8333,0.2143,27910.5,5982.46,0.21,1,0,0.346,0,0,Agri / Farmer / Fisherfolk,Living with Parents/Relatives,Widowed,1,9.4,completion_phase,defaulted,1,0.726
SURV-03014,12,6,0.5,0.2816,24135.78,6795.48,0.77,0,1,0.101,0,0,BPO / Call Center Agent,Owned (Clean Title),Single,2,6.9,core_stability,completed,6,0.762
SURV-03015,36,9,0.25,0.2502,22733.97,5687.34,0.314,3,0,0.15,0,1,Tricycle / PUV Operator,Living with Parents/Relatives,Married,1,9.8,core_stability,defaulted,1,0.5958
SURV-03016,24,1,0.0417,0.3298,18476.88,6092.8,0.601,4,0,0.24,0,0,BPO / Call Center Agent,Owned (Clean Title),Widowed,1,3.1,onboarding_risk,defaulted,5,0.6518
SURV-03017,12,9,0.75,0.2366,34651.48,8200.23,0.764,0,0,0.026,0,0,OFW Remittance / Dependent,Owned (Clean Title),Single,2,7.9,completion_phase,completed,3,0.7083
SURV-03018,24,6,0.25,0.5278,17712.47,9348.82,0.243,1,0,0.188,0,1,Agri / Farmer / Fisherfolk,Owned (Clean Title),Single,4,5.1,core_stability,defaulted,1,0.5213
SURV-03019,24,10,0.4167,0.2373,33093.22,7852.95,0.848,1,0,0.09,0,0,Employed (Private/Gov),Owned (Clean Title),Married,2,3.7,core_stability,completed,14,0.685
SURV-03020,24,17,0.7083,0.1406,28397.08,3991.7,0.627,0,1,0.093,0,0,Public School Teacher,Living with Parents/Relatives,Single,0,3.7,core_stability,completed,7,0.726
SURV-03021,36,20,0.5556,0.3175,21292.58,6760.61,0.382,3,1,0.427,0,0,Tricycle / PUV Operator,Owned (Inherited/Tax Dec),Single,0,14.0,option_window,completed,16,0.5982
SURV-03022,24,20,0.8333,0.1446,27842.43,4025.17,0.86,0,8,0.0,0,0,BPO / Call Center Agent,Owned (Clean Title),Single,1,10.9,core_stability,completed,4,0.7541
SURV-03023,24,5,0.2083,0.1118,35262.38,3940.7,0.877,0,4,0.0,0,0,Employed (Private/Gov),Owned (Clean Title),Married,0,6.1,core_stability,completed,19,0.797
SURV-03024,36,7,0.1944,0.2777,16029.71,4450.74,0.23,4,1,0.377,0,1,Agri / Farmer / Fisherfolk,Living with Parents/Relatives,Married,3,9.5,core_stability,defaulted,1,0.5838
SURV-03025,36,33,0.9167,0.1793,23250.63,4169.8,0.217,1,1,0.206,0,0,Agri / Farmer / Fisherfolk,Living with Parents/Relatives,Married,0,4.5,completion_phase,defaulted,1,0.574
SURV-03026,24,1,0.0417,0.2498,29140.92,7278.11,0.789,0,2,0.147,0,0,BPO / Call Center Agent,Owned (Inherited/Tax Dec),Married,3,7.8,onboarding_risk,completed,23,0.6771
SURV-03027,36,31,0.8611,0.0975,60798.65,5929.02,0.857,0,7,0.0,0,0,OFW Remittance / Dependent,Owned (Inherited/Tax Dec),Married,1,9.8,core_stability,completed,5,0.7275
SURV-03028,12,1,0.0833,0.3178,42192.19,13408.45,0.443,4,1,0.253,1,0,Public School Teacher,Living with Parents/Relatives,Married,2,4.9,onboarding_risk,defaulted,2,0.6793
SURV-03029,36,36,1.0,0.1453,37157.53,5399.21,0.707,0,1,0.06,0,0,OFW Remittance / Dependent,Living with Parents/Relatives,Married,1,2.5,completion_phase,defaulted,0,0.6268
SURV-03030,24,4,0.1667,0.2651,28254.47,7491.49,0.352,1,0,0.169,0,0,Sari-Sari / Small Retail,Living with Parents/Relatives,Married,1,10.0,onboarding_risk,defaulted,3,0.6697
SURV-03031,36,2,0.0556,0.0788,49453.43,3896.01,0.861,0,1,0.0,0,0,Public School Teacher,Owned (Inherited/Tax Dec),Widowed,1,15.8,onboarding_risk,completed,34,0.774
SURV-03032,24,19,0.7917,0.1783,23566.21,4201.05,0.539,2,1,0.189,1,0,Tricycle / PUV Operator,Rented (Apartment/House),Widowed,3,4.7,core_stability,defaulted,0,0.6243
SURV-03033,36,23,0.6389,0.1048,39925.61,4183.47,0.906,0,7,0.0,0,0,BPO / Call Center Agent,Owned (Inherited/Tax Dec),Married,0,8.1,option_window,early_settled,4,0.7051
SURV-03034,12,6,0.5,0.4013,32682.86,13117.07,0.316,2,0,0.262,1,0,BPO / Call Center Agent,Living with Parents/Relatives,Widowed,0,8.0,core_stability,defaulted,0,0.6636
SURV-03035,36,31,0.8611,0.1138,29115.62,3314.32,0.726,0,2,0.015,0,0,Employed (Private/Gov),Living with Parents/Relatives,Married,2,2.4,core_stability,defaulted,0,0.7127
SURV-03036,36,15,0.4167,0.1881,32782.76,6166.57,0.82,1,2,0.075,0,0,BPO / Call Center Agent,Owned (Inherited/Tax Dec),Single,4,14.7,option_window,completed,21,0.7273
SURV-03037,36,14,0.3889,0.5555,12000.0,6665.77,0.616,2,1,0.334,1,1,Agri / Farmer / Fisherfolk,Rented (Apartment/House),Single,1,13.1,option_window,completed,22,0.5504
SURV-03038,24,2,0.0833,0.2085,28107.65,5860.21,0.566,3,1,0.18,0,0,Sari-Sari / Small Retail,Rented (Apartment/House),Single,3,4.5,onboarding_risk,defaulted,3,0.6474
SURV-03039,24,5,0.2083,0.1938,37016.79,7175.24,0.994,0,4,0.0,0,0,OFW Remittance / Dependent,Owned (Inherited/Tax Dec),Married,0,10.7,core_stability,completed,19,0.7388
SURV-03040,24,3,0.125,0.1578,54660.23,8627.66,0.881,0,2,0.0,0,0,OFW Remittance / Dependent,Living with Parents/Relatives,Married,1,9.3,onboarding_risk,completed,21,0.7149
SURV-03041,36,35,0.9722,0.1253,47957.25,6011.1,0.934,0,2,0.0,0,0,OFW Remittance / Dependent,Living with Parents/Relatives,Single,4,5.7,completion_phase,completed,1,0.7625
SURV-03042,12,8,0.6667,0.9743,12720.76,12393.3,0.203,1,0,0.165,0,1,Tricycle / PUV Operator,Living with Parents/Relatives,Single,2,10.7,core_stability,defaulted,1,0.5861
SURV-03043,24,6,0.25,0.3239,20602.1,6672.27,0.388,1,1,0.242,0,0,Agri / Farmer / Fisherfolk,Rented (Apartment/House),Single,2,9.4,core_stability,defaulted,1,0.5909
SURV-03044,36,20,0.5556,0.2459,29276.54,7199.62,0.767,0,1,0.133,0,0,Employed (Private/Gov),Owned (Clean Title),Single,1,1.5,option_window,early_settled,0,0.6533
SURV-03045,12,9,0.75,0.6884,22996.28,15830.35,0.211,3,1,0.18,1,0,Agri / Farmer / Fisherfolk,Owned (Inherited/Tax Dec),Single,2,17.2,completion_phase,defaulted,1,0.5714
SURV-03046,12,12,1.0,0.2515,34352.6,8640.0,0.703,1,2,0.108,0,0,OFW Remittance / Dependent,Owned (Clean Title),Widowed,3,6.0,completion_phase,completed,0,0.746
SURV-03047,12,9,0.75,0.4953,17533.39,8684.44,0.498,2,0,0.328,1,1,Agri / Farmer / Fisherfolk,Rented (Apartment/House),Married,2,5.9,completion_phase,defaulted,0,0.5707
SURV-03048,12,4,0.3333,0.3522,38102.0,13417.62,0.22,4,1,0.344,0,0,Public School Teacher,Living with Parents/Relatives,Widowed,1,7.7,onboarding_risk,defaulted,2,0.6999
SURV-03049,24,13,0.5417,0.1167,42953.59,5011.27,0.765,1,0,0.096,0,0,Employed (Private/Gov),Owned (Clean Title),Married,3,3.4,option_window,defaulted,1,0.7224
SURV-03050,12,9,0.75,0.3018,46668.83,14086.74,0.335,4,1,0.196,0,0,OFW Remittance / Dependent,Rented (Apartment/House),Married,0,7.7,completion_phase,defaulted,1,0.6991
SURV-03051,24,6,0.25,0.3512,15599.94,5478.03,0.239,2,1,0.262,0,1,Agri / Farmer / Fisherfolk,Living with Parents/Relatives,Widowed,2,11.7,core_stability,defaulted,0,0.6665
SURV-03052,36,31,0.8611,0.2528,16720.23,4227.44,0.421,2,0,0.34,0,0,Agri / Farmer / Fisherfolk,Owned (Clean Title),Single,3,17.6,core_stability,defaulted,1,0.6305
SURV-03053,36,23,0.6389,0.1116,23276.28,2598.04,0.609,0,3,0.131,0,0,Tricycle / PUV Operator,Owned (Clean Title),Single,1,9.9,option_window,completed,13,0.7064
SURV-03054,24,19,0.7917,0.318,18353.39,5835.63,0.229,3,0,0.169,1,0,Sari-Sari / Small Retail,Living with Parents/Relatives,Widowed,2,3.4,core_stability,defaulted,1,0.6259
SURV-03055,24,13,0.5417,0.1618,27231.05,4406.7,0.77,0,2,0.146,0,0,BPO / Call Center Agent,Owned (Clean Title),Married,0,3.3,option_window,early_settled,0,0.661
SURV-03056,36,11,0.3056,0.1609,31284.68,5034.18,0.668,1,2,0.042,1,0,Sari-Sari / Small Retail,Owned (Clean Title),Widowed,0,4.1,core_stability,defaulted,0,0.6396
SURV-03057,24,23,0.9583,0.4617,16007.74,7389.98,0.468,2,0,0.244,0,0,Sari-Sari / Small Retail,Living with Parents/Relatives,Married,3,8.9,completion_phase,defaulted,1,0.5678
SURV-03058,36,27,0.75,0.0968,47195.64,4567.35,0.97,0,8,0.0,0,0,OFW Remittance / Dependent,Owned (Clean Title),Widowed,2,9.2,core_stability,early_settled,0,0.7217
SURV-03059,36,14,0.3889,0.1505,14544.97,2189.24,0.492,2,0,0.242,0,0,Agri / Farmer / Fisherfolk,Rented (Apartment/House),Single,3,3.9,option_window,defaulted,0,0.5268
SURV-03060,24,20,0.8333,0.1632,37888.08,6184.6,0.865,0,10,0.0,0,0,Employed (Private/Gov),Owned (Clean Title),Widowed,0,8.9,core_stability,completed,4,0.706
SURV-03061,24,5,0.2083,0.1614,29650.83,4784.59,0.607,3,0,0.28,0,0,Sari-Sari / Small Retail,Rented (Apartment/House),Married,2,2.6,core_stability,defaulted,2,0.7002
SURV-03062,24,14,0.5833,0.2046,17150.18,3508.67,0.255,4,0,0.302,0,0,Tricycle / PUV Operator,Living with Parents/Relatives,Widowed,3,5.7,core_stability,defaulted,1,0.6823
SURV-03063,36,28,0.7778,0.144,29821.7,4294.59,0.682,1,2,0.118,0,0,BPO / Call Center Agent,Rented (Apartment/House),Married,1,18.8,core_stability,completed,8,0.6647
SURV-03064,12,10,0.8333,0.3096,27498.9,8512.43,0.322,4,0,0.411,1,0,BPO / Call Center Agent,Owned (Inherited/Tax Dec),Married,3,13.1,completion_phase,defaulted,0,0.6386
SURV-03065,36,32,0.8889,0.2227,20110.72,4478.23,0.506,1,1,0.427,1,1,Tricycle / PUV Operator,Living with Parents/Relatives,Married,1,7.7,core_stability,completed,4,0.6799
SURV-03066,36,20,0.5556,0.1518,19183.44,2912.53,0.79,1,2,0.055,0,0,Tricycle / PUV Operator,Living with Parents/Relatives,Widowed,2,25.9,option_window,completed,16,0.6395
SURV-03067,12,7,0.5833,0.2709,30259.51,8197.8,0.767,0,1,0.015,0,0,Public School Teacher,Owned (Clean Title),Married,2,1.9,core_stability,defaulted,0,0.7407
SURV-03068,12,7,0.5833,0.3423,28273.22,9677.45,0.641,2,0,0.235,0,0,BPO / Call Center Agent,Living with Parents/Relatives,Married,2,3.5,core_stability,defaulted,1,0.7046
SURV-03069,24,18,0.75,0.0922,45929.53,4236.18,0.859,0,5,0.0,0,0,OFW Remittance / Dependent,Owned (Clean Title),Widowed,1,9.5,core_stability,completed,6,0.7551
SURV-03070,24,22,0.9167,0.1332,27042.16,3601.47,0.673,1,0,0.087,0,0,Sari-Sari / Small Retail,Owned (Clean Title),Widowed,1,2.5,completion_phase,completed,2,0.6613
SURV-03071,24,14,0.5833,0.2127,29128.34,6196.53,0.661,0,3,0.067,0,0,Employed (Private/Gov),Living with Parents/Relatives,Single,1,7.6,core_stability,completed,10,0.6912
SURV-03072,24,5,0.2083,0.2402,20532.44,4931.12,0.62,2,1,0.409,0,1,Tricycle / PUV Operator,Rented (Apartment/House),Widowed,2,10.6,core_stability,defaulted,3,0.6858
SURV-03073,24,13,0.5417,0.553,14341.97,7931.12,0.579,1,0,0.3,0,0,Tricycle / PUV Operator,Owned (Clean Title),Widowed,1,3.9,option_window,defaulted,0,0.6041
SURV-03074,12,1,0.0833,0.2748,25025.17,6876.4,0.451,4,1,0.409,0,0,Agri / Farmer / Fisherfolk,Owned (Clean Title),Married,4,6.5,onboarding_risk,defaulted,1,0.6374
SURV-03075,36,14,0.3889,0.2305,15707.51,3620.88,0.273,1,0,0.162,0,0,Agri / Farmer / Fisherfolk,Owned (Inherited/Tax Dec),Widowed,2,3.4,option_window,defaulted,1,0.6186
SURV-03076,36,11,0.3056,0.1289,26263.3,3386.42,0.834,1,2,0.005,0,0,Tricycle / PUV Operator,Owned (Clean Title),Single,2,10.7,core_stability,defaulted,0,0.6501
SURV-03077,36,26,0.7222,0.1238,49133.34,6083.72,0.677,1,3,0.008,1,0,OFW Remittance / Dependent,Rented (Apartment/House),Single,2,5.2,core_stability,early_settled,0,0.7187
SURV-03078,24,18,0.75,0.202,34537.68,6974.91,0.767,0,1,0.086,0,0,Employed (Private/Gov),Living with Parents/Relatives,Widowed,2,2.6,core_stability,completed,6,0.7301
SURV-03079,12,1,0.0833,0.3018,20695.88,6246.54,0.602,0,1,0.091,0,0,Public School Teacher,Living with Parents/Relatives,Widowed,0,5.6,onboarding_risk,defaulted,1,0.7675
SURV-03080,12,3,0.25,0.1772,27104.08,4802.5,0.375,2,0,0.435,0,0,Sari-Sari / Small Retail,Rented (Apartment/House),Married,2,12.9,onboarding_risk,defaulted,2,0.7326
SURV-03081,36,2,0.0556,0.0819,41158.01,3370.73,0.984,0,1,0.0,0,0,Public School Teacher,Owned (Clean Title),Married,2,6.5,onboarding_risk,early_settled,16,0.719
SURV-03082,12,12,1.0,0.129,40847.31,5269.17,0.862,0,12,0.0,0,0,Employed (Private/Gov),Owned (Inherited/Tax Dec),Married,4,5.4,completion_phase,completed,0,0.7545
SURV-03083,24,21,0.875,0.287,20059.36,5756.71,0.579,1,0,0.364,0,0,Sari-Sari / Small Retail,Owned (Clean Title),Widowed,1,6.2,completion_phase,completed,3,0.6574
SURV-03084,12,1,0.0833,0.3053,27927.72,8526.84,0.499,3,1,0.156,0,0,BPO / Call Center Agent,Owned (Clean Title),Widowed,0,2.7,onboarding_risk,defaulted,3,0.7076
SURV-03085,24,9,0.375,0.3231,19458.53,6287.12,0.524,3,0,0.308,0,1,Agri / Farmer / Fisherfolk,Owned (Inherited/Tax Dec),Single,3,20.4,core_stability,defaulted,1,0.6224
SURV-03086,24,15,0.625,0.2726,25915.19,7065.72,0.578,2,0,0.429,1,0,Sari-Sari / Small Retail,Living with Parents/Relatives,Single,0,7.4,core_stability,completed,9,0.6654
SURV-03087,24,6,0.25,0.0582,63176.0,3676.61,0.902,0,2,0.0,0,0,OFW Remittance / Dependent,Owned (Clean Title),Married,4,9.6,core_stability,completed,18,0.7846
SURV-03088,36,12,0.3333,0.2199,24959.43,5489.06,0.823,0,1,0.07,0,0,Sari-Sari / Small Retail,Owned (Clean Title),Single,2,8.2,option_window,completed,24,0.6415
SURV-03089,12,1,0.0833,0.1715,70498.98,12087.07,0.829,0,3,0.058,0,0,OFW Remittance / Dependent,Owned (Clean Title),Widowed,2,1.3,onboarding_risk,completed,11,0.8115
SURV-03090,24,8,0.3333,0.1508,44158.51,6660.34,0.696,0,3,0.063,0,0,OFW Remittance / Dependent,Owned (Clean Title),Married,1,2.1,core_stability,early_settled,6,0.7485
SURV-03091,24,24,1.0,0.1621,36735.66,5956.37,0.834,1,0,0.05,0,0,Employed (Private/Gov),Living with Parents/Relatives,Married,2,5.1,completion_phase,defaulted,0,0.7843
SURV-03092,24,12,0.5,0.3244,16945.07,5497.3,0.243,1,1,0.422,1,0,Agri / Farmer / Fisherfolk,Rented (Apartment/House),Married,0,7.7,option_window,defaulted,0,0.5781
SURV-03093,12,1,0.0833,0.3382,33629.96,11372.93,0.74,0,0,0.045,0,0,Public School Teacher,Owned (Inherited/Tax Dec),Widowed,0,7.5,onboarding_risk,early_settled,11,0.7624
SURV-03094,36,10,0.2778,0.1955,22944.46,4484.68,0.428,2,0,0.202,0,0,BPO / Call Center Agent,Living with Parents/Relatives,Married,3,4.8,core_stability,defaulted,0,0.6516
SURV-03095,12,7,0.5833,0.1945,27558.1,5361.09,0.701,1,1,0.132,0,0,Employed (Private/Gov),Owned (Inherited/Tax Dec),Widowed,0,9.4,core_stability,defaulted,0,0.787
SURV-03096,36,34,0.9444,0.1184,55580.82,6578.69,0.767,1,0,0.045,0,0,OFW Remittance / Dependent,Rented (Apartment/House),Single,4,12.3,completion_phase,defaulted,0,0.6783
SURV-03097,24,13,0.5417,0.3122,16147.08,5041.8,0.215,4,0,0.25,1,0,Agri / Farmer / Fisherfolk,Rented (Apartment/House),Married,2,1.4,option_window,defaulted,1,0.579
SURV-03098,36,18,0.5,0.1941,33912.69,6581.63,0.343,2,1,0.217,0,0,Agri / Farmer / Fisherfolk,Living with Parents/Relatives,Widowed,1,19.7,option_window,defaulted,1,0.6122
SURV-03099,24,7,0.2917,0.2048,32798.48,6717.53,0.703,1,2,0.093,0,0,Employed (Private/Gov),Living with Parents/Relatives,Single,0,8.2,core_stability,defaulted,1,0.6821
SURV-03100,12,1,0.0833,0.4557,26140.75,11911.12,0.547,1,0,0.202,0,0,Employed (Private/Gov),Owned (Inherited/Tax Dec),Married,2,7.6,onboarding_risk,defaulted,6,0.6765
SURV-03101,24,22,0.9167,0.1228,23325.32,2863.73,0.29,3,1,0.312,0,0,Agri / Farmer / Fisherfolk,Rented (Apartment/House),Married,2,1.5,completion_phase,defaulted,1,0.6364
SURV-03102,36,9,0.25,0.0707,31881.97,2254.53,0.861,0,9,0.0,0,0,Public School Teacher,Owned (Inherited/Tax Dec),Married,1,16.1,core_stability,completed,27,0.7507
SURV-03103,36,8,0.2222,0.2564,23309.45,5976.96,0.616,3,0,0.288,0,0,Sari-Sari / Small Retail,Living with Parents/Relatives,Married,1,13.2,core_stability,defaulted,1,0.6726
SURV-03104,24,16,0.6667,0.3752,24473.93,9182.12,0.617,4,0,0.311,0,0,Employed (Private/Gov),Rented (Apartment/House),Married,3,5.7,core_stability,defaulted,0,0.6655
SURV-03105,24,2,0.0833,0.2185,32309.73,7061.06,0.676,0,0,0.042,0,0,Public School Teacher,Owned (Clean Title),Single,1,5.7,onboarding_risk,early_settled,13,0.7616
SURV-03106,24,7,0.2917,0.2477,18642.4,4616.83,0.594,3,0,0.368,0,1,Tricycle / PUV Operator,Owned (Inherited/Tax Dec),Married,2,3.7,core_stability,defaulted,1,0.6486
SURV-03107,12,12,1.0,0.6638,15757.73,10460.73,0.222,1,1,0.312,1,1,Sari-Sari / Small Retail,Owned (Inherited/Tax Dec),Single,1,11.6,completion_phase,defaulted,0,0.5781
SURV-03108,24,23,0.9583,0.3231,19838.33,6410.11,0.288,3,1,0.423,0,0,Tricycle / PUV Operator,Owned (Inherited/Tax Dec),Married,2,6.4,completion_phase,defaulted,1,0.603
SURV-03109,12,7,0.5833,0.4145,13584.48,5630.58,0.555,2,0,0.208,1,0,Tricycle / PUV Operator,Rented (Apartment/House),Married,4,8.9,core_stability,defaulted,0,0.5776
SURV-03110,36,22,0.6111,0.1712,21655.77,3706.73,0.671,1,2,0.065,1,0,Tricycle / PUV Operator,Owned (Inherited/Tax Dec),Single,1,10.6,option_window,completed,14,0.6967
SURV-03111,12,5,0.4167,0.2249,38385.01,8632.39,0.757,0,1,0.122,1,0,Employed (Private/Gov),Rented (Apartment/House),Married,0,12.2,core_stability,defaulted,0,0.745
SURV-03112,36,3,0.0833,0.2105,19950.6,4200.53,0.578,4,0,0.445,1,1,Agri / Farmer / Fisherfolk,Owned (Inherited/Tax Dec),Single,1,12.5,onboarding_risk,defaulted,0,0.6203
SURV-03113,36,32,0.8889,0.1917,25232.61,4836.25,0.669,0,0,0.005,0,0,Sari-Sari / Small Retail,Owned (Inherited/Tax Dec),Married,2,9.3,core_stability,defaulted,0,0.6801
SURV-03114,36,6,0.1667,0.2576,23729.47,6113.46,0.492,4,1,0.209,0,0,Agri / Farmer / Fisherfolk,Living with Parents/Relatives,Married,2,7.4,core_stability,defaulted,1,0.6195
SURV-03115,36,26,0.7222,0.3466,19561.55,6779.51,0.332,1,1,0.255,1,0,BPO / Call Center Agent,Rented (Apartment/House),Widowed,3,5.8,core_stability,defaulted,0,0.6054
SURV-03116,12,10,0.8333,0.2752,32958.88,9071.69,0.81,0,2,0.037,0,0,Public School Teacher,Owned (Clean Title),Widowed,2,5.7,completion_phase,completed,2,0.6948
SURV-03117,24,2,0.0833,0.1261,37760.16,4763.26,0.655,1,1,0.118,0,0,BPO / Call Center Agent,Owned (Clean Title),Married,3,22.3,onboarding_risk,defaulted,6,0.7204
SURV-03118,36,27,0.75,0.403,13204.11,5321.38,0.262,1,1,0.185,0,1,Tricycle / PUV Operator,Living with Parents/Relatives,Single,2,4.7,core_stability,defaulted,0,0.4987
SURV-03119,12,8,0.6667,0.5007,23553.75,11792.46,0.226,3,0,0.201,1,0,Employed (Private/Gov),Owned (Clean Title),Married,1,26.0,core_stability,defaulted,0,0.6316
SURV-03120,36,8,0.2222,0.116,28111.25,3260.31,0.779,0,2,0.081,0,0,Sari-Sari / Small Retail,Living with Parents/Relatives,Single,2,8.1,core_stability,completed,28,0.6941
SURV-03121,12,10,0.8333,0.7039,21925.65,15433.63,0.403,2,0,0.383,0,0,Sari-Sari / Small Retail,Living with Parents/Relatives,Widowed,1,6.8,completion_phase,defaulted,0,0.5934
SURV-03122,36,18,0.5,0.2059,17981.96,3702.18,0.399,1,0,0.289,0,1,Agri / Farmer / Fisherfolk,Owned (Clean Title),Widowed,3,7.0,option_window,defaulted,1,0.6382
SURV-03123,36,27,0.75,0.0622,53045.48,3299.65,0.738,1,0,0.045,0,0,OFW Remittance / Dependent,Rented (Apartment/House),Married,0,4.2,core_stability,completed,9,0.7188
SURV-03124,12,4,0.3333,0.2244,20887.52,4687.83,0.382,1,0,0.237,0,0,Tricycle / PUV Operator,Living with Parents/Relatives,Widowed,0,30.6,onboarding_risk,defaulted,3,0.7329
SURV-03125,36,20,0.5556,0.1447,39239.82,5678.51,0.765,0,2,0.133,0,0,Employed (Private/Gov),Rented (Apartment/House),Married,1,2.5,option_window,completed,16,0.6339
SURV-03126,24,4,0.1667,0.1843,32066.24,5909.87,0.247,2,0,0.357,0,0,Sari-Sari / Small Retail,Rented (Apartment/House),Married,3,16.3,onboarding_risk,defaulted,1,0.6863
SURV-03127,12,6,0.5,0.2726,32378.56,8824.95,0.377,3,1,0.169,0,0,BPO / Call Center Agent,Owned (Inherited/Tax Dec),Single,1,2.2,core_stability,defaulted,1,0.6985
SURV-03128,24,21,0.875,0.1772,31474.05,5577.08,0.329,3,0,0.389,0,0,Sari-Sari / Small Retail,Rented (Apartment/House),Married,0,3.8,completion_phase,defaulted,1,0.6708
SURV-03129,24,24,1.0,0.1262,25228.89,3184.8,0.71,0,2,0.134,0,0,Employed (Private/Gov),Rented (Apartment/House),Widowed,0,8.6,completion_phase,defaulted,0,0.7311
SURV-03130,36,34,0.9444,0.1304,43745.38,5703.41,0.723,0,0,0.09,0,0,Employed (Private/Gov),Owned (Clean Title),Married,1,1.9,completion_phase,defaulted,1,0.6347
SURV-03131,24,5,0.2083,0.2321,21781.58,5055.12,0.643,0,1,0.073,0,0,Sari-Sari / Small Retail,Owned (Clean Title),Single,0,24.0,core_stability,completed,19,0.6751
SURV-03132,24,16,0.6667,0.1678,23892.7,4008.39,0.415,2,1,0.246,0,0,Tricycle / PUV Operator,Living with Parents/Relatives,Widowed,1,3.6,core_stability,defaulted,0,0.6651
SURV-03133,24,7,0.2917,0.2353,28226.4,6641.99,0.525,2,0,0.44,0,0,Sari-Sari / Small Retail,Living with Parents/Relatives,Married,0,14.1,core_stability,defaulted,1,0.6992
SURV-03134,36,12,0.3333,0.0829,26384.54,2186.1,0.962,0,7,0.0,0,0,BPO / Call Center Agent,Owned (Inherited/Tax Dec),Single,2,2.9,option_window,defaulted,1,0.6948
SURV-03135,36,33,0.9167,0.1454,36405.2,5294.15,0.838,0,1,0.04,0,0,Public School Teacher,Living with Parents/Relatives,Widowed,1,4.4,completion_phase,completed,3,0.699
SURV-03136,24,16,0.6667,0.3102,19682.4,6105.43,0.362,1,1,0.252,1,0,Agri / Farmer / Fisherfolk,Owned (Clean Title),Widowed,1,7.1,core_stability,defaulted,1,0.6374
SURV-03137,24,7,0.2917,0.1867,30446.26,5683.74,0.708,0,0,0.1,0,0,BPO / Call Center Agent,Owned (Clean Title),Widowed,1,8.5,core_stability,completed,17,0.7041
SURV-03138,24,11,0.4583,0.5658,12000.0,6789.74,0.333,1,0,0.428,1,0,Tricycle / PUV Operator,Living with Parents/Relatives,Married,2,4.4,option_window,defaulted,0,0.5559
SURV-03139,24,6,0.25,0.0514,75083.4,3856.56,0.882,0,5,0.0,0,0,OFW Remittance / Dependent,Owned (Clean Title),Married,4,4.4,core_stability,completed,18,0.7805
SURV-03140,36,15,0.4167,0.0584,48024.0,2803.79,0.906,0,5,0.0,0,0,OFW Remittance / Dependent,Owned (Inherited/Tax Dec),Single,1,4.0,option_window,completed,21,0.6997
SURV-03141,24,3,0.125,0.1977,44654.69,8828.03,0.734,1,2,0.059,0,0,Public School Teacher,Living with Parents/Relatives,Married,1,7.1,onboarding_risk,early_settled,8,0.7303
SURV-03142,36,35,0.9722,0.5173,14082.72,7285.39,0.568,4,0,0.237,0,0,Agri / Farmer / Fisherfolk,Rented (Apartment/House),Widowed,1,6.0,completion_phase,defaulted,0,0.4889
SURV-03143,12,9,0.75,0.3196,36444.64,11648.14,0.297,2,0,0.356,0,1,Employed (Private/Gov),Living with Parents/Relatives,Widowed,1,4.9,completion_phase,defaulted,1,0.6484
SURV-03144,36,12,0.3333,0.2243,18679.3,4188.97,0.825,0,3,0.094,0,0,BPO / Call Center Agent,Owned (Inherited/Tax Dec),Widowed,1,5.7,option_window,defaulted,1,0.7406
SURV-03145,12,3,0.25,0.616,16268.17,10020.46,0.38,4,0,0.363,0,0,Agri / Farmer / Fisherfolk,Owned (Clean Title),Married,4,5.9,onboarding_risk,defaulted,1,0.5966
SURV-03146,36,28,0.7778,0.1007,55955.59,5633.22,0.751,1,3,0.039,0,0,OFW Remittance / Dependent,Owned (Inherited/Tax Dec),Widowed,3,2.0,core_stability,completed,8,0.6996
SURV-03147,36,27,0.75,0.1478,18059.98,2668.91,0.613,1,2,0.071,0,0,Tricycle / PUV Operator,Owned (Clean Title),Single,2,5.1,core_stability,completed,9,0.6797
SURV-03148,12,7,0.5833,0.2427,30574.88,7420.61,0.647,1,1,0.303,1,0,Sari-Sari / Small Retail,Owned (Inherited/Tax Dec),Single,1,1.9,core_stability,defaulted,1,0.6941
SURV-03149,36,20,0.5556,0.2165,14541.05,3148.55,0.33,3,0,0.406,0,1,Tricycle / PUV Operator,Owned (Clean Title),Widowed,3,7.2,option_window,defaulted,1,0.6658
SURV-03150,12,12,1.0,0.1199,44607.9,5349.49,0.998,0,8,0.0,0,0,OFW Remittance / Dependent,Owned (Inherited/Tax Dec),Widowed,0,5.6,completion_phase,completed,0,0.7817
SURV-03151,12,12,1.0,0.7784,18481.52,14386.48,0.605,3,0,0.342,0,0,Agri / Farmer / Fisherfolk,Rented (Apartment/House),Single,0,5.0,completion_phase,defaulted,0,0.5576
SURV-03152,24,10,0.4167,0.3704,18882.8,6995.0,0.385,4,0,0.273,0,1,Sari-Sari / Small Retail,Rented (Apartment/House),Single,0,2.9,core_stability,defaulted,0,0.5613
SURV-03153,12,9,0.75,0.5189,17216.97,8933.69,0.303,2,1,0.217,1,0,Agri / Farmer / Fisherfolk,Owned (Clean Title),Married,2,1.0,completion_phase,defaulted,1,0.6232
SURV-03154,36,23,0.6389,0.1002,26817.42,2688.39,0.643,4,0,0.27,1,0,Sari-Sari / Small Retail,Rented (Apartment/House),Married,1,4.8,option_window,defaulted,0,0.6259
SURV-03155,36,25,0.6944,0.2783,17008.42,4732.74,0.313,3,0,0.443,0,0,Sari-Sari / Small Retail,Owned (Inherited/Tax Dec),Widowed,1,5.3,option_window,defaulted,1,0.5952
SURV-03156,36,8,0.2222,0.2114,28940.24,6117.68,0.566,2,1,0.413,1,0,Public School Teacher,Rented (Apartment/House),Widowed,1,2.7,core_stability,defaulted,1,0.6726
SURV-03157,24,5,0.2083,0.259,25385.53,6574.59,0.496,4,1,0.154,1,0,Sari-Sari / Small Retail,Living with Parents/Relatives,Single,3,5.3,core_stability,defaulted,2,0.6602
SURV-03158,36,15,0.4167,0.1733,27632.07,4789.52,0.345,4,0,0.36,0,0,Agri / Farmer / Fisherfolk,Owned (Clean Title),Married,3,2.6,option_window,defaulted,0,0.6185
SURV-03159,24,18,0.75,0.1756,41451.54,7278.64,0.993,0,3,0.0,0,0,Public School Teacher,Owned (Clean Title),Married,3,7.1,core_stability,completed,6,0.8017
SURV-03160,36,6,0.1667,0.1698,29187.0,4956.46,0.695,1,0,0.014,0,0,Sari-Sari / Small Retail,Owned (Clean Title),Single,2,4.7,core_stability,defaulted,0,0.6267
SURV-03161,24,15,0.625,0.2284,30510.81,6968.23,0.318,1,0,0.362,0,1,Sari-Sari / Small Retail,Living with Parents/Relatives,Married,2,13.9,core_stability,defaulted,0,0.693
SURV-03162,36,35,0.9722,0.1725,40422.26,6973.57,0.688,0,3,0.131,0,0,Public School Teacher,Living with Parents/Relatives,Married,2,4.5,completion_phase,completed,1,0.628
SURV-03163,24,14,0.5833,0.3917,20693.38,8106.63,0.481,1,1,0.182,0,1,Sari-Sari / Small Retail,Owned (Clean Title),Widowed,3,9.2,core_stability,defaulted,0,0.6536
SURV-03164,36,35,0.9722,0.4861,14441.84,7019.6,0.557,4,0,0.264,1,0,Sari-Sari / Small Retail,Rented (Apartment/House),Married,3,14.3,completion_phase,defaulted,1,0.4935
SURV-03165,12,10,0.8333,0.2802,18963.34,5312.7,0.281,1,0,0.32,0,1,Agri / Farmer / Fisherfolk,Living with Parents/Relatives,Married,1,5.1,completion_phase,defaulted,1,0.7311
SURV-03166,12,4,0.3333,0.2484,55506.5,13786.32,0.764,0,3,0.13,0,0,OFW Remittance / Dependent,Owned (Inherited/Tax Dec),Single,2,6.8,onboarding_risk,completed,8,0.7616
SURV-03167,24,21,0.875,0.3683,23163.66,8531.57,0.463,4,0,0.309,0,0,Employed (Private/Gov),Owned (Inherited/Tax Dec),Widowed,1,2.8,completion_phase,defaulted,1,0.612
SURV-03168,24,1,0.0417,0.1697,24364.71,4133.97,0.831,0,3,0.056,1,0,OFW Remittance / Dependent,Owned (Clean Title),Married,4,4.3,onboarding_risk,completed,23,0.7166
SURV-03169,36,28,0.7778,0.0974,28012.81,2728.2,0.908,0,6,0.0,0,0,BPO / Call Center Agent,Owned (Clean Title),Widowed,3,7.6,core_stability,defaulted,1,0.6967
SURV-03170,36,24,0.6667,0.1644,25729.27,4228.77,0.623,0,3,0.04,0,0,Sari-Sari / Small Retail,Owned (Inherited/Tax Dec),Married,3,10.5,option_window,completed,12,0.6824
SURV-03171,24,8,0.3333,0.1588,23265.08,3695.02,0.713,0,2,0.021,0,0,BPO / Call Center Agent,Living with Parents/Relatives,Married,1,4.5,core_stability,completed,16,0.6762
SURV-03172,12,2,0.1667,0.2026,29101.57,5896.29,0.602,0,0,0.011,0,0,Public School Teacher,Rented (Apartment/House),Widowed,1,7.4,onboarding_risk,completed,10,0.792
SURV-03173,24,23,0.9583,0.2623,20379.89,5346.19,0.48,2,1,0.216,0,0,Sari-Sari / Small Retail,Living with Parents/Relatives,Widowed,2,7.7,completion_phase,defaulted,0,0.6427
SURV-03174,24,20,0.8333,0.2038,28354.15,5777.49,0.833,0,1,0.065,0,0,Employed (Private/Gov),Living with Parents/Relatives,Single,1,3.4,core_stability,completed,4,0.7123
SURV-03175,24,22,0.9167,0.0896,58199.47,5216.07,0.908,0,5,0.0,0,0,OFW Remittance / Dependent,Owned (Clean Title),Widowed,1,5.3,completion_phase,early_settled,0,0.7808
SURV-03176,24,23,0.9583,0.2413,22171.36,5350.03,0.463,3,0,0.244,0,1,Agri / Farmer / Fisherfolk,Owned (Clean Title),Married,1,4.7,completion_phase,defaulted,0,0.633
SURV-03177,24,13,0.5417,0.2321,33488.37,7771.85,0.64,3,0,0.294,1,0,Public School Teacher,Living with Parents/Relatives,Widowed,3,4.1,option_window,defaulted,0,0.7094
SURV-03178,36,17,0.4722,0.0783,30098.99,2356.43,0.859,0,6,0.0,0,0,BPO / Call Center Agent,Living with Parents/Relatives,Widowed,1,10.6,option_window,completed,19,0.688
SURV-03179,12,9,0.75,0.4478,25472.31,11406.95,0.54,3,1,0.336,1,1,Sari-Sari / Small Retail,Living with Parents/Relatives,Married,3,2.4,completion_phase,defaulted,0,0.5575
SURV-03180,24,10,0.4167,0.2087,23701.22,4946.03,0.286,1,0,0.328,1,0,Tricycle / PUV Operator,Living with Parents/Relatives,Single,0,10.6,core_stability,defaulted,0,0.6703
SURV-03181,36,30,0.8333,0.3522,17234.56,6070.11,0.368,1,0,0.251,0,0,BPO / Call Center Agent,Living with Parents/Relatives,Married,1,13.9,core_stability,defaulted,0,0.6306
SURV-03182,36,5,0.1389,0.0662,43617.75,2886.66,0.904,0,4,0.0,0,0,Public School Teacher,Owned (Clean Title),Widowed,1,20.4,core_stability,completed,31,0.7637
SURV-03183,24,8,0.3333,0.369,22096.25,8154.37,0.236,3,1,0.18,1,1,Tricycle / PUV Operator,Rented (Apartment/House),Widowed,1,18.1,core_stability,defaulted,1,0.6179
SURV-03184,24,17,0.7083,0.251,13452.03,3376.16,0.605,2,0,0.185,1,0,Tricycle / PUV Operator,Owned (Clean Title),Widowed,2,9.7,core_stability,defaulted,1,0.701
SURV-03185,12,3,0.25,0.4449,27884.5,12404.51,0.373,2,0,0.203,0,1,BPO / Call Center Agent,Living with Parents/Relatives,Married,3,4.4,onboarding_risk,defaulted,0,0.6346
SURV-03186,24,17,0.7083,0.1839,36197.13,6657.48,0.828,0,3,0.03,1,0,Public School Teacher,Owned (Clean Title),Married,0,3.2,core_stability,completed,7,0.7123
SURV-03187,12,10,0.8333,0.7663,19586.21,15009.44,0.256,2,0,0.368,1,1,Sari-Sari / Small Retail,Rented (Apartment/House),Married,1,3.7,completion_phase,defaulted,0,0.5626
SURV-03188,12,7,0.5833,0.0746,67112.17,5008.24,0.685,0,3,0.008,0,0,OFW Remittance / Dependent,Rented (Apartment/House),Married,0,2.9,core_stability,completed,5,0.7427
SURV-03189,24,11,0.4583,0.3323,13450.91,4469.42,0.569,3,0,0.232,0,0,Tricycle / PUV Operator,Rented (Apartment/House),Married,1,3.7,option_window,defaulted,0,0.5748
SURV-03190,12,7,0.5833,0.2127,32806.65,6979.46,0.667,1,3,0.116,0,0,BPO / Call Center Agent,Living with Parents/Relatives,Single,1,7.4,core_stability,defaulted,0,0.772
SURV-03191,12,11,0.9167,0.4611,23396.58,10788.36,0.261,1,0,0.226,0,0,Agri / Farmer / Fisherfolk,Owned (Clean Title),Married,1,17.3,completion_phase,defaulted,1,0.6394
SURV-03192,36,10,0.2778,0.1623,28865.74,4684.8,0.242,2,1,0.228,1,0,Sari-Sari / Small Retail,Owned (Inherited/Tax Dec),Single,4,2.7,core_stability,completed,26,0.617
SURV-03193,12,9,0.75,0.1516,34662.0,5256.28,0.727,0,2,0.013,0,0,BPO / Call Center Agent,Owned (Inherited/Tax Dec),Widowed,3,4.6,completion_phase,completed,3,0.7534
SURV-03194,36,14,0.3889,0.1419,27460.69,3897.28,0.693,1,1,0.093,0,0,Sari-Sari / Small Retail,Owned (Clean Title),Married,1,5.7,option_window,defaulted,1,0.6887
SURV-03195,36,10,0.2778,0.3096,17384.44,5382.52,0.236,1,1,0.427,0,0,Sari-Sari / Small Retail,Rented (Apartment/House),Single,4,3.6,core_stability,defaulted,0,0.5767
SURV-03196,36,15,0.4167,0.1521,23998.76,3649.73,0.612,0,2,0.105,0,0,Sari-Sari / Small Retail,Owned (Inherited/Tax Dec),Married,4,5.1,option_window,completed,21,0.6724
SURV-03197,12,10,0.8333,0.1324,43202.1,5719.52,0.763,0,1,0.091,0,0,Employed (Private/Gov),Owned (Inherited/Tax Dec),Widowed,1,2.1,completion_phase,completed,2,0.8298
SURV-03198,12,8,0.6667,0.4876,27190.99,13257.83,0.219,4,0,0.303,0,1,Employed (Private/Gov),Owned (Clean Title),Married,0,12.8,core_stability,defaulted,1,0.6135
SURV-03199,12,8,0.6667,0.6645,12000.0,7974.33,0.236,2,0,0.34,1,0,Agri / Farmer / Fisherfolk,Living with Parents/Relatives,Married,1,14.0,core_stability,defaulted,0,0.6054
SURV-03200,12,12,1.0,0.3286,32525.85,10687.91,0.837,1,0,0.092,0,0,Public School Teacher,Owned (Clean Title),Single,1,11.3,completion_phase,defaulted,0,0.7394
SURV-03201,12,10,0.8333,0.403,23661.61,9535.1,0.573,2,0,0.4,0,0,Tricycle / PUV Operator,Rented (Apartment/House),Single,3,2.7,completion_phase,defaulted,1,0.6029
SURV-03202,36,27,0.75,0.3293,14952.17,4923.28,0.369,4,0,0.36,0,0,Agri / Farmer / Fisherfolk,Rented (Apartment/House),Single,3,10.0,core_stability,defaulted,0,0.5782
SURV-03203,12,5,0.4167,0.511,23588.51,12053.79,0.621,4,0,0.413,0,0,Tricycle / PUV Operator,Rented (Apartment/House),Widowed,1,8.2,core_stability,defaulted,0,0.6357
SURV-03204,24,19,0.7917,0.1931,21682.43,4187.12,0.797,1,0,0.084,0,0,Sari-Sari / Small Retail,Living with Parents/Relatives,Married,2,10.9,core_stability,completed,5,0.7172
SURV-03205,36,10,0.2778,0.1486,21793.38,3238.2,0.65,0,0,0.093,0,0,Sari-Sari / Small Retail,Owned (Clean Title),Married,3,7.9,core_stability,completed,26,0.677
SURV-03206,36,9,0.25,0.0742,36577.45,2715.42,0.736,0,2,0.133,1,0,BPO / Call Center Agent,Living with Parents/Relatives,Single,1,2.0,core_stability,defaulted,1,0.6855
SURV-03207,24,14,0.5833,0.2921,23447.53,6848.23,0.482,3,0,0.417,0,1,Public School Teacher,Rented (Apartment/House),Widowed,1,3.1,core_stability,defaulted,1,0.6641
SURV-03208,24,13,0.5417,0.0941,57837.33,5440.43,0.891,0,11,0.0,0,0,Public School Teacher,Rented (Apartment/House),Married,0,7.0,option_window,completed,11,0.7888
SURV-03209,12,5,0.4167,0.2363,25005.74,5908.94,0.47,2,1,0.398,1,0,Sari-Sari / Small Retail,Owned (Inherited/Tax Dec),Married,2,2.8,core_stability,defaulted,1,0.6844
SURV-03210,36,22,0.6111,0.1434,32626.14,4677.95,0.824,1,3,0.095,0,0,Employed (Private/Gov),Living with Parents/Relatives,Single,2,16.3,option_window,completed,14,0.7432
SURV-03211,36,27,0.75,0.1693,30156.7,5105.29,0.201,1,0,0.42,1,1,BPO / Call Center Agent,Rented (Apartment/House),Single,1,2.4,core_stability,defaulted,1,0.642
SURV-03212,12,5,0.4167,0.3428,26691.39,9149.4,0.415,3,0,0.362,1,0,Sari-Sari / Small Retail,Owned (Inherited/Tax Dec),Married,2,16.8,core_stability,defaulted,0,0.7595
SURV-03213,36,25,0.6944,0.0459,57832.91,2654.96,0.913,0,4,0.0,0,0,OFW Remittance / Dependent,Rented (Apartment/House),Widowed,1,10.3,option_window,completed,11,0.78
SURV-03214,24,2,0.0833,0.2472,28230.1,6979.84,0.553,1,1,0.416,0,0,Tricycle / PUV Operator,Living with Parents/Relatives,Widowed,3,19.3,onboarding_risk,completed,22,0.6108
SURV-03215,24,2,0.0833,0.1776,28817.87,5119.39,0.716,0,2,0.077,0,0,Employed (Private/Gov),Rented (Apartment/House),Married,1,6.6,onboarding_risk,completed,22,0.7368
SURV-03216,24,10,0.4167,0.1138,47753.1,5434.04,0.973,0,3,0.0,0,0,OFW Remittance / Dependent,Owned (Clean Title),Married,2,10.4,core_stability,completed,14,0.7564
SURV-03217,24,20,0.8333,0.0532,72114.39,3838.38,0.889,0,9,0.0,0,0,OFW Remittance / Dependent,Rented (Apartment/House),Single,2,9.1,core_stability,completed,4,0.7791
SURV-03218,12,6,0.5,0.6902,18435.87,12725.15,0.204,4,0,0.292,0,0,Tricycle / PUV Operator,Living with Parents/Relatives,Married,2,4.9,core_stability,defaulted,0,0.599
SURV-03219,24,10,0.4167,0.1086,42735.9,4640.29,0.67,1,0,0.02,0,0,Public School Teacher,Rented (Apartment/House),Widowed,3,6.6,core_stability,completed,14,0.7264
SURV-03220,36,2,0.0556,0.1354,24058.73,3257.1,0.809,1,2,0.024,0,0,Tricycle / PUV Operator,Living with Parents/Relatives,Widowed,0,7.7,onboarding_risk,completed,34,0.6372
SURV-03221,12,3,0.25,0.362,20727.6,7502.57,0.362,3,1,0.315,0,1,Agri / Farmer / Fisherfolk,Owned (Inherited/Tax Dec),Married,3,7.4,onboarding_risk,defaulted,4,0.6765
SURV-03222,12,10,0.8333,0.2265,42274.78,9574.23,0.603,1,3,0.097,0,0,Public School Teacher,Rented (Apartment/House),Married,2,5.4,completion_phase,defaulted,0,0.7558
SURV-03223,24,20,0.8333,0.1641,18546.49,3043.0,0.488,1,0,0.301,0,0,Tricycle / PUV Operator,Rented (Apartment/House),Widowed,2,7.5,core_stability,completed,4,0.6454
SURV-03224,12,10,0.8333,0.2122,48292.36,10247.22,0.688,0,2,0.093,0,0,OFW Remittance / Dependent,Owned (Clean Title),Widowed,1,9.3,completion_phase,completed,2,0.7572
SURV-03225,24,3,0.125,0.1638,23069.95,3778.96,0.637,0,1,0.029,0,0,Agri / Farmer / Fisherfolk,Owned (Clean Title),Married,1,5.8,onboarding_risk,completed,21,0.705
SURV-03226,36,18,0.5,0.3438,19455.91,6688.53,0.589,3,1,0.354,0,0,Employed (Private/Gov),Owned (Clean Title),Married,0,4.4,option_window,defaulted,0,0.6821
SURV-03227,24,15,0.625,0.5003,15194.94,7601.52,0.638,1,0,0.221,0,0,Agri / Farmer / Fisherfolk,Owned (Inherited/Tax Dec),Married,2,5.1,core_stability,completed,9,0.6375
SURV-03228,36,35,0.9722,0.1622,25449.7,4127.46,0.796,0,2,0.018,0,0,BPO / Call Center Agent,Owned (Clean Title),Single,3,12.7,completion_phase,early_settled,0,0.6586
SURV-03229,12,2,0.1667,0.6442,18838.7,12136.06,0.585,3,1,0.211,1,0,Agri / Farmer / Fisherfolk,Owned (Inherited/Tax Dec),Widowed,2,4.0,onboarding_risk,defaulted,4,0.5518
SURV-03230,36,22,0.6111,0.1748,29906.66,5228.38,0.621,3,1,0.396,0,0,Sari-Sari / Small Retail,Rented (Apartment/House),Single,3,3.8,option_window,defaulted,0,0.5707
SURV-03231,24,11,0.4583,0.2149,34303.45,7372.67,0.855,0,6,0.0,0,0,Public School Teacher,Owned (Inherited/Tax Dec),Married,1,7.2,option_window,early_settled,4,0.7301
SURV-03232,24,18,0.75,0.176,30061.49,5291.75,0.848,1,2,0.028,0,0,BPO / Call Center Agent,Owned (Clean Title),Married,0,2.3,core_stability,completed,6,0.7041
SURV-03233,24,12,0.5,0.1885,26610.31,5015.6,0.682,0,0,0.011,0,0,Employed (Private/Gov),Living with Parents/Relatives,Widowed,2,23.1,option_window,early_settled,3,0.7141
SURV-03234,36,24,0.6667,0.1768,22361.74,3952.48,0.683,0,1,0.129,0,0,Sari-Sari / Small Retail,Owned (Inherited/Tax Dec),Widowed,1,5.8,option_window,completed,12,0.6467
SURV-03235,24,9,0.375,0.3595,14657.41,5268.94,0.499,1,1,0.305,1,1,Tricycle / PUV Operator,Owned (Clean Title),Widowed,1,10.0,core_stability,defaulted,1,0.612
SURV-03236,24,17,0.7083,0.2242,19100.68,4281.9,0.553,3,0,0.22,0,0,Employed (Private/Gov),Living with Parents/Relatives,Married,2,4.2,core_stability,defaulted,0,0.6864
SURV-03237,24,9,0.375,0.222,37017.77,8216.21,0.67,1,3,0.115,0,0,Public School Teacher,Living with Parents/Relatives,Married,2,7.9,core_stability,defaulted,1,0.7467
SURV-03238,24,6,0.25,0.2458,17454.45,4290.69,0.516,1,0,0.246,1,0,Agri / Farmer / Fisherfolk,Owned (Inherited/Tax Dec),Single,0,2.5,core_stability,completed,18,0.6105
SURV-03239,12,10,0.8333,0.7486,12000.0,8983.44,0.645,3,1,0.289,0,0,Tricycle / PUV Operator,Rented (Apartment/House),Single,4,4.6,completion_phase,defaulted,0,0.5931
SURV-03240,24,23,0.9583,0.1649,43665.23,7201.12,0.81,0,3,0.119,0,0,OFW Remittance / Dependent,Rented (Apartment/House),Married,1,7.3,completion_phase,early_settled,0,0.7318
SURV-03241,24,21,0.875,0.1412,28129.48,3970.8,0.67,1,2,0.134,0,0,Employed (Private/Gov),Owned (Clean Title),Single,0,4.0,completion_phase,defaulted,0,0.7454
SURV-03242,24,5,0.2083,0.0634,53808.46,3411.02,0.851,0,4,0.0,0,0,Employed (Private/Gov),Owned (Clean Title),Widowed,1,13.9,core_stability,early_settled,8,0.7616
SURV-03243,12,4,0.3333,0.463,22671.05,10496.03,0.211,2,0,0.314,0,0,Tricycle / PUV Operator,Living with Parents/Relatives,Married,4,9.2,onboarding_risk,defaulted,0,0.6076
SURV-03244,36,15,0.4167,0.2716,20504.34,5569.5,0.207,4,0,0.186,0,1,Agri / Farmer / Fisherfolk,Owned (Inherited/Tax Dec),Widowed,2,17.0,option_window,defaulted,1,0.6575
SURV-03245,24,19,0.7917,0.0947,43210.42,4092.35,0.984,0,7,0.0,0,0,OFW Remittance / Dependent,Living with Parents/Relatives,Widowed,2,17.1,core_stability,early_settled,0,0.7475
SURV-03246,24,7,0.2917,0.2586,21626.06,5591.74,0.378,1,0,0.301,0,0,BPO / Call Center Agent,Rented (Apartment/House),Widowed,2,13.5,core_stability,defaulted,1,0.6794
SURV-03247,36,8,0.2222,0.1285,29067.41,3735.91,0.798,0,1,0.056,0,0,Sari-Sari / Small Retail,Living with Parents/Relatives,Widowed,2,6.4,core_stability,early_settled,17,0.7167
SURV-03248,24,9,0.375,0.1968,25545.71,5027.22,0.438,2,0,0.295,0,1,Sari-Sari / Small Retail,Owned (Inherited/Tax Dec),Single,4,3.3,core_stability,defaulted,0,0.6482
SURV-03249,36,25,0.6944,0.1259,26541.03,3341.84,0.68,1,0,0.054,0,0,Sari-Sari / Small Retail,Rented (Apartment/House),Married,2,7.4,option_window,defaulted,1,0.626
SURV-03250,24,1,0.0417,0.1921,37176.23,7139.74,0.799,0,0,0.02,0,0,Employed (Private/Gov),Owned (Inherited/Tax Dec),Single,2,8.1,onboarding_risk,completed,23,0.7569
SURV-03251,12,5,0.4167,0.1349,40720.31,5492.03,0.602,1,1,0.084,0,0,Employed (Private/Gov),Living with Parents/Relatives,Married,1,3.3,core_stability,completed,7,0.7653
SURV-03252,24,3,0.125,0.3302,27615.71,9118.72,0.27,4,0,0.368,0,0,Sari-Sari / Small Retail,Rented (Apartment/House),Widowed,1,13.4,onboarding_risk,defaulted,3,0.6937
SURV-03253,36,7,0.1944,0.0882,34031.91,3002.64,0.983,0,7,0.0,0,0,Employed (Private/Gov),Owned (Clean Title),Single,2,13.3,core_stability,early_settled,15,0.7573
SURV-03254,12,1,0.0833,0.4131,24758.43,10227.42,0.441,4,0,0.284,1,0,Agri / Farmer / Fisherfolk,Owned (Inherited/Tax Dec),Married,0,6.6,onboarding_risk,defaulted,5,0.6467
SURV-03255,12,5,0.4167,0.2474,37637.22,9312.76,0.255,1,0,0.331,0,0,OFW Remittance / Dependent,Rented (Apartment/House),Married,0,1.0,core_stability,defaulted,1,0.6766
SURV-03256,24,4,0.1667,0.0287,102946.57,2952.86,0.911,0,1,0.0,0,0,OFW Remittance / Dependent,Rented (Apartment/House),Widowed,3,11.3,onboarding_risk,early_settled,8,0.7664
SURV-03257,12,2,0.1667,0.2252,29659.53,6678.15,0.708,0,2,0.08,0,0,Employed (Private/Gov),Owned (Inherited/Tax Dec),Widowed,2,7.2,onboarding_risk,completed,10,0.7842
SURV-03258,24,2,0.0833,0.149,22455.78,3346.07,0.626,0,0,0.071,0,0,BPO / Call Center Agent,Owned (Clean Title),Married,1,3.3,onboarding_risk,completed,22,0.7155
SURV-03259,36,5,0.1389,0.1787,35887.95,6411.68,0.344,2,1,0.272,1,0,Public School Teacher,Rented (Apartment/House),Married,3,4.4,core_stability,completed,31,0.6282
SURV-03260,12,1,0.0833,0.2203,25671.04,5654.26,0.792,0,2,0.039,0,0,Sari-Sari / Small Retail,Owned (Clean Title),Married,2,10.7,onboarding_risk,completed,11,0.7765
SURV-03261,24,10,0.4167,0.3703,19164.68,7097.31,0.433,1,0,0.264,0,0,Tricycle / PUV Operator,Rented (Apartment/House),Single,2,15.2,core_stability,defaulted,0,0.5862
SURV-03262,36,28,0.7778,0.2723,21597.7,5880.86,0.518,3,0,0.356,0,1,Tricycle / PUV Operator,Owned (Inherited/Tax Dec),Single,0,4.5,core_stability,defaulted,0,0.5617
SURV-03263,36,27,0.75,0.1701,33552.42,5708.7,0.806,0,2,0.11,0,0,BPO / Call Center Agent,Living with Parents/Relatives,Married,4,5.2,core_stability,completed,9,0.7063
SURV-03264,12,10,0.8333,0.4033,21863.95,8816.92,0.441,4,0,0.406,0,0,Tricycle / PUV Operator,Owned (Clean Title),Married,1,4.0,completion_phase,defaulted,0,0.5578
SURV-03265,36,12,0.3333,0.1617,23121.9,3737.95,0.719,1,3,0.047,0,0,Sari-Sari / Small Retail,Owned (Clean Title),Married,1,3.6,option_window,early_settled,14,0.6678
SURV-03266,36,1,0.0278,0.1036,25767.54,2668.83,0.678,1,1,0.094,0,0,Sari-Sari / Small Retail,Owned (Inherited/Tax Dec),Married,0,4.7,onboarding_risk,defaulted,6,0.6621
SURV-03267,36,7,0.1944,0.1246,42934.17,5349.64,0.773,1,3,0.053,0,0,Public School Teacher,Living with Parents/Relatives,Single,1,2.1,core_stability,completed,29,0.6975
SURV-03268,24,16,0.6667,0.1221,51187.35,6251.65,0.634,1,0,0.123,0,0,Public School Teacher,Living with Parents/Relatives,Married,1,3.7,core_stability,completed,8,0.7678
SURV-03269,36,19,0.5278,0.1779,32935.44,5860.16,0.705,1,2,0.083,0,0,BPO / Call Center Agent,Living with Parents/Relatives,Married,1,5.9,option_window,completed,17,0.6957
SURV-03270,24,5,0.2083,0.0803,45235.71,3633.88,0.863,0,5,0.0,0,0,Public School Teacher,Living with Parents/Relatives,Married,2,10.6,core_stability,completed,19,0.7439
SURV-03271,36,23,0.6389,0.2137,23800.77,5085.45,0.41,4,1,0.376,0,0,Agri / Farmer / Fisherfolk,Owned (Clean Title),Single,0,7.3,option_window,defaulted,1,0.6073
SURV-03272,24,12,0.5,0.1401,29405.21,4118.45,0.946,0,6,0.0,0,0,BPO / Call Center Agent,Owned (Inherited/Tax Dec),Married,2,8.1,option_window,completed,12,0.6885
SURV-03273,24,18,0.75,0.1214,31428.3,3816.84,0.77,1,2,0.133,0,0,OFW Remittance / Dependent,Rented (Apartment/House),Widowed,3,11.1,core_stability,completed,6,0.6936
SURV-03274,12,8,0.6667,0.1725,39078.69,6742.11,0.779,0,0,0.137,0,0,Public School Teacher,Rented (Apartment/House),Single,3,9.7,core_stability,completed,4,0.7556
SURV-03275,36,1,0.0278,0.1907,34101.63,6501.68,0.761,0,0,0.098,0,0,Public School Teacher,Living with Parents/Relatives,Single,3,8.3,onboarding_risk,completed,35,0.6698
SURV-03276,12,8,0.6667,0.7549,18086.56,13652.65,0.306,1,1,0.236,1,0,Sari-Sari / Small Retail,Living with Parents/Relatives,Widowed,1,15.3,core_stability,defaulted,1,0.5945
SURV-03277,12,3,0.25,0.3453,14864.79,5133.0,0.287,1,0,0.28,1,1,Sari-Sari / Small Retail,Owned (Inherited/Tax Dec),Married,1,6.4,onboarding_risk,defaulted,0,0.6577
SURV-03278,24,7,0.2917,0.1426,21713.7,3096.43,0.301,1,0,0.212,1,0,Tricycle / PUV Operator,Rented (Apartment/House),Widowed,3,6.6,core_stability,defaulted,1,0.67
SURV-03279,12,9,0.75,0.326,42604.87,13887.46,0.437,2,1,0.244,0,1,BPO / Call Center Agent,Owned (Clean Title),Single,2,9.9,completion_phase,defaulted,0,0.7598
SURV-03280,24,5,0.2083,0.2493,19627.41,4893.82,0.426,4,1,0.188,1,1,Agri / Farmer / Fisherfolk,Living with Parents/Relatives,Married,1,8.3,core_stability,defaulted,0,0.7107
SURV-03281,36,13,0.3611,0.3089,18836.44,5818.5,0.479,2,0,0.278,0,0,Tricycle / PUV Operator,Owned (Inherited/Tax Dec),Widowed,2,4.3,option_window,defaulted,1,0.5714
SURV-03282,24,11,0.4583,0.1437,54599.07,7844.65,0.96,0,5,0.0,0,0,OFW Remittance / Dependent,Living with Parents/Relatives,Single,1,15.2,option_window,early_settled,3,0.7341
SURV-03283,24,10,0.4167,0.5614,15236.24,8553.9,0.356,1,0,0.184,0,0,Tricycle / PUV Operator,Owned (Inherited/Tax Dec),Married,2,7.3,core_stability,defaulted,1,0.5736
SURV-03284,24,2,0.0833,0.2476,29570.75,7320.42,0.464,3,0,0.3,0,0,Employed (Private/Gov),Living with Parents/Relatives,Married,2,4.3,onboarding_risk,defaulted,6,0.6993
SURV-03285,36,33,0.9167,0.1209,26530.62,3208.8,0.616,1,3,0.027,1,0,Agri / Farmer / Fisherfolk,Owned (Clean Title),Married,2,22.5,completion_phase,completed,3,0.7443
SURV-03286,24,10,0.4167,0.2666,24909.95,6640.19,0.652,1,0,0.007,0,0,OFW Remittance / Dependent,Owned (Clean Title),Widowed,2,9.8,core_stability,early_settled,2,0.7341
SURV-03287,24,3,0.125,0.2263,26744.92,6052.12,0.784,0,3,0.076,0,0,Public School Teacher,Owned (Inherited/Tax Dec),Single,2,6.0,onboarding_risk,defaulted,1,0.7494
SURV-03288,12,10,0.8333,0.3786,37634.11,14248.96,0.439,4,0,0.167,0,1,Public School Teacher,Owned (Inherited/Tax Dec),Single,2,9.0,completion_phase,defaulted,1,0.7916
SURV-03289,36,36,1.0,0.0877,44261.81,3881.94,0.966,0,6,0.0,0,0,Public School Teacher,Living with Parents/Relatives,Single,1,6.7,completion_phase,completed,0,0.7586
SURV-03290,24,1,0.0417,0.2223,20041.19,4455.14,0.704,0,2,0.118,0,0,Sari-Sari / Small Retail,Owned (Clean Title),Widowed,2,8.3,onboarding_risk,completed,23,0.6995
SURV-03291,36,29,0.8056,0.2334,16171.96,3775.26,0.641,1,0,0.114,0,0,Sari-Sari / Small Retail,Owned (Inherited/Tax Dec),Married,1,15.3,core_stability,completed,7,0.6786
SURV-03292,12,8,0.6667,0.4044,34815.77,14078.63,0.497,2,0,0.266,1,0,BPO / Call Center Agent,Rented (Apartment/House),Married,2,9.6,core_stability,completed,4,0.5795
SURV-03293,36,4,0.1111,0.2281,16705.91,3810.46,0.336,2,0,0.364,0,1,Tricycle / PUV Operator,Owned (Inherited/Tax Dec),Single,0,13.0,onboarding_risk,completed,32,0.633
SURV-03294,24,1,0.0417,0.085,50723.17,4309.02,0.86,0,1,0.0,0,0,Public School Teacher,Rented (Apartment/House),Widowed,0,7.0,onboarding_risk,completed,23,0.7701
SURV-03295,36,10,0.2778,0.1087,26953.3,2929.9,0.878,0,9,0.0,0,0,Employed (Private/Gov),Owned (Clean Title),Widowed,3,8.5,core_stability,completed,26,0.7478
SURV-03296,24,21,0.875,0.371,20669.69,7667.95,0.615,1,0,0.261,1,0,Agri / Farmer / Fisherfolk,Owned (Clean Title),Single,1,8.8,completion_phase,defaulted,1,0.5996
SURV-03297,24,2,0.0833,0.2408,25229.72,6075.1,0.614,0,2,0.109,0,0,BPO / Call Center Agent,Owned (Inherited/Tax Dec),Single,2,9.4,onboarding_risk,completed,22,0.7429
SURV-03298,12,5,0.4167,0.4539,29112.05,13212.71,0.479,2,1,0.175,0,0,Tricycle / PUV Operator,Rented (Apartment/House),Single,0,12.2,core_stability,defaulted,2,0.608
SURV-03299,36,17,0.4722,0.0666,38147.63,2541.0,0.815,0,2,0.114,0,0,Employed (Private/Gov),Rented (Apartment/House),Widowed,2,2.2,option_window,completed,19,0.6763
SURV-03300,24,1,0.0417,0.262,20291.52,5316.14,0.528,1,0,0.217,0,0,Sari-Sari / Small Retail,Rented (Apartment/House),Widowed,2,1.0,onboarding_risk,defaulted,6,0.6365
SURV-03301,12,12,1.0,0.1955,46775.9,9142.37,0.794,0,1,0.011,0,0,Public School Teacher,Living with Parents/Relatives,Married,3,7.9,completion_phase,completed,0,0.7088
SURV-03302,24,10,0.4167,0.276,29060.49,8020.46,0.826,0,0,0.021,0,0,Employed (Private/Gov),Owned (Clean Title),Married,2,6.6,core_stability,completed,14,0.665
SURV-03303,24,24,1.0,0.2254,26670.25,6011.35,0.326,4,0,0.291,1,0,Sari-Sari / Small Retail,Living with Parents/Relatives,Married,2,6.5,completion_phase,defaulted,0,0.6827
SURV-03304,12,7,0.5833,0.3236,16107.64,5212.46,0.31,3,0,0.444,0,0,Tricycle / PUV Operator,Rented (Apartment/House),Married,1,1.1,core_stability,defaulted,0,0.6397
SURV-03305,24,19,0.7917,0.0996,64996.98,6476.94,0.685,1,1,0.07,0,0,OFW Remittance / Dependent,Rented (Apartment/House),Married,2,2.5,core_stability,completed,5,0.7181
SURV-03306,24,22,0.9167,0.2153,29299.25,6307.96,0.293,2,0,0.385,0,0,Sari-Sari / Small Retail,Rented (Apartment/House),Married,2,3.8,completion_phase,defaulted,1,0.6287
SURV-03307,36,19,0.5278,0.1908,27742.73,5294.11,0.633,0,2,0.086,0,0,BPO / Call Center Agent,Owned (Clean Title),Married,2,8.3,option_window,defaulted,1,0.711
SURV-03308,24,17,0.7083,0.2772,21418.45,5936.17,0.523,3,1,0.309,0,0,Tricycle / PUV Operator,Living with Parents/Relatives,Married,2,5.8,core_stability,defaulted,0,0.6329
SURV-03309,24,12,0.5,0.1318,35715.32,4706.5,0.866,0,2,0.0,0,0,Public School Teacher,Living with Parents/Relatives,Widowed,0,11.0,option_window,completed,12,0.7301
SURV-03310,36,9,0.25,0.4021,13184.32,5301.03,0.292,2,1,0.199,1,1,Tricycle / PUV Operator,Owned (Inherited/Tax Dec),Married,1,2.8,core_stability,defaulted,1,0.5812
SURV-03311,24,21,0.875,0.2813,23883.92,6718.73,0.245,2,0,0.299,1,0,Tricycle / PUV Operator,Rented (Apartment/House),Widowed,0,7.9,completion_phase,defaulted,0,0.6104
SURV-03312,36,18,0.5,0.372,15798.81,5876.37,0.445,3,0,0.357,1,0,Tricycle / PUV Operator,Owned (Inherited/Tax Dec),Married,1,7.8,option_window,defaulted,1,0.626
SURV-03313,12,7,0.5833,0.6689,19502.38,13045.95,0.389,2,0,0.209,0,1,Tricycle / PUV Operator,Living with Parents/Relatives,Married,2,6.0,core_stability,defaulted,0,0.5443
SURV-03314,36,19,0.5278,0.1992,23679.67,4716.05,0.729,1,1,0.015,0,0,Tricycle / PUV Operator,Owned (Inherited/Tax Dec),Married,0,13.2,option_window,defaulted,1,0.6484
SURV-03315,24,15,0.625,0.3691,22950.5,8470.74,0.429,4,1,0.428,0,1,Tricycle / PUV Operator,Living with Parents/Relatives,Married,1,11.4,core_stability,defaulted,1,0.6177
SURV-03316,36,14,0.3889,0.3468,21305.11,7389.37,0.218,1,0,0.322,0,0,Employed (Private/Gov),Owned (Inherited/Tax Dec),Single,1,4.4,option_window,defaulted,0,0.5925
SURV-03317,24,11,0.4583,0.3061,20477.04,6267.28,0.351,2,1,0.416,0,0,Tricycle / PUV Operator,Rented (Apartment/House),Married,1,17.0,option_window,defaulted,1,0.5851
SURV-03318,24,4,0.1667,0.1119,35581.52,3981.84,0.957,0,4,0.0,0,0,Public School Teacher,Owned (Clean Title),Married,2,2.4,onboarding_risk,completed,20,0.727
SURV-03319,36,32,0.8889,0.1169,49007.79,5728.57,0.928,0,1,0.0,0,0,Employed (Private/Gov),Owned (Inherited/Tax Dec),Single,3,24.0,core_stability,completed,4,0.7801
SURV-03320,24,18,0.75,0.1795,35088.58,6297.95,0.694,0,2,0.096,0,0,Public School Teacher,Rented (Apartment/House),Married,1,6.4,core_stability,completed,6,0.7105
SURV-03321,12,5,0.4167,0.1531,39224.07,6005.06,0.614,1,2,0.087,0,0,Employed (Private/Gov),Living with Parents/Relatives,Married,3,12.9,core_stability,defaulted,0,0.7516
SURV-03322,24,23,0.9583,0.1651,40874.4,6749.81,0.843,1,3,0.065,0,0,Public School Teacher,Living with Parents/Relatives,Single,1,4.5,completion_phase,completed,1,0.687
SURV-03323,24,10,0.4167,0.1397,30858.89,4309.72,0.902,0,10,0.0,0,0,BPO / Call Center Agent,Owned (Inherited/Tax Dec),Widowed,0,12.0,core_stability,completed,14,0.7234
SURV-03324,12,5,0.4167,0.3839,35915.08,13788.98,0.298,2,0,0.239,0,0,BPO / Call Center Agent,Owned (Clean Title),Widowed,2,6.6,core_stability,defaulted,1,0.7026
SURV-03325,36,8,0.2222,0.4467,14058.45,6279.42,0.329,2,1,0.279,1,0,Tricycle / PUV Operator,Owned (Inherited/Tax Dec),Single,4,22.1,core_stability,completed,28,0.5581
SURV-03326,24,17,0.7083,0.1077,35380.04,3809.42,0.965,0,10,0.0,0,0,OFW Remittance / Dependent,Owned (Inherited/Tax Dec),Single,1,3.0,core_stability,completed,7,0.7386
SURV-03327,24,5,0.2083,0.2739,21855.91,5986.32,0.589,2,0,0.41,1,0,Employed (Private/Gov),Living with Parents/Relatives,Single,3,5.1,core_stability,defaulted,2,0.6998
SURV-03328,36,32,0.8889,0.0454,59117.21,2684.5,0.891,0,8,0.0,0,0,OFW Remittance / Dependent,Owned (Clean Title),Married,3,12.7,core_stability,completed,4,0.7568
SURV-03329,36,28,0.7778,0.1981,23706.98,4695.45,0.621,1,2,0.098,0,0,Tricycle / PUV Operator,Owned (Inherited/Tax Dec),Married,1,5.1,core_stability,completed,8,0.6619
SURV-03330,36,14,0.3889,0.222,24282.3,5391.56,0.233,1,0,0.324,0,1,Sari-Sari / Small Retail,Living with Parents/Relatives,Widowed,2,7.5,option_window,defaulted,0,0.6936
SURV-03331,36,35,0.9722,0.0727,40498.99,2944.71,0.943,0,6,0.0,0,0,Employed (Private/Gov),Living with Parents/Relatives,Married,2,9.0,completion_phase,defaulted,1,0.6955
SURV-03332,12,7,0.5833,0.7256,12372.03,8976.81,0.524,2,0,0.37,0,0,Agri / Farmer / Fisherfolk,Owned (Clean Title),Married,0,2.7,core_stability,defaulted,0,0.5706
SURV-03333,36,35,0.9722,0.3616,15986.88,5781.17,0.231,3,0,0.403,1,1,Agri / Farmer / Fisherfolk,Rented (Apartment/House),Married,1,4.8,completion_phase,defaulted,0,0.5315
SURV-03334,36,6,0.1667,0.2244,27160.94,6095.83,0.263,1,0,0.244,1,0,Tricycle / PUV Operator,Owned (Clean Title),Married,0,6.2,core_stability,defaulted,3,0.6489
SURV-03335,24,3,0.125,0.3124,27078.73,8459.38,0.205,2,0,0.45,0,1,BPO / Call Center Agent,Rented (Apartment/House),Married,2,7.6,onboarding_risk,defaulted,4,0.6478
SURV-03336,12,9,0.75,0.4899,24693.0,12096.47,0.337,4,1,0.365,0,0,Sari-Sari / Small Retail,Rented (Apartment/House),Married,1,2.6,completion_phase,defaulted,0,0.5594
SURV-03337,24,3,0.125,0.5556,15510.61,8617.98,0.461,2,0,0.245,0,0,Tricycle / PUV Operator,Owned (Inherited/Tax Dec),Married,2,4.4,onboarding_risk,defaulted,2,0.5406
SURV-03338,36,4,0.1111,0.105,43426.33,4561.72,0.983,0,4,0.0,0,0,Public School Teacher,Owned (Inherited/Tax Dec),Widowed,3,1.0,onboarding_risk,completed,32,0.7092
SURV-03339,36,9,0.25,0.1889,21111.22,3987.65,0.38,1,0,0.377,0,0,Agri / Farmer / Fisherfolk,Owned (Inherited/Tax Dec),Widowed,1,3.6,core_stability,defaulted,0,0.6174
SURV-03340,12,12,1.0,0.5281,22200.66,11725.23,0.626,3,0,0.39,1,0,Sari-Sari / Small Retail,Living with Parents/Relatives,Married,3,12.1,completion_phase,defaulted,0,0.5781
SURV-03341,24,13,0.5417,0.3043,17517.82,5329.8,0.325,4,0,0.27,1,1,Public School Teacher,Owned (Clean Title),Married,0,4.2,option_window,defaulted,0,0.6862
SURV-03342,12,8,0.6667,0.3259,34375.33,11202.17,0.326,1,0,0.366,0,0,BPO / Call Center Agent,Living with Parents/Relatives,Widowed,2,12.3,core_stability,defaulted,0,0.7221
SURV-03343,24,6,0.25,0.4441,18470.78,8202.38,0.286,3,1,0.311,0,0,Tricycle / PUV Operator,Owned (Inherited/Tax Dec),Married,2,8.8,core_stability,defaulted,0,0.6385
SURV-03344,12,8,0.6667,0.4479,27412.02,12277.43,0.426,3,0,0.207,0,0,Agri / Farmer / Fisherfolk,Rented (Apartment/House),Married,1,26.0,core_stability,defaulted,0,0.5831
SURV-03345,12,6,0.5,0.357,20588.09,7349.62,0.22,2,1,0.296,1,1,Tricycle / PUV Operator,Owned (Clean Title),Widowed,1,7.2,core_stability,defaulted,1,0.6362
SURV-03346,12,4,0.3333,0.2871,45426.13,13040.89,0.597,1,0,0.352,1,0,Employed (Private/Gov),Owned (Inherited/Tax Dec),Married,1,4.9,onboarding_risk,defaulted,3,0.6917
SURV-03347,24,9,0.375,0.4042,22254.34,8995.77,0.253,4,0,0.329,0,0,Tricycle / PUV Operator,Owned (Clean Title),Single,3,5.3,core_stability,defaulted,0,0.5845
SURV-03348,36,32,0.8889,0.0725,32699.4,2372.11,0.886,0,5,0.0,0,0,BPO / Call Center Agent,Owned (Clean Title),Single,2,4.3,core_stability,completed,4,0.6797
SURV-03349,12,9,0.75,0.635,22463.77,14263.41,0.428,1,0,0.355,1,1,Sari-Sari / Small Retail,Owned (Clean Title),Widowed,2,9.5,completion_phase,defaulted,0,0.5341
SURV-03350,12,6,0.5,0.317,42667.25,13523.61,0.352,4,0,0.437,0,0,Employed (Private/Gov),Rented (Apartment/House),Married,0,3.8,core_stability,defaulted,1,0.6539
SURV-03351,12,9,0.75,0.0907,53883.88,4885.57,0.911,0,7,0.0,0,0,OFW Remittance / Dependent,Owned (Clean Title),Single,0,4.6,completion_phase,early_settled,2,0.8138
SURV-03352,36,19,0.5278,0.1207,21120.57,2549.36,0.833,0,2,0.092,0,0,Sari-Sari / Small Retail,Owned (Inherited/Tax Dec),Married,1,11.1,option_window,completed,17,0.7352
SURV-03353,36,32,0.8889,0.1999,25201.27,5037.59,0.633,2,0,0.216,1,1,Tricycle / PUV Operator,Rented (Apartment/House),Single,2,5.1,core_stability,defaulted,0,0.6312
SURV-03354,36,5,0.1389,0.0931,33877.55,3153.1,0.937,0,5,0.0,0,0,Public School Teacher,Owned (Inherited/Tax Dec),Single,3,9.7,core_stability,early_settled,10,0.736
SURV-03355,24,1,0.0417,0.2806,16497.29,4629.27,0.564,2,1,0.403,1,1,Sari-Sari / Small Retail,Owned (Inherited/Tax Dec),Married,3,4.2,onboarding_risk,defaulted,7,0.6797
SURV-03356,36,33,0.9167,0.0657,32534.74,2138.31,0.911,0,9,0.0,0,0,OFW Remittance / Dependent,Owned (Clean Title),Single,1,3.8,completion_phase,early_settled,0,0.7089
SURV-03357,12,12,1.0,0.21,45362.88,9527.17,0.779,0,1,0.04,0,0,OFW Remittance / Dependent,Living with Parents/Relatives,Widowed,3,8.9,completion_phase,completed,0,0.7185
SURV-03358,12,2,0.1667,0.1607,43763.58,7033.01,0.634,1,3,0.089,0,0,Employed (Private/Gov),Rented (Apartment/House),Married,2,7.5,onboarding_risk,completed,10,0.7299
SURV-03359,24,11,0.4583,0.1512,31598.13,4776.98,0.683,1,2,0.128,0,0,Public School Teacher,Rented (Apartment/House),Widowed,1,12.0,option_window,defaulted,1,0.745
SURV-03360,24,17,0.7083,0.4839,16938.16,8196.69,0.602,2,0,0.362,0,1,Tricycle / PUV Operator,Owned (Clean Title),Married,3,10.2,core_stability,defaulted,0,0.5795
SURV-03361,36,1,0.0278,0.4038,16905.45,6827.05,0.272,3,0,0.152,1,0,Agri / Farmer / Fisherfolk,Living with Parents/Relatives,Single,0,2.7,onboarding_risk,defaulted,4,0.5389
SURV-03362,36,12,0.3333,0.3586,15241.73,5466.19,0.467,4,0,0.369,0,0,Tricycle / PUV Operator,Owned (Inherited/Tax Dec),Married,2,1.4,option_window,defaulted,1,0.5983
SURV-03363,36,7,0.1944,0.1699,29181.36,4957.99,0.718,1,3,0.129,0,0,Sari-Sari / Small Retail,Owned (Inherited/Tax Dec),Married,2,1.6,core_stability,completed,29,0.6849
SURV-03364,12,3,0.25,0.3608,37210.04,13425.85,0.611,1,1,0.285,0,0,BPO / Call Center Agent,Rented (Apartment/House),Married,1,1.4,onboarding_risk,early_settled,8,0.5899
SURV-03365,36,8,0.2222,0.149,43186.33,6433.64,0.987,0,1,0.0,0,0,Public School Teacher,Living with Parents/Relatives,Widowed,1,6.1,core_stability,early_settled,11,0.7332
SURV-03366,12,12,1.0,0.345,25245.65,8710.6,0.535,4,1,0.348,1,0,Sari-Sari / Small Retail,Owned (Inherited/Tax Dec),Widowed,2,7.8,completion_phase,early_settled,0,0.6509
SURV-03367,12,4,0.3333,0.2446,32311.86,7904.88,0.6,0,0,0.064,1,0,Employed (Private/Gov),Owned (Inherited/Tax Dec),Widowed,0,8.7,onboarding_risk,completed,8,0.717
SURV-03368,24,23,0.9583,0.1668,27918.69,4657.26,0.434,1,0,0.404,0,1,Tricycle / PUV Operator,Living with Parents/Relatives,Single,0,5.9,completion_phase,defaulted,1,0.679
SURV-03369,24,3,0.125,0.2781,20929.73,5819.99,0.546,2,0,0.381,0,0,Sari-Sari / Small Retail,Living with Parents/Relatives,Married,2,5.3,onboarding_risk,defaulted,3,0.6457
SURV-03370,12,9,0.75,0.1476,34711.9,5122.45,0.906,0,5,0.0,0,0,Public School Teacher,Living with Parents/Relatives,Single,1,8.4,completion_phase,early_settled,3,0.8373
SURV-03371,36,1,0.0278,0.2081,27873.77,5801.31,0.682,0,1,0.103,1,0,Public School Teacher,Living with Parents/Relatives,Widowed,0,9.5,onboarding_risk,completed,35,0.7587
SURV-03372,24,7,0.2917,0.231,24808.9,5730.48,0.769,1,2,0.018,0,0,BPO / Call Center Agent,Owned (Clean Title),Widowed,2,6.2,core_stability,defaulted,0,0.7358
SURV-03373,24,14,0.5833,0.3318,15442.19,5123.61,0.388,3,0,0.335,0,0,Agri / Farmer / Fisherfolk,Owned (Clean Title),Married,2,3.9,core_stability,defaulted,0,0.6037
SURV-03374,12,9,0.75,0.2446,26774.87,6547.83,0.454,2,0,0.296,0,1,Tricycle / PUV Operator,Owned (Clean Title),Single,0,6.9,completion_phase,early_settled,1,0.683
SURV-03375,24,8,0.3333,0.2997,30217.29,9057.58,0.412,3,1,0.252,0,1,BPO / Call Center Agent,Owned (Clean Title),Widowed,3,7.5,core_stability,defaulted,0,0.6757
SURV-03376,36,24,0.6667,0.2362,22317.22,5271.47,0.339,4,1,0.379,0,0,Sari-Sari / Small Retail,Rented (Apartment/House),Married,0,1.4,option_window,defaulted,1,0.5288
SURV-03377,12,10,0.8333,0.9108,12000.0,10929.72,0.496,4,0,0.426,1,1,Agri / Farmer / Fisherfolk,Owned (Clean Title),Married,1,13.3,completion_phase,defaulted,1,0.5754
SURV-03378,24,2,0.0833,0.1277,32889.65,4201.25,0.901,0,1,0.0,0,0,Public School Teacher,Owned (Clean Title),Married,3,14.5,onboarding_risk,completed,22,0.8174
SURV-03379,36,34,0.9444,0.0697,46788.69,3259.08,0.972,0,7,0.0,0,0,Employed (Private/Gov),Owned (Inherited/Tax Dec),Married,2,6.2,completion_phase,completed,2,0.7026
SURV-03380,24,24,1.0,0.1925,23475.34,4519.95,0.381,4,1,0.306,0,0,Tricycle / PUV Operator,Living with Parents/Relatives,Married,4,4.5,completion_phase,defaulted,0,0.6781
SURV-03381,36,20,0.5556,0.0543,47324.24,2567.8,0.908,0,8,0.0,0,0,OFW Remittance / Dependent,Owned (Clean Title),Widowed,3,2.8,option_window,completed,16,0.7039
SURV-03382,24,21,0.875,0.1502,38054.66,5714.56,0.851,0,9,0.0,0,0,OFW Remittance / Dependent,Living with Parents/Relatives,Widowed,2,9.0,completion_phase,completed,3,0.7712
SURV-03383,12,10,0.8333,0.6658,19442.21,12945.02,0.465,3,0,0.228,1,0,Sari-Sari / Small Retail,Rented (Apartment/House),Single,3,3.2,completion_phase,completed,2,0.552
SURV-03384,24,12,0.5,0.0976,31568.73,3080.93,0.859,0,5,0.0,0,0,BPO / Call Center Agent,Owned (Inherited/Tax Dec),Single,0,9.6,option_window,completed,12,0.8184
SURV-03385,24,10,0.4167,0.2805,28017.53,7857.62,0.485,1,0,0.278,0,0,Agri / Farmer / Fisherfolk,Living with Parents/Relatives,Single,1,6.6,core_stability,defaulted,0,0.6674
SURV-03386,36,13,0.3611,0.0867,39551.3,3428.64,0.934,0,11,0.0,0,0,Employed (Private/Gov),Owned (Clean Title),Single,1,6.4,option_window,completed,23,0.6796
SURV-03387,12,4,0.3333,0.3129,25890.99,8101.46,0.505,3,0,0.414,1,0,Tricycle / PUV Operator,Owned (Inherited/Tax Dec),Married,0,8.2,onboarding_risk,defaulted,0,0.6381
SURV-03388,36,34,0.9444,0.0813,33015.78,2683.69,0.987,0,8,0.0,0,0,Sari-Sari / Small Retail,Owned (Clean Title),Widowed,0,12.1,completion_phase,defaulted,1,0.6992
SURV-03389,12,1,0.0833,0.2129,39117.17,8330.0,0.726,0,3,0.041,0,0,Public School Teacher,Rented (Apartment/House),Single,1,16.3,onboarding_risk,completed,11,0.6944
SURV-03390,12,4,0.3333,0.565,17055.59,9636.95,0.504,4,0,0.266,0,1,Agri / Farmer / Fisherfolk,Owned (Inherited/Tax Dec),Single,1,8.8,onboarding_risk,defaulted,2,0.5813
SURV-03391,24,19,0.7917,0.0702,42411.88,2978.92,0.943,0,7,0.0,0,0,Public School Teacher,Rented (Apartment/House),Widowed,0,6.5,core_stability,completed,5,0.7935
SURV-03392,12,8,0.6667,0.4333,31092.35,13473.57,0.331,3,0,0.412,0,0,BPO / Call Center Agent,Rented (Apartment/House),Single,2,4.3,core_stability,defaulted,1,0.5913
SURV-03393,24,3,0.125,0.123,48258.9,5934.11,0.852,0,1,0.0,0,0,Public School Teacher,Rented (Apartment/House),Married,1,5.3,onboarding_risk,early_settled,8,0.7439
SURV-03394,24,6,0.25,0.2059,32101.41,6609.13,0.802,0,0,0.054,0,0,Public School Teacher,Living with Parents/Relatives,Married,2,1.3,core_stability,completed,18,0.7169
SURV-03395,12,6,0.5,0.4083,23541.88,9613.27,0.245,1,1,0.29,0,0,Tricycle / PUV Operator,Rented (Apartment/House),Married,2,5.9,core_stability,defaulted,0,0.5814
SURV-03396,24,20,0.8333,0.1241,50231.73,6233.18,0.746,1,1,0.128,0,0,OFW Remittance / Dependent,Living with Parents/Relatives,Married,1,4.3,core_stability,completed,4,0.7582
SURV-03397,36,34,0.9444,0.1318,28815.48,3798.97,0.694,0,3,0.052,0,0,Sari-Sari / Small Retail,Owned (Inherited/Tax Dec),Married,4,3.2,completion_phase,early_settled,0,0.6259
SURV-03398,24,7,0.2917,0.0662,49838.89,3300.08,0.934,0,2,0.0,0,0,OFW Remittance / Dependent,Owned (Inherited/Tax Dec),Married,2,6.6,core_stability,completed,17,0.7521
SURV-03399,24,11,0.4583,0.4027,18265.87,7356.06,0.396,4,0,0.282,1,1,Agri / Farmer / Fisherfolk,Owned (Inherited/Tax Dec),Married,1,5.3,option_window,defaulted,0,0.5495
SURV-03400,12,11,0.9167,0.9078,12000.0,10894.17,0.632,3,0,0.355,0,0,Agri / Farmer / Fisherfolk,Living with Parents/Relatives,Married,2,6.0,completion_phase,defaulted,0,0.5734
SURV-03401,24,7,0.2917,0.1391,64741.14,9007.92,0.627,1,2,0.073,0,0,OFW Remittance / Dependent,Rented (Apartment/House),Single,2,2.8,core_stability,completed,17,0.6436
SURV-03402,36,25,0.6944,0.0766,36582.65,2801.16,0.966,0,5,0.0,0,0,Public School Teacher,Living with Parents/Relatives,Widowed,1,4.4,option_window,completed,11,0.7555
SURV-03403,36,18,0.5,0.0916,27150.93,2486.0,0.891,0,7,0.0,0,0,BPO / Call Center Agent,Living with Parents/Relatives,Widowed,1,8.4,option_window,completed,18,0.7295
SURV-03404,24,3,0.125,0.241,20881.03,5031.4,0.616,0,3,0.071,0,0,BPO / Call Center Agent,Owned (Inherited/Tax Dec),Married,1,6.7,onboarding_risk,completed,21,0.6996
SURV-03405,12,8,0.6667,0.1809,39695.04,7180.61,0.752,0,3,0.004,0,0,BPO / Call Center Agent,Owned (Inherited/Tax Dec),Married,0,5.3,core_stability,completed,4,0.8209
SURV-03406,36,18,0.5,0.2745,20929.42,5745.63,0.42,4,0,0.3,1,0,BPO / Call Center Agent,Living with Parents/Relatives,Widowed,0,6.3,option_window,defaulted,0,0.6285
SURV-03407,24,4,0.1667,0.2486,27181.46,6758.38,0.672,1,0,0.088,0,0,BPO / Call Center Agent,Owned (Inherited/Tax Dec),Married,0,18.9,onboarding_risk,defaulted,2,0.6906
SURV-03408,36,18,0.5,0.1504,43368.14,6520.92,0.982,0,2,0.0,0,0,Public School Teacher,Living with Parents/Relatives,Married,2,5.4,option_window,completed,18,0.7004
SURV-03409,12,10,0.8333,0.1821,36172.18,6585.61,0.705,0,2,0.043,0,0,Employed (Private/Gov),Owned (Inherited/Tax Dec),Married,1,4.8,completion_phase,defaulted,1,0.675
SURV-03410,24,1,0.0417,0.2816,24726.55,6962.91,0.788,0,1,0.082,0,0,BPO / Call Center Agent,Owned (Inherited/Tax Dec),Single,2,6.3,onboarding_risk,completed,23,0.7014
SURV-03411,12,7,0.5833,0.3607,17633.73,6360.46,0.641,3,0,0.404,0,0,Sari-Sari / Small Retail,Owned (Clean Title),Married,0,8.2,core_stability,defaulted,0,0.6326
SURV-03412,12,9,0.75,0.2479,44231.37,10964.12,0.743,0,3,0.038,0,0,Public School Teacher,Rented (Apartment/House),Married,0,9.0,completion_phase,completed,3,0.737
SURV-03413,36,4,0.1111,0.112,41503.62,4647.07,0.807,1,1,0.102,0,0,OFW Remittance / Dependent,Rented (Apartment/House),Married,0,6.5,onboarding_risk,completed,32,0.6946
SURV-03414,36,14,0.3889,0.1397,22124.14,3089.9,0.802,0,0,0.116,1,0,BPO / Call Center Agent,Owned (Inherited/Tax Dec),Widowed,3,6.7,option_window,completed,22,0.7672
SURV-03415,36,34,0.9444,0.2432,27290.1,6637.93,0.204,2,0,0.184,0,0,Tricycle / PUV Operator,Owned (Clean Title),Married,3,8.0,completion_phase,defaulted,1,0.6207
SURV-03416,36,6,0.1667,0.3484,15839.06,5518.18,0.547,2,0,0.327,0,0,Agri / Farmer / Fisherfolk,Living with Parents/Relatives,Married,2,9.2,core_stability,defaulted,3,0.5052
SURV-03417,36,14,0.3889,0.2217,32010.38,7095.18,0.835,1,1,0.064,0,0,Employed (Private/Gov),Owned (Inherited/Tax Dec),Married,0,9.1,option_window,completed,22,0.6313
SURV-03418,36,33,0.9167,0.1498,19145.08,2867.51,0.561,4,1,0.321,1,1,Tricycle / PUV Operator,Rented (Apartment/House),Single,0,10.7,completion_phase,defaulted,1,0.6133
SURV-03419,24,5,0.2083,0.3048,16960.09,5169.81,0.238,2,0,0.353,1,0,Tricycle / PUV Operator,Rented (Apartment/House),Widowed,1,3.0,core_stability,defaulted,3,0.566
SURV-03420,36,3,0.0833,0.3035,18134.35,5502.9,0.237,1,1,0.204,0,0,Tricycle / PUV Operator,Owned (Inherited/Tax Dec),Married,2,13.3,onboarding_risk,defaulted,4,0.623
SURV-03421,24,3,0.125,0.2912,26001.13,7570.57,0.648,1,1,0.016,0,0,Employed (Private/Gov),Owned (Inherited/Tax Dec),Single,2,5.2,onboarding_risk,defaulted,0,0.7013
SURV-03422,36,17,0.4722,0.2087,30662.01,6398.44,0.785,0,1,0.05,0,0,Public School Teacher,Owned (Inherited/Tax Dec),Married,2,4.7,option_window,early_settled,9,0.6418
SURV-03423,12,11,0.9167,0.3293,38971.55,12833.38,0.477,2,1,0.362,0,1,Employed (Private/Gov),Owned (Inherited/Tax Dec),Married,3,6.4,completion_phase,defaulted,1,0.7258
SURV-03424,24,15,0.625,0.3432,18977.56,6512.96,0.31,2,0,0.347,1,1,OFW Remittance / Dependent,Living with Parents/Relatives,Single,2,3.5,core_stability,defaulted,0,0.636
SURV-03425,12,6,0.5,0.8577,16792.53,14403.44,0.302,2,0,0.385,0,0,Agri / Farmer / Fisherfolk,Owned (Clean Title),Married,0,4.1,core_stability,defaulted,0,0.6026
SURV-03426,24,8,0.3333,0.2059,29450.92,6062.9,0.525,2,0,0.405,1,0,Agri / Farmer / Fisherfolk,Owned (Clean Title),Widowed,4,8.4,core_stability,defaulted,1,0.5982
SURV-03427,12,1,0.0833,0.3859,14856.76,5733.79,0.447,1,0,0.331,1,0,Tricycle / PUV Operator,Rented (Apartment/House),Married,3,6.0,onboarding_risk,defaulted,1,0.6196
SURV-03428,36,19,0.5278,0.1088,25657.19,2792.64,0.803,0,0,0.12,0,0,BPO / Call Center Agent,Rented (Apartment/House),Married,3,6.1,option_window,early_settled,5,0.6771
SURV-03429,36,34,0.9444,0.1107,35742.88,3955.04,0.864,0,1,0.0,0,0,Employed (Private/Gov),Owned (Clean Title),Single,3,7.0,completion_phase,completed,2,0.7046
SURV-03430,24,12,0.5,0.3956,16279.28,6439.43,0.541,3,0,0.385,1,0,Employed (Private/Gov),Living with Parents/Relatives,Widowed,1,15.0,option_window,defaulted,0,0.669
SURV-03431,24,3,0.125,0.1495,44724.34,6686.86,0.734,1,1,0.033,0,0,OFW Remittance / Dependent,Owned (Clean Title),Married,4,2.5,onboarding_risk,defaulted,1,0.6761
SURV-03432,36,3,0.0833,0.0658,39231.12,2580.73,0.969,0,1,0.0,0,0,Public School Teacher,Living with Parents/Relatives,Single,3,2.9,onboarding_risk,completed,33,0.7666
SURV-03433,12,4,0.3333,0.2,42492.27,8497.8,0.678,0,3,0.056,0,0,BPO / Call Center Agent,Living with Parents/Relatives,Married,3,5.5,onboarding_risk,defaulted,0,0.7508
SURV-03434,36,22,0.6111,0.1624,15185.35,2465.48,0.245,4,0,0.311,0,0,Agri / Farmer / Fisherfolk,Living with Parents/Relatives,Single,2,4.4,option_window,defaulted,1,0.685
SURV-03435,24,20,0.8333,0.2415,34356.22,8298.45,0.844,0,3,0.134,0,0,BPO / Call Center Agent,Living with Parents/Relatives,Married,1,7.1,core_stability,completed,4,0.7147
SURV-03436,12,4,0.3333,0.2779,30684.47,8525.68,0.613,4,1,0.227,0,0,BPO / Call Center Agent,Living with Parents/Relatives,Widowed,0,3.7,onboarding_risk,defaulted,2,0.7159
SURV-03437,36,36,1.0,0.1687,21090.88,3557.73,0.426,4,1,0.292,0,0,Tricycle / PUV Operator,Rented (Apartment/House),Married,1,2.6,completion_phase,completed,0,0.6011
SURV-03438,36,8,0.2222,0.1246,22809.92,2841.83,0.621,2,0,0.38,0,0,Sari-Sari / Small Retail,Rented (Apartment/House),Single,4,3.3,core_stability,defaulted,0,0.6435
SURV-03439,12,11,0.9167,0.5885,12000.0,7062.37,0.493,3,1,0.43,0,0,Agri / Farmer / Fisherfolk,Owned (Clean Title),Single,0,11.4,completion_phase,defaulted,1,0.5561
SURV-03440,36,23,0.6389,0.0684,31510.16,2155.75,0.648,0,1,0.115,0,0,BPO / Call Center Agent,Rented (Apartment/House),Widowed,0,2.4,option_window,early_settled,0,0.6925
SURV-03441,36,29,0.8056,0.1343,49113.41,6595.15,0.616,1,1,0.124,1,0,OFW Remittance / Dependent,Rented (Apartment/House),Married,1,4.0,core_stability,defaulted,1,0.6489
SURV-03442,36,33,0.9167,0.0963,21638.26,2084.47,0.654,1,3,0.09,0,0,Sari-Sari / Small Retail,Living with Parents/Relatives,Married,3,6.3,completion_phase,defaulted,1,0.6908
SURV-03443,36,8,0.2222,0.346,14005.5,4845.77,0.615,1,0,0.359,0,0,Employed (Private/Gov),Living with Parents/Relatives,Single,1,22.3,core_stability,defaulted,0,0.6305
SURV-03444,24,21,0.875,0.1432,59958.74,8586.54,0.999,0,10,0.0,0,0,OFW Remittance / Dependent,Owned (Inherited/Tax Dec),Married,1,6.8,completion_phase,completed,3,0.74
SURV-03445,36,1,0.0278,0.3439,13882.61,4774.26,0.491,2,0,0.238,0,0,Agri / Farmer / Fisherfolk,Living with Parents/Relatives,Widowed,0,3.8,onboarding_risk,defaulted,1,0.5568
SURV-03446,24,17,0.7083,0.0952,34300.18,3266.4,0.894,0,10,0.0,0,0,Employed (Private/Gov),Owned (Clean Title),Widowed,3,5.8,core_stability,early_settled,0,0.7624
SURV-03447,24,2,0.0833,0.2195,17436.04,3826.59,0.207,3,1,0.158,1,0,Tricycle / PUV Operator,Owned (Clean Title),Single,4,14.2,onboarding_risk,defaulted,0,0.6329
SURV-03448,36,2,0.0556,0.181,30798.35,5573.3,0.975,0,2,0.0,0,0,OFW Remittance / Dependent,Owned (Inherited/Tax Dec),Married,2,10.1,onboarding_risk,completed,34,0.7507
SURV-03449,12,3,0.25,0.5737,22503.0,12909.41,0.288,1,1,0.168,0,0,Sari-Sari / Small Retail,Owned (Clean Title),Single,1,11.0,onboarding_risk,defaulted,0,0.61
SURV-03450,24,5,0.2083,0.0659,52872.51,3485.43,0.911,0,2,0.0,0,0,Public School Teacher,Owned (Inherited/Tax Dec),Single,2,6.9,core_stability,completed,19,0.8129
SURV-03451,12,12,1.0,0.254,21703.17,5512.77,0.207,4,0,0.443,0,0,Tricycle / PUV Operator,Owned (Clean Title),Married,0,3.8,completion_phase,defaulted,0,0.6823
SURV-03452,12,6,0.5,0.2029,66113.37,13411.66,0.837,0,3,0.122,0,0,OFW Remittance / Dependent,Owned (Inherited/Tax Dec),Married,0,7.4,core_stability,completed,6,0.8129
SURV-03453,24,7,0.2917,0.0823,56043.96,4614.21,0.926,0,4,0.0,0,0,OFW Remittance / Dependent,Owned (Inherited/Tax Dec),Single,1,1.9,core_stability,completed,17,0.7725
SURV-03454,24,20,0.8333,0.0535,59472.59,3181.71,0.869,0,10,0.0,0,0,OFW Remittance / Dependent,Rented (Apartment/House),Married,2,7.1,core_stability,early_settled,0,0.7318
SURV-03455,36,13,0.3611,0.1573,27207.4,4278.81,0.283,4,0,0.212,0,0,Sari-Sari / Small Retail,Rented (Apartment/House),Married,1,2.0,option_window,defaulted,1,0.5846
SURV-03456,36,36,1.0,0.2672,17963.57,4799.54,0.502,3,0,0.324,0,0,Tricycle / PUV Operator,Rented (Apartment/House),Widowed,1,6.9,completion_phase,defaulted,0,0.6058
SURV-03457,12,10,0.8333,0.3875,32880.99,12740.33,0.329,2,1,0.213,0,0,Sari-Sari / Small Retail,Owned (Clean Title),Married,0,3.9,completion_phase,completed,2,0.6419
SURV-03458,24,1,0.0417,0.3241,21302.88,6904.6,0.396,2,1,0.388,0,1,Agri / Farmer / Fisherfolk,Living with Parents/Relatives,Single,1,9.3,onboarding_risk,defaulted,5,0.687
SURV-03459,36,17,0.4722,0.097,31723.62,3076.67,0.624,0,1,0.008,0,0,BPO / Call Center Agent,Rented (Apartment/House),Married,3,2.4,option_window,defaulted,1,0.6765
SURV-03460,36,8,0.2222,0.134,31419.38,4208.9,0.713,1,2,0.062,0,0,BPO / Call Center Agent,Rented (Apartment/House),Married,3,10.0,core_stability,completed,28,0.6695
SURV-03461,36,29,0.8056,0.1006,41542.63,4181.05,0.861,0,5,0.0,0,0,Public School Teacher,Living with Parents/Relatives,Married,1,4.0,core_stability,completed,7,0.702
SURV-03462,12,9,0.75,0.3628,22698.52,8234.09,0.447,2,0,0.164,1,0,Agri / Farmer / Fisherfolk,Rented (Apartment/House),Widowed,1,5.2,completion_phase,completed,3,0.6271
SURV-03463,36,13,0.3611,0.1397,42937.53,5996.92,0.948,0,10,0.0,0,0,OFW Remittance / Dependent,Owned (Clean Title),Married,1,6.7,option_window,completed,23,0.7935
SURV-03464,24,1,0.0417,0.3141,17820.03,5597.57,0.476,1,0,0.204,0,0,Tricycle / PUV Operator,Living with Parents/Relatives,Single,2,6.1,onboarding_risk,defaulted,5,0.7019
SURV-03465,24,11,0.4583,0.2006,37836.58,7590.99,0.838,1,1,0.095,0,0,Employed (Private/Gov),Living with Parents/Relatives,Married,2,3.0,option_window,completed,13,0.6701
SURV-03466,36,21,0.5833,0.1913,34559.87,6610.86,0.668,1,3,0.072,0,0,BPO / Call Center Agent,Owned (Inherited/Tax Dec),Married,0,5.9,option_window,defaulted,1,0.6938
SURV-03467,12,10,0.8333,0.3549,26908.95,9550.1,0.517,2,0,0.278,0,0,Agri / Farmer / Fisherfolk,Owned (Clean Title),Widowed,0,13.2,completion_phase,defaulted,1,0.6431
SURV-03468,12,10,0.8333,0.2947,40540.04,11947.78,0.64,0,0,0.042,0,0,Public School Teacher,Owned (Clean Title),Married,1,14.1,completion_phase,completed,2,0.7384
SURV-03469,12,10,0.8333,0.3605,24861.44,8962.11,0.519,3,0,0.322,0,0,Employed (Private/Gov),Living with Parents/Relatives,Married,4,11.6,completion_phase,defaulted,0,0.6766
SURV-03470,12,2,0.1667,1.0946,12000.0,13135.45,0.305,4,1,0.336,0,1,Agri / Farmer / Fisherfolk,Rented (Apartment/House),Widowed,3,8.0,onboarding_risk,defaulted,2,0.6136
SURV-03471,12,4,0.3333,0.261,20642.16,5386.66,0.42,4,1,0.279,0,0,Tricycle / PUV Operator,Living with Parents/Relatives,Married,2,10.4,onboarding_risk,defaulted,1,0.636
SURV-03472,36,23,0.6389,0.1558,19088.5,2973.67,0.718,1,1,0.146,0,0,Tricycle / PUV Operator,Living with Parents/Relatives,Married,1,6.6,option_window,completed,13,0.6242
SURV-03473,24,21,0.875,0.0935,34681.9,3242.98,0.682,0,3,0.119,0,0,Sari-Sari / Small Retail,Owned (Inherited/Tax Dec),Married,1,3.0,completion_phase,defaulted,1,0.7106
SURV-03474,12,7,0.5833,0.1668,55430.84,9248.53,0.823,1,1,0.115,0,0,OFW Remittance / Dependent,Rented (Apartment/House),Widowed,2,10.2,core_stability,completed,5,0.7519
SURV-03475,24,1,0.0417,0.142,27459.81,3900.61,0.638,1,0,0.115,0,0,OFW Remittance / Dependent,Rented (Apartment/House),Married,2,9.9,onboarding_risk,completed,23,0.7028
SURV-03476,24,11,0.4583,0.2701,22292.41,6021.04,0.818,1,2,0.092,0,0,OFW Remittance / Dependent,Owned (Clean Title),Single,3,8.2,option_window,defaulted,1,0.6428
SURV-03477,36,16,0.4444,0.3136,18707.52,5866.94,0.539,3,0,0.266,0,0,Tricycle / PUV Operator,Owned (Inherited/Tax Dec),Married,2,9.7,option_window,defaulted,1,0.5437
SURV-03478,12,1,0.0833,0.1128,40864.6,4609.25,0.68,0,0,0.062,0,0,Employed (Private/Gov),Owned (Clean Title),Married,4,1.8,onboarding_risk,defaulted,5,0.7539
SURV-03479,24,7,0.2917,0.1865,27798.72,5185.57,0.671,1,2,0.093,0,0,Sari-Sari / Small Retail,Owned (Clean Title),Married,3,16.7,core_stability,completed,17,0.6886
SURV-03480,24,23,0.9583,0.5149,13397.56,6898.32,0.533,3,0,0.17,0,1,Agri / Farmer / Fisherfolk,Living with Parents/Relatives,Married,1,4.0,completion_phase,defaulted,0,0.5852
SURV-03481,36,18,0.5,0.2121,30478.73,6465.85,0.788,1,2,0.079,0,0,BPO / Call Center Agent,Owned (Clean Title),Married,0,3.8,option_window,completed,18,0.631
SURV-03482,24,5,0.2083,0.0937,48561.36,4548.67,0.986,0,4,0.0,0,0,Employed (Private/Gov),Living with Parents/Relatives,Married,2,7.6,core_stability,completed,19,0.7679
SURV-03483,24,8,0.3333,0.2987,25655.84,7663.38,0.532,2,0,0.195,0,0,Employed (Private/Gov),Living with Parents/Relatives,Single,3,12.5,core_stability,completed,16,0.6333
SURV-03484,24,17,0.7083,0.1256,63534.45,7980.99,0.915,0,1,0.0,0,0,OFW Remittance / Dependent,Living with Parents/Relatives,Married,3,7.0,core_stability,completed,7,0.7532
SURV-03485,12,11,0.9167,0.2802,48016.72,13453.11,0.736,1,1,0.073,0,0,Employed (Private/Gov),Owned (Inherited/Tax Dec),Widowed,3,9.2,completion_phase,early_settled,0,0.7059
SURV-03486,12,8,0.6667,0.2964,36975.51,10960.22,0.319,1,0,0.171,1,0,Employed (Private/Gov),Rented (Apartment/House),Single,2,9.5,core_stability,defaulted,0,0.7047
SURV-03487,36,13,0.3611,0.4033,17075.31,6887.14,0.564,3,0,0.27,0,0,Employed (Private/Gov),Owned (Inherited/Tax Dec),Single,2,8.6,option_window,defaulted,1,0.5683
SURV-03488,24,19,0.7917,0.2643,31266.54,8264.88,0.228,2,0,0.384,0,0,BPO / Call Center Agent,Rented (Apartment/House),Single,2,3.2,core_stability,defaulted,0,0.6033
SURV-03489,12,8,0.6667,0.1059,43645.59,4624.12,0.703,0,0,0.096,0,0,Employed (Private/Gov),Owned (Inherited/Tax Dec),Married,2,3.0,core_stability,defaulted,1,0.7816
SURV-03490,36,20,0.5556,0.182,31511.62,5735.22,0.887,0,4,0.0,0,0,Public School Teacher,Owned (Clean Title),Married,0,8.2,option_window,completed,16,0.7066
SURV-03491,24,4,0.1667,0.1891,29217.39,5525.92,0.631,0,1,0.048,0,0,Sari-Sari / Small Retail,Owned (Inherited/Tax Dec),Single,2,12.5,onboarding_risk,early_settled,9,0.6812
SURV-03492,36,17,0.4722,0.0794,62326.83,4949.92,0.975,0,12,0.0,0,0,OFW Remittance / Dependent,Owned (Clean Title),Single,0,6.5,option_window,early_settled,0,0.7685
SURV-03493,24,6,0.25,0.2121,20328.94,4312.32,0.583,2,0,0.4,0,0,Tricycle / PUV Operator,Owned (Clean Title),Single,4,1.9,core_stability,defaulted,0,0.6167
SURV-03494,24,4,0.1667,0.1198,44536.01,5336.97,0.838,0,3,0.035,0,0,Employed (Private/Gov),Rented (Apartment/House),Single,3,5.0,onboarding_risk,defaulted,4,0.6729
SURV-03495,12,3,0.25,0.1852,42625.61,7895.13,0.938,0,2,0.0,0,0,OFW Remittance / Dependent,Owned (Clean Title),Married,1,7.6,onboarding_risk,early_settled,7,0.7855
SURV-03496,36,29,0.8056,0.2102,29547.07,6211.59,0.773,0,3,0.043,0,0,Employed (Private/Gov),Living with Parents/Relatives,Married,0,25.9,core_stability,completed,7,0.671
SURV-03497,12,12,1.0,0.2244,30405.11,6824.33,0.819,0,1,0.005,0,0,Public School Teacher,Owned (Inherited/Tax Dec),Single,0,4.9,completion_phase,completed,0,0.7152
SURV-03498,12,8,0.6667,0.5213,22908.34,11941.61,0.22,4,1,0.373,1,0,Tricycle / PUV Operator,Living with Parents/Relatives,Married,3,3.1,core_stability,defaulted,1,0.5521
SURV-03499,36,29,0.8056,0.3026,12000.0,3631.5,0.246,3,1,0.314,0,0,Tricycle / PUV Operator,Living with Parents/Relatives,Widowed,1,5.3,core_stability,defaulted,1,0.5815
SURV-03500,12,7,0.5833,0.1344,60517.99,8133.4,0.917,0,7,0.0,0,0,OFW Remittance / Dependent,Living with Parents/Relatives,Married,0,8.5,core_stability,completed,5,0.775
SURV-03501,12,7,0.5833,0.5569,19453.85,10833.93,0.509,4,1,0.275,0,0,Employed (Private/Gov),Rented (Apartment/House),Widowed,1,5.4,core_stability,defaulted,1,0.6049
SURV-03502,36,10,0.2778,0.0845,28444.28,2403.7,0.66,0,0,0.143,0,0,Employed (Private/Gov),Rented (Apartment/House),Single,3,4.8,core_stability,completed,26,0.7071
SURV-03503,12,7,0.5833,0.4326,15838.02,6852.12,0.421,1,0,0.373,1,0,Sari-Sari / Small Retail,Living with Parents/Relatives,Widowed,2,5.3,core_stability,defaulted,0,0.6399
SURV-03504,36,34,0.9444,0.2369,14272.05,3380.79,0.594,3,1,0.4,0,0,Agri / Farmer / Fisherfolk,Owned (Inherited/Tax Dec),Widowed,2,7.4,completion_phase,defaulted,1,0.6823
SURV-03505,12,9,0.75,0.2207,48110.11,10617.34,0.75,1,2,0.079,0,0,OFW Remittance / Dependent,Owned (Inherited/Tax Dec),Single,3,5.2,completion_phase,completed,3,0.7285
SURV-03506,24,11,0.4583,0.1326,29768.55,3947.33,0.892,0,9,0.0,0,0,Employed (Private/Gov),Owned (Clean Title),Married,1,8.0,option_window,completed,13,0.7452
SURV-03507,24,1,0.0417,0.3649,21765.91,7942.7,0.521,1,1,0.387,0,1,Employed (Private/Gov),Owned (Clean Title),Married,4,9.7,onboarding_risk,defaulted,6,0.6456
SURV-03508,24,21,0.875,0.5793,12207.62,7071.84,0.208,2,1,0.272,0,0,Sari-Sari / Small Retail,Owned (Clean Title),Married,1,4.5,completion_phase,defaulted,0,0.524
SURV-03509,24,11,0.4583,0.0911,46308.3,4216.9,0.954,0,7,0.0,0,0,BPO / Call Center Agent,Owned (Clean Title),Widowed,2,9.9,option_window,defaulted,0,0.7627
SURV-03510,36,3,0.0833,0.094,58853.36,5531.2,0.919,0,1,0.0,0,0,OFW Remittance / Dependent,Owned (Clean Title),Widowed,2,9.1,onboarding_risk,completed,33,0.7396
SURV-03511,24,7,0.2917,0.1794,41642.14,7471.82,0.786,0,0,0.139,0,0,OFW Remittance / Dependent,Rented (Apartment/House),Married,2,8.8,core_stability,completed,17,0.7171
SURV-03512,24,4,0.1667,0.3473,18054.85,6269.77,0.414,2,1,0.275,0,0,Agri / Farmer / Fisherfolk,Owned (Inherited/Tax Dec),Married,2,7.6,onboarding_risk,defaulted,4,0.6025
SURV-03513,24,20,0.8333,0.2455,14997.05,3681.82,0.4,1,0,0.268,1,0,Tricycle / PUV Operator,Rented (Apartment/House),Widowed,2,9.0,core_stability,defaulted,0,0.6199
SURV-03514,12,3,0.25,0.1972,44739.48,8824.15,0.829,1,0,0.078,0,0,Public School Teacher,Living with Parents/Relatives,Married,0,4.9,onboarding_risk,completed,9,0.7255
SURV-03515,24,8,0.3333,0.3392,18772.85,6367.6,0.216,1,1,0.338,0,0,Tricycle / PUV Operator,Rented (Apartment/House),Single,4,9.8,core_stability,completed,16,0.5442
SURV-03516,36,32,0.8889,0.0625,40764.19,2548.98,0.929,0,11,0.0,0,0,Employed (Private/Gov),Owned (Clean Title),Married,1,6.7,core_stability,early_settled,0,0.7469
SURV-03517,12,1,0.0833,0.3438,31010.45,10662.53,0.479,2,0,0.406,1,1,Employed (Private/Gov),Rented (Apartment/House),Married,1,3.3,onboarding_risk,defaulted,3,0.6156
SURV-03518,24,18,0.75,0.2076,23882.78,4957.58,0.757,0,2,0.145,0,0,BPO / Call Center Agent,Living with Parents/Relatives,Married,3,8.6,core_stability,completed,6,0.6632
SURV-03519,24,16,0.6667,0.1817,34316.67,6236.8,0.679,1,1,0.126,0,0,BPO / Call Center Agent,Owned (Inherited/Tax Dec),Widowed,1,9.0,core_stability,defaulted,0,0.7239
SURV-03520,24,10,0.4167,0.2669,23887.7,6374.96,0.208,4,0,0.423,1,0,Agri / Farmer / Fisherfolk,Owned (Inherited/Tax Dec),Married,2,7.7,core_stability,defaulted,0,0.6803
SURV-03521,12,11,0.9167,0.5105,26488.15,13520.98,0.589,1,1,0.233,0,0,Employed (Private/Gov),Living with Parents/Relatives,Single,1,7.7,completion_phase,defaulted,1,0.6481
SURV-03522,36,31,0.8611,0.0618,47227.71,2916.75,0.906,0,7,0.0,0,0,OFW Remittance / Dependent,Living with Parents/Relatives,Married,2,4.7,core_stability,completed,5,0.7063
SURV-03523,36,23,0.6389,0.1325,44337.31,5875.74,0.707,0,0,0.08,1,0,OFW Remittance / Dependent,Owned (Inherited/Tax Dec),Married,3,2.1,option_window,defaulted,1,0.6656
SURV-03524,24,5,0.2083,0.2314,36969.95,8553.23,0.683,1,0,0.118,0,0,Public School Teacher,Rented (Apartment/House),Widowed,1,8.7,core_stability,completed,19,0.6588
SURV-03525,12,2,0.1667,0.258,31563.56,8142.82,0.413,2,1,0.361,0,1,Employed (Private/Gov),Rented (Apartment/House),Single,2,4.4,onboarding_risk,defaulted,5,0.6648
SURV-03526,36,30,0.8333,0.0982,33153.01,3256.88,0.851,0,7,0.0,0,0,Employed (Private/Gov),Owned (Clean Title),Married,1,4.7,core_stability,defaulted,0,0.6986
SURV-03527,36,14,0.3889,0.139,40481.11,5627.47,0.806,1,3,0.142,0,0,OFW Remittance / Dependent,Rented (Apartment/House),Married,2,5.9,option_window,completed,22,0.7067
SURV-03528,36,1,0.0278,0.3166,18127.57,5739.25,0.316,1,0,0.257,1,0,Tricycle / PUV Operator,Owned (Inherited/Tax Dec),Married,2,9.1,onboarding_risk,defaulted,6,0.5429
SURV-03529,12,5,0.4167,0.46,21099.85,9705.61,0.515,4,0,0.409,0,0,Tricycle / PUV Operator,Owned (Inherited/Tax Dec),Married,1,5.3,core_stability,defaulted,2,0.6313
SURV-03530,36,26,0.7222,0.2008,29702.24,5963.48,0.252,3,1,0.447,0,0,BPO / Call Center Agent,Rented (Apartment/House),Married,4,6.7,core_stability,completed,10,0.5935
SURV-03531,24,8,0.3333,0.36,18134.08,6529.01,0.392,1,0,0.419,0,1,Agri / Farmer / Fisherfolk,Living with Parents/Relatives,Widowed,0,8.0,core_stability,defaulted,0,0.5725
SURV-03532,24,20,0.8333,0.0838,47892.49,4014.03,0.885,0,11,0.0,0,0,OFW Remittance / Dependent,Living with Parents/Relatives,Married,2,4.0,core_stability,defaulted,0,0.729
SURV-03533,36,12,0.3333,0.2296,26037.87,5978.4,0.361,3,0,0.369,0,0,Agri / Farmer / Fisherfolk,Living with Parents/Relatives,Single,1,8.3,option_window,defaulted,1,0.5953
SURV-03534,24,1,0.0417,0.3208,27144.87,8709.18,0.313,2,1,0.189,0,0,Sari-Sari / Small Retail,Living with Parents/Relatives,Married,1,7.6,onboarding_risk,defaulted,1,0.6575
SURV-03535,36,34,0.9444,0.2125,27779.49,5903.5,0.436,2,1,0.409,1,0,Sari-Sari / Small Retail,Rented (Apartment/House),Widowed,2,7.4,completion_phase,defaulted,1,0.6096
SURV-03536,12,10,0.8333,0.5979,22754.18,13604.35,0.52,3,1,0.159,0,0,Agri / Farmer / Fisherfolk,Owned (Clean Title),Married,0,6.8,completion_phase,defaulted,1,0.635
SURV-03537,12,12,1.0,0.2453,39742.66,9747.65,0.671,0,0,0.116,0,0,OFW Remittance / Dependent,Owned (Inherited/Tax Dec),Widowed,1,6.9,completion_phase,completed,0,0.7944
SURV-03538,36,11,0.3056,0.1833,16785.54,3075.97,0.609,1,0,0.287,1,0,Tricycle / PUV Operator,Living with Parents/Relatives,Married,1,13.9,core_stability,defaulted,0,0.65
SURV-03539,12,10,0.8333,0.276,39289.84,10844.97,0.572,2,0,0.151,1,0,Sari-Sari / Small Retail,Rented (Apartment/House),Single,1,13.1,completion_phase,defaulted,0,0.7101
SURV-03540,36,32,0.8889,0.0631,39748.99,2507.43,0.859,0,8,0.0,0,0,Public School Teacher,Owned (Clean Title),Widowed,1,5.6,core_stability,completed,4,0.7926
SURV-03541,36,16,0.4444,0.2009,14960.39,3005.79,0.588,2,0,0.207,0,0,Sari-Sari / Small Retail,Rented (Apartment/House),Married,2,14.8,option_window,defaulted,1,0.6525
SURV-03542,12,5,0.4167,0.4994,27583.87,13775.75,0.397,4,0,0.189,0,1,BPO / Call Center Agent,Owned (Clean Title),Single,2,5.4,core_stability,completed,7,0.6344
SURV-03543,24,6,0.25,0.0947,36364.92,3442.66,0.844,1,2,0.144,0,0,Public School Teacher,Rented (Apartment/House),Single,0,4.8,core_stability,defaulted,1,0.743
SURV-03544,36,20,0.5556,0.1909,31241.87,5962.6,0.748,0,3,0.02,0,0,Public School Teacher,Owned (Clean Title),Married,3,3.0,option_window,completed,16,0.6538
SURV-03545,36,6,0.1667,0.0871,33713.67,2936.04,0.667,1,3,0.085,0,0,Employed (Private/Gov),Rented (Apartment/House),Widowed,1,4.9,core_stability,completed,30,0.6755
SURV-03546,36,6,0.1667,0.1176,36375.33,4279.5,0.72,1,2,0.013,0,0,Employed (Private/Gov),Rented (Apartment/House),Single,4,6.2,core_stability,defaulted,1,0.6903
SURV-03547,12,3,0.25,0.1909,41364.4,7896.26,0.71,0,1,0.105,1,0,Employed (Private/Gov),Owned (Inherited/Tax Dec),Married,2,14.6,onboarding_risk,completed,9,0.7885
SURV-03548,24,6,0.25,0.2459,27148.29,6674.83,0.444,1,1,0.292,0,0,Sari-Sari / Small Retail,Living with Parents/Relatives,Single,0,1.4,core_stability,defaulted,0,0.6487
SURV-03549,12,12,1.0,0.9015,12000.0,10818.44,0.572,1,1,0.34,0,0,Tricycle / PUV Operator,Owned (Clean Title),Single,2,4.3,completion_phase,defaulted,0,0.6529
SURV-03550,24,6,0.25,0.1723,22698.65,3912.03,0.317,3,1,0.294,0,0,Tricycle / PUV Operator,Living with Parents/Relatives,Married,2,6.0,core_stability,defaulted,2,0.7485
SURV-03551,24,7,0.2917,0.1972,33302.04,6567.1,0.678,1,2,0.113,0,0,Employed (Private/Gov),Rented (Apartment/House),Single,2,13.5,core_stability,defaulted,1,0.6787
SURV-03552,36,8,0.2222,0.1051,59967.0,6300.96,0.876,0,7,0.0,0,0,OFW Remittance / Dependent,Living with Parents/Relatives,Single,2,8.8,core_stability,completed,28,0.7592
SURV-03553,24,15,0.625,0.3596,18255.52,6564.27,0.234,2,0,0.436,0,0,Agri / Farmer / Fisherfolk,Living with Parents/Relatives,Married,3,7.7,core_stability,defaulted,0,0.5878
SURV-03554,36,26,0.7222,0.0817,68473.31,5595.05,0.857,0,12,0.0,0,0,OFW Remittance / Dependent,Owned (Inherited/Tax Dec),Married,3,4.0,core_stability,completed,10,0.7099
SURV-03555,24,1,0.0417,0.1753,24432.7,4283.9,0.472,1,0,0.266,0,0,Agri / Farmer / Fisherfolk,Owned (Inherited/Tax Dec),Married,3,9.0,onboarding_risk,defaulted,3,0.6761
SURV-03556,24,20,0.8333,0.132,40309.01,5321.86,0.881,0,3,0.0,0,0,OFW Remittance / Dependent,Living with Parents/Relatives,Married,2,6.5,core_stability,completed,4,0.767
SURV-03557,24,17,0.7083,0.269,31251.93,8406.56,0.285,4,1,0.297,0,1,BPO / Call Center Agent,Rented (Apartment/House),Married,0,4.3,core_stability,defaulted,1,0.6435
SURV-03558,24,12,0.5,0.1828,43413.78,7934.24,0.768,1,2,0.021,0,0,Employed (Private/Gov),Owned (Inherited/Tax Dec),Single,1,3.4,option_window,early_settled,3,0.7265
SURV-03559,24,4,0.1667,0.6829,12000.0,8194.45,0.271,4,0,0.323,0,1,Tricycle / PUV Operator,Owned (Clean Title),Married,0,13.6,onboarding_risk,defaulted,1,0.5111
SURV-03560,36,30,0.8333,0.2087,32885.59,6862.04,0.762,0,1,0.122,0,0,BPO / Call Center Agent,Owned (Clean Title),Married,1,16.0,core_stability,completed,6,0.7041
SURV-03561,24,21,0.875,0.2662,24954.4,6644.02,0.71,0,0,0.045,1,0,BPO / Call Center Agent,Owned (Clean Title),Married,0,7.7,completion_phase,completed,3,0.7458
SURV-03562,36,34,0.9444,0.1602,36188.64,5798.27,0.797,1,3,0.028,0,0,BPO / Call Center Agent,Living with Parents/Relatives,Widowed,0,8.7,completion_phase,completed,2,0.6952
SURV-03563,24,19,0.7917,0.2086,13553.49,2827.25,0.623,4,0,0.277,0,0,Agri / Farmer / Fisherfolk,Owned (Inherited/Tax Dec),Married,2,6.7,core_stability,defaulted,1,0.6763
SURV-03564,12,1,0.0833,0.5843,20229.33,11820.07,0.324,3,1,0.2,0,0,Employed (Private/Gov),Living with Parents/Relatives,Married,2,10.2,onboarding_risk,defaulted,2,0.5708
SURV-03565,12,2,0.1667,0.3417,22867.34,7813.78,0.208,1,0,0.41,1,1,Sari-Sari / Small Retail,Owned (Clean Title),Widowed,1,12.1,onboarding_risk,defaulted,1,0.6954
SURV-03566,24,15,0.625,0.2071,26411.41,5470.52,0.602,0,1,0.063,0,0,Employed (Private/Gov),Owned (Inherited/Tax Dec),Widowed,3,12.9,core_stability,defaulted,1,0.738
SURV-03567,12,12,1.0,0.4011,30440.41,12209.07,0.644,1,1,0.405,1,0,Sari-Sari / Small Retail,Owned (Clean Title),Widowed,0,12.0,completion_phase,completed,0,0.6775
SURV-03568,12,2,0.1667,0.2807,41666.37,11696.88,0.378,1,0,0.223,0,0,OFW Remittance / Dependent,Owned (Inherited/Tax Dec),Widowed,2,3.9,onboarding_risk,defaulted,5,0.7407
SURV-03569,36,5,0.1389,0.1613,36019.27,5808.65,0.803,1,3,0.061,0,0,Public School Teacher,Rented (Apartment/House),Widowed,0,1.0,core_stability,completed,31,0.6536
SURV-03570,24,20,0.8333,0.1554,43450.53,6753.77,0.997,0,1,0.0,0,0,Public School Teacher,Owned (Clean Title),Single,4,6.2,core_stability,completed,4,0.8283
SURV-03571,36,3,0.0833,0.2041,15265.86,3115.85,0.295,3,0,0.358,0,0,Tricycle / PUV Operator,Rented (Apartment/House),Widowed,2,3.9,onboarding_risk,defaulted,6,0.5714
SURV-03572,24,11,0.4583,0.2602,27842.15,7244.55,0.634,0,3,0.06,1,0,Employed (Private/Gov),Living with Parents/Relatives,Married,1,10.0,option_window,defaulted,1,0.7019
SURV-03573,36,22,0.6111,0.3649,19620.96,7160.38,0.361,1,1,0.294,0,1,Tricycle / PUV Operator,Rented (Apartment/House),Single,0,5.2,option_window,defaulted,0,0.5627
SURV-03574,36,15,0.4167,0.128,37886.09,4850.9,0.682,0,0,0.025,0,0,Employed (Private/Gov),Owned (Clean Title),Married,0,1.6,option_window,early_settled,11,0.7174
SURV-03575,24,7,0.2917,0.3703,24049.14,8906.48,0.573,4,0,0.301,0,0,BPO / Call Center Agent,Rented (Apartment/House),Married,2,7.2,core_stability,defaulted,1,0.5935
SURV-03576,24,23,0.9583,0.1759,32831.84,5776.35,0.625,1,3,0.02,1,0,Employed (Private/Gov),Owned (Inherited/Tax Dec),Married,3,5.1,completion_phase,completed,1,0.7424
SURV-03577,36,18,0.5,0.0922,23604.95,2175.98,0.936,0,11,0.0,0,0,BPO / Call Center Agent,Living with Parents/Relatives,Widowed,2,9.6,option_window,early_settled,7,0.7313
SURV-03578,24,8,0.3333,0.0554,49168.25,2724.26,0.906,0,6,0.0,0,0,Public School Teacher,Living with Parents/Relatives,Married,1,13.2,core_stability,early_settled,4,0.8358
SURV-03579,36,2,0.0556,0.1157,22680.92,2624.86,0.779,1,3,0.055,0,0,Tricycle / PUV Operator,Living with Parents/Relatives,Married,3,10.2,onboarding_risk,completed,34,0.6602
SURV-03580,36,12,0.3333,0.3883,16348.92,6348.57,0.528,1,0,0.237,1,0,Agri / Farmer / Fisherfolk,Owned (Clean Title),Single,1,7.2,option_window,defaulted,0,0.5362
SURV-03581,12,1,0.0833,0.3546,14020.46,4971.26,0.39,1,0,0.318,1,0,Agri / Farmer / Fisherfolk,Owned (Clean Title),Married,2,18.5,onboarding_risk,defaulted,4,0.6328
SURV-03582,12,10,0.8333,0.2184,24303.63,5307.74,0.522,2,0,0.238,1,1,Employed (Private/Gov),Rented (Apartment/House),Single,2,1.9,completion_phase,defaulted,1,0.7276
SURV-03583,12,6,0.5,0.5572,23816.14,13270.41,0.502,1,0,0.343,0,0,Agri / Farmer / Fisherfolk,Rented (Apartment/House),Single,0,3.5,core_stability,defaulted,1,0.4938
SURV-03584,36,34,0.9444,0.0945,65517.9,6190.4,0.643,1,1,0.001,0,0,OFW Remittance / Dependent,Rented (Apartment/House),Single,1,2.3,completion_phase,completed,2,0.7009
SURV-03585,36,12,0.3333,0.3077,24059.87,7402.7,0.265,4,1,0.154,1,0,Agri / Farmer / Fisherfolk,Owned (Inherited/Tax Dec),Married,1,6.9,option_window,defaulted,1,0.6089
SURV-03586,24,6,0.25,0.1064,31103.87,3310.7,0.808,1,2,0.105,0,0,Employed (Private/Gov),Rented (Apartment/House),Married,3,4.7,core_stability,defaulted,1,0.6843
SURV-03587,36,11,0.3056,0.1692,27152.61,4593.39,0.648,1,1,0.091,0,0,BPO / Call Center Agent,Owned (Inherited/Tax Dec),Single,1,9.2,core_stability,completed,25,0.6942
SURV-03588,24,20,0.8333,0.2574,14656.17,3772.14,0.393,1,0,0.188,0,0,Sari-Sari / Small Retail,Owned (Inherited/Tax Dec),Married,0,2.9,core_stability,defaulted,1,0.6559
SURV-03589,36,13,0.3611,0.1774,20148.63,3574.52,0.702,1,2,0.1,0,0,Agri / Farmer / Fisherfolk,Owned (Clean Title),Married,2,20.6,option_window,completed,23,0.6341
SURV-03590,36,10,0.2778,0.2251,22854.16,5145.08,0.614,1,1,0.102,0,0,Public School Teacher,Living with Parents/Relatives,Married,1,15.5,core_stability,completed,26,0.7446
SURV-03591,24,10,0.4167,0.1281,49048.05,6282.8,0.833,1,2,0.087,0,0,OFW Remittance / Dependent,Owned (Clean Title),Married,0,4.2,core_stability,completed,14,0.7075
SURV-03592,12,3,0.25,0.0867,63036.7,5465.27,0.96,0,3,0.0,0,0,OFW Remittance / Dependent,Owned (Inherited/Tax Dec),Widowed,1,4.4,onboarding_risk,early_settled,7,0.7961
SURV-03593,12,3,0.25,0.7706,16733.85,12895.76,0.263,1,0,0.334,0,0,Agri / Farmer / Fisherfolk,Owned (Clean Title),Married,1,9.2,onboarding_risk,defaulted,2,0.6247
SURV-03594,24,13,0.5417,0.2388,18962.63,4528.6,0.274,2,0,0.158,0,0,Tricycle / PUV Operator,Owned (Inherited/Tax Dec),Single,1,4.6,option_window,completed,11,0.635
SURV-03595,36,19,0.5278,0.0734,36809.94,2700.96,0.839,0,3,0.074,0,0,Employed (Private/Gov),Rented (Apartment/House),Married,1,3.7,option_window,completed,17,0.6542
SURV-03596,12,10,0.8333,0.2029,31038.6,6298.01,0.462,1,0,0.417,0,1,BPO / Call Center Agent,Living with Parents/Relatives,Single,0,4.4,completion_phase,defaulted,0,0.7092
SURV-03597,24,23,0.9583,0.0984,64782.59,6376.04,0.893,0,1,0.0,0,0,OFW Remittance / Dependent,Living with Parents/Relatives,Widowed,2,6.4,completion_phase,completed,1,0.8192
SURV-03598,36,8,0.2222,0.3022,21645.84,6541.56,0.467,2,0,0.315,1,0,Agri / Farmer / Fisherfolk,Owned (Inherited/Tax Dec),Widowed,4,12.8,core_stability,defaulted,0,0.6007
SURV-03599,24,1,0.0417,0.1095,50766.1,5556.5,0.937,0,1,0.0,0,0,Employed (Private/Gov),Living with Parents/Relatives,Married,1,7.5,onboarding_risk,completed,23,0.7445
SURV-03600,36,5,0.1389,0.0847,69816.59,5910.05,0.886,0,5,0.0,0,0,OFW Remittance / Dependent,Owned (Clean Title),Single,1,12.0,core_stability,completed,31,0.7884
SURV-03601,24,10,0.4167,0.1693,26740.97,4527.54,0.768,0,2,0.076,0,0,BPO / Call Center Agent,Living with Parents/Relatives,Widowed,2,5.5,core_stability,completed,14,0.7368
SURV-03602,24,18,0.75,0.1105,27939.97,3088.61,0.891,0,3,0.0,0,0,BPO / Call Center Agent,Living with Parents/Relatives,Widowed,0,9.5,core_stability,completed,6,0.737
SURV-03603,12,12,1.0,0.3398,25357.91,8617.08,0.428,3,0,0.211,0,1,Sari-Sari / Small Retail,Living with Parents/Relatives,Married,1,7.7,completion_phase,defaulted,0,0.6799
SURV-03604,36,21,0.5833,0.0903,29233.51,2639.04,0.646,0,2,0.085,0,0,Tricycle / PUV Operator,Living with Parents/Relatives,Single,0,4.3,option_window,defaulted,1,0.6748
SURV-03605,12,5,0.4167,0.5051,18271.19,9228.82,0.644,3,0,0.182,0,0,Agri / Farmer / Fisherfolk,Owned (Inherited/Tax Dec),Married,1,7.0,core_stability,defaulted,1,0.6386
SURV-03606,24,2,0.0833,0.0854,50782.17,4334.46,0.997,0,2,0.0,0,0,OFW Remittance / Dependent,Owned (Inherited/Tax Dec),Single,2,1.0,onboarding_risk,defaulted,0,0.7323
SURV-03607,24,7,0.2917,0.2823,24909.58,7032.32,0.372,3,1,0.284,1,0,Tricycle / PUV Operator,Owned (Clean Title),Single,3,4.3,core_stability,defaulted,0,0.5677
SURV-03608,24,11,0.4583,0.2145,39852.13,8548.01,0.603,0,2,0.058,0,0,Employed (Private/Gov),Owned (Clean Title),Single,1,3.6,option_window,completed,13,0.7209
SURV-03609,24,4,0.1667,0.2887,23753.31,6856.5,0.29,4,0,0.401,0,0,Sari-Sari / Small Retail,Owned (Inherited/Tax Dec),Widowed,4,1.3,onboarding_risk,defaulted,3,0.6221
SURV-03610,12,11,0.9167,0.0918,83464.96,7664.75,0.722,1,0,0.134,0,0,OFW Remittance / Dependent,Rented (Apartment/House),Married,4,8.2,completion_phase,completed,1,0.7832
SURV-03611,12,8,0.6667,0.3265,27824.16,9083.65,0.555,2,0,0.427,1,0,Public School Teacher,Rented (Apartment/House),Single,1,2.7,core_stability,defaulted,0,0.638
SURV-03612,24,8,0.3333,0.2529,26690.23,6750.83,0.609,3,0,0.345,0,1,BPO / Call Center Agent,Owned (Inherited/Tax Dec),Widowed,1,1.8,core_stability,defaulted,1,0.6254
SURV-03613,36,15,0.4167,0.1015,51650.37,5244.42,0.994,0,1,0.0,0,0,Public School Teacher,Living with Parents/Relatives,Single,1,11.2,option_window,completed,21,0.7089
SURV-03614,36,2,0.0556,0.1942,17463.43,3391.27,0.531,3,0,0.184,1,0,Agri / Farmer / Fisherfolk,Rented (Apartment/House),Widowed,3,4.4,onboarding_risk,defaulted,6,0.6301
SURV-03615,36,33,0.9167,0.1254,27096.98,3398.44,0.799,1,1,0.029,1,0,Sari-Sari / Small Retail,Rented (Apartment/House),Married,0,10.9,completion_phase,completed,3,0.6597
SURV-03616,24,24,1.0,0.3907,16405.75,6409.74,0.201,3,0,0.249,0,0,Agri / Farmer / Fisherfolk,Rented (Apartment/House),Married,2,24.1,completion_phase,defaulted,0,0.5997
SURV-03617,36,25,0.6944,0.0751,36662.78,2753.41,0.975,0,2,0.0,0,0,Public School Teacher,Owned (Inherited/Tax Dec),Widowed,1,10.1,option_window,completed,11,0.7274
SURV-03618,12,4,0.3333,0.468,24744.13,11579.67,0.247,4,1,0.19,0,1,Tricycle / PUV Operator,Rented (Apartment/House),Single,2,6.6,onboarding_risk,defaulted,2,0.4967
SURV-03619,24,1,0.0417,0.2167,26568.38,5758.45,0.298,2,0,0.36,0,0,Sari-Sari / Small Retail,Owned (Clean Title),Single,1,3.2,onboarding_risk,defaulted,6,0.6471
SURV-03620,12,6,0.5,0.2633,38320.57,10088.83,0.786,0,3,0.069,0,0,Employed (Private/Gov),Owned (Clean Title),Single,2,5.7,core_stability,completed,6,0.7516
SURV-03621,24,13,0.5417,0.1899,35400.99,6723.15,0.265,3,1,0.163,1,0,BPO / Call Center Agent,Rented (Apartment/House),Married,0,2.4,option_window,defaulted,1,0.6777
SURV-03622,36,29,0.8056,0.3651,13172.95,4809.05,0.309,2,0,0.365,1,0,Agri / Farmer / Fisherfolk,Living with Parents/Relatives,Single,4,10.0,core_stability,defaulted,1,0.5172
SURV-03623,24,11,0.4583,0.142,55649.33,7903.37,0.978,0,5,0.0,0,0,OFW Remittance / Dependent,Owned (Clean Title),Married,3,13.6,option_window,completed,13,0.7456
SURV-03624,24,17,0.7083,0.1463,33169.15,4852.73,0.736,0,0,0.1,0,0,OFW Remittance / Dependent,Owned (Inherited/Tax Dec),Married,4,3.3,core_stability,completed,7,0.7282
SURV-03625,24,20,0.8333,0.3175,20624.88,6548.14,0.645,1,0,0.008,0,0,Employed (Private/Gov),Owned (Inherited/Tax Dec),Single,2,9.8,core_stability,completed,4,0.6667
SURV-03626,36,20,0.5556,0.2478,21708.91,5378.4,0.323,4,1,0.41,0,1,Tricycle / PUV Operator,Living with Parents/Relatives,Married,2,2.0,option_window,defaulted,1,0.5705
SURV-03627,24,19,0.7917,0.3215,28451.79,9146.09,0.277,1,1,0.329,0,0,BPO / Call Center Agent,Rented (Apartment/House),Married,3,3.4,core_stability,defaulted,1,0.6364
SURV-03628,36,19,0.5278,0.1975,21559.51,4258.09,0.635,1,0,0.286,0,0,Tricycle / PUV Operator,Living with Parents/Relatives,Single,2,6.7,option_window,completed,17,0.612
SURV-03629,12,7,0.5833,0.7581,19866.98,15060.33,0.256,3,0,0.254,1,0,BPO / Call Center Agent,Rented (Apartment/House),Married,0,12.8,core_stability,defaulted,1,0.6125
SURV-03630,24,7,0.2917,0.1131,30149.4,3410.24,0.633,0,3,0.145,0,0,OFW Remittance / Dependent,Rented (Apartment/House),Single,1,7.8,core_stability,defaulted,1,0.7356
SURV-03631,24,23,0.9583,0.2605,25128.68,6545.71,0.291,3,1,0.382,0,1,Sari-Sari / Small Retail,Rented (Apartment/House),Married,0,15.3,completion_phase,defaulted,1,0.6229
SURV-03632,12,2,0.1667,0.121,50763.59,6143.94,0.93,0,1,0.0,0,0,OFW Remittance / Dependent,Owned (Inherited/Tax Dec),Married,2,8.1,onboarding_risk,completed,10,0.8373
SURV-03633,36,19,0.5278,0.3337,19059.5,6359.64,0.506,3,1,0.211,1,0,Agri / Farmer / Fisherfolk,Rented (Apartment/House),Married,1,9.1,option_window,defaulted,0,0.5867
SURV-03634,36,6,0.1667,0.1603,32369.08,5188.59,0.912,0,2,0.0,0,0,Public School Teacher,Owned (Clean Title),Single,1,13.8,core_stability,completed,30,0.7261
SURV-03635,24,6,0.25,0.1706,30386.37,5182.9,0.801,1,3,0.034,0,0,Employed (Private/Gov),Living with Parents/Relatives,Married,0,2.0,core_stability,completed,18,0.645
SURV-03636,36,13,0.3611,0.1809,16459.13,2976.84,0.402,3,1,0.361,0,0,Tricycle / PUV Operator,Owned (Clean Title),Married,3,5.2,option_window,defaulted,0,0.6622
SURV-03637,24,22,0.9167,0.3032,16440.39,4984.3,0.73,1,3,0.125,0,0,Employed (Private/Gov),Owned (Inherited/Tax Dec),Single,1,6.6,completion_phase,defaulted,1,0.7273
SURV-03638,24,11,0.4583,0.1024,52715.93,5397.51,0.959,0,1,0.0,0,0,OFW Remittance / Dependent,Owned (Clean Title),Married,2,6.1,option_window,completed,13,0.8196
SURV-03639,24,12,0.5,0.473,13274.9,6279.64,0.219,4,0,0.366,1,0,Agri / Farmer / Fisherfolk,Living with Parents/Relatives,Married,1,10.1,option_window,completed,12,0.5756
SURV-03640,36,28,0.7778,0.246,20956.85,5154.44,0.665,1,3,0.126,0,0,Sari-Sari / Small Retail,Owned (Clean Title),Widowed,0,5.5,core_stability,completed,8,0.6381
SURV-03641,36,13,0.3611,0.1908,26040.48,4969.31,0.224,2,1,0.217,0,0,Employed (Private/Gov),Living with Parents/Relatives,Married,3,4.3,option_window,defaulted,0,0.6246
SURV-03642,36,7,0.1944,0.2298,32370.69,7437.71,0.283,3,0,0.334,0,1,BPO / Call Center Agent,Owned (Inherited/Tax Dec),Married,2,4.1,core_stability,defaulted,2,0.6204
SURV-03643,36,4,0.1111,0.3106,18664.49,5796.77,0.582,1,0,0.295,0,1,Agri / Farmer / Fisherfolk,Owned (Clean Title),Married,1,13.4,onboarding_risk,completed,32,0.5611
SURV-03644,24,16,0.6667,0.3639,12626.27,4594.07,0.366,2,0,0.261,1,0,Agri / Farmer / Fisherfolk,Living with Parents/Relatives,Married,1,2.0,core_stability,defaulted,0,0.5469
SURV-03645,24,4,0.1667,0.2061,21685.75,4469.37,0.212,4,0,0.212,0,1,Sari-Sari / Small Retail,Rented (Apartment/House),Married,1,10.6,onboarding_risk,defaulted,2,0.6448
SURV-03646,12,10,0.8333,0.4693,28185.71,13228.18,0.309,2,1,0.283,0,0,Employed (Private/Gov),Rented (Apartment/House),Widowed,0,3.3,completion_phase,defaulted,0,0.6174
SURV-03647,36,35,0.9722,0.0407,75826.38,3084.69,0.896,0,3,0.0,0,0,OFW Remittance / Dependent,Owned (Clean Title),Married,1,2.8,completion_phase,defaulted,1,0.7531
SURV-03648,24,3,0.125,0.2144,30001.69,6432.45,0.626,0,1,0.057,0,0,BPO / Call Center Agent,Owned (Clean Title),Married,0,8.3,onboarding_risk,completed,21,0.6939
SURV-03649,24,16,0.6667,0.1405,44790.33,6293.5,0.957,0,10,0.0,0,0,Public School Teacher,Owned (Clean Title),Married,2,7.5,core_stability,early_settled,0,0.7795
SURV-03650,12,12,1.0,0.1372,48021.55,6587.05,0.977,0,4,0.0,0,0,Public School Teacher,Owned (Clean Title),Widowed,3,6.9,completion_phase,completed,0,0.8267
SURV-03651,36,10,0.2778,0.1436,32451.12,4658.38,0.951,0,1,0.0,0,0,OFW Remittance / Dependent,Living with Parents/Relatives,Single,2,6.9,core_stability,early_settled,10,0.7248
SURV-03652,24,1,0.0417,0.1288,33291.73,4288.05,0.889,0,1,0.0,0,0,Employed (Private/Gov),Owned (Clean Title),Single,4,10.0,onboarding_risk,completed,23,0.6847
SURV-03653,36,23,0.6389,0.1904,36351.61,6922.18,0.615,1,3,0.095,0,0,Public School Teacher,Living with Parents/Relatives,Married,1,13.7,option_window,completed,13,0.6845
SURV-03654,36,19,0.5278,0.2284,19439.8,4439.2,0.279,1,1,0.446,1,0,Tricycle / PUV Operator,Owned (Clean Title),Married,0,3.9,option_window,defaulted,1,0.5482
SURV-03655,24,21,0.875,0.2251,28358.63,6383.5,0.74,1,0,0.128,1,0,BPO / Call Center Agent,Owned (Clean Title),Married,1,6.7,completion_phase,completed,3,0.6827
SURV-03656,24,6,0.25,0.2181,28590.47,6236.17,0.754,1,1,0.044,0,0,Public School Teacher,Rented (Apartment/House),Married,4,6.5,core_stability,defaulted,2,0.6673
SURV-03657,36,16,0.4444,0.2674,23024.78,6156.24,0.536,4,0,0.296,0,1,Tricycle / PUV Operator,Living with Parents/Relatives,Married,2,5.8,option_window,completed,20,0.6019
SURV-03658,36,18,0.5,0.3065,19698.13,6037.9,0.537,3,0,0.172,1,0,Agri / Farmer / Fisherfolk,Living with Parents/Relatives,Single,1,4.8,option_window,defaulted,1,0.6015
SURV-03659,24,14,0.5833,0.1702,19615.65,3338.28,0.768,1,3,0.071,0,0,BPO / Call Center Agent,Living with Parents/Relatives,Widowed,2,3.0,core_stability,completed,10,0.7273
SURV-03660,12,3,0.25,0.3667,24630.8,9033.33,0.344,3,0,0.439,0,0,Sari-Sari / Small Retail,Owned (Clean Title),Single,2,1.3,onboarding_risk,defaulted,1,0.658
SURV-03661,24,15,0.625,0.2526,27239.96,6881.31,0.342,4,1,0.261,0,0,Tricycle / PUV Operator,Owned (Inherited/Tax Dec),Married,1,1.0,core_stability,defaulted,1,0.6395
SURV-03662,24,17,0.7083,0.0896,71490.17,6403.41,0.915,0,7,0.0,0,0,OFW Remittance / Dependent,Living with Parents/Relatives,Married,4,7.5,core_stability,early_settled,0,0.7731
SURV-03663,36,23,0.6389,0.1155,34457.75,3980.68,0.969,0,6,0.0,0,0,Public School Teacher,Owned (Clean Title),Married,1,9.3,option_window,early_settled,0,0.7592
SURV-03664,12,2,0.1667,0.3339,30403.07,10152.15,0.507,3,0,0.407,0,0,BPO / Call Center Agent,Living with Parents/Relatives,Married,1,2.7,onboarding_risk,defaulted,4,0.6549
SURV-03665,12,5,0.4167,0.5129,29042.48,14895.05,0.342,3,0,0.242,0,1,Sari-Sari / Small Retail,Owned (Clean Title),Single,2,9.2,core_stability,defaulted,1,0.6331
SURV-03666,12,7,0.5833,0.2043,28911.41,5906.13,0.684,1,3,0.133,0,0,Employed (Private/Gov),Living with Parents/Relatives,Single,4,7.3,core_stability,completed,5,0.794
SURV-03667,24,8,0.3333,0.2169,18614.89,4036.89,0.813,1,3,0.11,0,0,BPO / Call Center Agent,Owned (Clean Title),Widowed,2,7.0,core_stability,defaulted,1,0.7289
SURV-03668,36,2,0.0556,0.0812,30420.2,2471.21,0.825,1,1,0.046,0,0,Sari-Sari / Small Retail,Owned (Inherited/Tax Dec),Single,0,3.7,onboarding_risk,defaulted,5,0.7115
SURV-03669,12,11,0.9167,0.1209,60410.58,7301.43,0.895,0,7,0.0,0,0,OFW Remittance / Dependent,Living with Parents/Relatives,Married,4,6.3,completion_phase,completed,1,0.8288
SURV-03670,36,2,0.0556,0.513,12509.46,6416.98,0.547,1,0,0.245,0,0,Tricycle / PUV Operator,Owned (Clean Title),Single,0,10.6,onboarding_risk,defaulted,4,0.561
SURV-03671,12,5,0.4167,0.3178,29107.08,9251.54,0.472,1,1,0.191,0,0,Sari-Sari / Small Retail,Owned (Inherited/Tax Dec),Widowed,1,3.8,core_stability,defaulted,2,0.6485
SURV-03672,24,9,0.375,0.0972,48440.18,4707.08,0.882,0,8,0.0,0,0,OFW Remittance / Dependent,Owned (Inherited/Tax Dec),Widowed,1,3.5,core_stability,completed,15,0.7346
SURV-03673,24,8,0.3333,0.3707,23049.1,8543.41,0.307,2,0,0.184,1,0,BPO / Call Center Agent,Living with Parents/Relatives,Single,1,3.9,core_stability,defaulted,1,0.5456
SURV-03674,24,14,0.5833,0.3058,27950.09,8547.57,0.519,2,0,0.322,1,0,Sari-Sari / Small Retail,Owned (Clean Title),Married,1,1.6,core_stability,defaulted,0,0.5989
SURV-03675,12,6,0.5,0.3109,32266.93,10030.89,0.279,3,1,0.42,0,0,Sari-Sari / Small Retail,Living with Parents/Relatives,Married,0,8.3,core_stability,defaulted,0,0.7575
SURV-03676,12,5,0.4167,0.1237,63769.32,7889.72,0.926,0,3,0.0,0,0,OFW Remittance / Dependent,Owned (Clean Title),Single,0,12.3,core_stability,completed,7,0.8165
SURV-03677,36,34,0.9444,0.3085,18851.28,5815.28,0.42,2,0,0.207,1,1,Sari-Sari / Small Retail,Owned (Inherited/Tax Dec),Married,3,17.1,completion_phase,defaulted,1,0.5825
SURV-03678,36,23,0.6389,0.2367,30270.44,7164.14,0.712,1,0,0.096,0,0,Public School Teacher,Living with Parents/Relatives,Married,0,5.8,option_window,completed,13,0.6982
SURV-03679,24,8,0.3333,0.2349,23086.22,5423.46,0.781,1,3,0.007,0,0,Sari-Sari / Small Retail,Owned (Clean Title),Married,1,14.2,core_stability,completed,16,0.7276
SURV-03680,24,10,0.4167,0.1389,59000.32,8196.8,0.981,0,2,0.0,0,0,Public School Teacher,Living with Parents/Relatives,Married,4,8.9,core_stability,completed,14,0.7072
SURV-03681,24,1,0.0417,0.1614,23662.45,3820.23,0.843,1,1,0.014,0,0,Tricycle / PUV Operator,Owned (Inherited/Tax Dec),Widowed,2,8.6,onboarding_risk,completed,23,0.7313
SURV-03682,12,5,0.4167,0.1779,37500.12,6672.21,0.642,0,3,0.018,0,0,Employed (Private/Gov),Owned (Clean Title),Single,1,10.6,core_stability,defaulted,1,0.7916
SURV-03683,12,1,0.0833,0.3595,16467.19,5920.41,0.248,4,0,0.376,0,0,Sari-Sari / Small Retail,Owned (Inherited/Tax Dec),Married,2,5.2,onboarding_risk,defaulted,1,0.7064
SURV-03684,12,4,0.3333,0.8991,13080.5,11760.59,0.501,1,1,0.208,1,1,Agri / Farmer / Fisherfolk,Owned (Inherited/Tax Dec),Married,2,16.0,onboarding_risk,defaulted,2,0.614
SURV-03685,36,14,0.3889,0.3419,12530.45,4283.61,0.372,1,0,0.22,0,0,Agri / Farmer / Fisherfolk,Rented (Apartment/House),Married,1,9.2,option_window,defaulted,0,0.6231
SURV-03686,36,28,0.7778,0.3464,15262.04,5286.93,0.557,1,0,0.4,1,0,Sari-Sari / Small Retail,Rented (Apartment/House),Married,0,3.0,core_stability,defaulted,1,0.5721
SURV-03687,12,10,0.8333,0.615,21664.23,13323.93,0.566,3,0,0.327,0,0,Tricycle / PUV Operator,Owned (Inherited/Tax Dec),Single,4,6.3,completion_phase,defaulted,1,0.5506
SURV-03688,12,1,0.0833,0.2636,35052.3,9238.99,0.645,0,3,0.106,0,0,Employed (Private/Gov),Living with Parents/Relatives,Married,2,10.1,onboarding_risk,early_settled,10,0.7643
SURV-03689,36,20,0.5556,0.0941,26839.03,2524.23,0.874,0,11,0.0,0,0,Public School Teacher,Owned (Clean Title),Widowed,2,14.4,option_window,completed,16,0.7789
SURV-03690,36,30,0.8333,0.13,50250.33,6532.38,0.922,0,11,0.0,0,0,Employed (Private/Gov),Owned (Clean Title),Married,2,7.1,core_stability,early_settled,0,0.7495
SURV-03691,36,29,0.8056,0.2213,25760.0,5699.85,0.709,0,1,0.123,0,0,OFW Remittance / Dependent,Owned (Inherited/Tax Dec),Widowed,2,20.5,core_stability,defaulted,0,0.6894
SURV-03692,12,10,0.8333,0.1759,64595.8,11364.49,0.928,0,2,0.0,0,0,OFW Remittance / Dependent,Owned (Inherited/Tax Dec),Single,2,11.2,completion_phase,completed,2,0.8157
SURV-03693,12,7,0.5833,0.1828,31636.88,5782.79,0.652,1,1,0.072,0,0,Public School Teacher,Living with Parents/Relatives,Married,2,8.4,core_stability,early_settled,4,0.8042
SURV-03694,24,22,0.9167,0.2383,16871.74,4020.93,0.625,0,1,0.072,0,0,OFW Remittance / Dependent,Owned (Inherited/Tax Dec),Married,0,7.5,completion_phase,defaulted,1,0.7292
SURV-03695,12,3,0.25,0.1516,31394.44,4760.72,0.868,0,2,0.0,0,0,BPO / Call Center Agent,Owned (Inherited/Tax Dec),Married,2,5.0,onboarding_risk,defaulted,1,0.7629
SURV-03696,12,6,0.5,0.3389,14567.47,4936.57,0.322,1,0,0.154,0,1,Sari-Sari / Small Retail,Owned (Inherited/Tax Dec),Married,4,4.7,core_stability,completed,6,0.6816
SURV-03697,12,10,0.8333,0.1634,52686.33,8608.69,0.745,1,0,0.048,0,0,OFW Remittance / Dependent,Rented (Apartment/House),Married,2,6.3,completion_phase,defaulted,0,0.7313
SURV-03698,36,22,0.6111,0.2954,15713.85,4642.05,0.606,1,0,0.196,0,1,Tricycle / PUV Operator,Owned (Clean Title),Married,1,5.7,option_window,defaulted,1,0.6036
SURV-03699,36,2,0.0556,0.1102,28502.08,3141.29,0.982,0,1,0.0,0,0,BPO / Call Center Agent,Owned (Clean Title),Widowed,2,18.2,onboarding_risk,completed,34,0.722
SURV-03700,36,17,0.4722,0.1957,36993.42,7237.99,0.711,1,0,0.064,0,0,Employed (Private/Gov),Rented (Apartment/House),Single,1,13.8,option_window,completed,19,0.669
SURV-03701,24,18,0.75,0.1106,41252.73,4561.0,0.976,0,1,0.0,0,0,Public School Teacher,Rented (Apartment/House),Single,2,6.1,core_stability,completed,6,0.7156
SURV-03702,24,3,0.125,0.1748,43831.76,7659.81,0.941,0,1,0.0,0,0,Public School Teacher,Owned (Clean Title),Single,1,6.2,onboarding_risk,completed,21,0.7414
SURV-03703,36,21,0.5833,0.2187,18431.69,4030.28,0.308,1,0,0.313,0,1,Agri / Farmer / Fisherfolk,Rented (Apartment/House),Married,3,8.6,option_window,defaulted,0,0.5487
SURV-03704,36,2,0.0556,0.1832,17783.54,3258.38,0.472,4,0,0.263,1,0,Tricycle / PUV Operator,Living with Parents/Relatives,Single,2,5.4,onboarding_risk,defaulted,6,0.6661
SURV-03705,36,13,0.3611,0.0951,65510.49,6229.59,0.957,0,2,0.0,0,0,OFW Remittance / Dependent,Living with Parents/Relatives,Married,1,9.1,option_window,completed,23,0.7292
SURV-03706,24,10,0.4167,0.3236,25181.43,8148.88,0.334,1,0,0.157,0,0,Sari-Sari / Small Retail,Owned (Clean Title),Married,4,19.2,core_stability,defaulted,0,0.6597
SURV-03707,36,18,0.5,0.1984,24532.16,4867.28,0.619,1,1,0.096,0,0,Public School Teacher,Rented (Apartment/House),Married,1,9.6,option_window,early_settled,3,0.6649
SURV-03708,24,12,0.5,0.2612,25211.54,6584.87,0.515,2,0,0.421,1,1,Employed (Private/Gov),Living with Parents/Relatives,Widowed,3,10.9,option_window,defaulted,0,0.6831
SURV-03709,36,11,0.3056,0.1335,19868.83,2653.18,0.749,0,3,0.143,0,0,OFW Remittance / Dependent,Living with Parents/Relatives,Single,4,13.2,core_stability,completed,25,0.7302
SURV-03710,36,28,0.7778,0.1225,41229.69,5051.75,0.912,0,3,0.0,0,0,Public School Teacher,Owned (Clean Title),Married,0,3.7,core_stability,completed,8,0.7455
SURV-03711,12,8,0.6667,0.1846,24988.08,4612.8,0.308,4,0,0.163,1,0,Sari-Sari / Small Retail,Rented (Apartment/House),Married,1,10.7,core_stability,defaulted,0,0.7484
SURV-03712,24,1,0.0417,0.4097,20688.36,8476.51,0.239,2,1,0.237,0,0,Employed (Private/Gov),Owned (Inherited/Tax Dec),Married,1,8.2,onboarding_risk,defaulted,1,0.6618
SURV-03713,36,31,0.8611,0.3476,16499.85,5735.92,0.634,3,1,0.267,0,0,Employed (Private/Gov),Owned (Clean Title),Married,4,9.5,core_stability,defaulted,0,0.6421
SURV-03714,24,2,0.0833,0.3206,16393.55,5255.57,0.216,1,1,0.307,0,0,Agri / Farmer / Fisherfolk,Owned (Clean Title),Widowed,3,4.3,onboarding_risk,defaulted,6,0.5647
SURV-03715,36,29,0.8056,0.1066,47807.16,5093.95,0.895,0,7,0.0,0,0,OFW Remittance / Dependent,Living with Parents/Relatives,Single,0,24.0,core_stability,completed,7,0.7548
SURV-03716,24,8,0.3333,0.2223,30486.52,6777.1,0.651,1,2,0.012,0,0,Employed (Private/Gov),Living with Parents/Relatives,Married,1,5.0,core_stability,completed,16,0.7127
SURV-03717,24,23,0.9583,0.1419,30475.59,4325.23,0.653,0,3,0.065,0,0,BPO / Call Center Agent,Rented (Apartment/House),Single,4,10.1,completion_phase,completed,1,0.6604
SURV-03718,12,3,0.25,0.2644,34796.86,9199.5,0.602,0,1,0.109,0,0,Employed (Private/Gov),Owned (Inherited/Tax Dec),Widowed,2,5.5,onboarding_risk,completed,9,0.8054
SURV-03719,36,6,0.1667,0.3725,17764.12,6617.26,0.236,2,0,0.374,1,0,Employed (Private/Gov),Rented (Apartment/House),Married,2,8.3,core_stability,defaulted,2,0.6394
SURV-03720,12,5,0.4167,0.2151,30083.77,6471.67,0.486,2,0,0.413,0,0,Employed (Private/Gov),Rented (Apartment/House),Married,3,5.2,core_stability,defaulted,2,0.7229
SURV-03721,36,13,0.3611,0.0947,55455.38,5253.33,0.869,0,2,0.0,0,0,OFW Remittance / Dependent,Rented (Apartment/House),Widowed,1,9.0,option_window,completed,23,0.6944
SURV-03722,24,19,0.7917,0.1481,25681.0,3802.7,0.953,0,10,0.0,0,0,Public School Teacher,Owned (Inherited/Tax Dec),Widowed,1,8.5,core_stability,completed,5,0.779
SURV-03723,36,28,0.7778,0.2259,29846.91,6741.94,0.516,3,0,0.33,0,0,Sari-Sari / Small Retail,Owned (Inherited/Tax Dec),Married,2,2.4,core_stability,defaulted,1,0.6436
SURV-03724,36,35,0.9722,0.2004,21081.64,4224.18,0.412,1,0,0.157,0,1,Agri / Farmer / Fisherfolk,Owned (Clean Title),Married,2,8.9,completion_phase,defaulted,0,0.6727
SURV-03725,36,33,0.9167,0.2513,20971.35,5269.89,0.345,2,1,0.273,0,0,Agri / Farmer / Fisherfolk,Owned (Clean Title),Married,0,7.0,completion_phase,defaulted,1,0.6147
SURV-03726,24,6,0.25,0.0964,40667.12,3922.11,0.862,0,3,0.0,0,0,Public School Teacher,Owned (Clean Title),Widowed,1,3.8,core_stability,completed,18,0.7993
SURV-03727,12,7,0.5833,0.3787,24101.34,9126.95,0.35,1,0,0.302,0,0,Tricycle / PUV Operator,Living with Parents/Relatives,Married,3,5.7,core_stability,defaulted,1,0.6389
SURV-03728,12,2,0.1667,0.1581,55250.41,8734.91,0.978,0,1,0.0,0,0,OFW Remittance / Dependent,Owned (Inherited/Tax Dec),Married,0,12.1,onboarding_risk,completed,10,0.7626
SURV-03729,36,17,0.4722,0.225,18072.68,4065.83,0.257,2,0,0.328,0,0,Agri / Farmer / Fisherfolk,Owned (Clean Title),Married,0,10.1,option_window,early_settled,5,0.6253
SURV-03730,12,10,0.8333,0.4933,14091.57,6950.93,0.462,4,1,0.196,0,0,Agri / Farmer / Fisherfolk,Living with Parents/Relatives,Widowed,1,7.7,completion_phase,defaulted,1,0.5887
SURV-03731,12,9,0.75,0.282,43237.35,12190.82,0.624,0,1,0.068,0,0,OFW Remittance / Dependent,Living with Parents/Relatives,Married,1,10.2,completion_phase,completed,3,0.7716
SURV-03732,12,8,0.6667,0.1997,34383.54,6866.85,0.824,0,3,0.076,0,0,Employed (Private/Gov),Rented (Apartment/House),Single,1,6.9,core_stability,completed,4,0.706
SURV-03733,36,18,0.5,0.1617,21897.25,3541.43,0.768,0,0,0.057,0,0,Agri / Farmer / Fisherfolk,Owned (Clean Title),Widowed,2,7.0,option_window,early_settled,5,0.6074
SURV-03734,12,10,0.8333,0.7708,20036.25,15444.04,0.312,4,0,0.286,1,0,Sari-Sari / Small Retail,Living with Parents/Relatives,Married,4,7.3,completion_phase,defaulted,1,0.6413
SURV-03735,24,14,0.5833,0.3675,15725.32,5779.68,0.483,3,0,0.275,0,0,Agri / Farmer / Fisherfolk,Owned (Clean Title),Married,0,1.6,core_stability,defaulted,1,0.576
SURV-03736,12,8,0.6667,0.4191,16432.98,6886.8,0.476,4,0,0.198,1,0,Agri / Farmer / Fisherfolk,Living with Parents/Relatives,Married,4,8.4,core_stability,defaulted,0,0.6594
SURV-03737,36,4,0.1111,0.0723,61310.13,4429.93,0.997,0,2,0.0,0,0,OFW Remittance / Dependent,Rented (Apartment/House),Married,2,7.6,onboarding_risk,completed,32,0.7378
SURV-03738,24,8,0.3333,0.2613,21034.27,5497.1,0.476,4,0,0.355,1,0,Tricycle / PUV Operator,Rented (Apartment/House),Married,0,21.3,core_stability,defaulted,1,0.6811
SURV-03739,12,9,0.75,0.7714,15393.28,11874.55,0.628,2,0,0.271,0,0,Agri / Farmer / Fisherfolk,Owned (Inherited/Tax Dec),Married,3,6.7,completion_phase,defaulted,1,0.5784
SURV-03740,24,13,0.5417,0.1595,41904.92,6685.18,0.638,1,1,0.014,0,0,Employed (Private/Gov),Living with Parents/Relatives,Married,1,8.4,option_window,defaulted,1,0.7849
SURV-03741,24,15,0.625,0.2524,15056.44,3800.24,0.277,1,0,0.446,0,0,Tricycle / PUV Operator,Owned (Clean Title),Single,1,9.8,core_stability,defaulted,0,0.6336
SURV-03742,12,2,0.1667,0.1321,38664.23,5109.37,0.642,1,1,0.007,0,0,OFW Remittance / Dependent,Living with Parents/Relatives,Married,4,10.5,onboarding_risk,defaulted,2,0.7634
SURV-03743,36,17,0.4722,0.2088,21808.33,4553.96,0.305,2,1,0.219,0,0,BPO / Call Center Agent,Rented (Apartment/House),Married,0,4.2,option_window,defaulted,1,0.6201
SURV-03744,24,3,0.125,0.1996,43153.22,8614.14,0.377,1,0,0.436,0,0,Employed (Private/Gov),Living with Parents/Relatives,Single,4,2.5,onboarding_risk,defaulted,3,0.6329
SURV-03745,36,8,0.2222,0.3951,14737.61,5823.27,0.572,2,0,0.432,1,0,Agri / Farmer / Fisherfolk,Living with Parents/Relatives,Married,0,4.6,core_stability,defaulted,0,0.4855
SURV-03746,12,1,0.0833,0.5733,18062.14,10354.3,0.37,2,1,0.188,0,0,Agri / Farmer / Fisherfolk,Living with Parents/Relatives,Single,2,5.0,onboarding_risk,defaulted,3,0.605
SURV-03747,36,18,0.5,0.4142,14709.09,6092.87,0.505,3,1,0.367,0,0,Tricycle / PUV Operator,Rented (Apartment/House),Married,4,17.8,option_window,defaulted,0,0.5124
SURV-03748,36,33,0.9167,0.2639,22976.71,6062.8,0.395,3,0,0.16,0,0,Tricycle / PUV Operator,Living with Parents/Relatives,Single,2,16.3,completion_phase,defaulted,1,0.6629
SURV-03749,24,18,0.75,0.4529,16609.37,7522.09,0.263,4,1,0.273,1,0,Agri / Farmer / Fisherfolk,Rented (Apartment/House),Married,1,11.1,core_stability,defaulted,1,0.5382
SURV-03750,24,21,0.875,0.0772,39151.07,3021.38,0.927,0,2,0.0,0,0,Public School Teacher,Rented (Apartment/House),Widowed,1,7.5,completion_phase,completed,3,0.7623
SURV-03751,36,1,0.0278,0.527,13312.11,7015.06,0.354,3,1,0.414,1,0,Agri / Farmer / Fisherfolk,Owned (Clean Title),Married,2,1.0,onboarding_risk,defaulted,1,0.5224
SURV-03752,24,21,0.875,0.0792,42025.1,3328.11,0.874,0,2,0.0,0,0,Public School Teacher,Owned (Clean Title),Married,1,6.2,completion_phase,completed,3,0.7708
SURV-03753,36,22,0.6111,0.4404,15378.3,6772.72,0.625,1,0,0.279,0,1,Agri / Farmer / Fisherfolk,Owned (Clean Title),Single,4,8.8,option_window,defaulted,0,0.512
SURV-03754,36,23,0.6389,0.1856,15285.46,2837.65,0.505,1,1,0.424,0,0,Tricycle / PUV Operator,Owned (Inherited/Tax Dec),Married,4,5.6,option_window,defaulted,1,0.5853
SURV-03755,24,6,0.25,0.2584,23006.81,5945.35,0.808,1,3,0.135,1,0,BPO / Call Center Agent,Owned (Inherited/Tax Dec),Married,1,12.9,core_stability,completed,18,0.6399
SURV-03756,36,17,0.4722,0.3546,17120.78,6070.49,0.292,2,0,0.235,1,0,Agri / Farmer / Fisherfolk,Rented (Apartment/House),Widowed,1,8.7,option_window,defaulted,1,0.5585
SURV-03757,24,5,0.2083,0.1391,22786.59,3170.56,0.561,1,0,0.18,1,1,Tricycle / PUV Operator,Rented (Apartment/House),Single,4,7.9,core_stability,defaulted,1,0.6303
SURV-03758,12,2,0.1667,0.756,19530.4,14765.02,0.291,4,0,0.166,0,0,Agri / Farmer / Fisherfolk,Rented (Apartment/House),Married,0,11.0,onboarding_risk,defaulted,3,0.5512
SURV-03759,12,8,0.6667,0.1808,46056.76,8326.1,0.751,0,3,0.019,0,0,Public School Teacher,Rented (Apartment/House),Married,0,10.2,core_stability,completed,4,0.7738
SURV-03760,24,20,0.8333,0.5465,16144.2,8823.23,0.493,1,0,0.23,1,0,Tricycle / PUV Operator,Owned (Clean Title),Married,2,3.9,core_stability,defaulted,0,0.5575
SURV-03761,24,19,0.7917,0.3106,23066.45,7165.28,0.209,4,0,0.432,1,0,Employed (Private/Gov),Rented (Apartment/House),Married,1,13.0,core_stability,defaulted,1,0.5859
SURV-03762,12,9,0.75,0.502,24397.81,12246.53,0.39,3,0,0.361,0,0,Tricycle / PUV Operator,Rented (Apartment/House),Single,1,7.7,completion_phase,defaulted,1,0.5657
SURV-03763,24,15,0.625,0.2686,15835.15,4253.82,0.291,1,0,0.352,1,1,Tricycle / PUV Operator,Owned (Clean Title),Married,3,4.4,core_stability,defaulted,1,0.5784
SURV-03764,12,7,0.5833,0.3046,31580.86,9618.33,0.675,1,3,0.047,0,0,Public School Teacher,Owned (Clean Title),Widowed,0,11.9,core_stability,completed,5,0.7258
SURV-03765,36,24,0.6667,0.2447,24976.66,6111.25,0.828,0,0,0.014,0,0,Sari-Sari / Small Retail,Owned (Inherited/Tax Dec),Single,2,8.8,option_window,completed,12,0.6815
SURV-03766,24,12,0.5,0.0994,64175.35,6378.38,0.88,0,10,0.0,0,0,OFW Remittance / Dependent,Owned (Inherited/Tax Dec),Married,0,4.1,option_window,completed,12,0.7432
SURV-03767,36,4,0.1111,0.0795,32136.46,2555.19,0.966,0,3,0.0,0,0,Employed (Private/Gov),Owned (Inherited/Tax Dec),Married,0,9.5,onboarding_risk,completed,32,0.7751
SURV-03768,24,7,0.2917,0.1904,43831.06,8345.6,0.731,0,0,0.125,0,0,Public School Teacher,Living with Parents/Relatives,Widowed,2,15.1,core_stability,completed,17,0.7371
SURV-03769,36,2,0.0556,0.1903,22649.81,4309.42,0.585,1,0,0.373,0,0,Agri / Farmer / Fisherfolk,Owned (Inherited/Tax Dec),Single,0,11.0,onboarding_risk,defaulted,7,0.6772
SURV-03770,36,19,0.5278,0.2487,23389.31,5816.06,0.789,0,0,0.119,0,0,Sari-Sari / Small Retail,Owned (Inherited/Tax Dec),Married,1,6.4,option_window,completed,17,0.5975
SURV-03771,36,27,0.75,0.1016,36247.77,3681.03,0.704,1,2,0.002,0,0,BPO / Call Center Agent,Owned (Inherited/Tax Dec),Married,1,3.2,core_stability,defaulted,1,0.6682
SURV-03772,24,11,0.4583,0.1087,33066.84,3594.1,0.716,1,2,0.136,0,0,Employed (Private/Gov),Rented (Apartment/House),Married,0,2.1,option_window,defaulted,1,0.6472
SURV-03773,36,24,0.6667,0.3268,22192.36,7251.6,0.555,2,1,0.312,1,0,Tricycle / PUV Operator,Owned (Clean Title),Married,1,2.7,option_window,defaulted,1,0.5904
SURV-03774,24,23,0.9583,0.1119,42655.01,4773.0,0.913,0,7,0.0,0,0,Public School Teacher,Owned (Inherited/Tax Dec),Single,2,20.1,completion_phase,early_settled,0,0.7776
SURV-03775,36,9,0.25,0.3065,17705.12,5426.73,0.595,1,0,0.428,0,0,Agri / Farmer / Fisherfolk,Owned (Clean Title),Married,2,4.2,core_stability,defaulted,1,0.5627
SURV-03776,24,7,0.2917,0.175,17570.67,3075.73,0.597,3,0,0.206,1,0,Agri / Farmer / Fisherfolk,Owned (Clean Title),Widowed,4,7.6,core_stability,defaulted,0,0.6794
SURV-03777,36,28,0.7778,0.2174,18692.53,4064.16,0.507,3,0,0.378,1,1,Agri / Farmer / Fisherfolk,Rented (Apartment/House),Single,1,5.7,core_stability,defaulted,0,0.6095
SURV-03778,12,5,0.4167,0.313,36652.6,11473.74,0.594,4,1,0.239,0,0,Public School Teacher,Owned (Clean Title),Married,2,2.6,core_stability,defaulted,1,0.6616
SURV-03779,12,8,0.6667,0.2225,48239.73,10735.2,0.718,1,0,0.027,1,0,Public School Teacher,Owned (Clean Title),Widowed,2,7.2,core_stability,early_settled,2,0.7658
SURV-03780,24,12,0.5,0.3547,22056.91,7824.3,0.337,4,0,0.421,1,0,Agri / Farmer / Fisherfolk,Owned (Inherited/Tax Dec),Single,1,10.8,option_window,defaulted,1,0.6291
SURV-03781,12,12,1.0,0.3231,39621.97,12802.75,0.396,1,0,0.28,1,0,OFW Remittance / Dependent,Owned (Inherited/Tax Dec),Married,3,5.2,completion_phase,defaulted,0,0.7441
SURV-03782,12,3,0.25,0.4099,37092.18,15204.26,0.53,1,0,0.438,0,0,Public School Teacher,Rented (Apartment/House),Married,2,4.5,onboarding_risk,early_settled,7,0.6574
SURV-03783,36,22,0.6111,0.1109,27020.15,2997.12,0.665,1,0,0.002,0,0,Sari-Sari / Small Retail,Owned (Clean Title),Married,3,11.9,option_window,completed,14,0.687
SURV-03784,24,22,0.9167,0.6058,13756.97,8334.21,0.317,4,0,0.306,0,0,Agri / Farmer / Fisherfolk,Rented (Apartment/House),Single,1,24.2,completion_phase,defaulted,1,0.5295
SURV-03785,36,27,0.75,0.3508,13603.5,4771.74,0.407,4,0,0.268,0,0,Sari-Sari / Small Retail,Living with Parents/Relatives,Single,0,14.3,core_stability,defaulted,1,0.5615
SURV-03786,24,10,0.4167,0.15,25100.24,3765.5,0.242,4,1,0.194,0,0,Tricycle / PUV Operator,Living with Parents/Relatives,Married,2,3.9,core_stability,defaulted,0,0.6815
SURV-03787,36,20,0.5556,0.0857,35719.5,3060.78,0.931,0,5,0.0,0,0,Employed (Private/Gov),Owned (Clean Title),Married,2,2.5,option_window,completed,16,0.7431
SURV-03788,12,8,0.6667,0.1703,35293.92,6009.99,0.707,1,0,0.01,0,0,BPO / Call Center Agent,Owned (Inherited/Tax Dec),Widowed,1,3.2,core_stability,defaulted,0,0.7837
SURV-03789,36,15,0.4167,0.286,19080.29,5456.03,0.474,2,1,0.296,0,0,Agri / Farmer / Fisherfolk,Rented (Apartment/House),Married,3,5.8,option_window,defaulted,1,0.5237
SURV-03790,24,5,0.2083,0.2076,34606.93,7184.86,0.789,0,0,0.024,0,0,BPO / Call Center Agent,Owned (Clean Title),Widowed,2,6.8,core_stability,completed,19,0.7588
SURV-03791,12,6,0.5,0.1482,48518.86,7192.23,0.942,0,6,0.0,0,0,OFW Remittance / Dependent,Owned (Clean Title),Married,1,25.9,core_stability,early_settled,6,0.7817
SURV-03792,12,2,0.1667,0.5596,22693.04,12698.51,0.256,2,0,0.394,1,0,Sari-Sari / Small Retail,Rented (Apartment/House),Married,2,18.1,onboarding_risk,defaulted,5,0.6242
SURV-03793,24,23,0.9583,0.3503,22153.38,7759.61,0.219,4,1,0.167,1,0,Agri / Farmer / Fisherfolk,Owned (Inherited/Tax Dec),Married,1,7.4,completion_phase,defaulted,1,0.6325
SURV-03794,36,17,0.4722,0.531,12000.0,6372.06,0.211,2,1,0.318,1,0,Agri / Farmer / Fisherfolk,Owned (Inherited/Tax Dec),Married,1,13.8,option_window,defaulted,1,0.5421
SURV-03795,12,5,0.4167,0.1318,64661.8,8521.17,0.705,1,2,0.0,1,0,OFW Remittance / Dependent,Rented (Apartment/House),Widowed,0,8.5,core_stability,completed,7,0.7381
SURV-03796,12,3,0.25,0.4609,31124.06,14344.48,0.603,2,0,0.263,0,0,BPO / Call Center Agent,Living with Parents/Relatives,Widowed,4,7.0,onboarding_risk,defaulted,1,0.6744
SURV-03797,36,24,0.6667,0.2494,12000.0,2992.49,0.746,0,1,0.034,0,0,Employed (Private/Gov),Living with Parents/Relatives,Married,2,7.9,option_window,completed,12,0.7067
SURV-03798,24,16,0.6667,0.4296,19049.46,8184.07,0.553,4,0,0.25,1,0,Agri / Farmer / Fisherfolk,Owned (Clean Title),Single,3,2.3,core_stability,defaulted,0,0.5984
SURV-03799,36,27,0.75,0.263,19622.3,5160.28,0.441,2,0,0.24,0,1,Tricycle / PUV Operator,Owned (Clean Title),Married,4,3.3,core_stability,defaulted,1,0.5957
SURV-03800,12,3,0.25,0.1859,38570.66,7169.69,0.615,1,3,0.002,0,0,BPO / Call Center Agent,Owned (Clean Title),Married,3,6.3,onboarding_risk,defaulted,1,0.7822
SURV-03801,36,20,0.5556,0.2713,23735.34,6440.07,0.377,3,0,0.235,0,0,Agri / Farmer / Fisherfolk,Living with Parents/Relatives,Married,4,6.1,option_window,defaulted,0,0.5929
SURV-03802,36,16,0.4444,0.2178,21649.67,4714.77,0.217,1,1,0.319,0,0,Sari-Sari / Small Retail,Rented (Apartment/House),Married,1,3.6,option_window,early_settled,4,0.6297
SURV-03803,24,22,0.9167,0.1782,34802.66,6201.19,0.698,1,1,0.012,0,0,Employed (Private/Gov),Owned (Clean Title),Widowed,4,3.3,completion_phase,completed,2,0.6716
SURV-03804,36,19,0.5278,0.1713,30571.2,5235.64,0.892,0,1,0.0,0,0,Public School Teacher,Owned (Inherited/Tax Dec),Single,3,10.4,option_window,completed,17,0.7186
SURV-03805,24,3,0.125,0.2904,25332.61,7355.48,0.486,4,1,0.283,0,0,Employed (Private/Gov),Living with Parents/Relatives,Married,2,1.3,onboarding_risk,defaulted,5,0.697
SURV-03806,24,10,0.4167,0.3033,24975.58,7576.27,0.438,4,0,0.375,0,0,Sari-Sari / Small Retail,Living with Parents/Relatives,Widowed,1,5.4,core_stability,defaulted,1,0.6565
SURV-03807,24,6,0.25,0.1452,48453.45,7036.13,0.698,1,1,0.047,0,0,OFW Remittance / Dependent,Rented (Apartment/House),Single,1,3.3,core_stability,defaulted,0,0.7365
SURV-03808,24,21,0.875,0.2262,26368.91,5965.83,0.402,4,0,0.347,0,0,Employed (Private/Gov),Rented (Apartment/House),Widowed,3,2.7,completion_phase,defaulted,1,0.586
SURV-03809,36,19,0.5278,0.2089,18397.47,3844.06,0.571,3,0,0.245,0,1,Agri / Farmer / Fisherfolk,Living with Parents/Relatives,Married,0,7.4,option_window,defaulted,0,0.5942
SURV-03810,36,28,0.7778,0.3173,17614.02,5589.62,0.408,3,0,0.279,0,0,Tricycle / PUV Operator,Owned (Clean Title),Married,1,12.2,core_stability,defaulted,0,0.6232
SURV-03811,36,33,0.9167,0.1402,27849.12,3905.06,0.891,0,6,0.0,0,0,Employed (Private/Gov),Owned (Inherited/Tax Dec),Widowed,2,7.4,completion_phase,completed,3,0.7094
SURV-03812,36,4,0.1111,0.1968,31744.27,6246.01,0.424,1,1,0.423,1,0,BPO / Call Center Agent,Living with Parents/Relatives,Single,0,4.6,onboarding_risk,defaulted,1,0.6733
SURV-03813,24,1,0.0417,0.1351,45461.03,6141.74,0.752,1,1,0.051,0,0,OFW Remittance / Dependent,Owned (Clean Title),Widowed,1,3.2,onboarding_risk,completed,23,0.7429
SURV-03814,36,29,0.8056,0.1371,30040.5,4117.84,0.654,0,3,0.034,0,0,Employed (Private/Gov),Rented (Apartment/House),Single,0,10.9,core_stability,defaulted,1,0.6757
SURV-03815,12,8,0.6667,0.2925,31274.72,9147.18,0.683,1,3,0.008,0,0,Public School Teacher,Owned (Inherited/Tax Dec),Married,2,14.3,core_stability,completed,4,0.7768
SURV-03816,12,3,0.25,0.9159,16950.59,15524.5,0.293,1,1,0.31,0,0,Tricycle / PUV Operator,Rented (Apartment/House),Married,1,12.4,onboarding_risk,defaulted,3,0.604
SURV-03817,12,8,0.6667,0.1307,61168.11,7996.28,0.743,0,3,0.124,0,0,OFW Remittance / Dependent,Living with Parents/Relatives,Married,1,4.0,core_stability,completed,4,0.7523
SURV-03818,24,23,0.9583,0.356,12000.0,4272.26,0.637,4,0,0.191,1,0,Agri / Farmer / Fisherfolk,Rented (Apartment/House),Married,1,7.1,completion_phase,defaulted,0,0.6032
SURV-03819,36,12,0.3333,0.0758,38931.48,2951.91,0.954,0,7,0.0,0,0,Employed (Private/Gov),Owned (Clean Title),Widowed,0,12.4,option_window,early_settled,6,0.7379
SURV-03820,24,15,0.625,0.3546,19363.18,6865.47,0.265,2,1,0.265,1,0,Agri / Farmer / Fisherfolk,Owned (Clean Title),Single,1,2.5,core_stability,defaulted,0,0.6112
SURV-03821,36,14,0.3889,0.2531,21027.06,5322.57,0.297,4,0,0.415,1,0,Agri / Farmer / Fisherfolk,Owned (Clean Title),Married,0,1.6,option_window,defaulted,1,0.5974
SURV-03822,12,1,0.0833,0.2127,56514.57,12020.13,0.725,0,1,0.11,0,0,OFW Remittance / Dependent,Living with Parents/Relatives,Married,2,6.0,onboarding_risk,completed,11,0.7874
SURV-03823,36,12,0.3333,0.1369,23507.36,3218.17,0.424,3,1,0.19,1,0,BPO / Call Center Agent,Rented (Apartment/House),Married,3,1.0,option_window,defaulted,1,0.618
SURV-03824,12,8,0.6667,0.3021,36501.26,11027.74,0.731,0,3,0.07,0,0,Public School Teacher,Living with Parents/Relatives,Widowed,0,5.1,core_stability,completed,4,0.7236
SURV-03825,12,4,0.3333,0.2647,25111.14,6648.01,0.63,2,0,0.237,0,0,BPO / Call Center Agent,Rented (Apartment/House),Married,3,1.1,onboarding_risk,defaulted,0,0.6787
SURV-03826,12,1,0.0833,0.5129,20291.87,10406.91,0.443,3,1,0.375,0,0,Agri / Farmer / Fisherfolk,Owned (Inherited/Tax Dec),Single,3,4.9,onboarding_risk,defaulted,1,0.5952
SURV-03827,24,24,1.0,0.1022,31261.33,3195.42,0.99,0,11,0.0,0,0,Public School Teacher,Living with Parents/Relatives,Single,2,16.4,completion_phase,completed,0,0.804
SURV-03828,36,21,0.5833,0.082,46565.39,3817.3,0.917,0,10,0.0,0,0,OFW Remittance / Dependent,Owned (Clean Title),Married,2,7.2,option_window,early_settled,6,0.7418
SURV-03829,36,18,0.5,0.1581,25368.18,4010.63,0.516,1,0,0.393,1,0,Employed (Private/Gov),Rented (Apartment/House),Widowed,3,3.9,option_window,defaulted,1,0.6887
SURV-03830,12,9,0.75,0.362,40717.97,14738.72,0.391,2,1,0.272,0,1,BPO / Call Center Agent,Living with Parents/Relatives,Widowed,0,3.1,completion_phase,defaulted,0,0.6799
SURV-03831,36,21,0.5833,0.1964,21889.12,4298.67,0.658,1,0,0.131,0,0,Public School Teacher,Rented (Apartment/House),Married,1,14.2,option_window,completed,15,0.739
SURV-03832,12,3,0.25,0.681,15125.98,10300.3,0.591,3,1,0.351,0,0,Agri / Farmer / Fisherfolk,Owned (Clean Title),Single,1,5.5,onboarding_risk,defaulted,0,0.5755
SURV-03833,36,21,0.5833,0.2704,13514.68,3654.27,0.458,2,0,0.18,0,0,Agri / Farmer / Fisherfolk,Living with Parents/Relatives,Single,1,11.3,option_window,completed,15,0.6301
SURV-03834,24,14,0.5833,0.2244,22736.92,5101.49,0.551,3,0,0.166,0,0,Agri / Farmer / Fisherfolk,Living with Parents/Relatives,Single,1,5.4,core_stability,defaulted,0,0.6802
SURV-03835,12,2,0.1667,0.3511,40592.64,14252.7,0.489,4,0,0.442,0,1,OFW Remittance / Dependent,Owned (Inherited/Tax Dec),Married,0,9.0,onboarding_risk,defaulted,3,0.7194
SURV-03836,24,14,0.5833,0.2114,43466.51,9188.61,0.607,0,0,0.046,0,0,OFW Remittance / Dependent,Owned (Clean Title),Married,1,8.8,core_stability,defaulted,0,0.7358
SURV-03837,24,14,0.5833,0.1705,42543.1,7254.96,0.815,0,1,0.073,0,0,Public School Teacher,Owned (Inherited/Tax Dec),Married,3,3.9,core_stability,completed,10,0.7547
SURV-03838,24,20,0.8333,0.3507,22789.51,7991.81,0.469,2,0,0.173,1,0,BPO / Call Center Agent,Living with Parents/Relatives,Married,0,16.0,core_stability,defaulted,1,0.6822
SURV-03839,12,7,0.5833,0.3066,19539.7,5991.04,0.301,3,0,0.349,1,0,Tricycle / PUV Operator,Owned (Clean Title),Single,2,6.8,core_stability,defaulted,1,0.6314
SURV-03840,36,15,0.4167,0.1033,25214.1,2604.44,0.675,1,1,0.066,0,0,Sari-Sari / Small Retail,Living with Parents/Relatives,Married,3,3.8,option_window,completed,21,0.6261
SURV-03841,12,1,0.0833,0.639,17966.58,11481.37,0.527,1,0,0.298,0,1,Agri / Farmer / Fisherfolk,Owned (Clean Title),Widowed,2,1.0,onboarding_risk,defaulted,2,0.6398
SURV-03842,24,7,0.2917,0.1955,21056.64,4117.04,0.214,4,1,0.361,0,0,Tricycle / PUV Operator,Rented (Apartment/House),Single,2,7.2,core_stability,defaulted,1,0.6659
SURV-03843,12,4,0.3333,0.2286,24730.69,5652.76,0.844,1,1,0.06,0,0,BPO / Call Center Agent,Living with Parents/Relatives,Married,0,12.3,onboarding_risk,completed,8,0.7416
SURV-03844,12,10,0.8333,0.2566,46826.32,12015.62,0.534,2,0,0.252,1,0,OFW Remittance / Dependent,Owned (Clean Title),Single,4,2.0,completion_phase,defaulted,0,0.6131
SURV-03845,36,14,0.3889,0.1613,26792.84,4321.42,0.607,1,2,0.085,0,0,Sari-Sari / Small Retail,Living with Parents/Relatives,Married,0,12.8,option_window,defaulted,1,0.612
SURV-03846,12,1,0.0833,0.358,38642.79,13835.39,0.215,1,1,0.407,1,0,BPO / Call Center Agent,Owned (Clean Title),Married,0,7.6,onboarding_risk,defaulted,5,0.7826
SURV-03847,24,4,0.1667,0.4861,13181.76,6407.18,0.483,4,1,0.229,0,0,Agri / Farmer / Fisherfolk,Owned (Inherited/Tax Dec),Married,0,12.6,onboarding_risk,defaulted,1,0.5487
SURV-03848,36,17,0.4722,0.4114,15689.87,6454.99,0.448,4,0,0.351,1,0,Tricycle / PUV Operator,Owned (Clean Title),Married,0,5.7,option_window,defaulted,0,0.5495
SURV-03849,24,9,0.375,0.1796,32347.68,5810.73,0.386,1,1,0.341,1,0,Sari-Sari / Small Retail,Living with Parents/Relatives,Widowed,1,4.7,core_stability,defaulted,1,0.6415
SURV-03850,24,15,0.625,0.0667,40597.81,2706.59,0.983,0,7,0.0,0,0,OFW Remittance / Dependent,Owned (Clean Title),Widowed,1,6.9,core_stability,early_settled,0,0.7561
SURV-03851,36,32,0.8889,0.2664,17892.15,4766.41,0.552,3,0,0.194,0,0,Agri / Farmer / Fisherfolk,Living with Parents/Relatives,Widowed,1,1.8,core_stability,defaulted,0,0.5844
SURV-03852,24,20,0.8333,0.3831,21292.34,8157.66,0.222,4,0,0.23,0,0,Agri / Farmer / Fisherfolk,Owned (Clean Title),Married,0,3.8,core_stability,defaulted,1,0.5989
SURV-03853,24,5,0.2083,0.3159,18939.95,5982.64,0.628,3,1,0.271,1,0,Agri / Farmer / Fisherfolk,Rented (Apartment/House),Widowed,3,7.3,core_stability,defaulted,3,0.6084
SURV-03854,24,23,0.9583,0.1948,36606.44,7131.14,0.733,0,3,0.011,0,0,Public School Teacher,Rented (Apartment/House),Married,1,13.1,completion_phase,completed,1,0.7181
SURV-03855,12,1,0.0833,0.1478,48425.6,7158.8,0.997,0,1,0.0,0,0,Public School Teacher,Owned (Inherited/Tax Dec),Single,0,5.8,onboarding_risk,completed,11,0.7972
SURV-03856,36,17,0.4722,0.1866,23202.56,4329.99,0.696,0,1,0.029,0,0,Employed (Private/Gov),Living with Parents/Relatives,Single,3,8.1,option_window,completed,19,0.6607
SURV-03857,24,10,0.4167,0.1353,54548.75,7381.39,0.972,0,4,0.0,0,0,OFW Remittance / Dependent,Owned (Clean Title),Married,0,8.8,core_stability,completed,14,0.7616
SURV-03858,24,9,0.375,0.3083,23609.44,7278.74,0.463,3,0,0.174,1,0,Agri / Farmer / Fisherfolk,Owned (Clean Title),Widowed,4,7.1,core_stability,defaulted,1,0.6091
SURV-03859,12,10,0.8333,0.7118,18366.93,13073.47,0.419,1,0,0.381,1,0,Agri / Farmer / Fisherfolk,Rented (Apartment/House),Married,4,10.2,completion_phase,defaulted,1,0.5736
SURV-03860,24,22,0.9167,0.2117,31690.62,6707.42,0.709,1,0,0.033,0,0,BPO / Call Center Agent,Rented (Apartment/House),Widowed,2,9.2,completion_phase,defaulted,0,0.6654
SURV-03861,24,4,0.1667,0.2593,18549.0,4808.94,0.411,2,0,0.269,0,0,Agri / Farmer / Fisherfolk,Living with Parents/Relatives,Married,1,10.3,onboarding_risk,defaulted,0,0.6434
SURV-03862,24,3,0.125,0.2349,33090.48,7773.23,0.279,2,0,0.399,1,0,BPO / Call Center Agent,Owned (Clean Title),Widowed,2,1.8,onboarding_risk,defaulted,0,0.6262
SURV-03863,36,10,0.2778,0.173,18466.01,3194.42,0.603,0,2,0.118,0,0,Sari-Sari / Small Retail,Living with Parents/Relatives,Married,1,11.4,core_stability,completed,26,0.6582
SURV-03864,36,8,0.2222,0.0713,42514.85,3031.92,0.862,0,8,0.0,0,0,OFW Remittance / Dependent,Owned (Clean Title),Single,3,5.8,core_stability,early_settled,19,0.7476
SURV-03865,12,9,0.75,0.202,25639.02,5180.22,0.417,2,0,0.346,0,1,BPO / Call Center Agent,Rented (Apartment/House),Widowed,2,4.3,completion_phase,defaulted,0,0.6839
SURV-03866,12,3,0.25,0.1452,52512.28,7625.49,0.83,1,3,0.117,0,0,OFW Remittance / Dependent,Owned (Clean Title),Married,2,4.3,onboarding_risk,defaulted,1,0.7366
SURV-03867,12,6,0.5,0.1307,45401.38,5932.52,0.905,0,4,0.0,0,0,OFW Remittance / Dependent,Owned (Inherited/Tax Dec),Married,4,5.4,core_stability,completed,6,0.716
SURV-03868,24,11,0.4583,0.332,25180.97,8360.32,0.622,1,0,0.364,1,1,Tricycle / PUV Operator,Owned (Inherited/Tax Dec),Widowed,1,1.6,option_window,completed,13,0.609
SURV-03869,36,3,0.0833,0.1305,32521.87,4244.16,0.81,0,2,0.037,0,0,Employed (Private/Gov),Rented (Apartment/House),Married,2,6.3,onboarding_risk,completed,33,0.6929
SURV-03870,24,1,0.0417,0.3453,25010.57,8637.28,0.627,1,0,0.283,0,0,BPO / Call Center Agent,Rented (Apartment/House),Married,2,8.9,onboarding_risk,completed,23,0.6366
SURV-03871,36,29,0.8056,0.1695,32204.27,5457.26,0.978,0,4,0.0,0,0,Public School Teacher,Owned (Clean Title),Married,1,10.7,core_stability,completed,7,0.7786
SURV-03872,36,8,0.2222,0.2356,22510.08,5304.27,0.811,1,0,0.031,0,0,Sari-Sari / Small Retail,Owned (Clean Title),Married,1,15.6,core_stability,defaulted,1,0.6531
SURV-03873,24,7,0.2917,0.1868,41889.11,7826.35,0.579,4,0,0.301,1,0,Employed (Private/Gov),Rented (Apartment/House),Single,1,4.4,core_stability,defaulted,1,0.679
SURV-03874,36,21,0.5833,0.1189,17462.36,2076.49,0.626,1,0,0.064,0,0,Tricycle / PUV Operator,Owned (Inherited/Tax Dec),Widowed,0,5.6,option_window,defaulted,1,0.668
SURV-03875,24,3,0.125,0.1782,35789.71,6377.37,0.837,1,3,0.058,0,0,BPO / Call Center Agent,Living with Parents/Relatives,Married,1,11.8,onboarding_risk,completed,21,0.7261
SURV-03876,36,7,0.1944,0.4499,15964.65,7182.63,0.594,1,0,0.441,0,0,Tricycle / PUV Operator,Rented (Apartment/House),Married,2,2.1,core_stability,defaulted,1,0.5061
SURV-03877,24,12,0.5,0.1142,57535.15,6569.26,0.677,0,0,0.099,0,0,OFW Remittance / Dependent,Living with Parents/Relatives,Single,2,4.7,option_window,early_settled,3,0.6938
SURV-03878,36,28,0.7778,0.1329,41805.63,5555.78,0.661,1,0,0.039,0,0,Public School Teacher,Living with Parents/Relatives,Married,2,2.9,core_stability,defaulted,0,0.7142
SURV-03879,24,19,0.7917,0.1833,30202.67,5534.75,0.785,0,2,0.145,0,0,Employed (Private/Gov),Owned (Inherited/Tax Dec),Widowed,2,7.3,core_stability,completed,5,0.7527
SURV-03880,24,15,0.625,0.274,27914.25,7647.6,0.838,0,2,0.101,0,0,Employed (Private/Gov),Living with Parents/Relatives,Married,0,5.6,core_stability,completed,9,0.6346
SURV-03881,12,4,0.3333,0.4375,24218.85,10595.06,0.572,1,0,0.269,1,0,BPO / Call Center Agent,Rented (Apartment/House),Widowed,1,22.1,onboarding_risk,defaulted,0,0.6498
SURV-03882,36,35,0.9722,0.0689,48888.23,3369.06,0.667,0,3,0.087,0,0,OFW Remittance / Dependent,Rented (Apartment/House),Married,3,4.7,completion_phase,defaulted,0,0.6244
SURV-03883,24,16,0.6667,0.4039,13363.77,5397.11,0.573,3,0,0.329,0,0,Sari-Sari / Small Retail,Rented (Apartment/House),Married,1,3.2,core_stability,defaulted,0,0.5755
SURV-03884,12,11,0.9167,0.2454,29144.32,7152.79,0.366,2,0,0.297,0,1,Sari-Sari / Small Retail,Rented (Apartment/House),Married,3,1.3,completion_phase,defaulted,1,0.6106
SURV-03885,24,11,0.4583,0.129,53043.33,6842.27,0.609,0,0,0.013,0,0,OFW Remittance / Dependent,Living with Parents/Relatives,Widowed,0,3.4,option_window,completed,13,0.7283
SURV-03886,36,4,0.1111,0.1728,34161.46,5903.49,0.936,0,4,0.0,0,0,Public School Teacher,Living with Parents/Relatives,Married,2,7.2,onboarding_risk,completed,32,0.6558
SURV-03887,12,11,0.9167,0.5116,15564.0,7963.12,0.512,1,0,0.309,0,0,Tricycle / PUV Operator,Owned (Clean Title),Married,2,15.4,completion_phase,defaulted,0,0.6003
SURV-03888,12,6,0.5,0.2379,47416.51,11280.54,0.603,0,3,0.098,0,0,OFW Remittance / Dependent,Rented (Apartment/House),Married,0,9.1,core_stability,defaulted,0,0.7261
SURV-03889,12,4,0.3333,0.2571,29362.7,7548.56,0.61,2,0,0.238,0,0,Employed (Private/Gov),Living with Parents/Relatives,Married,3,4.2,onboarding_risk,defaulted,3,0.6866
SURV-03890,36,11,0.3056,0.2468,12387.65,3057.86,0.774,0,3,0.047,1,0,Sari-Sari / Small Retail,Owned (Inherited/Tax Dec),Single,0,14.5,core_stability,defaulted,1,0.692
SURV-03891,12,2,0.1667,0.2717,20125.82,5467.69,0.25,1,0,0.18,1,0,Sari-Sari / Small Retail,Owned (Clean Title),Married,2,7.1,onboarding_risk,defaulted,4,0.6823
SURV-03892,36,15,0.4167,0.2893,19966.6,5776.31,0.312,3,1,0.391,0,1,Sari-Sari / Small Retail,Living with Parents/Relatives,Married,0,6.1,option_window,defaulted,0,0.5831
SURV-03893,12,1,0.0833,0.1169,46466.66,5434.08,0.924,0,1,0.0,0,0,OFW Remittance / Dependent,Owned (Inherited/Tax Dec),Single,2,4.8,onboarding_risk,completed,11,0.8187
SURV-03894,36,4,0.1111,0.1866,30574.83,5704.87,0.792,1,3,0.045,1,0,BPO / Call Center Agent,Owned (Inherited/Tax Dec),Single,1,12.0,onboarding_risk,completed,32,0.6549
SURV-03895,24,14,0.5833,0.2562,12024.31,3080.12,0.301,4,0,0.189,0,0,BPO / Call Center Agent,Living with Parents/Relatives,Single,1,4.9,core_stability,completed,10,0.679
SURV-03896,12,3,0.25,0.288,41708.26,12013.49,0.202,3,1,0.152,0,0,Public School Teacher,Owned (Inherited/Tax Dec),Widowed,3,4.6,onboarding_risk,defaulted,4,0.7375
SURV-03897,24,20,0.8333,0.2416,29719.97,7179.21,0.303,1,1,0.32,1,0,BPO / Call Center Agent,Owned (Inherited/Tax Dec),Married,1,1.0,core_stability,defaulted,1,0.6812
SURV-03898,24,23,0.9583,0.1695,27094.38,4591.57,0.634,0,0,0.056,0,0,BPO / Call Center Agent,Living with Parents/Relatives,Married,1,8.7,completion_phase,completed,1,0.6929
SURV-03899,24,16,0.6667,0.0976,43135.01,4211.75,0.944,0,12,0.0,0,0,Employed (Private/Gov),Owned (Inherited/Tax Dec),Single,2,3.7,core_stability,completed,8,0.7257
SURV-03900,12,3,0.25,0.3016,45006.24,13575.39,0.212,2,0,0.269,0,0,Public School Teacher,Owned (Clean Title),Married,2,3.5,onboarding_risk,defaulted,0,0.7099
SURV-03901,12,8,0.6667,0.3719,32958.04,12256.7,0.506,4,1,0.231,0,0,Public School Teacher,Owned (Inherited/Tax Dec),Single,2,9.6,core_stability,defaulted,1,0.7167
SURV-03902,12,11,0.9167,0.3079,39998.53,12315.37,0.283,1,1,0.351,0,1,BPO / Call Center Agent,Owned (Inherited/Tax Dec),Single,1,8.4,completion_phase,defaulted,1,0.7288
SURV-03903,12,8,0.6667,0.1195,40746.42,4871.16,0.951,0,8,0.0,0,0,Public School Teacher,Living with Parents/Relatives,Widowed,1,8.2,core_stability,completed,4,0.8145
SURV-03904,36,4,0.1111,0.2167,26845.8,5818.27,0.546,1,1,0.154,1,0,Tricycle / PUV Operator,Rented (Apartment/House),Widowed,0,7.9,onboarding_risk,defaulted,3,0.6004
SURV-03905,12,2,0.1667,0.2066,24046.57,4968.35,0.635,0,1,0.068,0,0,BPO / Call Center Agent,Owned (Inherited/Tax Dec),Married,4,10.8,onboarding_risk,completed,10,0.7076
SURV-03906,36,34,0.9444,0.0573,50165.53,2874.41,0.932,0,3,0.0,0,0,Public School Teacher,Living with Parents/Relatives,Single,0,6.2,completion_phase,completed,2,0.7649
SURV-03907,24,23,0.9583,0.1705,33178.0,5658.18,0.698,1,0,0.072,0,0,Employed (Private/Gov),Living with Parents/Relatives,Single,3,9.0,completion_phase,defaulted,1,0.7251
SURV-03908,36,31,0.8611,0.2124,28531.31,6058.69,0.382,1,0,0.386,0,0,Sari-Sari / Small Retail,Living with Parents/Relatives,Married,3,8.8,core_stability,defaulted,0,0.675
SURV-03909,24,9,0.375,0.4087,17254.28,7052.44,0.631,4,0,0.195,1,0,Tricycle / PUV Operator,Living with Parents/Relatives,Married,1,14.0,core_stability,defaulted,0,0.6237
SURV-03910,24,19,0.7917,0.2296,12000.0,2754.62,0.388,3,0,0.34,0,0,Agri / Farmer / Fisherfolk,Owned (Clean Title),Single,0,15.1,core_stability,defaulted,0,0.6354
SURV-03911,12,7,0.5833,0.0819,56839.51,4657.64,0.983,0,3,0.0,0,0,OFW Remittance / Dependent,Owned (Clean Title),Widowed,0,17.2,core_stability,completed,5,0.8139
SURV-03912,36,17,0.4722,0.0965,64182.59,6195.91,0.856,0,12,0.0,0,0,OFW Remittance / Dependent,Owned (Clean Title),Widowed,1,5.6,option_window,early_settled,8,0.7565
SURV-03913,36,28,0.7778,0.2528,23425.77,5922.03,0.4,4,0,0.273,0,0,Sari-Sari / Small Retail,Owned (Clean Title),Single,1,7.4,core_stability,defaulted,0,0.6338
SURV-03914,24,5,0.2083,0.2495,26886.33,6706.91,0.551,2,0,0.243,0,1,Sari-Sari / Small Retail,Living with Parents/Relatives,Married,1,10.1,core_stability,early_settled,6,0.6399
SURV-03915,36,2,0.0556,0.0577,35882.25,2072.07,0.863,0,1,0.0,0,0,Employed (Private/Gov),Owned (Clean Title),Widowed,4,3.6,onboarding_risk,completed,34,0.7122
SURV-03916,36,21,0.5833,0.2694,16778.55,4520.88,0.493,2,1,0.294,0,1,Agri / Farmer / Fisherfolk,Living with Parents/Relatives,Widowed,1,6.2,option_window,defaulted,0,0.5982
SURV-03917,36,26,0.7222,0.185,31324.6,5796.2,0.688,0,1,0.067,0,0,BPO / Call Center Agent,Owned (Clean Title),Single,0,18.5,core_stability,completed,10,0.69
SURV-03918,24,20,0.8333,0.3045,27888.49,8491.41,0.297,2,0,0.358,1,1,Employed (Private/Gov),Rented (Apartment/House),Married,2,5.3,core_stability,defaulted,0,0.6921
SURV-03919,24,2,0.0833,0.0821,70965.54,5828.4,0.852,0,2,0.0,0,0,OFW Remittance / Dependent,Living with Parents/Relatives,Single,2,4.1,onboarding_risk,completed,22,0.6889
SURV-03920,12,9,0.75,0.5515,27153.82,14976.28,0.237,3,1,0.303,1,0,Sari-Sari / Small Retail,Owned (Inherited/Tax Dec),Widowed,3,6.8,completion_phase,defaulted,1,0.6254
SURV-03921,24,17,0.7083,0.2829,21086.9,5966.32,0.639,1,0,0.362,0,1,Agri / Farmer / Fisherfolk,Owned (Inherited/Tax Dec),Married,4,11.2,core_stability,completed,7,0.6442
SURV-03922,24,2,0.0833,0.1757,32555.14,5720.82,0.685,1,2,0.132,1,0,BPO / Call Center Agent,Rented (Apartment/House),Married,2,5.2,onboarding_risk,completed,22,0.7091
SURV-03923,36,18,0.5,0.1447,32088.8,4644.07,0.444,4,1,0.325,1,0,Sari-Sari / Small Retail,Rented (Apartment/House),Married,3,11.2,option_window,defaulted,0,0.6625
SURV-03924,12,11,0.9167,0.3296,25728.75,8479.16,0.349,1,0,0.186,0,0,Sari-Sari / Small Retail,Owned (Inherited/Tax Dec),Married,3,8.2,completion_phase,defaulted,0,0.7417
SURV-03925,12,6,0.5,0.4675,27065.68,12653.22,0.288,4,0,0.383,0,0,Tricycle / PUV Operator,Owned (Inherited/Tax Dec),Married,1,5.7,core_stability,defaulted,1,0.6014
SURV-03926,24,7,0.2917,0.2532,35473.01,8980.32,0.644,1,2,0.094,0,0,BPO / Call Center Agent,Living with Parents/Relatives,Widowed,0,12.5,core_stability,completed,17,0.657
SURV-03927,12,5,0.4167,0.2908,15908.74,4626.99,0.408,3,0,0.304,0,0,Agri / Farmer / Fisherfolk,Living with Parents/Relatives,Single,1,4.6,core_stability,defaulted,0,0.6338
SURV-03928,36,19,0.5278,0.3374,12115.05,4087.9,0.369,2,0,0.268,0,0,Tricycle / PUV Operator,Living with Parents/Relatives,Widowed,3,2.5,option_window,defaulted,1,0.5709
SURV-03929,12,1,0.0833,0.2182,44888.82,9794.89,0.813,0,2,0.002,0,0,OFW Remittance / Dependent,Living with Parents/Relatives,Married,1,11.7,onboarding_risk,completed,11,0.7617
SURV-03930,24,6,0.25,0.1103,25881.5,2853.63,0.819,1,1,0.077,1,0,Sari-Sari / Small Retail,Owned (Inherited/Tax Dec),Married,1,8.7,core_stability,completed,18,0.7399
SURV-03931,12,9,0.75,0.3077,32001.44,9846.49,0.377,4,0,0.153,0,1,Public School Teacher,Owned (Clean Title),Widowed,2,4.7,completion_phase,defaulted,0,0.7151
SURV-03932,12,6,0.5,0.2186,29294.62,6404.55,0.774,0,2,0.003,1,0,Employed (Private/Gov),Owned (Inherited/Tax Dec),Widowed,0,12.4,core_stability,completed,6,0.7491
SURV-03933,12,3,0.25,0.2804,28636.83,8029.89,0.242,4,1,0.246,1,0,Sari-Sari / Small Retail,Owned (Inherited/Tax Dec),Single,3,1.5,onboarding_risk,defaulted,4,0.7312
SURV-03934,12,5,0.4167,0.2669,22830.82,6093.24,0.738,1,1,0.051,0,0,BPO / Call Center Agent,Owned (Inherited/Tax Dec),Married,0,7.7,core_stability,defaulted,1,0.7492
SURV-03935,36,28,0.7778,0.1737,18704.8,3249.4,0.394,3,0,0.418,0,0,Tricycle / PUV Operator,Rented (Apartment/House),Widowed,1,4.4,core_stability,completed,8,0.5303
SURV-03936,24,5,0.2083,0.1415,40810.28,5774.55,0.778,0,1,0.116,0,0,BPO / Call Center Agent,Rented (Apartment/House),Married,2,6.9,core_stability,defaulted,0,0.7041
SURV-03937,36,26,0.7222,0.0379,63199.26,2394.68,0.957,0,3,0.0,0,0,OFW Remittance / Dependent,Owned (Clean Title),Married,0,11.8,core_stability,completed,10,0.7917
SURV-03938,12,5,0.4167,0.3068,37579.97,11528.49,0.275,1,0,0.39,0,0,Public School Teacher,Owned (Inherited/Tax Dec),Married,1,1.4,core_stability,defaulted,0,0.7296
SURV-03939,24,16,0.6667,0.2333,31557.35,7362.67,0.641,0,1,0.001,0,0,Public School Teacher,Rented (Apartment/House),Widowed,2,9.3,core_stability,completed,8,0.6713
SURV-03940,36,32,0.8889,0.2965,20448.24,6062.4,0.235,3,1,0.223,1,1,Agri / Farmer / Fisherfolk,Living with Parents/Relatives,Married,2,9.6,core_stability,defaulted,0,0.6136
SURV-03941,24,7,0.2917,0.1319,33506.35,4419.37,0.307,3,0,0.428,0,0,BPO / Call Center Agent,Rented (Apartment/House),Married,3,4.3,core_stability,defaulted,0,0.6555
SURV-03942,24,7,0.2917,0.1811,39946.98,7235.56,0.641,1,3,0.1,0,0,Employed (Private/Gov),Rented (Apartment/House),Single,1,8.5,core_stability,completed,17,0.639
SURV-03943,24,15,0.625,0.1375,31351.98,4311.56,0.899,0,6,0.0,0,0,Employed (Private/Gov),Owned (Inherited/Tax Dec),Widowed,2,10.1,core_stability,completed,9,0.7782
SURV-03944,24,4,0.1667,0.1971,37046.78,7301.37,0.716,0,0,0.096,0,0,OFW Remittance / Dependent,Rented (Apartment/House),Married,1,6.1,onboarding_risk,completed,20,0.7071
SURV-03945,36,1,0.0278,0.1698,37211.44,6316.72,0.763,1,0,0.058,0,0,BPO / Call Center Agent,Rented (Apartment/House),Married,3,6.9,onboarding_risk,completed,35,0.6213
SURV-03946,12,9,0.75,0.3556,33608.24,11952.68,0.454,2,1,0.413,1,1,Employed (Private/Gov),Rented (Apartment/House),Married,1,3.7,completion_phase,defaulted,0,0.6381
SURV-03947,36,35,0.9722,0.1789,32104.07,5742.61,0.612,0,3,0.099,0,0,Employed (Private/Gov),Owned (Clean Title),Single,4,10.3,completion_phase,defaulted,0,0.6825
SURV-03948,36,19,0.5278,0.0699,47099.96,3292.44,0.935,0,6,0.0,0,0,Public School Teacher,Living with Parents/Relatives,Widowed,2,13.8,option_window,completed,17,0.6952
SURV-03949,36,29,0.8056,0.1439,27549.82,3963.3,0.473,2,0,0.353,1,0,Sari-Sari / Small Retail,Owned (Clean Title),Married,4,4.7,core_stability,defaulted,1,0.6658
SURV-03950,36,32,0.8889,0.1784,23321.22,4161.41,0.661,1,1,0.123,0,0,Sari-Sari / Small Retail,Owned (Clean Title),Widowed,3,12.1,core_stability,completed,4,0.6536
SURV-03951,36,6,0.1667,0.0993,54554.05,5416.79,0.904,0,1,0.0,0,0,OFW Remittance / Dependent,Owned (Clean Title),Single,2,2.0,core_stability,completed,30,0.7338
SURV-03952,36,30,0.8333,0.1685,30970.92,5219.33,0.728,0,1,0.011,1,0,BPO / Call Center Agent,Owned (Inherited/Tax Dec),Widowed,3,12.0,core_stability,completed,6,0.6688
SURV-03953,36,11,0.3056,0.0739,82899.49,6122.38,0.941,0,9,0.0,0,0,OFW Remittance / Dependent,Owned (Clean Title),Married,2,7.2,core_stability,early_settled,4,0.8237
SURV-03954,24,24,1.0,0.3155,23852.42,7526.34,0.621,4,0,0.446,1,0,Sari-Sari / Small Retail,Owned (Clean Title),Single,0,2.5,completion_phase,defaulted,0,0.604
SURV-03955,12,10,0.8333,0.2313,32705.0,7564.57,0.241,4,0,0.21,0,0,BPO / Call Center Agent,Rented (Apartment/House),Married,0,7.5,completion_phase,defaulted,1,0.7373
SURV-03956,12,10,0.8333,0.124,34729.83,4305.63,0.892,0,4,0.0,0,0,Public School Teacher,Owned (Clean Title),Married,0,5.0,completion_phase,early_settled,2,0.8322
SURV-03957,12,3,0.25,0.1093,63380.95,6926.49,0.858,0,1,0.0,0,0,OFW Remittance / Dependent,Owned (Clean Title),Single,1,5.0,onboarding_risk,early_settled,8,0.8468
SURV-03958,12,11,0.9167,0.6299,12000.0,7559.32,0.358,4,0,0.214,1,0,Employed (Private/Gov),Owned (Inherited/Tax Dec),Single,2,10.0,completion_phase,defaulted,1,0.6208
SURV-03959,12,9,0.75,0.2968,27781.21,8246.69,0.678,1,3,0.097,0,0,Public School Teacher,Living with Parents/Relatives,Married,2,8.9,completion_phase,defaulted,1,0.731
SURV-03960,12,8,0.6667,0.2365,33803.35,7994.85,0.335,2,1,0.223,0,0,Sari-Sari / Small Retail,Living with Parents/Relatives,Widowed,1,8.7,core_stability,defaulted,1,0.6973
SURV-03961,36,34,0.9444,0.2045,28628.11,5854.53,0.634,0,2,0.082,0,0,Employed (Private/Gov),Living with Parents/Relatives,Married,1,5.5,completion_phase,completed,2,0.7063
SURV-03962,36,19,0.5278,0.2076,20539.0,4264.74,0.415,1,1,0.369,0,0,Tricycle / PUV Operator,Living with Parents/Relatives,Widowed,4,7.6,option_window,defaulted,0,0.6272
SURV-03963,24,23,0.9583,0.16,56604.4,9054.53,0.793,0,0,0.017,0,0,OFW Remittance / Dependent,Living with Parents/Relatives,Married,2,2.4,completion_phase,completed,1,0.7276
SURV-03964,36,16,0.4444,0.1716,26762.01,4591.42,0.728,0,0,0.089,1,0,Public School Teacher,Owned (Clean Title),Single,3,2.5,option_window,early_settled,10,0.7126
SURV-03965,12,12,1.0,0.3978,24189.03,9621.56,0.369,1,0,0.275,0,0,Tricycle / PUV Operator,Rented (Apartment/House),Widowed,2,7.8,completion_phase,defaulted,0,0.6047
SURV-03966,24,6,0.25,0.302,14953.21,4516.58,0.595,1,0,0.162,1,0,Tricycle / PUV Operator,Rented (Apartment/House),Single,1,5.2,core_stability,defaulted,2,0.7078
SURV-03967,24,6,0.25,0.2514,21064.07,5296.38,0.529,1,0,0.213,0,1,Agri / Farmer / Fisherfolk,Rented (Apartment/House),Single,3,7.6,core_stability,completed,18,0.5882
SURV-03968,36,15,0.4167,0.1506,21823.11,3287.45,0.626,0,0,0.082,0,0,BPO / Call Center Agent,Owned (Clean Title),Married,1,1.8,option_window,completed,21,0.6592
SURV-03969,24,20,0.8333,0.3676,16724.16,6148.59,0.268,1,0,0.413,1,0,Tricycle / PUV Operator,Rented (Apartment/House),Widowed,0,11.0,core_stability,defaulted,0,0.5982
SURV-03970,36,13,0.3611,0.264,21290.24,5620.93,0.254,1,0,0.423,1,0,Agri / Farmer / Fisherfolk,Living with Parents/Relatives,Single,1,6.1,option_window,defaulted,1,0.5995
SURV-03971,12,11,0.9167,0.2722,50373.91,13711.05,0.393,1,0,0.263,1,0,OFW Remittance / Dependent,Owned (Inherited/Tax Dec),Widowed,0,4.3,completion_phase,defaulted,0,0.7032
SURV-03972,12,8,0.6667,0.8052,14314.07,11525.43,0.341,1,0,0.393,0,0,Agri / Farmer / Fisherfolk,Owned (Clean Title),Married,1,4.6,core_stability,defaulted,1,0.558
SURV-03973,24,13,0.5417,0.2536,22068.8,5597.44,0.233,2,0,0.365,0,0,Tricycle / PUV Operator,Rented (Apartment/House),Married,3,3.5,option_window,defaulted,0,0.5304
SURV-03974,12,3,0.25,0.7703,17169.47,13225.08,0.225,2,1,0.189,0,1,Tricycle / PUV Operator,Owned (Clean Title),Widowed,2,12.4,onboarding_risk,defaulted,0,0.6372
SURV-03975,36,6,0.1667,0.2351,20497.44,4818.41,0.62,0,1,0.036,0,0,OFW Remittance / Dependent,Rented (Apartment/House),Married,0,12.5,core_stability,completed,30,0.6575
SURV-03976,12,5,0.4167,0.1696,51683.18,8764.47,0.831,1,1,0.109,0,0,OFW Remittance / Dependent,Rented (Apartment/House),Single,2,5.7,core_stability,completed,7,0.7557
SURV-03977,24,20,0.8333,0.2735,25916.05,7088.94,0.718,0,2,0.0,0,0,Public School Teacher,Owned (Clean Title),Single,3,5.9,core_stability,completed,4,0.7146
SURV-03978,24,1,0.0417,0.2088,27920.36,5828.75,0.624,0,0,0.099,0,0,Sari-Sari / Small Retail,Living with Parents/Relatives,Widowed,1,11.6,onboarding_risk,early_settled,10,0.6849
SURV-03979,12,12,1.0,0.099,63302.07,6266.77,0.873,0,10,0.0,0,0,OFW Remittance / Dependent,Owned (Clean Title),Widowed,3,12.1,completion_phase,completed,0,0.8086
SURV-03980,36,27,0.75,0.2448,22754.82,5571.05,0.537,4,0,0.338,0,0,BPO / Call Center Agent,Living with Parents/Relatives,Married,4,3.2,core_stability,defaulted,1,0.5614
SURV-03981,36,1,0.0278,0.4368,15371.05,6714.02,0.566,4,0,0.176,1,0,Agri / Farmer / Fisherfolk,Living with Parents/Relatives,Single,2,5.5,onboarding_risk,defaulted,1,0.5293
SURV-03982,36,36,1.0,0.1005,58048.61,5833.9,0.89,0,3,0.0,0,0,OFW Remittance / Dependent,Rented (Apartment/House),Widowed,1,14.5,completion_phase,completed,0,0.6782
SURV-03983,36,35,0.9722,0.1494,13690.59,2044.73,0.347,4,1,0.392,0,0,Agri / Farmer / Fisherfolk,Living with Parents/Relatives,Widowed,4,11.8,completion_phase,defaulted,1,0.5935
SURV-03984,24,7,0.2917,0.2316,30959.66,7171.59,0.712,0,3,0.15,0,0,Public School Teacher,Living with Parents/Relatives,Married,4,14.8,core_stability,completed,17,0.7431
SURV-03985,36,35,0.9722,0.1571,13771.83,2163.16,0.473,2,0,0.239,0,0,Tricycle / PUV Operator,Living with Parents/Relatives,Married,4,4.8,completion_phase,defaulted,1,0.5454
SURV-03986,24,14,0.5833,0.1141,32925.61,3758.01,0.825,1,3,0.001,0,0,OFW Remittance / Dependent,Rented (Apartment/House),Single,1,8.2,core_stability,defaulted,1,0.77
SURV-03987,36,11,0.3056,0.0961,42931.03,4123.7,0.924,0,5,0.0,0,0,Public School Teacher,Living with Parents/Relatives,Married,1,4.8,core_stability,early_settled,15,0.7606
SURV-03988,12,5,0.4167,0.4167,17929.6,7471.02,0.309,4,0,0.243,0,0,Agri / Farmer / Fisherfolk,Owned (Clean Title),Single,0,8.7,core_stability,defaulted,2,0.6308
SURV-03989,36,14,0.3889,0.0995,43198.9,4296.75,0.992,0,10,0.0,0,0,Employed (Private/Gov),Owned (Clean Title),Single,3,16.0,option_window,completed,22,0.7551
SURV-03990,12,6,0.5,0.2059,37825.34,7786.79,0.636,0,2,0.074,0,0,Public School Teacher,Living with Parents/Relatives,Widowed,0,18.7,core_stability,completed,6,0.8053
SURV-03991,24,21,0.875,0.2063,32809.14,6768.53,0.38,3,0,0.361,0,0,Employed (Private/Gov),Rented (Apartment/House),Married,0,2.5,completion_phase,defaulted,1,0.6401
SURV-03992,12,2,0.1667,0.2038,65058.19,13255.64,0.654,0,3,0.067,0,0,OFW Remittance / Dependent,Living with Parents/Relatives,Married,4,7.3,onboarding_risk,defaulted,1,0.719
SURV-03993,36,1,0.0278,0.1798,30013.72,5397.58,0.838,1,3,0.089,0,0,Employed (Private/Gov),Owned (Clean Title),Married,1,14.9,onboarding_risk,completed,35,0.7211
SURV-03994,12,10,0.8333,0.4941,21665.8,10706.14,0.391,1,1,0.361,0,0,Agri / Farmer / Fisherfolk,Living with Parents/Relatives,Married,1,15.7,completion_phase,defaulted,0,0.6249
SURV-03995,12,10,0.8333,0.3938,30965.94,12193.04,0.257,3,1,0.294,1,0,OFW Remittance / Dependent,Owned (Inherited/Tax Dec),Married,3,6.8,completion_phase,defaulted,1,0.6828
SURV-03996,36,19,0.5278,0.0695,65376.62,4540.88,0.886,0,8,0.0,0,0,OFW Remittance / Dependent,Owned (Clean Title),Single,3,7.0,option_window,early_settled,4,0.7591
SURV-03997,36,19,0.5278,0.3573,12605.8,4504.36,0.503,1,0,0.165,0,1,Employed (Private/Gov),Living with Parents/Relatives,Married,2,2.0,option_window,defaulted,1,0.5627
SURV-03998,36,25,0.6944,0.1764,30551.34,5390.18,0.784,0,3,0.068,0,0,Public School Teacher,Rented (Apartment/House),Married,4,13.7,option_window,early_settled,1,0.6443
SURV-03999,36,6,0.1667,0.0897,35014.99,3139.33,0.93,0,4,0.0,0,0,BPO / Call Center Agent,Owned (Clean Title),Married,2,8.6,core_stability,completed,30,0.7646
SURV-04000,12,10,0.8333,0.3316,42816.29,14199.43,0.459,1,1,0.264,1,0,Employed (Private/Gov),Owned (Clean Title),Married,1,15.0,completion_phase,defaulted,0,0.7183
