snapshot_id,branch_id,branch_name,portfolio_archetype,season_month,portfolio_size,pct_active,pct_delinquent,pct_defaulted,avg_dti,avg_on_time_reliability,avg_term_progress,trailing_cure_rate,new_accounts_ratio,scheduled_due,total_arrears,projected_units_sold,collection_realization_rate,stress_factor
CASH-00001,1,LALA,moderate_stress,3,502,0.6563,0.3019,0.0418,0.2296,0.8691,0.7278,0.6441,0.3434,3188269.03,2845599.88,12,0.7012,0.8438
CASH-00002,1,LALA,moderate_stress,4,414,0.7644,0.2027,0.0329,0.1433,0.843,0.7882,0.6556,0.3018,2441365.28,824190.94,10,0.7377,0.8281
CASH-00003,1,LALA,distressed,7,340,0.47,0.3023,0.1713,0.4573,0.6112,0.4486,0.2038,0.4289,1166818.1,805478.36,10,0.55,0.7
CASH-00004,3,TUBOD,distressed,6,407,0.4505,0.3538,0.1957,0.3401,0.518,0.5826,0.1559,0.3145,3149422.92,1868426.67,7,0.55,0.7
CASH-00005,3,TUBOD,prime_healthy,8,287,0.8411,0.1456,0.0133,0.1746,0.958,0.1556,0.7361,0.1427,1937063.82,354088.13,6,0.7471,0.8553
CASH-00006,2,KAPATAGAN,moderate_stress,9,372,0.6876,0.162,0.0875,0.2664,0.7703,0.3278,0.6554,0.1317,2013458.05,868062.09,4,0.713,0.8279
CASH-00007,1,LALA,prime_healthy,10,288,0.8433,0.1116,0.0,0.1846,0.7899,0.3852,0.68,0.3104,1776098.84,569034.77,11,0.7484,0.934
CASH-00008,3,TUBOD,moderate_stress,3,406,0.7197,0.192,0.0543,0.2578,0.7841,0.2617,0.4103,0.2499,3133136.36,1165714.31,6,0.6949,0.8051
CASH-00009,2,KAPATAGAN,moderate_stress,3,332,0.7488,0.1675,0.0837,0.26,0.8826,0.8788,0.5877,0.0764,2211963.14,1118461.79,7,0.7963,0.777
CASH-00010,1,LALA,distressed,8,418,0.4324,0.3448,0.1347,0.4087,0.7247,0.1029,0.3335,0.1813,3250623.53,1441563.48,13,0.55,0.7
CASH-00011,2,KAPATAGAN,elevated_risk,6,275,0.5944,0.3412,0.0644,0.317,0.577,0.3339,0.3087,0.2541,1726357.84,1463396.02,8,0.55,0.7037
CASH-00012,3,TUBOD,moderate_stress,7,337,0.7044,0.1766,0.0805,0.2588,0.7913,0.8898,0.7255,0.18,1003378.71,298402.21,0,0.7146,0.7719
CASH-00013,3,TUBOD,elevated_risk,6,424,0.5566,0.217,0.099,0.312,0.6619,0.6547,0.4291,0.3454,3583651.43,1981095.54,11,0.5511,0.7081
CASH-00014,1,LALA,prime_healthy,4,428,0.7408,0.1907,0.0684,0.1106,0.9047,0.5919,0.7365,0.1095,1480798.83,808190.09,5,0.754,0.8005
CASH-00015,2,KAPATAGAN,moderate_stress,9,276,0.7034,0.087,0.0391,0.1937,0.7979,0.2013,0.4658,0.3162,1548284.21,288925.79,11,0.7266,0.8761
CASH-00016,3,TUBOD,moderate_stress,12,322,0.7525,0.129,0.0814,0.2704,0.7955,0.1551,0.4536,0.2454,2160102.21,498731.08,7,0.8024,0.7898
CASH-00017,1,LALA,prime_healthy,10,375,0.8265,0.135,0.024,0.1586,0.9908,0.1823,0.7801,0.134,2181621.05,923448.09,4,0.8542,0.8734
CASH-00018,3,TUBOD,elevated_risk,11,272,0.5594,0.2548,0.108,0.2872,0.6667,0.6467,0.4167,0.2477,1146299.22,388682.83,8,0.6432,0.7029
CASH-00019,1,LALA,elevated_risk,12,536,0.5376,0.2749,0.1875,0.3313,0.6089,0.7113,0.4315,0.45,3263502.15,1600812.08,9,0.5574,0.7
CASH-00020,2,KAPATAGAN,prime_healthy,4,364,0.8083,0.1433,0.0026,0.1456,0.9827,0.5465,0.6758,0.407,1866044.12,371773.65,12,0.8547,0.8927
CASH-00021,3,TUBOD,prime_healthy,8,397,0.8062,0.1326,0.0612,0.1919,0.9357,0.4986,0.6859,0.1923,1642366.9,541151.0,8,0.7778,0.8237
CASH-00022,3,TUBOD,elevated_risk,7,278,0.5381,0.2083,0.1295,0.3944,0.751,0.8791,0.5194,0.1549,824811.31,480533.82,7,0.63,0.7
CASH-00023,1,LALA,elevated_risk,8,631,0.5528,0.2563,0.0581,0.2867,0.6846,0.3869,0.4834,0.45,4966940.17,2888553.23,7,0.5837,0.7356
CASH-00024,2,KAPATAGAN,elevated_risk,5,354,0.5678,0.303,0.1292,0.3458,0.8681,0.5705,0.3047,0.4462,2441414.91,2335527.76,14,0.6955,0.7
CASH-00025,2,KAPATAGAN,elevated_risk,3,326,0.4875,0.2415,0.1419,0.3726,0.6276,0.7743,0.4112,0.1081,991620.26,308268.7,13,0.55,0.7
CASH-00026,3,TUBOD,moderate_stress,12,359,0.6816,0.1973,0.1211,0.2431,0.837,0.7515,0.4625,0.2989,1586737.11,650644.11,9,0.8053,0.7047
CASH-00027,3,TUBOD,moderate_stress,9,354,0.7126,0.2017,0.0857,0.2592,0.8293,0.8078,0.7852,0.45,1110089.67,382863.69,4,0.6674,0.7751
CASH-00028,3,TUBOD,distressed,9,350,0.4993,0.3406,0.1601,0.4409,0.4986,0.3644,0.2327,0.1433,2572378.04,1169165.19,10,0.55,0.7
CASH-00029,1,LALA,moderate_stress,3,336,0.7633,0.1274,0.0527,0.2624,0.924,0.8278,0.5296,0.2558,2358873.54,610161.19,7,0.7386,0.8507
CASH-00030,3,TUBOD,prime_healthy,1,298,0.8786,0.1112,0.0103,0.2379,0.9263,0.5277,0.5746,0.2314,1243837.13,412552.75,8,0.7975,0.9036
CASH-00031,2,KAPATAGAN,prime_healthy,11,346,0.8402,0.1005,0.053,0.1444,0.8955,0.8684,0.7389,0.4182,2124865.14,615009.18,7,0.8235,0.8436
CASH-00032,1,LALA,prime_healthy,10,568,0.8425,0.1143,0.0432,0.0934,0.8826,0.4337,0.6988,0.0633,2546122.16,748107.32,12,0.854,0.8668
CASH-00033,2,KAPATAGAN,prime_healthy,8,291,0.8187,0.1469,0.0344,0.183,0.9285,0.1963,0.769,0.0893,2238076.52,678444.39,8,0.8006,0.8744
CASH-00034,3,TUBOD,prime_healthy,2,300,0.736,0.1181,0.0344,0.2119,0.9137,0.8963,0.7661,0.2495,2458864.57,413600.7,7,0.7864,0.8442
CASH-00035,3,TUBOD,elevated_risk,7,244,0.5135,0.2417,0.1105,0.3142,0.7726,0.5271,0.406,0.2125,805486.29,283204.25,0,0.6327,0.7
CASH-00036,2,KAPATAGAN,elevated_risk,2,444,0.5433,0.3058,0.107,0.3428,0.6556,0.8857,0.5082,0.2268,1356000.12,896774.56,7,0.5941,0.7
CASH-00037,2,KAPATAGAN,prime_healthy,10,353,0.847,0.1095,0.0254,0.1907,0.8825,0.5779,0.571,0.2132,2350467.56,316081.12,10,0.8547,0.8793
CASH-00038,3,TUBOD,moderate_stress,7,342,0.7097,0.2239,0.0664,0.2309,0.7367,0.8291,0.7299,0.45,2147238.07,1262519.76,6,0.6434,0.8152
CASH-00039,3,TUBOD,prime_healthy,6,197,0.7768,0.0889,0.0997,0.1208,0.8937,0.6869,0.7568,0.1584,1204293.5,173780.08,4,0.737,0.8124
CASH-00040,2,KAPATAGAN,moderate_stress,2,427,0.7138,0.2051,0.0342,0.2488,0.7067,0.7212,0.5898,0.1956,3403691.76,728174.34,7,0.6752,0.8266
CASH-00041,2,KAPATAGAN,elevated_risk,6,387,0.5383,0.3201,0.1405,0.4639,0.5967,0.365,0.5742,0.2886,2483923.64,1012980.16,8,0.55,0.7
CASH-00042,1,LALA,elevated_risk,8,511,0.617,0.2375,0.1455,0.2355,0.5803,0.5704,0.5164,0.3316,2752839.59,1353567.63,8,0.55,0.7044
CASH-00043,2,KAPATAGAN,moderate_stress,1,392,0.6414,0.2319,0.0773,0.2452,0.827,0.7203,0.641,0.4497,2351714.71,1050845.75,2,0.6834,0.789
CASH-00044,3,TUBOD,moderate_stress,4,341,0.7033,0.2158,0.0455,0.1825,0.8142,0.8743,0.673,0.2998,2701721.66,1595000.46,4,0.7405,0.7765
CASH-00045,3,TUBOD,distressed,9,388,0.4282,0.2718,0.2082,0.3279,0.6061,0.1858,0.2819,0.1191,1543033.08,776846.51,10,0.55,0.7
CASH-00046,1,LALA,elevated_risk,11,280,0.6007,0.2678,0.1315,0.3734,0.6708,0.1942,0.5399,0.1538,1019163.74,665050.25,13,0.6236,0.7
CASH-00047,1,LALA,prime_healthy,1,333,0.8912,0.0709,0.0,0.2011,0.79,0.793,0.6706,0.1523,1606248.2,202239.06,7,0.7184,0.9403
CASH-00048,2,KAPATAGAN,prime_healthy,5,312,0.7695,0.0984,0.0652,0.1612,0.838,0.3584,0.8024,0.0354,1370894.99,142697.59,9,0.7614,0.8386
CASH-00049,2,KAPATAGAN,elevated_risk,11,402,0.6007,0.2327,0.1624,0.3826,0.5978,0.3009,0.6244,0.198,1921526.86,1197534.44,12,0.5798,0.7
CASH-00050,1,LALA,elevated_risk,9,262,0.5624,0.3033,0.1163,0.2312,0.5638,0.1395,0.3121,0.0598,1808261.45,1670339.83,13,0.564,0.7
CASH-00051,2,KAPATAGAN,moderate_stress,5,294,0.7056,0.2022,0.04,0.1727,0.771,0.702,0.5987,0.1848,1917566.97,558797.59,5,0.7336,0.8191
CASH-00052,3,TUBOD,elevated_risk,4,188,0.6376,0.2111,0.1176,0.2834,0.7681,0.171,0.3848,0.3289,1188989.43,521170.38,4,0.6722,0.7058
CASH-00053,2,KAPATAGAN,moderate_stress,6,370,0.6887,0.2109,0.1004,0.2604,0.822,0.8249,0.603,0.2881,1968753.52,616126.9,7,0.6764,0.7438
CASH-00054,2,KAPATAGAN,moderate_stress,9,425,0.6276,0.2187,0.0607,0.3336,0.7554,0.5354,0.4525,0.1406,3385554.28,2016367.02,10,0.6985,0.8091
CASH-00055,3,TUBOD,distressed,5,308,0.3864,0.2561,0.1674,0.3865,0.6356,0.1478,0.1942,0.2987,2031068.23,1463286.17,5,0.55,0.7
CASH-00056,2,KAPATAGAN,elevated_risk,7,416,0.6472,0.2658,0.078,0.3024,0.6577,0.2921,0.4209,0.2516,1435713.34,993813.39,5,0.5648,0.751
CASH-00057,2,KAPATAGAN,prime_healthy,11,471,0.857,0.0565,0.0719,0.1335,0.9716,0.4059,0.6698,0.2122,2385749.86,157152.99,8,0.9333,0.8894
CASH-00058,2,KAPATAGAN,moderate_stress,5,444,0.741,0.1558,0.1032,0.2502,0.7836,0.1487,0.6071,0.214,1223853.92,327956.56,7,0.7236,0.8241
CASH-00059,3,TUBOD,distressed,7,387,0.4639,0.3214,0.2137,0.3816,0.5197,0.3571,0.2726,0.3911,3128858.03,3133152.54,6,0.55,0.7
CASH-00060,2,KAPATAGAN,distressed,7,324,0.4971,0.3371,0.1658,0.4393,0.4889,0.5291,0.2465,0.3556,2252540.57,1014522.72,8,0.55,0.7
CASH-00061,3,TUBOD,moderate_stress,4,342,0.6883,0.1646,0.0479,0.2581,0.8169,0.5585,0.6113,0.2597,2046167.2,1001451.61,7,0.7108,0.8596
CASH-00062,2,KAPATAGAN,prime_healthy,2,423,0.7883,0.0729,0.0309,0.2163,0.9506,0.4166,0.6468,0.2062,1977524.88,453974.61,9,0.8306,0.8879
CASH-00063,1,LALA,prime_healthy,2,318,0.805,0.134,0.061,0.2659,0.9518,0.1534,0.7712,0.3179,1401267.69,250723.66,6,0.8074,0.8487
CASH-00064,2,KAPATAGAN,elevated_risk,9,452,0.6083,0.2486,0.1431,0.3837,0.7119,0.8206,0.4465,0.075,1503613.82,785937.54,11,0.5915,0.7
CASH-00065,2,KAPATAGAN,prime_healthy,10,305,0.8317,0.1068,0.0208,0.1652,0.923,0.9103,0.7296,0.3666,1980951.75,479787.12,8,0.8102,0.871
CASH-00066,3,TUBOD,prime_healthy,5,267,0.8099,0.1831,0.007,0.1951,1.0,0.8633,0.7227,0.4486,2036722.75,446869.82,6,0.8602,0.891
CASH-00067,1,LALA,prime_healthy,12,209,0.8413,0.1587,0.0,0.1781,0.8286,0.194,0.6906,0.147,981314.63,416508.74,8,0.8855,0.9041
CASH-00068,1,LALA,prime_healthy,9,407,0.807,0.1445,0.0114,0.135,0.9155,0.1888,0.8061,0.3247,2030143.62,561820.38,13,0.8206,0.9068
CASH-00069,1,LALA,moderate_stress,5,584,0.7084,0.2286,0.063,0.2812,0.9088,0.4277,0.5638,0.3983,1460054.54,429283.38,16,0.7565,0.8193
CASH-00070,2,KAPATAGAN,prime_healthy,7,465,0.9347,0.0451,0.0202,0.1266,0.9885,0.1033,0.8539,0.1513,3554893.39,197217.25,12,0.8677,0.9013
CASH-00071,2,KAPATAGAN,moderate_stress,3,487,0.7179,0.2002,0.0819,0.2349,0.7828,0.3036,0.6082,0.1456,3917507.33,1833977.05,7,0.6955,0.7904
CASH-00072,3,TUBOD,prime_healthy,12,275,0.7888,0.1195,0.0395,0.1215,0.9318,0.6449,0.6621,0.0736,944131.08,206435.6,9,0.9502,0.8604
CASH-00073,2,KAPATAGAN,moderate_stress,3,324,0.7325,0.2028,0.0647,0.2814,0.8343,0.1363,0.4851,0.0847,1230808.32,431858.99,15,0.7548,0.7601
CASH-00074,3,TUBOD,elevated_risk,5,275,0.6244,0.2657,0.1099,0.3048,0.6116,0.6671,0.5079,0.2303,729739.35,226941.64,4,0.605,0.742
CASH-00075,3,TUBOD,prime_healthy,7,340,0.8277,0.1208,0.0,0.1707,0.7545,0.4782,0.7784,0.1711,1501868.73,348694.96,7,0.7384,0.9204
CASH-00076,2,KAPATAGAN,prime_healthy,11,365,0.9128,0.0571,0.0302,0.1405,0.9323,0.1612,0.8022,0.45,1798760.65,269482.1,9,0.8634,0.9175
CASH-00077,1,LALA,elevated_risk,3,387,0.5984,0.2911,0.1106,0.4314,0.6835,0.1477,0.4003,0.3655,1822027.73,1305537.47,9,0.55,0.7
CASH-00078,1,LALA,elevated_risk,9,391,0.5878,0.2718,0.14,0.253,0.525,0.7906,0.306,0.2713,1867341.47,1600198.42,8,0.55,0.7
CASH-00079,2,KAPATAGAN,elevated_risk,2,350,0.6246,0.2603,0.1087,0.3552,0.6184,0.6974,0.4524,0.3119,1313319.96,1076284.33,5,0.55,0.7078
CASH-00080,2,KAPATAGAN,moderate_stress,2,533,0.6998,0.0756,0.015,0.1758,0.8487,0.5311,0.5583,0.2455,1842744.94,358249.22,3,0.7535,0.8622
CASH-00081,3,TUBOD,moderate_stress,10,298,0.7093,0.2374,0.0488,0.2215,0.7812,0.3759,0.52,0.1866,2283820.49,640161.74,10,0.7406,0.8394
CASH-00082,1,LALA,distressed,11,423,0.4437,0.3081,0.1309,0.4208,0.6068,0.3644,0.3303,0.2769,2023980.42,1923691.43,9,0.5756,0.7
CASH-00083,2,KAPATAGAN,moderate_stress,4,359,0.7574,0.143,0.0996,0.1925,0.7509,0.7233,0.6098,0.3552,1016650.28,352372.94,9,0.7467,0.7901
CASH-00084,2,KAPATAGAN,prime_healthy,7,375,0.7314,0.0597,0.042,0.1124,0.8576,0.7327,0.6678,0.2169,2663500.91,451546.79,9,0.7658,0.8709
CASH-00085,3,TUBOD,moderate_stress,7,191,0.6952,0.1635,0.0553,0.2579,0.7594,0.854,0.5529,0.1654,931384.46,317258.8,8,0.6889,0.8236
CASH-00086,1,LALA,prime_healthy,5,482,0.8473,0.1361,0.0166,0.2185,0.8876,0.124,0.7722,0.2521,3704754.39,915751.53,13,0.8273,0.8834
CASH-00087,2,KAPATAGAN,prime_healthy,5,318,0.7576,0.1744,0.068,0.1122,0.861,0.5143,0.6817,0.0289,838115.45,440222.58,7,0.7526,0.797
CASH-00088,2,KAPATAGAN,prime_healthy,12,358,0.7896,0.1469,0.0635,0.2307,0.8355,0.5995,0.69,0.1389,1650215.18,741434.95,4,0.8079,0.8279
CASH-00089,3,TUBOD,moderate_stress,7,447,0.7128,0.194,0.0933,0.28,0.8706,0.534,0.5399,0.3485,1506167.74,775700.98,4,0.7198,0.7392
CASH-00090,2,KAPATAGAN,moderate_stress,4,354,0.7074,0.197,0.0956,0.2274,0.6682,0.24,0.4678,0.1212,1540797.06,641107.45,5,0.6273,0.7588
CASH-00091,3,TUBOD,prime_healthy,12,235,0.9285,0.0715,0.0,0.2043,0.912,0.4628,0.7228,0.1398,1960848.36,426708.28,7,0.9861,0.933
CASH-00092,3,TUBOD,moderate_stress,9,267,0.688,0.2493,0.0627,0.213,0.612,0.6079,0.6416,0.1368,2008620.59,1561155.2,5,0.6147,0.758
CASH-00093,3,TUBOD,prime_healthy,2,326,0.7494,0.0477,0.0176,0.1593,0.8759,0.3077,0.6708,0.1923,1867043.55,108157.39,5,0.7559,0.9064
CASH-00094,3,TUBOD,prime_healthy,6,266,0.8149,0.1607,0.0244,0.2708,1.0,0.7167,0.8363,0.2094,1513936.54,736072.02,8,0.824,0.8984
CASH-00095,2,KAPATAGAN,elevated_risk,5,399,0.5808,0.2675,0.1148,0.338,0.7715,0.2708,0.4986,0.45,3039781.82,1855728.2,5,0.63,0.7045
CASH-00096,3,TUBOD,prime_healthy,12,251,0.8411,0.1533,0.0055,0.2107,0.9047,0.3305,0.7143,0.288,1110491.35,219596.68,11,0.9099,0.8916
CASH-00097,1,LALA,prime_healthy,2,531,0.805,0.1013,0.0374,0.1763,0.8835,0.9059,0.6675,0.2047,2892039.0,781329.0,10,0.7934,0.8492
CASH-00098,2,KAPATAGAN,prime_healthy,1,390,0.7488,0.103,0.0174,0.2607,1.0,0.7241,0.7268,0.2529,1766934.25,522395.33,6,0.8173,0.9099
CASH-00099,1,LALA,distressed,3,228,0.4872,0.2832,0.2296,0.3471,0.554,0.5271,0.3322,0.3193,1226517.1,905554.51,13,0.55,0.7
CASH-00100,1,LALA,prime_healthy,12,305,0.9296,0.0704,0.0,0.1402,0.9198,0.1394,0.8147,0.1454,2158019.33,437630.38,16,0.9143,0.9104
CASH-00101,3,TUBOD,moderate_stress,12,253,0.6743,0.2271,0.0934,0.217,0.7061,0.8738,0.5714,0.2188,722671.26,303995.88,9,0.7426,0.7243
CASH-00102,2,KAPATAGAN,prime_healthy,5,309,0.7691,0.1104,0.0083,0.2455,1.0,0.1778,0.7782,0.0819,1831405.43,507791.54,6,0.8884,0.876
CASH-00103,2,KAPATAGAN,prime_healthy,1,352,0.8013,0.1334,0.0333,0.1039,0.9144,0.2657,0.8895,0.45,2311798.75,313667.69,11,0.7445,0.8832
CASH-00104,1,LALA,moderate_stress,12,490,0.7496,0.1623,0.0427,0.2593,0.7514,0.7603,0.5163,0.1646,2318828.39,596788.93,4,0.8037,0.834
CASH-00105,1,LALA,elevated_risk,9,545,0.5293,0.2032,0.124,0.2403,0.7007,0.7885,0.4342,0.2725,3455026.46,2069008.81,8,0.6299,0.7401
CASH-00106,2,KAPATAGAN,moderate_stress,8,350,0.6619,0.1624,0.1234,0.2367,0.7055,0.4893,0.5264,0.152,1514844.58,298272.91,5,0.6609,0.7162
CASH-00107,3,TUBOD,prime_healthy,2,337,0.7453,0.1446,0.0306,0.197,0.9706,0.8772,0.8046,0.45,2343981.1,858704.36,4,0.8163,0.8566
CASH-00108,2,KAPATAGAN,moderate_stress,2,363,0.7768,0.1921,0.0311,0.262,0.7905,0.4364,0.3992,0.2435,2399528.49,659690.46,9,0.6684,0.8213
CASH-00109,3,TUBOD,prime_healthy,5,371,0.8871,0.0337,0.0526,0.1933,0.8602,0.7437,0.6876,0.2832,3062002.93,241905.58,5,0.7884,0.8805
CASH-00110,1,LALA,prime_healthy,11,436,0.7535,0.1408,0.0158,0.2631,0.8323,0.5842,0.8471,0.3049,2538775.81,859026.46,14,0.8592,0.9046
CASH-00111,3,TUBOD,moderate_stress,5,314,0.7063,0.1491,0.0794,0.2209,0.7816,0.2259,0.745,0.0853,1611145.24,434869.35,2,0.6889,0.8133
CASH-00112,2,KAPATAGAN,moderate_stress,12,464,0.7215,0.182,0.0965,0.2266,0.8679,0.1304,0.5025,0.4254,2279509.19,1013486.25,12,0.789,0.7386
CASH-00113,3,TUBOD,moderate_stress,11,205,0.7286,0.0959,0.0717,0.2779,0.8342,0.2779,0.4806,0.4272,1720235.49,286788.96,6,0.7455,0.7886
CASH-00114,2,KAPATAGAN,distressed,11,515,0.465,0.3317,0.2033,0.2795,0.5293,0.1427,0.2372,0.3797,1440322.91,857608.63,11,0.55,0.7
CASH-00115,2,KAPATAGAN,prime_healthy,9,381,0.8241,0.1288,0.0472,0.2449,0.9568,0.4633,0.7334,0.1855,2743637.66,432698.17,7,0.8725,0.8338
CASH-00116,1,LALA,prime_healthy,11,558,0.8907,0.0754,0.0339,0.1807,0.8395,0.6243,0.8238,0.321,2911903.33,269178.28,12,0.8547,0.849
CASH-00117,2,KAPATAGAN,prime_healthy,12,417,0.7811,0.0132,0.0287,0.2469,1.0,0.4905,0.7066,0.1335,3168194.21,72832.34,9,0.9873,0.9364
CASH-00118,3,TUBOD,elevated_risk,3,240,0.6756,0.1878,0.1366,0.3006,0.7311,0.7112,0.4731,0.2154,1866703.79,632308.96,5,0.6377,0.7074
CASH-00119,2,KAPATAGAN,elevated_risk,9,302,0.6283,0.2577,0.114,0.3049,0.7774,0.6712,0.401,0.2585,1028390.63,773571.0,12,0.6768,0.72
CASH-00120,1,LALA,moderate_stress,8,417,0.7791,0.168,0.0529,0.2247,0.9126,0.8959,0.6109,0.099,2786426.07,1422220.21,11,0.7328,0.803
CASH-00121,3,TUBOD,elevated_risk,3,298,0.5706,0.314,0.1155,0.3675,0.5622,0.3493,0.3378,0.2014,1238923.71,654379.68,4,0.5545,0.7036
CASH-00122,2,KAPATAGAN,prime_healthy,7,488,0.9047,0.0814,0.0036,0.0884,0.9191,0.1609,0.8205,0.2394,4063422.1,806372.48,7,0.8105,0.9022
CASH-00123,3,TUBOD,elevated_risk,10,327,0.5856,0.2555,0.1033,0.3057,0.553,0.6201,0.3097,0.1609,2115493.77,1030829.92,9,0.55,0.7
CASH-00124,3,TUBOD,moderate_stress,11,285,0.7141,0.2058,0.0423,0.3099,0.8158,0.7112,0.5756,0.2234,1118441.62,482368.29,6,0.7907,0.8383
CASH-00125,2,KAPATAGAN,prime_healthy,9,334,0.8588,0.1412,0.0,0.1749,0.9324,0.5675,0.7431,0.2168,2185222.99,915479.94,5,0.8281,0.9242
CASH-00126,3,TUBOD,elevated_risk,10,218,0.5838,0.2129,0.0977,0.3377,0.5747,0.477,0.4497,0.1906,1046377.33,488196.05,7,0.5534,0.7392
CASH-00127,2,KAPATAGAN,prime_healthy,7,312,0.8104,0.121,0.0686,0.0848,0.7502,0.4957,0.7985,0.1689,2312629.76,552062.29,7,0.715,0.8527
CASH-00128,1,LALA,elevated_risk,4,441,0.6025,0.3135,0.081,0.3171,0.6937,0.1631,0.3851,0.4057,2719961.09,1380683.53,9,0.597,0.7633
CASH-00129,2,KAPATAGAN,elevated_risk,6,345,0.5962,0.267,0.1368,0.3103,0.6146,0.2055,0.3531,0.3708,2860720.66,1851372.39,9,0.55,0.7
CASH-00130,1,LALA,prime_healthy,1,356,0.7419,0.0457,0.0469,0.1471,0.7929,0.6404,0.7822,0.1477,2978245.86,285000.65,5,0.6935,0.8736
CASH-00131,2,KAPATAGAN,moderate_stress,12,322,0.7284,0.2274,0.0442,0.2734,0.8367,0.355,0.5467,0.45,2693835.27,1522386.74,11,0.7527,0.8063
CASH-00132,1,LALA,distressed,5,491,0.4315,0.3656,0.2028,0.4565,0.558,0.8341,0.1774,0.2228,1342420.5,1206206.77,9,0.55,0.7
CASH-00133,1,LALA,distressed,7,394,0.4097,0.2932,0.1979,0.4694,0.4984,0.4841,0.3494,0.2182,3198760.97,2991823.31,12,0.55,0.7
CASH-00134,2,KAPATAGAN,prime_healthy,1,249,0.8555,0.1101,0.0343,0.122,0.9789,0.915,0.8696,0.1716,1585492.27,382231.13,5,0.8159,0.9217
CASH-00135,2,KAPATAGAN,prime_healthy,4,304,0.7749,0.0825,0.0037,0.1822,1.0,0.3304,0.868,0.2062,1385572.22,125751.78,4,0.8995,0.8979
CASH-00136,2,KAPATAGAN,prime_healthy,7,503,0.9137,0.0863,0.0,0.1722,1.0,0.4487,0.743,0.1061,1485927.01,178942.03,3,0.8211,0.95
CASH-00137,2,KAPATAGAN,moderate_stress,9,284,0.7121,0.2371,0.0508,0.3043,0.8008,0.3568,0.5837,0.45,758092.46,226710.15,9,0.7106,0.8533
CASH-00138,3,TUBOD,prime_healthy,1,354,0.8349,0.1514,0.0137,0.1995,0.8268,0.7512,0.8782,0.2489,2322680.39,470741.44,6,0.7397,0.8718
CASH-00139,2,KAPATAGAN,prime_healthy,5,236,0.8312,0.1071,0.0081,0.1683,0.9631,0.5416,0.633,0.45,1403815.0,380169.53,11,0.8232,0.862
CASH-00140,3,TUBOD,elevated_risk,10,261,0.5205,0.2133,0.115,0.1735,0.7641,0.4359,0.4829,0.0886,890037.72,428685.68,6,0.6969,0.7605
CASH-00141,3,TUBOD,elevated_risk,12,266,0.6384,0.2417,0.1199,0.2493,0.5186,0.1072,0.4718,0.2991,1219766.29,377858.74,13,0.5965,0.7192
CASH-00142,2,KAPATAGAN,distressed,10,529,0.4594,0.3432,0.1878,0.3708,0.5513,0.1425,0.3576,0.2634,1705701.17,911879.77,4,0.55,0.7
CASH-00143,3,TUBOD,elevated_risk,1,334,0.526,0.2478,0.0908,0.3964,0.7186,0.3236,0.6881,0.1193,2829401.37,2238212.36,3,0.5838,0.7417
CASH-00144,3,TUBOD,prime_healthy,6,282,0.8452,0.0879,0.0284,0.2247,1.0,0.3826,0.7,0.1334,1816102.13,333374.63,0,0.8343,0.8934
CASH-00145,3,TUBOD,elevated_risk,9,262,0.6079,0.2582,0.1181,0.3404,0.6699,0.6855,0.2758,0.1729,1842263.5,539392.98,6,0.567,0.7
CASH-00146,1,LALA,prime_healthy,7,382,0.8024,0.0896,0.0588,0.0764,0.8994,0.788,0.8308,0.1196,2930354.74,345904.48,10,0.7888,0.8657
CASH-00147,2,KAPATAGAN,moderate_stress,10,260,0.7038,0.2099,0.0863,0.2581,0.8793,0.6766,0.6834,0.1941,1651645.78,759718.25,8,0.7884,0.7807
CASH-00148,1,LALA,prime_healthy,7,308,0.7993,0.1305,0.0702,0.05,0.9491,0.258,0.6277,0.2803,1828946.25,576230.12,12,0.772,0.79
CASH-00149,1,LALA,prime_healthy,10,504,0.8813,0.0748,0.0149,0.1095,1.0,0.5434,0.6871,0.1749,1655519.96,209872.21,9,0.8822,0.8902
CASH-00150,2,KAPATAGAN,prime_healthy,8,403,0.8423,0.0974,0.0383,0.1558,0.8913,0.3574,0.75,0.2035,2952252.49,899428.34,9,0.7877,0.8581
CASH-00151,1,LALA,prime_healthy,6,467,0.7989,0.1016,0.0423,0.2192,1.0,0.8061,0.8023,0.1729,1723139.6,320277.53,4,0.835,0.8708
CASH-00152,2,KAPATAGAN,prime_healthy,1,409,0.9091,0.0557,0.0353,0.14,0.9371,0.2221,0.7238,0.2528,2564040.47,187000.36,7,0.7966,0.8789
CASH-00153,2,KAPATAGAN,distressed,9,346,0.4196,0.3165,0.1594,0.4332,0.4255,0.6812,0.3112,0.2892,2031123.2,1004496.66,10,0.55,0.7
CASH-00154,3,TUBOD,prime_healthy,7,215,0.8403,0.1278,0.0,0.2156,0.819,0.4994,0.6509,0.0745,693147.47,147203.94,0,0.7728,0.9074
CASH-00155,1,LALA,prime_healthy,1,408,0.7672,0.1474,0.0,0.1713,0.9298,0.451,0.6666,0.0754,1071399.69,477559.0,7,0.7809,0.8705
CASH-00156,2,KAPATAGAN,moderate_stress,3,524,0.5777,0.0875,0.0956,0.3492,0.8463,0.3301,0.5742,0.3301,3912426.86,477389.39,4,0.7483,0.8024
CASH-00157,2,KAPATAGAN,elevated_risk,2,330,0.5333,0.2092,0.0961,0.2651,0.6622,0.7898,0.3952,0.0959,1015127.11,579946.24,7,0.6048,0.7507
CASH-00158,3,TUBOD,moderate_stress,11,253,0.6353,0.1831,0.0512,0.3216,0.8163,0.8641,0.5433,0.2854,1577293.16,694096.67,15,0.799,0.8126
CASH-00159,2,KAPATAGAN,elevated_risk,2,360,0.4881,0.2522,0.0718,0.3462,0.7386,0.5922,0.4644,0.2105,1016994.26,604356.34,11,0.6473,0.7615
CASH-00160,1,LALA,moderate_stress,2,387,0.7109,0.1983,0.0909,0.217,0.7085,0.6098,0.578,0.1988,2320520.86,1253609.26,7,0.6097,0.7632
CASH-00161,3,TUBOD,prime_healthy,5,244,0.8737,0.1263,0.0,0.2703,0.974,0.5815,0.6615,0.1572,655309.88,167079.75,6,0.8727,0.9129
CASH-00162,2,KAPATAGAN,prime_healthy,1,271,0.8188,0.0437,0.0447,0.1828,0.9923,0.407,0.8682,0.0633,1616504.51,176120.75,8,0.8632,0.8827
CASH-00163,3,TUBOD,distressed,6,273,0.5509,0.2899,0.1592,0.4119,0.4673,0.1504,0.2457,0.1207,1350757.37,476352.02,5,0.55,0.7
CASH-00164,1,LALA,elevated_risk,6,348,0.6451,0.2613,0.0936,0.2501,0.637,0.5147,0.399,0.4073,2088308.06,792490.79,11,0.581,0.733
CASH-00165,2,KAPATAGAN,moderate_stress,9,387,0.6919,0.1704,0.1123,0.3173,0.7671,0.9021,0.6287,0.45,2313474.36,1094826.37,6,0.685,0.7584
CASH-00166,2,KAPATAGAN,moderate_stress,9,301,0.6806,0.2087,0.043,0.2579,0.8182,0.8935,0.5721,0.3036,1238200.36,593974.36,6,0.7089,0.811
CASH-00167,1,LALA,moderate_stress,10,330,0.7195,0.1864,0.0941,0.2726,0.8621,0.7274,0.6824,0.45,1065450.42,314146.3,11,0.7193,0.7853
CASH-00168,1,LALA,distressed,8,508,0.4068,0.2949,0.1518,0.3605,0.4966,0.7742,0.385,0.172,2269614.15,1108292.59,7,0.55,0.7
CASH-00169,3,TUBOD,moderate_stress,11,186,0.7341,0.1435,0.0332,0.2301,0.7589,0.2882,0.5176,0.1358,1430971.91,526188.45,9,0.7804,0.8738
CASH-00170,2,KAPATAGAN,elevated_risk,10,315,0.5088,0.3049,0.1162,0.2659,0.8451,0.5487,0.4511,0.294,1677320.15,1216972.53,13,0.6826,0.7407
CASH-00171,3,TUBOD,prime_healthy,8,318,0.7395,0.0313,0.0348,0.1544,0.8926,0.8164,0.7329,0.031,2577135.19,96671.98,6,0.8246,0.9111
CASH-00172,1,LALA,distressed,6,249,0.5359,0.2671,0.197,0.4013,0.4672,0.5221,0.193,0.3028,1619332.15,1323317.97,12,0.55,0.7
CASH-00173,2,KAPATAGAN,prime_healthy,6,421,0.8559,0.1272,0.0161,0.0876,0.8463,0.3766,0.6413,0.246,1666154.0,533939.57,8,0.7672,0.8824
CASH-00174,3,TUBOD,prime_healthy,4,336,0.8335,0.079,0.0258,0.2192,0.8541,0.5053,0.5777,0.0758,2850040.86,328346.47,3,0.7901,0.9197
CASH-00175,3,TUBOD,prime_healthy,9,282,0.8733,0.1104,0.0164,0.1667,0.8331,0.9116,0.6054,0.2615,723918.03,124701.26,6,0.7841,0.9018
CASH-00176,2,KAPATAGAN,prime_healthy,9,309,0.7077,0.0674,0.1161,0.1292,1.0,0.6266,0.688,0.033,2369746.6,234869.0,4,0.8662,0.8087
CASH-00177,3,TUBOD,distressed,1,274,0.5025,0.3182,0.1751,0.4699,0.5896,0.8737,0.2442,0.1454,696568.6,478420.19,8,0.55,0.7
CASH-00178,2,KAPATAGAN,prime_healthy,3,466,0.8069,0.1038,0.0,0.1858,0.8297,0.5976,0.8342,0.0917,3382748.3,1098404.86,9,0.8198,0.9275
CASH-00179,1,LALA,distressed,12,449,0.4871,0.2996,0.1352,0.3349,0.5503,0.2787,0.2599,0.1983,2218960.4,1963215.63,5,0.5503,0.7
CASH-00180,1,LALA,moderate_stress,1,467,0.6951,0.2195,0.0855,0.2328,0.7719,0.2674,0.641,0.2769,1344080.24,349889.38,8,0.6733,0.7936
CASH-00181,3,TUBOD,elevated_risk,4,345,0.4967,0.2598,0.1267,0.2787,0.6641,0.4837,0.4874,0.45,2837252.9,2001525.1,4,0.586,0.7
CASH-00182,3,TUBOD,moderate_stress,3,197,0.7544,0.1467,0.0989,0.206,0.7872,0.7408,0.6268,0.1636,1561919.82,607521.63,2,0.7169,0.7717
CASH-00183,1,LALA,moderate_stress,2,339,0.6914,0.1583,0.0711,0.2715,0.8764,0.1965,0.775,0.3663,1218710.65,438346.66,14,0.7413,0.8303
CASH-00184,1,LALA,distressed,11,402,0.5155,0.2847,0.1998,0.3937,0.5371,0.2061,0.2099,0.1607,3321099.09,1437690.25,12,0.5715,0.7
CASH-00185,2,KAPATAGAN,prime_healthy,7,464,0.774,0.0621,0.0573,0.1927,0.9996,0.45,0.6884,0.367,2396596.63,175695.8,1,0.8192,0.8775
CASH-00186,2,KAPATAGAN,elevated_risk,5,349,0.647,0.251,0.102,0.3082,0.7826,0.2145,0.5253,0.2473,1243937.85,586444.76,10,0.7015,0.7057
CASH-00187,3,TUBOD,prime_healthy,6,378,0.888,0.112,0.0,0.2651,0.9622,0.5503,0.6495,0.1064,1944821.37,452626.82,4,0.8086,0.9239
CASH-00188,1,LALA,moderate_stress,9,519,0.7553,0.1778,0.0669,0.2665,0.8008,0.601,0.5571,0.45,1328187.78,453060.62,13,0.6745,0.85
CASH-00189,3,TUBOD,prime_healthy,8,255,0.8888,0.0903,0.0209,0.2388,0.8002,0.6935,0.7305,0.2706,1437796.51,381595.55,4,0.7559,0.9224
CASH-00190,3,TUBOD,moderate_stress,4,207,0.6504,0.1958,0.0764,0.2917,0.7861,0.1335,0.6887,0.2165,655045.17,367882.75,2,0.6892,0.7986
CASH-00191,2,KAPATAGAN,moderate_stress,10,402,0.6585,0.2216,0.0609,0.2443,0.7577,0.3963,0.6881,0.1672,1321904.39,639133.24,7,0.6794,0.7613
CASH-00192,2,KAPATAGAN,moderate_stress,3,482,0.766,0.1614,0.0294,0.3009,0.7954,0.6313,0.7027,0.1128,3585424.32,1841512.9,7,0.698,0.8378
CASH-00193,3,TUBOD,moderate_stress,6,340,0.6118,0.2629,0.0977,0.2441,0.9151,0.5176,0.6888,0.0978,1959126.98,982530.5,1,0.7129,0.7523
CASH-00194,3,TUBOD,moderate_stress,1,216,0.7425,0.1331,0.1201,0.2773,0.8474,0.6551,0.5774,0.0874,1166960.4,235260.53,5,0.6732,0.7611
CASH-00195,1,LALA,prime_healthy,3,530,0.7362,0.0369,0.0874,0.2059,0.8139,0.852,0.7679,0.2403,4449095.06,304425.56,12,0.7489,0.797
CASH-00196,1,LALA,elevated_risk,5,433,0.5872,0.1876,0.0953,0.389,0.6325,0.3996,0.4063,0.1914,2662477.24,623926.25,11,0.5836,0.7408
CASH-00197,2,KAPATAGAN,distressed,3,232,0.4503,0.2633,0.1802,0.3649,0.5795,0.733,0.2,0.0777,617912.15,343042.92,12,0.55,0.7
CASH-00198,2,KAPATAGAN,moderate_stress,8,404,0.7255,0.238,0.0295,0.2606,0.7294,0.306,0.7218,0.0768,1625287.26,695588.31,6,0.705,0.7995
CASH-00199,1,LALA,moderate_stress,11,365,0.7029,0.1615,0.0432,0.2167,0.8472,0.7715,0.5753,0.1001,1595199.99,622343.36,12,0.7972,0.8514
CASH-00200,3,TUBOD,moderate_stress,7,397,0.6177,0.13,0.0554,0.2521,0.7927,0.5785,0.6165,0.3672,2507810.95,862426.58,10,0.7325,0.8206
CASH-00201,2,KAPATAGAN,moderate_stress,8,529,0.74,0.2166,0.0433,0.1477,0.8202,0.2511,0.6653,0.3145,4160879.46,1638407.12,10,0.6996,0.7847
CASH-00202,2,KAPATAGAN,elevated_risk,9,346,0.5534,0.1909,0.1333,0.3199,0.6654,0.9189,0.4367,0.45,1255923.75,443528.21,9,0.5902,0.7218
CASH-00203,3,TUBOD,prime_healthy,8,233,0.887,0.0764,0.0367,0.2233,0.9636,0.2211,0.5496,0.1888,744445.24,87456.71,4,0.8733,0.838
CASH-00204,2,KAPATAGAN,prime_healthy,4,490,0.9021,0.095,0.0029,0.2969,0.8796,0.6848,0.7558,0.45,3133665.57,566074.09,13,0.797,0.8772
CASH-00205,1,LALA,elevated_risk,7,310,0.6211,0.1969,0.1434,0.3075,0.648,0.218,0.4501,0.118,1644094.68,521681.9,7,0.6082,0.7
CASH-00206,1,LALA,moderate_stress,5,109,0.7385,0.2082,0.0533,0.2646,0.9114,0.3951,0.6731,0.242,288517.21,130594.63,10,0.7373,0.8016
CASH-00207,1,LALA,elevated_risk,1,361,0.5496,0.1902,0.0924,0.3664,0.7027,0.3356,0.5,0.214,2739927.92,1485829.9,7,0.5839,0.7458
CASH-00208,1,LALA,moderate_stress,7,498,0.6581,0.229,0.1038,0.2804,0.679,0.384,0.5905,0.2769,3054756.71,1403380.93,7,0.6544,0.7189
CASH-00209,3,TUBOD,elevated_risk,5,243,0.5309,0.2521,0.0875,0.3608,0.6595,0.7184,0.3283,0.0547,930181.66,516032.36,1,0.6029,0.7229
CASH-00210,2,KAPATAGAN,moderate_stress,3,289,0.7151,0.174,0.1109,0.2815,0.8378,0.6769,0.5648,0.0618,974972.22,292634.43,11,0.7402,0.7339
CASH-00211,3,TUBOD,distressed,9,381,0.4557,0.3703,0.174,0.4274,0.5535,0.8293,0.3722,0.1221,1120213.62,862706.63,8,0.55,0.7
CASH-00212,3,TUBOD,moderate_stress,4,388,0.7393,0.2211,0.0095,0.222,0.6875,0.811,0.5869,0.45,1455844.17,385650.87,7,0.6857,0.826
CASH-00213,2,KAPATAGAN,moderate_stress,3,393,0.5612,0.224,0.0571,0.3276,0.733,0.2496,0.6081,0.3971,1849029.69,1300145.28,7,0.6591,0.7901
CASH-00214,3,TUBOD,prime_healthy,9,248,0.7787,0.0593,0.0174,0.2379,0.8876,0.5347,0.7647,0.1326,1842315.86,337388.25,2,0.7953,0.8884
CASH-00215,1,LALA,distressed,8,332,0.5259,0.2866,0.1876,0.3419,0.5423,0.5817,0.3168,0.4146,2784166.83,2375033.12,10,0.55,0.7
CASH-00216,3,TUBOD,moderate_stress,6,288,0.7804,0.1945,0.0252,0.1898,0.7143,0.5264,0.5263,0.094,2362858.67,1144177.83,6,0.6653,0.8158
CASH-00217,2,KAPATAGAN,distressed,4,422,0.49,0.3072,0.1732,0.2989,0.5851,0.6718,0.1953,0.0792,3277828.64,1770438.86,5,0.55,0.7
CASH-00218,2,KAPATAGAN,moderate_stress,8,406,0.7012,0.1728,0.126,0.2485,0.7642,0.2171,0.6904,0.0855,3407977.21,724464.3,1,0.6861,0.7191
CASH-00219,3,TUBOD,moderate_stress,6,383,0.7058,0.1855,0.1088,0.2386,0.8811,0.5344,0.4986,0.2007,3122146.92,799113.08,7,0.7277,0.7
CASH-00220,1,LALA,prime_healthy,8,382,0.76,0.0791,0.0563,0.1881,0.9052,0.762,0.6957,0.213,2144084.19,368565.82,4,0.8033,0.8547
CASH-00221,2,KAPATAGAN,moderate_stress,5,379,0.7086,0.1947,0.0967,0.2724,0.8321,0.1495,0.6616,0.1774,952408.99,303499.47,10,0.6881,0.7809
CASH-00222,3,TUBOD,elevated_risk,7,257,0.588,0.2585,0.1233,0.3538,0.7366,0.2112,0.371,0.233,1401722.99,868734.51,9,0.6152,0.7
CASH-00223,3,TUBOD,moderate_stress,3,176,0.6512,0.1269,0.0723,0.2768,0.8521,0.6715,0.5508,0.1692,1345856.89,292113.44,8,0.7979,0.8042
CASH-00224,1,LALA,distressed,11,535,0.4874,0.2833,0.2074,0.4966,0.5601,0.3999,0.4132,0.0725,3813413.62,3272905.3,14,0.55,0.7
CASH-00225,1,LALA,distressed,5,379,0.496,0.3238,0.1802,0.4211,0.5502,0.1405,0.2382,0.2466,1236124.47,850081.44,10,0.55,0.7
CASH-00226,1,LALA,prime_healthy,9,285,0.7894,0.0971,0.0549,0.1799,0.8265,0.6148,0.7966,0.1676,1461360.08,236409.41,7,0.7702,0.8572
CASH-00227,3,TUBOD,elevated_risk,3,365,0.6332,0.2273,0.1395,0.3066,0.7187,0.3728,0.4049,0.0883,3043207.65,833267.08,4,0.6396,0.7
CASH-00228,2,KAPATAGAN,moderate_stress,12,511,0.6197,0.1385,0.1078,0.2473,0.7772,0.7548,0.741,0.3665,2949524.19,1078844.35,5,0.7839,0.8011
CASH-00229,1,LALA,moderate_stress,1,387,0.5866,0.246,0.0987,0.249,0.7938,0.2548,0.6495,0.0268,3128079.28,1751046.98,11,0.6888,0.7567
CASH-00230,2,KAPATAGAN,elevated_risk,8,443,0.509,0.2977,0.1124,0.2814,0.7229,0.6937,0.5408,0.1001,1637706.06,1549792.3,11,0.6318,0.7053
CASH-00231,3,TUBOD,prime_healthy,9,266,0.9469,0.0531,0.0,0.2214,0.9447,0.87,0.675,0.1361,1072498.19,113552.59,4,0.8307,0.95
CASH-00232,3,TUBOD,moderate_stress,7,318,0.7428,0.1534,0.1038,0.2445,0.7436,0.8175,0.647,0.1147,1908780.85,353013.13,7,0.6624,0.7665
CASH-00233,1,LALA,moderate_stress,1,388,0.6707,0.2507,0.0787,0.1944,0.7909,0.2542,0.5383,0.2758,2101798.15,1643969.63,8,0.6617,0.7438
CASH-00234,3,TUBOD,moderate_stress,10,272,0.7153,0.1679,0.0418,0.1884,0.764,0.2272,0.6483,0.3422,2049489.48,849261.05,4,0.7425,0.8356
CASH-00235,1,LALA,prime_healthy,3,455,0.6779,0.0822,0.067,0.1651,1.0,0.6017,0.7995,0.2851,1286095.81,332369.33,3,0.9109,0.8488
CASH-00236,1,LALA,moderate_stress,1,301,0.7102,0.1534,0.0482,0.2138,0.9292,0.2526,0.6007,0.1511,1957455.58,697375.62,9,0.7054,0.8358
CASH-00237,2,KAPATAGAN,prime_healthy,2,479,0.9041,0.0663,0.0296,0.1617,0.8316,0.6979,0.7544,0.1996,3726560.33,374411.11,13,0.8185,0.8967
CASH-00238,1,LALA,distressed,2,446,0.4655,0.3123,0.2222,0.3465,0.7235,0.8736,0.1196,0.2448,3372856.86,2993931.17,6,0.55,0.7
CASH-00239,1,LALA,distressed,6,449,0.401,0.2392,0.1562,0.3339,0.5243,0.3316,0.2291,0.2778,1156343.18,816456.07,8,0.55,0.7
CASH-00240,1,LALA,elevated_risk,4,366,0.679,0.2443,0.0767,0.2051,0.608,0.5323,0.4516,0.3908,2626857.62,1265489.29,5,0.6266,0.7861
CASH-00241,1,LALA,distressed,11,329,0.5376,0.3163,0.1461,0.4003,0.6949,0.7119,0.3362,0.1926,1084096.22,1006427.67,15,0.6429,0.7
CASH-00242,1,LALA,elevated_risk,8,396,0.5821,0.2986,0.0916,0.3994,0.7666,0.3666,0.4004,0.1861,1015885.3,616059.0,1,0.6171,0.7
CASH-00243,3,TUBOD,elevated_risk,10,384,0.5643,0.2353,0.1419,0.2634,0.642,0.7735,0.2748,0.2866,2934279.72,1814123.32,6,0.5826,0.7159
CASH-00244,3,TUBOD,prime_healthy,11,213,0.9426,0.0574,0.0,0.186,0.9508,0.4241,0.7991,0.0993,1050937.8,70077.33,12,0.9332,0.95
CASH-00245,1,LALA,elevated_risk,5,292,0.5428,0.2804,0.1383,0.3288,0.6206,0.3981,0.4728,0.281,1903497.13,847416.37,12,0.5857,0.7
CASH-00246,3,TUBOD,elevated_risk,11,388,0.5682,0.1919,0.1025,0.2196,0.5014,0.2708,0.5285,0.3283,1242123.55,654264.62,0,0.5546,0.7537
CASH-00247,2,KAPATAGAN,elevated_risk,7,377,0.6184,0.2857,0.0957,0.332,0.6499,0.4126,0.4442,0.3137,2614906.58,1622652.51,9,0.643,0.7265
CASH-00248,3,TUBOD,prime_healthy,1,144,0.8702,0.0825,0.0176,0.1616,0.8277,0.2778,0.666,0.1569,545541.88,89940.36,4,0.7954,0.9041
CASH-00249,2,KAPATAGAN,moderate_stress,6,272,0.7665,0.1499,0.0836,0.2536,0.7742,0.1507,0.5543,0.3172,1799326.68,556764.02,13,0.6908,0.7562
CASH-00250,2,KAPATAGAN,moderate_stress,1,433,0.7553,0.1384,0.1063,0.2379,0.833,0.245,0.6199,0.435,1555770.68,538741.07,4,0.7134,0.7925
CASH-00251,3,TUBOD,moderate_stress,12,321,0.67,0.1921,0.0865,0.1895,0.8434,0.4734,0.6374,0.3861,1309117.93,664521.53,7,0.8206,0.787
CASH-00252,3,TUBOD,prime_healthy,2,85,0.8295,0.1039,0.0,0.2165,0.8784,0.4921,0.7636,0.0867,521506.68,164199.76,8,0.7587,0.9495
CASH-00253,2,KAPATAGAN,prime_healthy,7,193,0.8343,0.1536,0.0065,0.1228,0.8481,0.5395,0.7357,0.3274,1593054.45,488716.81,7,0.7678,0.8568
CASH-00254,2,KAPATAGAN,elevated_risk,1,338,0.57,0.276,0.154,0.3447,0.8046,0.6183,0.5483,0.3022,1332500.46,891023.36,8,0.6327,0.7
CASH-00255,2,KAPATAGAN,prime_healthy,5,278,0.7712,0.1333,0.0,0.1892,0.9765,0.8064,0.8632,0.2733,940973.19,201771.95,8,0.818,0.9197
CASH-00256,2,KAPATAGAN,moderate_stress,1,354,0.6668,0.1957,0.084,0.3038,0.789,0.1446,0.5294,0.1872,2761700.16,1478181.78,7,0.6656,0.7449
CASH-00257,3,TUBOD,distressed,1,293,0.4638,0.3138,0.2223,0.3458,0.5569,0.7577,0.4135,0.3893,824504.84,739993.64,8,0.55,0.7
CASH-00258,2,KAPATAGAN,prime_healthy,2,364,0.8307,0.1006,0.0687,0.2176,0.8875,0.9045,0.6116,0.1493,2418323.21,264993.5,6,0.7806,0.8286
CASH-00259,3,TUBOD,elevated_risk,7,298,0.5847,0.267,0.1189,0.2235,0.6233,0.6448,0.4626,0.2709,835767.92,500260.71,2,0.5602,0.7
CASH-00260,2,KAPATAGAN,elevated_risk,10,486,0.6099,0.2769,0.1132,0.3945,0.7298,0.5496,0.3906,0.1365,3866846.14,1258992.13,7,0.6078,0.7039
CASH-00261,2,KAPATAGAN,moderate_stress,5,436,0.6293,0.1885,0.0564,0.2158,0.8189,0.1228,0.6181,0.2245,2867768.54,909997.74,11,0.7973,0.8202
CASH-00262,3,TUBOD,distressed,8,290,0.5019,0.2164,0.1687,0.453,0.6231,0.8267,0.337,0.2693,1691663.36,819265.58,4,0.55,0.7
CASH-00263,2,KAPATAGAN,elevated_risk,7,388,0.597,0.2543,0.133,0.2642,0.6083,0.5144,0.4007,0.1736,2077433.6,758519.78,12,0.5719,0.7
CASH-00264,3,TUBOD,prime_healthy,8,253,0.8283,0.0887,0.0268,0.1952,0.8972,0.6926,0.7143,0.1397,657746.06,164762.52,6,0.7652,0.8733
CASH-00265,3,TUBOD,moderate_stress,9,321,0.7412,0.2375,0.0213,0.2238,0.7422,0.7412,0.6344,0.2442,1999869.48,1412323.16,7,0.678,0.8389
CASH-00266,1,LALA,moderate_stress,11,461,0.791,0.2027,0.0063,0.3064,0.8201,0.2846,0.4453,0.1187,1408236.96,882959.09,9,0.8381,0.8647
CASH-00267,3,TUBOD,distressed,11,234,0.4703,0.3068,0.1972,0.3853,0.5184,0.8435,0.3689,0.2297,1250538.09,662298.56,7,0.55,0.7
CASH-00268,3,TUBOD,elevated_risk,3,374,0.5455,0.2566,0.162,0.3319,0.6552,0.26,0.4403,0.45,1022792.67,456471.65,8,0.5654,0.7
CASH-00269,2,KAPATAGAN,elevated_risk,3,289,0.6185,0.2772,0.1043,0.2579,0.603,0.4058,0.4106,0.1801,1722481.94,545369.84,3,0.5818,0.7547
CASH-00270,2,KAPATAGAN,elevated_risk,8,348,0.6528,0.2573,0.0899,0.3331,0.7742,0.5679,0.4631,0.0313,2663202.86,751638.3,10,0.6353,0.7596
CASH-00271,2,KAPATAGAN,prime_healthy,6,417,0.8498,0.0711,0.0264,0.1998,0.9605,0.1155,0.6325,0.1994,2616731.89,523501.94,6,0.814,0.9255
CASH-00272,3,TUBOD,distressed,4,292,0.4315,0.2371,0.1539,0.3725,0.5973,0.2897,0.4336,0.2223,1960924.81,684988.3,2,0.5922,0.7
CASH-00273,1,LALA,prime_healthy,8,289,0.8498,0.0347,0.0774,0.1245,0.9258,0.661,0.7313,0.1043,1134329.61,48117.37,3,0.8359,0.8329
CASH-00274,2,KAPATAGAN,prime_healthy,2,484,0.8078,0.0925,0.0137,0.1259,0.9718,0.5768,0.7156,0.4183,2678286.58,761743.11,9,0.8287,0.8956
CASH-00275,2,KAPATAGAN,prime_healthy,1,530,0.8666,0.127,0.0063,0.1544,0.9329,0.9163,0.7872,0.4078,3384484.03,751929.37,8,0.7599,0.9208
CASH-00276,1,LALA,moderate_stress,1,474,0.691,0.2481,0.0608,0.3205,0.8343,0.256,0.6089,0.2077,3972171.75,1250711.37,10,0.6974,0.7926
CASH-00277,3,TUBOD,distressed,8,333,0.4626,0.3643,0.1138,0.3797,0.4941,0.1909,0.1714,0.3167,2224606.84,1475290.07,3,0.55,0.7
CASH-00278,1,LALA,prime_healthy,10,385,0.814,0.1369,0.0,0.2724,0.7722,0.3014,0.5988,0.236,2451742.35,969844.63,10,0.756,0.9047
CASH-00279,3,TUBOD,elevated_risk,6,301,0.6453,0.2417,0.1129,0.358,0.7038,0.8408,0.3313,0.1481,1016461.74,621304.92,9,0.6091,0.7181
CASH-00280,3,TUBOD,moderate_stress,10,343,0.6946,0.1877,0.1177,0.2447,0.64,0.1193,0.5971,0.3309,2757506.95,1200506.95,7,0.6064,0.7271
CASH-00281,1,LALA,prime_healthy,6,453,0.8221,0.074,0.0299,0.1272,0.9042,0.4495,0.6387,0.2358,1985328.15,370490.45,11,0.7866,0.838
CASH-00282,1,LALA,distressed,1,364,0.4922,0.3471,0.159,0.4014,0.4573,0.3301,0.4224,0.45,1535660.09,1662564.03,4,0.55,0.7
CASH-00283,1,LALA,elevated_risk,7,567,0.532,0.3373,0.1307,0.3517,0.7177,0.4611,0.3173,0.1938,2057117.34,2067721.91,11,0.578,0.7
CASH-00284,3,TUBOD,moderate_stress,12,239,0.6527,0.1199,0.0493,0.2348,0.8717,0.8972,0.5849,0.0911,1248039.44,426510.65,3,0.9151,0.8585
CASH-00285,1,LALA,moderate_stress,7,324,0.6803,0.1588,0.063,0.213,0.834,0.206,0.6595,0.218,1492881.04,758160.85,13,0.7518,0.8498
CASH-00286,3,TUBOD,moderate_stress,9,274,0.661,0.2065,0.1017,0.3397,0.8605,0.2414,0.6187,0.2351,1764997.14,1166044.76,5,0.7212,0.729
CASH-00287,1,LALA,distressed,5,680,0.3561,0.3763,0.1733,0.37,0.594,0.9154,0.1328,0.0211,1701543.97,1269539.83,10,0.55,0.7
CASH-00288,1,LALA,moderate_stress,8,430,0.7629,0.1652,0.0719,0.1512,0.7956,0.1663,0.4884,0.1288,2352943.1,728929.13,8,0.7119,0.8065
CASH-00289,2,KAPATAGAN,moderate_stress,2,382,0.6695,0.1716,0.0838,0.2256,0.9156,0.746,0.5605,0.2265,1748328.92,502692.82,7,0.7354,0.7728
CASH-00290,1,LALA,elevated_risk,10,367,0.5853,0.2086,0.1465,0.3537,0.6227,0.8246,0.3713,0.0337,1224183.72,606781.24,10,0.55,0.7
CASH-00291,3,TUBOD,moderate_stress,9,311,0.7013,0.1717,0.048,0.2352,0.8051,0.3856,0.5563,0.2197,1463075.79,703146.81,10,0.7602,0.806
CASH-00292,3,TUBOD,moderate_stress,6,273,0.7025,0.216,0.0815,0.2106,0.8479,0.6745,0.6584,0.2607,931821.5,504585.51,8,0.721,0.7616
CASH-00293,3,TUBOD,prime_healthy,9,281,0.791,0.1737,0.0354,0.1679,1.0,0.305,0.8374,0.173,2210483.27,724211.88,7,0.796,0.8476
CASH-00294,1,LALA,prime_healthy,4,359,0.8765,0.1083,0.0153,0.265,1.0,0.6282,0.7295,0.1351,1473644.93,344499.55,8,0.9015,0.8958
CASH-00295,2,KAPATAGAN,elevated_risk,9,155,0.604,0.2273,0.1476,0.256,0.8306,0.7106,0.4928,0.2282,877744.6,362584.79,7,0.6783,0.7
CASH-00296,2,KAPATAGAN,distressed,5,381,0.5105,0.2864,0.2031,0.322,0.6838,0.2365,0.3566,0.1689,2704487.35,1968330.5,6,0.6242,0.7
CASH-00297,3,TUBOD,moderate_stress,10,372,0.6873,0.2036,0.1091,0.352,0.667,0.6426,0.6722,0.3862,1511413.92,837754.44,7,0.6475,0.7819
CASH-00298,2,KAPATAGAN,elevated_risk,3,407,0.6241,0.2635,0.1124,0.3165,0.5746,0.8681,0.4325,0.4177,2267681.43,1675645.63,5,0.5515,0.7
CASH-00299,1,LALA,moderate_stress,6,447,0.7092,0.2166,0.0742,0.2609,0.8374,0.1688,0.6086,0.0893,2554754.87,745626.56,4,0.7244,0.7648
CASH-00300,3,TUBOD,prime_healthy,10,337,0.7288,0.0769,0.0204,0.2488,0.9834,0.6688,0.6846,0.2752,934628.25,89038.56,9,0.8494,0.8925
CASH-00301,1,LALA,prime_healthy,2,472,0.8344,0.1066,0.059,0.2187,0.9505,0.6428,0.6429,0.1414,2110507.2,459582.46,8,0.8012,0.8246
CASH-00302,3,TUBOD,prime_healthy,2,263,0.8673,0.0945,0.0381,0.1535,0.8355,0.5568,0.766,0.3566,908924.89,91977.08,5,0.7577,0.8677
CASH-00303,3,TUBOD,moderate_stress,11,358,0.7427,0.2304,0.0268,0.3132,0.7557,0.8897,0.529,0.319,2821080.39,1571328.37,8,0.7378,0.8269
CASH-00304,3,TUBOD,moderate_stress,6,249,0.7006,0.2304,0.069,0.1891,0.8977,0.3661,0.59,0.1733,1469449.27,579155.02,7,0.7248,0.8052
CASH-00305,3,TUBOD,elevated_risk,6,434,0.6223,0.2488,0.1281,0.3078,0.6877,0.3427,0.3416,0.1734,1731120.26,1073500.16,5,0.6233,0.7113
CASH-00306,3,TUBOD,distressed,10,266,0.4889,0.2824,0.2238,0.3663,0.5353,0.6715,0.1886,0.1607,1333850.97,1025080.61,12,0.55,0.7
CASH-00307,2,KAPATAGAN,distressed,6,353,0.4942,0.2718,0.1786,0.4394,0.5463,0.1639,0.1687,0.1526,2863301.75,1757213.16,8,0.55,0.7
CASH-00308,1,LALA,distressed,4,489,0.4673,0.316,0.1975,0.4035,0.4755,0.5581,0.3148,0.3505,2534739.04,2311603.19,8,0.55,0.7
CASH-00309,1,LALA,moderate_stress,2,343,0.6981,0.1564,0.091,0.2855,0.8476,0.1023,0.571,0.3732,2432083.74,388200.61,4,0.6964,0.765
CASH-00310,1,LALA,distressed,12,528,0.35,0.3914,0.1556,0.4056,0.5991,0.492,0.381,0.45,2248978.92,2090886.36,12,0.5611,0.7
CASH-00311,2,KAPATAGAN,elevated_risk,12,316,0.5413,0.2144,0.1109,0.3698,0.7634,0.8761,0.3986,0.0449,2441006.0,1176561.32,9,0.7348,0.7277
CASH-00312,2,KAPATAGAN,moderate_stress,2,419,0.6927,0.1816,0.07,0.3305,0.7233,0.311,0.5281,0.1528,2355580.84,1025841.92,7,0.6627,0.8025
CASH-00313,3,TUBOD,distressed,2,230,0.4886,0.3033,0.1703,0.391,0.5043,0.2516,0.3959,0.45,1674470.04,1573140.43,7,0.55,0.7
CASH-00314,1,LALA,moderate_stress,9,192,0.6628,0.1699,0.0977,0.2006,0.9462,0.8803,0.5754,0.1567,617833.97,272461.89,10,0.8259,0.7666
CASH-00315,1,LALA,elevated_risk,8,238,0.5811,0.2598,0.1118,0.3411,0.6962,0.8071,0.4356,0.1383,1736693.11,543546.12,12,0.584,0.7
CASH-00316,3,TUBOD,elevated_risk,12,314,0.5982,0.2753,0.1265,0.2788,0.7812,0.4614,0.329,0.293,1224604.39,484030.44,10,0.7087,0.7
CASH-00317,1,LALA,moderate_stress,1,407,0.7886,0.1671,0.0443,0.1818,0.6905,0.4967,0.6581,0.2251,3224266.75,581371.76,4,0.7179,0.8599
CASH-00318,1,LALA,moderate_stress,5,416,0.6192,0.2196,0.0493,0.1514,0.6911,0.5303,0.5937,0.2036,1765231.62,583950.57,12,0.6447,0.7805
CASH-00319,2,KAPATAGAN,moderate_stress,2,538,0.723,0.2033,0.0607,0.3076,0.7635,0.6416,0.4892,0.3466,4170552.74,2531585.49,6,0.6444,0.7958
CASH-00320,2,KAPATAGAN,prime_healthy,9,378,0.8519,0.0924,0.0557,0.2523,0.9255,0.7913,0.7013,0.0614,2942862.3,426368.99,9,0.8317,0.8563
CASH-00321,1,LALA,distressed,3,351,0.5089,0.3581,0.133,0.3561,0.4913,0.2968,0.2283,0.2969,1565715.08,927045.18,6,0.55,0.7
CASH-00322,2,KAPATAGAN,moderate_stress,4,427,0.7332,0.1642,0.1026,0.2072,0.8901,0.9036,0.7902,0.2586,2000141.19,664311.67,10,0.7611,0.7841
CASH-00323,1,LALA,moderate_stress,6,337,0.6782,0.2526,0.0692,0.2584,0.7956,0.3968,0.5042,0.2736,2422269.05,887331.39,4,0.7001,0.7614
CASH-00324,3,TUBOD,elevated_risk,12,221,0.6261,0.1888,0.1851,0.3599,0.5632,0.7645,0.398,0.45,1463908.28,287666.04,7,0.55,0.7
CASH-00325,3,TUBOD,moderate_stress,5,355,0.6271,0.1878,0.0477,0.1597,0.8315,0.4759,0.6421,0.45,1758226.87,946722.53,10,0.7495,0.8015
CASH-00326,2,KAPATAGAN,distressed,2,255,0.5168,0.2929,0.1835,0.4273,0.467,0.5458,0.3397,0.2656,937910.49,643830.0,12,0.55,0.7
CASH-00327,3,TUBOD,distressed,11,251,0.4264,0.3464,0.16,0.5279,0.5194,0.2763,0.3638,0.3126,1738907.45,1021431.4,9,0.55,0.7
CASH-00328,3,TUBOD,prime_healthy,6,141,0.7878,0.1062,0.031,0.1918,0.8728,0.8725,0.6034,0.4259,680360.77,161847.22,3,0.7412,0.8721
CASH-00329,2,KAPATAGAN,elevated_risk,6,476,0.5043,0.2351,0.0765,0.333,0.698,0.8101,0.3078,0.1808,2085220.74,1441806.7,10,0.5686,0.7415
CASH-00330,2,KAPATAGAN,prime_healthy,7,358,0.7381,0.1847,0.0,0.1698,0.9816,0.655,0.6016,0.3013,930575.54,227963.61,9,0.7888,0.8863
CASH-00331,2,KAPATAGAN,elevated_risk,8,395,0.6815,0.219,0.0995,0.3461,0.7302,0.5751,0.3424,0.107,2051362.45,615855.52,9,0.6397,0.7251
CASH-00332,1,LALA,moderate_stress,1,340,0.7544,0.151,0.0947,0.2844,0.8755,0.7627,0.6764,0.2413,2002793.93,577610.95,13,0.6842,0.8156
CASH-00333,3,TUBOD,prime_healthy,8,245,0.7684,0.1124,0.0083,0.2427,0.8345,0.5856,0.8528,0.1956,788144.99,240360.49,9,0.781,0.9452
CASH-00334,3,TUBOD,elevated_risk,12,375,0.6518,0.2157,0.1325,0.3624,0.6334,0.6147,0.4212,0.1771,1836219.85,662574.59,9,0.618,0.7
CASH-00335,2,KAPATAGAN,prime_healthy,6,322,0.8623,0.1191,0.0186,0.2311,0.8468,0.5278,0.6506,0.1641,2357422.8,498373.46,6,0.7681,0.8729
CASH-00336,2,KAPATAGAN,elevated_risk,10,155,0.6053,0.2864,0.1083,0.2409,0.5655,0.5869,0.4131,0.3561,953232.03,417503.52,2,0.5588,0.7186
CASH-00337,3,TUBOD,moderate_stress,1,414,0.7359,0.1928,0.0627,0.272,0.8515,0.6499,0.668,0.073,1259329.57,304396.78,6,0.7212,0.8051
CASH-00338,3,TUBOD,distressed,8,323,0.497,0.2974,0.1948,0.3586,0.6693,0.913,0.2625,0.0266,1032464.87,749216.93,12,0.55,0.7
CASH-00339,1,LALA,distressed,7,363,0.4869,0.2747,0.1586,0.3885,0.492,0.7525,0.3707,0.1293,2488570.25,1780040.1,8,0.55,0.7
CASH-00340,1,LALA,distressed,1,415,0.3929,0.3865,0.1726,0.5275,0.4699,0.2538,0.1192,0.1992,2382841.88,1358429.07,10,0.55,0.7
CASH-00341,3,TUBOD,prime_healthy,8,335,0.8027,0.131,0.0664,0.3003,1.0,0.3512,0.7434,0.258,1505505.93,277398.26,7,0.8411,0.8394
CASH-00342,2,KAPATAGAN,prime_healthy,11,406,0.8596,0.1373,0.0,0.1416,0.9266,0.3119,0.6847,0.268,2369536.24,784303.78,6,0.9175,0.9148
CASH-00343,2,KAPATAGAN,elevated_risk,8,494,0.5904,0.295,0.0879,0.3176,0.7218,0.824,0.3928,0.3974,1344145.58,409888.49,8,0.55,0.7037
CASH-00344,2,KAPATAGAN,moderate_stress,11,468,0.7332,0.2166,0.0222,0.2841,0.8431,0.3311,0.6101,0.0897,3966292.15,1204578.94,8,0.8245,0.8462
CASH-00345,2,KAPATAGAN,moderate_stress,4,400,0.7233,0.1965,0.0483,0.2049,0.9359,0.8056,0.6611,0.1807,2452012.84,486029.11,8,0.8211,0.8439
CASH-00346,2,KAPATAGAN,prime_healthy,9,268,0.8075,0.1394,0.0531,0.1366,0.8787,0.3475,0.7228,0.4,2102070.2,314894.69,12,0.7565,0.8372
CASH-00347,3,TUBOD,prime_healthy,12,255,0.8853,0.0632,0.0,0.1075,0.9451,0.1251,0.6795,0.0828,709650.59,101548.82,2,0.9879,0.9345
CASH-00348,3,TUBOD,elevated_risk,1,369,0.5894,0.2908,0.1086,0.2974,0.6092,0.3578,0.5953,0.45,1026781.12,789854.78,4,0.5657,0.701
CASH-00349,3,TUBOD,prime_healthy,4,268,0.8226,0.1356,0.0389,0.2173,0.9247,0.606,0.7696,0.1808,1122390.02,370060.84,14,0.8207,0.8776
CASH-00350,2,KAPATAGAN,moderate_stress,8,398,0.6916,0.1907,0.0685,0.2723,0.8986,0.304,0.6515,0.2698,1364333.01,432728.37,5,0.7676,0.7665
CASH-00351,1,LALA,moderate_stress,5,441,0.7316,0.1287,0.0243,0.3914,0.8386,0.3862,0.6403,0.2727,1820309.86,526712.11,13,0.7159,0.8324
CASH-00352,2,KAPATAGAN,prime_healthy,11,270,0.8412,0.0864,0.0162,0.1989,0.9352,0.1776,0.7797,0.2471,1892890.62,405335.62,10,0.9079,0.8778
CASH-00353,3,TUBOD,elevated_risk,4,267,0.6351,0.2339,0.0863,0.2497,0.7879,0.3734,0.4098,0.195,1983763.98,1432983.98,11,0.719,0.7598
CASH-00354,3,TUBOD,moderate_stress,3,144,0.7193,0.161,0.0645,0.2824,0.8134,0.618,0.7555,0.2716,685841.49,265571.37,8,0.7663,0.8311
CASH-00355,1,LALA,prime_healthy,5,397,0.8952,0.0702,0.0346,0.2079,0.9205,0.5513,0.5996,0.2611,1335671.42,249870.45,5,0.8196,0.8951
CASH-00356,3,TUBOD,moderate_stress,5,353,0.6108,0.1955,0.098,0.2581,0.7721,0.3387,0.5321,0.1311,2120281.74,1248286.75,5,0.6943,0.7539
CASH-00357,1,LALA,elevated_risk,6,398,0.5692,0.2651,0.1077,0.3361,0.7079,0.1918,0.4498,0.3371,2426885.15,1681625.73,8,0.5632,0.7183
CASH-00358,2,KAPATAGAN,prime_healthy,6,424,0.8321,0.1058,0.0622,0.12,1.0,0.9126,0.7616,0.027,1753070.43,189726.53,10,0.8498,0.8234
CASH-00359,2,KAPATAGAN,moderate_stress,12,360,0.7179,0.199,0.0831,0.2237,0.807,0.4837,0.6105,0.0809,2378008.61,676270.75,11,0.8148,0.7815
CASH-00360,1,LALA,prime_healthy,12,289,0.8231,0.1203,0.0,0.3007,0.8358,0.1905,0.7358,0.3253,2059988.91,259180.9,11,0.9077,0.9207
CASH-00361,3,TUBOD,distressed,9,244,0.4364,0.3014,0.2013,0.3248,0.4736,0.3796,0.4538,0.2585,1909955.46,1838191.62,7,0.55,0.7
CASH-00362,2,KAPATAGAN,distressed,7,354,0.5059,0.2776,0.1415,0.3801,0.4872,0.1739,0.3262,0.45,947643.71,731796.75,5,0.55,0.7
CASH-00363,1,LALA,distressed,9,432,0.3954,0.2772,0.144,0.4288,0.5219,0.3028,0.418,0.0451,1599852.73,1324114.76,3,0.55,0.7
CASH-00364,2,KAPATAGAN,prime_healthy,9,292,0.8412,0.0352,0.0318,0.1303,0.8189,0.2911,0.727,0.2212,1902365.94,172335.56,10,0.7438,0.8775
CASH-00365,1,LALA,moderate_stress,11,409,0.6896,0.2372,0.0731,0.2683,0.734,0.6363,0.6402,0.3,3050582.14,2285872.09,6,0.7149,0.7617
CASH-00366,3,TUBOD,moderate_stress,2,338,0.7423,0.1835,0.0741,0.3622,0.7637,0.9155,0.7464,0.115,1252146.83,527122.4,4,0.6394,0.7531
CASH-00367,2,KAPATAGAN,prime_healthy,6,449,0.7735,0.1474,0.0,0.1545,0.8929,0.554,0.6692,0.2946,1145249.21,220984.21,9,0.7636,0.8791
CASH-00368,3,TUBOD,moderate_stress,1,304,0.7491,0.1474,0.0548,0.2549,0.7082,0.6071,0.5507,0.1577,837284.44,132244.24,6,0.6678,0.8113
CASH-00369,3,TUBOD,moderate_stress,6,324,0.579,0.2359,0.1176,0.1957,0.8505,0.3786,0.5346,0.1321,1791368.56,959488.38,2,0.7012,0.7162
CASH-00370,3,TUBOD,prime_healthy,7,201,0.8967,0.0739,0.0293,0.1272,0.9465,0.8569,0.6997,0.205,1565397.73,184393.59,10,0.8016,0.9019
CASH-00371,2,KAPATAGAN,prime_healthy,6,358,0.851,0.0835,0.0,0.1495,0.9643,0.5159,0.5877,0.1518,2833181.82,639467.25,12,0.8372,0.9028
CASH-00372,2,KAPATAGAN,elevated_risk,9,417,0.5417,0.2483,0.126,0.2691,0.6472,0.701,0.3586,0.4226,3528707.77,2438015.31,8,0.5637,0.7
CASH-00373,1,LALA,elevated_risk,4,433,0.5419,0.2273,0.1224,0.2312,0.6724,0.108,0.4631,0.45,1691459.81,1083606.35,6,0.6113,0.7
CASH-00374,3,TUBOD,moderate_stress,9,293,0.7002,0.1687,0.078,0.2111,0.8123,0.8065,0.5672,0.281,2167725.61,564673.03,5,0.7379,0.7999
CASH-00375,2,KAPATAGAN,moderate_stress,3,288,0.6883,0.1816,0.0271,0.2285,0.8538,0.8987,0.6283,0.1261,1049799.92,593716.61,4,0.7896,0.8668
CASH-00376,2,KAPATAGAN,prime_healthy,7,546,0.814,0.0963,0.0458,0.1847,0.9942,0.4972,0.6859,0.3009,1985638.92,262852.16,6,0.7754,0.8852
CASH-00377,3,TUBOD,elevated_risk,4,287,0.6188,0.2372,0.1418,0.2913,0.6293,0.4903,0.4212,0.3675,2346048.37,1589699.28,7,0.5912,0.7346
CASH-00378,1,LALA,moderate_stress,6,396,0.6478,0.169,0.0746,0.2213,0.8219,0.2701,0.5065,0.1546,1317401.36,410953.99,10,0.7058,0.7863
CASH-00379,1,LALA,distressed,10,442,0.4304,0.3235,0.2155,0.4589,0.621,0.7405,0.1871,0.0793,2158753.09,1054064.06,9,0.55,0.7
CASH-00380,3,TUBOD,prime_healthy,3,451,0.7702,0.0948,0.0177,0.2072,0.8651,0.4941,0.637,0.45,2141811.59,536333.04,7,0.7724,0.872
CASH-00381,1,LALA,distressed,12,257,0.4341,0.3473,0.1984,0.3708,0.5397,0.1737,0.2134,0.0928,1006598.9,822826.47,10,0.55,0.7
CASH-00382,3,TUBOD,moderate_stress,8,324,0.7282,0.1901,0.0817,0.224,0.7863,0.9169,0.5982,0.0722,1941893.28,778988.54,0,0.7245,0.7701
CASH-00383,2,KAPATAGAN,distressed,10,479,0.4183,0.3702,0.2115,0.4126,0.4575,0.7716,0.3474,0.267,2312446.11,2715461.49,6,0.55,0.7
CASH-00384,3,TUBOD,moderate_stress,8,185,0.6247,0.1954,0.1313,0.2248,0.867,0.4395,0.6372,0.0774,1520787.99,401872.28,11,0.7589,0.7624
CASH-00385,3,TUBOD,distressed,3,418,0.517,0.3141,0.1641,0.4753,0.4454,0.9018,0.2724,0.2422,2088723.59,1306723.17,13,0.55,0.7
CASH-00386,1,LALA,moderate_stress,8,260,0.6923,0.2511,0.0566,0.2682,0.678,0.8904,0.5385,0.211,1153783.31,803363.56,7,0.6427,0.7695
CASH-00387,2,KAPATAGAN,elevated_risk,12,283,0.6235,0.2634,0.0996,0.2631,0.716,0.3683,0.4042,0.3223,1346661.57,731558.68,9,0.6901,0.7157
CASH-00388,3,TUBOD,moderate_stress,1,307,0.6537,0.1884,0.0885,0.2343,0.7656,0.2708,0.4695,0.3469,2338806.75,1053859.28,5,0.6529,0.7502
CASH-00389,1,LALA,moderate_stress,8,484,0.68,0.271,0.0294,0.2296,0.8964,0.4364,0.5924,0.45,3764247.53,1662903.47,14,0.7178,0.8158
CASH-00390,3,TUBOD,distressed,2,328,0.4813,0.2622,0.2564,0.3351,0.6231,0.2445,0.3567,0.1075,2528756.54,1339079.66,6,0.55,0.7
CASH-00391,2,KAPATAGAN,prime_healthy,11,368,0.853,0.1154,0.0,0.2216,0.8405,0.4799,0.8562,0.1707,2236161.6,643768.39,12,0.8302,0.9113
CASH-00392,1,LALA,distressed,2,384,0.5354,0.3059,0.1587,0.3586,0.5165,0.4854,0.1283,0.0775,3130608.83,1743639.19,6,0.55,0.7
CASH-00393,3,TUBOD,prime_healthy,9,337,0.8606,0.1342,0.0052,0.1712,0.929,0.3682,0.8412,0.3976,2543150.68,878664.21,7,0.8031,0.9261
CASH-00394,3,TUBOD,moderate_stress,5,384,0.6596,0.1683,0.0839,0.2687,0.8671,0.8684,0.7413,0.2293,1402714.0,367090.67,10,0.7205,0.8089
CASH-00395,2,KAPATAGAN,moderate_stress,2,431,0.7157,0.202,0.0823,0.2161,0.8372,0.4813,0.4975,0.1682,1208358.5,385778.29,4,0.7476,0.7646
CASH-00396,1,LALA,moderate_stress,11,357,0.6586,0.2164,0.1052,0.2849,0.7532,0.592,0.5144,0.3012,1544911.77,358996.41,10,0.7077,0.7418
CASH-00397,3,TUBOD,moderate_stress,9,402,0.6922,0.1889,0.0837,0.2776,0.7471,0.7307,0.476,0.3095,2342584.68,818992.74,4,0.6659,0.7803
CASH-00398,1,LALA,prime_healthy,3,384,0.8656,0.1272,0.0072,0.1887,0.8888,0.8135,0.5442,0.122,1552306.72,321395.13,10,0.8138,0.8915
CASH-00399,3,TUBOD,moderate_stress,2,239,0.8033,0.1516,0.0451,0.1865,0.7284,0.1772,0.571,0.359,1081282.51,434946.77,8,0.6661,0.8599
CASH-00400,3,TUBOD,prime_healthy,1,251,0.856,0.144,0.0,0.1331,0.8142,0.1161,0.6507,0.0906,880224.07,315941.52,7,0.7642,0.885
CASH-00401,1,LALA,moderate_stress,11,398,0.7251,0.2398,0.0351,0.1819,0.8406,0.3707,0.4386,0.0563,2770195.55,1417106.95,10,0.8326,0.8073
CASH-00402,2,KAPATAGAN,moderate_stress,2,391,0.7271,0.1899,0.083,0.3006,0.7262,0.6241,0.6523,0.2949,1121868.35,303693.14,8,0.6299,0.7839
CASH-00403,1,LALA,distressed,4,334,0.5112,0.2876,0.1572,0.4093,0.6171,0.1346,0.2516,0.3414,1721825.29,1090876.09,7,0.55,0.7
CASH-00404,2,KAPATAGAN,distressed,5,330,0.4959,0.3168,0.1873,0.4399,0.502,0.6609,0.2605,0.0949,2103589.34,1492814.34,9,0.55,0.7
CASH-00405,2,KAPATAGAN,moderate_stress,6,363,0.6954,0.1761,0.0674,0.2682,0.6959,0.4348,0.632,0.2709,1779795.27,913579.43,11,0.6493,0.777
CASH-00406,3,TUBOD,prime_healthy,12,227,0.8825,0.1175,0.0,0.1283,0.9016,0.7989,0.766,0.1772,1510375.45,286241.33,10,0.9092,0.8877
CASH-00407,3,TUBOD,elevated_risk,7,338,0.5806,0.1685,0.1126,0.3574,0.7856,0.6315,0.437,0.232,1405369.79,715511.0,6,0.697,0.7342
CASH-00408,1,LALA,elevated_risk,7,305,0.6522,0.2667,0.0395,0.2527,0.6854,0.6558,0.275,0.3459,1165723.76,330465.47,14,0.6427,0.7749
CASH-00409,1,LALA,prime_healthy,6,417,0.8269,0.0822,0.0141,0.0555,0.9392,0.1727,0.7808,0.2687,1140172.71,174206.74,13,0.8018,0.9204
CASH-00410,2,KAPATAGAN,prime_healthy,12,548,0.8071,0.1624,0.0304,0.2196,0.9776,0.8575,0.6946,0.3014,3324081.77,1348285.35,6,0.9586,0.8363
CASH-00411,2,KAPATAGAN,distressed,10,416,0.3875,0.2891,0.1127,0.3987,0.4805,0.7277,0.2936,0.4222,2724559.57,2191607.12,4,0.55,0.7
CASH-00412,2,KAPATAGAN,moderate_stress,6,321,0.8223,0.1218,0.0559,0.2701,0.8294,0.7416,0.5985,0.45,1365259.47,177097.36,3,0.6716,0.8578
CASH-00413,1,LALA,moderate_stress,4,422,0.6987,0.2112,0.0442,0.1808,0.7399,0.4582,0.5606,0.2148,2754204.34,949982.34,12,0.7283,0.8298
CASH-00414,3,TUBOD,distressed,1,206,0.4029,0.3795,0.1223,0.3907,0.6216,0.3859,0.2616,0.1038,1357496.06,1007561.33,6,0.55,0.7
CASH-00415,3,TUBOD,elevated_risk,6,480,0.6481,0.2334,0.0492,0.3191,0.6043,0.5201,0.5675,0.237,3952213.31,969952.43,3,0.55,0.8129
CASH-00416,2,KAPATAGAN,elevated_risk,1,487,0.5574,0.2135,0.1148,0.3063,0.7294,0.8612,0.4313,0.08,3540667.02,1430181.22,14,0.635,0.713
CASH-00417,2,KAPATAGAN,elevated_risk,10,203,0.5957,0.2681,0.0352,0.2797,0.7222,0.3232,0.4235,0.288,1716682.0,1153593.14,11,0.6804,0.8237
CASH-00418,2,KAPATAGAN,prime_healthy,4,260,0.8879,0.1083,0.0038,0.1834,0.9485,0.4097,0.7597,0.2183,919369.36,240324.13,8,0.8563,0.9257
CASH-00419,1,LALA,elevated_risk,11,471,0.5361,0.3124,0.0952,0.3325,0.6386,0.6936,0.4546,0.39,2323811.78,952292.67,14,0.6215,0.7171
CASH-00420,1,LALA,elevated_risk,6,372,0.6126,0.2342,0.0378,0.3006,0.863,0.224,0.3347,0.45,1453584.0,587467.5,12,0.6592,0.7778
CASH-00421,3,TUBOD,prime_healthy,6,222,0.8132,0.1037,0.0831,0.2803,0.9417,0.29,0.6494,0.1521,1216279.95,366040.64,6,0.7667,0.8363
CASH-00422,2,KAPATAGAN,distressed,6,380,0.4606,0.2459,0.1642,0.469,0.5674,0.6734,0.3033,0.45,3145509.67,944924.99,11,0.55,0.7
CASH-00423,3,TUBOD,distressed,12,340,0.495,0.2986,0.2064,0.4025,0.5739,0.8441,0.402,0.2962,2720216.73,1537431.12,7,0.55,0.7
CASH-00424,1,LALA,elevated_risk,1,526,0.7169,0.2093,0.0738,0.3391,0.6693,0.3091,0.5616,0.3426,3278930.67,1571030.11,12,0.5838,0.8045
CASH-00425,2,KAPATAGAN,distressed,9,203,0.5295,0.3339,0.1367,0.3994,0.4196,0.1204,0.1677,0.1913,760868.03,424245.12,14,0.55,0.7
CASH-00426,2,KAPATAGAN,moderate_stress,4,395,0.7511,0.1366,0.0221,0.1924,0.8343,0.156,0.5509,0.1775,1287358.16,334368.53,12,0.8244,0.8775
CASH-00427,2,KAPATAGAN,elevated_risk,11,433,0.4989,0.2701,0.0945,0.2542,0.706,0.1142,0.5163,0.2302,1871762.63,930249.57,9,0.6777,0.7347
CASH-00428,3,TUBOD,distressed,3,321,0.4092,0.3248,0.1671,0.4391,0.6151,0.5398,0.2695,0.2895,2249701.63,2218562.59,2,0.55,0.7
CASH-00429,3,TUBOD,moderate_stress,12,253,0.7156,0.1896,0.0948,0.1856,0.8203,0.3074,0.3609,0.229,966298.58,474142.56,7,0.8319,0.7344
CASH-00430,2,KAPATAGAN,moderate_stress,4,360,0.6722,0.2302,0.0667,0.2504,0.7345,0.8233,0.5491,0.1917,2214707.53,1584363.83,4,0.7065,0.7691
CASH-00431,2,KAPATAGAN,distressed,4,498,0.5138,0.304,0.1822,0.4174,0.5416,0.3609,0.1287,0.188,1479828.54,795968.43,3,0.55,0.7
CASH-00432,1,LALA,prime_healthy,8,251,0.8814,0.0801,0.0302,0.1819,0.9953,0.8443,0.6634,0.1808,1298239.43,198455.46,12,0.8277,0.896
CASH-00433,1,LALA,moderate_stress,11,332,0.7857,0.1724,0.0418,0.185,0.795,0.7745,0.5181,0.2973,1986606.0,645498.73,13,0.794,0.8751
CASH-00434,1,LALA,moderate_stress,5,381,0.7202,0.1515,0.0802,0.2626,0.8524,0.6438,0.6409,0.4301,2498354.32,923371.06,14,0.7156,0.7792
CASH-00435,3,TUBOD,elevated_risk,5,339,0.593,0.2743,0.1327,0.2779,0.6452,0.3919,0.3938,0.2149,1772175.35,1544638.68,10,0.57,0.7
CASH-00436,2,KAPATAGAN,prime_healthy,10,337,0.7737,0.1037,0.0322,0.2099,0.8836,0.5556,0.6135,0.2207,1576326.1,500475.29,14,0.7867,0.9084
CASH-00437,2,KAPATAGAN,moderate_stress,1,388,0.6397,0.1681,0.0582,0.1984,0.7028,0.788,0.7048,0.4097,1528178.61,257801.73,5,0.6478,0.8257
CASH-00438,1,LALA,distressed,9,519,0.4951,0.3236,0.1813,0.3954,0.5125,0.2609,0.294,0.02,4251689.28,2494436.82,12,0.55,0.7
CASH-00439,3,TUBOD,distressed,11,364,0.4346,0.3193,0.1077,0.4675,0.5228,0.8234,0.2947,0.2084,1384035.86,976605.88,11,0.55,0.7
CASH-00440,2,KAPATAGAN,prime_healthy,8,214,0.7992,0.0953,0.0892,0.179,0.8752,0.5519,0.6384,0.0767,836323.03,235858.93,5,0.7974,0.7779
CASH-00441,1,LALA,moderate_stress,9,386,0.7811,0.1072,0.1024,0.2175,0.8418,0.8074,0.6025,0.3853,2559438.67,681923.38,6,0.7217,0.7624
CASH-00442,3,TUBOD,moderate_stress,1,263,0.8047,0.1428,0.0526,0.2534,0.8303,0.1068,0.5734,0.2766,1627635.26,692689.55,8,0.7065,0.8408
CASH-00443,2,KAPATAGAN,elevated_risk,11,313,0.559,0.2089,0.1302,0.2735,0.7018,0.6411,0.3137,0.45,1026329.8,357229.18,6,0.6363,0.7
CASH-00444,2,KAPATAGAN,prime_healthy,9,296,0.7823,0.0658,0.0,0.2193,1.0,0.1226,0.7157,0.1077,1782802.72,277602.44,9,0.8499,0.8781
CASH-00445,3,TUBOD,moderate_stress,11,195,0.7145,0.0783,0.1236,0.2073,0.8456,0.2651,0.5755,0.2569,1615239.05,243979.02,7,0.761,0.7811
CASH-00446,2,KAPATAGAN,elevated_risk,9,399,0.653,0.2301,0.1125,0.3024,0.5916,0.1126,0.3589,0.2702,3251566.9,889221.51,11,0.55,0.7407
CASH-00447,1,LALA,distressed,12,394,0.5237,0.2999,0.1764,0.3082,0.5032,0.3294,0.2821,0.1331,2035818.4,1708585.72,13,0.55,0.7
CASH-00448,3,TUBOD,moderate_stress,5,381,0.7642,0.1855,0.0503,0.2562,0.7272,0.6437,0.436,0.2385,2806975.07,692122.91,8,0.6909,0.8113
CASH-00449,1,LALA,prime_healthy,11,466,0.798,0.069,0.011,0.1411,0.9352,0.3282,0.6616,0.0561,2876707.07,414356.01,13,0.8845,0.8943
CASH-00450,3,TUBOD,moderate_stress,7,305,0.656,0.2652,0.0788,0.2386,0.8749,0.82,0.5416,0.1473,1384971.2,682279.01,2,0.7035,0.7631
CASH-00451,2,KAPATAGAN,elevated_risk,3,364,0.6348,0.2455,0.1197,0.2848,0.612,0.7268,0.2355,0.45,1746016.49,446661.94,12,0.6114,0.7
CASH-00452,3,TUBOD,prime_healthy,12,373,0.8027,0.1176,0.0244,0.1734,0.9289,0.908,0.7431,0.2421,1554239.28,376760.92,8,0.868,0.8784
CASH-00453,3,TUBOD,moderate_stress,9,405,0.6257,0.1434,0.0545,0.2687,0.8287,0.1767,0.6314,0.45,2521662.73,700119.17,7,0.6866,0.8433
CASH-00454,1,LALA,moderate_stress,1,398,0.7374,0.184,0.033,0.2973,0.7125,0.5898,0.5643,0.0405,2553476.93,913215.4,13,0.6509,0.8284
CASH-00455,3,TUBOD,prime_healthy,9,385,0.7454,0.0468,0.0709,0.1295,0.911,0.753,0.7238,0.1608,3022712.64,245361.92,5,0.8595,0.8441
CASH-00456,1,LALA,elevated_risk,1,428,0.5754,0.2663,0.0828,0.2975,0.5628,0.6887,0.4926,0.427,2305748.36,1862378.02,14,0.55,0.7734
CASH-00457,3,TUBOD,moderate_stress,11,295,0.6255,0.2067,0.0932,0.3154,0.8126,0.652,0.5418,0.02,2026611.99,741892.47,8,0.7693,0.7552
CASH-00458,2,KAPATAGAN,moderate_stress,7,342,0.7608,0.168,0.0712,0.2402,0.8908,0.7715,0.4868,0.1977,2586385.77,1094305.58,6,0.7304,0.8051
CASH-00459,3,TUBOD,moderate_stress,1,211,0.7293,0.2109,0.0598,0.2759,0.7937,0.8607,0.6345,0.1656,1724460.4,453013.68,5,0.7091,0.8345
CASH-00460,3,TUBOD,moderate_stress,8,235,0.7205,0.187,0.0618,0.2608,0.7649,0.3591,0.5989,0.1177,1758040.44,768134.27,6,0.6756,0.7811
CASH-00461,1,LALA,moderate_stress,4,368,0.69,0.1879,0.067,0.2763,0.765,0.7063,0.4978,0.273,941677.65,397783.7,10,0.6805,0.7484
CASH-00462,1,LALA,moderate_stress,3,304,0.6152,0.2106,0.0791,0.1612,0.8506,0.67,0.6135,0.345,932507.69,434058.39,11,0.7627,0.7815
CASH-00463,3,TUBOD,prime_healthy,11,257,0.7937,0.1274,0.0789,0.1379,0.9494,0.7953,0.7318,0.2422,1750480.12,495886.35,10,0.8689,0.8057
CASH-00464,3,TUBOD,distressed,5,185,0.5182,0.2993,0.1825,0.4312,0.5199,0.812,0.4145,0.2618,1230047.09,613850.39,9,0.55,0.7
CASH-00465,1,LALA,moderate_stress,1,499,0.7496,0.0897,0.0635,0.3223,0.8384,0.1491,0.5033,0.3239,3776947.75,883715.94,8,0.7221,0.8296
CASH-00466,3,TUBOD,prime_healthy,4,236,0.771,0.077,0.0313,0.1505,0.9016,0.9196,0.7343,0.1535,1297828.4,252278.36,9,0.8504,0.9032
CASH-00467,2,KAPATAGAN,moderate_stress,5,461,0.7267,0.1028,0.0812,0.2397,0.8486,0.2357,0.7303,0.1457,2262179.47,281056.51,5,0.8208,0.8208
CASH-00468,3,TUBOD,prime_healthy,5,269,0.7958,0.1385,0.0657,0.2109,0.9421,0.149,0.8247,0.1096,1170226.36,486132.65,8,0.8088,0.8291
CASH-00469,2,KAPATAGAN,elevated_risk,4,340,0.5412,0.2429,0.0952,0.3372,0.5801,0.5511,0.558,0.45,1826219.18,881048.79,6,0.55,0.7621
CASH-00470,2,KAPATAGAN,prime_healthy,12,346,0.787,0.0834,0.0319,0.1798,0.9197,0.2854,0.7436,0.2124,2670014.26,467217.1,7,0.9153,0.8713
CASH-00471,1,LALA,distressed,11,352,0.4132,0.3138,0.2085,0.3008,0.4941,0.5878,0.2077,0.1073,1542784.69,1177377.73,10,0.55,0.7
CASH-00472,3,TUBOD,moderate_stress,5,203,0.6857,0.1468,0.0648,0.2102,0.8282,0.6725,0.6688,0.45,1284557.04,208426.56,4,0.6987,0.8287
CASH-00473,1,LALA,moderate_stress,11,470,0.6374,0.1847,0.0922,0.2199,0.7597,0.4912,0.6095,0.1799,1289996.02,724748.27,12,0.6762,0.744
CASH-00474,3,TUBOD,prime_healthy,11,321,0.8917,0.1083,0.0,0.163,0.9522,0.5336,0.7943,0.3886,2438082.3,371822.16,2,0.9366,0.8718
CASH-00475,2,KAPATAGAN,distressed,5,299,0.5196,0.2926,0.1878,0.513,0.4687,0.3899,0.287,0.3633,1478613.7,904218.22,3,0.55,0.7
CASH-00476,3,TUBOD,elevated_risk,12,225,0.6035,0.2385,0.121,0.2699,0.5676,0.3779,0.5249,0.3336,1385281.16,1048116.31,9,0.5625,0.7367
CASH-00477,3,TUBOD,elevated_risk,6,388,0.6088,0.2693,0.0941,0.2559,0.6193,0.2325,0.4548,0.0806,3037314.84,1409175.93,8,0.5687,0.7
CASH-00478,3,TUBOD,elevated_risk,4,282,0.6409,0.2366,0.1187,0.306,0.7069,0.5865,0.4717,0.0336,1878335.44,484876.15,5,0.6594,0.7091
CASH-00479,1,LALA,distressed,10,438,0.5041,0.3316,0.1643,0.3755,0.5116,0.106,0.3071,0.1924,1805184.74,1296459.37,13,0.55,0.7
CASH-00480,2,KAPATAGAN,moderate_stress,11,346,0.7158,0.1199,0.1059,0.2757,0.8498,0.2354,0.6838,0.2226,2545087.06,554183.81,11,0.7719,0.7729
CASH-00481,3,TUBOD,distressed,9,238,0.474,0.3082,0.1177,0.4083,0.4115,0.7022,0.2928,0.1485,1733335.33,1396177.95,7,0.55,0.7
CASH-00482,3,TUBOD,moderate_stress,7,167,0.6927,0.1593,0.0563,0.2725,0.8038,0.2928,0.5535,0.0999,1222074.0,528447.32,4,0.6965,0.8247
CASH-00483,2,KAPATAGAN,moderate_stress,11,340,0.6516,0.2281,0.0766,0.1338,0.685,0.6026,0.539,0.0687,2820973.4,873740.86,11,0.6873,0.7963
CASH-00484,2,KAPATAGAN,distressed,7,306,0.4793,0.3455,0.1752,0.3792,0.6095,0.5568,0.1857,0.2847,1825516.21,1296158.1,12,0.55,0.7
CASH-00485,3,TUBOD,prime_healthy,12,263,0.7674,0.0594,0.0,0.1561,1.0,0.4463,0.8324,0.0941,2063523.14,170047.56,4,0.9863,0.95
CASH-00486,2,KAPATAGAN,prime_healthy,8,345,0.8165,0.1352,0.0483,0.1144,1.0,0.834,0.6398,0.1654,1606648.04,335737.73,11,0.7899,0.8345
CASH-00487,1,LALA,prime_healthy,6,514,0.8946,0.0676,0.0316,0.2696,1.0,0.7851,0.7881,0.3557,2255406.27,371749.4,6,0.852,0.8795
CASH-00488,2,KAPATAGAN,elevated_risk,10,367,0.5806,0.2311,0.1321,0.2598,0.7064,0.7863,0.4293,0.0777,1380033.72,342604.54,7,0.6458,0.7
CASH-00489,1,LALA,distressed,2,498,0.4114,0.3297,0.1414,0.4291,0.6344,0.6037,0.3308,0.1393,1603849.58,1108913.85,6,0.55,0.7
CASH-00490,3,TUBOD,prime_healthy,5,216,0.8201,0.1129,0.067,0.1932,1.0,0.3165,0.6715,0.1973,1615453.42,370789.64,3,0.8825,0.838
CASH-00491,3,TUBOD,moderate_stress,12,275,0.6968,0.1662,0.067,0.2675,0.797,0.1922,0.5423,0.161,1056548.5,355791.79,7,0.7746,0.8009
CASH-00492,1,LALA,prime_healthy,2,332,0.8676,0.0614,0.0711,0.2041,1.0,0.4173,0.678,0.2528,1550975.34,118736.27,12,0.8081,0.8443
CASH-00493,1,LALA,elevated_risk,8,330,0.6585,0.2158,0.0861,0.4255,0.6229,0.4316,0.3589,0.1343,934062.29,574599.88,6,0.55,0.7478
CASH-00494,1,LALA,prime_healthy,6,393,0.8283,0.1269,0.0275,0.1511,0.8333,0.6662,0.6215,0.2743,1570730.34,343085.23,7,0.7391,0.8632
CASH-00495,2,KAPATAGAN,moderate_stress,8,281,0.715,0.2443,0.0407,0.1696,0.8335,0.2441,0.7123,0.0713,1717526.38,972963.32,11,0.6981,0.8239
CASH-00496,1,LALA,prime_healthy,11,268,0.7457,0.1563,0.0,0.2122,0.9512,0.395,0.6977,0.45,1901653.58,816223.17,8,0.8484,0.9286
CASH-00497,2,KAPATAGAN,elevated_risk,5,306,0.4927,0.2238,0.1766,0.3636,0.6632,0.8862,0.5973,0.1531,1034926.67,280930.73,6,0.5558,0.7
CASH-00498,3,TUBOD,moderate_stress,2,392,0.7309,0.1676,0.0645,0.275,0.7238,0.6536,0.6525,0.1617,2665081.07,1256216.46,5,0.6813,0.8304
CASH-00499,3,TUBOD,distressed,4,290,0.4542,0.3033,0.1876,0.5183,0.5909,0.3246,0.3263,0.45,1084040.36,497231.87,5,0.55,0.7
CASH-00500,1,LALA,moderate_stress,7,318,0.6098,0.1973,0.0608,0.318,0.8361,0.3414,0.4931,0.1264,863835.52,210854.7,3,0.71,0.8115
CASH-00501,1,LALA,prime_healthy,4,425,0.8301,0.0683,0.0578,0.1192,0.6928,0.893,0.8021,0.2095,2707852.92,574708.48,8,0.7187,0.8527
CASH-00502,2,KAPATAGAN,moderate_stress,9,349,0.7584,0.1785,0.0631,0.1071,0.7352,0.2014,0.6349,0.3122,2311410.4,731144.22,12,0.6979,0.8022
CASH-00503,1,LALA,prime_healthy,12,394,0.7959,0.0787,0.0392,0.2292,0.9293,0.4227,0.7812,0.1222,2456863.48,328077.51,13,0.9338,0.876
CASH-00504,2,KAPATAGAN,moderate_stress,7,399,0.7315,0.1456,0.1229,0.1542,0.8789,0.8378,0.6786,0.1726,1955573.97,482022.56,6,0.806,0.7469
CASH-00505,3,TUBOD,prime_healthy,9,323,0.7767,0.1009,0.0704,0.1772,0.8289,0.4145,0.8137,0.1469,862982.06,143858.56,12,0.7916,0.8204
CASH-00506,3,TUBOD,moderate_stress,9,194,0.7103,0.0908,0.0,0.2453,0.7931,0.4186,0.4521,0.3367,1136753.85,114837.3,8,0.718,0.9117
CASH-00507,2,KAPATAGAN,elevated_risk,2,451,0.6826,0.2054,0.1101,0.4231,0.7197,0.7357,0.4933,0.2052,2146756.91,1117151.77,9,0.5518,0.7103
CASH-00508,1,LALA,moderate_stress,6,387,0.7418,0.1425,0.0236,0.3014,0.7662,0.5683,0.6907,0.3908,1803102.54,388418.84,4,0.7187,0.8646
CASH-00509,2,KAPATAGAN,moderate_stress,9,201,0.7927,0.1135,0.0761,0.2493,0.7506,0.8229,0.5799,0.3535,1062749.81,338828.51,13,0.6753,0.8118
CASH-00510,3,TUBOD,moderate_stress,12,335,0.6806,0.1269,0.0652,0.1944,0.7538,0.6643,0.5864,0.2675,2481785.96,766999.86,5,0.7667,0.831
CASH-00511,1,LALA,elevated_risk,3,456,0.6895,0.1697,0.0952,0.4262,0.6819,0.5922,0.4952,0.3337,2713156.08,1414543.26,9,0.6375,0.7438
CASH-00512,3,TUBOD,elevated_risk,9,337,0.6014,0.2777,0.1153,0.3729,0.7414,0.4883,0.3641,0.1557,1728412.76,674861.45,9,0.5953,0.7197
CASH-00513,3,TUBOD,moderate_stress,6,239,0.6596,0.0915,0.0426,0.1926,0.7223,0.5578,0.5017,0.2531,1508229.66,190611.47,1,0.6255,0.8831
CASH-00514,1,LALA,elevated_risk,9,355,0.6008,0.2225,0.113,0.3872,0.5463,0.7824,0.4452,0.3438,1674801.33,1177549.39,7,0.55,0.7153
CASH-00515,2,KAPATAGAN,prime_healthy,3,521,0.7962,0.0629,0.0346,0.2535,0.8227,0.2052,0.7011,0.2134,3088358.27,251072.46,9,0.8128,0.8812
CASH-00516,3,TUBOD,prime_healthy,5,209,0.8603,0.0748,0.0283,0.1616,0.8883,0.694,0.7768,0.1922,1682644.53,320884.87,9,0.8106,0.8798
CASH-00517,2,KAPATAGAN,moderate_stress,11,371,0.6361,0.2026,0.0714,0.1553,0.8752,0.5565,0.4275,0.1836,1361026.13,635932.6,9,0.8287,0.7715
CASH-00518,1,LALA,prime_healthy,7,153,0.89,0.0851,0.0195,0.2312,0.7856,0.9098,0.6085,0.1642,1241925.2,333967.29,9,0.7523,0.8908
CASH-00519,3,TUBOD,elevated_risk,11,267,0.5581,0.2719,0.0837,0.3096,0.7248,0.7966,0.4144,0.1555,2145743.18,621783.6,3,0.6673,0.7311
CASH-00520,1,LALA,elevated_risk,6,403,0.6311,0.2657,0.1032,0.3219,0.7055,0.278,0.3746,0.2712,2300655.27,1759208.52,10,0.5904,0.7633
CASH-00521,3,TUBOD,distressed,11,301,0.4262,0.2758,0.192,0.4069,0.558,0.5453,0.1955,0.2509,1867195.13,1116731.72,10,0.55,0.7
CASH-00522,1,LALA,distressed,4,392,0.3998,0.3223,0.2032,0.3528,0.5595,0.4067,0.2524,0.2657,2281279.87,1309352.8,7,0.55,0.7
CASH-00523,1,LALA,elevated_risk,12,361,0.4732,0.2959,0.1531,0.2712,0.7009,0.719,0.3333,0.2587,3053106.99,1222531.5,8,0.6759,0.7
CASH-00524,2,KAPATAGAN,elevated_risk,5,332,0.4804,0.246,0.1075,0.3349,0.4918,0.279,0.4329,0.2348,1059399.34,651068.08,10,0.55,0.7146
CASH-00525,2,KAPATAGAN,prime_healthy,11,456,0.7684,0.0183,0.0,0.1455,0.8912,0.4381,0.6355,0.2939,1275583.67,53363.87,9,0.8252,0.95
CASH-00526,1,LALA,prime_healthy,4,340,0.8375,0.1625,0.0,0.1967,0.8206,0.4348,0.7685,0.2583,2283965.38,1006966.35,9,0.761,0.8879
CASH-00527,2,KAPATAGAN,prime_healthy,2,348,0.7795,0.0642,0.0069,0.12,0.8604,0.625,0.6469,0.329,2630500.72,288300.33,9,0.74,0.909
CASH-00528,1,LALA,moderate_stress,12,499,0.75,0.1517,0.054,0.1991,0.7995,0.2445,0.65,0.3983,3761602.88,1808919.13,9,0.8108,0.8133
CASH-00529,3,TUBOD,moderate_stress,12,242,0.6793,0.16,0.044,0.2451,0.747,0.8696,0.552,0.261,1248773.26,493358.23,9,0.7864,0.8363
CASH-00530,2,KAPATAGAN,moderate_stress,6,376,0.7675,0.1426,0.0899,0.247,0.7233,0.6669,0.5949,0.0398,1319269.64,336847.05,9,0.7217,0.8107
CASH-00531,1,LALA,moderate_stress,12,323,0.716,0.1133,0.1197,0.1884,0.9451,0.5672,0.6013,0.4129,1688909.86,566130.55,12,0.8841,0.7709
CASH-00532,3,TUBOD,moderate_stress,11,390,0.7851,0.1322,0.0827,0.2275,0.8686,0.7794,0.5225,0.45,1527228.64,272526.01,10,0.7925,0.7988
CASH-00533,1,LALA,moderate_stress,7,275,0.7568,0.1677,0.0501,0.2451,0.7795,0.2287,0.5972,0.3002,1526311.62,479190.9,10,0.6565,0.8202
CASH-00534,2,KAPATAGAN,elevated_risk,1,363,0.6007,0.2896,0.1097,0.229,0.6782,0.3473,0.5129,0.3191,1614032.7,1028781.78,4,0.5793,0.7077
CASH-00535,3,TUBOD,elevated_risk,2,215,0.6549,0.2395,0.1056,0.2613,0.7052,0.4695,0.4088,0.2192,1697155.71,1197975.56,8,0.5819,0.7
CASH-00536,3,TUBOD,moderate_stress,11,286,0.7454,0.0965,0.0974,0.2772,0.7599,0.5657,0.5795,0.1221,1113815.7,274477.8,8,0.7377,0.79
CASH-00537,1,LALA,moderate_stress,9,308,0.7572,0.1269,0.0785,0.2173,0.7884,0.6054,0.5628,0.0837,1714241.05,571522.14,5,0.7445,0.7921
CASH-00538,1,LALA,elevated_risk,5,322,0.6171,0.2718,0.1111,0.3225,0.7533,0.3055,0.511,0.0761,1347329.49,1128837.6,11,0.655,0.7043
CASH-00539,3,TUBOD,moderate_stress,5,386,0.724,0.1398,0.007,0.3733,0.7166,0.2757,0.5639,0.1747,2061050.94,847131.65,9,0.6894,0.8748
CASH-00540,2,KAPATAGAN,elevated_risk,5,221,0.6152,0.2071,0.1474,0.3493,0.6835,0.4492,0.4934,0.2353,1368456.91,687345.14,9,0.5747,0.7164
CASH-00541,2,KAPATAGAN,moderate_stress,5,538,0.717,0.1923,0.0908,0.1653,0.8664,0.646,0.6767,0.383,3582272.54,1569228.12,7,0.7239,0.7793
CASH-00542,2,KAPATAGAN,moderate_stress,4,353,0.6986,0.1864,0.0952,0.2849,0.8197,0.782,0.5993,0.2382,1762249.89,539497.79,10,0.715,0.7652
CASH-00543,2,KAPATAGAN,prime_healthy,3,437,0.8551,0.1085,0.0126,0.2663,0.9582,0.3521,0.6699,0.2371,2827489.41,572388.7,9,0.833,0.9034
CASH-00544,1,LALA,moderate_stress,5,355,0.7167,0.214,0.0662,0.228,0.7636,0.7306,0.4667,0.45,2121354.16,739271.37,5,0.6648,0.7703
CASH-00545,1,LALA,moderate_stress,11,265,0.7629,0.155,0.0822,0.3287,0.8238,0.4075,0.5627,0.0706,1156215.23,463369.75,7,0.7883,0.7913
CASH-00546,1,LALA,elevated_risk,2,334,0.6346,0.2617,0.1036,0.3814,0.6711,0.6156,0.4488,0.2766,2506654.3,1113146.32,7,0.5648,0.7
CASH-00547,3,TUBOD,moderate_stress,10,233,0.7562,0.168,0.0758,0.1703,0.6463,0.7661,0.5779,0.45,1659579.54,404808.3,5,0.666,0.7657
CASH-00548,2,KAPATAGAN,moderate_stress,11,303,0.7264,0.2123,0.0613,0.1322,0.7311,0.4777,0.4542,0.2244,1628559.47,885514.98,13,0.7588,0.8272
CASH-00549,2,KAPATAGAN,elevated_risk,7,236,0.6366,0.2276,0.1358,0.3619,0.7176,0.7563,0.5935,0.4449,1088522.38,306597.14,9,0.5732,0.7
CASH-00550,2,KAPATAGAN,moderate_stress,2,377,0.7652,0.1482,0.0866,0.2078,0.8572,0.6909,0.6138,0.2435,1252952.75,407857.97,9,0.745,0.7927
CASH-00551,3,TUBOD,distressed,12,249,0.5081,0.2939,0.198,0.4434,0.5149,0.1769,0.3479,0.22,1069639.3,783450.1,10,0.55,0.7
CASH-00552,1,LALA,prime_healthy,12,271,0.8954,0.0297,0.0023,0.2,0.9571,0.6323,0.8304,0.3456,1298978.88,73916.61,13,0.9444,0.95
CASH-00553,2,KAPATAGAN,moderate_stress,10,224,0.6927,0.1662,0.0782,0.2989,0.8073,0.182,0.5284,0.1957,748216.71,389597.99,11,0.6695,0.7897
CASH-00554,3,TUBOD,moderate_stress,5,393,0.61,0.1719,0.057,0.2476,0.8449,0.2415,0.6099,0.3745,2025869.11,930459.16,6,0.7518,0.8174
CASH-00555,1,LALA,moderate_stress,9,328,0.6663,0.1583,0.0715,0.2016,0.8052,0.2871,0.6521,0.2674,2143602.59,340270.57,9,0.7044,0.7865
CASH-00556,3,TUBOD,moderate_stress,12,335,0.7429,0.1603,0.0969,0.2,0.8136,0.1015,0.7278,0.3065,2753600.44,638938.86,6,0.7977,0.7652
CASH-00557,1,LALA,moderate_stress,7,411,0.6408,0.2244,0.0943,0.2553,0.7628,0.3173,0.6984,0.0457,2180080.35,618856.18,6,0.6955,0.7648
CASH-00558,1,LALA,prime_healthy,5,264,0.8151,0.1413,0.0435,0.2035,0.9659,0.1061,0.8346,0.1345,2052667.31,903244.93,11,0.8537,0.8505
CASH-00559,3,TUBOD,moderate_stress,6,401,0.8023,0.1749,0.0228,0.2092,0.9204,0.5619,0.5084,0.45,2545858.79,1008912.63,6,0.7455,0.8513
CASH-00560,2,KAPATAGAN,moderate_stress,7,271,0.6818,0.175,0.0517,0.1928,0.7978,0.2741,0.6727,0.3294,1458588.92,808310.45,11,0.7189,0.8241
CASH-00561,3,TUBOD,moderate_stress,10,244,0.6255,0.1371,0.0699,0.2136,0.8153,0.2754,0.4754,0.134,974981.1,313130.5,4,0.7456,0.7836
CASH-00562,2,KAPATAGAN,moderate_stress,5,544,0.6825,0.2024,0.0813,0.282,0.8399,0.5903,0.5843,0.3219,3090984.76,1085649.76,9,0.7448,0.7618
CASH-00563,2,KAPATAGAN,moderate_stress,9,119,0.6997,0.1675,0.0568,0.2275,0.8582,0.4596,0.7467,0.114,841523.86,244014.36,4,0.7789,0.8091
CASH-00564,3,TUBOD,prime_healthy,6,199,0.7853,0.156,0.0171,0.174,0.8199,0.5556,0.6869,0.1827,621959.57,251269.38,6,0.7477,0.8376
CASH-00565,3,TUBOD,elevated_risk,7,244,0.6049,0.2761,0.0437,0.32,0.7359,0.838,0.4976,0.4048,1412977.52,692887.77,9,0.6312,0.7831
CASH-00566,3,TUBOD,prime_healthy,10,251,0.7518,0.1097,0.0204,0.2242,0.8569,0.2329,0.7418,0.1426,1062312.63,167819.27,4,0.8237,0.8704
CASH-00567,1,LALA,moderate_stress,6,455,0.8041,0.1706,0.0199,0.2616,0.7875,0.3699,0.6814,0.1376,1889247.71,645926.04,12,0.6977,0.8667
CASH-00568,3,TUBOD,distressed,6,393,0.5242,0.3093,0.1665,0.3718,0.6174,0.4124,0.1635,0.0929,1940520.92,1761025.28,5,0.55,0.7
CASH-00569,1,LALA,moderate_stress,8,351,0.6793,0.1823,0.0894,0.2241,0.8629,0.8448,0.537,0.1759,2568617.53,806692.36,8,0.7141,0.7773
CASH-00570,3,TUBOD,moderate_stress,1,357,0.7068,0.1533,0.1116,0.2903,0.9054,0.1047,0.6388,0.1676,2668953.6,870590.16,4,0.7227,0.7658
CASH-00571,3,TUBOD,prime_healthy,4,284,0.7662,0.1727,0.0611,0.05,1.0,0.6087,0.7618,0.4163,1816621.0,523193.8,6,0.8721,0.842
CASH-00572,3,TUBOD,moderate_stress,1,200,0.7257,0.1664,0.0714,0.2166,0.7425,0.7552,0.5647,0.0677,695008.82,323380.95,4,0.6487,0.7691
CASH-00573,1,LALA,distressed,6,487,0.4295,0.3541,0.2163,0.3713,0.5537,0.4566,0.2775,0.1229,2174923.33,2198159.99,6,0.55,0.7
CASH-00574,3,TUBOD,prime_healthy,3,292,0.7721,0.1083,0.0037,0.1398,0.8654,0.5987,0.7917,0.193,1914148.46,459093.21,12,0.81,0.9157
CASH-00575,3,TUBOD,prime_healthy,8,302,0.8116,0.1658,0.0,0.145,0.9427,0.8634,0.7465,0.1966,1871283.08,392022.89,4,0.7688,0.9072
CASH-00576,3,TUBOD,prime_healthy,6,336,0.8087,0.1073,0.084,0.1453,0.9462,0.7525,0.6688,0.0625,1191215.35,339222.53,6,0.8026,0.81
CASH-00577,1,LALA,prime_healthy,8,445,0.8023,0.01,0.0491,0.2449,0.9938,0.8011,0.7995,0.1953,1999310.37,21835.81,9,0.8362,0.877
CASH-00578,3,TUBOD,moderate_stress,5,341,0.6792,0.26,0.0257,0.2672,0.8717,0.3505,0.6267,0.1397,1759192.18,519214.64,10,0.7799,0.8148
CASH-00579,3,TUBOD,elevated_risk,6,200,0.5991,0.2928,0.0907,0.3408,0.6294,0.2263,0.4289,0.0888,648635.27,607195.16,6,0.567,0.7269
CASH-00580,3,TUBOD,elevated_risk,12,326,0.6659,0.2073,0.1268,0.3411,0.5957,0.6926,0.2926,0.1489,963928.07,602463.15,12,0.6295,0.7
CASH-00581,3,TUBOD,elevated_risk,5,352,0.4715,0.238,0.1087,0.4025,0.609,0.1568,0.4622,0.0234,1558874.89,920536.15,5,0.5832,0.7
CASH-00582,1,LALA,moderate_stress,10,352,0.7155,0.2065,0.078,0.1748,0.8181,0.3614,0.5674,0.2822,1050985.58,430405.13,10,0.7634,0.834
CASH-00583,2,KAPATAGAN,distressed,2,378,0.4991,0.2676,0.1417,0.4487,0.6551,0.8188,0.4816,0.1313,3156798.45,1449622.64,1,0.55,0.7
CASH-00584,2,KAPATAGAN,prime_healthy,11,563,0.7792,0.0659,0.0079,0.0717,0.993,0.8081,0.6879,0.1545,2305898.38,473446.7,10,0.9727,0.9335
CASH-00585,2,KAPATAGAN,moderate_stress,5,448,0.7833,0.1467,0.0701,0.2139,0.7763,0.7146,0.6906,0.3812,2247159.67,589382.28,9,0.715,0.8194
CASH-00586,2,KAPATAGAN,prime_healthy,12,192,0.8497,0.0736,0.0588,0.1697,0.9467,0.6958,0.8837,0.02,974601.8,78190.7,8,0.8941,0.8649
CASH-00587,2,KAPATAGAN,distressed,5,447,0.4778,0.3329,0.1893,0.3786,0.5334,0.7439,0.3264,0.3173,2429160.58,1806499.34,7,0.55,0.7
CASH-00588,1,LALA,prime_healthy,5,372,0.816,0.1108,0.0732,0.2054,0.9246,0.5902,0.9,0.3777,1142968.12,382552.59,15,0.8181,0.8495
CASH-00589,2,KAPATAGAN,moderate_stress,5,297,0.7513,0.1419,0.1068,0.232,0.6899,0.4688,0.695,0.2879,1616765.76,382618.06,7,0.6502,0.771
CASH-00590,1,LALA,elevated_risk,7,429,0.5641,0.2545,0.0785,0.298,0.657,0.205,0.2492,0.2097,2289418.42,1636377.29,11,0.5912,0.7234
CASH-00591,2,KAPATAGAN,prime_healthy,9,321,0.7476,0.0852,0.0228,0.1146,0.8531,0.2959,0.7606,0.1307,1443092.84,366500.03,8,0.7814,0.9003
CASH-00592,3,TUBOD,moderate_stress,11,184,0.737,0.2391,0.0239,0.2122,0.885,0.3158,0.4224,0.3065,881188.93,524059.35,5,0.8388,0.8117
CASH-00593,2,KAPATAGAN,moderate_stress,7,345,0.7235,0.1845,0.0921,0.229,0.7476,0.8558,0.5319,0.0829,1255110.1,274508.45,11,0.667,0.7563
CASH-00594,2,KAPATAGAN,prime_healthy,7,445,0.7272,0.175,0.0479,0.1639,0.9997,0.7007,0.827,0.2097,2689488.42,1113931.56,14,0.8222,0.821
CASH-00595,3,TUBOD,elevated_risk,1,290,0.6002,0.1951,0.145,0.3245,0.7668,0.6505,0.4712,0.1734,2068469.3,691304.76,7,0.6522,0.7
CASH-00596,3,TUBOD,prime_healthy,8,278,0.8826,0.0936,0.0096,0.1542,0.9659,0.5578,0.6729,0.1136,1033903.86,244545.69,8,0.8142,0.8988
CASH-00597,3,TUBOD,prime_healthy,3,294,0.8146,0.0394,0.0642,0.2298,0.8979,0.7825,0.9,0.2,1735221.29,190675.39,6,0.8277,0.8967
CASH-00598,3,TUBOD,prime_healthy,4,371,0.8704,0.01,0.0158,0.0955,0.8627,0.7664,0.7616,0.3621,1269016.95,24395.78,3,0.8317,0.921
CASH-00599,3,TUBOD,elevated_risk,3,252,0.665,0.2287,0.1063,0.2895,0.7404,0.3721,0.3519,0.45,1215112.61,755913.47,7,0.6465,0.7109
CASH-00600,2,KAPATAGAN,distressed,11,361,0.4677,0.2852,0.2164,0.4966,0.4836,0.8696,0.452,0.1442,2822755.16,1685264.73,14,0.55,0.7
CASH-00601,1,LALA,prime_healthy,7,416,0.7862,0.0264,0.0093,0.1423,0.9904,0.1554,0.7348,0.046,3053775.03,217688.03,10,0.875,0.9377
CASH-00602,2,KAPATAGAN,moderate_stress,3,284,0.7777,0.1436,0.0787,0.2136,0.7243,0.7912,0.5547,0.2435,1304239.73,445335.71,8,0.6648,0.7844
CASH-00603,1,LALA,moderate_stress,6,462,0.738,0.1539,0.071,0.2124,0.745,0.5429,0.5832,0.2988,3706521.61,1513566.55,8,0.6756,0.7962
CASH-00604,2,KAPATAGAN,elevated_risk,2,215,0.5671,0.3113,0.1216,0.3247,0.6385,0.6659,0.5736,0.0666,1778399.46,1513858.68,6,0.5772,0.7
CASH-00605,1,LALA,prime_healthy,9,581,0.8895,0.0735,0.0371,0.1745,1.0,0.2504,0.7728,0.2865,4487050.43,1027628.44,11,0.8556,0.8725
CASH-00606,3,TUBOD,elevated_risk,10,297,0.6145,0.2701,0.1009,0.2891,0.6395,0.3024,0.4234,0.1316,1966412.98,1413312.96,8,0.6442,0.7495
CASH-00607,3,TUBOD,elevated_risk,9,333,0.5467,0.2117,0.1307,0.3742,0.6132,0.52,0.4982,0.0745,1254653.27,461553.76,8,0.5804,0.7198
CASH-00608,2,KAPATAGAN,distressed,6,238,0.4481,0.3544,0.1691,0.3688,0.6498,0.905,0.164,0.1433,1390722.65,610521.24,10,0.55,0.7
CASH-00609,1,LALA,prime_healthy,3,668,0.8284,0.1381,0.0336,0.147,0.9606,0.8551,0.7622,0.1223,3206968.09,498890.98,12,0.7763,0.8594
CASH-00610,2,KAPATAGAN,elevated_risk,10,308,0.4924,0.2821,0.1227,0.3457,0.6665,0.7006,0.52,0.333,2045800.12,1824415.85,11,0.5892,0.7
CASH-00611,2,KAPATAGAN,prime_healthy,9,327,0.8096,0.1178,0.0,0.1264,0.8097,0.2175,0.7648,0.0657,1803448.4,547419.28,9,0.7707,0.8767
CASH-00612,1,LALA,distressed,1,486,0.5328,0.3116,0.1419,0.4075,0.6213,0.572,0.3288,0.2952,1791459.45,1404820.5,6,0.55,0.7
CASH-00613,3,TUBOD,moderate_stress,9,380,0.6191,0.1627,0.1056,0.2859,0.7908,0.444,0.5156,0.0867,1660483.62,735025.96,6,0.6722,0.7646
CASH-00614,2,KAPATAGAN,prime_healthy,10,280,0.8664,0.0685,0.0651,0.1714,0.8461,0.5361,0.6716,0.1452,1113461.77,242410.47,5,0.8016,0.8385
CASH-00615,3,TUBOD,prime_healthy,6,315,0.7362,0.1162,0.0139,0.1628,0.8839,0.7485,0.6043,0.1903,948956.09,243757.63,4,0.7537,0.8906
CASH-00616,2,KAPATAGAN,prime_healthy,2,498,0.8148,0.0812,0.0268,0.2478,0.9289,0.4527,0.735,0.304,1789149.89,271219.98,6,0.7868,0.8894
CASH-00617,1,LALA,elevated_risk,10,334,0.5934,0.2993,0.085,0.4214,0.708,0.5732,0.5081,0.4117,2747306.17,2066871.46,10,0.606,0.7338
CASH-00618,3,TUBOD,prime_healthy,12,276,0.7645,0.043,0.0,0.1688,1.0,0.114,0.7227,0.3012,1595924.61,130203.56,3,0.947,0.9118
CASH-00619,3,TUBOD,elevated_risk,5,315,0.6214,0.2737,0.0618,0.2894,0.6835,0.7385,0.6033,0.2519,2158203.14,1309617.4,5,0.6502,0.7675
CASH-00620,1,LALA,prime_healthy,12,418,0.8222,0.0821,0.0,0.1441,0.8955,0.7949,0.623,0.2427,2286586.18,197898.24,9,0.8957,0.9396
CASH-00621,1,LALA,prime_healthy,8,583,0.8541,0.1364,0.0096,0.1468,0.9115,0.7887,0.8316,0.2677,3518556.79,975230.73,6,0.7553,0.906
CASH-00622,1,LALA,prime_healthy,7,435,0.8255,0.01,0.0496,0.1583,0.9131,0.3428,0.6262,0.3503,1578138.08,44599.22,9,0.7984,0.8893
CASH-00623,1,LALA,moderate_stress,3,418,0.7305,0.1626,0.0838,0.217,0.8422,0.5876,0.6087,0.2482,3415809.45,1091633.04,8,0.7739,0.807
CASH-00624,2,KAPATAGAN,moderate_stress,11,449,0.751,0.162,0.087,0.2389,0.8412,0.6059,0.6745,0.1428,3105491.65,1307304.1,11,0.8184,0.7728
CASH-00625,2,KAPATAGAN,prime_healthy,10,422,0.8789,0.0458,0.0,0.1964,0.8982,0.4679,0.8362,0.45,2742336.55,377490.34,4,0.8857,0.95
CASH-00626,2,KAPATAGAN,prime_healthy,12,414,0.7998,0.1448,0.0554,0.2328,1.0,0.5916,0.7102,0.2782,3166393.99,1177658.46,9,0.9271,0.8403
CASH-00627,3,TUBOD,prime_healthy,9,382,0.8268,0.128,0.0452,0.1297,0.8476,0.2878,0.793,0.1981,1246549.39,219869.17,9,0.786,0.8455
CASH-00628,1,LALA,moderate_stress,11,452,0.7482,0.2104,0.0414,0.2675,0.69,0.7343,0.652,0.4484,3671207.21,2063144.32,17,0.7364,0.8324
CASH-00629,2,KAPATAGAN,prime_healthy,3,292,0.8184,0.1487,0.0329,0.2325,0.8831,0.7652,0.6613,0.2746,2391587.42,695406.32,11,0.7887,0.8518
CASH-00630,1,LALA,moderate_stress,7,574,0.7658,0.1798,0.0545,0.237,0.8521,0.351,0.516,0.1564,3475566.81,1920745.35,10,0.7945,0.8024
CASH-00631,2,KAPATAGAN,moderate_stress,7,476,0.7008,0.2095,0.0897,0.2126,0.7647,0.7962,0.6689,0.2018,1682693.39,603282.67,6,0.7325,0.7547
CASH-00632,3,TUBOD,prime_healthy,5,317,0.7718,0.1286,0.0,0.2088,0.9536,0.3264,0.6884,0.192,1596472.47,556247.91,8,0.8539,0.9119
CASH-00633,2,KAPATAGAN,prime_healthy,2,380,0.7584,0.0869,0.0607,0.1633,0.9965,0.1478,0.6905,0.2271,2554680.07,324556.28,11,0.8037,0.8282
CASH-00634,3,TUBOD,distressed,11,276,0.4407,0.334,0.1928,0.4605,0.4095,0.8789,0.2416,0.121,1215360.41,678774.66,6,0.55,0.7
CASH-00635,2,KAPATAGAN,moderate_stress,1,299,0.7052,0.1837,0.0721,0.2621,0.7358,0.3692,0.5011,0.1508,1730489.68,692480.0,7,0.6735,0.792
CASH-00636,3,TUBOD,distressed,4,329,0.35,0.3375,0.1815,0.4352,0.6598,0.8445,0.4169,0.3292,2721295.79,1552125.0,2,0.55,0.7
CASH-00637,2,KAPATAGAN,prime_healthy,12,337,0.8146,0.1206,0.0257,0.1912,0.9327,0.543,0.5921,0.1423,2020159.87,384121.38,8,0.8542,0.8562
CASH-00638,1,LALA,moderate_stress,6,474,0.7041,0.2284,0.0675,0.2739,0.7293,0.3872,0.5424,0.2015,2561075.84,1782655.12,12,0.6903,0.781
CASH-00639,2,KAPATAGAN,prime_healthy,9,385,0.8834,0.058,0.0216,0.1916,1.0,0.6122,0.7157,0.133,2119977.9,241739.38,8,0.9119,0.926
CASH-00640,1,LALA,distressed,12,248,0.4646,0.2879,0.1831,0.4269,0.5566,0.3861,0.1719,0.0385,1260262.21,865963.58,8,0.5609,0.7
CASH-00641,1,LALA,distressed,4,385,0.5324,0.2858,0.1409,0.4256,0.6336,0.7155,0.2167,0.45,1587926.68,1313655.6,7,0.55,0.7
CASH-00642,2,KAPATAGAN,prime_healthy,10,431,0.875,0.0865,0.0015,0.1427,0.9716,0.6304,0.7562,0.2605,3100568.91,489037.93,11,0.8747,0.9406
CASH-00643,2,KAPATAGAN,prime_healthy,10,361,0.8368,0.1407,0.0225,0.2104,0.9135,0.4282,0.7005,0.0429,1257804.71,193090.93,9,0.8141,0.8918
CASH-00644,1,LALA,moderate_stress,10,466,0.6601,0.1248,0.0757,0.2149,0.9006,0.6323,0.5144,0.1089,3880390.27,695762.61,6,0.8146,0.7839
CASH-00645,3,TUBOD,moderate_stress,1,386,0.7194,0.2145,0.0661,0.2448,0.732,0.8563,0.4715,0.1229,1421999.07,553809.01,5,0.6802,0.803
CASH-00646,2,KAPATAGAN,prime_healthy,10,374,0.9265,0.0454,0.0281,0.2352,1.0,0.8785,0.7425,0.4452,2138061.23,303943.96,10,0.8846,0.8891
CASH-00647,1,LALA,moderate_stress,12,477,0.6574,0.2312,0.1114,0.2339,0.7736,0.8205,0.5779,0.2202,3766904.52,2771308.81,8,0.7595,0.7253
CASH-00648,3,TUBOD,distressed,11,287,0.464,0.3468,0.1892,0.3469,0.6216,0.801,0.2788,0.0546,2193775.03,869743.26,5,0.5848,0.7
CASH-00649,2,KAPATAGAN,prime_healthy,6,372,0.7902,0.1475,0.0478,0.183,0.9515,0.242,0.6462,0.4266,1146207.64,454014.03,4,0.7704,0.8227
CASH-00650,3,TUBOD,prime_healthy,6,261,0.8689,0.0781,0.053,0.1582,0.9827,0.2645,0.7263,0.1494,1427574.84,185510.37,4,0.8141,0.8785
CASH-00651,1,LALA,moderate_stress,4,431,0.688,0.1869,0.1251,0.3038,0.9706,0.6243,0.655,0.1121,3584111.33,2058495.86,13,0.7817,0.7134
CASH-00652,3,TUBOD,prime_healthy,2,394,0.7261,0.0635,0.0,0.2343,0.926,0.604,0.8035,0.2613,1269814.53,216677.14,8,0.8325,0.943
CASH-00653,3,TUBOD,prime_healthy,11,305,0.7902,0.1377,0.0164,0.1546,0.927,0.8613,0.7003,0.0647,1894410.78,304707.78,6,0.8685,0.9025
CASH-00654,3,TUBOD,prime_healthy,6,467,0.8763,0.1237,0.0,0.1503,0.8932,0.1905,0.7554,0.2701,2687552.18,985699.42,6,0.8454,0.9128
CASH-00655,3,TUBOD,prime_healthy,6,296,0.8455,0.1303,0.0241,0.1374,0.8084,0.359,0.7591,0.2807,1485782.21,583335.22,10,0.7472,0.874
CASH-00656,1,LALA,elevated_risk,6,393,0.6485,0.245,0.1065,0.3801,0.6828,0.4436,0.464,0.2416,3143658.96,1552752.33,4,0.55,0.7
CASH-00657,1,LALA,moderate_stress,2,481,0.7412,0.1494,0.0952,0.2026,0.8006,0.8913,0.7825,0.1836,2531921.55,880784.76,9,0.726,0.7943
CASH-00658,2,KAPATAGAN,elevated_risk,7,204,0.5017,0.2278,0.0997,0.3871,0.7783,0.3038,0.3612,0.396,678609.92,350592.62,8,0.6239,0.7
CASH-00659,2,KAPATAGAN,moderate_stress,4,455,0.6439,0.1353,0.0675,0.1456,0.7505,0.3894,0.4681,0.0246,3413082.13,878216.93,7,0.7311,0.7966
CASH-00660,1,LALA,elevated_risk,8,221,0.4793,0.21,0.0274,0.311,0.6824,0.587,0.4146,0.0843,798086.23,251810.74,13,0.6144,0.8467
CASH-00661,3,TUBOD,elevated_risk,8,302,0.5571,0.2826,0.1603,0.3641,0.7179,0.2592,0.4149,0.1324,961873.1,510423.64,6,0.55,0.7
CASH-00662,3,TUBOD,prime_healthy,5,331,0.8613,0.0381,0.053,0.1357,0.8391,0.7976,0.6833,0.191,2052951.25,143100.8,8,0.7343,0.8671
CASH-00663,2,KAPATAGAN,moderate_stress,4,235,0.6754,0.2645,0.0415,0.2046,0.9173,0.3379,0.6086,0.45,1834614.06,971410.77,6,0.7545,0.7703
CASH-00664,2,KAPATAGAN,moderate_stress,5,192,0.7236,0.2062,0.0677,0.239,0.8485,0.7255,0.5234,0.45,1315302.76,613971.43,10,0.7052,0.7895
CASH-00665,2,KAPATAGAN,prime_healthy,2,386,0.8765,0.0575,0.0348,0.1825,0.9734,0.3958,0.6036,0.0308,1457063.09,254936.93,15,0.8327,0.9159
CASH-00666,3,TUBOD,moderate_stress,11,274,0.794,0.156,0.0501,0.2089,0.8567,0.4617,0.3976,0.1162,1877059.86,854983.96,5,0.8189,0.7792
CASH-00667,1,LALA,elevated_risk,9,503,0.4616,0.2631,0.0902,0.2972,0.7499,0.1673,0.4766,0.2091,1358361.32,989423.8,4,0.6471,0.7412
CASH-00668,1,LALA,moderate_stress,5,488,0.6591,0.2159,0.1045,0.0887,0.7413,0.3104,0.6674,0.1916,3984346.24,1219050.62,10,0.667,0.7787
CASH-00669,3,TUBOD,elevated_risk,3,144,0.4319,0.2463,0.1096,0.3406,0.6039,0.8055,0.4865,0.2787,969002.64,400529.53,0,0.5572,0.7441
CASH-00670,2,KAPATAGAN,moderate_stress,8,372,0.6825,0.1646,0.0733,0.1965,0.7219,0.3023,0.6112,0.2177,2821699.92,1236344.5,9,0.6394,0.8095
CASH-00671,1,LALA,moderate_stress,10,291,0.7257,0.1908,0.0835,0.2307,0.8861,0.3802,0.5806,0.331,2253388.15,1305155.45,9,0.749,0.7417
CASH-00672,2,KAPATAGAN,prime_healthy,12,443,0.8696,0.104,0.0265,0.243,0.9504,0.5339,0.7585,0.1198,1332522.13,195535.47,14,0.9461,0.9048
CASH-00673,2,KAPATAGAN,moderate_stress,4,382,0.7424,0.1902,0.0444,0.2039,0.8355,0.485,0.662,0.3419,1311806.09,612246.33,5,0.7366,0.826
CASH-00674,3,TUBOD,elevated_risk,3,404,0.6229,0.277,0.0612,0.3569,0.6921,0.2159,0.4435,0.1528,2309179.1,1057192.46,2,0.6675,0.7468
CASH-00675,2,KAPATAGAN,moderate_stress,4,451,0.7187,0.1886,0.0606,0.2462,0.8548,0.75,0.501,0.2586,2449828.78,1203340.36,7,0.7457,0.79
CASH-00676,1,LALA,moderate_stress,12,309,0.6978,0.2273,0.0749,0.2149,0.8,0.8266,0.409,0.0779,1939869.68,939013.31,13,0.842,0.7272
CASH-00677,2,KAPATAGAN,prime_healthy,11,287,0.7973,0.1459,0.0,0.2022,0.8559,0.3677,0.6846,0.32,1764705.18,740851.43,10,0.889,0.9088
CASH-00678,2,KAPATAGAN,moderate_stress,8,382,0.6995,0.1953,0.0462,0.2423,0.8338,0.6853,0.6034,0.218,2399609.91,1049358.33,8,0.6868,0.8035
CASH-00679,1,LALA,prime_healthy,5,498,0.8224,0.1204,0.0,0.1815,1.0,0.1686,0.7224,0.1224,2180479.8,719301.21,10,0.8986,0.9204
CASH-00680,1,LALA,prime_healthy,11,388,0.9015,0.0572,0.0125,0.1561,1.0,0.9113,0.6824,0.1965,2543027.34,212384.92,10,0.981,0.9112
CASH-00681,3,TUBOD,moderate_stress,1,388,0.7203,0.0998,0.0375,0.1786,0.7659,0.5561,0.535,0.45,2275030.17,330380.59,12,0.6623,0.8405
CASH-00682,3,TUBOD,moderate_stress,5,229,0.7754,0.2246,0.0,0.2453,0.7976,0.8354,0.5843,0.3982,799066.18,330641.6,2,0.7407,0.8358
CASH-00683,1,LALA,prime_healthy,4,393,0.8848,0.0885,0.0,0.1409,0.9017,0.3355,0.7024,0.2539,1549839.45,223549.49,8,0.7963,0.8744
CASH-00684,1,LALA,elevated_risk,7,390,0.5731,0.3219,0.105,0.3213,0.8127,0.737,0.4783,0.0729,2760898.18,1946596.53,13,0.6727,0.7468
CASH-00685,1,LALA,moderate_stress,12,445,0.6907,0.2489,0.0604,0.3604,0.7317,0.3525,0.5411,0.45,1321582.6,516232.11,11,0.7089,0.7803
CASH-00686,3,TUBOD,prime_healthy,5,366,0.7692,0.1395,0.0204,0.2361,0.985,0.2323,0.7448,0.1693,950881.43,354915.53,2,0.8189,0.8507
CASH-00687,1,LALA,moderate_stress,2,392,0.6216,0.1365,0.0568,0.2105,0.7521,0.8714,0.6061,0.2117,2556544.44,835743.65,18,0.7418,0.8541
CASH-00688,1,LALA,prime_healthy,11,487,0.8577,0.1051,0.0148,0.2121,0.9397,0.4656,0.8391,0.1015,3828171.75,988050.42,8,0.9527,0.89
CASH-00689,2,KAPATAGAN,moderate_stress,5,338,0.6256,0.2836,0.0749,0.2469,0.8486,0.8358,0.5911,0.3809,2063434.46,1420137.75,1,0.7211,0.7587
CASH-00690,3,TUBOD,moderate_stress,2,337,0.6405,0.1882,0.0948,0.2836,0.7657,0.6588,0.532,0.1441,1609418.28,905750.55,1,0.6789,0.7466
CASH-00691,1,LALA,prime_healthy,7,259,0.8535,0.101,0.0148,0.1562,0.9281,0.5222,0.69,0.3866,1346089.68,348122.34,9,0.7671,0.8985
CASH-00692,3,TUBOD,elevated_risk,10,419,0.4972,0.2991,0.1395,0.3658,0.72,0.3947,0.4235,0.0815,1330723.15,1097829.29,7,0.5901,0.7
CASH-00693,3,TUBOD,distressed,1,434,0.4187,0.3442,0.172,0.3848,0.6382,0.3939,0.1394,0.2976,1982352.02,2072532.5,2,0.55,0.7
CASH-00694,2,KAPATAGAN,prime_healthy,4,285,0.8601,0.0426,0.0466,0.2394,1.0,0.7256,0.5891,0.1473,729390.56,69469.12,10,0.8787,0.8556
CASH-00695,3,TUBOD,prime_healthy,10,370,0.7719,0.0443,0.0179,0.1179,1.0,0.5703,0.6546,0.0528,1594150.72,150141.24,8,0.872,0.9397
CASH-00696,3,TUBOD,prime_healthy,8,403,0.8546,0.01,0.076,0.1668,0.9887,0.5495,0.6331,0.0212,1490420.86,18387.86,4,0.8362,0.859
CASH-00697,2,KAPATAGAN,distressed,3,349,0.4311,0.3397,0.1729,0.3602,0.5561,0.4129,0.2986,0.132,1586835.47,832189.67,5,0.55,0.7
CASH-00698,1,LALA,moderate_stress,10,251,0.5945,0.2046,0.0828,0.1904,0.9408,0.2152,0.5299,0.3895,1644708.73,762178.26,8,0.8092,0.7901
CASH-00699,3,TUBOD,prime_healthy,9,224,0.8998,0.0583,0.0297,0.1831,0.9161,0.5091,0.8172,0.1769,1077412.99,185555.31,7,0.8397,0.8943
CASH-00700,1,LALA,elevated_risk,6,310,0.6298,0.2439,0.1263,0.2642,0.6738,0.1375,0.4014,0.2216,1768834.83,629260.04,4,0.582,0.7055
CASH-00701,3,TUBOD,prime_healthy,6,299,0.8033,0.0639,0.0603,0.2699,0.8869,0.7296,0.6704,0.1597,934029.44,174543.68,5,0.791,0.8572
CASH-00702,2,KAPATAGAN,moderate_stress,7,343,0.716,0.2268,0.0573,0.227,0.7892,0.1637,0.5724,0.1304,1834077.75,925525.99,5,0.684,0.781
CASH-00703,2,KAPATAGAN,elevated_risk,7,344,0.5307,0.2603,0.1182,0.2756,0.6554,0.6301,0.4634,0.0327,2007692.02,1103025.07,4,0.5907,0.7
CASH-00704,1,LALA,elevated_risk,1,481,0.6585,0.219,0.1224,0.3834,0.7517,0.8129,0.4829,0.3646,2549705.26,1123954.32,7,0.6033,0.7
CASH-00705,3,TUBOD,prime_healthy,3,382,0.7792,0.0749,0.0287,0.1659,0.9371,0.3723,0.7184,0.2328,1145921.4,200475.24,3,0.8539,0.9162
CASH-00706,3,TUBOD,prime_healthy,1,262,0.7581,0.0988,0.0,0.1868,1.0,0.6612,0.7218,0.2809,689930.52,88942.29,6,0.7952,0.9011
CASH-00707,2,KAPATAGAN,distressed,8,387,0.4919,0.3132,0.1757,0.353,0.458,0.5279,0.1858,0.45,1593477.61,1186013.95,7,0.55,0.7
CASH-00708,2,KAPATAGAN,distressed,5,524,0.4459,0.321,0.2331,0.3352,0.5208,0.2255,0.4103,0.3155,3222581.15,1614311.05,6,0.55,0.7
CASH-00709,1,LALA,moderate_stress,12,269,0.7354,0.2007,0.0639,0.2404,0.7661,0.805,0.5091,0.1423,2089566.5,571676.29,12,0.805,0.7671
CASH-00710,1,LALA,elevated_risk,7,558,0.5406,0.2194,0.0778,0.3608,0.6195,0.341,0.3228,0.1731,4599964.26,1912379.47,7,0.5542,0.7892
CASH-00711,1,LALA,distressed,8,153,0.5304,0.3183,0.1513,0.3917,0.5466,0.2051,0.2238,0.2086,785620.28,586857.76,5,0.55,0.7
CASH-00712,2,KAPATAGAN,elevated_risk,4,239,0.5589,0.3265,0.0632,0.338,0.8194,0.556,0.5037,0.2043,1873366.9,982833.43,5,0.674,0.7236
CASH-00713,1,LALA,moderate_stress,9,524,0.6974,0.169,0.0865,0.1244,0.8545,0.2553,0.4961,0.1248,4371406.2,1061603.62,9,0.7434,0.7512
CASH-00714,1,LALA,elevated_risk,9,379,0.5429,0.3315,0.1156,0.3119,0.7096,0.8995,0.5503,0.0781,2618739.78,2763100.31,11,0.6028,0.7
CASH-00715,1,LALA,prime_healthy,5,413,0.8448,0.0943,0.0124,0.2994,0.99,0.8224,0.7899,0.02,2344605.99,592138.51,12,0.9083,0.9395
CASH-00716,3,TUBOD,prime_healthy,10,251,0.8562,0.0963,0.0,0.2278,0.9466,0.883,0.7594,0.2046,2083209.14,594679.88,11,0.8773,0.9152
CASH-00717,1,LALA,prime_healthy,7,427,0.825,0.0435,0.0256,0.1216,0.872,0.8971,0.7281,0.2967,1634714.71,199037.67,15,0.7727,0.8895
CASH-00718,2,KAPATAGAN,moderate_stress,10,485,0.7459,0.2056,0.0486,0.2694,0.8758,0.5922,0.5261,0.244,3940364.12,1004550.58,7,0.7302,0.833
CASH-00719,3,TUBOD,distressed,9,295,0.491,0.3052,0.2039,0.4226,0.5694,0.6881,0.2127,0.1529,1081076.29,969634.15,8,0.55,0.7
CASH-00720,1,LALA,prime_healthy,4,413,0.8624,0.0968,0.0408,0.194,0.8905,0.5885,0.5686,0.1356,1485042.79,194025.31,11,0.8102,0.8503
CASH-00721,2,KAPATAGAN,elevated_risk,11,238,0.5747,0.2579,0.0979,0.4252,0.6891,0.1848,0.6268,0.1655,859977.52,687387.51,7,0.6109,0.7
CASH-00722,1,LALA,prime_healthy,10,331,0.8758,0.0367,0.0,0.064,0.9441,0.6917,0.836,0.09,991034.39,99951.41,8,0.8889,0.95
CASH-00723,3,TUBOD,elevated_risk,6,317,0.6083,0.2652,0.1185,0.3055,0.6634,0.2594,0.5359,0.3443,1744492.77,1175948.54,3,0.5824,0.7025
CASH-00724,1,LALA,moderate_stress,8,432,0.7545,0.1386,0.1069,0.1921,0.919,0.2915,0.629,0.2889,2016442.65,759626.88,9,0.814,0.7638
CASH-00725,1,LALA,moderate_stress,7,346,0.659,0.1514,0.0935,0.3507,0.7261,0.2195,0.5016,0.3559,2020133.64,948306.92,2,0.6193,0.7688
CASH-00726,1,LALA,prime_healthy,1,342,0.8331,0.0926,0.0742,0.1116,0.8468,0.2547,0.6517,0.3523,1984971.9,227392.89,9,0.7558,0.7955
CASH-00727,1,LALA,prime_healthy,12,348,0.8632,0.0336,0.0213,0.2097,0.9726,0.4286,0.8028,0.3903,2526068.44,227431.16,11,0.9341,0.9308
CASH-00728,1,LALA,prime_healthy,3,178,0.7927,0.0757,0.009,0.1591,1.0,0.6192,0.6706,0.45,454580.37,72678.46,8,0.839,0.9443
CASH-00729,2,KAPATAGAN,elevated_risk,12,431,0.6201,0.2845,0.0954,0.3285,0.5917,0.6469,0.4727,0.3524,2637611.2,1887209.79,9,0.6291,0.7194
CASH-00730,2,KAPATAGAN,elevated_risk,1,396,0.6022,0.2586,0.1392,0.2553,0.6001,0.6377,0.3922,0.1967,1663893.84,1277050.38,0,0.55,0.7
CASH-00731,1,LALA,distressed,12,329,0.5552,0.2989,0.1049,0.3982,0.4345,0.3368,0.2755,0.349,1482676.53,1322909.05,11,0.55,0.7
CASH-00732,1,LALA,moderate_stress,9,278,0.6655,0.125,0.0478,0.234,0.8594,0.6898,0.5288,0.4181,1451417.19,237696.74,13,0.7827,0.8463
CASH-00733,1,LALA,moderate_stress,3,278,0.6304,0.2133,0.0606,0.1982,0.7384,0.1434,0.5334,0.2869,1470448.7,721151.3,9,0.6824,0.7779
CASH-00734,1,LALA,moderate_stress,8,313,0.6102,0.1762,0.0573,0.1605,0.911,0.8366,0.5796,0.2116,1374065.6,337443.68,7,0.7581,0.8057
CASH-00735,1,LALA,elevated_risk,7,453,0.551,0.2291,0.1542,0.3276,0.6048,0.509,0.2318,0.2305,2752216.5,1023916.2,9,0.6099,0.7
CASH-00736,1,LALA,moderate_stress,10,428,0.6741,0.207,0.1189,0.2762,0.7188,0.2772,0.5951,0.23,2243455.96,808613.21,7,0.6436,0.752
CASH-00737,3,TUBOD,moderate_stress,5,275,0.7341,0.2135,0.0525,0.3549,0.6515,0.8679,0.5765,0.2946,1367038.13,793978.44,5,0.6414,0.8098
CASH-00738,3,TUBOD,distressed,9,334,0.3843,0.3284,0.2059,0.442,0.6257,0.8974,0.1254,0.1965,2089523.71,870546.64,4,0.55,0.7
CASH-00739,1,LALA,moderate_stress,5,529,0.7157,0.1573,0.039,0.2895,0.8423,0.8736,0.7008,0.2497,2232852.93,561775.83,7,0.7132,0.818
CASH-00740,2,KAPATAGAN,prime_healthy,2,362,0.822,0.102,0.0429,0.144,0.9325,0.3505,0.5941,0.1333,1847306.3,384887.57,14,0.8005,0.8593
CASH-00741,1,LALA,elevated_risk,7,330,0.5388,0.3147,0.145,0.2719,0.7178,0.6614,0.316,0.1097,1746983.93,1619356.04,8,0.5586,0.7
CASH-00742,3,TUBOD,elevated_risk,7,272,0.6173,0.2497,0.133,0.3114,0.5914,0.2124,0.4577,0.2133,1687115.43,712753.69,6,0.5616,0.7
CASH-00743,1,LALA,distressed,12,438,0.5729,0.2451,0.1821,0.4285,0.66,0.7535,0.2469,0.0824,2218279.47,1479941.69,13,0.64,0.7
CASH-00744,1,LALA,distressed,4,353,0.5058,0.2948,0.1994,0.4763,0.4322,0.5619,0.2606,0.4367,2847217.71,2110766.23,7,0.55,0.7
CASH-00745,1,LALA,elevated_risk,11,253,0.6005,0.2924,0.107,0.3769,0.7383,0.9054,0.4109,0.3383,1305133.74,1178701.41,11,0.6668,0.709
CASH-00746,3,TUBOD,elevated_risk,9,201,0.5703,0.3,0.1296,0.3669,0.6775,0.889,0.2888,0.45,1482832.95,1343836.96,6,0.5705,0.7
CASH-00747,2,KAPATAGAN,prime_healthy,11,307,0.808,0.121,0.071,0.1087,0.8948,0.5179,0.712,0.365,1707183.84,585347.8,3,0.7783,0.8514
CASH-00748,3,TUBOD,elevated_risk,11,307,0.5695,0.2298,0.1399,0.3089,0.6949,0.2429,0.4225,0.3788,1565487.31,689078.27,9,0.6635,0.7
CASH-00749,1,LALA,prime_healthy,5,361,0.7972,0.1313,0.0434,0.1254,0.9182,0.7335,0.6253,0.047,1214481.86,235495.27,10,0.8298,0.8379
CASH-00750,3,TUBOD,moderate_stress,4,332,0.5702,0.2066,0.0262,0.2091,0.8461,0.2069,0.5212,0.1906,2197327.06,712218.75,10,0.8109,0.8673
CASH-00751,3,TUBOD,elevated_risk,5,266,0.5543,0.3001,0.1456,0.3691,0.7484,0.6609,0.3968,0.1474,828702.87,728633.37,0,0.6287,0.7
CASH-00752,1,LALA,prime_healthy,1,628,0.7423,0.0756,0.0889,0.1332,0.7835,0.605,0.7822,0.02,1604267.71,166411.73,7,0.7552,0.8114
CASH-00753,2,KAPATAGAN,prime_healthy,11,412,0.895,0.1012,0.0038,0.1864,0.9475,0.7036,0.6056,0.1556,1628332.4,299044.32,8,0.9425,0.8825
CASH-00754,3,TUBOD,distressed,12,240,0.5483,0.2978,0.1539,0.3102,0.4339,0.6225,0.3556,0.1565,1925919.54,1608929.06,4,0.55,0.7
CASH-00755,3,TUBOD,prime_healthy,11,279,0.8789,0.0728,0.0482,0.2496,0.8791,0.4193,0.8107,0.3006,2316929.13,316972.31,2,0.8612,0.8518
CASH-00756,2,KAPATAGAN,prime_healthy,9,335,0.7342,0.0983,0.0,0.2598,0.8539,0.6331,0.6987,0.1009,906475.95,132746.27,13,0.7839,0.9304
CASH-00757,2,KAPATAGAN,prime_healthy,7,249,0.8304,0.0825,0.0872,0.1303,0.9397,0.5375,0.6593,0.434,1503501.14,203675.34,7,0.79,0.8404
CASH-00758,3,TUBOD,distressed,2,232,0.4597,0.2977,0.2168,0.3028,0.5365,0.6169,0.3362,0.1748,1233712.27,883920.49,2,0.55,0.7
CASH-00759,3,TUBOD,moderate_stress,10,213,0.7836,0.1686,0.0477,0.2523,0.6888,0.4019,0.7206,0.1119,565768.85,263011.57,15,0.7121,0.8296
CASH-00760,2,KAPATAGAN,moderate_stress,12,447,0.6464,0.2181,0.0976,0.1891,0.7517,0.2905,0.6766,0.2784,3139134.24,1840118.05,14,0.7551,0.7485
CASH-00761,3,TUBOD,prime_healthy,12,221,0.863,0.0848,0.0489,0.2675,1.0,0.5151,0.7189,0.1577,1078448.45,285668.56,7,0.9631,0.8218
CASH-00762,3,TUBOD,prime_healthy,5,416,0.7863,0.1543,0.0593,0.1935,0.9395,0.3452,0.7402,0.3618,2543738.24,925336.23,8,0.7766,0.8337
CASH-00763,3,TUBOD,prime_healthy,3,245,0.8551,0.1106,0.0,0.1144,0.9111,0.9034,0.6048,0.0976,1676005.79,467578.77,10,0.827,0.95
CASH-00764,3,TUBOD,distressed,8,310,0.3944,0.3004,0.1991,0.3002,0.6474,0.7922,0.2692,0.239,2210617.27,1409629.9,0,0.55,0.7
CASH-00765,2,KAPATAGAN,distressed,3,421,0.4894,0.2995,0.1558,0.4268,0.5584,0.291,0.2938,0.329,3430055.57,1233373.85,6,0.55,0.7
CASH-00766,3,TUBOD,prime_healthy,5,322,0.8746,0.0933,0.032,0.1445,1.0,0.1616,0.7156,0.1947,1702188.21,213846.51,9,0.8734,0.8942
CASH-00767,2,KAPATAGAN,moderate_stress,6,364,0.6708,0.2311,0.0981,0.2074,0.7691,0.7624,0.6433,0.1987,2921070.63,1810597.5,6,0.7139,0.7265
CASH-00768,3,TUBOD,moderate_stress,5,398,0.6968,0.1321,0.0762,0.2451,0.7818,0.256,0.5601,0.2644,2882606.17,784308.79,7,0.771,0.8452
CASH-00769,1,LALA,moderate_stress,9,410,0.7194,0.1546,0.069,0.327,0.7928,0.6815,0.5407,0.0518,2265942.35,648400.33,6,0.7375,0.8448
CASH-00770,3,TUBOD,prime_healthy,8,254,0.8672,0.0935,0.0344,0.2199,1.0,0.6915,0.7962,0.082,1741974.03,352529.78,5,0.8643,0.8643
CASH-00771,1,LALA,prime_healthy,10,384,0.8715,0.085,0.0435,0.121,0.8644,0.5553,0.7089,0.1218,2141286.32,539350.4,13,0.7932,0.8653
CASH-00772,3,TUBOD,moderate_stress,4,306,0.706,0.2219,0.0521,0.3335,0.7584,0.4398,0.6468,0.0405,2436338.95,1015189.06,9,0.725,0.7618
CASH-00773,1,LALA,moderate_stress,11,306,0.7018,0.1186,0.0444,0.237,0.755,0.8759,0.5368,0.3733,2237971.38,460223.73,11,0.8166,0.8462
CASH-00774,2,KAPATAGAN,moderate_stress,12,201,0.685,0.1661,0.0903,0.2385,0.6294,0.6972,0.5145,0.2308,1152409.78,359697.97,2,0.6987,0.7687
CASH-00775,3,TUBOD,moderate_stress,1,288,0.6322,0.2191,0.0791,0.2389,0.8838,0.2836,0.5629,0.2923,2131381.94,938259.28,6,0.7,0.7832
CASH-00776,1,LALA,moderate_stress,8,412,0.7492,0.1751,0.0757,0.2557,0.9231,0.3725,0.5217,0.2141,1706860.7,681588.39,0,0.7441,0.7611
CASH-00777,2,KAPATAGAN,prime_healthy,10,336,0.8248,0.087,0.0364,0.2803,0.9072,0.1966,0.6862,0.4244,1509637.39,205774.13,7,0.8061,0.8851
CASH-00778,1,LALA,prime_healthy,10,484,0.8832,0.0754,0.0414,0.1338,0.8611,0.2616,0.7288,0.1196,2822132.27,509729.29,5,0.786,0.872
CASH-00779,3,TUBOD,distressed,9,238,0.4969,0.3549,0.1483,0.3997,0.4851,0.896,0.3487,0.2522,911139.98,346489.39,5,0.55,0.7
CASH-00780,3,TUBOD,prime_healthy,6,306,0.8791,0.0678,0.0111,0.1447,0.8987,0.8585,0.72,0.4265,1697884.98,362496.27,7,0.7985,0.9452
CASH-00781,2,KAPATAGAN,distressed,8,419,0.4261,0.3115,0.1733,0.3136,0.584,0.3115,0.2992,0.11,1702785.53,1557806.53,6,0.55,0.7
CASH-00782,2,KAPATAGAN,prime_healthy,8,185,0.9102,0.0898,0.0,0.1916,0.8617,0.678,0.705,0.166,1394823.61,227011.77,10,0.7889,0.9353
CASH-00783,3,TUBOD,prime_healthy,4,199,0.8449,0.1356,0.0195,0.2101,0.8974,0.5616,0.6196,0.0921,1154661.91,472191.66,7,0.8197,0.8814
CASH-00784,2,KAPATAGAN,prime_healthy,1,444,0.8206,0.0848,0.0707,0.2068,0.9009,0.2432,0.6801,0.45,1253225.32,321716.13,9,0.7034,0.8299
CASH-00785,1,LALA,moderate_stress,7,425,0.7083,0.1965,0.0952,0.2819,0.8959,0.3234,0.7767,0.0843,2869886.58,1501780.88,9,0.7276,0.7273
CASH-00786,1,LALA,moderate_stress,11,640,0.7916,0.1402,0.0681,0.1914,0.6663,0.3288,0.6849,0.3195,2757485.25,995183.61,8,0.6985,0.8054
CASH-00787,2,KAPATAGAN,elevated_risk,9,303,0.5771,0.2359,0.0701,0.2928,0.6368,0.3181,0.5308,0.45,1063946.42,659388.49,5,0.5851,0.7873
CASH-00788,1,LALA,elevated_risk,12,295,0.6546,0.2592,0.0758,0.2891,0.6332,0.4382,0.3224,0.157,2056169.41,943905.49,10,0.6383,0.7636
CASH-00789,1,LALA,moderate_stress,2,547,0.6883,0.2375,0.0742,0.3606,0.8463,0.355,0.6802,0.2322,2029752.01,743385.29,6,0.6661,0.7995
CASH-00790,1,LALA,distressed,5,324,0.4958,0.3025,0.2017,0.4894,0.5235,0.573,0.3289,0.2192,1253773.91,542597.92,9,0.55,0.7
CASH-00791,3,TUBOD,distressed,11,220,0.4843,0.3239,0.1918,0.4128,0.6637,0.8327,0.3387,0.0858,980402.7,640034.88,3,0.6009,0.7
CASH-00792,1,LALA,prime_healthy,1,385,0.804,0.0689,0.0486,0.1159,0.9854,0.594,0.5959,0.2061,1955383.1,228120.37,11,0.7849,0.8338
CASH-00793,3,TUBOD,moderate_stress,2,240,0.7117,0.1802,0.0357,0.2223,0.787,0.7388,0.5311,0.1999,1484149.22,539327.72,7,0.6997,0.7984
CASH-00794,3,TUBOD,prime_healthy,10,348,0.8179,0.1563,0.0258,0.2237,0.9231,0.2811,0.6387,0.338,2359078.97,372798.34,4,0.8117,0.888
CASH-00795,2,KAPATAGAN,prime_healthy,2,432,0.8213,0.062,0.0855,0.2164,0.9356,0.7167,0.7994,0.2065,2304267.96,207988.78,8,0.7911,0.8527
CASH-00796,2,KAPATAGAN,elevated_risk,8,373,0.5767,0.1903,0.0713,0.3406,0.6317,0.8485,0.397,0.02,2727453.6,848415.05,7,0.5532,0.8033
CASH-00797,1,LALA,elevated_risk,2,412,0.6355,0.2735,0.091,0.3659,0.7816,0.5064,0.4064,0.1671,2188581.89,1273974.52,10,0.6133,0.7571
CASH-00798,2,KAPATAGAN,distressed,3,349,0.4541,0.3217,0.1862,0.449,0.5138,0.8005,0.3025,0.2452,1476874.43,1017748.45,13,0.55,0.7
CASH-00799,1,LALA,distressed,5,334,0.466,0.2628,0.188,0.4481,0.6505,0.5079,0.2239,0.3192,2266017.54,787000.8,13,0.5606,0.7
CASH-00800,1,LALA,distressed,6,386,0.5287,0.3114,0.1298,0.4111,0.4302,0.7904,0.4578,0.1102,3016355.99,2929475.09,9,0.55,0.7
CASH-00801,1,LALA,moderate_stress,6,417,0.7099,0.2147,0.0754,0.2069,0.7843,0.5671,0.553,0.0265,2667090.74,650966.21,8,0.6593,0.768
CASH-00802,2,KAPATAGAN,moderate_stress,5,354,0.612,0.2238,0.0726,0.2879,0.8442,0.2417,0.6411,0.1641,1386776.34,497860.34,8,0.7208,0.8112
CASH-00803,3,TUBOD,prime_healthy,5,239,0.8408,0.0289,0.0,0.2395,0.801,0.4171,0.8183,0.1515,874318.39,27708.67,13,0.8473,0.95
CASH-00804,3,TUBOD,moderate_stress,4,257,0.6907,0.144,0.0288,0.276,0.9004,0.1035,0.392,0.2232,1248799.6,539502.08,12,0.7829,0.8537
CASH-00805,1,LALA,distressed,8,256,0.35,0.2853,0.193,0.4168,0.6467,0.6158,0.324,0.3465,1863758.06,554308.86,6,0.55,0.7
CASH-00806,1,LALA,prime_healthy,8,298,0.7756,0.1367,0.0877,0.2725,0.8786,0.135,0.7026,0.3124,1583347.24,488634.97,10,0.7228,0.805
CASH-00807,2,KAPATAGAN,distressed,8,350,0.4969,0.3205,0.1826,0.4061,0.4459,0.6514,0.2279,0.0455,1894265.18,1360604.1,3,0.55,0.7
CASH-00808,1,LALA,moderate_stress,1,474,0.674,0.2309,0.0923,0.2682,0.8024,0.3957,0.4754,0.2377,2739732.3,1593240.67,9,0.6558,0.7514
CASH-00809,3,TUBOD,prime_healthy,6,203,0.8453,0.1033,0.0514,0.2038,0.9075,0.4598,0.7085,0.2085,1619947.31,523463.52,1,0.7449,0.8385
CASH-00810,3,TUBOD,elevated_risk,3,388,0.5955,0.25,0.1202,0.3405,0.6819,0.6454,0.491,0.0664,1544705.01,819414.3,5,0.621,0.7272
CASH-00811,3,TUBOD,distressed,2,278,0.4578,0.3247,0.134,0.4122,0.475,0.1392,0.2832,0.4131,1284017.36,959615.6,8,0.55,0.7
CASH-00812,1,LALA,distressed,6,421,0.4622,0.2964,0.1589,0.4249,0.6728,0.7696,0.3264,0.0561,1079733.38,854641.0,11,0.55,0.7
CASH-00813,2,KAPATAGAN,elevated_risk,12,210,0.5695,0.3064,0.1241,0.3141,0.5938,0.1221,0.374,0.1877,826103.74,735555.8,11,0.6404,0.7
CASH-00814,3,TUBOD,prime_healthy,6,329,0.797,0.1074,0.0021,0.1745,0.8982,0.5818,0.8252,0.1177,2767062.77,560158.05,8,0.8235,0.8704
CASH-00815,1,LALA,prime_healthy,4,372,0.8125,0.1634,0.0241,0.1515,0.9729,0.7272,0.6488,0.3644,2689314.19,939336.42,10,0.8539,0.8509
CASH-00816,3,TUBOD,prime_healthy,4,369,0.9003,0.0493,0.0262,0.1359,0.9643,0.5322,0.7284,0.0704,3027345.75,387426.73,6,0.8966,0.8976
CASH-00817,2,KAPATAGAN,moderate_stress,12,309,0.7337,0.1307,0.0849,0.1414,0.6455,0.7069,0.5794,0.2277,1917357.69,397315.59,14,0.6821,0.8146
CASH-00818,3,TUBOD,elevated_risk,7,253,0.668,0.2338,0.0982,0.4018,0.6297,0.3879,0.4386,0.3762,1306218.29,515920.48,8,0.5521,0.7577
CASH-00819,1,LALA,prime_healthy,4,540,0.7805,0.1109,0.0,0.1257,0.9364,0.8858,0.7149,0.1151,1511835.77,172354.46,7,0.8632,0.9327
CASH-00820,1,LALA,moderate_stress,2,627,0.7138,0.1439,0.0463,0.225,0.7524,0.6993,0.4895,0.1789,5148759.75,1052525.38,4,0.6873,0.8414
CASH-00821,1,LALA,prime_healthy,7,323,0.9114,0.0662,0.013,0.2697,0.9253,0.6096,0.6829,0.1994,1491911.04,152759.44,8,0.8465,0.9486
CASH-00822,1,LALA,distressed,7,313,0.4781,0.3298,0.1475,0.3162,0.5569,0.4574,0.3337,0.0547,2387723.68,1132866.13,10,0.563,0.7
CASH-00823,2,KAPATAGAN,moderate_stress,9,304,0.7236,0.2069,0.0229,0.2792,0.6768,0.3129,0.517,0.0791,1659591.49,408552.2,14,0.6346,0.853
CASH-00824,3,TUBOD,moderate_stress,11,408,0.6916,0.1684,0.0582,0.3002,0.781,0.3463,0.6055,0.3151,3346660.24,1560848.29,10,0.7224,0.8144
CASH-00825,3,TUBOD,prime_healthy,12,296,0.8925,0.0549,0.0,0.1207,0.8556,0.3715,0.746,0.161,1282915.89,106770.6,7,0.8863,0.95
CASH-00826,2,KAPATAGAN,moderate_stress,12,252,0.6993,0.1682,0.0708,0.2797,0.888,0.4225,0.5571,0.1769,1931140.12,403405.21,8,0.8526,0.8294
CASH-00827,2,KAPATAGAN,prime_healthy,2,418,0.8685,0.0916,0.0398,0.1794,1.0,0.7687,0.7324,0.1393,2167492.06,453000.92,10,0.8372,0.9078
CASH-00828,2,KAPATAGAN,prime_healthy,4,349,0.8496,0.1081,0.0,0.1836,0.972,0.3513,0.7456,0.3714,1129404.28,164273.37,7,0.8986,0.8791
CASH-00829,3,TUBOD,elevated_risk,3,244,0.665,0.2422,0.0928,0.3709,0.6483,0.3434,0.3165,0.3013,797145.86,360260.73,4,0.5558,0.7004
CASH-00830,3,TUBOD,moderate_stress,9,315,0.728,0.1907,0.0629,0.2889,0.8435,0.7439,0.5669,0.1779,2193886.42,1116031.69,11,0.7504,0.8267
CASH-00831,2,KAPATAGAN,prime_healthy,3,378,0.801,0.1236,0.0311,0.2112,0.8612,0.3531,0.5925,0.1139,1255581.2,255008.45,7,0.8108,0.8076
CASH-00832,2,KAPATAGAN,elevated_risk,7,408,0.5987,0.2514,0.1083,0.3697,0.7535,0.8328,0.3892,0.303,3170010.83,828399.12,11,0.6756,0.7121
CASH-00833,3,TUBOD,prime_healthy,6,270,0.8409,0.1048,0.0048,0.1597,0.9973,0.8676,0.6332,0.3194,1727864.49,532002.07,7,0.8369,0.9009
CASH-00834,3,TUBOD,moderate_stress,10,298,0.706,0.1931,0.1009,0.3725,0.7807,0.2399,0.6,0.1115,1040810.31,463057.79,6,0.6678,0.7688
CASH-00835,1,LALA,elevated_risk,6,488,0.6224,0.2382,0.1395,0.3113,0.5555,0.1741,0.4868,0.0779,2352396.84,1591832.58,8,0.55,0.713
CASH-00836,2,KAPATAGAN,elevated_risk,2,372,0.6171,0.2874,0.0955,0.2852,0.7099,0.4878,0.494,0.1394,2196847.5,951063.48,12,0.6135,0.7149
CASH-00837,3,TUBOD,distressed,11,306,0.5543,0.3101,0.1355,0.3635,0.5565,0.5355,0.3437,0.2345,2148504.23,929789.73,13,0.5606,0.7
CASH-00838,2,KAPATAGAN,prime_healthy,4,372,0.8296,0.1082,0.0,0.2552,0.8607,0.4165,0.6684,0.1579,3067603.89,601250.31,10,0.826,0.9162
CASH-00839,2,KAPATAGAN,prime_healthy,9,315,0.8347,0.1046,0.0607,0.2875,0.8743,0.6466,0.7205,0.3117,2146789.85,595309.04,6,0.764,0.8107
CASH-00840,2,KAPATAGAN,prime_healthy,2,360,0.7606,0.1508,0.0886,0.245,1.0,0.3725,0.6977,0.2724,1445367.94,620111.6,8,0.8233,0.788
CASH-00841,2,KAPATAGAN,prime_healthy,6,449,0.7467,0.1629,0.0,0.1843,0.9082,0.1689,0.7948,0.02,2787781.6,1312977.74,7,0.8188,0.8968
CASH-00842,2,KAPATAGAN,distressed,3,339,0.5053,0.3299,0.1648,0.4501,0.5753,0.5517,0.184,0.3101,1552425.99,1032537.66,11,0.55,0.7
CASH-00843,2,KAPATAGAN,prime_healthy,3,592,0.9096,0.0883,0.002,0.2793,0.884,0.8108,0.6937,0.1058,4299923.82,755025.83,11,0.7991,0.8957
CASH-00844,2,KAPATAGAN,elevated_risk,6,424,0.5895,0.297,0.0944,0.4007,0.6761,0.5946,0.5181,0.4144,3282054.55,1237164.0,11,0.5514,0.7654
CASH-00845,3,TUBOD,elevated_risk,9,401,0.5679,0.1898,0.0845,0.3229,0.6568,0.8417,0.4635,0.2649,1413826.23,709686.71,8,0.6267,0.7714
CASH-00846,3,TUBOD,elevated_risk,4,330,0.6292,0.2521,0.1188,0.3092,0.7503,0.88,0.446,0.0936,1673860.43,690946.16,2,0.7136,0.7062
CASH-00847,1,LALA,distressed,10,319,0.4536,0.2796,0.2086,0.4248,0.5557,0.8433,0.2146,0.0648,2682348.1,1392426.42,12,0.55,0.7
CASH-00848,1,LALA,moderate_stress,4,469,0.7046,0.1962,0.072,0.2378,0.9039,0.3195,0.5935,0.1184,1961089.42,767466.89,7,0.7592,0.774
CASH-00849,3,TUBOD,prime_healthy,9,317,0.8392,0.0874,0.018,0.2169,0.9446,0.7675,0.7948,0.3088,1099899.64,152503.31,1,0.8357,0.9162
CASH-00850,1,LALA,elevated_risk,8,405,0.5655,0.2144,0.1222,0.3562,0.691,0.7407,0.3597,0.0663,1806809.37,521832.81,9,0.5705,0.7116
CASH-00851,3,TUBOD,prime_healthy,6,364,0.8742,0.1236,0.0022,0.1998,0.8851,0.1903,0.7208,0.2879,1074557.46,320748.52,7,0.7898,0.938
CASH-00852,1,LALA,moderate_stress,4,535,0.7648,0.2052,0.03,0.2563,0.7566,0.8946,0.5229,0.317,2511538.14,1243041.87,8,0.6693,0.8413
CASH-00853,1,LALA,prime_healthy,7,576,0.8477,0.1067,0.0456,0.1343,0.9257,0.2534,0.7242,0.21,4619680.73,1255819.8,9,0.7828,0.8723
CASH-00854,1,LALA,distressed,4,351,0.4414,0.2941,0.2314,0.4623,0.5743,0.4984,0.1561,0.2577,1745662.82,1160702.07,9,0.55,0.7
CASH-00855,1,LALA,moderate_stress,3,443,0.6513,0.2339,0.0343,0.2074,0.7953,0.1342,0.7661,0.0444,3067382.41,1249893.51,4,0.7265,0.872
CASH-00856,3,TUBOD,elevated_risk,1,404,0.611,0.3223,0.0667,0.3265,0.6438,0.9065,0.3624,0.3343,2552261.8,1696666.89,7,0.55,0.734
CASH-00857,2,KAPATAGAN,moderate_stress,2,429,0.7626,0.1813,0.0561,0.2485,0.8874,0.7043,0.5935,0.45,2018631.54,830685.45,8,0.7889,0.8406
CASH-00858,1,LALA,moderate_stress,12,430,0.7654,0.191,0.0354,0.2477,0.8328,0.5371,0.54,0.2451,2752761.55,1284332.65,2,0.831,0.8252
CASH-00859,2,KAPATAGAN,distressed,11,343,0.391,0.3227,0.1237,0.367,0.5327,0.5889,0.2994,0.3425,1895238.05,660915.66,8,0.576,0.7
CASH-00860,1,LALA,distressed,3,505,0.4981,0.3164,0.1854,0.3054,0.5459,0.831,0.3916,0.1897,3151812.63,3080329.46,6,0.55,0.7
CASH-00861,2,KAPATAGAN,elevated_risk,11,443,0.4906,0.2438,0.0971,0.2693,0.7244,0.3991,0.5511,0.0965,1137007.4,650469.32,9,0.6985,0.7309
CASH-00862,1,LALA,distressed,6,456,0.4318,0.2835,0.1745,0.4846,0.4694,0.5931,0.2498,0.2603,2106954.84,1252833.97,10,0.55,0.7
CASH-00863,3,TUBOD,prime_healthy,8,307,0.86,0.1055,0.0,0.1448,0.986,0.2941,0.6966,0.1609,2353468.55,563791.91,8,0.8257,0.9168
CASH-00864,2,KAPATAGAN,moderate_stress,12,348,0.6501,0.2436,0.1063,0.1835,0.8983,0.7377,0.5575,0.0953,2077355.05,651952.86,4,0.7956,0.7384
CASH-00865,3,TUBOD,elevated_risk,9,199,0.6451,0.2247,0.0689,0.3107,0.6825,0.6179,0.531,0.2455,1586592.01,468500.29,5,0.6127,0.7858
CASH-00866,3,TUBOD,moderate_stress,10,291,0.8118,0.1703,0.0038,0.1596,0.8365,0.745,0.5639,0.2609,1511013.24,432602.26,9,0.7577,0.8791
CASH-00867,1,LALA,elevated_risk,5,462,0.6617,0.2456,0.0928,0.3201,0.6691,0.2733,0.378,0.1225,2129033.43,527290.14,8,0.5892,0.7381
CASH-00868,1,LALA,elevated_risk,6,341,0.645,0.256,0.099,0.4355,0.8106,0.2376,0.4927,0.45,1094598.16,310666.0,8,0.6449,0.7008
CASH-00869,3,TUBOD,moderate_stress,12,303,0.7077,0.1337,0.0416,0.2015,0.7776,0.4608,0.5892,0.0905,807457.5,181158.56,12,0.8118,0.8447
CASH-00870,2,KAPATAGAN,prime_healthy,11,386,0.8552,0.125,0.0198,0.1134,0.9995,0.6073,0.7856,0.2353,2995897.66,457715.94,2,0.9402,0.8731
CASH-00871,3,TUBOD,distressed,5,300,0.3881,0.2527,0.228,0.3875,0.528,0.1855,0.2301,0.1563,960267.43,342398.95,3,0.55,0.7
CASH-00872,2,KAPATAGAN,prime_healthy,5,267,0.7692,0.0741,0.0254,0.1109,0.9009,0.8729,0.8433,0.1242,704295.93,148654.79,5,0.8254,0.8864
CASH-00873,3,TUBOD,elevated_risk,4,277,0.5212,0.2414,0.1008,0.2975,0.6326,0.1277,0.5267,0.0596,907003.69,387854.36,9,0.6205,0.7642
CASH-00874,1,LALA,elevated_risk,8,528,0.6185,0.2072,0.0835,0.3487,0.7191,0.4648,0.3388,0.3004,2719640.08,973424.15,11,0.6327,0.7705
CASH-00875,3,TUBOD,elevated_risk,10,245,0.5614,0.2922,0.0448,0.2988,0.7677,0.469,0.3766,0.4296,1827680.12,698719.15,4,0.6629,0.8034
CASH-00876,1,LALA,prime_healthy,11,422,0.8376,0.1281,0.0261,0.2173,0.8291,0.577,0.7553,0.45,1174962.38,305328.07,7,0.9042,0.8699
CASH-00877,2,KAPATAGAN,distressed,3,376,0.4169,0.285,0.1856,0.378,0.6126,0.7019,0.2916,0.0555,954326.73,385687.24,8,0.55,0.7
CASH-00878,2,KAPATAGAN,elevated_risk,5,265,0.5549,0.2486,0.0966,0.3664,0.7265,0.8591,0.3526,0.0635,1626116.3,802788.17,9,0.621,0.7159
CASH-00879,3,TUBOD,distressed,7,326,0.474,0.2533,0.1977,0.4025,0.5703,0.7594,0.3967,0.0478,2588744.12,1442190.02,4,0.55,0.7
CASH-00880,2,KAPATAGAN,prime_healthy,6,286,0.8165,0.1132,0.0057,0.1835,0.913,0.1181,0.6608,0.1573,2086567.75,743020.43,14,0.8118,0.9254
CASH-00881,3,TUBOD,prime_healthy,12,281,0.7736,0.0934,0.0,0.1433,0.8335,0.9095,0.7822,0.1942,1095467.59,154052.08,4,0.8889,0.9239
CASH-00882,3,TUBOD,prime_healthy,11,340,0.7612,0.0734,0.0237,0.2884,0.8368,0.3506,0.7451,0.3071,1556338.69,342481.29,9,0.8518,0.8698
CASH-00883,3,TUBOD,elevated_risk,3,318,0.6372,0.2462,0.0927,0.3964,0.7406,0.8814,0.3377,0.1528,1457358.74,862161.99,7,0.6207,0.7141
CASH-00884,3,TUBOD,moderate_stress,5,522,0.792,0.128,0.08,0.2631,0.8514,0.5855,0.4828,0.1561,2058461.28,508239.97,0,0.7725,0.8021
CASH-00885,1,LALA,moderate_stress,2,367,0.6886,0.1496,0.1163,0.2426,0.6943,0.3354,0.7489,0.0515,2936609.8,1100921.5,5,0.6171,0.7666
CASH-00886,3,TUBOD,prime_healthy,11,248,0.8231,0.1252,0.0516,0.195,1.0,0.519,0.7815,0.1685,925646.83,170628.56,6,0.9087,0.8262
CASH-00887,3,TUBOD,prime_healthy,3,367,0.8048,0.1474,0.0349,0.1273,0.9414,0.4851,0.7268,0.0496,1276114.9,539241.3,9,0.8267,0.8515
CASH-00888,2,KAPATAGAN,prime_healthy,9,351,0.9101,0.0726,0.0173,0.1743,0.9646,0.1627,0.708,0.3229,1654960.56,282561.33,6,0.8583,0.9368
CASH-00889,2,KAPATAGAN,distressed,3,279,0.5116,0.3263,0.1621,0.5089,0.478,0.8396,0.1906,0.3285,2074363.75,928441.65,9,0.55,0.7
CASH-00890,3,TUBOD,prime_healthy,5,213,0.8569,0.0956,0.0267,0.2019,0.8146,0.137,0.7452,0.4318,1528676.26,330248.53,10,0.7787,0.926
CASH-00891,1,LALA,prime_healthy,3,559,0.9114,0.075,0.0038,0.1574,0.9642,0.6867,0.8782,0.1348,2416879.83,447701.47,7,0.8471,0.9337
CASH-00892,2,KAPATAGAN,moderate_stress,8,394,0.6092,0.1043,0.0726,0.2073,0.7279,0.3236,0.689,0.2884,2257236.69,446815.16,6,0.7519,0.8516
CASH-00893,3,TUBOD,moderate_stress,11,295,0.6658,0.2474,0.0868,0.2539,0.8109,0.7279,0.591,0.2783,2407721.54,822441.06,7,0.7531,0.7385
CASH-00894,2,KAPATAGAN,prime_healthy,1,413,0.8671,0.1214,0.0115,0.2001,0.9493,0.7867,0.7021,0.1095,1245766.03,163910.69,1,0.8123,0.8813
CASH-00895,1,LALA,moderate_stress,8,402,0.6315,0.2428,0.0558,0.2533,0.832,0.2268,0.537,0.3007,1970555.33,1466666.84,11,0.6676,0.7687
CASH-00896,3,TUBOD,prime_healthy,6,267,0.8068,0.1105,0.0,0.1417,0.9364,0.5161,0.6266,0.0635,768308.99,144278.21,3,0.8148,0.935
CASH-00897,2,KAPATAGAN,distressed,11,365,0.4742,0.2987,0.2271,0.3914,0.5933,0.2159,0.2421,0.1668,1105421.46,391718.59,12,0.55,0.7
CASH-00898,1,LALA,prime_healthy,8,347,0.8542,0.0707,0.0373,0.141,0.8923,0.7133,0.6398,0.1873,2738599.1,446328.49,10,0.7743,0.9139
CASH-00899,3,TUBOD,prime_healthy,12,289,0.8575,0.1425,0.0,0.2904,0.7523,0.6209,0.8783,0.1022,2045688.15,644503.76,3,0.8216,0.8839
CASH-00900,1,LALA,elevated_risk,5,368,0.5827,0.3385,0.0691,0.3199,0.7015,0.291,0.4641,0.2279,1787343.59,1052853.26,10,0.6118,0.7362
CASH-00901,2,KAPATAGAN,moderate_stress,3,327,0.654,0.1329,0.0,0.2809,0.826,0.6129,0.5693,0.079,1491451.53,238018.09,3,0.7582,0.8646
CASH-00902,3,TUBOD,prime_healthy,11,83,0.8497,0.0821,0.0682,0.1869,0.9244,0.6461,0.6218,0.3388,648943.28,101365.99,10,0.8689,0.8686
CASH-00903,2,KAPATAGAN,prime_healthy,11,394,0.82,0.1348,0.0452,0.1666,0.8192,0.5355,0.5992,0.2182,1310240.35,224655.92,13,0.8077,0.8442
CASH-00904,3,TUBOD,elevated_risk,8,97,0.4939,0.3002,0.1442,0.3591,0.7454,0.8743,0.3398,0.173,663330.29,428737.23,2,0.5996,0.7
CASH-00905,2,KAPATAGAN,moderate_stress,4,411,0.6452,0.1781,0.0715,0.232,0.8695,0.7682,0.6836,0.0861,2885782.95,996977.26,13,0.8332,0.7759
CASH-00906,1,LALA,moderate_stress,5,300,0.6978,0.1563,0.0872,0.2546,0.7822,0.7982,0.6335,0.2253,1387410.93,321914.21,12,0.6794,0.8015
CASH-00907,3,TUBOD,prime_healthy,1,283,0.8445,0.08,0.0242,0.2066,0.8941,0.6631,0.7749,0.45,1600945.01,390084.95,6,0.76,0.8951
CASH-00908,2,KAPATAGAN,elevated_risk,11,443,0.6143,0.2138,0.1719,0.2873,0.6008,0.4712,0.5419,0.1911,3523452.85,1103914.22,13,0.589,0.7
CASH-00909,3,TUBOD,prime_healthy,1,280,0.7729,0.2036,0.0,0.2478,0.8887,0.5792,0.6288,0.1575,1523078.16,845374.35,3,0.7739,0.8664
CASH-00910,1,LALA,elevated_risk,8,270,0.6069,0.2698,0.0798,0.3633,0.6531,0.6622,0.4026,0.4142,700778.23,261829.64,10,0.5808,0.7593
CASH-00911,2,KAPATAGAN,elevated_risk,9,506,0.6655,0.2365,0.098,0.3922,0.8155,0.2543,0.446,0.1294,3822648.99,1345979.31,8,0.6617,0.7169
CASH-00912,3,TUBOD,prime_healthy,10,198,0.8863,0.0889,0.0248,0.1865,0.7436,0.1886,0.6739,0.0598,515314.1,97795.84,0,0.7697,0.9376
CASH-00913,1,LALA,prime_healthy,12,502,0.8616,0.0389,0.0032,0.1839,0.9231,0.4787,0.776,0.3526,1552626.97,117473.41,13,0.9438,0.9423
CASH-00914,2,KAPATAGAN,prime_healthy,10,410,0.8266,0.14,0.0266,0.1646,0.9041,0.1749,0.6861,0.2498,1311830.96,450294.23,8,0.7895,0.8927
CASH-00915,3,TUBOD,prime_healthy,5,282,0.9087,0.0501,0.0412,0.198,0.9497,0.4217,0.5331,0.1547,1781373.34,94294.93,8,0.881,0.8997
CASH-00916,3,TUBOD,moderate_stress,7,293,0.7044,0.2095,0.0861,0.2013,0.7921,0.399,0.5128,0.1858,1025825.67,449558.91,7,0.6884,0.7559
CASH-00917,1,LALA,distressed,12,256,0.4753,0.2726,0.1664,0.3924,0.6872,0.6395,0.3834,0.3398,950018.11,432942.42,12,0.5891,0.7
CASH-00918,3,TUBOD,prime_healthy,1,244,0.876,0.1039,0.0,0.1276,0.9846,0.5941,0.6688,0.1249,1314225.67,161534.04,10,0.7662,0.9476
CASH-00919,2,KAPATAGAN,moderate_stress,3,374,0.7041,0.1734,0.0419,0.2375,0.7781,0.2908,0.5418,0.0954,1408712.7,511544.75,8,0.7457,0.8261
CASH-00920,1,LALA,distressed,9,325,0.539,0.2986,0.1624,0.41,0.5158,0.8777,0.3919,0.3191,1831717.21,656456.59,6,0.55,0.7
CASH-00921,3,TUBOD,moderate_stress,2,291,0.7848,0.1442,0.0124,0.2809,0.7957,0.7224,0.5772,0.1949,1898979.8,493008.53,12,0.7055,0.871
CASH-00922,3,TUBOD,prime_healthy,6,374,0.8144,0.1168,0.0,0.1894,0.9101,0.2871,0.8039,0.0625,1502116.49,388288.95,6,0.7656,0.9188
CASH-00923,1,LALA,prime_healthy,2,393,0.8602,0.0989,0.0409,0.1651,0.8622,0.3383,0.6777,0.199,2782714.87,830198.44,10,0.7701,0.8814
CASH-00924,1,LALA,elevated_risk,7,422,0.5705,0.2817,0.1408,0.3346,0.6685,0.1693,0.2985,0.154,2645719.24,1765630.25,10,0.5694,0.7
CASH-00925,1,LALA,distressed,7,344,0.4664,0.2867,0.2172,0.3545,0.4431,0.5853,0.2884,0.3053,1163429.95,513581.77,5,0.55,0.7
CASH-00926,1,LALA,elevated_risk,1,351,0.5529,0.2895,0.1065,0.3135,0.6407,0.8147,0.3516,0.45,2768461.62,1517741.04,9,0.55,0.7
CASH-00927,2,KAPATAGAN,moderate_stress,3,318,0.7342,0.1767,0.0891,0.2759,0.8567,0.6502,0.7251,0.3466,2081679.68,712951.27,9,0.7417,0.7629
CASH-00928,1,LALA,moderate_stress,2,586,0.6943,0.1712,0.0667,0.2676,0.8501,0.5295,0.6193,0.3897,2004610.08,607876.34,10,0.7059,0.7719
CASH-00929,1,LALA,prime_healthy,9,373,0.9027,0.0662,0.0215,0.2635,0.9728,0.489,0.7299,0.242,3067420.13,346520.62,10,0.8361,0.9147
CASH-00930,3,TUBOD,elevated_risk,6,434,0.5264,0.2971,0.1198,0.378,0.8828,0.4801,0.1628,0.0396,2295017.29,1163962.31,5,0.6606,0.7
CASH-00931,1,LALA,prime_healthy,4,396,0.8626,0.0572,0.0116,0.168,0.8612,0.7212,0.7244,0.386,2599148.32,259626.02,11,0.8277,0.9185
CASH-00932,3,TUBOD,prime_healthy,11,164,0.8317,0.1339,0.0,0.1704,0.7833,0.7642,0.7334,0.1509,1202277.46,312507.96,8,0.7905,0.8857
CASH-00933,3,TUBOD,prime_healthy,10,336,0.8229,0.0246,0.0365,0.1121,1.0,0.6245,0.7664,0.2887,2172800.0,77589.63,3,0.92,0.8898
CASH-00934,3,TUBOD,elevated_risk,5,326,0.6028,0.2991,0.098,0.2758,0.7702,0.1449,0.3703,0.116,1852052.59,894965.53,8,0.6879,0.7
CASH-00935,1,LALA,prime_healthy,6,350,0.9301,0.0409,0.029,0.1935,0.9854,0.1123,0.7457,0.4258,1771578.63,146407.28,5,0.8074,0.9357
CASH-00936,2,KAPATAGAN,moderate_stress,1,359,0.672,0.1874,0.0852,0.2484,0.8511,0.4284,0.5297,0.0845,997252.19,316814.01,7,0.7344,0.7417
CASH-00937,3,TUBOD,moderate_stress,9,421,0.7209,0.1618,0.0761,0.2148,0.8082,0.8851,0.6062,0.225,2014287.27,344804.26,8,0.7515,0.8007
CASH-00938,2,KAPATAGAN,moderate_stress,5,328,0.6989,0.1808,0.1203,0.2535,0.7624,0.3151,0.508,0.2277,923277.86,291420.03,12,0.7156,0.7665
CASH-00939,2,KAPATAGAN,prime_healthy,5,348,0.8288,0.0907,0.009,0.0999,0.8632,0.5452,0.6599,0.2028,2207560.21,403643.94,5,0.8128,0.9193
CASH-00940,2,KAPATAGAN,moderate_stress,2,261,0.738,0.1859,0.0545,0.2128,0.7924,0.2202,0.6203,0.1787,923783.87,236402.8,5,0.6933,0.8386
CASH-00941,2,KAPATAGAN,moderate_stress,9,469,0.7017,0.1887,0.0491,0.2086,0.7282,0.3659,0.7346,0.1665,1837231.75,583909.78,9,0.711,0.8447
CASH-00942,2,KAPATAGAN,distressed,2,526,0.3714,0.3586,0.1745,0.4967,0.6261,0.1944,0.2752,0.3942,3406274.14,3113630.94,8,0.55,0.7
CASH-00943,2,KAPATAGAN,moderate_stress,1,434,0.7016,0.2144,0.084,0.2199,0.9385,0.5882,0.5615,0.2114,2874986.83,1923573.19,10,0.7576,0.7669
CASH-00944,2,KAPATAGAN,elevated_risk,2,196,0.6324,0.1876,0.18,0.3421,0.7243,0.4198,0.3669,0.1089,1283729.83,526708.37,6,0.5724,0.7
CASH-00945,3,TUBOD,distressed,4,356,0.5731,0.3138,0.1131,0.388,0.4451,0.4453,0.2725,0.45,1041935.36,932409.95,6,0.55,0.7
CASH-00946,3,TUBOD,moderate_stress,9,218,0.7287,0.1866,0.0847,0.2289,0.8232,0.5561,0.5091,0.4108,1260377.62,321430.15,7,0.678,0.7918
CASH-00947,3,TUBOD,moderate_stress,8,371,0.7374,0.1638,0.0817,0.2554,0.7934,0.4289,0.6238,0.2059,1284423.06,235069.24,9,0.729,0.7695
CASH-00948,3,TUBOD,moderate_stress,5,343,0.7292,0.1869,0.0838,0.1384,0.7624,0.8747,0.4395,0.2394,2092744.29,699347.57,5,0.7079,0.7357
CASH-00949,3,TUBOD,moderate_stress,2,245,0.732,0.1592,0.0451,0.1924,0.9098,0.3642,0.6397,0.45,1946614.26,806846.05,5,0.7004,0.8791
CASH-00950,3,TUBOD,moderate_stress,7,239,0.7153,0.1396,0.0415,0.3029,0.7534,0.4577,0.583,0.45,1837765.05,583940.96,4,0.6879,0.855
CASH-00951,2,KAPATAGAN,distressed,1,277,0.4937,0.3287,0.1777,0.3763,0.6461,0.3613,0.2826,0.2018,2328970.19,889215.16,11,0.55,0.7
CASH-00952,2,KAPATAGAN,elevated_risk,1,433,0.5612,0.2996,0.0974,0.2971,0.648,0.621,0.5081,0.3609,2409872.56,1271476.48,5,0.55,0.7565
CASH-00953,3,TUBOD,prime_healthy,1,364,0.9193,0.0668,0.0139,0.1291,0.9002,0.3036,0.6212,0.2747,1726219.63,258468.02,2,0.7932,0.8609
CASH-00954,2,KAPATAGAN,moderate_stress,8,474,0.7175,0.1822,0.1002,0.2828,0.7613,0.2098,0.5642,0.2784,2528020.88,1306563.39,8,0.641,0.7743
CASH-00955,1,LALA,moderate_stress,10,212,0.7182,0.1996,0.0506,0.2781,0.8796,0.202,0.5893,0.3759,1631742.55,411110.84,12,0.7809,0.8225
CASH-00956,3,TUBOD,moderate_stress,5,262,0.6623,0.2236,0.0899,0.3089,0.9396,0.574,0.6448,0.1048,1537500.19,693632.78,6,0.8282,0.7668
CASH-00957,3,TUBOD,elevated_risk,6,242,0.6196,0.2692,0.1112,0.2571,0.6537,0.8359,0.5501,0.2604,1881334.8,1593572.22,4,0.5698,0.7147
CASH-00958,1,LALA,distressed,2,378,0.5357,0.3037,0.1607,0.3986,0.6476,0.8687,0.1,0.0914,998813.6,627235.5,6,0.55,0.7
CASH-00959,1,LALA,distressed,8,291,0.4861,0.3515,0.1624,0.4288,0.4285,0.2979,0.469,0.1229,1546583.65,1738991.07,14,0.55,0.7
CASH-00960,1,LALA,elevated_risk,9,490,0.631,0.278,0.091,0.2718,0.5668,0.234,0.4652,0.1849,2387258.39,1052260.17,8,0.5821,0.7343
CASH-00961,3,TUBOD,distressed,10,371,0.4845,0.2541,0.1418,0.3483,0.5862,0.7522,0.26,0.0436,2745330.95,2171196.33,5,0.5947,0.7
CASH-00962,3,TUBOD,moderate_stress,9,323,0.7131,0.1963,0.0906,0.2685,0.7608,0.4581,0.625,0.45,1790757.54,422608.74,8,0.6352,0.7668
CASH-00963,1,LALA,moderate_stress,4,439,0.6156,0.1829,0.0461,0.2537,0.8396,0.4461,0.5059,0.2026,1216361.49,634396.79,15,0.7806,0.8104
CASH-00964,1,LALA,prime_healthy,9,415,0.8165,0.0609,0.0,0.2336,0.9518,0.5451,0.62,0.2031,3092818.39,402352.78,12,0.8456,0.9017
CASH-00965,2,KAPATAGAN,moderate_stress,10,354,0.6358,0.1842,0.0945,0.1656,0.8093,0.854,0.5362,0.2154,2635418.19,1359859.86,6,0.7359,0.7691
CASH-00966,2,KAPATAGAN,moderate_stress,12,407,0.6523,0.1754,0.0841,0.2057,0.7746,0.6624,0.4981,0.3988,3102509.54,1740435.77,11,0.7653,0.7756
CASH-00967,3,TUBOD,distressed,9,330,0.4004,0.3201,0.1694,0.271,0.4303,0.1402,0.3121,0.43,2323603.24,1583452.11,10,0.55,0.7
CASH-00968,1,LALA,prime_healthy,12,278,0.8509,0.0321,0.0625,0.1188,0.8853,0.6257,0.7011,0.3003,2273723.93,139177.38,10,0.8659,0.8708
CASH-00969,3,TUBOD,elevated_risk,8,439,0.6005,0.2233,0.1067,0.3214,0.5027,0.2149,0.4337,0.4458,3573948.44,1305753.33,10,0.55,0.7609
CASH-00970,2,KAPATAGAN,prime_healthy,2,232,0.8633,0.0576,0.0647,0.1178,0.9029,0.1848,0.5939,0.0631,1818898.15,116035.91,11,0.8124,0.8665
CASH-00971,3,TUBOD,elevated_risk,11,216,0.5592,0.2832,0.1298,0.3404,0.7412,0.5348,0.3803,0.159,1025840.76,745569.07,7,0.6494,0.7
CASH-00972,1,LALA,prime_healthy,8,343,0.7329,0.126,0.0343,0.1623,1.0,0.9104,0.7577,0.3473,2072296.69,440613.37,4,0.8671,0.9023
CASH-00973,3,TUBOD,moderate_stress,3,381,0.6972,0.1878,0.1029,0.2707,0.8072,0.521,0.6623,0.2691,3177040.97,1889582.93,7,0.7386,0.7765
CASH-00974,1,LALA,moderate_stress,10,449,0.7133,0.1722,0.1145,0.1726,0.7445,0.867,0.6316,0.3662,1286243.55,683740.44,8,0.7195,0.7351
CASH-00975,1,LALA,moderate_stress,11,508,0.7082,0.1702,0.1216,0.2781,0.9005,0.7405,0.7011,0.2755,3097498.86,781605.85,15,0.8004,0.7427
CASH-00976,3,TUBOD,prime_healthy,4,316,0.8205,0.114,0.0655,0.1006,1.0,0.8366,0.897,0.166,2132419.62,566402.62,8,0.8929,0.8096
CASH-00977,2,KAPATAGAN,elevated_risk,4,327,0.5632,0.3026,0.1342,0.3464,0.8226,0.7153,0.4481,0.0952,1502113.17,1198428.82,10,0.7186,0.7
CASH-00978,3,TUBOD,moderate_stress,2,246,0.7895,0.1553,0.0552,0.1846,0.629,0.878,0.582,0.2898,1218973.75,238909.46,7,0.6113,0.8566
CASH-00979,2,KAPATAGAN,elevated_risk,6,309,0.6301,0.1791,0.0943,0.231,0.7405,0.4371,0.4267,0.4366,2256956.54,800159.1,4,0.6493,0.7745
CASH-00980,3,TUBOD,prime_healthy,2,361,0.8531,0.1025,0.0,0.1384,0.943,0.3397,0.6833,0.3079,1015461.73,226817.73,6,0.7955,0.9098
CASH-00981,1,LALA,prime_healthy,5,529,0.8758,0.1077,0.0116,0.0973,0.975,0.8968,0.6853,0.2163,1960423.22,588612.57,7,0.8367,0.8833
CASH-00982,1,LALA,prime_healthy,3,393,0.8657,0.1061,0.0282,0.0864,0.9658,0.4038,0.6725,0.14,2115981.92,511643.19,12,0.844,0.8788
CASH-00983,2,KAPATAGAN,moderate_stress,1,422,0.6965,0.1834,0.0883,0.2032,0.7526,0.7901,0.5737,0.4114,1375345.71,715071.66,12,0.6876,0.7645
CASH-00984,1,LALA,elevated_risk,3,447,0.6427,0.2133,0.1203,0.3623,0.6386,0.3765,0.5578,0.2338,2695536.74,1033916.95,7,0.5634,0.7
CASH-00985,3,TUBOD,moderate_stress,1,408,0.7178,0.1148,0.0776,0.216,0.9059,0.8701,0.5754,0.2003,3295757.67,554752.75,9,0.7449,0.8242
CASH-00986,1,LALA,moderate_stress,10,386,0.6662,0.1463,0.115,0.1719,0.7531,0.8843,0.5547,0.1887,2058433.83,452939.42,9,0.6637,0.7627
CASH-00987,2,KAPATAGAN,prime_healthy,2,316,0.8997,0.0684,0.0237,0.2288,0.7743,0.6958,0.7102,0.1479,2590627.38,561472.3,5,0.7975,0.8996
CASH-00988,3,TUBOD,prime_healthy,7,308,0.905,0.0437,0.0172,0.1254,1.0,0.6198,0.6337,0.45,902411.52,42800.66,11,0.8401,0.8824
CASH-00989,3,TUBOD,moderate_stress,10,317,0.7237,0.1624,0.0526,0.2637,0.7512,0.6415,0.4491,0.0937,2288642.48,486353.92,5,0.7081,0.8139
CASH-00990,2,KAPATAGAN,elevated_risk,5,520,0.5517,0.2825,0.1229,0.3477,0.7769,0.7102,0.4787,0.098,3209431.86,1684210.07,7,0.6409,0.7092
CASH-00991,2,KAPATAGAN,moderate_stress,9,240,0.702,0.2015,0.0965,0.2336,0.7813,0.7819,0.6957,0.0442,951477.02,412679.29,1,0.7673,0.7918
CASH-00992,1,LALA,prime_healthy,2,428,0.8881,0.0388,0.0031,0.1639,0.8525,0.5882,0.5829,0.3233,2375464.76,275209.4,9,0.7953,0.921
CASH-00993,1,LALA,distressed,10,410,0.5081,0.3292,0.1628,0.3929,0.5547,0.6322,0.3719,0.3333,3293850.58,3436698.53,10,0.55,0.7
CASH-00994,3,TUBOD,elevated_risk,6,319,0.628,0.2921,0.0798,0.4228,0.7283,0.4204,0.3406,0.2006,1057592.29,429008.88,10,0.5785,0.7102
CASH-00995,1,LALA,prime_healthy,12,368,0.8772,0.0564,0.0161,0.1612,0.8792,0.4808,0.6795,0.2578,2106282.51,214783.26,14,0.8929,0.9416
CASH-00996,1,LALA,prime_healthy,10,610,0.872,0.0552,0.0728,0.1612,1.0,0.8468,0.744,0.4078,1687600.11,237544.19,9,0.8298,0.8635
CASH-00997,3,TUBOD,moderate_stress,2,333,0.652,0.1617,0.1009,0.2641,0.8531,0.566,0.5563,0.2879,2596964.95,1148220.05,7,0.7082,0.7769
CASH-00998,3,TUBOD,elevated_risk,1,308,0.5747,0.234,0.0825,0.3989,0.7251,0.268,0.3115,0.3698,2231997.92,1291212.38,7,0.5657,0.7608
CASH-00999,3,TUBOD,moderate_stress,2,250,0.6893,0.2161,0.0749,0.2029,0.8881,0.1267,0.5169,0.294,2004423.27,1270309.0,3,0.7294,0.7681
CASH-01000,1,LALA,prime_healthy,9,464,0.8481,0.0253,0.0391,0.1174,0.9129,0.5741,0.8235,0.45,3641568.87,287565.68,10,0.815,0.8902
CASH-01001,1,LALA,moderate_stress,1,441,0.5669,0.1761,0.0944,0.2324,0.7405,0.8461,0.5484,0.2335,1415555.73,721482.42,13,0.6632,0.7617
CASH-01002,3,TUBOD,distressed,2,333,0.433,0.2577,0.2815,0.4045,0.4691,0.4204,0.1894,0.2162,2767121.36,1782474.27,8,0.55,0.7
CASH-01003,1,LALA,elevated_risk,8,414,0.6473,0.2784,0.0744,0.3812,0.7517,0.1775,0.4228,0.0494,3015859.09,1513945.94,7,0.6471,0.7632
CASH-01004,3,TUBOD,distressed,7,272,0.5077,0.3412,0.1512,0.4432,0.41,0.5786,0.1866,0.4223,713633.51,437135.17,8,0.55,0.7
CASH-01005,2,KAPATAGAN,distressed,6,389,0.4463,0.3119,0.2034,0.3594,0.593,0.4266,0.2016,0.4122,2830280.63,936232.85,15,0.55,0.7
CASH-01006,3,TUBOD,distressed,5,405,0.5214,0.2851,0.1936,0.4631,0.5698,0.178,0.4106,0.0941,2669570.13,1513360.76,4,0.55,0.7
CASH-01007,2,KAPATAGAN,moderate_stress,10,390,0.6906,0.1388,0.0659,0.289,0.7958,0.3372,0.5722,0.2602,2806946.68,521124.36,10,0.7127,0.8242
CASH-01008,2,KAPATAGAN,distressed,7,493,0.5159,0.3187,0.1531,0.3661,0.5768,0.8589,0.3225,0.3833,1638153.89,675631.01,0,0.55,0.7
CASH-01009,1,LALA,prime_healthy,7,322,0.9004,0.0996,0.0,0.1869,0.8298,0.4593,0.753,0.1643,1918129.47,589289.05,12,0.7919,0.9385
CASH-01010,1,LALA,prime_healthy,12,589,0.8696,0.0395,0.0182,0.2331,1.0,0.8757,0.7365,0.1762,1884240.04,104664.99,9,0.9992,0.9231
CASH-01011,1,LALA,moderate_stress,8,480,0.7181,0.1749,0.107,0.2441,0.7982,0.7055,0.6826,0.3282,2237621.42,1250528.73,11,0.6874,0.7318
CASH-01012,1,LALA,distressed,7,467,0.5115,0.2768,0.2117,0.365,0.566,0.8793,0.2704,0.1377,3280895.21,1895898.05,6,0.55,0.7
CASH-01013,3,TUBOD,prime_healthy,8,303,0.7544,0.1138,0.0347,0.1097,0.8191,0.5547,0.8674,0.3067,1833542.15,474562.49,7,0.7716,0.8979
CASH-01014,3,TUBOD,prime_healthy,1,249,0.9151,0.0416,0.0206,0.1506,0.8402,0.4295,0.7823,0.45,1495606.65,90856.76,10,0.7245,0.9155
CASH-01015,3,TUBOD,moderate_stress,3,259,0.8184,0.154,0.0236,0.248,0.8151,0.1477,0.7266,0.4353,1623506.08,603842.01,4,0.727,0.8677
CASH-01016,1,LALA,prime_healthy,6,400,0.8178,0.1018,0.0804,0.2281,0.8969,0.3281,0.5701,0.1749,1499860.62,153840.27,6,0.7468,0.8047
CASH-01017,3,TUBOD,elevated_risk,8,232,0.6126,0.2835,0.1038,0.3297,0.6988,0.299,0.4688,0.3086,1230143.37,605033.45,0,0.6135,0.7
CASH-01018,2,KAPATAGAN,moderate_stress,4,472,0.6734,0.1652,0.0119,0.2188,0.9076,0.2777,0.6183,0.1574,3578301.42,1621164.25,7,0.7882,0.8649
CASH-01019,2,KAPATAGAN,prime_healthy,6,562,0.7755,0.1011,0.0486,0.1827,0.9421,0.1476,0.7189,0.1473,2253656.64,236976.31,5,0.7722,0.8594
CASH-01020,1,LALA,moderate_stress,10,475,0.7544,0.2014,0.0442,0.2216,0.8223,0.5408,0.5017,0.2584,2660009.24,901829.89,4,0.7352,0.8326
CASH-01021,1,LALA,moderate_stress,7,548,0.6446,0.1484,0.0452,0.2972,0.8374,0.8993,0.6204,0.2378,3110693.32,810650.77,9,0.7048,0.8477
CASH-01022,2,KAPATAGAN,prime_healthy,5,208,0.8509,0.089,0.0601,0.248,0.9668,0.5838,0.7397,0.3442,816011.68,222984.54,4,0.8337,0.8287
CASH-01023,3,TUBOD,moderate_stress,10,365,0.7483,0.1883,0.0089,0.3138,0.7219,0.672,0.3529,0.0946,2394679.37,1368216.03,3,0.7158,0.8451
CASH-01024,1,LALA,elevated_risk,12,350,0.6061,0.2759,0.118,0.2803,0.7405,0.2144,0.3019,0.1423,1796328.77,536766.74,7,0.7485,0.7
CASH-01025,2,KAPATAGAN,moderate_stress,2,363,0.7818,0.1364,0.0818,0.2933,0.8676,0.8212,0.5916,0.1075,2553977.29,449166.94,7,0.7453,0.7858
CASH-01026,2,KAPATAGAN,moderate_stress,1,464,0.6706,0.1699,0.0886,0.2735,0.8497,0.3681,0.6769,0.1317,2341813.19,1038644.43,6,0.725,0.7617
CASH-01027,2,KAPATAGAN,elevated_risk,6,249,0.5239,0.2139,0.1167,0.3453,0.7872,0.6922,0.476,0.1805,1722980.23,1123262.95,4,0.6386,0.7286
CASH-01028,1,LALA,distressed,10,401,0.4574,0.3485,0.1667,0.4765,0.5941,0.87,0.3735,0.0992,2496060.03,1004918.3,6,0.55,0.7
CASH-01029,3,TUBOD,elevated_risk,2,324,0.501,0.2615,0.1199,0.329,0.5975,0.8109,0.4112,0.2964,1069277.78,876038.89,7,0.5529,0.7268
CASH-01030,2,KAPATAGAN,elevated_risk,6,391,0.6011,0.2701,0.1132,0.3226,0.6604,0.8233,0.4701,0.2939,2703062.97,1171204.18,5,0.55,0.7
CASH-01031,3,TUBOD,elevated_risk,12,299,0.5349,0.3408,0.0966,0.2951,0.7877,0.5956,0.3141,0.45,2475728.51,1836208.12,6,0.7675,0.7
CASH-01032,1,LALA,moderate_stress,12,405,0.6662,0.2016,0.0897,0.3057,0.7964,0.8127,0.6473,0.4201,3041097.21,1565124.01,3,0.788,0.7568
CASH-01033,1,LALA,prime_healthy,4,423,0.8817,0.0793,0.039,0.2802,0.8435,0.1496,0.6582,0.2112,3377440.77,577584.09,12,0.7888,0.8692
CASH-01034,3,TUBOD,prime_healthy,6,412,0.8279,0.1041,0.068,0.2157,0.9013,0.273,0.8211,0.1366,2606225.63,552227.71,7,0.7441,0.8383
CASH-01035,2,KAPATAGAN,moderate_stress,4,339,0.6888,0.2084,0.1029,0.2928,0.8962,0.7185,0.5686,0.2469,1854726.59,524927.24,5,0.794,0.7403
CASH-01036,2,KAPATAGAN,distressed,7,204,0.4699,0.3137,0.2164,0.3693,0.6216,0.273,0.329,0.45,569207.52,560976.44,14,0.55,0.7
CASH-01037,3,TUBOD,prime_healthy,4,189,0.8329,0.1269,0.0402,0.2348,0.864,0.4009,0.7636,0.45,789571.41,300340.79,5,0.7975,0.8661
CASH-01038,1,LALA,prime_healthy,7,401,0.8227,0.1043,0.073,0.1311,0.9486,0.6981,0.6328,0.1221,1929393.25,381044.87,11,0.7859,0.8186
CASH-01039,3,TUBOD,prime_healthy,5,306,0.8679,0.0945,0.0377,0.1582,0.9226,0.3384,0.6852,0.0565,2551536.4,274039.26,1,0.8204,0.9125
CASH-01040,3,TUBOD,elevated_risk,11,321,0.5444,0.3179,0.1192,0.3176,0.6615,0.7525,0.4873,0.1893,2502616.53,2243105.46,9,0.6386,0.7
CASH-01041,2,KAPATAGAN,prime_healthy,12,298,0.8333,0.0221,0.0398,0.0979,0.8409,0.1088,0.6504,0.2376,2235895.71,73235.88,16,0.905,0.8983
CASH-01042,3,TUBOD,moderate_stress,9,419,0.7269,0.2359,0.0256,0.2126,0.7206,0.3083,0.5483,0.0856,1552434.51,597049.27,5,0.7621,0.8042
CASH-01043,2,KAPATAGAN,prime_healthy,6,386,0.829,0.1182,0.0529,0.1821,0.8892,0.6655,0.7239,0.1644,2149125.83,503642.4,6,0.8017,0.8254
CASH-01044,2,KAPATAGAN,prime_healthy,9,307,0.806,0.1212,0.0129,0.2005,0.8695,0.6847,0.645,0.4386,2548418.01,875828.94,9,0.755,0.9199
CASH-01045,2,KAPATAGAN,prime_healthy,3,456,0.8534,0.1224,0.0242,0.1532,0.8572,0.5473,0.5939,0.2393,2728428.21,718174.41,12,0.8052,0.8971
CASH-01046,3,TUBOD,prime_healthy,9,219,0.8195,0.098,0.0213,0.1445,0.8972,0.8152,0.6294,0.1948,1830810.42,366826.32,4,0.8087,0.9012
CASH-01047,3,TUBOD,moderate_stress,5,275,0.7432,0.1649,0.0919,0.3353,0.792,0.8603,0.5148,0.3779,1538328.81,789528.17,9,0.6476,0.768
CASH-01048,1,LALA,distressed,5,542,0.3672,0.2847,0.2124,0.3062,0.5621,0.7007,0.3197,0.2448,1825031.65,724387.23,13,0.55,0.7
CASH-01049,2,KAPATAGAN,elevated_risk,5,522,0.6215,0.2588,0.1196,0.3065,0.6193,0.1107,0.302,0.3647,3129242.83,1440388.71,7,0.6117,0.7
CASH-01050,1,LALA,elevated_risk,12,399,0.6198,0.2251,0.1334,0.2837,0.6844,0.1695,0.4449,0.0391,1221450.76,278315.41,8,0.727,0.7003
CASH-01051,2,KAPATAGAN,moderate_stress,7,359,0.6848,0.2157,0.0996,0.2721,0.8191,0.8739,0.4668,0.1385,2156874.67,1199772.09,16,0.6878,0.75
CASH-01052,2,KAPATAGAN,prime_healthy,9,375,0.8699,0.0554,0.0343,0.1754,0.9676,0.7325,0.8162,0.3281,2271891.28,137319.96,8,0.8507,0.884
CASH-01053,3,TUBOD,elevated_risk,12,232,0.6456,0.2246,0.1298,0.1849,0.6508,0.1912,0.3248,0.0944,1921094.31,1276405.55,9,0.7009,0.7
CASH-01054,2,KAPATAGAN,prime_healthy,11,450,0.841,0.1055,0.0313,0.153,0.9216,0.3193,0.6086,0.1916,1729834.01,503668.77,11,0.8341,0.8528
CASH-01055,1,LALA,elevated_risk,12,359,0.6011,0.2699,0.1029,0.3464,0.6872,0.5489,0.4299,0.1514,1341320.5,707570.45,10,0.6943,0.7049
CASH-01056,3,TUBOD,elevated_risk,2,333,0.5983,0.2869,0.1148,0.198,0.579,0.4761,0.3981,0.1373,2345998.89,997562.63,9,0.5581,0.7
CASH-01057,3,TUBOD,elevated_risk,8,323,0.6607,0.2359,0.1035,0.325,0.6798,0.4834,0.5649,0.102,2379081.81,1752804.62,8,0.5821,0.7286
CASH-01058,2,KAPATAGAN,distressed,1,214,0.4884,0.3071,0.1738,0.3728,0.6553,0.342,0.2157,0.0715,1099312.1,662367.55,10,0.55,0.7
CASH-01059,1,LALA,moderate_stress,5,377,0.779,0.2112,0.0098,0.3037,0.8189,0.2858,0.4236,0.21,2120880.37,509709.27,15,0.7192,0.8376
CASH-01060,1,LALA,prime_healthy,10,270,0.8291,0.0705,0.029,0.1844,0.962,0.5273,0.6786,0.2592,1619644.38,315081.55,10,0.883,0.8839
CASH-01061,1,LALA,moderate_stress,9,281,0.6705,0.191,0.1386,0.2446,0.7931,0.2348,0.6018,0.105,1018270.65,280089.24,4,0.6951,0.7077
CASH-01062,1,LALA,elevated_risk,8,403,0.6437,0.228,0.101,0.2887,0.7204,0.207,0.3882,0.45,2770336.75,1771328.44,8,0.5692,0.741
CASH-01063,2,KAPATAGAN,elevated_risk,5,350,0.4947,0.3059,0.0988,0.2872,0.8151,0.5658,0.3269,0.109,2762026.69,1370647.5,8,0.6563,0.7
CASH-01064,1,LALA,moderate_stress,10,446,0.786,0.1939,0.02,0.2942,0.8775,0.5576,0.6286,0.2863,2635363.18,692520.74,8,0.7921,0.88
CASH-01065,2,KAPATAGAN,moderate_stress,8,376,0.6486,0.1773,0.0933,0.3018,0.8488,0.7269,0.5745,0.245,1250483.66,595971.31,9,0.6804,0.7776
CASH-01066,2,KAPATAGAN,moderate_stress,4,250,0.7423,0.1699,0.0878,0.25,0.8354,0.333,0.5943,0.0834,1203160.83,208164.79,11,0.8022,0.8058
CASH-01067,2,KAPATAGAN,elevated_risk,1,327,0.6717,0.2502,0.0781,0.4147,0.7648,0.6052,0.3582,0.2636,2380058.26,1675641.86,3,0.6323,0.7576
CASH-01068,1,LALA,prime_healthy,6,442,0.9019,0.0604,0.0092,0.1744,0.9396,0.6445,0.7436,0.4062,3101906.51,257027.45,3,0.8189,0.9119
CASH-01069,3,TUBOD,moderate_stress,9,341,0.7848,0.2089,0.0063,0.3049,0.8139,0.4763,0.5308,0.1862,1597238.7,408313.54,5,0.7251,0.8266
CASH-01070,3,TUBOD,moderate_stress,7,330,0.7213,0.1949,0.0839,0.227,0.8865,0.9118,0.6866,0.2827,2133776.09,970660.89,4,0.7376,0.7967
CASH-01071,2,KAPATAGAN,moderate_stress,12,384,0.5954,0.2571,0.1121,0.2873,0.8972,0.7859,0.5156,0.26,1342936.73,1064652.82,11,0.7756,0.7419
CASH-01072,3,TUBOD,prime_healthy,4,269,0.7932,0.1733,0.0335,0.214,0.9206,0.8579,0.6395,0.2193,1636874.18,441444.24,15,0.8006,0.8298
CASH-01073,1,LALA,prime_healthy,2,401,0.7887,0.0626,0.0,0.1815,0.9241,0.5024,0.7332,0.3429,2156679.02,235674.05,6,0.833,0.9083
CASH-01074,3,TUBOD,elevated_risk,4,221,0.6466,0.2571,0.0963,0.3426,0.7266,0.6664,0.5635,0.0734,1391070.67,509704.04,8,0.6245,0.7376
CASH-01075,3,TUBOD,moderate_stress,6,307,0.7406,0.1881,0.0123,0.188,0.7912,0.2107,0.5679,0.1693,1904210.3,1087619.99,5,0.6961,0.8649
CASH-01076,3,TUBOD,moderate_stress,10,234,0.7497,0.1614,0.0555,0.1793,0.7794,0.6323,0.7575,0.2113,1265508.99,580381.95,9,0.749,0.8137
CASH-01077,1,LALA,moderate_stress,7,385,0.6767,0.229,0.0943,0.2246,0.7402,0.4646,0.5435,0.1786,1531809.36,979819.04,2,0.6522,0.7764
CASH-01078,1,LALA,moderate_stress,2,481,0.7314,0.1714,0.0971,0.2767,0.7864,0.2838,0.5433,0.1276,2673988.67,491412.93,15,0.6977,0.7379
CASH-01079,1,LALA,prime_healthy,7,467,0.8668,0.0596,0.0432,0.1023,0.93,0.3211,0.6002,0.45,2207306.21,328086.41,13,0.7464,0.8761
CASH-01080,3,TUBOD,prime_healthy,1,349,0.8626,0.0743,0.0631,0.1297,0.9134,0.3762,0.6496,0.2581,1046361.28,225685.27,4,0.7766,0.8533
CASH-01081,3,TUBOD,elevated_risk,12,275,0.6517,0.2367,0.1116,0.367,0.7053,0.5783,0.5595,0.45,1994568.58,1386476.46,13,0.6967,0.702
CASH-01082,1,LALA,distressed,7,490,0.4589,0.3244,0.1806,0.4192,0.498,0.1256,0.3164,0.3147,2758246.3,2411971.26,8,0.55,0.7
CASH-01083,2,KAPATAGAN,prime_healthy,1,293,0.8416,0.1204,0.038,0.2258,0.7285,0.755,0.7905,0.3572,770627.6,256244.04,7,0.6555,0.8622
CASH-01084,2,KAPATAGAN,prime_healthy,7,250,0.8622,0.044,0.0416,0.1575,0.9101,0.53,0.6536,0.1489,1003706.25,83036.96,6,0.798,0.8944
CASH-01085,1,LALA,moderate_stress,5,731,0.665,0.1799,0.0458,0.2187,0.8105,0.4415,0.4659,0.1192,3717267.72,1175835.87,11,0.7175,0.8109
CASH-01086,1,LALA,moderate_stress,8,373,0.6929,0.221,0.086,0.2051,0.7235,0.8403,0.535,0.2735,1078356.94,559260.16,11,0.6227,0.7509
CASH-01087,2,KAPATAGAN,moderate_stress,5,450,0.6961,0.1472,0.0697,0.2422,0.8371,0.8455,0.5807,0.1843,3821129.48,981625.06,10,0.73,0.7836
CASH-01088,3,TUBOD,distressed,7,335,0.4789,0.3429,0.1782,0.3886,0.5231,0.6009,0.2629,0.1232,2785439.85,2076721.79,5,0.55,0.7
CASH-01089,2,KAPATAGAN,prime_healthy,2,202,0.8785,0.0781,0.0343,0.1964,0.8672,0.1888,0.9,0.45,1615669.25,167234.49,3,0.7501,0.8669
CASH-01090,3,TUBOD,prime_healthy,9,357,0.9247,0.0433,0.032,0.2056,0.7946,0.9138,0.7895,0.3289,2887614.43,344426.0,0,0.7799,0.8985
CASH-01091,1,LALA,prime_healthy,7,214,0.8146,0.038,0.0563,0.1775,0.8794,0.3219,0.7614,0.45,1422076.18,83782.37,14,0.7661,0.8985
CASH-01092,2,KAPATAGAN,elevated_risk,7,359,0.5809,0.3496,0.0695,0.3426,0.6018,0.4052,0.4574,0.0812,2819911.62,2055374.64,11,0.5536,0.7181
CASH-01093,1,LALA,elevated_risk,11,396,0.4994,0.2893,0.0993,0.3682,0.6302,0.3039,0.5343,0.225,1157819.12,751404.89,12,0.6499,0.7
CASH-01094,3,TUBOD,moderate_stress,3,185,0.6662,0.1736,0.054,0.2232,0.809,0.852,0.7251,0.2587,725120.83,370126.64,9,0.7715,0.8391
CASH-01095,3,TUBOD,moderate_stress,8,297,0.677,0.2362,0.0568,0.3412,0.7147,0.4988,0.5752,0.3012,1516242.74,574891.07,1,0.6276,0.7999
CASH-01096,3,TUBOD,prime_healthy,11,168,0.8663,0.0826,0.0512,0.1131,0.9521,0.4576,0.618,0.1281,1212348.43,158292.44,8,0.9333,0.8646
CASH-01097,2,KAPATAGAN,elevated_risk,12,305,0.5863,0.2843,0.1294,0.3293,0.7828,0.3857,0.4333,0.3399,1186092.33,1064666.29,12,0.6957,0.7
CASH-01098,1,LALA,prime_healthy,1,571,0.8749,0.1146,0.0106,0.1387,1.0,0.1652,0.7373,0.3444,2940880.62,494929.96,11,0.8165,0.923
CASH-01099,3,TUBOD,elevated_risk,6,422,0.6278,0.226,0.1463,0.2271,0.6346,0.77,0.4084,0.0993,2218108.21,658961.85,7,0.5903,0.7
CASH-01100,1,LALA,elevated_risk,3,161,0.6595,0.2148,0.1257,0.3577,0.7127,0.7192,0.3987,0.149,675192.47,239533.31,10,0.6412,0.7
CASH-01101,1,LALA,prime_healthy,6,189,0.865,0.1102,0.0231,0.2718,0.8907,0.8734,0.6432,0.2896,1591345.98,496163.36,5,0.7255,0.8687
CASH-01102,3,TUBOD,prime_healthy,12,302,0.8638,0.0889,0.0474,0.1506,0.899,0.7649,0.7227,0.2502,1562559.01,294503.64,6,0.8621,0.8814
CASH-01103,1,LALA,elevated_risk,2,366,0.5822,0.2398,0.1476,0.278,0.6728,0.5804,0.5339,0.178,2676457.18,1868070.93,8,0.5755,0.7
CASH-01104,1,LALA,elevated_risk,1,481,0.5436,0.2479,0.0977,0.2879,0.6782,0.2871,0.4174,0.3011,2758661.7,954310.14,11,0.604,0.7439
CASH-01105,3,TUBOD,elevated_risk,5,229,0.5975,0.2868,0.0743,0.2851,0.737,0.3252,0.5699,0.1119,916821.17,295123.97,6,0.6477,0.7665
CASH-01106,2,KAPATAGAN,moderate_stress,8,334,0.7465,0.1962,0.0573,0.386,0.8105,0.4883,0.6005,0.3761,2515037.06,679947.33,7,0.6194,0.8053
CASH-01107,3,TUBOD,moderate_stress,2,261,0.6452,0.271,0.0346,0.214,0.8525,0.1468,0.5093,0.2702,1863690.77,1057206.1,7,0.68,0.7503
CASH-01108,1,LALA,elevated_risk,5,285,0.4859,0.3424,0.1517,0.2915,0.6265,0.4543,0.3197,0.213,1813619.1,795719.18,11,0.5705,0.7
CASH-01109,1,LALA,moderate_stress,1,377,0.7457,0.1782,0.0428,0.2758,0.7015,0.2529,0.4898,0.1666,2032657.96,395658.64,11,0.5973,0.8136
CASH-01110,2,KAPATAGAN,moderate_stress,12,449,0.7069,0.1812,0.0354,0.1864,0.8987,0.9184,0.5719,0.209,1525184.09,704547.44,9,0.9434,0.8473
CASH-01111,1,LALA,moderate_stress,12,460,0.8184,0.1532,0.0285,0.2274,0.8759,0.5119,0.5415,0.1721,2195733.32,702426.87,9,0.8606,0.8372
CASH-01112,1,LALA,prime_healthy,7,352,0.8116,0.0422,0.0127,0.2514,0.9087,0.1672,0.7285,0.2326,2035944.76,99149.05,9,0.8039,0.9329
CASH-01113,3,TUBOD,distressed,2,275,0.3987,0.2141,0.2002,0.4071,0.4309,0.5437,0.237,0.2371,1554536.87,366205.71,2,0.55,0.7
CASH-01114,3,TUBOD,moderate_stress,12,349,0.6089,0.1104,0.0905,0.1918,0.789,0.1514,0.5535,0.3973,2944282.68,580217.63,11,0.7947,0.7927
CASH-01115,1,LALA,moderate_stress,12,391,0.8216,0.0866,0.0897,0.2182,0.7542,0.5717,0.5883,0.1858,2737836.33,439031.67,15,0.8017,0.8186
CASH-01116,1,LALA,distressed,5,464,0.451,0.244,0.2292,0.4687,0.6586,0.3581,0.2775,0.2158,2512690.3,1476434.41,12,0.55,0.7
CASH-01117,2,KAPATAGAN,distressed,8,394,0.5134,0.2912,0.1954,0.3725,0.5713,0.7829,0.3387,0.1741,1142320.62,679840.85,8,0.55,0.7
CASH-01118,2,KAPATAGAN,elevated_risk,12,266,0.7287,0.2083,0.0631,0.365,0.5927,0.7449,0.3841,0.2404,1543283.23,1013293.22,14,0.647,0.7532
CASH-01119,1,LALA,elevated_risk,9,338,0.6672,0.2014,0.1314,0.272,0.6934,0.1103,0.4643,0.0612,2633094.23,551028.07,11,0.6615,0.7066
CASH-01120,3,TUBOD,moderate_stress,10,261,0.747,0.138,0.115,0.2944,0.8651,0.7686,0.5618,0.1535,1393611.3,258145.44,5,0.7541,0.7712
CASH-01121,3,TUBOD,elevated_risk,8,231,0.5858,0.2928,0.1214,0.3411,0.6575,0.9065,0.4143,0.2075,1019486.72,928064.73,10,0.6044,0.7
CASH-01122,3,TUBOD,moderate_stress,12,284,0.759,0.129,0.0542,0.1569,0.8117,0.7572,0.5169,0.2275,2277920.6,541566.27,11,0.8195,0.8606
CASH-01123,1,LALA,elevated_risk,5,425,0.594,0.2782,0.1093,0.3261,0.7971,0.1818,0.3885,0.2179,3342716.24,1957398.65,4,0.6863,0.7
CASH-01124,2,KAPATAGAN,moderate_stress,2,309,0.7236,0.2129,0.0635,0.2412,0.7904,0.1463,0.6421,0.3375,1604695.76,996694.53,12,0.6859,0.7839
CASH-01125,2,KAPATAGAN,moderate_stress,3,431,0.7125,0.1821,0.0905,0.2667,0.8427,0.5503,0.5799,0.45,3275977.31,1298203.73,7,0.7543,0.8107
CASH-01126,2,KAPATAGAN,distressed,2,330,0.5037,0.3,0.1964,0.3437,0.6045,0.8769,0.3379,0.3928,2442952.73,1379582.31,7,0.55,0.7
CASH-01127,1,LALA,moderate_stress,3,284,0.7291,0.1758,0.0517,0.2495,0.7735,0.7491,0.6773,0.3534,1444900.34,254126.19,12,0.6941,0.8025
CASH-01128,3,TUBOD,prime_healthy,4,310,0.7802,0.1094,0.1104,0.1338,0.9487,0.5862,0.7057,0.2148,1536507.36,271021.56,5,0.8501,0.7782
CASH-01129,3,TUBOD,prime_healthy,4,364,0.8812,0.094,0.0249,0.1996,0.8143,0.503,0.821,0.2766,1930305.88,371751.29,8,0.8133,0.9269
CASH-01130,2,KAPATAGAN,prime_healthy,2,403,0.7921,0.096,0.0318,0.1665,0.8938,0.1307,0.7491,0.4054,3288234.49,544221.25,2,0.8204,0.9048
CASH-01131,2,KAPATAGAN,moderate_stress,1,409,0.7325,0.1638,0.1036,0.2663,0.749,0.2136,0.5952,0.1535,1044638.72,343581.77,4,0.6756,0.7517
CASH-01132,3,TUBOD,distressed,7,395,0.5308,0.3022,0.167,0.3581,0.679,0.5924,0.2769,0.2947,1584745.26,886122.57,5,0.5709,0.7
CASH-01133,2,KAPATAGAN,prime_healthy,10,355,0.804,0.0956,0.0297,0.2691,0.982,0.1849,0.7779,0.091,948425.61,127860.75,11,0.8665,0.9133
CASH-01134,2,KAPATAGAN,distressed,3,357,0.4731,0.2437,0.2022,0.4025,0.5171,0.5777,0.282,0.1602,2846269.67,918863.33,5,0.55,0.7
CASH-01135,3,TUBOD,prime_healthy,2,387,0.8464,0.0753,0.0725,0.0843,0.9498,0.1873,0.6642,0.328,1744152.91,299859.35,9,0.7924,0.8556
CASH-01136,1,LALA,elevated_risk,12,487,0.6463,0.2006,0.1531,0.2535,0.7015,0.8573,0.3607,0.1941,3565491.82,1723712.75,10,0.7117,0.7
CASH-01137,2,KAPATAGAN,moderate_stress,2,220,0.7152,0.1998,0.085,0.3213,0.6951,0.6516,0.5485,0.2147,1435788.57,336650.39,8,0.6369,0.7636
CASH-01138,3,TUBOD,prime_healthy,8,271,0.8196,0.0393,0.0149,0.1968,0.8875,0.5978,0.7416,0.3201,827992.54,36220.24,6,0.7907,0.9426
CASH-01139,1,LALA,moderate_stress,4,416,0.7166,0.148,0.0596,0.2537,0.7194,0.2191,0.6986,0.3117,2233610.3,740706.62,12,0.6918,0.8467
CASH-01140,2,KAPATAGAN,elevated_risk,5,325,0.6224,0.2506,0.1269,0.2604,0.6623,0.132,0.5573,0.2183,1559038.26,872240.16,11,0.6441,0.7019
CASH-01141,2,KAPATAGAN,elevated_risk,4,434,0.5899,0.1715,0.1375,0.3137,0.7731,0.353,0.4267,0.1222,3297054.6,647185.33,6,0.674,0.7
CASH-01142,3,TUBOD,prime_healthy,10,321,0.9404,0.0596,0.0,0.05,1.0,0.7499,0.6767,0.1729,1699979.86,323881.27,10,0.8493,0.95
CASH-01143,3,TUBOD,moderate_stress,10,369,0.75,0.2093,0.0406,0.2172,0.9574,0.1261,0.4743,0.4165,2428993.09,1061516.75,6,0.8332,0.796
CASH-01144,1,LALA,distressed,5,313,0.5455,0.2888,0.1657,0.333,0.6263,0.551,0.1341,0.2379,2529741.11,1386613.36,14,0.55,0.7
CASH-01145,1,LALA,moderate_stress,6,431,0.7443,0.1853,0.0705,0.2662,0.9302,0.7025,0.5026,0.1154,1823156.94,1080338.05,11,0.7946,0.7898
CASH-01146,2,KAPATAGAN,distressed,5,448,0.5391,0.2883,0.1726,0.4222,0.4845,0.2115,0.1564,0.0403,1419254.84,901596.37,8,0.55,0.7
CASH-01147,3,TUBOD,moderate_stress,11,307,0.6343,0.1331,0.058,0.2373,0.803,0.7333,0.5121,0.1685,1638560.49,501143.99,7,0.8153,0.8591
CASH-01148,2,KAPATAGAN,elevated_risk,12,279,0.5607,0.2645,0.099,0.3363,0.7382,0.3742,0.3946,0.1859,1321130.95,1096415.11,7,0.7048,0.7161
CASH-01149,3,TUBOD,prime_healthy,1,344,0.7515,0.0457,0.0654,0.121,0.8793,0.4289,0.6406,0.0224,2277938.86,330289.69,5,0.7648,0.8607
CASH-01150,3,TUBOD,prime_healthy,2,301,0.8474,0.1364,0.0162,0.2957,0.9345,0.9134,0.7068,0.3517,2352226.2,678282.38,6,0.769,0.8554
CASH-01151,2,KAPATAGAN,elevated_risk,4,435,0.6221,0.2192,0.1306,0.2617,0.718,0.5166,0.5046,0.1276,1676102.48,392648.31,7,0.6234,0.7124
CASH-01152,2,KAPATAGAN,prime_healthy,2,339,0.8889,0.0294,0.0121,0.2147,0.7907,0.1625,0.5698,0.2715,1935314.6,149645.65,9,0.7413,0.894
CASH-01153,3,TUBOD,moderate_stress,12,228,0.6691,0.1788,0.0445,0.1696,0.8793,0.4193,0.4021,0.4192,1337776.09,536862.95,10,0.7902,0.8413
CASH-01154,3,TUBOD,moderate_stress,9,296,0.6386,0.1547,0.0712,0.2476,0.7802,0.6067,0.5526,0.0202,2072877.19,485701.41,9,0.7089,0.8076
CASH-01155,1,LALA,moderate_stress,2,584,0.7428,0.1155,0.046,0.2658,0.8254,0.5446,0.6424,0.2447,3509660.07,850355.66,5,0.687,0.8544
CASH-01156,1,LALA,moderate_stress,3,433,0.7052,0.1865,0.0803,0.3112,0.9563,0.7403,0.5344,0.2375,1865623.55,731157.04,13,0.8206,0.7921
CASH-01157,1,LALA,distressed,12,365,0.4919,0.3618,0.1463,0.4099,0.6047,0.2598,0.2056,0.2325,2277787.11,2350518.14,15,0.5896,0.7
CASH-01158,2,KAPATAGAN,moderate_stress,4,378,0.754,0.1217,0.1243,0.2622,0.9372,0.8452,0.5507,0.3054,996255.71,361699.75,8,0.8273,0.7753
CASH-01159,1,LALA,elevated_risk,1,312,0.5909,0.1841,0.0603,0.306,0.6543,0.2552,0.6043,0.23,1307736.69,716299.38,13,0.55,0.8431
CASH-01160,1,LALA,prime_healthy,10,441,0.8054,0.0609,0.0,0.2233,0.9402,0.2704,0.8131,0.1165,3083528.51,200039.61,10,0.8773,0.9295
CASH-01161,3,TUBOD,prime_healthy,7,258,0.7848,0.0708,0.0516,0.1806,0.871,0.9178,0.6394,0.4285,907457.95,67186.04,7,0.7792,0.8866
CASH-01162,1,LALA,prime_healthy,10,363,0.8343,0.0429,0.1189,0.1235,0.8902,0.7176,0.8073,0.1519,1093978.73,59051.62,8,0.782,0.8015
CASH-01163,3,TUBOD,distressed,3,276,0.4963,0.3348,0.1689,0.443,0.486,0.2898,0.1607,0.0971,1894213.46,1053950.27,6,0.55,0.7
CASH-01164,2,KAPATAGAN,moderate_stress,3,456,0.6918,0.2426,0.0656,0.3002,0.7936,0.4592,0.5429,0.2117,1467025.02,563548.81,6,0.7542,0.7758
CASH-01165,1,LALA,moderate_stress,11,517,0.6837,0.1172,0.1077,0.2171,0.6515,0.8545,0.4861,0.2466,3658739.37,1218552.99,13,0.6964,0.7621
CASH-01166,3,TUBOD,prime_healthy,4,215,0.8359,0.0895,0.0745,0.1642,0.9059,0.8687,0.7002,0.2636,1392208.08,310936.57,5,0.8103,0.8414
CASH-01167,3,TUBOD,prime_healthy,7,362,0.8839,0.0336,0.0825,0.2072,0.9137,0.6585,0.7009,0.096,2329049.46,83637.18,7,0.7735,0.8489
CASH-01168,1,LALA,elevated_risk,7,236,0.594,0.2305,0.1284,0.3022,0.5511,0.1577,0.4003,0.1533,914302.14,463042.94,5,0.5616,0.7252
CASH-01169,2,KAPATAGAN,elevated_risk,11,363,0.5892,0.2716,0.0671,0.2751,0.8265,0.6189,0.4305,0.2647,1994097.77,1704733.74,10,0.7204,0.7526
CASH-01170,2,KAPATAGAN,moderate_stress,6,297,0.6057,0.2627,0.0665,0.182,0.7989,0.7079,0.6309,0.2706,1233773.68,945781.93,8,0.6853,0.7709
CASH-01171,3,TUBOD,distressed,4,244,0.4997,0.2783,0.222,0.4403,0.5367,0.7385,0.1205,0.2357,688623.53,452262.78,6,0.55,0.7
CASH-01172,1,LALA,prime_healthy,6,530,0.8032,0.0948,0.0036,0.1039,1.0,0.2957,0.7644,0.0383,1823050.07,337985.1,7,0.8849,0.9294
CASH-01173,1,LALA,distressed,8,485,0.4949,0.3128,0.1923,0.4073,0.5365,0.84,0.3671,0.1241,3242492.39,2163809.16,6,0.55,0.7
CASH-01174,2,KAPATAGAN,moderate_stress,7,417,0.714,0.1505,0.0955,0.2244,0.7223,0.148,0.7805,0.1206,2686348.86,624450.38,9,0.6659,0.815
CASH-01175,2,KAPATAGAN,prime_healthy,4,249,0.8572,0.1428,0.0,0.1849,0.9694,0.8753,0.7758,0.2808,1243943.5,187783.9,8,0.8552,0.9105
CASH-01176,1,LALA,prime_healthy,11,374,0.9286,0.0714,0.0,0.2087,0.9135,0.7083,0.5894,0.3186,3013196.33,673248.73,16,0.8853,0.95
CASH-01177,3,TUBOD,elevated_risk,3,224,0.5493,0.3367,0.114,0.2177,0.6772,0.4438,0.4437,0.3233,1412789.56,771731.7,9,0.5982,0.7
CASH-01178,3,TUBOD,prime_healthy,7,378,0.8015,0.1051,0.0162,0.2375,0.9419,0.8788,0.7848,0.138,1864172.05,491796.47,8,0.8385,0.9117
CASH-01179,1,LALA,elevated_risk,5,382,0.4919,0.3323,0.0991,0.3569,0.7336,0.3268,0.526,0.0976,1191419.88,703240.38,6,0.6247,0.7
CASH-01180,3,TUBOD,prime_healthy,5,184,0.9254,0.0746,0.0,0.192,0.8141,0.5382,0.88,0.45,794048.1,188778.66,4,0.7443,0.95
CASH-01181,3,TUBOD,moderate_stress,8,275,0.7443,0.1896,0.0657,0.1799,0.816,0.6885,0.5564,0.293,1967813.34,680931.75,12,0.7029,0.7962
CASH-01182,1,LALA,elevated_risk,9,407,0.5644,0.2664,0.1598,0.4078,0.7209,0.3952,0.4475,0.0651,2366418.42,790744.81,10,0.6198,0.7
CASH-01183,1,LALA,elevated_risk,1,342,0.6001,0.2538,0.1041,0.3195,0.6779,0.1963,0.4814,0.1131,1831263.86,1306452.82,8,0.5767,0.7323
CASH-01184,1,LALA,moderate_stress,2,455,0.6521,0.2201,0.0855,0.239,0.9404,0.9016,0.5969,0.3184,2946642.01,2045571.89,8,0.7705,0.7335
CASH-01185,2,KAPATAGAN,moderate_stress,2,236,0.7373,0.1875,0.0752,0.1697,0.837,0.8386,0.4352,0.0968,901605.03,319066.87,7,0.7397,0.8001
CASH-01186,1,LALA,moderate_stress,9,378,0.6839,0.2484,0.0677,0.1803,0.8191,0.6959,0.6401,0.1383,2752922.74,1283282.2,11,0.7351,0.7745
CASH-01187,1,LALA,prime_healthy,9,326,0.8494,0.1348,0.0157,0.1378,1.0,0.7015,0.8333,0.1918,2647605.14,882500.31,9,0.8585,0.896
CASH-01188,1,LALA,elevated_risk,9,344,0.5697,0.2707,0.1199,0.3374,0.6729,0.8682,0.4517,0.1828,1474009.9,1043871.2,14,0.6135,0.7
CASH-01189,3,TUBOD,moderate_stress,10,157,0.6809,0.18,0.1391,0.2196,0.6046,0.748,0.5407,0.1661,1293830.8,341142.44,5,0.6583,0.7
CASH-01190,3,TUBOD,elevated_risk,7,391,0.5037,0.2493,0.1087,0.2857,0.8188,0.8058,0.4874,0.2125,1514792.54,1002475.6,2,0.6633,0.721
CASH-01191,1,LALA,elevated_risk,4,359,0.5464,0.3257,0.1257,0.2816,0.7158,0.8401,0.3145,0.2705,1737009.97,1110310.9,9,0.6354,0.7
CASH-01192,3,TUBOD,moderate_stress,12,343,0.6773,0.2583,0.0644,0.2482,0.7581,0.5242,0.433,0.45,868369.98,254407.23,11,0.7127,0.7418
CASH-01193,1,LALA,distressed,7,380,0.5101,0.2782,0.2117,0.4321,0.4956,0.6038,0.2642,0.3959,1473054.94,443100.15,12,0.55,0.7
CASH-01194,1,LALA,elevated_risk,11,369,0.5653,0.2339,0.1049,0.3517,0.7159,0.6755,0.4447,0.2638,1595733.93,580926.57,9,0.6502,0.7434
CASH-01195,1,LALA,distressed,12,452,0.4625,0.3592,0.1783,0.3841,0.6082,0.4325,0.3101,0.328,2030769.5,1986689.87,13,0.55,0.7
CASH-01196,1,LALA,prime_healthy,5,426,0.7917,0.0964,0.0468,0.1896,0.8953,0.6198,0.7976,0.2397,1071902.8,269082.7,17,0.7734,0.8907
CASH-01197,2,KAPATAGAN,moderate_stress,1,182,0.7355,0.1724,0.0921,0.2512,0.7333,0.417,0.5674,0.1175,963690.2,223033.56,8,0.6804,0.7893
CASH-01198,3,TUBOD,prime_healthy,1,345,0.7495,0.1552,0.0146,0.2053,0.8569,0.8498,0.7717,0.2481,1149207.93,294290.6,9,0.7477,0.8597
CASH-01199,2,KAPATAGAN,prime_healthy,10,216,0.7761,0.0874,0.0134,0.1258,1.0,0.5172,0.6687,0.45,1524281.83,378058.29,10,0.8627,0.9049
CASH-01200,1,LALA,moderate_stress,7,360,0.7392,0.1932,0.066,0.2469,0.7945,0.5975,0.4658,0.0754,1453992.77,688159.11,5,0.7104,0.7908
CASH-01201,1,LALA,distressed,6,335,0.5,0.304,0.0894,0.373,0.5006,0.2098,0.3215,0.4194,2802832.19,2328454.93,6,0.55,0.7
CASH-01202,1,LALA,moderate_stress,9,464,0.713,0.1935,0.0935,0.2224,0.9169,0.9196,0.6831,0.1081,1878546.0,610136.61,11,0.8002,0.7879
CASH-01203,3,TUBOD,moderate_stress,3,350,0.7465,0.1965,0.057,0.1836,0.7323,0.4367,0.6463,0.1172,1632895.6,479499.89,7,0.6571,0.8508
CASH-01204,1,LALA,prime_healthy,3,454,0.8248,0.095,0.0513,0.2124,0.9814,0.7151,0.6686,0.371,2665066.64,475477.54,11,0.8338,0.8376
CASH-01205,1,LALA,moderate_stress,5,517,0.7885,0.1495,0.062,0.2572,0.7241,0.8495,0.7807,0.45,3845126.11,1530072.16,10,0.7086,0.8002
CASH-01206,2,KAPATAGAN,elevated_risk,9,316,0.622,0.2628,0.1152,0.3212,0.5367,0.7766,0.5457,0.1203,2191418.4,1731216.87,8,0.55,0.751
CASH-01207,3,TUBOD,moderate_stress,1,397,0.6925,0.1206,0.0517,0.2549,0.7905,0.6486,0.5649,0.2157,2502442.58,824467.26,5,0.6593,0.8129
CASH-01208,3,TUBOD,prime_healthy,11,226,0.8629,0.0875,0.0,0.2306,1.0,0.8647,0.792,0.0976,1076706.52,216184.62,4,0.9449,0.9003
CASH-01209,3,TUBOD,prime_healthy,6,395,0.8345,0.0126,0.0875,0.112,0.8802,0.4328,0.7357,0.2731,2900132.28,45889.8,11,0.7585,0.8475
CASH-01210,1,LALA,prime_healthy,2,340,0.912,0.0763,0.0106,0.22,0.8038,0.4998,0.8144,0.45,2215722.36,225918.24,8,0.7653,0.9176
CASH-01211,1,LALA,elevated_risk,12,347,0.6414,0.2242,0.1295,0.2807,0.7298,0.404,0.4574,0.2014,1284234.35,772856.5,7,0.7114,0.7
CASH-01212,1,LALA,elevated_risk,4,510,0.6149,0.2624,0.0882,0.2865,0.6981,0.6284,0.376,0.4344,3507629.51,2332769.3,11,0.6139,0.7384
CASH-01213,2,KAPATAGAN,prime_healthy,4,233,0.7627,0.1044,0.0805,0.0651,0.8761,0.6784,0.6923,0.223,1658936.96,301500.95,8,0.7536,0.8168
CASH-01214,1,LALA,distressed,2,318,0.5133,0.3128,0.1501,0.4235,0.4602,0.4659,0.2134,0.1607,1348275.51,791944.96,2,0.55,0.7
CASH-01215,3,TUBOD,prime_healthy,12,327,0.8563,0.0878,0.0406,0.0986,0.8793,0.8551,0.6424,0.2546,921207.33,245108.8,11,0.8675,0.8658
CASH-01216,1,LALA,moderate_stress,9,335,0.6109,0.2872,0.1019,0.2944,0.8173,0.6381,0.4463,0.1583,891233.1,284493.2,8,0.6974,0.7
CASH-01217,3,TUBOD,moderate_stress,12,217,0.6567,0.1314,0.086,0.2261,0.9201,0.1647,0.468,0.1717,1421386.87,354421.75,8,0.8996,0.7847
CASH-01218,1,LALA,elevated_risk,9,518,0.5303,0.3219,0.1165,0.3172,0.7275,0.4109,0.4514,0.2734,1576433.12,1280182.74,11,0.5782,0.7
CASH-01219,1,LALA,elevated_risk,4,528,0.5148,0.1949,0.1144,0.3019,0.6415,0.6085,0.5666,0.2473,2234010.72,1149014.17,14,0.6199,0.7345
CASH-01220,3,TUBOD,distressed,6,351,0.5137,0.3033,0.1828,0.4113,0.5924,0.711,0.1523,0.3127,2101317.11,970667.5,0,0.55,0.7
CASH-01221,1,LALA,prime_healthy,2,443,0.8262,0.0991,0.0306,0.3007,1.0,0.3445,0.5805,0.0591,1949500.02,573495.67,5,0.9091,0.8817
CASH-01222,1,LALA,elevated_risk,1,470,0.5505,0.2924,0.0913,0.3951,0.6722,0.1178,0.5023,0.3657,3390785.61,2693400.3,7,0.5586,0.7432
CASH-01223,3,TUBOD,moderate_stress,12,279,0.7676,0.1388,0.0936,0.1808,0.8868,0.4696,0.6585,0.277,1920584.21,297801.24,8,0.8402,0.7858
CASH-01224,3,TUBOD,prime_healthy,3,328,0.7692,0.0593,0.0323,0.177,0.9473,0.2591,0.6192,0.2732,1892564.26,343702.52,7,0.8175,0.9051
CASH-01225,2,KAPATAGAN,moderate_stress,9,416,0.6742,0.1716,0.0554,0.2109,0.7932,0.6561,0.5587,0.2719,1778096.4,611111.01,10,0.7327,0.7863
CASH-01226,1,LALA,distressed,5,285,0.4279,0.361,0.1898,0.3357,0.4286,0.7699,0.4089,0.1647,2010954.68,1148026.16,10,0.55,0.7
CASH-01227,2,KAPATAGAN,elevated_risk,2,422,0.5971,0.2791,0.1238,0.3354,0.6939,0.4889,0.4983,0.45,2780369.31,1075359.9,8,0.6103,0.7
CASH-01228,1,LALA,moderate_stress,12,433,0.7142,0.1516,0.1342,0.3054,0.7612,0.2417,0.5235,0.3703,2076038.9,473702.71,12,0.7273,0.7131
CASH-01229,1,LALA,distressed,1,253,0.4049,0.3026,0.1732,0.4367,0.5016,0.8494,0.2791,0.1788,949714.06,699433.97,12,0.55,0.7
CASH-01230,1,LALA,elevated_risk,5,456,0.418,0.2611,0.1099,0.2548,0.5931,0.2677,0.407,0.2153,2629707.41,1058020.63,9,0.5665,0.7
CASH-01231,1,LALA,moderate_stress,5,325,0.712,0.177,0.0991,0.313,0.7131,0.7022,0.5534,0.065,1417576.27,678036.38,10,0.6665,0.7546
CASH-01232,2,KAPATAGAN,moderate_stress,3,338,0.7464,0.1812,0.0486,0.2502,0.8533,0.4234,0.7501,0.3548,1383914.7,308486.13,8,0.7611,0.7977
CASH-01233,1,LALA,moderate_stress,8,430,0.7122,0.1703,0.0428,0.3109,0.7477,0.471,0.6638,0.3054,1545016.87,455241.77,9,0.687,0.8505
CASH-01234,3,TUBOD,elevated_risk,10,392,0.6098,0.2322,0.1452,0.3318,0.6845,0.349,0.5171,0.2782,2149493.09,941556.26,2,0.5638,0.7
CASH-01235,3,TUBOD,moderate_stress,9,233,0.7,0.2305,0.0695,0.2494,0.6691,0.5075,0.635,0.1834,894336.8,654615.36,3,0.6192,0.7494
CASH-01236,3,TUBOD,distressed,9,391,0.4083,0.3019,0.1605,0.4267,0.4501,0.7244,0.2722,0.1028,2102786.43,1337510.58,5,0.55,0.7
CASH-01237,3,TUBOD,moderate_stress,2,282,0.7746,0.1821,0.0433,0.2879,0.8753,0.4894,0.5707,0.3075,2072425.49,924383.31,7,0.7063,0.8308
CASH-01238,3,TUBOD,prime_healthy,10,353,0.8483,0.1517,0.0,0.1911,0.8302,0.9173,0.9,0.1749,2994700.52,1435308.17,7,0.7748,0.939
CASH-01239,1,LALA,prime_healthy,9,337,0.7676,0.1007,0.0171,0.2029,0.9358,0.6517,0.7,0.0605,2121225.41,292115.44,14,0.8045,0.9143
CASH-01240,3,TUBOD,distressed,1,240,0.4538,0.2966,0.2084,0.4318,0.4471,0.8724,0.3478,0.1355,1524438.13,534339.11,8,0.55,0.7
CASH-01241,2,KAPATAGAN,elevated_risk,8,355,0.488,0.3178,0.1757,0.3251,0.6552,0.1031,0.3788,0.2045,1662762.63,692207.37,6,0.55,0.7
CASH-01242,2,KAPATAGAN,moderate_stress,11,362,0.6696,0.1805,0.0562,0.211,0.8177,0.5665,0.6032,0.2247,908018.91,270153.4,12,0.815,0.833
CASH-01243,1,LALA,moderate_stress,8,307,0.6847,0.1694,0.0949,0.2989,0.7865,0.1459,0.5427,0.1651,1127790.74,533899.08,8,0.6398,0.7468
CASH-01244,3,TUBOD,moderate_stress,9,280,0.708,0.2216,0.0529,0.298,0.7874,0.8755,0.6517,0.2324,937618.54,323482.4,5,0.7023,0.8343
CASH-01245,1,LALA,prime_healthy,8,350,0.8428,0.1105,0.0337,0.2158,0.9965,0.8015,0.795,0.3299,2418042.37,702533.81,9,0.8532,0.8493
CASH-01246,3,TUBOD,moderate_stress,11,179,0.6616,0.1592,0.0549,0.3084,0.7969,0.8294,0.7501,0.1675,808438.85,214934.52,8,0.7972,0.8421
CASH-01247,2,KAPATAGAN,elevated_risk,12,337,0.5446,0.1892,0.0998,0.2826,0.6449,0.3239,0.4746,0.3277,1473888.44,601229.35,14,0.6914,0.7471
CASH-01248,1,LALA,elevated_risk,12,291,0.6517,0.224,0.0844,0.2394,0.8043,0.7597,0.4389,0.1846,1782105.67,446557.23,7,0.746,0.7596
CASH-01249,3,TUBOD,prime_healthy,3,299,0.8195,0.1095,0.0348,0.2357,0.8611,0.5612,0.816,0.2578,2303811.61,534359.98,5,0.8334,0.8665
CASH-01250,1,LALA,elevated_risk,6,514,0.6425,0.2781,0.0676,0.3198,0.7311,0.4271,0.4746,0.0362,3838972.06,3060172.11,8,0.6047,0.7264
CASH-01251,3,TUBOD,moderate_stress,7,457,0.7874,0.1437,0.0689,0.2362,0.8564,0.4618,0.5473,0.2171,3759721.03,603105.81,12,0.7402,0.7871
CASH-01252,2,KAPATAGAN,prime_healthy,5,441,0.7893,0.1724,0.0243,0.1905,0.969,0.763,0.6375,0.1333,2634153.55,866518.56,12,0.8056,0.8547
CASH-01253,3,TUBOD,elevated_risk,7,359,0.5859,0.2993,0.0935,0.2668,0.7274,0.8528,0.5568,0.1417,1268973.69,872203.15,9,0.5944,0.7303
CASH-01254,3,TUBOD,moderate_stress,6,328,0.7235,0.2327,0.0437,0.2598,0.8231,0.3972,0.5516,0.2839,1350817.89,735455.27,7,0.6525,0.7973
CASH-01255,2,KAPATAGAN,prime_healthy,1,181,0.7979,0.1767,0.0255,0.1754,0.936,0.5052,0.7585,0.3558,1296987.91,462855.63,5,0.7778,0.88
CASH-01256,2,KAPATAGAN,moderate_stress,6,397,0.6058,0.1781,0.0701,0.2622,0.8338,0.4266,0.6721,0.3024,1298496.55,273737.75,8,0.6857,0.8071
CASH-01257,1,LALA,prime_healthy,12,523,0.8881,0.0607,0.0512,0.1289,0.9454,0.6697,0.7759,0.221,3703702.24,709710.64,9,0.9406,0.8632
CASH-01258,2,KAPATAGAN,moderate_stress,3,499,0.7229,0.1795,0.0976,0.2281,0.786,0.9099,0.5026,0.0514,4218718.72,1962603.15,5,0.7533,0.7911
CASH-01259,1,LALA,prime_healthy,6,507,0.7946,0.1402,0.0651,0.1885,0.8736,0.4269,0.625,0.1338,3947696.97,1560346.88,8,0.7262,0.8309
CASH-01260,3,TUBOD,distressed,10,200,0.3981,0.3604,0.151,0.4927,0.4469,0.6307,0.2593,0.3969,605507.25,581986.39,4,0.55,0.7
CASH-01261,1,LALA,elevated_risk,8,386,0.564,0.2729,0.0908,0.327,0.6732,0.8152,0.4008,0.1977,2094286.51,1532861.09,9,0.5829,0.7231
CASH-01262,1,LALA,prime_healthy,11,453,0.849,0.0842,0.0668,0.2973,0.9242,0.526,0.7861,0.4423,2765914.12,652085.6,9,0.8424,0.8453
CASH-01263,3,TUBOD,elevated_risk,10,369,0.6041,0.3114,0.0845,0.3196,0.6324,0.2167,0.4736,0.1526,1630584.71,865020.16,5,0.5915,0.7365
CASH-01264,2,KAPATAGAN,moderate_stress,5,490,0.7066,0.1553,0.0854,0.2024,0.7894,0.1037,0.6883,0.1629,1253612.3,462740.9,11,0.7339,0.7712
CASH-01265,1,LALA,moderate_stress,6,320,0.7373,0.2007,0.0,0.2203,0.8624,0.8279,0.6452,0.1765,1571749.22,885406.27,8,0.7239,0.8634
CASH-01266,3,TUBOD,prime_healthy,2,320,0.7955,0.0686,0.0533,0.225,0.8163,0.6384,0.6562,0.2315,1954686.24,231071.1,7,0.7833,0.8598
CASH-01267,2,KAPATAGAN,prime_healthy,10,269,0.8132,0.0672,0.0165,0.1237,1.0,0.4304,0.8836,0.2214,1469208.74,147075.38,8,0.8971,0.9226
CASH-01268,2,KAPATAGAN,moderate_stress,8,246,0.7545,0.1675,0.0779,0.1853,0.7812,0.695,0.4855,0.0725,973166.45,310332.84,8,0.6901,0.8103
CASH-01269,1,LALA,moderate_stress,12,481,0.7378,0.181,0.0812,0.2904,0.6704,0.2732,0.5523,0.1873,2236109.49,881100.91,10,0.7299,0.7999
CASH-01270,2,KAPATAGAN,prime_healthy,5,363,0.7423,0.1784,0.0743,0.1895,1.0,0.7652,0.6134,0.0682,2445521.69,1272282.72,3,0.802,0.8065
CASH-01271,1,LALA,elevated_risk,12,516,0.5782,0.2681,0.1082,0.3796,0.6179,0.4025,0.4471,0.2505,2855244.56,1602608.57,10,0.6414,0.7377
CASH-01272,2,KAPATAGAN,prime_healthy,2,331,0.9102,0.0898,0.0,0.143,0.9664,0.6471,0.6855,0.2207,2590585.12,541855.03,5,0.8844,0.8921
CASH-01273,2,KAPATAGAN,elevated_risk,10,386,0.5814,0.2434,0.1508,0.3404,0.614,0.536,0.5539,0.2714,2072832.65,1371690.64,7,0.6154,0.7
CASH-01274,3,TUBOD,prime_healthy,8,132,0.8583,0.0851,0.0077,0.3077,0.9182,0.1451,0.7986,0.3831,460010.56,99399.06,2,0.7494,0.9333
CASH-01275,2,KAPATAGAN,elevated_risk,10,337,0.5996,0.2809,0.1195,0.4193,0.7449,0.3199,0.4694,0.1241,2071313.59,1311761.41,8,0.6055,0.7
CASH-01276,3,TUBOD,prime_healthy,3,251,0.8401,0.132,0.0279,0.0683,0.8804,0.5766,0.6325,0.1822,747748.7,256583.3,5,0.7918,0.8466
CASH-01277,2,KAPATAGAN,prime_healthy,6,340,0.806,0.1738,0.0203,0.1738,0.9289,0.2943,0.7253,0.3433,2220467.71,874997.38,9,0.7506,0.8817
CASH-01278,3,TUBOD,distressed,6,325,0.5029,0.2919,0.2051,0.4029,0.4502,0.6738,0.2913,0.1704,2293612.49,1543986.22,9,0.55,0.7
CASH-01279,2,KAPATAGAN,moderate_stress,1,187,0.7797,0.1228,0.0975,0.1763,0.7548,0.2837,0.6459,0.2465,711962.33,163280.75,7,0.6464,0.7587
CASH-01280,1,LALA,moderate_stress,12,320,0.7345,0.1586,0.1069,0.2313,0.833,0.4921,0.4832,0.2334,2452084.84,978237.91,12,0.8161,0.7619
CASH-01281,3,TUBOD,prime_healthy,8,319,0.8317,0.0769,0.0314,0.1803,0.8722,0.6798,0.7419,0.45,1682254.12,257268.67,9,0.7705,0.882
CASH-01282,2,KAPATAGAN,moderate_stress,12,473,0.7881,0.1683,0.0382,0.2201,0.8019,0.2655,0.6549,0.0958,3880740.36,1063171.49,10,0.819,0.8719
CASH-01283,1,LALA,prime_healthy,4,371,0.8151,0.062,0.0743,0.1583,0.9733,0.8305,0.6409,0.3315,1741330.74,317931.8,8,0.8842,0.8368
CASH-01284,2,KAPATAGAN,moderate_stress,8,265,0.7292,0.1859,0.0849,0.2661,0.768,0.6831,0.5859,0.3602,2003150.33,873001.69,7,0.6442,0.7834
CASH-01285,1,LALA,elevated_risk,3,608,0.4628,0.2224,0.0962,0.3044,0.6344,0.1428,0.4543,0.1603,2569619.21,895690.89,8,0.6195,0.7658
CASH-01286,2,KAPATAGAN,distressed,10,251,0.4959,0.3082,0.1521,0.3258,0.4388,0.9186,0.2854,0.3929,1312061.48,914710.89,12,0.55,0.7
CASH-01287,3,TUBOD,moderate_stress,9,236,0.7761,0.1628,0.0611,0.1812,0.6555,0.4876,0.5386,0.1012,1529802.13,675903.54,12,0.6517,0.811
CASH-01288,1,LALA,distressed,7,205,0.4365,0.3063,0.1356,0.3897,0.5864,0.6046,0.1546,0.3731,1026732.29,482785.26,9,0.55,0.7
CASH-01289,3,TUBOD,elevated_risk,11,333,0.5918,0.209,0.0998,0.2963,0.6568,0.4669,0.4584,0.1779,2457164.17,830061.22,4,0.6531,0.746
CASH-01290,2,KAPATAGAN,moderate_stress,6,331,0.7352,0.1151,0.0848,0.1754,0.7242,0.814,0.5522,0.2377,1979283.77,346223.59,6,0.6766,0.7962
CASH-01291,3,TUBOD,prime_healthy,6,299,0.7771,0.0812,0.0629,0.1074,1.0,0.5069,0.7965,0.3589,1914039.51,374052.97,10,0.8382,0.8388
CASH-01292,2,KAPATAGAN,distressed,1,418,0.5055,0.3245,0.17,0.3626,0.5761,0.5964,0.3237,0.3372,1163624.89,566439.24,5,0.55,0.7
CASH-01293,2,KAPATAGAN,distressed,8,439,0.3726,0.284,0.1663,0.413,0.5401,0.7696,0.3051,0.45,1924072.6,1069650.55,12,0.55,0.7
CASH-01294,2,KAPATAGAN,moderate_stress,2,223,0.7487,0.1771,0.0742,0.1992,0.7487,0.539,0.5332,0.1901,632674.66,353795.03,12,0.6914,0.7921
CASH-01295,3,TUBOD,elevated_risk,12,384,0.6195,0.3053,0.0737,0.344,0.7292,0.2224,0.2843,0.1266,2351367.65,1567973.3,5,0.6957,0.7089
CASH-01296,2,KAPATAGAN,prime_healthy,2,353,0.8206,0.0936,0.0487,0.2196,0.8228,0.4949,0.5841,0.0621,1401731.95,279928.36,6,0.705,0.866
CASH-01297,2,KAPATAGAN,moderate_stress,10,373,0.6872,0.2469,0.0603,0.2523,0.8379,0.3305,0.5607,0.1035,1313268.8,863282.37,5,0.7464,0.7926
CASH-01298,3,TUBOD,distressed,10,276,0.4795,0.3425,0.178,0.365,0.6522,0.6139,0.2871,0.3047,1407798.31,1216518.94,6,0.5895,0.7
CASH-01299,1,LALA,moderate_stress,9,246,0.7845,0.1361,0.0727,0.2406,0.8338,0.6706,0.4968,0.2076,1308611.94,357642.21,7,0.707,0.82
CASH-01300,3,TUBOD,moderate_stress,2,121,0.5669,0.2066,0.0557,0.2648,0.7576,0.2724,0.4873,0.1368,860444.3,544628.68,8,0.6935,0.8019
CASH-01301,2,KAPATAGAN,moderate_stress,7,241,0.7102,0.1335,0.0143,0.2969,0.8884,0.3135,0.332,0.23,1442994.85,391794.97,11,0.7327,0.8689
CASH-01302,2,KAPATAGAN,distressed,2,482,0.5125,0.3395,0.148,0.4146,0.6055,0.7977,0.2766,0.4065,3409564.83,1935407.97,10,0.55,0.7
CASH-01303,1,LALA,prime_healthy,4,464,0.8106,0.1675,0.0219,0.1604,1.0,0.8656,0.6419,0.1223,3063741.42,1381258.43,13,0.8955,0.8919
CASH-01304,2,KAPATAGAN,moderate_stress,7,243,0.6201,0.1948,0.0302,0.1981,0.7889,0.4393,0.5682,0.4153,1846259.16,647985.46,6,0.6675,0.8161
CASH-01305,1,LALA,moderate_stress,9,399,0.6687,0.2117,0.0,0.3142,0.8214,0.5374,0.5572,0.3193,2748109.1,1122024.4,5,0.7436,0.8415
CASH-01306,3,TUBOD,moderate_stress,1,323,0.6838,0.1653,0.0833,0.276,0.7464,0.6101,0.5309,0.2807,1573305.0,362910.92,7,0.6194,0.7841
CASH-01307,3,TUBOD,elevated_risk,2,364,0.6211,0.2677,0.0451,0.2878,0.7424,0.2874,0.502,0.1423,1517494.79,1058390.71,7,0.6764,0.8037
CASH-01308,3,TUBOD,elevated_risk,3,212,0.5511,0.2263,0.0814,0.3526,0.709,0.7617,0.5926,0.268,1657962.1,568215.57,8,0.6306,0.7789
CASH-01309,1,LALA,prime_healthy,8,297,0.7449,0.1218,0.0572,0.0993,1.0,0.4225,0.7548,0.4194,1126566.15,397147.81,7,0.7629,0.8124
CASH-01310,3,TUBOD,moderate_stress,5,364,0.7865,0.1463,0.0672,0.2472,0.7032,0.8344,0.6111,0.1533,1217893.37,383761.22,7,0.6734,0.818
CASH-01311,1,LALA,prime_healthy,7,392,0.796,0.054,0.0,0.2117,0.9351,0.1214,0.656,0.1422,2212101.53,172058.03,14,0.8327,0.9474
CASH-01312,3,TUBOD,prime_healthy,9,349,0.8345,0.051,0.0147,0.2288,0.8513,0.3154,0.8371,0.1113,2867322.18,169746.21,8,0.8361,0.901
CASH-01313,3,TUBOD,moderate_stress,1,410,0.6896,0.2015,0.1089,0.2336,0.7818,0.263,0.5104,0.2703,2621816.23,1116867.34,5,0.668,0.7386
CASH-01314,2,KAPATAGAN,elevated_risk,11,356,0.57,0.3001,0.1298,0.3926,0.8359,0.5696,0.5358,0.1981,2212686.36,1031420.94,6,0.6813,0.7
CASH-01315,3,TUBOD,prime_healthy,5,413,0.8156,0.1308,0.0536,0.1969,0.9638,0.1516,0.7809,0.1248,1512213.01,375634.06,6,0.8574,0.8552
CASH-01316,2,KAPATAGAN,distressed,4,507,0.4428,0.3112,0.199,0.342,0.5446,0.3411,0.3939,0.0931,4117564.35,3239410.57,3,0.55,0.7
CASH-01317,2,KAPATAGAN,prime_healthy,10,241,0.758,0.0628,0.0,0.0659,0.899,0.6923,0.8035,0.3269,772081.13,127674.76,9,0.819,0.9471
CASH-01318,1,LALA,moderate_stress,6,370,0.6649,0.1996,0.0595,0.1474,0.8677,0.8005,0.642,0.4143,2836449.74,903266.53,10,0.7605,0.7961
CASH-01319,1,LALA,prime_healthy,11,426,0.8818,0.0815,0.0367,0.089,0.8831,0.3885,0.7033,0.175,1548384.92,310758.15,12,0.8461,0.8388
CASH-01320,2,KAPATAGAN,prime_healthy,6,541,0.8195,0.1629,0.0176,0.2032,0.984,0.1413,0.6105,0.3034,1551842.33,550472.2,7,0.7829,0.8951
CASH-01321,2,KAPATAGAN,prime_healthy,8,251,0.7667,0.073,0.0255,0.1501,0.8375,0.1083,0.8617,0.2768,1618000.66,325877.77,4,0.7327,0.9031
CASH-01322,1,LALA,prime_healthy,9,370,0.8092,0.0989,0.0473,0.2081,1.0,0.5766,0.5908,0.0418,3070536.75,893073.73,4,0.8695,0.8672
CASH-01323,3,TUBOD,moderate_stress,3,278,0.7794,0.1779,0.0427,0.2961,0.9329,0.5407,0.5653,0.2615,1235305.45,417708.94,7,0.786,0.8361
CASH-01324,1,LALA,moderate_stress,8,470,0.6195,0.1683,0.11,0.2943,0.8481,0.7056,0.465,0.3103,2152878.99,1122847.78,7,0.6786,0.7582
CASH-01325,2,KAPATAGAN,distressed,4,179,0.4032,0.2744,0.1803,0.4911,0.5247,0.1854,0.21,0.45,1289397.57,519755.87,5,0.55,0.7
CASH-01326,2,KAPATAGAN,elevated_risk,12,345,0.6392,0.2541,0.1067,0.2853,0.6803,0.6833,0.3879,0.1907,2094794.31,1035035.88,7,0.7223,0.7477
CASH-01327,1,LALA,elevated_risk,3,463,0.6328,0.2472,0.12,0.3078,0.7323,0.2221,0.4232,0.2237,2060866.07,580629.27,10,0.6556,0.7
CASH-01328,2,KAPATAGAN,prime_healthy,5,454,0.8554,0.086,0.0362,0.2293,0.9688,0.1951,0.8248,0.1656,2196683.21,223001.59,9,0.874,0.8885
CASH-01329,1,LALA,prime_healthy,12,582,0.8472,0.1316,0.0212,0.1112,0.9607,0.7664,0.6768,0.3575,2828511.14,919968.32,12,0.9502,0.8833
CASH-01330,3,TUBOD,elevated_risk,12,334,0.6287,0.2098,0.1614,0.3092,0.6949,0.7055,0.3513,0.45,1664926.0,808130.89,5,0.6975,0.7
CASH-01331,1,LALA,distressed,10,544,0.5032,0.2628,0.1488,0.4117,0.5645,0.7076,0.2669,0.183,2459457.02,1202691.93,14,0.55,0.7
CASH-01332,1,LALA,elevated_risk,5,454,0.5767,0.3026,0.1207,0.3287,0.7342,0.4692,0.4304,0.1211,3030311.37,1132235.85,8,0.5892,0.7
CASH-01333,1,LALA,elevated_risk,10,502,0.6105,0.2649,0.1201,0.2821,0.6537,0.7978,0.2203,0.0985,2310763.19,1025940.63,13,0.55,0.7
CASH-01334,1,LALA,moderate_stress,12,551,0.702,0.2084,0.0896,0.2749,0.8283,0.209,0.5508,0.4339,3400812.76,1825681.58,8,0.7693,0.7933
CASH-01335,3,TUBOD,elevated_risk,10,235,0.5994,0.2441,0.1098,0.2827,0.6489,0.5468,0.5258,0.3015,1271853.31,922899.72,7,0.6311,0.7316
CASH-01336,1,LALA,moderate_stress,5,513,0.6739,0.202,0.0387,0.2637,0.8703,0.2598,0.7271,0.1001,2859998.59,1599805.19,8,0.8303,0.8771
CASH-01337,1,LALA,elevated_risk,8,406,0.6101,0.2677,0.1222,0.3635,0.7965,0.4298,0.6229,0.3468,2045482.6,631387.07,9,0.6152,0.7
CASH-01338,2,KAPATAGAN,moderate_stress,5,366,0.6522,0.1658,0.1025,0.1583,0.7844,0.8549,0.6445,0.4149,1405978.66,352037.95,3,0.6997,0.7638
CASH-01339,2,KAPATAGAN,distressed,11,241,0.5687,0.2877,0.1436,0.298,0.6281,0.2462,0.3587,0.1146,1370438.73,933593.53,9,0.6186,0.7
CASH-01340,1,LALA,moderate_stress,11,542,0.7509,0.1095,0.1396,0.2031,0.8254,0.6012,0.5189,0.4325,4041866.61,448529.0,10,0.7488,0.7376
CASH-01341,3,TUBOD,moderate_stress,7,199,0.7021,0.1835,0.1145,0.1322,0.8438,0.8111,0.6981,0.45,1146216.94,228495.07,1,0.6558,0.7481
CASH-01342,3,TUBOD,moderate_stress,4,313,0.7575,0.1724,0.0701,0.1807,0.9078,0.2968,0.6554,0.1552,934185.83,474184.3,5,0.7785,0.7754
CASH-01343,2,KAPATAGAN,prime_healthy,9,385,0.8568,0.0554,0.0688,0.218,0.8951,0.5571,0.6778,0.0601,2103171.19,145477.45,7,0.8066,0.8354
CASH-01344,1,LALA,elevated_risk,9,377,0.6083,0.2941,0.0172,0.2974,0.6201,0.486,0.4257,0.091,1952342.2,931516.45,6,0.5943,0.7639
CASH-01345,2,KAPATAGAN,prime_healthy,12,376,0.812,0.1156,0.0724,0.074,1.0,0.6091,0.7256,0.2199,1181166.69,250948.18,6,0.8948,0.8255
CASH-01346,1,LALA,elevated_risk,9,380,0.6062,0.2101,0.0705,0.3393,0.6524,0.3265,0.4402,0.1054,2717349.73,821673.92,14,0.6669,0.7507
CASH-01347,1,LALA,moderate_stress,12,460,0.7248,0.1657,0.1095,0.2698,0.7107,0.8937,0.6992,0.1048,1405679.96,644081.61,8,0.6992,0.7607
CASH-01348,2,KAPATAGAN,elevated_risk,9,352,0.6397,0.2532,0.0981,0.2656,0.6708,0.6248,0.4228,0.3321,1139026.96,473538.19,4,0.6274,0.7339
CASH-01349,3,TUBOD,prime_healthy,5,231,0.7946,0.1538,0.0003,0.1611,0.9826,0.4447,0.6994,0.2757,1881828.7,661271.4,13,0.8624,0.9074
CASH-01350,3,TUBOD,prime_healthy,10,204,0.8215,0.1416,0.037,0.2208,0.9279,0.4247,0.7429,0.3088,1397271.05,295822.65,9,0.8379,0.8713
CASH-01351,3,TUBOD,moderate_stress,5,178,0.7409,0.1492,0.11,0.2634,0.8309,0.4382,0.5142,0.0967,882524.14,357168.39,7,0.7477,0.7391
CASH-01352,2,KAPATAGAN,distressed,4,338,0.3644,0.3142,0.1484,0.4548,0.658,0.2519,0.304,0.45,1900627.84,631559.86,10,0.5526,0.7
CASH-01353,2,KAPATAGAN,moderate_stress,8,307,0.6983,0.2088,0.0755,0.2832,0.7209,0.4765,0.5868,0.3306,1058219.65,555558.19,7,0.6708,0.784
CASH-01354,2,KAPATAGAN,distressed,10,228,0.4796,0.3052,0.187,0.3419,0.6059,0.9021,0.2385,0.1345,1800962.48,1110351.51,2,0.5625,0.7
CASH-01355,2,KAPATAGAN,elevated_risk,6,370,0.5889,0.2289,0.0831,0.2504,0.6875,0.3068,0.4055,0.1522,1569660.23,569337.37,8,0.6006,0.7415
CASH-01356,1,LALA,distressed,7,321,0.4806,0.3055,0.1408,0.4669,0.505,0.5015,0.2512,0.1786,1742069.48,907176.01,6,0.55,0.7
CASH-01357,2,KAPATAGAN,moderate_stress,10,274,0.7405,0.1735,0.086,0.2339,0.8482,0.4065,0.6286,0.0566,2036923.36,886486.6,5,0.7876,0.801
CASH-01358,1,LALA,prime_healthy,8,299,0.8017,0.1231,0.0,0.2125,0.856,0.7492,0.7423,0.2025,2112499.6,627734.63,7,0.7915,0.9109
CASH-01359,3,TUBOD,distressed,10,238,0.4636,0.3181,0.1842,0.3536,0.4586,0.2306,0.1912,0.1962,1795773.88,886680.99,5,0.55,0.7
CASH-01360,2,KAPATAGAN,moderate_stress,3,343,0.605,0.17,0.0575,0.2079,0.8976,0.7012,0.6239,0.2738,2349791.12,627328.33,9,0.751,0.8171
CASH-01361,3,TUBOD,moderate_stress,4,265,0.7749,0.1944,0.0307,0.2783,0.8498,0.1238,0.6715,0.3187,1684756.15,602059.09,7,0.8031,0.8007
CASH-01362,2,KAPATAGAN,prime_healthy,5,344,0.8547,0.0984,0.0206,0.1261,0.9483,0.6465,0.6399,0.1121,2668912.37,579453.85,5,0.8382,0.8766
CASH-01363,2,KAPATAGAN,moderate_stress,2,317,0.7177,0.1518,0.0837,0.2153,0.9147,0.2811,0.4719,0.3524,2186656.95,716549.29,6,0.7113,0.8044
CASH-01364,3,TUBOD,moderate_stress,8,306,0.6442,0.2652,0.0723,0.1994,0.7877,0.6088,0.5682,0.1342,1906576.46,955253.14,3,0.7127,0.7557
CASH-01365,1,LALA,prime_healthy,11,497,0.8478,0.073,0.0453,0.115,0.9824,0.3401,0.8269,0.2166,2314462.03,324583.37,8,0.984,0.8557
CASH-01366,3,TUBOD,prime_healthy,9,308,0.859,0.078,0.0483,0.1417,0.9136,0.1375,0.7433,0.1435,1696849.45,403470.25,8,0.809,0.8724
CASH-01367,3,TUBOD,prime_healthy,8,296,0.8163,0.1441,0.0,0.1701,0.9512,0.1273,0.6868,0.1754,819209.95,337768.53,0,0.8896,0.8917
CASH-01368,2,KAPATAGAN,elevated_risk,6,394,0.5358,0.207,0.1507,0.3396,0.6098,0.4104,0.4105,0.3358,1858819.62,754111.2,12,0.55,0.7
CASH-01369,2,KAPATAGAN,distressed,6,354,0.501,0.2727,0.1675,0.3358,0.4871,0.545,0.294,0.2365,1661550.71,974725.44,4,0.55,0.7
CASH-01370,3,TUBOD,elevated_risk,1,397,0.6183,0.2475,0.1342,0.1987,0.7223,0.1958,0.5261,0.1554,1360180.65,740441.71,8,0.6088,0.7
CASH-01371,2,KAPATAGAN,prime_healthy,10,309,0.8786,0.0552,0.0,0.1686,0.7563,0.6683,0.9,0.1993,2047756.24,234928.1,9,0.7934,0.9281
CASH-01372,1,LALA,prime_healthy,6,396,0.8926,0.0803,0.0,0.2612,0.9003,0.8732,0.7643,0.1197,2817861.12,453384.47,4,0.7801,0.918
CASH-01373,2,KAPATAGAN,elevated_risk,4,303,0.6092,0.2363,0.1184,0.301,0.6516,0.2619,0.3536,0.1176,1297826.55,526387.8,4,0.5803,0.7046
CASH-01374,3,TUBOD,distressed,8,301,0.4278,0.3898,0.1709,0.4024,0.4275,0.6366,0.1805,0.45,2500763.3,2966567.54,7,0.55,0.7
CASH-01375,2,KAPATAGAN,prime_healthy,4,435,0.754,0.1036,0.0719,0.1339,0.9765,0.7896,0.6399,0.0994,3104431.06,917924.72,8,0.9033,0.8622
CASH-01376,1,LALA,prime_healthy,3,329,0.8016,0.1201,0.0098,0.0992,0.8178,0.324,0.6823,0.2024,890529.32,273224.32,5,0.7453,0.9149
CASH-01377,3,TUBOD,moderate_stress,5,301,0.7315,0.1991,0.0694,0.2028,0.8568,0.8941,0.5495,0.1074,1157979.51,680766.86,5,0.7852,0.771
CASH-01378,3,TUBOD,prime_healthy,3,312,0.7983,0.1335,0.0364,0.0966,0.8998,0.3021,0.7108,0.3716,980020.57,282829.29,6,0.7852,0.9286
CASH-01379,2,KAPATAGAN,distressed,4,271,0.465,0.3041,0.1961,0.3607,0.5134,0.2171,0.2731,0.2735,875167.72,532089.01,7,0.55,0.7
CASH-01380,2,KAPATAGAN,moderate_stress,9,342,0.6182,0.2725,0.0,0.2057,0.8669,0.1685,0.5336,0.45,1232220.98,817435.1,8,0.738,0.8323
CASH-01381,3,TUBOD,elevated_risk,1,295,0.6414,0.2655,0.0932,0.2945,0.6322,0.2079,0.3099,0.3648,2264017.02,1106116.14,8,0.5694,0.723
CASH-01382,3,TUBOD,prime_healthy,7,215,0.7938,0.0988,0.0,0.2304,0.9227,0.4813,0.7214,0.3466,1455197.37,446268.09,0,0.8174,0.927
CASH-01383,2,KAPATAGAN,elevated_risk,4,376,0.6128,0.2615,0.1256,0.2797,0.6985,0.8802,0.4038,0.3543,1752532.02,597241.47,4,0.5935,0.7
CASH-01384,3,TUBOD,elevated_risk,12,238,0.5008,0.3277,0.0955,0.2752,0.7722,0.484,0.243,0.4417,654982.35,462850.94,11,0.7249,0.711
CASH-01385,3,TUBOD,moderate_stress,1,267,0.6884,0.2286,0.0831,0.2459,0.8139,0.1288,0.6692,0.3708,1931090.35,854464.91,0,0.6915,0.7872
CASH-01386,3,TUBOD,prime_healthy,10,298,0.8448,0.0763,0.0063,0.2648,1.0,0.8872,0.7784,0.45,1754434.53,226954.83,9,0.9042,0.9026
CASH-01387,2,KAPATAGAN,prime_healthy,2,397,0.7147,0.135,0.0672,0.2342,1.0,0.3123,0.6397,0.3365,3366769.22,1146240.69,9,0.8023,0.8351
CASH-01388,3,TUBOD,prime_healthy,4,335,0.8576,0.0933,0.0328,0.1333,0.9729,0.4838,0.7615,0.2942,1861183.34,369346.72,5,0.847,0.868
CASH-01389,2,KAPATAGAN,prime_healthy,3,316,0.8826,0.0607,0.0568,0.1719,0.9203,0.6262,0.8038,0.1773,1124095.41,91860.51,9,0.8448,0.8978
CASH-01390,3,TUBOD,prime_healthy,11,196,0.8478,0.1228,0.0294,0.149,0.9748,0.8017,0.6545,0.2453,739884.18,183272.3,8,0.9324,0.8527
CASH-01391,1,LALA,distressed,5,388,0.5079,0.2949,0.1972,0.4167,0.6038,0.4766,0.3341,0.0731,2583321.28,860096.74,11,0.5808,0.7
CASH-01392,1,LALA,prime_healthy,9,315,0.8083,0.1282,0.0302,0.226,0.9086,0.9146,0.6331,0.057,2237461.4,378638.0,12,0.7822,0.8845
CASH-01393,3,TUBOD,moderate_stress,12,213,0.7162,0.181,0.0181,0.1984,0.6902,0.8424,0.5342,0.0929,1773610.66,741551.06,9,0.7638,0.8599
CASH-01394,3,TUBOD,elevated_risk,1,403,0.6033,0.2462,0.0942,0.4233,0.6812,0.8997,0.4093,0.2844,2926671.59,1424457.11,7,0.55,0.729
CASH-01395,2,KAPATAGAN,elevated_risk,3,340,0.5601,0.3078,0.0897,0.2693,0.5549,0.2361,0.3879,0.1867,2622411.49,1651468.03,11,0.5663,0.7275
CASH-01396,2,KAPATAGAN,prime_healthy,12,254,0.7999,0.1528,0.0473,0.1558,0.9699,0.7204,0.6149,0.1779,942790.63,274431.85,9,0.9313,0.8195
CASH-01397,1,LALA,moderate_stress,4,637,0.6708,0.1602,0.0888,0.2223,0.9149,0.4396,0.5675,0.1065,1945881.8,496858.17,7,0.7816,0.8081
CASH-01398,1,LALA,moderate_stress,4,366,0.6838,0.1484,0.0862,0.3063,0.7986,0.174,0.5567,0.0728,1124449.73,523350.16,8,0.7976,0.8
CASH-01399,3,TUBOD,elevated_risk,4,203,0.6426,0.2681,0.0893,0.3492,0.6565,0.4147,0.432,0.256,695880.78,509386.19,9,0.61,0.7091
CASH-01400,3,TUBOD,prime_healthy,10,362,0.8557,0.0992,0.0451,0.0781,0.8863,0.653,0.7444,0.1752,2333409.34,253874.76,2,0.7964,0.879
CASH-01401,2,KAPATAGAN,distressed,6,425,0.5058,0.3273,0.1621,0.3694,0.545,0.1587,0.1601,0.1491,2791218.99,1820538.26,10,0.55,0.7
CASH-01402,1,LALA,prime_healthy,8,353,0.7886,0.1013,0.0289,0.1265,0.8655,0.4266,0.6134,0.2548,2513935.39,597875.87,11,0.7557,0.8609
CASH-01403,3,TUBOD,prime_healthy,9,180,0.7704,0.0549,0.0104,0.1926,0.9148,0.5735,0.7308,0.2511,563701.2,47495.61,7,0.8133,0.9408
CASH-01404,3,TUBOD,elevated_risk,10,296,0.5803,0.2745,0.0858,0.3692,0.6528,0.3407,0.4698,0.3474,1605471.4,857586.71,9,0.5801,0.7444
CASH-01405,1,LALA,elevated_risk,2,351,0.5919,0.3044,0.1037,0.3286,0.6905,0.4882,0.3546,0.221,2477834.47,1056772.4,5,0.5833,0.7171
CASH-01406,3,TUBOD,moderate_stress,10,224,0.7253,0.1886,0.0861,0.2616,0.7467,0.1884,0.6745,0.1875,1759212.5,687090.29,10,0.7499,0.7837
CASH-01407,1,LALA,moderate_stress,12,418,0.6517,0.1229,0.0184,0.2298,0.7962,0.8138,0.8631,0.45,1747501.44,612140.15,13,0.8132,0.9148
CASH-01408,2,KAPATAGAN,elevated_risk,6,298,0.5662,0.2866,0.1234,0.3964,0.6835,0.7069,0.3616,0.0701,961751.72,713643.62,8,0.58,0.7
CASH-01409,3,TUBOD,prime_healthy,8,377,0.765,0.0487,0.0159,0.149,0.9796,0.1297,0.7921,0.1953,1595619.47,107309.41,11,0.8144,0.9001
CASH-01410,3,TUBOD,prime_healthy,6,200,0.8278,0.1449,0.0273,0.2351,0.832,0.3214,0.7421,0.3905,666647.26,203687.56,1,0.737,0.8447
CASH-01411,3,TUBOD,distressed,7,321,0.351,0.347,0.198,0.4274,0.5326,0.7964,0.3517,0.1725,2360389.67,1311403.12,4,0.55,0.7
CASH-01412,2,KAPATAGAN,moderate_stress,6,452,0.792,0.1074,0.0903,0.2503,0.7523,0.6246,0.6964,0.2832,2137255.84,541877.39,7,0.6982,0.8149
CASH-01413,2,KAPATAGAN,prime_healthy,8,224,0.857,0.1428,0.0002,0.1495,0.9459,0.7566,0.6588,0.3603,592462.96,130602.89,8,0.8318,0.927
CASH-01414,1,LALA,moderate_stress,2,401,0.6805,0.1283,0.0813,0.172,0.8618,0.732,0.6031,0.2358,3359736.72,902705.93,11,0.7427,0.8012
CASH-01415,2,KAPATAGAN,prime_healthy,3,593,0.8512,0.0879,0.0609,0.1618,0.9602,0.8965,0.6859,0.45,4631992.83,1105886.04,6,0.828,0.8149
CASH-01416,1,LALA,prime_healthy,11,403,0.8371,0.0816,0.0392,0.1618,0.9016,0.8057,0.8028,0.173,3262831.82,320783.64,9,0.8831,0.8492
CASH-01417,1,LALA,prime_healthy,7,439,0.8303,0.059,0.0153,0.0988,0.8651,0.1401,0.7973,0.1554,3246407.13,589800.26,3,0.7854,0.8878
CASH-01418,1,LALA,moderate_stress,5,333,0.6627,0.2182,0.0764,0.1819,0.6945,0.9109,0.6555,0.1532,2000837.99,993402.72,7,0.6614,0.8179
CASH-01419,1,LALA,moderate_stress,7,385,0.7672,0.1515,0.0316,0.1269,0.7726,0.2384,0.597,0.3266,2656407.32,540955.88,8,0.6588,0.8543
CASH-01420,3,TUBOD,prime_healthy,4,177,0.8184,0.1021,0.0421,0.2416,1.0,0.1744,0.6162,0.256,1158651.78,155831.75,5,0.8727,0.8774
CASH-01421,2,KAPATAGAN,prime_healthy,4,386,0.8184,0.1286,0.053,0.1849,0.9129,0.4456,0.6266,0.0954,1638908.11,609360.64,6,0.7943,0.7967
CASH-01422,1,LALA,prime_healthy,6,373,0.7423,0.0337,0.0557,0.193,0.8257,0.8296,0.5978,0.0267,1844324.09,190424.09,6,0.7549,0.8763
CASH-01423,2,KAPATAGAN,distressed,6,334,0.5056,0.2981,0.1963,0.4039,0.5403,0.4402,0.3603,0.0511,2536941.3,1654634.04,7,0.55,0.7
CASH-01424,1,LALA,moderate_stress,12,421,0.6078,0.2523,0.0773,0.2073,0.7631,0.6341,0.4517,0.1664,1228649.1,316239.13,9,0.7682,0.7479
CASH-01425,2,KAPATAGAN,moderate_stress,5,278,0.6577,0.1673,0.0388,0.2674,0.9624,0.2703,0.628,0.2048,1946873.18,781778.81,9,0.8301,0.8871
CASH-01426,3,TUBOD,distressed,5,209,0.4559,0.3269,0.2172,0.4327,0.603,0.4221,0.3136,0.4396,802177.59,343564.57,3,0.55,0.7
CASH-01427,1,LALA,prime_healthy,6,338,0.8441,0.101,0.0549,0.1892,1.0,0.7277,0.7725,0.2452,1934521.62,558726.78,3,0.8213,0.8848
CASH-01428,3,TUBOD,elevated_risk,11,322,0.695,0.2374,0.0422,0.3058,0.6896,0.4636,0.3612,0.2164,2038872.3,1023333.73,10,0.695,0.8099
CASH-01429,1,LALA,elevated_risk,7,385,0.5601,0.2743,0.1443,0.2843,0.8285,0.8041,0.4531,0.1999,2941460.86,853201.08,10,0.6881,0.7
CASH-01430,3,TUBOD,distressed,1,295,0.5001,0.298,0.202,0.4831,0.4978,0.536,0.2202,0.353,1460383.98,672745.03,8,0.55,0.7
CASH-01431,2,KAPATAGAN,prime_healthy,5,336,0.8822,0.104,0.0138,0.1693,0.8697,0.1472,0.708,0.4128,1739562.38,339758.38,7,0.7979,0.9188
CASH-01432,3,TUBOD,moderate_stress,12,196,0.6826,0.2034,0.0858,0.198,0.8082,0.1247,0.6742,0.1879,1319254.67,288948.29,5,0.7998,0.7742
CASH-01433,3,TUBOD,prime_healthy,9,356,0.8315,0.1308,0.0377,0.211,0.9413,0.5279,0.7091,0.3256,2236310.86,306631.28,6,0.788,0.8353
CASH-01434,2,KAPATAGAN,prime_healthy,1,264,0.8322,0.0825,0.0237,0.1613,0.8771,0.6535,0.6442,0.1828,845680.15,190063.41,8,0.7163,0.892
CASH-01435,3,TUBOD,moderate_stress,4,262,0.6269,0.2509,0.0323,0.1935,0.665,0.1222,0.5507,0.1347,2176139.91,1659983.22,9,0.6831,0.8123
CASH-01436,3,TUBOD,prime_healthy,6,338,0.839,0.1276,0.0296,0.1259,0.8532,0.7673,0.8961,0.294,897539.06,255525.25,8,0.7833,0.8959
CASH-01437,1,LALA,distressed,11,384,0.4733,0.2354,0.2026,0.2634,0.4313,0.1066,0.3338,0.3829,2828460.97,1488931.44,15,0.55,0.7
CASH-01438,2,KAPATAGAN,elevated_risk,7,350,0.6486,0.2564,0.095,0.2209,0.6454,0.5012,0.3403,0.0367,2831180.58,2048257.45,15,0.5731,0.7366
CASH-01439,1,LALA,moderate_stress,2,182,0.6838,0.2116,0.1046,0.2926,0.7882,0.6454,0.7423,0.0698,1197611.63,569412.62,7,0.6634,0.7698
CASH-01440,3,TUBOD,elevated_risk,8,228,0.633,0.2403,0.1266,0.3274,0.7691,0.8048,0.3043,0.284,1615614.86,882249.02,6,0.5992,0.7
CASH-01441,2,KAPATAGAN,prime_healthy,6,276,0.8216,0.0612,0.0263,0.2566,0.9582,0.3108,0.8822,0.1235,2329387.33,278504.3,9,0.8488,0.9182
CASH-01442,2,KAPATAGAN,prime_healthy,1,532,0.8509,0.1088,0.0403,0.1934,0.9624,0.1916,0.6999,0.1438,4125309.77,1284298.07,10,0.8039,0.8563
CASH-01443,3,TUBOD,elevated_risk,3,310,0.6568,0.1985,0.0882,0.4215,0.8215,0.4926,0.4058,0.091,999815.35,556472.09,8,0.7191,0.7286
CASH-01444,2,KAPATAGAN,prime_healthy,12,350,0.8493,0.1285,0.0034,0.1005,0.9689,0.6783,0.7533,0.45,1457841.61,481316.58,8,0.9172,0.9097
CASH-01445,1,LALA,moderate_stress,5,386,0.6826,0.2268,0.0858,0.2933,0.8135,0.7806,0.6164,0.1735,1668493.41,414606.38,6,0.7309,0.7788
CASH-01446,2,KAPATAGAN,distressed,10,448,0.495,0.3393,0.1657,0.4693,0.5079,0.2052,0.2553,0.2407,1757914.08,1759750.74,8,0.55,0.7
CASH-01447,2,KAPATAGAN,moderate_stress,10,478,0.7511,0.2074,0.0415,0.2929,0.6819,0.7958,0.707,0.1903,3534116.96,821514.82,11,0.6736,0.8655
CASH-01448,2,KAPATAGAN,moderate_stress,10,395,0.7511,0.1743,0.0746,0.2811,0.7244,0.7765,0.5506,0.3055,1340692.05,605766.07,4,0.7072,0.7915
CASH-01449,3,TUBOD,distressed,2,269,0.3851,0.3296,0.1736,0.3527,0.5667,0.7755,0.4043,0.25,1201809.18,516614.4,5,0.55,0.7
CASH-01450,2,KAPATAGAN,moderate_stress,9,319,0.7586,0.1891,0.0523,0.3893,0.9134,0.8933,0.7464,0.0741,960271.35,373185.16,14,0.8056,0.832
CASH-01451,2,KAPATAGAN,moderate_stress,1,451,0.5819,0.157,0.0706,0.3266,0.8604,0.1119,0.4572,0.0228,2976076.43,831430.1,6,0.686,0.7924
CASH-01452,2,KAPATAGAN,distressed,11,355,0.4547,0.3652,0.1801,0.3912,0.4896,0.8077,0.2556,0.45,2612275.0,1779643.41,7,0.55,0.7
CASH-01453,3,TUBOD,distressed,6,385,0.4035,0.2874,0.2016,0.4161,0.5573,0.7896,0.3328,0.2599,3039662.07,2775445.72,4,0.55,0.7
CASH-01454,2,KAPATAGAN,distressed,2,227,0.4906,0.3508,0.1586,0.4446,0.5581,0.5327,0.2495,0.0721,1222515.34,1276424.09,7,0.55,0.7
CASH-01455,3,TUBOD,moderate_stress,6,273,0.6369,0.146,0.0551,0.2309,0.7058,0.3151,0.5466,0.2113,2058313.43,508636.19,2,0.6865,0.829
CASH-01456,2,KAPATAGAN,prime_healthy,8,281,0.8093,0.1734,0.0173,0.1772,0.9082,0.8003,0.6972,0.2804,2147963.43,995664.49,14,0.7799,0.8507
CASH-01457,3,TUBOD,moderate_stress,3,317,0.7419,0.1205,0.047,0.1807,0.7327,0.3429,0.5786,0.3644,2228708.38,621747.32,9,0.68,0.8197
CASH-01458,1,LALA,prime_healthy,8,492,0.8097,0.0156,0.0365,0.1532,1.0,0.1472,0.7592,0.45,2644609.99,47769.13,7,0.7937,0.8833
CASH-01459,1,LALA,prime_healthy,9,197,0.8781,0.0869,0.0164,0.2603,0.9931,0.7802,0.7432,0.3628,1522536.42,158203.01,7,0.8276,0.8917
CASH-01460,3,TUBOD,distressed,7,330,0.519,0.2919,0.1891,0.3602,0.5717,0.7476,0.2992,0.2009,1206982.88,881618.31,5,0.55,0.7
CASH-01461,3,TUBOD,moderate_stress,1,310,0.7165,0.1498,0.1337,0.272,0.8344,0.7633,0.7811,0.0815,1191804.64,305651.31,8,0.6862,0.712
CASH-01462,2,KAPATAGAN,prime_healthy,7,326,0.9033,0.0569,0.0234,0.1855,0.9381,0.7358,0.6262,0.239,1714838.47,255337.83,4,0.8222,0.9027
CASH-01463,2,KAPATAGAN,distressed,11,470,0.4422,0.3488,0.2086,0.3108,0.5995,0.6552,0.2359,0.1726,3302636.92,1444069.32,9,0.55,0.7
CASH-01464,1,LALA,moderate_stress,12,332,0.7622,0.1763,0.0614,0.3062,0.9311,0.7908,0.5464,0.2787,2534004.28,1268102.36,5,0.8696,0.8085
CASH-01465,3,TUBOD,prime_healthy,7,299,0.7912,0.1267,0.0821,0.1802,0.8946,0.1944,0.4827,0.2395,2505180.67,463015.77,6,0.7445,0.8137
CASH-01466,2,KAPATAGAN,prime_healthy,12,320,0.8525,0.0932,0.0395,0.1835,0.8022,0.7105,0.6328,0.4073,2056279.97,607804.5,12,0.829,0.844
CASH-01467,2,KAPATAGAN,moderate_stress,10,307,0.7115,0.1801,0.1083,0.278,0.894,0.6737,0.5946,0.3046,1707664.68,562395.03,5,0.7751,0.7385
CASH-01468,2,KAPATAGAN,moderate_stress,7,245,0.6735,0.1721,0.0598,0.3077,0.754,0.8861,0.5848,0.2836,1797384.71,433684.19,10,0.6932,0.7915
CASH-01469,1,LALA,elevated_risk,3,329,0.6924,0.2174,0.0843,0.3332,0.6222,0.4713,0.4968,0.2718,2040072.64,896211.54,11,0.5876,0.7667
CASH-01470,3,TUBOD,elevated_risk,7,307,0.6111,0.2483,0.0671,0.4223,0.7528,0.5454,0.3471,0.2214,2570755.48,1119868.4,5,0.6122,0.774
CASH-01471,1,LALA,prime_healthy,2,343,0.8207,0.1312,0.0481,0.206,0.896,0.1786,0.4646,0.45,1400100.34,440322.12,4,0.7377,0.8173
CASH-01472,2,KAPATAGAN,elevated_risk,2,388,0.5626,0.2638,0.1392,0.2945,0.6303,0.8669,0.4374,0.3602,3113282.42,2331200.68,6,0.5564,0.7
CASH-01473,3,TUBOD,prime_healthy,4,308,0.745,0.0685,0.0296,0.1703,0.8657,0.5694,0.8356,0.3446,823247.18,64368.53,5,0.8368,0.9299
CASH-01474,3,TUBOD,distressed,12,302,0.4536,0.3223,0.2241,0.2517,0.5789,0.3031,0.1956,0.2835,2392972.8,1796732.8,8,0.55,0.7
CASH-01475,1,LALA,distressed,4,495,0.4666,0.3462,0.1287,0.353,0.5511,0.64,0.3855,0.0763,4038037.76,3126654.5,10,0.552,0.7
CASH-01476,2,KAPATAGAN,distressed,12,459,0.5135,0.2591,0.1602,0.4051,0.594,0.6867,0.1785,0.1828,3130507.01,1775748.39,9,0.5664,0.7
CASH-01477,3,TUBOD,distressed,4,349,0.5207,0.2719,0.1713,0.4102,0.5553,0.3163,0.2322,0.318,1076781.95,667874.59,5,0.55,0.7
CASH-01478,2,KAPATAGAN,prime_healthy,12,379,0.8468,0.1222,0.0279,0.2175,1.0,0.1578,0.8088,0.4278,1245361.72,446829.12,11,0.9806,0.8682
CASH-01479,3,TUBOD,elevated_risk,1,342,0.5683,0.2394,0.1673,0.4356,0.7565,0.7312,0.4704,0.1839,1657385.11,894744.99,5,0.5791,0.7
CASH-01480,1,LALA,moderate_stress,6,397,0.7119,0.1954,0.0927,0.2122,0.7397,0.4803,0.5963,0.3362,1012551.76,324083.22,7,0.6418,0.7604
CASH-01481,1,LALA,prime_healthy,9,392,0.8191,0.1038,0.0476,0.0726,0.8909,0.2612,0.8604,0.3523,1086827.5,210866.91,7,0.8311,0.8943
CASH-01482,2,KAPATAGAN,moderate_stress,9,397,0.7173,0.1988,0.0839,0.2813,0.7715,0.8722,0.664,0.2765,1932034.27,1161276.38,13,0.6747,0.7522
CASH-01483,2,KAPATAGAN,elevated_risk,8,395,0.6301,0.3022,0.0678,0.3392,0.7189,0.2807,0.5044,0.2003,1950681.59,1395086.0,8,0.6485,0.737
CASH-01484,1,LALA,prime_healthy,12,332,0.8067,0.0943,0.0127,0.1539,0.9674,0.912,0.6563,0.0865,1977432.3,540525.79,11,0.9521,0.8771
CASH-01485,1,LALA,distressed,8,397,0.5029,0.3282,0.1689,0.3839,0.6113,0.2299,0.3408,0.3353,1378445.68,657651.94,6,0.55,0.7
CASH-01486,1,LALA,moderate_stress,3,430,0.7729,0.1607,0.0664,0.2706,0.8829,0.4356,0.5879,0.45,1504110.37,424081.74,8,0.7628,0.8261
CASH-01487,2,KAPATAGAN,moderate_stress,7,351,0.6799,0.1499,0.0947,0.3468,0.7763,0.4978,0.6605,0.2282,2604255.34,823089.04,8,0.6733,0.754
CASH-01488,2,KAPATAGAN,moderate_stress,2,466,0.7324,0.1688,0.0987,0.285,0.7774,0.2782,0.5237,0.2407,2018420.63,438219.48,5,0.6285,0.7598
CASH-01489,2,KAPATAGAN,distressed,9,424,0.5327,0.323,0.1442,0.3346,0.5335,0.7771,0.2527,0.1186,3046401.21,2932234.06,8,0.55,0.7
CASH-01490,1,LALA,moderate_stress,6,336,0.7578,0.1476,0.0454,0.2665,0.8038,0.6085,0.537,0.0639,2236487.28,839804.59,10,0.6919,0.841
CASH-01491,1,LALA,prime_healthy,1,399,0.8857,0.0892,0.0251,0.2065,0.9228,0.4888,0.9,0.3682,2785326.17,289915.64,9,0.765,0.8768
CASH-01492,1,LALA,moderate_stress,11,422,0.6055,0.1077,0.1052,0.1919,0.7851,0.8698,0.534,0.1302,3408386.0,535377.15,10,0.803,0.7696
CASH-01493,2,KAPATAGAN,moderate_stress,3,354,0.7488,0.1668,0.0845,0.1554,0.7518,0.3633,0.5247,0.2713,1681881.89,340750.05,11,0.6951,0.7906
CASH-01494,3,TUBOD,moderate_stress,2,364,0.6866,0.2178,0.0956,0.2926,0.8646,0.3853,0.5376,0.1831,1481153.56,521043.06,6,0.7598,0.7541
CASH-01495,3,TUBOD,elevated_risk,7,206,0.6048,0.3074,0.0236,0.3981,0.5681,0.1093,0.4745,0.3101,661072.19,269565.78,5,0.5516,0.7737
CASH-01496,3,TUBOD,prime_healthy,1,240,0.8366,0.1217,0.0417,0.1516,0.998,0.507,0.5658,0.2737,774719.43,188043.06,11,0.7859,0.8585
CASH-01497,1,LALA,moderate_stress,3,495,0.73,0.1629,0.1071,0.2349,0.7625,0.1798,0.592,0.3032,3709392.55,1140744.81,5,0.7552,0.7367
CASH-01498,2,KAPATAGAN,prime_healthy,8,408,0.8404,0.1377,0.0219,0.1654,0.8617,0.8528,0.6867,0.1857,2490750.07,562163.06,4,0.7409,0.9089
CASH-01499,3,TUBOD,distressed,11,340,0.4541,0.3012,0.2023,0.275,0.5911,0.8696,0.2699,0.3974,2111975.37,1704725.16,12,0.55,0.7
CASH-01500,2,KAPATAGAN,elevated_risk,1,481,0.5685,0.2448,0.084,0.4136,0.6594,0.8969,0.2776,0.1055,2010194.7,1204919.04,4,0.55,0.7321
CASH-01501,3,TUBOD,prime_healthy,5,286,0.7852,0.1125,0.1023,0.1278,0.9359,0.2981,0.5987,0.2413,1598961.68,414956.38,4,0.8041,0.7905
CASH-01502,1,LALA,elevated_risk,10,501,0.6302,0.2236,0.0905,0.1831,0.6665,0.2893,0.4567,0.3402,1487827.49,846358.66,6,0.6394,0.7296
CASH-01503,3,TUBOD,moderate_stress,4,393,0.6335,0.1192,0.0646,0.2103,0.7845,0.3368,0.5999,0.2954,1466616.39,352437.9,3,0.7645,0.8452
CASH-01504,2,KAPATAGAN,distressed,5,348,0.515,0.2873,0.1976,0.462,0.4991,0.3693,0.3039,0.1421,1820398.0,997611.72,8,0.55,0.7
CASH-01505,3,TUBOD,distressed,12,342,0.4884,0.2776,0.1942,0.4098,0.5312,0.7185,0.2202,0.1794,2613745.88,2118172.98,11,0.5506,0.7
CASH-01506,2,KAPATAGAN,elevated_risk,10,237,0.5429,0.3348,0.1116,0.3484,0.753,0.7701,0.3959,0.2593,1869634.09,1094253.91,10,0.6129,0.7
CASH-01507,1,LALA,prime_healthy,4,349,0.8552,0.1277,0.0,0.1941,0.8413,0.9129,0.691,0.1965,1817473.08,481120.47,11,0.839,0.8681
CASH-01508,3,TUBOD,moderate_stress,6,267,0.7377,0.1825,0.0797,0.2637,0.7748,0.2667,0.5732,0.224,1791051.34,540745.66,13,0.6668,0.8124
CASH-01509,1,LALA,moderate_stress,12,396,0.693,0.1685,0.1034,0.2994,0.8783,0.8421,0.5155,0.45,1322566.15,343750.28,6,0.8335,0.7332
CASH-01510,1,LALA,prime_healthy,5,398,0.7711,0.0672,0.0859,0.2279,0.9495,0.4415,0.6466,0.2607,2437714.74,398290.31,10,0.8429,0.803
CASH-01511,1,LALA,moderate_stress,12,432,0.6003,0.1814,0.1152,0.236,0.7742,0.1443,0.5822,0.1372,3436892.46,666576.44,11,0.8043,0.7337
CASH-01512,3,TUBOD,moderate_stress,10,397,0.6415,0.1816,0.062,0.2538,0.6735,0.548,0.4763,0.0845,3351389.38,1622447.2,15,0.6649,0.7817
CASH-01513,1,LALA,distressed,8,594,0.4733,0.2988,0.228,0.3568,0.485,0.7458,0.3349,0.0778,2643497.84,1372775.05,5,0.55,0.7
CASH-01514,1,LALA,moderate_stress,10,424,0.6916,0.1136,0.0918,0.2941,0.7608,0.4507,0.4563,0.45,1952510.52,373005.5,10,0.6864,0.7696
CASH-01515,1,LALA,distressed,5,562,0.4875,0.339,0.1736,0.3426,0.5364,0.8397,0.1572,0.0486,3397792.5,2550471.03,11,0.55,0.7
CASH-01516,1,LALA,moderate_stress,7,406,0.7282,0.1595,0.1123,0.1907,0.8955,0.275,0.6283,0.2376,1360988.64,284555.26,5,0.7265,0.7402
CASH-01517,1,LALA,distressed,11,414,0.392,0.31,0.1869,0.4129,0.4823,0.5429,0.2094,0.3441,2161338.14,709934.39,10,0.55,0.7
CASH-01518,1,LALA,prime_healthy,5,462,0.8271,0.1285,0.0443,0.1524,1.0,0.8503,0.6318,0.1258,3262716.51,1060016.84,9,0.823,0.8245
CASH-01519,1,LALA,elevated_risk,12,412,0.6126,0.2734,0.1139,0.3445,0.5687,0.2123,0.2357,0.085,1099880.18,349507.04,12,0.643,0.7105
CASH-01520,2,KAPATAGAN,distressed,10,415,0.5626,0.2722,0.1651,0.4082,0.6118,0.6276,0.397,0.303,1691136.0,702980.52,9,0.55,0.7
CASH-01521,1,LALA,elevated_risk,4,505,0.5718,0.2241,0.0842,0.3595,0.7094,0.2151,0.5141,0.4407,2777102.71,634454.55,3,0.6661,0.7784
CASH-01522,1,LALA,elevated_risk,3,379,0.5544,0.2823,0.145,0.2621,0.6887,0.8107,0.4772,0.201,2248969.97,1770272.35,8,0.629,0.7
CASH-01523,1,LALA,prime_healthy,2,426,0.8414,0.0807,0.0,0.2124,1.0,0.3693,0.8243,0.45,1659900.65,322877.1,8,0.8725,0.9289
CASH-01524,1,LALA,moderate_stress,9,447,0.6977,0.2129,0.0768,0.1656,0.7041,0.6719,0.598,0.45,3125983.54,1535737.24,10,0.6226,0.781
CASH-01525,1,LALA,prime_healthy,7,369,0.8037,0.0734,0.0516,0.118,0.8405,0.8778,0.7194,0.2485,1045574.54,147100.8,10,0.7634,0.8725
CASH-01526,2,KAPATAGAN,moderate_stress,5,336,0.669,0.1588,0.0846,0.2417,0.7878,0.3443,0.5544,0.1259,855707.39,294864.76,8,0.7088,0.7646
CASH-01527,3,TUBOD,prime_healthy,7,320,0.8187,0.1245,0.0567,0.1362,0.9869,0.2663,0.71,0.2185,1893304.91,332410.76,3,0.807,0.8215
CASH-01528,3,TUBOD,moderate_stress,6,290,0.6488,0.2482,0.0653,0.2387,0.8434,0.521,0.4317,0.2368,2338978.16,1796978.46,3,0.7022,0.7923
CASH-01529,3,TUBOD,prime_healthy,5,303,0.8893,0.0646,0.0176,0.1574,1.0,0.3917,0.8258,0.1359,963051.35,76242.89,10,0.8921,0.8988
CASH-01530,2,KAPATAGAN,elevated_risk,3,221,0.5745,0.239,0.0929,0.3647,0.6574,0.7759,0.3604,0.0671,1763277.65,466536.7,13,0.6194,0.7532
CASH-01531,3,TUBOD,prime_healthy,9,337,0.8409,0.1454,0.0137,0.2054,0.8575,0.1333,0.7404,0.2419,2305160.54,813378.39,9,0.7614,0.893
CASH-01532,1,LALA,moderate_stress,2,469,0.7714,0.1853,0.0433,0.3149,0.8388,0.1336,0.4486,0.205,3306270.25,1717142.86,8,0.721,0.8179
CASH-01533,3,TUBOD,distressed,11,465,0.5028,0.3228,0.1744,0.4233,0.6197,0.3827,0.3511,0.45,2768936.69,2633313.73,7,0.6083,0.7
CASH-01534,2,KAPATAGAN,moderate_stress,5,398,0.7215,0.1714,0.0472,0.2664,0.7542,0.5698,0.6021,0.247,2931844.96,759650.16,9,0.7357,0.8398
CASH-01535,2,KAPATAGAN,moderate_stress,8,356,0.6517,0.1987,0.0947,0.1976,0.8102,0.696,0.6281,0.1319,1960675.46,843317.07,5,0.6727,0.7716
CASH-01536,1,LALA,moderate_stress,5,448,0.7119,0.2012,0.0869,0.1742,0.7677,0.7028,0.7049,0.45,1915202.6,816111.7,5,0.6994,0.7927
CASH-01537,1,LALA,moderate_stress,8,323,0.7688,0.1809,0.0503,0.2673,0.8128,0.7457,0.5019,0.2029,1121661.96,588400.48,4,0.6904,0.8019
CASH-01538,3,TUBOD,moderate_stress,7,324,0.5148,0.1766,0.0711,0.2787,0.9255,0.3812,0.6656,0.2377,1322074.54,561371.25,10,0.7732,0.844
CASH-01539,2,KAPATAGAN,elevated_risk,9,230,0.5461,0.2342,0.0551,0.3647,0.6347,0.2326,0.4557,0.1412,758727.39,271958.49,10,0.55,0.7779
CASH-01540,3,TUBOD,distressed,3,351,0.4382,0.3237,0.1713,0.412,0.6007,0.2809,0.2266,0.4441,2188175.92,754945.87,6,0.55,0.7
CASH-01541,3,TUBOD,moderate_stress,6,367,0.6377,0.1961,0.0632,0.2667,0.8552,0.7997,0.6932,0.0844,1313484.09,605371.23,3,0.7617,0.771
CASH-01542,2,KAPATAGAN,distressed,6,470,0.4871,0.2992,0.1837,0.4475,0.6955,0.7167,0.1303,0.0573,3846039.56,2914539.01,6,0.5685,0.7
CASH-01543,1,LALA,prime_healthy,6,482,0.8998,0.0942,0.006,0.2131,1.0,0.3958,0.776,0.0664,1480118.84,182242.8,9,0.8336,0.9307
CASH-01544,1,LALA,distressed,6,394,0.4401,0.3039,0.2329,0.3725,0.621,0.8821,0.4346,0.1909,3228827.11,1487782.0,8,0.55,0.7
CASH-01545,3,TUBOD,prime_healthy,10,276,0.7914,0.0666,0.07,0.1562,1.0,0.6209,0.7376,0.2643,1436679.97,219714.73,9,0.883,0.8434
CASH-01546,3,TUBOD,prime_healthy,7,339,0.8294,0.1307,0.0071,0.1438,0.8421,0.9073,0.6021,0.1932,2764132.39,1126502.4,7,0.7423,0.9101
CASH-01547,1,LALA,elevated_risk,5,376,0.5302,0.2336,0.0992,0.3548,0.5588,0.8765,0.4648,0.0928,1274127.76,871909.8,8,0.55,0.7269
CASH-01548,3,TUBOD,distressed,2,249,0.4942,0.3076,0.1981,0.4597,0.4757,0.3805,0.2899,0.45,1264591.14,770074.48,4,0.55,0.7
CASH-01549,1,LALA,prime_healthy,1,328,0.8172,0.1089,0.0417,0.2245,0.8533,0.8164,0.6745,0.2677,1337858.63,378672.8,10,0.7786,0.8323
CASH-01550,3,TUBOD,moderate_stress,2,328,0.5941,0.1669,0.0754,0.2359,0.9208,0.8392,0.5034,0.0841,2409835.08,927169.09,7,0.7712,0.8431
CASH-01551,3,TUBOD,distressed,9,179,0.4639,0.3527,0.1834,0.4501,0.5765,0.3695,0.2043,0.133,716673.38,549634.23,4,0.55,0.7
CASH-01552,3,TUBOD,distressed,4,370,0.4746,0.2926,0.1761,0.3254,0.571,0.6815,0.3464,0.3392,1675956.5,771004.33,13,0.55,0.7
CASH-01553,3,TUBOD,elevated_risk,11,207,0.5931,0.2285,0.0906,0.2923,0.7857,0.3294,0.3553,0.1802,1330571.27,932168.1,4,0.7313,0.738
CASH-01554,3,TUBOD,elevated_risk,9,270,0.5599,0.3086,0.1315,0.2853,0.8528,0.5228,0.2908,0.0738,2228965.91,1984871.07,2,0.6744,0.7
CASH-01555,3,TUBOD,elevated_risk,4,306,0.5777,0.214,0.1435,0.2879,0.6535,0.2188,0.3662,0.0746,804142.18,546106.25,10,0.6186,0.7
CASH-01556,2,KAPATAGAN,prime_healthy,10,431,0.8754,0.0587,0.0287,0.2421,0.8613,0.6476,0.7928,0.1482,3254023.61,524628.85,8,0.8218,0.9086
CASH-01557,3,TUBOD,prime_healthy,6,367,0.8411,0.0338,0.0,0.2384,0.806,0.5322,0.7506,0.1528,2654952.82,273395.59,5,0.7784,0.95
CASH-01558,3,TUBOD,moderate_stress,8,331,0.6431,0.2393,0.0314,0.327,0.7632,0.3322,0.6477,0.1855,956952.96,665279.22,3,0.6465,0.8096
CASH-01559,2,KAPATAGAN,moderate_stress,7,239,0.7189,0.2306,0.0505,0.2358,0.7387,0.7755,0.5885,0.0878,755079.99,553408.54,11,0.6461,0.7853
CASH-01560,3,TUBOD,moderate_stress,3,262,0.7738,0.1967,0.0295,0.2078,0.8206,0.3529,0.5472,0.45,2101826.39,458054.64,8,0.7238,0.8502
CASH-01561,1,LALA,moderate_stress,5,518,0.7754,0.1498,0.0694,0.2899,0.7876,0.7138,0.5421,0.1359,4172609.8,1413718.93,7,0.6942,0.8129
CASH-01562,3,TUBOD,prime_healthy,10,221,0.8573,0.1134,0.0294,0.2563,0.8573,0.8185,0.7308,0.2616,671684.63,196514.83,9,0.8095,0.9346
CASH-01563,3,TUBOD,moderate_stress,6,282,0.6732,0.1717,0.0821,0.2652,0.7991,0.8791,0.6328,0.0593,1286053.23,385970.48,5,0.7251,0.7753
CASH-01564,1,LALA,elevated_risk,1,513,0.5746,0.1969,0.1135,0.3423,0.7062,0.5973,0.3839,0.0774,3027810.29,1577322.91,13,0.6221,0.7544
CASH-01565,3,TUBOD,prime_healthy,10,333,0.7944,0.0855,0.0311,0.1861,0.7928,0.7603,0.8036,0.2545,1066993.95,275820.21,12,0.786,0.8736
CASH-01566,3,TUBOD,moderate_stress,8,245,0.7452,0.2036,0.0512,0.291,0.8455,0.2669,0.6501,0.3906,1090085.26,252730.51,5,0.6852,0.8279
CASH-01567,3,TUBOD,moderate_stress,1,177,0.6437,0.1935,0.0658,0.3181,0.8297,0.3561,0.6414,0.2861,752487.21,183711.37,7,0.6716,0.8041
CASH-01568,1,LALA,moderate_stress,6,321,0.7956,0.1473,0.0571,0.28,0.791,0.685,0.6341,0.1827,2437004.5,600107.07,3,0.6841,0.8382
CASH-01569,1,LALA,distressed,9,396,0.44,0.2829,0.1671,0.3733,0.4518,0.3521,0.305,0.051,2362216.45,2095828.96,8,0.55,0.7
CASH-01570,3,TUBOD,elevated_risk,2,403,0.5312,0.2507,0.0993,0.2861,0.6984,0.5158,0.3652,0.45,3073917.27,2389155.88,6,0.6293,0.7
CASH-01571,2,KAPATAGAN,distressed,3,562,0.5116,0.3332,0.1552,0.3391,0.6262,0.2155,0.2847,0.2423,2844458.22,2109176.65,7,0.55,0.7
CASH-01572,1,LALA,moderate_stress,10,375,0.7118,0.1777,0.0705,0.2464,0.7237,0.9164,0.5628,0.2284,1547920.32,575161.0,8,0.6815,0.8065
CASH-01573,1,LALA,elevated_risk,7,610,0.601,0.2417,0.0711,0.3202,0.7156,0.1937,0.4055,0.1071,3915161.11,1077715.91,15,0.6069,0.7767
CASH-01574,1,LALA,prime_healthy,9,399,0.884,0.0797,0.0048,0.1765,0.9222,0.3305,0.695,0.1466,2410476.61,563055.7,12,0.8003,0.9131
CASH-01575,2,KAPATAGAN,distressed,1,262,0.5328,0.314,0.1456,0.3795,0.5785,0.918,0.2547,0.1813,1571070.82,998796.29,8,0.55,0.7
CASH-01576,3,TUBOD,prime_healthy,11,246,0.8602,0.0999,0.0251,0.116,0.8624,0.3601,0.7407,0.4409,1073627.96,191787.83,10,0.8103,0.9247
CASH-01577,1,LALA,moderate_stress,12,414,0.7946,0.1272,0.0782,0.2776,0.7656,0.4121,0.4831,0.106,3434147.06,669738.63,6,0.779,0.7866
CASH-01578,1,LALA,moderate_stress,7,323,0.7164,0.1886,0.049,0.1802,0.7359,0.3927,0.4941,0.0635,1677190.45,670451.86,14,0.6914,0.7939
CASH-01579,1,LALA,elevated_risk,5,356,0.5552,0.2399,0.0755,0.3466,0.7437,0.8228,0.4522,0.45,2051267.53,526412.68,9,0.6365,0.7825
CASH-01580,3,TUBOD,moderate_stress,7,506,0.7526,0.1189,0.0646,0.2321,0.7932,0.314,0.5257,0.267,1427216.99,482974.66,4,0.6628,0.8309
CASH-01581,3,TUBOD,elevated_risk,8,285,0.6273,0.2282,0.0965,0.3557,0.6244,0.8108,0.3627,0.2605,1799494.49,787354.58,8,0.55,0.7131
CASH-01582,3,TUBOD,prime_healthy,10,189,0.8895,0.1036,0.0,0.2016,1.0,0.6304,0.7255,0.1139,1309785.17,340970.11,11,0.8874,0.9159
CASH-01583,1,LALA,elevated_risk,5,360,0.5337,0.3123,0.0638,0.3325,0.7423,0.8993,0.5238,0.242,1159077.88,998475.34,11,0.6516,0.7619
CASH-01584,2,KAPATAGAN,moderate_stress,12,322,0.7985,0.1646,0.0368,0.268,0.8006,0.1301,0.4458,0.334,1932368.86,525464.01,8,0.8057,0.8593
CASH-01585,1,LALA,moderate_stress,4,444,0.6714,0.2691,0.0596,0.1879,0.7083,0.4143,0.7142,0.2015,2856407.29,2053800.77,8,0.7059,0.7902
CASH-01586,1,LALA,moderate_stress,11,334,0.757,0.1468,0.0201,0.2177,0.7262,0.4872,0.6433,0.1599,924821.53,337150.1,13,0.7795,0.8932
CASH-01587,2,KAPATAGAN,moderate_stress,3,434,0.6646,0.2027,0.0185,0.2871,0.765,0.863,0.656,0.3203,1683475.71,413748.59,4,0.7196,0.8954
CASH-01588,1,LALA,distressed,4,397,0.4942,0.3289,0.1434,0.3869,0.5742,0.6137,0.1,0.1604,1417400.83,1420254.62,9,0.55,0.7
CASH-01589,3,TUBOD,prime_healthy,1,282,0.8064,0.0846,0.0113,0.1741,1.0,0.6277,0.8188,0.2634,1928085.14,445035.48,6,0.85,0.9174
CASH-01590,3,TUBOD,prime_healthy,1,292,0.7789,0.0958,0.0505,0.2223,0.9022,0.7908,0.7911,0.4399,936995.51,115095.5,4,0.7659,0.8994
CASH-01591,2,KAPATAGAN,elevated_risk,11,339,0.6256,0.2041,0.1703,0.3353,0.7162,0.1089,0.4728,0.0517,1606410.76,785676.04,9,0.6627,0.7
CASH-01592,2,KAPATAGAN,moderate_stress,2,408,0.6895,0.2086,0.1019,0.3081,0.7138,0.5376,0.4881,0.1447,2409124.16,1182993.5,13,0.6209,0.7107
CASH-01593,3,TUBOD,prime_healthy,8,325,0.8709,0.0687,0.0,0.1669,0.8863,0.6003,0.6764,0.2536,1391273.38,208008.03,6,0.8139,0.9236
CASH-01594,3,TUBOD,moderate_stress,6,291,0.7441,0.1298,0.0989,0.2397,0.7322,0.8442,0.7073,0.3874,763062.62,284711.77,10,0.6224,0.7494
CASH-01595,1,LALA,prime_healthy,3,385,0.7888,0.1257,0.0073,0.1302,0.9268,0.1674,0.664,0.266,1568686.09,198727.77,13,0.8151,0.8672
CASH-01596,2,KAPATAGAN,elevated_risk,7,451,0.5915,0.3105,0.0979,0.3293,0.7635,0.8724,0.5006,0.084,1723582.24,1368729.55,11,0.5947,0.7247
CASH-01597,2,KAPATAGAN,prime_healthy,1,249,0.8481,0.1005,0.0513,0.1675,0.8929,0.4475,0.6405,0.45,1311819.41,219239.37,8,0.7618,0.8106
CASH-01598,2,KAPATAGAN,distressed,12,538,0.4631,0.2948,0.1429,0.4545,0.5086,0.8687,0.2896,0.2207,3546931.54,2407286.77,11,0.55,0.7
CASH-01599,2,KAPATAGAN,moderate_stress,10,411,0.6896,0.1645,0.0781,0.2101,0.778,0.8708,0.624,0.2601,3203986.41,1028167.39,7,0.7286,0.7888
CASH-01600,3,TUBOD,moderate_stress,6,252,0.662,0.158,0.0983,0.2259,0.6903,0.7668,0.6025,0.3757,1929686.04,671608.72,7,0.5928,0.7848
CASH-01601,2,KAPATAGAN,moderate_stress,8,485,0.8148,0.1513,0.0339,0.2856,0.7934,0.7183,0.5639,0.45,1582217.2,303612.92,3,0.7223,0.8458
CASH-01602,1,LALA,moderate_stress,10,397,0.7349,0.2029,0.0622,0.2495,0.7606,0.7399,0.5354,0.287,2024512.35,1287836.99,9,0.7339,0.8068
CASH-01603,3,TUBOD,moderate_stress,9,242,0.7423,0.0621,0.0384,0.2189,0.8466,0.6539,0.4825,0.1973,1362189.56,265844.71,5,0.7629,0.8774
CASH-01604,2,KAPATAGAN,moderate_stress,2,271,0.7138,0.1635,0.0837,0.267,0.7541,0.2581,0.7247,0.2779,1271470.89,638920.41,11,0.6717,0.7814
CASH-01605,1,LALA,moderate_stress,4,463,0.6692,0.2033,0.0902,0.2874,0.7403,0.5121,0.5539,0.1665,2332953.27,1206736.79,11,0.686,0.7416
CASH-01606,3,TUBOD,prime_healthy,3,306,0.8033,0.08,0.0,0.2107,0.9148,0.7449,0.7473,0.3221,2564128.8,572194.86,7,0.8414,0.9302
CASH-01607,1,LALA,prime_healthy,1,337,0.8019,0.1351,0.0441,0.1809,0.7313,0.5718,0.8034,0.0426,1381720.96,194384.36,5,0.6827,0.8533
CASH-01608,1,LALA,moderate_stress,4,556,0.7162,0.2224,0.0614,0.2833,0.7583,0.3129,0.5473,0.45,2281459.09,839168.47,9,0.7007,0.8243
CASH-01609,1,LALA,distressed,12,325,0.5123,0.315,0.1727,0.4738,0.6238,0.2488,0.2303,0.45,1143251.89,785194.12,10,0.55,0.7
CASH-01610,1,LALA,elevated_risk,4,382,0.51,0.2907,0.1008,0.3253,0.6058,0.6093,0.3757,0.238,1351110.55,726035.88,8,0.5886,0.7
CASH-01611,3,TUBOD,prime_healthy,6,328,0.8534,0.1374,0.0092,0.1477,0.8704,0.6946,0.8157,0.1319,943744.29,139912.46,10,0.7644,0.8988
CASH-01612,2,KAPATAGAN,moderate_stress,8,441,0.7302,0.1492,0.0934,0.2389,0.7747,0.1881,0.5929,0.2754,2001557.83,582313.06,12,0.7177,0.7499
CASH-01613,3,TUBOD,prime_healthy,1,345,0.8051,0.1193,0.0268,0.2178,0.9292,0.2269,0.7603,0.072,1440800.63,515364.97,2,0.8088,0.8886
CASH-01614,3,TUBOD,moderate_stress,12,338,0.7051,0.16,0.1122,0.187,0.7408,0.4909,0.5521,0.2503,2361222.78,969411.95,5,0.7647,0.7615
CASH-01615,2,KAPATAGAN,moderate_stress,1,440,0.6765,0.1788,0.0488,0.2999,0.725,0.9166,0.6098,0.0543,1704882.76,509497.35,13,0.6454,0.8183
CASH-01616,2,KAPATAGAN,moderate_stress,3,313,0.7169,0.1191,0.0869,0.2019,0.7993,0.52,0.6415,0.2985,2208465.54,606439.14,6,0.7347,0.806
CASH-01617,2,KAPATAGAN,prime_healthy,7,260,0.8132,0.0893,0.0552,0.088,0.8652,0.257,0.7259,0.45,1278031.56,176772.2,6,0.7574,0.8797
CASH-01618,3,TUBOD,elevated_risk,2,137,0.5726,0.255,0.1155,0.3062,0.6946,0.822,0.5197,0.4335,380784.56,102268.9,2,0.5951,0.7
CASH-01619,2,KAPATAGAN,prime_healthy,12,451,0.828,0.145,0.027,0.2383,0.7907,0.9131,0.8487,0.0771,2431238.97,881069.93,4,0.8576,0.8743
CASH-01620,1,LALA,prime_healthy,12,471,0.8707,0.1023,0.0125,0.1263,0.8871,0.4519,0.6287,0.2581,2662986.83,615751.39,7,0.8785,0.8964
CASH-01621,1,LALA,prime_healthy,1,439,0.8731,0.0552,0.0,0.1433,1.0,0.3439,0.7381,0.45,1623220.5,162591.14,6,0.8252,0.9331
CASH-01622,2,KAPATAGAN,moderate_stress,1,546,0.6847,0.1675,0.0479,0.3249,0.8278,0.3562,0.6295,0.1718,2036506.82,416784.49,7,0.6857,0.8554
CASH-01623,3,TUBOD,distressed,3,261,0.4841,0.3499,0.166,0.4214,0.6016,0.1804,0.2457,0.1504,1135913.8,1167146.82,8,0.55,0.7
CASH-01624,3,TUBOD,moderate_stress,10,268,0.7288,0.2082,0.0565,0.2361,0.9001,0.8224,0.552,0.45,1181252.44,415092.64,0,0.7889,0.8212
CASH-01625,3,TUBOD,elevated_risk,8,291,0.5801,0.2586,0.1133,0.3149,0.6295,0.6739,0.428,0.1844,1274657.3,948677.1,4,0.55,0.7147
CASH-01626,3,TUBOD,moderate_stress,3,372,0.714,0.1848,0.0916,0.1639,0.6753,0.7955,0.5796,0.2587,2545233.39,1304048.35,6,0.6518,0.7509
CASH-01627,3,TUBOD,prime_healthy,5,235,0.8561,0.0796,0.0643,0.1946,0.8471,0.2921,0.8135,0.266,1475482.44,272271.17,10,0.776,0.8809
CASH-01628,3,TUBOD,prime_healthy,9,342,0.8035,0.0948,0.0266,0.1385,1.0,0.2403,0.8014,0.3365,2890825.38,425847.4,7,0.861,0.9251
CASH-01629,3,TUBOD,moderate_stress,2,312,0.6631,0.1574,0.096,0.2589,0.7036,0.7252,0.5567,0.1477,1482370.15,265413.8,9,0.6931,0.7858
CASH-01630,2,KAPATAGAN,moderate_stress,1,353,0.7333,0.1699,0.061,0.2724,0.8746,0.4817,0.4304,0.129,1017334.9,476590.02,13,0.7209,0.8128
CASH-01631,2,KAPATAGAN,moderate_stress,2,285,0.6839,0.1968,0.1192,0.2701,0.8554,0.4961,0.5165,0.385,2128831.97,722152.14,8,0.6465,0.7184
CASH-01632,1,LALA,moderate_stress,10,431,0.7508,0.2105,0.0387,0.1932,0.695,0.3385,0.745,0.1268,1426661.21,403303.28,7,0.7011,0.8268
CASH-01633,1,LALA,elevated_risk,6,255,0.622,0.2098,0.0784,0.2892,0.6216,0.5974,0.3232,0.2634,1600905.25,444739.46,12,0.5589,0.7913
CASH-01634,2,KAPATAGAN,moderate_stress,4,306,0.6737,0.232,0.0942,0.2572,0.7608,0.4131,0.5212,0.2496,2488938.02,626345.36,6,0.7066,0.774
CASH-01635,2,KAPATAGAN,prime_healthy,12,411,0.8284,0.0521,0.0785,0.1996,0.9167,0.8654,0.7758,0.2657,1737204.47,262924.59,10,0.8778,0.8297
CASH-01636,2,KAPATAGAN,elevated_risk,4,378,0.6301,0.2954,0.0745,0.3125,0.6575,0.9097,0.4937,0.45,2846968.22,1645339.06,9,0.6066,0.7792
CASH-01637,3,TUBOD,moderate_stress,4,385,0.7262,0.1577,0.1161,0.2254,0.8054,0.6499,0.5549,0.1058,2239734.51,393593.4,6,0.7355,0.7643
CASH-01638,3,TUBOD,prime_healthy,2,336,0.8505,0.1495,0.0,0.1816,0.824,0.8525,0.7775,0.2348,2669599.06,1039037.52,12,0.6993,0.9129
CASH-01639,1,LALA,distressed,10,429,0.4407,0.3443,0.1818,0.3601,0.546,0.2523,0.418,0.0864,3230374.22,3449978.46,10,0.55,0.7
CASH-01640,2,KAPATAGAN,prime_healthy,1,305,0.802,0.0686,0.0068,0.1589,0.844,0.1464,0.6882,0.3665,1034822.74,109018.22,6,0.7656,0.8726
CASH-01641,2,KAPATAGAN,distressed,10,273,0.4522,0.3506,0.1615,0.4336,0.5068,0.5415,0.2697,0.4041,765026.99,766184.62,3,0.55,0.7
CASH-01642,3,TUBOD,elevated_risk,5,273,0.6332,0.2608,0.106,0.3165,0.469,0.5808,0.4208,0.1655,1857315.39,1216376.07,9,0.55,0.7103
CASH-01643,3,TUBOD,prime_healthy,9,221,0.801,0.0346,0.0,0.166,0.7418,0.2282,0.6952,0.115,1661191.6,78702.02,11,0.7418,0.95
CASH-01644,1,LALA,prime_healthy,11,404,0.8931,0.1069,0.0,0.0879,0.8897,0.8273,0.7996,0.1083,1969184.64,547009.32,6,0.8543,0.895
CASH-01645,2,KAPATAGAN,prime_healthy,5,381,0.8805,0.0931,0.0264,0.2304,0.8683,0.5861,0.5436,0.0996,1528329.78,427540.8,5,0.7553,0.871
CASH-01646,2,KAPATAGAN,distressed,6,391,0.4664,0.3417,0.1918,0.4376,0.4618,0.8077,0.4193,0.1805,2127202.33,2205453.23,7,0.55,0.7
CASH-01647,1,LALA,elevated_risk,9,434,0.6351,0.262,0.1029,0.2994,0.7738,0.3518,0.3644,0.0721,1325276.01,649813.74,7,0.6433,0.7386
CASH-01648,2,KAPATAGAN,elevated_risk,10,501,0.6693,0.2445,0.0862,0.3412,0.7758,0.876,0.4931,0.3723,4055809.21,2601064.29,6,0.6917,0.7592
CASH-01649,2,KAPATAGAN,moderate_stress,10,331,0.8144,0.1231,0.0625,0.29,0.777,0.1851,0.5727,0.1806,2087824.05,291361.98,9,0.7398,0.8808
CASH-01650,3,TUBOD,moderate_stress,5,304,0.5763,0.2281,0.0771,0.2786,0.6603,0.1984,0.5839,0.2806,2416863.08,991878.76,1,0.5949,0.7808
CASH-01651,2,KAPATAGAN,moderate_stress,3,476,0.5304,0.1505,0.0328,0.3035,0.8542,0.3118,0.5359,0.2716,2210265.26,692317.33,12,0.7444,0.8439
CASH-01652,1,LALA,moderate_stress,9,445,0.7542,0.1482,0.0872,0.1731,0.826,0.5594,0.6172,0.0864,2404068.71,1047912.56,9,0.7273,0.7817
CASH-01653,1,LALA,prime_healthy,3,445,0.81,0.1619,0.0281,0.1698,0.9863,0.3396,0.6921,0.1986,1885748.6,855887.85,7,0.8487,0.8779
CASH-01654,1,LALA,moderate_stress,8,401,0.7583,0.1936,0.048,0.1486,0.8052,0.6061,0.608,0.3377,2755104.59,1599019.65,9,0.7126,0.8523
CASH-01655,2,KAPATAGAN,elevated_risk,12,294,0.6037,0.2949,0.1013,0.3757,0.734,0.6714,0.3877,0.2583,2268191.35,1759893.06,13,0.6717,0.7
CASH-01656,3,TUBOD,prime_healthy,2,358,0.8203,0.1037,0.0459,0.1375,0.8027,0.841,0.7367,0.1821,2451510.68,710106.41,3,0.7379,0.8548
CASH-01657,2,KAPATAGAN,moderate_stress,10,344,0.6772,0.2122,0.1105,0.3244,0.7956,0.7708,0.5799,0.3142,1139106.6,391114.16,9,0.6696,0.7255
CASH-01658,3,TUBOD,elevated_risk,8,340,0.5873,0.3278,0.0816,0.3749,0.7465,0.5989,0.5131,0.1728,2213206.44,772424.23,5,0.6234,0.7048
CASH-01659,3,TUBOD,distressed,6,258,0.5239,0.2754,0.2006,0.4178,0.6332,0.4684,0.3218,0.0875,971316.89,627090.84,7,0.55,0.7
CASH-01660,3,TUBOD,prime_healthy,6,224,0.8563,0.1437,0.0,0.2051,0.7731,0.866,0.5475,0.2742,1608906.11,405818.58,3,0.7165,0.8714
CASH-01661,2,KAPATAGAN,prime_healthy,10,456,0.785,0.0927,0.0375,0.2067,0.9454,0.2389,0.6933,0.195,1176537.67,210427.89,11,0.8895,0.8617
CASH-01662,2,KAPATAGAN,elevated_risk,4,425,0.6845,0.2413,0.0729,0.3443,0.5673,0.2859,0.5625,0.3244,2713614.61,1312945.51,12,0.5597,0.7627
CASH-01663,2,KAPATAGAN,prime_healthy,7,307,0.8063,0.0965,0.0973,0.2354,0.9656,0.8968,0.5647,0.1294,1672997.0,199192.63,8,0.7771,0.8053
CASH-01664,2,KAPATAGAN,moderate_stress,10,219,0.5708,0.1892,0.0138,0.2338,0.6999,0.6084,0.5858,0.0829,1083362.74,621799.0,4,0.7356,0.8547
CASH-01665,3,TUBOD,moderate_stress,1,382,0.6874,0.1348,0.0548,0.238,0.8415,0.6466,0.6518,0.2459,1964079.13,591025.07,8,0.7403,0.8414
CASH-01666,2,KAPATAGAN,elevated_risk,11,320,0.6249,0.2458,0.1293,0.3041,0.6982,0.4135,0.467,0.1443,1967959.27,1330295.72,10,0.6165,0.7
CASH-01667,1,LALA,moderate_stress,8,345,0.7591,0.1661,0.0422,0.2426,0.7564,0.4265,0.4652,0.1695,2794812.83,980230.9,7,0.6573,0.8192
CASH-01668,2,KAPATAGAN,moderate_stress,10,484,0.6736,0.1511,0.0829,0.3179,0.8295,0.3009,0.6273,0.2309,2924441.96,564482.55,4,0.7378,0.8322
CASH-01669,3,TUBOD,moderate_stress,12,170,0.645,0.1259,0.0308,0.2204,0.8529,0.3486,0.7627,0.1197,1177888.56,236304.04,7,0.9197,0.861
CASH-01670,2,KAPATAGAN,moderate_stress,10,446,0.6566,0.152,0.0871,0.3119,0.6422,0.3723,0.7042,0.236,2571984.24,1054246.91,6,0.6665,0.8037
CASH-01671,2,KAPATAGAN,moderate_stress,10,606,0.7655,0.1866,0.0479,0.2557,0.8607,0.7783,0.5674,0.2335,3499820.57,864241.92,11,0.7337,0.8006
CASH-01672,3,TUBOD,elevated_risk,12,247,0.5655,0.3073,0.1272,0.4014,0.7637,0.2829,0.4762,0.3356,1112452.09,1085159.17,8,0.6902,0.7
CASH-01673,2,KAPATAGAN,moderate_stress,2,278,0.7403,0.2243,0.02,0.2709,0.8472,0.4537,0.4545,0.2609,2069552.12,1349560.11,5,0.721,0.874
CASH-01674,1,LALA,prime_healthy,11,497,0.8166,0.105,0.0321,0.2102,1.0,0.6299,0.608,0.4002,1433051.29,262548.52,12,0.9328,0.8756
CASH-01675,3,TUBOD,elevated_risk,7,234,0.5945,0.292,0.1136,0.3313,0.6345,0.7026,0.3605,0.1695,844075.09,507112.28,3,0.5737,0.7
CASH-01676,1,LALA,elevated_risk,7,414,0.6494,0.1763,0.0973,0.3561,0.6045,0.8916,0.3206,0.1581,2525360.13,1270934.82,9,0.5556,0.7452
CASH-01677,2,KAPATAGAN,elevated_risk,2,468,0.6397,0.2549,0.1054,0.3271,0.7496,0.8885,0.2756,0.3309,2498284.18,1797640.63,5,0.6173,0.7124
CASH-01678,2,KAPATAGAN,moderate_stress,11,238,0.7099,0.1901,0.1,0.2381,0.7588,0.5844,0.6161,0.1301,854008.58,225862.99,10,0.7671,0.7706
CASH-01679,3,TUBOD,distressed,11,321,0.4664,0.32,0.1603,0.3095,0.493,0.2784,0.3037,0.3364,2273195.74,1326395.63,8,0.55,0.7
CASH-01680,3,TUBOD,distressed,2,331,0.4855,0.2888,0.2256,0.3981,0.4343,0.4578,0.3011,0.0731,1178295.54,809317.63,5,0.55,0.7
CASH-01681,1,LALA,moderate_stress,5,439,0.7499,0.1469,0.1032,0.2573,0.7603,0.2849,0.6633,0.2481,2298562.73,906331.57,6,0.699,0.7615
CASH-01682,3,TUBOD,elevated_risk,8,287,0.5834,0.1851,0.0876,0.2455,0.652,0.9085,0.4302,0.3156,2075467.36,871757.14,9,0.6048,0.7725
CASH-01683,3,TUBOD,prime_healthy,2,336,0.7103,0.096,0.0,0.2307,0.8029,0.1007,0.7473,0.3569,2586736.99,324556.42,3,0.7699,0.9047
CASH-01684,1,LALA,prime_healthy,1,215,0.8553,0.0943,0.0504,0.2909,0.9299,0.1205,0.7146,0.2017,864762.89,208982.92,5,0.77,0.8298
CASH-01685,1,LALA,distressed,3,422,0.4956,0.3057,0.144,0.5792,0.5244,0.6931,0.2781,0.0209,3057018.0,1115827.4,14,0.55,0.7
CASH-01686,3,TUBOD,moderate_stress,1,249,0.7335,0.1865,0.0708,0.1815,0.8004,0.7239,0.6135,0.2057,1632980.4,627334.69,7,0.668,0.793
CASH-01687,2,KAPATAGAN,prime_healthy,10,310,0.7974,0.1312,0.0183,0.1456,0.9006,0.8164,0.9,0.3015,1048770.08,395131.68,13,0.8522,0.9081
CASH-01688,1,LALA,elevated_risk,5,425,0.5817,0.2388,0.1795,0.3372,0.674,0.3072,0.5321,0.2503,2070078.76,1037742.11,5,0.6066,0.7
CASH-01689,2,KAPATAGAN,elevated_risk,12,248,0.5693,0.3078,0.1229,0.3423,0.7618,0.1442,0.5023,0.1109,981697.4,963746.04,9,0.706,0.7134
CASH-01690,1,LALA,prime_healthy,5,376,0.9067,0.0489,0.0262,0.179,0.7961,0.1042,0.6033,0.1701,1730958.06,175953.77,9,0.7387,0.8781
CASH-01691,2,KAPATAGAN,elevated_risk,2,453,0.5298,0.2891,0.0755,0.2913,0.713,0.7153,0.3399,0.0462,1136751.5,665268.54,5,0.6091,0.7491
CASH-01692,2,KAPATAGAN,moderate_stress,9,432,0.7307,0.1839,0.0136,0.2757,0.7656,0.2528,0.7482,0.45,2759952.14,1181706.84,11,0.6634,0.8438
CASH-01693,2,KAPATAGAN,distressed,1,235,0.3789,0.3342,0.1674,0.4398,0.5044,0.6113,0.2313,0.3397,710389.55,361822.11,7,0.55,0.7
CASH-01694,1,LALA,moderate_stress,12,435,0.6112,0.1506,0.0806,0.2684,0.7537,0.8659,0.6724,0.45,3112931.48,1124684.84,10,0.796,0.7877
CASH-01695,1,LALA,elevated_risk,4,548,0.6811,0.2069,0.1119,0.2975,0.6766,0.6364,0.3429,0.0309,1994909.7,1148375.41,6,0.6665,0.7409
CASH-01696,3,TUBOD,elevated_risk,9,345,0.6119,0.2175,0.1044,0.3251,0.8047,0.8495,0.4462,0.264,1510852.28,803056.09,10,0.7126,0.7324
CASH-01697,3,TUBOD,distressed,4,274,0.4,0.3164,0.1881,0.4847,0.4149,0.5201,0.1094,0.3537,1075833.28,623161.75,12,0.55,0.7
CASH-01698,3,TUBOD,distressed,12,271,0.4581,0.3643,0.1776,0.3601,0.493,0.7431,0.2732,0.3651,1049542.46,795288.82,7,0.55,0.7
CASH-01699,1,LALA,moderate_stress,4,224,0.6814,0.186,0.0787,0.2203,0.8503,0.1474,0.7298,0.2131,964930.5,299773.31,7,0.7631,0.802
CASH-01700,1,LALA,moderate_stress,10,353,0.6407,0.1966,0.0244,0.3237,0.7684,0.6566,0.5638,0.45,1506789.56,704920.49,10,0.6567,0.8571
CASH-01701,2,KAPATAGAN,prime_healthy,8,377,0.919,0.0487,0.0239,0.2151,0.8465,0.8278,0.7832,0.212,1299937.06,72731.95,10,0.7957,0.95
CASH-01702,1,LALA,elevated_risk,6,449,0.5116,0.2534,0.1157,0.2784,0.5589,0.6972,0.4571,0.2711,3349255.27,1798808.67,8,0.55,0.7385
CASH-01703,1,LALA,moderate_stress,10,546,0.72,0.1363,0.0575,0.1774,0.7943,0.5902,0.4543,0.1289,2379150.23,603454.07,7,0.784,0.7909
CASH-01704,2,KAPATAGAN,distressed,6,348,0.4427,0.2754,0.1906,0.3088,0.501,0.211,0.1454,0.3518,2381344.51,1882307.3,7,0.55,0.7
CASH-01705,1,LALA,moderate_stress,11,560,0.6968,0.2187,0.0845,0.2321,0.8537,0.3175,0.6244,0.1669,4545738.78,2251981.07,10,0.801,0.7672
CASH-01706,2,KAPATAGAN,prime_healthy,3,221,0.8501,0.0985,0.0513,0.2388,0.9551,0.3994,0.7367,0.2132,919136.66,211134.86,5,0.8845,0.8335
CASH-01707,2,KAPATAGAN,moderate_stress,5,421,0.6959,0.1608,0.0937,0.3353,0.7566,0.2248,0.5362,0.1871,1454540.76,453058.89,5,0.6434,0.8124
CASH-01708,2,KAPATAGAN,prime_healthy,5,411,0.8447,0.1253,0.03,0.2481,1.0,0.6507,0.8474,0.45,1617106.39,336188.21,12,0.8853,0.8655
CASH-01709,2,KAPATAGAN,prime_healthy,8,389,0.8372,0.0461,0.0533,0.1756,0.9885,0.561,0.7742,0.144,2375569.17,252979.19,10,0.81,0.8944
CASH-01710,1,LALA,prime_healthy,9,509,0.7673,0.0514,0.0174,0.1414,0.9072,0.3022,0.7076,0.2906,4080723.83,651970.92,13,0.8021,0.8875
CASH-01711,2,KAPATAGAN,moderate_stress,11,318,0.7526,0.1938,0.0537,0.3037,0.757,0.1386,0.5567,0.1639,1885546.25,835415.75,8,0.7383,0.8192
CASH-01712,3,TUBOD,distressed,7,274,0.5314,0.3133,0.1553,0.2838,0.4347,0.7361,0.1996,0.4322,972713.21,610474.76,7,0.55,0.7
CASH-01713,2,KAPATAGAN,prime_healthy,7,284,0.8271,0.1505,0.0225,0.279,0.9544,0.8078,0.7589,0.1549,1136110.36,283814.89,12,0.7946,0.9045
CASH-01714,1,LALA,prime_healthy,2,477,0.7965,0.0887,0.0598,0.2234,0.9009,0.2852,0.7913,0.1003,1453111.58,324855.21,2,0.8067,0.8386
CASH-01715,1,LALA,elevated_risk,11,346,0.4953,0.2105,0.0833,0.3844,0.5713,0.5279,0.5347,0.3066,2123473.47,1378223.28,8,0.5979,0.7812
CASH-01716,2,KAPATAGAN,distressed,1,473,0.4821,0.3003,0.2176,0.469,0.6055,0.2592,0.2448,0.0335,2387321.3,817895.29,7,0.55,0.7
CASH-01717,2,KAPATAGAN,moderate_stress,2,329,0.7972,0.1392,0.0636,0.1859,0.8148,0.1887,0.4018,0.1232,1089858.69,262501.65,1,0.7037,0.8096
CASH-01718,1,LALA,moderate_stress,5,442,0.7207,0.1144,0.0392,0.2099,0.8279,0.441,0.5552,0.383,2072565.36,520613.65,12,0.7249,0.8345
CASH-01719,3,TUBOD,elevated_risk,6,253,0.6561,0.2171,0.1268,0.368,0.8009,0.2551,0.4921,0.0808,2097618.27,1340016.06,7,0.6074,0.719
CASH-01720,3,TUBOD,distressed,10,213,0.4799,0.219,0.192,0.4708,0.5852,0.6121,0.4289,0.0735,1641077.24,802185.81,5,0.55,0.7
CASH-01721,1,LALA,moderate_stress,7,297,0.7272,0.097,0.0846,0.2328,0.8879,0.396,0.5679,0.45,1810376.17,413999.96,8,0.7449,0.7986
CASH-01722,2,KAPATAGAN,elevated_risk,1,503,0.604,0.2264,0.116,0.4084,0.582,0.3765,0.4979,0.1762,2863157.2,798157.96,9,0.55,0.7374
CASH-01723,2,KAPATAGAN,moderate_stress,6,228,0.7631,0.1199,0.0541,0.1923,0.8389,0.4002,0.5769,0.45,1096515.81,217025.29,5,0.7285,0.8281
CASH-01724,2,KAPATAGAN,prime_healthy,2,308,0.7956,0.0574,0.0763,0.2118,0.9623,0.2923,0.6941,0.3805,1630604.07,173463.58,5,0.8106,0.8536
CASH-01725,2,KAPATAGAN,prime_healthy,4,428,0.8191,0.1459,0.035,0.1808,0.8853,0.4963,0.5839,0.3484,3362041.79,918455.77,12,0.7306,0.8418
CASH-01726,2,KAPATAGAN,elevated_risk,2,514,0.5958,0.2864,0.1178,0.444,0.6297,0.6544,0.4996,0.45,2970258.69,1882024.78,6,0.55,0.7
CASH-01727,2,KAPATAGAN,prime_healthy,12,345,0.8174,0.1151,0.0353,0.1625,0.9014,0.1863,0.7232,0.3172,1680462.53,335543.81,9,0.9248,0.843
CASH-01728,1,LALA,prime_healthy,2,483,0.8771,0.0704,0.0525,0.2005,0.8873,0.5856,0.6202,0.2434,1465424.6,118028.28,6,0.7709,0.8662
CASH-01729,1,LALA,distressed,7,596,0.4748,0.3331,0.1921,0.3258,0.5454,0.9153,0.3176,0.45,4947376.63,2803777.22,10,0.55,0.7
CASH-01730,1,LALA,prime_healthy,7,387,0.8657,0.0906,0.0437,0.1271,0.8527,0.1395,0.8934,0.1089,1466246.47,248914.4,10,0.8155,0.8852
CASH-01731,2,KAPATAGAN,elevated_risk,4,397,0.4539,0.2481,0.0832,0.2691,0.7347,0.3501,0.431,0.2389,1911293.62,853188.21,6,0.6816,0.748
CASH-01732,2,KAPATAGAN,moderate_stress,6,361,0.7026,0.182,0.0721,0.1631,0.7519,0.8229,0.6677,0.2153,1547504.37,377324.25,2,0.7059,0.7977
CASH-01733,1,LALA,distressed,8,407,0.5145,0.3106,0.1749,0.4695,0.491,0.3199,0.2483,0.1956,3158981.75,1764481.74,10,0.55,0.7
CASH-01734,3,TUBOD,moderate_stress,3,259,0.6814,0.1826,0.0905,0.2056,0.8897,0.546,0.7336,0.1254,1013775.78,198516.73,4,0.7881,0.766
CASH-01735,3,TUBOD,moderate_stress,7,360,0.745,0.2137,0.0256,0.2583,0.7742,0.436,0.524,0.4266,1375201.2,833603.92,8,0.6522,0.8131
CASH-01736,1,LALA,moderate_stress,3,451,0.7517,0.142,0.1064,0.2449,0.6633,0.2574,0.5275,0.1453,3172317.73,1129286.66,12,0.6557,0.7474
CASH-01737,3,TUBOD,moderate_stress,1,277,0.6814,0.2511,0.0675,0.1546,0.902,0.8672,0.6214,0.1751,922880.61,331677.02,4,0.7386,0.7484
CASH-01738,3,TUBOD,prime_healthy,3,291,0.8289,0.1081,0.063,0.22,0.9597,0.1573,0.7258,0.1331,1963241.31,597179.68,10,0.8514,0.8564
CASH-01739,1,LALA,moderate_stress,8,301,0.7112,0.1315,0.0599,0.2797,0.7671,0.2607,0.4831,0.2871,2050802.35,420239.15,6,0.6689,0.8005
CASH-01740,1,LALA,elevated_risk,8,431,0.5399,0.2904,0.0994,0.3526,0.6308,0.3464,0.3141,0.0516,3600005.01,2655431.65,7,0.6296,0.7309
CASH-01741,1,LALA,moderate_stress,10,220,0.6158,0.1924,0.0575,0.269,0.8042,0.4399,0.5347,0.4395,660859.56,322195.24,6,0.6985,0.7792
CASH-01742,1,LALA,elevated_risk,6,431,0.5751,0.2466,0.0777,0.4124,0.7041,0.8716,0.4264,0.4448,3357631.98,874360.94,8,0.6152,0.755
CASH-01743,1,LALA,distressed,2,356,0.5211,0.294,0.1849,0.3415,0.546,0.3497,0.3163,0.266,1779384.41,934810.13,15,0.55,0.7
CASH-01744,1,LALA,moderate_stress,9,406,0.6993,0.1428,0.0753,0.2881,0.7767,0.4876,0.6108,0.1373,1970113.57,368963.45,8,0.6691,0.8625
CASH-01745,2,KAPATAGAN,moderate_stress,4,519,0.6913,0.2503,0.0584,0.1942,0.8113,0.6965,0.5239,0.3837,1301915.92,633107.53,8,0.7083,0.8052
CASH-01746,3,TUBOD,prime_healthy,9,440,0.7759,0.1208,0.0331,0.2624,0.8904,0.6194,0.6967,0.1818,2695112.65,492648.9,8,0.7805,0.8782
CASH-01747,1,LALA,prime_healthy,2,434,0.8776,0.1224,0.0,0.2944,0.8704,0.8271,0.7488,0.3105,1692804.0,369973.54,13,0.7702,0.8973
CASH-01748,2,KAPATAGAN,elevated_risk,7,446,0.6168,0.2392,0.144,0.3171,0.6775,0.305,0.3565,0.223,2535240.8,979481.8,5,0.6006,0.7
CASH-01749,1,LALA,prime_healthy,10,323,0.9207,0.0505,0.0288,0.1128,0.9161,0.5893,0.7059,0.3009,2669600.03,293546.9,13,0.8293,0.8756
CASH-01750,1,LALA,elevated_risk,6,293,0.6531,0.2426,0.0651,0.2951,0.5636,0.3572,0.3817,0.1086,2122308.9,1473913.15,11,0.587,0.7647
CASH-01751,2,KAPATAGAN,prime_healthy,5,471,0.8704,0.1062,0.0234,0.1629,0.8728,0.565,0.6774,0.1026,2965534.17,586345.03,14,0.8207,0.9094
CASH-01752,1,LALA,elevated_risk,4,354,0.531,0.2794,0.1218,0.3566,0.7203,0.2445,0.507,0.45,2673856.71,1977225.66,8,0.6397,0.7
CASH-01753,1,LALA,elevated_risk,4,366,0.6258,0.2864,0.0643,0.327,0.6348,0.4846,0.36,0.2513,2139262.77,1580439.31,6,0.6074,0.7583
CASH-01754,2,KAPATAGAN,elevated_risk,3,352,0.5871,0.2636,0.1493,0.2198,0.6939,0.9084,0.3683,0.1897,2634793.89,2022725.16,6,0.6155,0.7
CASH-01755,2,KAPATAGAN,distressed,6,366,0.5254,0.2764,0.1539,0.3136,0.5306,0.6089,0.2414,0.3638,1955698.65,710764.54,5,0.55,0.7
CASH-01756,3,TUBOD,prime_healthy,12,320,0.8311,0.1184,0.0498,0.1781,0.9244,0.2165,0.7783,0.45,1720190.3,423616.59,8,0.8581,0.8239
CASH-01757,1,LALA,prime_healthy,9,418,0.8609,0.0993,0.0072,0.1396,0.9854,0.8006,0.7662,0.1599,1723114.49,443868.14,12,0.8987,0.8745
CASH-01758,3,TUBOD,distressed,2,295,0.4971,0.3132,0.1896,0.3968,0.6761,0.3758,0.3945,0.45,1711781.43,1192424.49,7,0.55,0.7
CASH-01759,1,LALA,distressed,8,420,0.4724,0.363,0.1646,0.3515,0.4632,0.1004,0.3344,0.45,2564678.47,2707844.28,10,0.55,0.7
CASH-01760,2,KAPATAGAN,prime_healthy,6,339,0.8824,0.0935,0.0,0.0924,0.9574,0.3734,0.7622,0.2318,852133.22,245588.19,3,0.7875,0.921
CASH-01761,3,TUBOD,prime_healthy,4,351,0.7846,0.0885,0.0441,0.1851,0.9913,0.3901,0.7495,0.1575,1826191.34,434269.5,7,0.9067,0.8594
CASH-01762,3,TUBOD,distressed,2,354,0.4661,0.2733,0.1907,0.3685,0.6121,0.8404,0.4095,0.408,2797710.99,2219059.78,8,0.55,0.7
CASH-01763,1,LALA,prime_healthy,10,384,0.8998,0.0663,0.0339,0.3065,0.9237,0.4843,0.6515,0.1674,1362008.91,250922.22,8,0.8411,0.8616
CASH-01764,3,TUBOD,distressed,9,170,0.5069,0.3045,0.1886,0.3109,0.514,0.7287,0.2636,0.2034,888513.59,813927.62,2,0.55,0.7
CASH-01765,3,TUBOD,prime_healthy,11,242,0.809,0.1288,0.0622,0.183,0.9391,0.5518,0.6839,0.1849,887309.69,138934.22,9,0.8717,0.83
CASH-01766,2,KAPATAGAN,moderate_stress,4,395,0.7418,0.1507,0.0888,0.3139,0.7693,0.6508,0.577,0.2987,1681528.33,297394.67,10,0.6865,0.8262
CASH-01767,3,TUBOD,moderate_stress,2,231,0.6843,0.2221,0.0935,0.2474,0.8394,0.7836,0.5731,0.1448,1271913.11,368323.26,3,0.6981,0.7713
CASH-01768,1,LALA,prime_healthy,8,340,0.7654,0.072,0.081,0.1453,0.9026,0.26,0.6319,0.0888,2503963.22,532825.22,5,0.7867,0.7904
CASH-01769,3,TUBOD,prime_healthy,6,342,0.7689,0.1361,0.0269,0.2481,1.0,0.5645,0.7381,0.2425,2273551.3,552240.43,0,0.8202,0.8566
CASH-01770,3,TUBOD,elevated_risk,8,286,0.5635,0.3228,0.1137,0.3384,0.7721,0.2303,0.4655,0.1612,791527.11,657931.34,9,0.5997,0.7
CASH-01771,3,TUBOD,prime_healthy,10,317,0.8793,0.0428,0.0227,0.1981,0.9225,0.8049,0.5538,0.1974,1028396.22,120250.53,8,0.9049,0.9003
CASH-01772,1,LALA,moderate_stress,11,214,0.6943,0.1431,0.0868,0.3221,0.8498,0.289,0.6592,0.377,1457660.47,522635.35,10,0.77,0.8238
CASH-01773,1,LALA,prime_healthy,1,568,0.8588,0.1161,0.0251,0.2439,0.8354,0.1179,0.8353,0.251,1538785.23,224773.38,9,0.7437,0.8901
CASH-01774,1,LALA,moderate_stress,12,535,0.648,0.2373,0.1147,0.2341,0.856,0.8726,0.5562,0.3402,3685079.36,1964717.38,12,0.8441,0.745
CASH-01775,3,TUBOD,elevated_risk,10,233,0.6041,0.2975,0.0984,0.2829,0.6472,0.2555,0.3766,0.2463,1862817.1,1119825.45,7,0.6044,0.7372
CASH-01776,1,LALA,prime_healthy,6,383,0.8528,0.1025,0.0447,0.2036,0.8804,0.1322,0.6164,0.3774,2857054.34,523526.66,6,0.7295,0.8434
CASH-01777,1,LALA,elevated_risk,9,378,0.6601,0.1934,0.1465,0.3277,0.7396,0.2959,0.4549,0.1959,2747795.52,871468.12,13,0.6329,0.7
CASH-01778,3,TUBOD,moderate_stress,12,72,0.7599,0.1494,0.0907,0.3072,0.6922,0.822,0.5034,0.0797,537986.27,153395.18,4,0.6949,0.7809
CASH-01779,2,KAPATAGAN,elevated_risk,12,490,0.5497,0.1646,0.1515,0.3904,0.8246,0.6068,0.5734,0.0561,3240422.26,1298408.93,9,0.7598,0.7
CASH-01780,2,KAPATAGAN,prime_healthy,5,275,0.7971,0.0927,0.0956,0.1988,0.8421,0.4868,0.7269,0.2828,755973.24,99076.69,10,0.7379,0.7846
CASH-01781,1,LALA,distressed,3,275,0.4947,0.2912,0.116,0.4728,0.5552,0.4753,0.3143,0.2651,2154146.66,1103844.2,7,0.55,0.7
CASH-01782,2,KAPATAGAN,prime_healthy,4,440,0.8485,0.0974,0.0342,0.1652,1.0,0.5922,0.8809,0.3486,2235518.45,552786.47,6,0.8347,0.9041
CASH-01783,2,KAPATAGAN,distressed,7,282,0.5351,0.2927,0.1722,0.4188,0.4696,0.3311,0.2564,0.45,1709418.87,1340804.17,6,0.55,0.7
CASH-01784,3,TUBOD,prime_healthy,6,258,0.8047,0.0686,0.0235,0.1833,0.8231,0.7035,0.7191,0.1283,1954785.89,326060.88,7,0.7659,0.8718
CASH-01785,1,LALA,distressed,9,362,0.4219,0.2637,0.1953,0.3253,0.4808,0.8377,0.1921,0.4066,2483154.64,1257646.19,8,0.55,0.7
CASH-01786,1,LALA,prime_healthy,7,190,0.8332,0.1489,0.0,0.1247,0.9025,0.7571,0.7585,0.45,583633.11,149783.04,11,0.7992,0.8911
CASH-01787,2,KAPATAGAN,moderate_stress,5,216,0.7871,0.1596,0.0533,0.2649,0.8369,0.5369,0.648,0.0456,1247987.02,612517.75,10,0.7899,0.8226
CASH-01788,1,LALA,prime_healthy,11,448,0.8184,0.0456,0.0199,0.1958,0.8706,0.7093,0.6419,0.2431,2524648.04,201950.85,15,0.8295,0.9449
CASH-01789,3,TUBOD,prime_healthy,12,238,0.7825,0.135,0.0087,0.2515,0.9883,0.1246,0.6742,0.1217,1533988.12,285359.5,6,1.0074,0.8679
CASH-01790,1,LALA,moderate_stress,11,387,0.7412,0.0942,0.0673,0.2156,0.8254,0.4241,0.5799,0.3118,2884489.18,625947.08,11,0.8056,0.8042
CASH-01791,1,LALA,prime_healthy,1,472,0.807,0.1206,0.0724,0.1386,0.9188,0.6113,0.6402,0.2501,1916876.95,386082.65,8,0.7832,0.8116
CASH-01792,3,TUBOD,elevated_risk,3,267,0.5681,0.2961,0.0907,0.33,0.7586,0.2036,0.5138,0.0714,1051930.18,412103.33,9,0.6649,0.7388
CASH-01793,1,LALA,moderate_stress,11,368,0.7416,0.1808,0.0469,0.2667,0.7515,0.6537,0.661,0.2105,1613511.44,435005.74,8,0.7141,0.8277
CASH-01794,2,KAPATAGAN,moderate_stress,3,554,0.7499,0.2058,0.0443,0.1456,0.9231,0.1216,0.4882,0.191,2746034.49,1301804.38,2,0.8034,0.781
CASH-01795,3,TUBOD,distressed,9,295,0.44,0.2685,0.1945,0.392,0.5721,0.3302,0.3214,0.2549,1923118.97,1562251.79,13,0.55,0.7
CASH-01796,2,KAPATAGAN,moderate_stress,6,424,0.6095,0.2328,0.0629,0.1959,0.802,0.8644,0.4833,0.45,2094517.65,1178207.92,12,0.7058,0.7765
CASH-01797,3,TUBOD,distressed,6,221,0.444,0.3195,0.1513,0.379,0.5558,0.2054,0.2304,0.1946,1021640.91,562867.8,9,0.55,0.7
CASH-01798,1,LALA,prime_healthy,4,332,0.8615,0.0268,0.0,0.1636,0.9478,0.4033,0.8211,0.2167,1965444.92,81748.89,6,0.8409,0.95
CASH-01799,2,KAPATAGAN,prime_healthy,3,405,0.8338,0.1063,0.028,0.1653,0.9234,0.4572,0.7551,0.1478,1177806.24,346054.02,6,0.8192,0.8725
CASH-01800,3,TUBOD,prime_healthy,9,244,0.842,0.1131,0.0449,0.1985,0.8203,0.4993,0.9,0.4155,1759185.35,246144.8,1,0.7361,0.8604
CASH-01801,3,TUBOD,elevated_risk,10,240,0.5996,0.2943,0.1062,0.2584,0.7476,0.7357,0.3963,0.2596,1303349.26,1130383.48,9,0.6633,0.714
CASH-01802,2,KAPATAGAN,prime_healthy,3,314,0.8237,0.0808,0.0268,0.1569,1.0,0.3953,0.6614,0.3698,1821987.41,400025.3,5,0.8804,0.9296
CASH-01803,2,KAPATAGAN,distressed,2,219,0.5098,0.3357,0.1545,0.3843,0.5279,0.4648,0.2348,0.1344,1339431.98,943490.7,11,0.55,0.7
CASH-01804,1,LALA,prime_healthy,2,454,0.7074,0.0584,0.0137,0.2606,0.824,0.3792,0.6506,0.0825,1417805.12,206100.83,7,0.7593,0.906
CASH-01805,1,LALA,prime_healthy,11,586,0.8129,0.0995,0.0014,0.2231,0.8738,0.5091,0.671,0.2868,1995821.34,463325.85,13,0.8669,0.9392
CASH-01806,1,LALA,prime_healthy,6,472,0.7708,0.0794,0.0476,0.1305,0.9679,0.7594,0.8171,0.1528,1817753.34,214131.42,8,0.8407,0.8701
CASH-01807,3,TUBOD,elevated_risk,5,247,0.5344,0.3064,0.067,0.3301,0.6189,0.6412,0.3268,0.1064,1063823.95,523750.93,8,0.5966,0.7379
CASH-01808,3,TUBOD,elevated_risk,2,290,0.6613,0.2357,0.1029,0.244,0.7124,0.8065,0.4722,0.1884,2258017.8,885483.06,6,0.608,0.7132
CASH-01809,3,TUBOD,prime_healthy,3,321,0.9074,0.0438,0.0014,0.2968,0.7985,0.119,0.6108,0.0637,2625663.98,194925.74,0,0.799,0.903
CASH-01810,3,TUBOD,elevated_risk,9,342,0.5568,0.3005,0.0618,0.2979,0.6819,0.7102,0.3126,0.2794,1689539.7,614584.62,5,0.6652,0.765
CASH-01811,1,LALA,prime_healthy,10,379,0.7783,0.0859,0.0243,0.1876,0.8617,0.7517,0.7786,0.1352,1062127.06,194296.46,11,0.8594,0.8921
CASH-01812,2,KAPATAGAN,prime_healthy,11,382,0.8732,0.086,0.0408,0.1832,0.9485,0.3217,0.6209,0.2839,3031929.06,399498.1,5,0.8496,0.8422
CASH-01813,3,TUBOD,prime_healthy,2,311,0.8351,0.1486,0.0163,0.141,0.838,0.1733,0.6173,0.1109,1381789.54,433184.34,8,0.7301,0.9026
CASH-01814,3,TUBOD,elevated_risk,11,274,0.63,0.2615,0.1085,0.3094,0.643,0.1757,0.4797,0.1277,1555741.55,811446.68,9,0.6541,0.7124
CASH-01815,2,KAPATAGAN,moderate_stress,5,349,0.6855,0.2093,0.0436,0.244,0.7641,0.4745,0.5225,0.45,1740338.07,688527.78,7,0.6681,0.8103
CASH-01816,3,TUBOD,distressed,2,468,0.5257,0.3354,0.139,0.3972,0.5566,0.1959,0.3591,0.3336,1320226.4,1044532.83,5,0.55,0.7
CASH-01817,3,TUBOD,prime_healthy,4,381,0.8378,0.1333,0.0289,0.2583,0.8518,0.4512,0.6606,0.0684,2357459.48,538472.21,8,0.8062,0.8679
CASH-01818,1,LALA,prime_healthy,2,309,0.8617,0.1383,0.0,0.1495,0.8139,0.4595,0.5935,0.3359,1156684.54,489650.46,9,0.6972,0.8968
CASH-01819,3,TUBOD,elevated_risk,1,422,0.6632,0.2463,0.0779,0.2167,0.7341,0.7972,0.5429,0.339,1668759.87,640594.13,4,0.6597,0.8046
CASH-01820,2,KAPATAGAN,prime_healthy,2,376,0.7686,0.0658,0.0,0.2063,0.9493,0.6553,0.7169,0.0402,1416897.45,122865.56,10,0.7938,0.95
CASH-01821,1,LALA,moderate_stress,7,555,0.6327,0.1088,0.1205,0.1531,0.8095,0.56,0.5954,0.2871,1677805.62,239029.95,8,0.6773,0.7657
CASH-01822,3,TUBOD,distressed,5,351,0.529,0.2835,0.1837,0.4406,0.5102,0.6482,0.2071,0.2189,1619924.98,1300188.62,8,0.55,0.7
CASH-01823,3,TUBOD,prime_healthy,3,424,0.7411,0.1448,0.0522,0.2651,0.9428,0.4972,0.8156,0.45,1300973.35,547247.59,7,0.804,0.8654
CASH-01824,2,KAPATAGAN,moderate_stress,4,523,0.6052,0.1948,0.0566,0.2724,0.7466,0.5543,0.4664,0.2205,1712694.51,398793.34,9,0.6928,0.7753
CASH-01825,3,TUBOD,prime_healthy,11,251,0.8569,0.0882,0.0,0.1771,0.8997,0.1355,0.5482,0.1839,1644345.93,284913.06,6,0.886,0.9344
CASH-01826,1,LALA,moderate_stress,1,433,0.7264,0.1682,0.0899,0.2657,0.7771,0.1604,0.5122,0.1914,2613390.42,1072538.54,12,0.6819,0.8049
CASH-01827,2,KAPATAGAN,moderate_stress,4,468,0.6757,0.1525,0.0659,0.2745,0.8463,0.8637,0.6512,0.4056,3431795.16,816946.81,10,0.7529,0.8111
CASH-01828,3,TUBOD,distressed,8,234,0.5216,0.3256,0.1528,0.3806,0.5222,0.8242,0.3259,0.1112,1337305.88,878944.26,8,0.55,0.7
CASH-01829,2,KAPATAGAN,prime_healthy,7,322,0.8055,0.1475,0.0414,0.119,0.959,0.5817,0.9,0.0768,1875186.13,614778.77,4,0.8369,0.8543
CASH-01830,1,LALA,elevated_risk,4,339,0.5616,0.2858,0.1526,0.4287,0.6322,0.3681,0.483,0.222,1598068.65,584506.41,5,0.55,0.7
CASH-01831,2,KAPATAGAN,prime_healthy,3,316,0.8787,0.0612,0.0065,0.1121,0.8938,0.6447,0.7199,0.45,2046152.26,141669.31,5,0.8005,0.8972
CASH-01832,2,KAPATAGAN,elevated_risk,10,381,0.6526,0.1876,0.1143,0.3138,0.7545,0.8404,0.4754,0.2118,1109750.93,321526.77,12,0.7052,0.7293
CASH-01833,3,TUBOD,moderate_stress,2,347,0.7329,0.1521,0.0615,0.3301,0.7984,0.4681,0.5249,0.2325,1039406.59,489087.85,6,0.7226,0.7812
CASH-01834,3,TUBOD,moderate_stress,9,260,0.7271,0.2214,0.0516,0.2545,0.7091,0.6966,0.6499,0.45,1485339.95,614749.22,7,0.6503,0.8248
CASH-01835,1,LALA,elevated_risk,10,400,0.4681,0.2473,0.0637,0.3253,0.6025,0.2154,0.5101,0.4023,2884037.05,1937420.35,8,0.5857,0.7864
CASH-01836,2,KAPATAGAN,prime_healthy,2,367,0.8165,0.0857,0.039,0.1645,0.8609,0.3044,0.6401,0.3024,1968979.26,221870.97,10,0.7973,0.8544
CASH-01837,2,KAPATAGAN,prime_healthy,2,231,0.8604,0.1066,0.033,0.2788,1.0,0.7195,0.7207,0.2276,1825824.28,412270.28,13,0.8329,0.879
CASH-01838,3,TUBOD,prime_healthy,11,279,0.8972,0.074,0.0,0.2473,0.8818,0.3171,0.8622,0.1097,2167466.64,477969.78,8,0.9027,0.9185
CASH-01839,3,TUBOD,distressed,7,278,0.4962,0.2254,0.1407,0.4209,0.554,0.2457,0.2713,0.1076,2306317.44,1004467.21,6,0.55,0.7
CASH-01840,2,KAPATAGAN,moderate_stress,6,286,0.6884,0.1974,0.1142,0.3011,0.7762,0.2551,0.5446,0.2039,2262049.7,761296.5,11,0.6318,0.702
CASH-01841,3,TUBOD,moderate_stress,5,410,0.684,0.1722,0.0324,0.1644,0.8033,0.2259,0.6493,0.1864,3272814.04,675154.36,7,0.7731,0.8252
CASH-01842,2,KAPATAGAN,distressed,1,392,0.4705,0.3299,0.1954,0.3448,0.5505,0.5426,0.3798,0.0901,1345847.59,1094059.61,5,0.55,0.7
CASH-01843,2,KAPATAGAN,moderate_stress,11,390,0.7076,0.2454,0.0471,0.2097,0.7656,0.3808,0.5452,0.45,2762514.85,1229272.42,15,0.7705,0.797
CASH-01844,1,LALA,moderate_stress,2,426,0.7128,0.0639,0.0547,0.2628,0.8292,0.5325,0.5849,0.2273,1231482.77,162914.56,12,0.7518,0.8827
CASH-01845,1,LALA,moderate_stress,1,430,0.6551,0.1379,0.0642,0.2375,0.9313,0.9034,0.5153,0.45,2810442.2,635915.15,7,0.783,0.783
CASH-01846,3,TUBOD,prime_healthy,3,326,0.7933,0.1463,0.0604,0.2012,0.8172,0.1517,0.6765,0.1008,1502500.62,609684.01,8,0.7518,0.8529
CASH-01847,3,TUBOD,distressed,6,245,0.4598,0.2892,0.251,0.4087,0.5573,0.2554,0.2448,0.1713,1781019.68,1618810.16,8,0.55,0.7
CASH-01848,2,KAPATAGAN,prime_healthy,10,306,0.7934,0.1268,0.0211,0.2134,0.9902,0.2038,0.8043,0.1421,1403144.0,518077.36,6,0.8727,0.889
CASH-01849,3,TUBOD,elevated_risk,9,373,0.6018,0.2903,0.1079,0.381,0.7385,0.2775,0.2332,0.1146,1173518.05,682454.98,6,0.6005,0.7
CASH-01850,3,TUBOD,moderate_stress,2,337,0.7039,0.202,0.0941,0.2752,0.7624,0.4828,0.6558,0.3696,1718547.42,823112.14,4,0.628,0.7819
CASH-01851,3,TUBOD,prime_healthy,12,374,0.9168,0.01,0.0013,0.1318,0.8939,0.5373,0.5776,0.0776,1016974.18,30782.84,3,0.9243,0.9413
CASH-01852,3,TUBOD,prime_healthy,2,148,0.8954,0.08,0.0,0.1143,1.0,0.8684,0.8637,0.2554,666602.44,67364.42,6,0.8852,0.9438
CASH-01853,3,TUBOD,elevated_risk,6,265,0.5919,0.2744,0.1337,0.2809,0.6763,0.2636,0.3257,0.2355,776246.72,525305.45,9,0.5856,0.7
CASH-01854,3,TUBOD,elevated_risk,4,289,0.5252,0.2447,0.079,0.3632,0.7476,0.6449,0.2827,0.2059,1909833.16,1087872.51,13,0.6098,0.7237
CASH-01855,2,KAPATAGAN,prime_healthy,3,394,0.9178,0.0401,0.0277,0.1848,0.927,0.291,0.6595,0.0871,2276932.19,218549.67,8,0.8602,0.9077
CASH-01856,2,KAPATAGAN,moderate_stress,1,367,0.7153,0.2045,0.0803,0.2985,0.8204,0.4039,0.7484,0.2573,1240054.11,751150.01,4,0.6807,0.7877
CASH-01857,3,TUBOD,moderate_stress,12,385,0.6981,0.2431,0.0555,0.1561,0.8683,0.3208,0.6061,0.1342,1253120.81,543428.15,12,0.8654,0.7878
CASH-01858,2,KAPATAGAN,prime_healthy,10,471,0.8069,0.0955,0.0215,0.0833,0.933,0.5823,0.8226,0.3797,2681877.91,415609.3,9,0.8448,0.8971
CASH-01859,1,LALA,distressed,12,455,0.5702,0.2911,0.1354,0.2993,0.4115,0.2257,0.3389,0.45,2520220.0,742984.23,12,0.55,0.7
CASH-01860,1,LALA,prime_healthy,1,527,0.8294,0.0952,0.0754,0.1197,0.916,0.773,0.7499,0.1356,1424356.89,332128.01,12,0.765,0.8287
CASH-01861,2,KAPATAGAN,moderate_stress,10,403,0.7827,0.1443,0.073,0.2509,0.7079,0.9191,0.6543,0.2407,2967711.35,1107609.67,9,0.6535,0.8105
CASH-01862,3,TUBOD,moderate_stress,4,236,0.6296,0.216,0.0665,0.2797,0.9349,0.5484,0.6056,0.3287,800511.68,462538.71,3,0.8278,0.7824
CASH-01863,1,LALA,moderate_stress,3,461,0.6568,0.1538,0.0603,0.2793,0.7712,0.8177,0.5418,0.1143,3096597.29,908268.31,12,0.6663,0.8515
CASH-01864,2,KAPATAGAN,moderate_stress,1,426,0.7584,0.1917,0.0175,0.2913,0.7038,0.6964,0.5655,0.3227,2773866.14,682885.07,8,0.6622,0.8123
CASH-01865,3,TUBOD,prime_healthy,10,379,0.8289,0.101,0.0701,0.1642,0.8962,0.3202,0.7918,0.1625,1980627.44,524947.63,7,0.8044,0.8296
CASH-01866,3,TUBOD,moderate_stress,10,294,0.7534,0.1598,0.0868,0.2215,0.8691,0.345,0.4166,0.2612,1492301.1,620467.04,7,0.7494,0.7474
CASH-01867,1,LALA,moderate_stress,7,353,0.7525,0.2012,0.0315,0.2695,0.7887,0.1068,0.4672,0.215,2762924.9,1444097.27,9,0.7204,0.8406
CASH-01868,2,KAPATAGAN,prime_healthy,2,293,0.8564,0.0422,0.0643,0.2168,1.0,0.6748,0.6747,0.1423,960170.02,57141.79,8,0.8367,0.8246
CASH-01869,3,TUBOD,elevated_risk,2,341,0.5978,0.2703,0.0908,0.3047,0.7181,0.5661,0.4927,0.4062,2602360.76,1589714.41,8,0.6413,0.7085
CASH-01870,2,KAPATAGAN,distressed,5,316,0.4773,0.3235,0.1992,0.3972,0.4552,0.2123,0.4038,0.2775,1111403.06,619247.9,5,0.55,0.7
CASH-01871,2,KAPATAGAN,elevated_risk,2,427,0.598,0.2898,0.1122,0.2736,0.738,0.905,0.4921,0.3889,1507884.54,488348.2,12,0.6239,0.7
CASH-01872,1,LALA,moderate_stress,11,372,0.7688,0.1673,0.064,0.2339,0.841,0.22,0.6046,0.0786,1333789.27,271526.08,3,0.8115,0.8311
CASH-01873,2,KAPATAGAN,prime_healthy,10,271,0.7625,0.0915,0.0,0.1267,0.8356,0.8017,0.6707,0.2372,2080378.61,265896.95,6,0.8033,0.9157
CASH-01874,3,TUBOD,prime_healthy,2,380,0.7611,0.159,0.0799,0.1992,1.0,0.6776,0.5088,0.2537,1176642.68,537133.27,6,0.7603,0.799
CASH-01875,1,LALA,prime_healthy,4,246,0.841,0.1422,0.0169,0.1573,0.919,0.5377,0.9,0.0861,2008790.49,808896.82,8,0.8267,0.8851
CASH-01876,1,LALA,elevated_risk,3,433,0.5477,0.2804,0.0978,0.3264,0.8078,0.1939,0.3495,0.4418,2890857.63,2484550.33,14,0.6409,0.7268
CASH-01877,2,KAPATAGAN,moderate_stress,8,269,0.7415,0.1972,0.0613,0.2563,0.7455,0.5935,0.4878,0.165,1568394.32,672116.39,0,0.6942,0.7972
CASH-01878,2,KAPATAGAN,prime_healthy,8,424,0.8459,0.0849,0.0692,0.2642,0.8312,0.3547,0.9,0.1248,3253234.57,376295.47,10,0.7553,0.8832
CASH-01879,2,KAPATAGAN,prime_healthy,6,362,0.8633,0.0976,0.0391,0.0986,0.977,0.3243,0.6756,0.292,1786769.34,358619.82,6,0.803,0.8841
CASH-01880,2,KAPATAGAN,prime_healthy,9,329,0.8069,0.1127,0.023,0.0819,0.8107,0.2432,0.7854,0.0636,2710581.93,438095.39,11,0.7942,0.8975
CASH-01881,2,KAPATAGAN,prime_healthy,2,436,0.8086,0.1091,0.0133,0.1769,0.8453,0.7329,0.7345,0.0337,2806717.78,550376.54,7,0.8087,0.8601
CASH-01882,3,TUBOD,prime_healthy,8,337,0.8367,0.1192,0.0442,0.156,0.7939,0.8283,0.6049,0.322,1015627.28,361610.23,7,0.699,0.8689
CASH-01883,3,TUBOD,elevated_risk,3,182,0.5704,0.2684,0.1612,0.2756,0.5539,0.6653,0.5063,0.1431,691726.12,335357.29,11,0.55,0.7
CASH-01884,2,KAPATAGAN,moderate_stress,4,424,0.7662,0.0944,0.0444,0.2269,0.874,0.4828,0.6087,0.2645,2544357.24,722680.82,12,0.8481,0.8555
CASH-01885,3,TUBOD,distressed,6,337,0.5158,0.2933,0.1909,0.3853,0.601,0.665,0.4486,0.1331,2592273.68,962527.27,4,0.55,0.7
CASH-01886,2,KAPATAGAN,prime_healthy,5,384,0.8466,0.0755,0.0,0.1371,0.8605,0.3756,0.715,0.0833,2678522.06,215581.21,5,0.7841,0.8984
CASH-01887,2,KAPATAGAN,prime_healthy,3,403,0.8347,0.0698,0.0592,0.1612,0.91,0.6176,0.6376,0.2535,2866395.78,213619.91,5,0.8405,0.8395
CASH-01888,3,TUBOD,prime_healthy,8,288,0.9095,0.0619,0.0286,0.0998,0.9443,0.266,0.7537,0.0612,1962850.62,294111.33,9,0.8694,0.9103
CASH-01889,2,KAPATAGAN,moderate_stress,3,459,0.7394,0.1078,0.0858,0.1807,0.782,0.1398,0.6606,0.2405,3727891.6,671694.59,5,0.7068,0.7853
CASH-01890,1,LALA,distressed,9,366,0.5443,0.28,0.1757,0.4052,0.4729,0.6277,0.4093,0.2294,2829976.54,1356492.65,5,0.55,0.7
CASH-01891,3,TUBOD,elevated_risk,11,344,0.581,0.2846,0.1344,0.3781,0.5744,0.7213,0.4834,0.3898,1547991.73,572383.79,8,0.624,0.7
CASH-01892,2,KAPATAGAN,distressed,2,387,0.3604,0.2963,0.1625,0.4196,0.633,0.5977,0.3562,0.3731,1012187.53,739567.72,8,0.55,0.7
CASH-01893,2,KAPATAGAN,prime_healthy,4,208,0.8108,0.0724,0.0,0.213,0.8634,0.8897,0.6458,0.1887,1342787.81,282814.32,10,0.8403,0.909
CASH-01894,2,KAPATAGAN,distressed,9,338,0.5604,0.3017,0.1267,0.3449,0.5538,0.6584,0.1849,0.2666,1245808.97,1023226.45,7,0.55,0.7
CASH-01895,2,KAPATAGAN,moderate_stress,7,290,0.7063,0.1834,0.0695,0.2901,0.8206,0.8404,0.6231,0.1911,2268628.22,1307501.23,11,0.7513,0.8131
CASH-01896,2,KAPATAGAN,prime_healthy,12,460,0.8013,0.1187,0.0316,0.2871,0.9536,0.6995,0.7056,0.2964,2514980.89,562896.84,4,0.8868,0.8954
CASH-01897,2,KAPATAGAN,moderate_stress,7,520,0.6857,0.2129,0.1014,0.1911,0.8158,0.3868,0.5607,0.2677,4183238.48,1935148.23,11,0.6599,0.7498
CASH-01898,2,KAPATAGAN,prime_healthy,8,404,0.7785,0.1088,0.0936,0.1438,0.9073,0.181,0.7285,0.1986,2937393.74,323743.05,9,0.7583,0.8308
CASH-01899,1,LALA,moderate_stress,8,443,0.6607,0.1409,0.0296,0.2763,0.8332,0.4249,0.6917,0.3059,3323741.29,874989.92,7,0.7509,0.88
CASH-01900,3,TUBOD,moderate_stress,10,222,0.7208,0.1437,0.039,0.1255,0.6611,0.3321,0.5418,0.3869,802214.34,226495.09,4,0.641,0.8644
CASH-01901,2,KAPATAGAN,prime_healthy,1,423,0.8781,0.1185,0.0034,0.1555,0.8165,0.717,0.657,0.1629,3003900.11,789575.03,6,0.7163,0.9025
CASH-01902,2,KAPATAGAN,prime_healthy,5,383,0.8279,0.099,0.0,0.158,0.9356,0.8058,0.6493,0.1367,1888205.59,542916.7,5,0.8192,0.8989
CASH-01903,3,TUBOD,moderate_stress,3,215,0.729,0.1871,0.0839,0.2415,0.746,0.8374,0.6561,0.1508,1223505.27,507985.63,2,0.6906,0.7859
CASH-01904,3,TUBOD,elevated_risk,2,444,0.6278,0.2434,0.1288,0.3529,0.8056,0.4793,0.4703,0.1212,1280807.55,745604.74,3,0.6206,0.7291
CASH-01905,3,TUBOD,elevated_risk,12,299,0.6059,0.258,0.0565,0.3912,0.6157,0.3369,0.5082,0.1701,1081841.05,747240.28,5,0.612,0.7416
CASH-01906,2,KAPATAGAN,moderate_stress,1,252,0.7346,0.1681,0.0973,0.3037,0.7529,0.1893,0.5891,0.3339,1196913.02,556342.96,4,0.6176,0.7694
CASH-01907,3,TUBOD,distressed,10,324,0.505,0.3401,0.1106,0.3762,0.5545,0.4209,0.1382,0.2838,2633441.64,2354126.34,5,0.55,0.7
CASH-01908,1,LALA,moderate_stress,3,521,0.7306,0.1898,0.0796,0.2751,0.833,0.6128,0.5622,0.2787,1400544.53,662589.36,4,0.7451,0.7762
CASH-01909,2,KAPATAGAN,moderate_stress,1,513,0.702,0.2159,0.0414,0.3024,0.8017,0.2336,0.4308,0.1441,3651824.46,950691.22,9,0.6937,0.8295
CASH-01910,1,LALA,distressed,10,319,0.4578,0.3598,0.1824,0.4014,0.5326,0.6913,0.2415,0.1178,2664223.17,3055831.76,8,0.55,0.7
CASH-01911,1,LALA,elevated_risk,5,503,0.5918,0.2052,0.1016,0.2518,0.6562,0.3079,0.317,0.2556,2996100.26,775966.41,10,0.6197,0.7626
CASH-01912,2,KAPATAGAN,elevated_risk,7,283,0.5794,0.3116,0.1077,0.3312,0.6564,0.133,0.4826,0.45,1118151.99,574878.91,9,0.55,0.7
CASH-01913,2,KAPATAGAN,prime_healthy,12,497,0.7991,0.0644,0.0237,0.2088,0.9439,0.1085,0.7398,0.3137,2457370.29,235700.43,9,0.9326,0.9434
CASH-01914,1,LALA,prime_healthy,7,250,0.7612,0.1128,0.0159,0.0583,0.9424,0.2233,0.7905,0.1183,1332246.5,355595.5,13,0.7937,0.9039
CASH-01915,2,KAPATAGAN,moderate_stress,2,392,0.6875,0.1523,0.0537,0.2614,0.9139,0.1167,0.5371,0.4372,2624532.39,547991.9,8,0.7458,0.8194
CASH-01916,3,TUBOD,prime_healthy,5,195,0.8343,0.0908,0.0384,0.1766,0.9893,0.1472,0.7101,0.3031,747487.66,204976.62,3,0.8577,0.8835
CASH-01917,3,TUBOD,elevated_risk,8,365,0.5147,0.2358,0.0875,0.3334,0.6749,0.7157,0.4645,0.4074,2456193.25,1545715.94,10,0.6071,0.7401
CASH-01918,2,KAPATAGAN,prime_healthy,3,426,0.8503,0.1126,0.022,0.1293,0.9692,0.9132,0.7375,0.2983,1392546.28,284551.19,10,0.8044,0.8677
CASH-01919,1,LALA,elevated_risk,5,284,0.5709,0.2479,0.1038,0.2942,0.5979,0.6191,0.4316,0.1754,835935.29,485351.21,10,0.5695,0.718
CASH-01920,3,TUBOD,moderate_stress,9,406,0.6932,0.2116,0.0952,0.2447,0.7879,0.5858,0.4723,0.2697,2549541.44,1010312.18,4,0.6634,0.7307
CASH-01921,3,TUBOD,elevated_risk,4,306,0.6213,0.2893,0.0894,0.3447,0.6348,0.8613,0.5021,0.45,907497.98,434089.66,10,0.5841,0.7001
CASH-01922,3,TUBOD,distressed,12,234,0.5469,0.3117,0.1415,0.414,0.6464,0.2931,0.2788,0.1657,969729.11,383869.12,6,0.602,0.7
CASH-01923,1,LALA,distressed,11,398,0.4982,0.3452,0.1565,0.4831,0.6067,0.8298,0.2375,0.45,2606072.27,2232364.16,7,0.55,0.7
CASH-01924,3,TUBOD,elevated_risk,8,279,0.6179,0.2708,0.088,0.3057,0.5945,0.2998,0.5968,0.2468,1084589.6,302998.69,10,0.55,0.7464
CASH-01925,1,LALA,elevated_risk,3,465,0.6343,0.2793,0.0865,0.2773,0.7054,0.134,0.3422,0.1193,2131387.17,1805965.82,10,0.6986,0.708
CASH-01926,1,LALA,moderate_stress,11,295,0.7061,0.1544,0.1253,0.3176,0.8579,0.1932,0.5394,0.035,2200698.0,1052304.56,10,0.8019,0.764
CASH-01927,1,LALA,distressed,4,315,0.4264,0.2877,0.1754,0.4194,0.4751,0.2286,0.3318,0.2667,1026948.73,842579.84,9,0.55,0.7
CASH-01928,3,TUBOD,elevated_risk,6,349,0.5993,0.2135,0.1278,0.3122,0.6422,0.8293,0.5512,0.1463,2513491.0,1604988.83,3,0.6424,0.7217
CASH-01929,1,LALA,prime_healthy,11,513,0.8128,0.0921,0.0951,0.2102,0.8771,0.7592,0.642,0.1172,3833319.71,1091649.03,7,0.8652,0.8714
CASH-01930,1,LALA,prime_healthy,5,396,0.8589,0.1288,0.0123,0.2226,0.915,0.8788,0.6818,0.1034,2370203.59,536606.38,9,0.8304,0.8889
CASH-01931,1,LALA,prime_healthy,3,383,0.8111,0.1702,0.0095,0.154,0.9026,0.6232,0.6525,0.45,1701585.16,781726.9,8,0.7748,0.8892
CASH-01932,1,LALA,moderate_stress,3,325,0.7071,0.1695,0.0531,0.2336,0.8634,0.4819,0.6594,0.2503,1071190.6,404988.95,7,0.8084,0.854
CASH-01933,1,LALA,elevated_risk,12,371,0.607,0.2704,0.1014,0.2835,0.5512,0.4881,0.5004,0.2406,1586164.8,897404.94,6,0.5779,0.7578
CASH-01934,1,LALA,moderate_stress,7,304,0.6785,0.2222,0.0809,0.2203,0.7683,0.611,0.5089,0.3836,1550743.26,1048564.8,7,0.658,0.7262
CASH-01935,3,TUBOD,prime_healthy,6,267,0.8234,0.1036,0.0526,0.2817,0.8993,0.7169,0.707,0.0402,1119192.73,240256.99,2,0.7791,0.8565
CASH-01936,2,KAPATAGAN,prime_healthy,6,413,0.7847,0.1135,0.0573,0.1729,0.8704,0.7768,0.8116,0.0823,1533519.9,206859.69,7,0.7719,0.8414
CASH-01937,3,TUBOD,prime_healthy,1,310,0.8485,0.0768,0.0057,0.2115,0.9358,0.2814,0.6798,0.2681,2257890.7,407511.75,6,0.8257,0.8991
CASH-01938,3,TUBOD,moderate_stress,6,363,0.7467,0.1768,0.0765,0.2693,0.7755,0.2722,0.6217,0.1861,2676769.83,1302547.79,1,0.7172,0.7974
CASH-01939,3,TUBOD,prime_healthy,7,341,0.854,0.1238,0.0222,0.1348,0.9748,0.3442,0.7307,0.0368,2435795.33,311143.55,7,0.8467,0.855
CASH-01940,1,LALA,prime_healthy,3,318,0.8283,0.0616,0.0462,0.1552,0.8762,0.5709,0.8014,0.1757,2320283.71,374956.46,7,0.8467,0.8885
CASH-01941,1,LALA,prime_healthy,1,542,0.9345,0.0277,0.0,0.1671,0.898,0.8954,0.6543,0.1429,1970198.18,148509.78,8,0.8225,0.95
CASH-01942,3,TUBOD,moderate_stress,2,306,0.7403,0.2149,0.0448,0.2223,0.7286,0.5285,0.6523,0.2952,2087564.95,1097246.9,1,0.6691,0.8342
CASH-01943,3,TUBOD,prime_healthy,2,343,0.9022,0.0372,0.0607,0.1014,0.82,0.6354,0.8167,0.1873,2262073.49,133728.78,9,0.742,0.8551
CASH-01944,3,TUBOD,distressed,2,336,0.4915,0.3506,0.158,0.4399,0.6501,0.4847,0.3163,0.1955,1791846.77,900278.32,4,0.55,0.7
CASH-01945,2,KAPATAGAN,moderate_stress,4,358,0.6495,0.1036,0.066,0.2866,0.6362,0.6562,0.5442,0.35,1795617.98,273593.78,8,0.6925,0.8528
CASH-01946,3,TUBOD,prime_healthy,8,199,0.8598,0.1131,0.0071,0.1209,0.9313,0.5319,0.7257,0.1545,1583092.2,544820.69,3,0.7843,0.9215
CASH-01947,1,LALA,moderate_stress,11,509,0.6792,0.1604,0.0828,0.1303,0.7894,0.6587,0.7068,0.3272,2659859.86,607900.64,10,0.8009,0.7752
CASH-01948,1,LALA,distressed,10,363,0.35,0.3566,0.2363,0.3927,0.5594,0.2947,0.4092,0.3052,2798967.09,3001169.96,8,0.55,0.7
CASH-01949,2,KAPATAGAN,prime_healthy,3,265,0.8444,0.0878,0.0062,0.157,0.8556,0.6,0.7196,0.1654,2158425.06,276692.42,9,0.832,0.9171
CASH-01950,1,LALA,moderate_stress,2,388,0.8119,0.1361,0.0413,0.3928,0.7416,0.3854,0.6477,0.1944,1850412.16,763158.23,12,0.6548,0.8641
CASH-01951,1,LALA,moderate_stress,5,266,0.7213,0.1547,0.1241,0.292,0.914,0.8492,0.5615,0.0597,1867494.35,731856.93,8,0.7503,0.7315
CASH-01952,2,KAPATAGAN,prime_healthy,9,351,0.8513,0.1213,0.0195,0.0915,0.9674,0.1746,0.7273,0.1206,2768940.71,1015061.78,14,0.828,0.8795
CASH-01953,1,LALA,moderate_stress,3,376,0.8024,0.1444,0.0532,0.2173,0.6385,0.2467,0.6532,0.3976,1477305.72,428965.94,9,0.6652,0.8197
CASH-01954,3,TUBOD,moderate_stress,3,383,0.6066,0.2095,0.0727,0.2298,0.8622,0.1794,0.5835,0.1749,1302928.07,574972.63,6,0.7373,0.7904
CASH-01955,3,TUBOD,elevated_risk,12,196,0.5526,0.239,0.114,0.3871,0.6364,0.8706,0.4095,0.1922,558702.01,322802.63,5,0.6071,0.7046
CASH-01956,1,LALA,moderate_stress,3,286,0.7187,0.105,0.0756,0.1621,0.7517,0.1638,0.3574,0.3387,1129598.53,179570.06,10,0.716,0.8008
CASH-01957,2,KAPATAGAN,prime_healthy,3,310,0.8034,0.1415,0.0449,0.195,1.0,0.3299,0.7656,0.2132,777177.09,211292.12,8,0.8713,0.85
CASH-01958,2,KAPATAGAN,elevated_risk,5,229,0.6788,0.2096,0.1116,0.2916,0.7313,0.6474,0.4935,0.2043,1474687.65,866647.55,12,0.6611,0.7465
CASH-01959,3,TUBOD,prime_healthy,5,423,0.7562,0.0326,0.034,0.2779,0.9363,0.5222,0.8002,0.1038,2577116.8,121573.79,6,0.8942,0.8601
CASH-01960,2,KAPATAGAN,prime_healthy,7,304,0.8425,0.01,0.005,0.1266,0.9078,0.9187,0.8489,0.1289,1201624.24,20874.6,13,0.8756,0.9283
CASH-01961,1,LALA,moderate_stress,9,318,0.7826,0.1916,0.0258,0.3044,0.8585,0.6238,0.5485,0.2477,1438030.94,452416.19,3,0.7494,0.8246
CASH-01962,1,LALA,elevated_risk,5,294,0.643,0.2501,0.0752,0.2879,0.6137,0.564,0.4411,0.2509,1456266.33,488338.81,10,0.6149,0.7228
CASH-01963,2,KAPATAGAN,elevated_risk,3,406,0.5766,0.2275,0.0429,0.3971,0.7683,0.3309,0.3579,0.3294,2618513.17,793618.3,13,0.6958,0.7485
CASH-01964,3,TUBOD,elevated_risk,11,254,0.6044,0.2499,0.1327,0.2837,0.606,0.6965,0.5042,0.2005,2032756.57,1128345.51,3,0.5974,0.7
CASH-01965,3,TUBOD,distressed,10,303,0.3953,0.3609,0.2035,0.3962,0.5517,0.7915,0.2584,0.0621,956421.83,892930.43,7,0.55,0.7
CASH-01966,3,TUBOD,moderate_stress,6,320,0.5897,0.1992,0.0527,0.4233,0.6707,0.3862,0.5126,0.0743,2532643.27,1597380.62,5,0.5931,0.7991
CASH-01967,2,KAPATAGAN,elevated_risk,1,199,0.5907,0.2085,0.0802,0.3547,0.692,0.5918,0.3733,0.2831,811915.03,287999.67,5,0.6114,0.7508
CASH-01968,1,LALA,moderate_stress,3,279,0.7929,0.1883,0.0189,0.2647,0.7093,0.8363,0.4656,0.1321,1470342.33,568933.42,9,0.6435,0.8501
CASH-01969,1,LALA,prime_healthy,2,500,0.7928,0.0805,0.046,0.0983,0.9878,0.1161,0.7907,0.2139,2634071.67,479543.45,7,0.7953,0.8694
CASH-01970,2,KAPATAGAN,prime_healthy,6,363,0.8523,0.0654,0.0357,0.1546,0.9321,0.8512,0.7206,0.1094,2155400.84,159586.01,9,0.8073,0.8861
CASH-01971,3,TUBOD,moderate_stress,11,394,0.6929,0.2214,0.0856,0.2321,0.8252,0.8594,0.2737,0.0477,1098361.11,677676.19,1,0.7626,0.7259
CASH-01972,2,KAPATAGAN,elevated_risk,11,348,0.5718,0.257,0.1032,0.2969,0.6736,0.4941,0.389,0.45,1033597.63,666052.96,5,0.6477,0.706
CASH-01973,2,KAPATAGAN,moderate_stress,3,409,0.6841,0.1829,0.0667,0.2794,0.7632,0.2395,0.3423,0.3241,3143004.72,1701770.07,7,0.6188,0.7606
CASH-01974,1,LALA,distressed,2,408,0.5065,0.274,0.2196,0.3897,0.4262,0.5624,0.172,0.3154,1427855.54,515399.03,13,0.55,0.7
CASH-01975,3,TUBOD,moderate_stress,10,253,0.6551,0.1604,0.1451,0.2247,0.8722,0.5675,0.4796,0.4479,833497.78,327538.05,8,0.7452,0.7
CASH-01976,1,LALA,moderate_stress,9,361,0.7273,0.2314,0.0413,0.2186,0.8417,0.8302,0.5993,0.1802,2449096.71,775928.82,10,0.7896,0.8008
CASH-01977,3,TUBOD,moderate_stress,7,353,0.6775,0.2066,0.0369,0.2831,0.7622,0.5724,0.6701,0.2762,2627024.82,1534109.12,10,0.662,0.8242
CASH-01978,3,TUBOD,distressed,10,410,0.5093,0.2495,0.192,0.3991,0.459,0.6837,0.3261,0.3338,3218210.77,1349760.52,4,0.55,0.7
CASH-01979,1,LALA,elevated_risk,6,433,0.5979,0.2912,0.0729,0.4188,0.7077,0.5635,0.3908,0.1923,3014542.71,2170999.32,10,0.55,0.7086
CASH-01980,2,KAPATAGAN,prime_healthy,5,317,0.8214,0.1454,0.0332,0.1827,0.957,0.2917,0.8205,0.2934,1777637.63,557849.87,7,0.8652,0.8676
CASH-01981,3,TUBOD,moderate_stress,4,353,0.8042,0.138,0.0578,0.2323,0.7844,0.9081,0.4852,0.3369,1884364.09,319796.68,9,0.7028,0.7989
CASH-01982,2,KAPATAGAN,prime_healthy,10,410,0.8372,0.087,0.0159,0.1577,0.8623,0.3517,0.7369,0.2157,2750595.08,663525.48,11,0.7706,0.916
CASH-01983,1,LALA,prime_healthy,6,576,0.7939,0.0123,0.0275,0.0958,0.812,0.2981,0.7451,0.45,3747501.36,109444.46,6,0.7357,0.9039
CASH-01984,1,LALA,moderate_stress,11,352,0.6831,0.1734,0.1435,0.1774,0.8728,0.706,0.5702,0.2642,1495457.15,666283.35,13,0.817,0.7102
CASH-01985,2,KAPATAGAN,elevated_risk,8,548,0.5073,0.2686,0.0994,0.36,0.8443,0.3529,0.4643,0.3504,2252799.85,1075096.36,4,0.6723,0.7122
CASH-01986,2,KAPATAGAN,elevated_risk,11,300,0.6235,0.253,0.1235,0.3519,0.6739,0.9151,0.4037,0.2718,1647559.49,1005149.42,5,0.6474,0.7288
CASH-01987,3,TUBOD,moderate_stress,1,294,0.7203,0.1695,0.1102,0.2391,0.8068,0.2142,0.5933,0.2469,2047615.2,358900.33,3,0.7078,0.766
CASH-01988,1,LALA,elevated_risk,6,479,0.5879,0.3016,0.109,0.352,0.5892,0.5966,0.3886,0.2682,3538553.06,3067232.02,4,0.55,0.7246
CASH-01989,1,LALA,elevated_risk,2,415,0.5972,0.2277,0.1372,0.3652,0.6198,0.1049,0.5238,0.3376,3331368.62,1135005.22,3,0.55,0.7041
CASH-01990,2,KAPATAGAN,moderate_stress,3,108,0.6859,0.2141,0.0221,0.2875,0.7374,0.6956,0.6724,0.1731,843277.16,412435.08,10,0.6816,0.8374
CASH-01991,2,KAPATAGAN,distressed,11,329,0.4591,0.309,0.1376,0.3987,0.639,0.7676,0.3288,0.0567,1969960.33,1763847.89,10,0.597,0.7
CASH-01992,1,LALA,prime_healthy,4,353,0.832,0.1187,0.0493,0.2617,0.895,0.5196,0.7693,0.1253,1612604.96,542002.62,12,0.8414,0.8381
CASH-01993,2,KAPATAGAN,prime_healthy,7,495,0.8373,0.132,0.0307,0.1422,0.8959,0.4097,0.6604,0.1071,1652984.46,568635.34,7,0.7905,0.8518
CASH-01994,1,LALA,prime_healthy,4,428,0.7935,0.108,0.0985,0.1456,1.0,0.6321,0.5409,0.1139,2412714.77,344865.86,12,0.8548,0.7828
CASH-01995,3,TUBOD,elevated_risk,3,313,0.6631,0.2449,0.092,0.3161,0.6312,0.3226,0.3377,0.2765,1507840.88,392665.05,9,0.5898,0.7766
CASH-01996,1,LALA,moderate_stress,2,426,0.7563,0.1984,0.0453,0.2448,0.7518,0.2146,0.5499,0.2342,2023634.73,608981.55,4,0.7071,0.829
CASH-01997,1,LALA,elevated_risk,1,327,0.6742,0.1927,0.1331,0.3164,0.7078,0.1067,0.5015,0.3683,1182932.44,619548.27,6,0.573,0.7407
CASH-01998,3,TUBOD,moderate_stress,1,357,0.7632,0.1505,0.0433,0.2755,0.8013,0.7865,0.5165,0.45,1859289.75,339503.37,7,0.6252,0.8357
CASH-01999,3,TUBOD,elevated_risk,8,271,0.6063,0.2559,0.0748,0.2908,0.6823,0.11,0.3664,0.45,1446291.51,390465.72,2,0.6285,0.7357
CASH-02000,2,KAPATAGAN,elevated_risk,11,430,0.4907,0.2153,0.1197,0.3444,0.7307,0.2835,0.369,0.0748,3462962.1,2124053.44,12,0.7198,0.7
CASH-02001,2,KAPATAGAN,moderate_stress,6,353,0.6503,0.1322,0.0815,0.172,0.8392,0.8818,0.6349,0.1489,2223563.64,635026.53,4,0.7533,0.8402
CASH-02002,2,KAPATAGAN,moderate_stress,9,377,0.777,0.1541,0.0689,0.2486,0.6908,0.2147,0.6654,0.2527,1422249.83,530725.64,4,0.6734,0.7928
CASH-02003,2,KAPATAGAN,moderate_stress,10,334,0.7087,0.1873,0.0836,0.1719,0.7024,0.5478,0.5348,0.2923,1601276.53,873872.27,10,0.6176,0.7883
CASH-02004,2,KAPATAGAN,prime_healthy,12,386,0.7627,0.0795,0.0,0.1826,1.0,0.7235,0.6858,0.3816,1592370.74,387044.29,14,0.9494,0.9256
CASH-02005,2,KAPATAGAN,moderate_stress,12,358,0.7295,0.1648,0.1057,0.2356,0.7852,0.1367,0.4747,0.2002,913364.88,318218.35,9,0.7694,0.7384
CASH-02006,3,TUBOD,elevated_risk,6,371,0.6592,0.2377,0.103,0.3113,0.6219,0.6774,0.3992,0.1046,2343401.42,1609535.99,7,0.55,0.7592
CASH-02007,2,KAPATAGAN,elevated_risk,3,463,0.6212,0.2558,0.123,0.3276,0.5855,0.846,0.3995,0.4485,1429582.23,1071365.41,8,0.5607,0.7
CASH-02008,1,LALA,moderate_stress,12,203,0.6788,0.1995,0.0817,0.3059,0.8286,0.8195,0.5482,0.1772,1363890.79,377189.49,9,0.7964,0.7573
CASH-02009,3,TUBOD,prime_healthy,7,319,0.7944,0.0693,0.0481,0.22,0.872,0.3395,0.7874,0.45,2102323.48,287334.78,7,0.77,0.8958
CASH-02010,1,LALA,moderate_stress,6,307,0.7151,0.2227,0.0622,0.2539,0.8142,0.219,0.5504,0.45,1648122.63,1146967.82,8,0.6652,0.8336
CASH-02011,3,TUBOD,prime_healthy,1,404,0.8644,0.1356,0.0,0.2263,0.9175,0.1071,0.8396,0.132,2596912.97,1028400.92,4,0.7851,0.8951
CASH-02012,2,KAPATAGAN,moderate_stress,1,376,0.7029,0.2176,0.0717,0.243,0.797,0.2075,0.5588,0.1351,1845682.31,771702.99,7,0.6562,0.7852
CASH-02013,2,KAPATAGAN,elevated_risk,1,511,0.6309,0.2747,0.0677,0.3584,0.7486,0.837,0.376,0.3468,3018423.58,1230019.82,10,0.6284,0.7426
CASH-02014,1,LALA,prime_healthy,7,426,0.7872,0.0461,0.0878,0.2171,0.9923,0.5668,0.8378,0.4433,2546183.41,269372.56,9,0.8288,0.8359
CASH-02015,3,TUBOD,prime_healthy,4,171,0.8725,0.0636,0.0639,0.0921,0.8568,0.1398,0.7904,0.4497,643431.26,56681.09,5,0.7634,0.8846
CASH-02016,1,LALA,prime_healthy,3,484,0.7381,0.0903,0.0,0.1692,0.9125,0.1285,0.6172,0.2944,1735638.97,389635.66,4,0.814,0.9308
CASH-02017,3,TUBOD,prime_healthy,4,317,0.8205,0.041,0.0413,0.2358,0.9595,0.3924,0.7976,0.2165,2047800.19,85755.15,12,0.8655,0.9155
CASH-02018,3,TUBOD,prime_healthy,8,152,0.8153,0.0781,0.0354,0.2481,0.886,0.7055,0.6261,0.3382,393589.62,39863.02,5,0.7731,0.8929
CASH-02019,1,LALA,distressed,5,381,0.4998,0.2977,0.1485,0.4376,0.6067,0.5913,0.2191,0.3504,1606257.69,1047955.52,6,0.55,0.7
CASH-02020,1,LALA,moderate_stress,10,516,0.726,0.1768,0.0972,0.2195,0.8235,0.6478,0.6242,0.3469,2853190.05,1521185.21,11,0.7209,0.7894
CASH-02021,1,LALA,moderate_stress,2,316,0.8018,0.1676,0.0306,0.3154,0.7812,0.6872,0.6189,0.3398,1505757.71,372463.75,15,0.6816,0.8658
CASH-02022,2,KAPATAGAN,moderate_stress,7,429,0.7416,0.1767,0.0542,0.1863,0.866,0.4772,0.5755,0.2634,2227190.82,790374.59,8,0.7344,0.823
CASH-02023,3,TUBOD,prime_healthy,5,244,0.8219,0.1781,0.0,0.1643,0.9266,0.7996,0.7976,0.0583,1571998.72,782035.16,5,0.8203,0.8872
CASH-02024,3,TUBOD,prime_healthy,11,352,0.809,0.1304,0.0431,0.1594,0.9662,0.2748,0.6963,0.0548,1883710.37,752163.84,10,0.9035,0.8345
CASH-02025,2,KAPATAGAN,moderate_stress,3,368,0.6544,0.1581,0.0619,0.3086,0.8025,0.7519,0.6868,0.45,1050239.51,219727.77,5,0.7248,0.7969
CASH-02026,1,LALA,moderate_stress,4,280,0.7253,0.2285,0.0459,0.2741,0.7104,0.7619,0.7367,0.2384,1533998.18,645435.55,4,0.7078,0.8435
CASH-02027,1,LALA,moderate_stress,3,422,0.6211,0.2002,0.0452,0.2547,0.8016,0.3296,0.6534,0.1081,2734929.49,1307043.35,11,0.692,0.8102
CASH-02028,2,KAPATAGAN,distressed,3,233,0.4748,0.3041,0.16,0.4019,0.7188,0.8641,0.3576,0.2617,1801863.71,1169771.6,10,0.5768,0.7
CASH-02029,1,LALA,prime_healthy,4,236,0.8599,0.0781,0.062,0.1972,0.9231,0.2848,0.7831,0.2613,1947358.78,171287.8,6,0.8243,0.8632
CASH-02030,3,TUBOD,distressed,12,301,0.4746,0.3365,0.136,0.3906,0.4303,0.1267,0.303,0.2954,2362521.0,1673553.41,5,0.55,0.7
CASH-02031,2,KAPATAGAN,distressed,3,406,0.5205,0.31,0.1546,0.2795,0.4503,0.4417,0.2187,0.3351,2938197.26,2788093.52,8,0.55,0.7
CASH-02032,1,LALA,moderate_stress,3,331,0.7037,0.1941,0.0936,0.2302,0.8192,0.7798,0.6195,0.0553,1172770.21,692111.61,6,0.8011,0.7654
CASH-02033,2,KAPATAGAN,elevated_risk,9,489,0.5968,0.2411,0.1021,0.2849,0.6722,0.6432,0.5717,0.2326,3727578.07,2838789.42,8,0.6808,0.7444
CASH-02034,1,LALA,moderate_stress,8,402,0.7835,0.0844,0.0426,0.2116,0.7825,0.569,0.3988,0.1606,1624738.83,276678.92,1,0.7215,0.8554
CASH-02035,3,TUBOD,moderate_stress,9,375,0.67,0.1495,0.0669,0.2409,0.8541,0.1858,0.6197,0.0517,1010513.08,166431.22,6,0.7603,0.8486
CASH-02036,2,KAPATAGAN,distressed,10,375,0.5675,0.2541,0.1784,0.449,0.6183,0.2541,0.3367,0.2353,3182800.92,1116420.71,6,0.55,0.7
CASH-02037,2,KAPATAGAN,prime_healthy,5,329,0.8112,0.1512,0.0376,0.1459,0.9125,0.4601,0.7183,0.3706,2259215.92,833736.44,5,0.8447,0.8328
CASH-02038,2,KAPATAGAN,moderate_stress,6,272,0.5685,0.1211,0.066,0.2896,0.8574,0.1934,0.5514,0.1261,2167796.7,600802.75,6,0.6767,0.8038
CASH-02039,3,TUBOD,elevated_risk,12,449,0.5158,0.2848,0.1297,0.3719,0.7333,0.8761,0.4843,0.1445,2413476.5,1266316.24,11,0.6958,0.7
CASH-02040,3,TUBOD,moderate_stress,4,310,0.6102,0.1673,0.0714,0.2664,0.9322,0.7822,0.529,0.2612,2230200.35,1023682.49,7,0.8078,0.8005
CASH-02041,2,KAPATAGAN,moderate_stress,12,447,0.8165,0.1398,0.0436,0.3069,0.8193,0.8335,0.6381,0.1162,1930353.87,280535.8,6,0.8393,0.8612
CASH-02042,1,LALA,moderate_stress,7,460,0.6443,0.2864,0.0249,0.2378,0.786,0.1983,0.6087,0.2847,3587237.9,1643298.12,7,0.6805,0.7852
CASH-02043,2,KAPATAGAN,elevated_risk,8,272,0.6223,0.2857,0.0675,0.369,0.5636,0.6477,0.4092,0.3661,1231741.51,480639.84,5,0.55,0.7357
CASH-02044,3,TUBOD,prime_healthy,12,282,0.832,0.1107,0.0573,0.2339,0.9319,0.1235,0.8086,0.45,878375.38,127588.79,12,0.9336,0.8192
CASH-02045,1,LALA,prime_healthy,6,540,0.7824,0.1356,0.0032,0.2729,0.7964,0.1121,0.6539,0.45,1715585.01,496417.91,4,0.7315,0.9064
CASH-02046,2,KAPATAGAN,elevated_risk,5,252,0.5771,0.2837,0.1393,0.3541,0.6345,0.508,0.4823,0.368,716167.98,597920.88,6,0.5883,0.7
CASH-02047,3,TUBOD,moderate_stress,5,431,0.7521,0.1895,0.024,0.23,0.8839,0.52,0.6216,0.158,3187582.62,958026.04,3,0.7667,0.874
CASH-02048,1,LALA,elevated_risk,4,485,0.581,0.1985,0.0933,0.3029,0.7251,0.3157,0.3801,0.3587,2490841.0,1546065.64,10,0.6453,0.7449
CASH-02049,3,TUBOD,prime_healthy,12,321,0.7463,0.0997,0.0645,0.2251,0.7813,0.5903,0.6675,0.299,1995274.71,377787.0,6,0.8064,0.8351
CASH-02050,2,KAPATAGAN,moderate_stress,11,351,0.7504,0.1879,0.0292,0.1294,0.8031,0.8506,0.7162,0.1835,1074379.38,439180.62,4,0.8191,0.8747
CASH-02051,2,KAPATAGAN,elevated_risk,10,304,0.5343,0.3162,0.1175,0.2903,0.7706,0.229,0.3458,0.3924,1579617.45,756881.0,8,0.6319,0.7
CASH-02052,3,TUBOD,elevated_risk,4,326,0.6704,0.2223,0.1072,0.2858,0.7561,0.835,0.4862,0.1824,2258418.58,1377947.28,7,0.6739,0.7223
CASH-02053,1,LALA,distressed,6,340,0.4008,0.3513,0.1417,0.3994,0.4987,0.888,0.1993,0.424,908905.09,432991.53,9,0.55,0.7
CASH-02054,2,KAPATAGAN,prime_healthy,6,247,0.8586,0.01,0.0301,0.1555,1.0,0.157,0.7864,0.1865,1056469.6,22102.24,15,0.844,0.95
CASH-02055,2,KAPATAGAN,moderate_stress,9,233,0.7448,0.147,0.1081,0.3481,0.7713,0.2499,0.619,0.2692,1106263.2,236378.16,9,0.6719,0.7479
CASH-02056,2,KAPATAGAN,elevated_risk,9,409,0.6625,0.2245,0.113,0.2393,0.6953,0.6386,0.3317,0.2383,3245379.99,1355928.55,9,0.5901,0.7
CASH-02057,1,LALA,distressed,2,390,0.396,0.3802,0.1767,0.3985,0.5873,0.7711,0.2223,0.2135,3090482.37,1933570.32,11,0.55,0.7
CASH-02058,3,TUBOD,moderate_stress,3,299,0.7121,0.1787,0.1092,0.2979,0.8147,0.8399,0.5408,0.3426,1517641.26,325254.02,2,0.7203,0.7342
CASH-02059,2,KAPATAGAN,elevated_risk,2,454,0.589,0.2851,0.1259,0.3393,0.5696,0.3422,0.4706,0.45,3549747.99,1198683.08,15,0.55,0.7
CASH-02060,2,KAPATAGAN,distressed,5,276,0.476,0.3472,0.1768,0.3348,0.51,0.2137,0.3059,0.2017,1992171.55,1018840.63,4,0.55,0.7
CASH-02061,1,LALA,prime_healthy,5,504,0.7785,0.1442,0.0298,0.218,0.9234,0.907,0.8436,0.0586,3821730.1,744493.53,12,0.851,0.8784
CASH-02062,1,LALA,moderate_stress,6,570,0.7582,0.1568,0.085,0.2803,0.7901,0.5609,0.4388,0.1282,4162063.23,1741207.77,18,0.6518,0.8229
CASH-02063,2,KAPATAGAN,moderate_stress,4,238,0.635,0.1849,0.0709,0.2517,0.8138,0.7131,0.5301,0.1445,959290.53,356809.57,10,0.7471,0.7841
CASH-02064,1,LALA,prime_healthy,12,400,0.9074,0.0923,0.0003,0.2793,0.9125,0.1313,0.9,0.1188,2063327.28,453980.63,6,0.9597,0.95
CASH-02065,2,KAPATAGAN,prime_healthy,6,358,0.8263,0.1088,0.0649,0.0974,1.0,0.3529,0.7289,0.221,2746624.84,319614.86,8,0.8136,0.8179
CASH-02066,3,TUBOD,moderate_stress,4,363,0.7302,0.1875,0.0823,0.1571,0.8218,0.5392,0.6391,0.277,2965144.07,1155486.09,5,0.6561,0.822
CASH-02067,3,TUBOD,distressed,11,308,0.4998,0.2986,0.2016,0.3486,0.5446,0.8966,0.3625,0.2085,2307474.36,2133633.51,6,0.55,0.7
CASH-02068,1,LALA,elevated_risk,5,466,0.6608,0.2089,0.0448,0.3917,0.5639,0.5628,0.4663,0.168,2894730.47,662374.29,15,0.5837,0.8158
CASH-02069,1,LALA,distressed,5,518,0.4297,0.2966,0.2642,0.3866,0.7092,0.8766,0.395,0.1879,3910308.33,3560797.02,6,0.55,0.7
CASH-02070,3,TUBOD,moderate_stress,9,320,0.683,0.1293,0.0606,0.2308,0.8194,0.7662,0.5692,0.1648,2040506.65,641826.54,10,0.75,0.86
CASH-02071,3,TUBOD,prime_healthy,8,234,0.898,0.0667,0.0353,0.1779,0.7856,0.3621,0.733,0.3198,774923.11,135887.09,1,0.765,0.8548
CASH-02072,2,KAPATAGAN,prime_healthy,1,323,0.822,0.0476,0.0395,0.1834,1.0,0.1551,0.7338,0.0932,1039545.52,139994.06,6,0.819,0.8934
CASH-02073,2,KAPATAGAN,prime_healthy,5,555,0.8295,0.1058,0.0178,0.1743,0.8396,0.3546,0.5764,0.45,2240788.7,355839.03,5,0.7495,0.8822
CASH-02074,1,LALA,distressed,11,325,0.555,0.2758,0.1546,0.393,0.4265,0.5865,0.2856,0.1077,1109988.86,760681.82,9,0.5662,0.7
CASH-02075,3,TUBOD,prime_healthy,12,340,0.8233,0.1035,0.0731,0.1801,0.8877,0.8703,0.6704,0.2419,1349833.56,325542.8,8,0.9178,0.8109
CASH-02076,2,KAPATAGAN,prime_healthy,4,402,0.8497,0.1297,0.0,0.1793,0.8669,0.2313,0.743,0.3281,1860514.13,672720.07,8,0.8146,0.9082
CASH-02077,2,KAPATAGAN,prime_healthy,7,448,0.8211,0.1153,0.0636,0.2077,0.8687,0.4213,0.6275,0.1763,2479242.92,607692.29,9,0.7353,0.8449
CASH-02078,1,LALA,moderate_stress,6,260,0.6555,0.1925,0.0966,0.3426,0.7267,0.3066,0.586,0.3263,1920203.39,1002415.77,8,0.6027,0.7829
CASH-02079,1,LALA,moderate_stress,12,277,0.7587,0.217,0.0242,0.2529,0.935,0.832,0.5732,0.1353,1997875.54,688414.67,6,0.9148,0.8293
CASH-02080,2,KAPATAGAN,moderate_stress,8,317,0.6445,0.1387,0.0852,0.2508,0.7958,0.3793,0.4441,0.1498,978491.34,331494.37,4,0.6862,0.8228
CASH-02081,3,TUBOD,prime_healthy,7,346,0.774,0.1423,0.0741,0.1247,0.9216,0.3909,0.7923,0.0537,2304550.12,908322.36,8,0.7692,0.792
CASH-02082,1,LALA,moderate_stress,10,390,0.7767,0.1799,0.0435,0.2907,0.8511,0.3334,0.5788,0.2578,2166096.07,736023.59,7,0.7735,0.8408
CASH-02083,2,KAPATAGAN,moderate_stress,12,303,0.8341,0.097,0.0234,0.3365,0.8229,0.285,0.6488,0.4232,2511938.66,673347.54,13,0.8395,0.8579
CASH-02084,3,TUBOD,moderate_stress,8,322,0.667,0.2543,0.0545,0.2357,0.7572,0.4708,0.4153,0.4298,1083326.83,880456.31,8,0.6366,0.794
CASH-02085,1,LALA,prime_healthy,4,321,0.8749,0.0684,0.0567,0.2643,0.8797,0.7477,0.8517,0.1666,1130615.09,160698.31,14,0.8372,0.8644
CASH-02086,2,KAPATAGAN,distressed,12,260,0.5048,0.3522,0.143,0.3392,0.4633,0.5576,0.4389,0.1825,1895037.15,1466875.37,13,0.55,0.7
CASH-02087,3,TUBOD,elevated_risk,5,415,0.5934,0.2651,0.1415,0.3437,0.7173,0.4081,0.4915,0.4226,2419763.48,1880965.52,9,0.5699,0.7
CASH-02088,2,KAPATAGAN,elevated_risk,12,464,0.5151,0.2776,0.1795,0.2923,0.8409,0.5216,0.5355,0.0948,2307854.79,1941602.83,6,0.7523,0.7
CASH-02089,2,KAPATAGAN,elevated_risk,3,458,0.6362,0.1973,0.1665,0.3016,0.6375,0.4633,0.3753,0.138,2418521.92,499618.95,7,0.5706,0.7
CASH-02090,2,KAPATAGAN,moderate_stress,11,435,0.6251,0.2553,0.0461,0.2413,0.781,0.7186,0.6126,0.45,2153365.59,920389.99,6,0.7248,0.7934
CASH-02091,2,KAPATAGAN,elevated_risk,3,404,0.6017,0.3155,0.0543,0.2601,0.7455,0.902,0.3619,0.1656,2560947.83,912582.76,4,0.6833,0.777
CASH-02092,2,KAPATAGAN,prime_healthy,4,368,0.8528,0.0593,0.0879,0.1734,0.9516,0.1948,0.8545,0.1011,2922331.16,339369.25,8,0.8429,0.8209
CASH-02093,1,LALA,prime_healthy,1,373,0.7504,0.175,0.0393,0.2406,0.9054,0.7299,0.6494,0.2569,2594151.19,1398578.98,3,0.6947,0.8785
CASH-02094,2,KAPATAGAN,prime_healthy,5,388,0.7573,0.0524,0.0856,0.1444,0.8921,0.5512,0.6842,0.1474,1577576.65,165895.14,9,0.8059,0.8376
CASH-02095,1,LALA,prime_healthy,6,546,0.8135,0.1482,0.0383,0.1073,0.9275,0.5917,0.7631,0.0429,3651634.82,1003788.09,5,0.7906,0.8635
CASH-02096,3,TUBOD,moderate_stress,7,278,0.7036,0.1996,0.092,0.2325,0.8989,0.4563,0.6073,0.133,1894012.18,556162.18,5,0.8015,0.7786
CASH-02097,2,KAPATAGAN,prime_healthy,1,601,0.8117,0.0918,0.0386,0.1484,0.9827,0.3581,0.8406,0.077,3227404.66,580027.3,10,0.8133,0.8834
CASH-02098,2,KAPATAGAN,moderate_stress,11,253,0.7022,0.1924,0.0733,0.1812,0.9254,0.2143,0.5842,0.138,1045354.79,573147.35,10,0.8013,0.7747
CASH-02099,1,LALA,elevated_risk,6,451,0.6175,0.2227,0.1596,0.3391,0.7913,0.5028,0.4104,0.1127,3022215.77,764625.71,5,0.6524,0.7
CASH-02100,1,LALA,distressed,2,255,0.4494,0.3543,0.1963,0.3056,0.5478,0.1089,0.4073,0.2561,852608.85,434295.97,4,0.55,0.7
CASH-02101,2,KAPATAGAN,distressed,8,463,0.5357,0.3236,0.1121,0.4536,0.5401,0.1687,0.3234,0.2793,2928196.76,3014108.05,7,0.55,0.7
CASH-02102,2,KAPATAGAN,distressed,5,280,0.4781,0.3926,0.1293,0.3373,0.5452,0.6321,0.3568,0.2192,1046965.65,987942.05,9,0.55,0.7
CASH-02103,3,TUBOD,elevated_risk,12,323,0.6192,0.2981,0.0827,0.292,0.6748,0.5466,0.4143,0.45,1322736.28,740349.8,14,0.6592,0.7537
CASH-02104,3,TUBOD,prime_healthy,2,229,0.8636,0.0785,0.0579,0.2106,0.9634,0.6129,0.7158,0.3512,1440928.81,256228.43,10,0.8177,0.8555
CASH-02105,2,KAPATAGAN,prime_healthy,8,391,0.8186,0.0802,0.0091,0.1253,0.914,0.4668,0.6456,0.3779,1276187.85,136411.1,11,0.7882,0.907
CASH-02106,1,LALA,moderate_stress,11,496,0.6913,0.1392,0.0762,0.2208,0.8575,0.1147,0.6463,0.1028,3041921.23,1131295.63,10,0.8383,0.7988
CASH-02107,3,TUBOD,prime_healthy,4,334,0.8819,0.1068,0.0112,0.1363,0.9463,0.8697,0.6382,0.0438,2482483.01,703302.03,6,0.8239,0.8921
CASH-02108,3,TUBOD,moderate_stress,8,416,0.7371,0.1842,0.0788,0.1909,0.699,0.4977,0.6069,0.2221,2590995.42,1465247.01,8,0.636,0.786
CASH-02109,1,LALA,moderate_stress,11,347,0.6974,0.224,0.0782,0.2567,0.7209,0.3699,0.6258,0.05,2118615.74,527832.46,7,0.7451,0.7821
CASH-02110,2,KAPATAGAN,moderate_stress,12,291,0.7428,0.1755,0.0817,0.2291,0.7275,0.6098,0.5758,0.1685,935457.22,274178.79,13,0.7567,0.7777
CASH-02111,3,TUBOD,moderate_stress,11,291,0.6936,0.1972,0.1093,0.2023,0.7909,0.7338,0.6697,0.2634,1878464.23,585900.68,3,0.7582,0.7574
CASH-02112,3,TUBOD,moderate_stress,9,365,0.7475,0.1846,0.0679,0.2918,0.7878,0.8241,0.6588,0.3992,2555404.58,472879.31,2,0.7073,0.8048
CASH-02113,3,TUBOD,moderate_stress,8,387,0.7016,0.2065,0.0918,0.339,0.8198,0.2931,0.5798,0.2874,1847624.95,620777.59,4,0.6512,0.7342
CASH-02114,2,KAPATAGAN,prime_healthy,5,224,0.841,0.1231,0.036,0.1337,0.9716,0.9122,0.6561,0.1777,758084.24,115538.28,8,0.8271,0.858
CASH-02115,1,LALA,moderate_stress,12,266,0.6589,0.1555,0.058,0.2389,0.8026,0.8663,0.5444,0.3709,680022.89,199437.87,12,0.7946,0.8469
CASH-02116,1,LALA,prime_healthy,2,308,0.8542,0.068,0.0,0.181,0.8262,0.5767,0.6913,0.1506,957238.81,112703.01,10,0.7757,0.9124
CASH-02117,3,TUBOD,elevated_risk,11,337,0.6241,0.275,0.0966,0.3082,0.5602,0.1222,0.4146,0.1179,1620961.48,610725.56,8,0.6238,0.7104
CASH-02118,3,TUBOD,prime_healthy,10,238,0.8825,0.0376,0.0755,0.1592,1.0,0.1727,0.6291,0.3232,1786540.68,189370.39,3,0.8545,0.8411
CASH-02119,1,LALA,prime_healthy,12,352,0.8363,0.124,0.0397,0.1867,0.873,0.8344,0.803,0.1609,1524449.44,331060.75,11,0.8481,0.8905
CASH-02120,2,KAPATAGAN,elevated_risk,3,344,0.5751,0.2767,0.0607,0.2487,0.6903,0.5869,0.2997,0.1775,1297326.91,434420.23,8,0.6111,0.718
CASH-02121,1,LALA,elevated_risk,6,392,0.6064,0.2972,0.0713,0.2912,0.7487,0.5876,0.4748,0.45,3061286.99,1224788.98,6,0.5556,0.7445
CASH-02122,1,LALA,moderate_stress,9,483,0.6136,0.1832,0.0436,0.2296,0.8337,0.1257,0.5936,0.3987,2603967.29,1242584.7,7,0.7076,0.8117
CASH-02123,3,TUBOD,moderate_stress,7,272,0.6797,0.1233,0.0287,0.2912,0.7667,0.7108,0.7134,0.4201,928980.09,351081.58,2,0.6869,0.913
CASH-02124,1,LALA,elevated_risk,2,410,0.5835,0.2468,0.1519,0.3332,0.6887,0.3828,0.34,0.1885,2861432.32,1728418.13,8,0.5578,0.7
CASH-02125,3,TUBOD,elevated_risk,5,322,0.6438,0.2407,0.1155,0.3757,0.6214,0.1782,0.3521,0.2359,1170542.21,515074.15,3,0.55,0.7
CASH-02126,1,LALA,elevated_risk,4,476,0.5715,0.2994,0.1291,0.2406,0.7163,0.1917,0.3613,0.1894,1226786.14,425605.76,0,0.6105,0.7
CASH-02127,3,TUBOD,moderate_stress,12,263,0.7731,0.1264,0.1005,0.237,0.8556,0.6658,0.5793,0.1255,1639523.91,490839.86,10,0.906,0.7552
CASH-02128,1,LALA,elevated_risk,5,438,0.5989,0.2472,0.1524,0.2553,0.664,0.6844,0.4711,0.0851,2497835.74,1076851.71,2,0.605,0.7
CASH-02129,1,LALA,moderate_stress,8,436,0.6949,0.1945,0.1069,0.262,0.8985,0.4571,0.7032,0.2126,2278525.67,1155851.6,12,0.7539,0.7771
CASH-02130,2,KAPATAGAN,moderate_stress,6,383,0.7723,0.1644,0.0633,0.2703,0.9124,0.302,0.5403,0.0338,2384936.46,398707.78,8,0.7867,0.7945
CASH-02131,2,KAPATAGAN,prime_healthy,6,390,0.8119,0.1481,0.0401,0.1617,0.9246,0.5379,0.5615,0.45,3131776.02,1180297.81,7,0.7875,0.8542
CASH-02132,3,TUBOD,elevated_risk,6,223,0.5474,0.2328,0.1033,0.3872,0.7231,0.3077,0.4261,0.4298,1199588.58,726310.08,8,0.5981,0.7
CASH-02133,1,LALA,distressed,7,341,0.5246,0.3083,0.1672,0.3583,0.6032,0.5862,0.3641,0.2197,1792194.06,924615.34,9,0.55,0.7
CASH-02134,2,KAPATAGAN,moderate_stress,2,334,0.6548,0.1266,0.1009,0.2676,0.7778,0.4102,0.6034,0.1726,1437627.36,481689.67,8,0.6739,0.7966
CASH-02135,3,TUBOD,prime_healthy,12,319,0.8408,0.1088,0.0314,0.2496,0.9419,0.3592,0.747,0.1416,2505909.35,674745.57,7,0.9281,0.8936
CASH-02136,1,LALA,moderate_stress,8,495,0.7023,0.2371,0.0605,0.2196,0.7566,0.5011,0.7663,0.0375,4029740.6,2409603.04,8,0.7168,0.8322
CASH-02137,3,TUBOD,prime_healthy,5,440,0.8889,0.0931,0.018,0.0976,0.9517,0.2786,0.6488,0.1122,1446184.42,341002.77,3,0.8568,0.8672
CASH-02138,3,TUBOD,elevated_risk,10,304,0.5058,0.3491,0.1051,0.3349,0.6454,0.4626,0.3443,0.0491,1652958.81,937968.18,7,0.567,0.7
CASH-02139,1,LALA,prime_healthy,3,406,0.7631,0.1263,0.0649,0.1929,0.7837,0.8343,0.5932,0.196,3039814.63,490322.38,14,0.7274,0.814
CASH-02140,1,LALA,prime_healthy,6,547,0.8479,0.126,0.0261,0.1943,0.8076,0.8696,0.708,0.1776,3910388.41,1525320.09,2,0.7463,0.8693
CASH-02141,2,KAPATAGAN,moderate_stress,6,305,0.7207,0.0831,0.0938,0.2512,0.7718,0.7404,0.602,0.175,2075377.3,332981.12,6,0.6879,0.8211
CASH-02142,3,TUBOD,prime_healthy,12,277,0.8628,0.1199,0.0173,0.1968,0.9365,0.4537,0.6892,0.2505,788449.03,186191.88,7,0.9184,0.9171
CASH-02143,1,LALA,moderate_stress,1,392,0.6215,0.2353,0.0517,0.2649,0.8012,0.5398,0.5515,0.1121,1860535.21,597896.86,12,0.6842,0.8374
CASH-02144,2,KAPATAGAN,distressed,5,477,0.4659,0.3071,0.1727,0.3397,0.5503,0.5344,0.3046,0.4178,2757621.67,1167890.95,9,0.55,0.7
CASH-02145,2,KAPATAGAN,prime_healthy,7,491,0.763,0.1069,0.0715,0.1063,0.9564,0.4827,0.6716,0.1906,1947880.15,462071.33,8,0.8129,0.8017
CASH-02146,2,KAPATAGAN,prime_healthy,1,336,0.8158,0.0488,0.0146,0.2193,0.8461,0.8369,0.7591,0.2626,2664175.04,333032.96,6,0.7506,0.9385
CASH-02147,3,TUBOD,moderate_stress,3,330,0.7647,0.1603,0.075,0.3031,0.7428,0.7396,0.6612,0.3097,1041799.06,333405.91,4,0.671,0.7804
CASH-02148,1,LALA,prime_healthy,8,431,0.8478,0.0453,0.0,0.1721,1.0,0.3309,0.9,0.297,3418581.13,270496.17,5,0.8816,0.9448
CASH-02149,2,KAPATAGAN,elevated_risk,12,314,0.6031,0.2492,0.1477,0.3264,0.5788,0.6505,0.5335,0.25,913404.59,445133.53,8,0.6191,0.7
CASH-02150,3,TUBOD,prime_healthy,5,248,0.848,0.0741,0.0572,0.2399,0.9507,0.5615,0.6512,0.2873,1640320.18,146909.43,9,0.8412,0.8215
CASH-02151,2,KAPATAGAN,prime_healthy,5,268,0.8189,0.1017,0.0371,0.136,0.8295,0.367,0.8139,0.208,937466.27,232265.23,11,0.811,0.8854
CASH-02152,1,LALA,elevated_risk,11,307,0.6388,0.2874,0.0739,0.2605,0.7043,0.4302,0.459,0.1998,1174327.78,957485.92,8,0.7005,0.7625
CASH-02153,2,KAPATAGAN,moderate_stress,12,359,0.7172,0.224,0.0588,0.2461,0.8773,0.442,0.4388,0.1482,2648427.84,675716.92,8,0.8614,0.7829
CASH-02154,2,KAPATAGAN,prime_healthy,3,456,0.8391,0.0562,0.0511,0.1909,1.0,0.1378,0.6745,0.1587,2706663.23,283448.68,2,0.9028,0.8927
CASH-02155,3,TUBOD,moderate_stress,10,293,0.6463,0.208,0.0918,0.2242,0.8079,0.529,0.658,0.4174,1977129.4,868924.66,6,0.6526,0.758
CASH-02156,1,LALA,prime_healthy,9,567,0.7843,0.1317,0.031,0.2561,0.8428,0.8431,0.7315,0.386,1861833.35,675045.3,14,0.8002,0.9002
CASH-02157,1,LALA,moderate_stress,3,317,0.7048,0.164,0.0743,0.2687,0.737,0.5313,0.668,0.1136,2282024.38,985800.77,11,0.7279,0.7877
CASH-02158,2,KAPATAGAN,elevated_risk,12,299,0.5854,0.2521,0.1504,0.3671,0.6579,0.2733,0.4042,0.3128,1574488.67,807987.51,15,0.6165,0.7
CASH-02159,3,TUBOD,distressed,3,238,0.4896,0.3152,0.1538,0.434,0.4247,0.3454,0.3225,0.1465,1138953.73,996075.29,2,0.55,0.7
CASH-02160,2,KAPATAGAN,distressed,5,281,0.3979,0.3543,0.1838,0.3599,0.5992,0.4204,0.3134,0.2414,1106968.62,843278.5,5,0.55,0.7
CASH-02161,3,TUBOD,elevated_risk,5,322,0.5307,0.2636,0.132,0.2284,0.7808,0.1447,0.4578,0.169,1696186.31,1222031.01,3,0.6709,0.7
CASH-02162,3,TUBOD,prime_healthy,10,417,0.8672,0.118,0.0147,0.1702,0.9707,0.7078,0.7647,0.2274,2013593.68,590442.54,11,0.8792,0.9096
CASH-02163,1,LALA,moderate_stress,7,368,0.7226,0.1713,0.0882,0.2485,0.7498,0.7376,0.5794,0.1532,1024397.07,318640.09,6,0.6671,0.7722
CASH-02164,2,KAPATAGAN,prime_healthy,9,528,0.8891,0.0747,0.0362,0.1399,0.9604,0.7267,0.7951,0.1813,2678663.11,554866.3,9,0.8079,0.8881
CASH-02165,1,LALA,moderate_stress,3,399,0.735,0.1169,0.0458,0.2846,0.8376,0.4131,0.4649,0.1556,2420292.92,384178.41,7,0.7289,0.8268
CASH-02166,2,KAPATAGAN,elevated_risk,2,360,0.5057,0.2957,0.0826,0.3448,0.6094,0.4056,0.3409,0.1685,1760550.69,752555.8,10,0.5893,0.7
CASH-02167,3,TUBOD,distressed,1,332,0.5068,0.3185,0.1746,0.4338,0.6323,0.1881,0.2772,0.1275,1190880.16,833768.69,8,0.55,0.7
CASH-02168,1,LALA,elevated_risk,6,298,0.6131,0.2774,0.1095,0.4041,0.7642,0.7947,0.417,0.2246,771313.46,482329.11,7,0.6345,0.7
CASH-02169,2,KAPATAGAN,prime_healthy,12,359,0.7827,0.1345,0.0167,0.3098,1.0,0.3346,0.6586,0.1511,2952671.08,821638.33,7,0.9587,0.8945
CASH-02170,1,LALA,prime_healthy,6,574,0.8792,0.0853,0.0341,0.2117,0.8658,0.5631,0.5894,0.1317,3726209.41,699207.41,9,0.7839,0.8769
CASH-02171,3,TUBOD,elevated_risk,11,402,0.5854,0.3262,0.0884,0.2819,0.5527,0.5087,0.4365,0.2542,3260731.53,1596952.73,10,0.5965,0.7067
CASH-02172,3,TUBOD,elevated_risk,11,323,0.5997,0.2649,0.1354,0.3552,0.6414,0.1331,0.4437,0.0751,1218333.42,881828.93,3,0.6891,0.7
CASH-02173,3,TUBOD,elevated_risk,4,330,0.6303,0.1988,0.0761,0.2691,0.6832,0.5906,0.4081,0.3455,1465910.03,706439.48,8,0.642,0.816
CASH-02174,3,TUBOD,elevated_risk,8,265,0.5315,0.2327,0.0885,0.3457,0.7346,0.6135,0.4232,0.2739,1342593.75,385742.47,4,0.6195,0.7498
CASH-02175,1,LALA,distressed,10,485,0.5241,0.3131,0.1488,0.4397,0.4256,0.5687,0.2301,0.2436,3022991.31,1398550.31,5,0.55,0.7
CASH-02176,1,LALA,elevated_risk,5,190,0.6334,0.241,0.1256,0.2767,0.6688,0.8385,0.3947,0.1861,1532788.39,718698.05,12,0.6096,0.707
CASH-02177,2,KAPATAGAN,prime_healthy,12,391,0.7988,0.069,0.0041,0.2187,0.9389,0.1776,0.6319,0.3488,2947583.49,552964.2,8,0.9112,0.9151
CASH-02178,2,KAPATAGAN,prime_healthy,5,440,0.879,0.1208,0.0003,0.1475,0.9887,0.7514,0.4057,0.45,1202955.01,306006.57,15,0.8835,0.8929
CASH-02179,3,TUBOD,distressed,6,318,0.4377,0.3323,0.1724,0.447,0.4721,0.3617,0.2984,0.3009,2499910.7,2537040.37,6,0.55,0.7
CASH-02180,1,LALA,prime_healthy,7,397,0.7679,0.0821,0.0692,0.1764,0.9282,0.5565,0.7233,0.2461,2899022.89,534156.2,6,0.7585,0.8095
CASH-02181,1,LALA,moderate_stress,4,450,0.6137,0.1745,0.1199,0.2679,0.7052,0.1047,0.5215,0.2423,3698879.91,1404725.54,13,0.6698,0.7
CASH-02182,2,KAPATAGAN,elevated_risk,4,378,0.5349,0.2581,0.1305,0.2339,0.6065,0.7498,0.4898,0.2183,1671369.22,1056009.45,2,0.6129,0.7
CASH-02183,3,TUBOD,elevated_risk,4,406,0.6026,0.1564,0.1251,0.357,0.6965,0.9052,0.3896,0.1682,2345577.93,908587.76,10,0.6436,0.7243
CASH-02184,1,LALA,elevated_risk,10,347,0.633,0.2305,0.1365,0.3333,0.7284,0.4526,0.2444,0.1515,1640168.59,718271.4,11,0.6245,0.7
CASH-02185,3,TUBOD,moderate_stress,3,271,0.6828,0.1452,0.0784,0.2799,0.7573,0.2645,0.5881,0.2369,1829170.9,823422.77,2,0.7296,0.7974
CASH-02186,2,KAPATAGAN,moderate_stress,5,303,0.7538,0.1831,0.0631,0.3109,0.8892,0.5198,0.5176,0.1981,2012955.08,630429.95,10,0.7304,0.7964
CASH-02187,3,TUBOD,elevated_risk,6,217,0.5734,0.2931,0.1335,0.2387,0.5929,0.4754,0.3722,0.339,1580598.56,871006.39,6,0.55,0.7
CASH-02188,3,TUBOD,moderate_stress,9,353,0.774,0.1978,0.0283,0.2813,0.8119,0.8105,0.5313,0.2764,2096214.39,1000660.51,5,0.7303,0.8598
CASH-02189,1,LALA,moderate_stress,1,233,0.6929,0.2104,0.0967,0.2843,0.8062,0.7552,0.5573,0.4411,1101290.1,619614.26,13,0.6315,0.7163
CASH-02190,1,LALA,distressed,11,504,0.4406,0.2756,0.1321,0.4352,0.4963,0.8284,0.3524,0.1504,4069022.05,3064940.85,3,0.55,0.7
CASH-02191,1,LALA,moderate_stress,10,305,0.7568,0.1887,0.0546,0.236,0.7678,0.8075,0.5694,0.1806,1565263.36,374109.11,7,0.7004,0.8054
CASH-02192,2,KAPATAGAN,moderate_stress,12,362,0.683,0.2185,0.0985,0.2167,0.8994,0.4728,0.4814,0.4259,2977704.89,742835.82,9,0.8598,0.7791
CASH-02193,2,KAPATAGAN,moderate_stress,5,326,0.686,0.2431,0.0709,0.3539,0.8327,0.7322,0.5269,0.236,1548456.2,566221.98,3,0.6902,0.7882
CASH-02194,3,TUBOD,elevated_risk,2,239,0.5625,0.2985,0.1391,0.2603,0.6603,0.1002,0.31,0.2065,1082098.5,764634.61,3,0.5803,0.7
CASH-02195,1,LALA,distressed,1,544,0.5214,0.3339,0.1447,0.45,0.5903,0.137,0.3561,0.071,3589438.12,2556699.86,0,0.55,0.7
CASH-02196,1,LALA,prime_healthy,12,231,0.8416,0.1379,0.0205,0.2355,0.8789,0.5299,0.7357,0.3015,708512.22,131080.09,10,0.8875,0.8705
CASH-02197,2,KAPATAGAN,elevated_risk,8,383,0.5962,0.2459,0.0819,0.2969,0.6479,0.1094,0.4599,0.2321,1930611.47,1393493.2,11,0.6231,0.7807
CASH-02198,1,LALA,distressed,2,410,0.4542,0.336,0.2098,0.3284,0.5554,0.5824,0.2978,0.3089,2598579.43,920150.51,7,0.55,0.7
CASH-02199,3,TUBOD,distressed,12,336,0.381,0.2942,0.165,0.3885,0.5441,0.4008,0.2357,0.1511,1990012.96,979484.21,9,0.5769,0.7
CASH-02200,3,TUBOD,moderate_stress,6,361,0.7271,0.2043,0.0211,0.222,0.766,0.1561,0.6153,0.1711,1946783.15,858057.26,7,0.7005,0.814
CASH-02201,2,KAPATAGAN,prime_healthy,1,447,0.8626,0.1287,0.0,0.1333,0.8997,0.8077,0.613,0.2433,2072220.28,615747.05,13,0.7732,0.8722
CASH-02202,3,TUBOD,prime_healthy,1,359,0.8064,0.1779,0.0,0.2522,0.9225,0.4402,0.8058,0.1671,1493583.74,744960.03,7,0.7765,0.8726
CASH-02203,3,TUBOD,prime_healthy,6,337,0.7736,0.1133,0.0747,0.1373,0.9079,0.6428,0.6976,0.3129,1794702.17,482239.98,8,0.7296,0.8431
CASH-02204,1,LALA,prime_healthy,1,335,0.7925,0.1306,0.0,0.1079,0.8906,0.8222,0.8035,0.2862,1036972.15,217053.72,9,0.7764,0.9178
CASH-02205,1,LALA,prime_healthy,12,345,0.7775,0.1899,0.0326,0.1212,0.853,0.2056,0.6869,0.1317,2354238.46,924901.25,9,0.8116,0.8529
CASH-02206,1,LALA,moderate_stress,5,309,0.7333,0.1548,0.0678,0.27,0.7885,0.8605,0.4154,0.2729,2095933.3,693330.94,12,0.7435,0.8034
CASH-02207,2,KAPATAGAN,prime_healthy,11,373,0.808,0.1674,0.0246,0.2038,0.7193,0.8691,0.6893,0.4386,3013658.99,1592235.41,7,0.7658,0.8978
CASH-02208,1,LALA,elevated_risk,9,288,0.6094,0.274,0.0864,0.4101,0.729,0.1858,0.3705,0.2903,1384575.41,437792.43,4,0.5865,0.7225
CASH-02209,3,TUBOD,prime_healthy,10,262,0.7997,0.0809,0.061,0.1824,0.9787,0.8686,0.8165,0.0927,882306.05,78400.27,10,0.8466,0.855
CASH-02210,3,TUBOD,elevated_risk,2,346,0.5401,0.3005,0.1595,0.3124,0.6421,0.2641,0.4444,0.036,2311956.77,1405074.38,3,0.5878,0.7
CASH-02211,2,KAPATAGAN,distressed,7,471,0.4422,0.2916,0.1975,0.4165,0.4913,0.4213,0.2031,0.1383,2032648.19,1192552.92,11,0.55,0.7
CASH-02212,2,KAPATAGAN,elevated_risk,6,423,0.5852,0.2239,0.0563,0.3414,0.6809,0.6018,0.362,0.2009,1328853.9,895611.95,4,0.6088,0.7801
CASH-02213,3,TUBOD,prime_healthy,3,279,0.9028,0.0972,0.0,0.1897,0.9086,0.3052,0.711,0.45,754094.52,91596.79,7,0.7987,0.9095
CASH-02214,3,TUBOD,moderate_stress,1,287,0.6484,0.1456,0.0631,0.2782,0.7748,0.6353,0.6733,0.1379,1629972.34,595185.38,9,0.7043,0.8496
CASH-02215,3,TUBOD,prime_healthy,1,261,0.7914,0.0638,0.0135,0.2368,0.9961,0.2835,0.5823,0.2342,1169409.46,195006.89,4,0.8268,0.9007
CASH-02216,2,KAPATAGAN,moderate_stress,4,272,0.6984,0.2233,0.0783,0.2058,0.685,0.8024,0.7434,0.1913,785743.17,180047.26,13,0.6588,0.7654
CASH-02217,2,KAPATAGAN,prime_healthy,6,453,0.7646,0.1146,0.023,0.1682,0.9296,0.9062,0.9,0.45,1808067.52,643518.96,8,0.801,0.92
CASH-02218,2,KAPATAGAN,prime_healthy,4,359,0.8825,0.1116,0.0059,0.2282,0.9363,0.2577,0.6595,0.2467,2300262.22,757101.25,11,0.8683,0.8978
CASH-02219,3,TUBOD,elevated_risk,3,323,0.5489,0.2824,0.1254,0.3174,0.6911,0.7463,0.592,0.252,1636252.37,1106168.35,6,0.6288,0.7
CASH-02220,1,LALA,elevated_risk,5,341,0.6052,0.2384,0.1421,0.4177,0.5692,0.694,0.5109,0.4486,2160367.5,799552.57,12,0.55,0.7
CASH-02221,2,KAPATAGAN,distressed,9,342,0.4496,0.2925,0.2099,0.3277,0.4717,0.2085,0.3422,0.4083,1861815.05,1456702.16,10,0.55,0.7
CASH-02222,2,KAPATAGAN,distressed,4,238,0.5328,0.247,0.1266,0.4076,0.5559,0.3366,0.2907,0.2306,952859.88,464285.8,8,0.55,0.7
CASH-02223,1,LALA,elevated_risk,1,217,0.6422,0.2595,0.0807,0.3243,0.5784,0.122,0.3586,0.1261,1007247.43,786358.93,7,0.5537,0.7335
CASH-02224,2,KAPATAGAN,moderate_stress,7,256,0.6354,0.098,0.1013,0.1728,0.8659,0.3323,0.619,0.1067,1192964.51,290534.07,7,0.7979,0.8197
CASH-02225,2,KAPATAGAN,moderate_stress,10,270,0.612,0.1583,0.0503,0.2019,0.8359,0.3187,0.6053,0.2507,2195473.14,532921.27,8,0.7533,0.8556
CASH-02226,3,TUBOD,moderate_stress,7,400,0.6904,0.2172,0.0924,0.2451,0.6314,0.1677,0.5862,0.1338,3155548.22,813328.7,8,0.5935,0.7526
CASH-02227,1,LALA,moderate_stress,9,540,0.624,0.1692,0.0708,0.2265,0.7742,0.8677,0.4988,0.1157,2361978.64,883221.3,11,0.7051,0.8071
CASH-02228,2,KAPATAGAN,moderate_stress,11,241,0.7895,0.1608,0.0497,0.3514,0.8451,0.6478,0.5568,0.0315,754346.85,144949.98,12,0.7944,0.8521
CASH-02229,2,KAPATAGAN,distressed,7,256,0.5208,0.2714,0.2078,0.4412,0.5333,0.4573,0.3453,0.1224,1756426.82,722044.01,2,0.55,0.7
CASH-02230,3,TUBOD,elevated_risk,6,298,0.5603,0.3286,0.1111,0.3147,0.7427,0.5298,0.4519,0.45,1207215.42,504196.28,6,0.5871,0.7
CASH-02231,2,KAPATAGAN,prime_healthy,9,331,0.8116,0.1227,0.0657,0.1587,0.9843,0.1298,0.6963,0.3088,1797641.73,518407.49,9,0.8033,0.8498
CASH-02232,2,KAPATAGAN,prime_healthy,4,314,0.8868,0.0869,0.0,0.1383,0.8476,0.2063,0.7278,0.1356,1749834.85,290656.44,12,0.8201,0.9131
CASH-02233,2,KAPATAGAN,moderate_stress,7,347,0.6526,0.1772,0.0923,0.2736,0.9816,0.4621,0.6117,0.1225,868422.16,271571.52,8,0.8003,0.7683
CASH-02234,1,LALA,moderate_stress,8,286,0.7579,0.1717,0.0703,0.2907,0.7034,0.7852,0.5528,0.3879,1592529.79,801897.44,6,0.5686,0.7922
CASH-02235,2,KAPATAGAN,moderate_stress,6,601,0.7181,0.1368,0.0828,0.2966,0.8184,0.1046,0.5655,0.365,5036062.79,1240596.3,9,0.7076,0.7611
CASH-02236,3,TUBOD,moderate_stress,5,342,0.7443,0.1752,0.0805,0.2688,0.9943,0.2097,0.5129,0.1126,1642006.61,894933.59,8,0.8002,0.752
CASH-02237,2,KAPATAGAN,distressed,1,336,0.4812,0.289,0.1887,0.4141,0.5184,0.7693,0.4641,0.4265,1596028.5,1371846.74,9,0.55,0.7
CASH-02238,3,TUBOD,prime_healthy,5,250,0.819,0.1026,0.0783,0.1025,0.9169,0.1938,0.8026,0.1625,756767.45,224154.17,4,0.8368,0.8339
CASH-02239,1,LALA,moderate_stress,4,434,0.6592,0.1178,0.0706,0.2805,0.7422,0.5538,0.4695,0.2168,2682388.8,930441.47,11,0.712,0.8304
CASH-02240,3,TUBOD,prime_healthy,10,298,0.7597,0.0856,0.0,0.2395,0.9261,0.3341,0.6989,0.2561,1691962.8,232650.4,3,0.8063,0.8915
CASH-02241,1,LALA,elevated_risk,9,346,0.5327,0.3058,0.0455,0.3083,0.6075,0.2164,0.4872,0.2034,1146505.15,382916.01,7,0.5761,0.8101
CASH-02242,3,TUBOD,elevated_risk,7,329,0.5507,0.2566,0.0952,0.3988,0.5275,0.1082,0.4834,0.1814,2440809.99,1379897.13,9,0.55,0.7165
CASH-02243,3,TUBOD,elevated_risk,6,187,0.5565,0.2394,0.1352,0.3893,0.6187,0.3761,0.3856,0.3225,770424.06,473707.33,5,0.55,0.7
CASH-02244,2,KAPATAGAN,moderate_stress,1,232,0.6451,0.118,0.108,0.2301,0.7732,0.7514,0.5789,0.3914,1164974.25,257265.51,0,0.668,0.7652
CASH-02245,3,TUBOD,moderate_stress,8,327,0.7209,0.1972,0.0819,0.262,0.7665,0.1379,0.5994,0.2219,854085.23,177877.13,7,0.6546,0.7743
CASH-02246,2,KAPATAGAN,moderate_stress,10,247,0.6827,0.1572,0.1202,0.2089,0.7759,0.4686,0.6153,0.2152,2054062.55,961536.99,4,0.7075,0.7879
CASH-02247,1,LALA,elevated_risk,10,380,0.6032,0.2312,0.1347,0.3211,0.6685,0.4213,0.4299,0.2536,2956455.31,2123429.32,10,0.6536,0.7
CASH-02248,1,LALA,prime_healthy,9,364,0.866,0.0796,0.0544,0.289,0.9397,0.6293,0.6554,0.2924,2690486.39,539303.57,13,0.8238,0.8382
CASH-02249,3,TUBOD,elevated_risk,7,187,0.5555,0.1919,0.1038,0.3443,0.675,0.2139,0.5551,0.3611,1376899.23,737376.85,0,0.5868,0.7682
CASH-02250,3,TUBOD,moderate_stress,9,313,0.7046,0.1979,0.0975,0.2212,0.7983,0.8816,0.5253,0.2387,1413472.35,631559.4,9,0.6883,0.7821
CASH-02251,3,TUBOD,distressed,7,180,0.4855,0.3214,0.1932,0.4273,0.5933,0.4936,0.2818,0.2445,1403766.66,738590.53,6,0.55,0.7
CASH-02252,3,TUBOD,prime_healthy,12,245,0.8384,0.0893,0.0723,0.159,0.8686,0.6953,0.7603,0.1532,1232151.4,189756.4,9,0.8732,0.8202
CASH-02253,3,TUBOD,moderate_stress,11,360,0.7138,0.1269,0.0959,0.2562,0.8222,0.7225,0.4715,0.1456,2419933.87,753498.61,10,0.768,0.7615
CASH-02254,2,KAPATAGAN,elevated_risk,4,558,0.6543,0.2435,0.0671,0.2558,0.7317,0.6259,0.4523,0.45,4229483.22,1077851.38,7,0.6899,0.7902
CASH-02255,2,KAPATAGAN,moderate_stress,6,443,0.5916,0.1404,0.0764,0.2911,0.9175,0.5644,0.6191,0.0474,1112474.6,429907.83,11,0.8061,0.783
CASH-02256,3,TUBOD,prime_healthy,1,420,0.8564,0.0849,0.0366,0.23,1.0,0.5344,0.6775,0.0759,2860204.68,433702.81,5,0.8026,0.8705
CASH-02257,3,TUBOD,prime_healthy,2,357,0.7801,0.1231,0.0968,0.2397,0.8796,0.5925,0.5969,0.2731,2314064.45,454329.67,8,0.7057,0.8259
CASH-02258,3,TUBOD,distressed,4,373,0.3896,0.3145,0.1347,0.4455,0.6932,0.1904,0.1855,0.3706,3099263.1,1092598.9,13,0.55,0.7
CASH-02259,3,TUBOD,distressed,2,286,0.4681,0.3836,0.1483,0.4292,0.5603,0.1375,0.2606,0.1838,1372720.17,1037665.88,6,0.55,0.7
CASH-02260,1,LALA,distressed,4,295,0.4656,0.3448,0.1504,0.4254,0.5886,0.8222,0.2682,0.2804,1098615.74,539636.69,8,0.55,0.7
CASH-02261,3,TUBOD,prime_healthy,1,337,0.8534,0.1378,0.0018,0.2007,0.8845,0.4251,0.6488,0.3375,1043402.81,218139.13,9,0.7684,0.8874
CASH-02262,3,TUBOD,prime_healthy,6,240,0.8785,0.0588,0.0248,0.0737,0.9431,0.5117,0.6363,0.199,1071420.42,63593.59,6,0.8303,0.8968
CASH-02263,3,TUBOD,elevated_risk,10,202,0.6193,0.2793,0.0671,0.2667,0.645,0.6589,0.4024,0.45,1426899.91,1217521.24,7,0.6436,0.7492
CASH-02264,1,LALA,elevated_risk,11,458,0.5755,0.306,0.1185,0.3716,0.617,0.1376,0.4286,0.3462,2983693.71,1123062.17,13,0.5979,0.7
CASH-02265,2,KAPATAGAN,elevated_risk,4,519,0.6308,0.181,0.1268,0.3592,0.7522,0.7701,0.5975,0.0507,3156397.2,823209.68,7,0.693,0.7187
CASH-02266,1,LALA,prime_healthy,9,313,0.8886,0.0377,0.0455,0.2528,0.9422,0.1644,0.6385,0.1234,2523249.96,158654.45,11,0.8592,0.8941
CASH-02267,1,LALA,moderate_stress,12,492,0.6314,0.1384,0.1231,0.2016,0.8503,0.6391,0.5341,0.0794,1919477.44,445130.97,10,0.7921,0.7684
CASH-02268,1,LALA,distressed,7,387,0.4868,0.251,0.1626,0.4099,0.6424,0.4369,0.3067,0.1133,2137489.66,1322179.66,7,0.55,0.7
CASH-02269,2,KAPATAGAN,prime_healthy,1,446,0.8204,0.1228,0.0545,0.1461,0.8557,0.8916,0.8227,0.3479,1804685.09,630516.61,11,0.7253,0.8645
CASH-02270,3,TUBOD,prime_healthy,11,306,0.8435,0.0388,0.0,0.1074,0.8629,0.1769,0.8562,0.1914,1100786.21,119964.13,9,0.8899,0.95
CASH-02271,1,LALA,moderate_stress,10,487,0.736,0.2158,0.0482,0.2828,0.7459,0.1858,0.6481,0.0521,2794239.07,774307.46,15,0.716,0.8329
CASH-02272,2,KAPATAGAN,elevated_risk,1,426,0.6093,0.2444,0.0826,0.3331,0.6001,0.2238,0.5039,0.45,2253045.32,600154.14,9,0.5576,0.7343
CASH-02273,2,KAPATAGAN,moderate_stress,1,505,0.6934,0.1481,0.0769,0.2438,0.8322,0.3295,0.535,0.124,2795367.87,580671.36,10,0.6988,0.8009
CASH-02274,2,KAPATAGAN,prime_healthy,7,280,0.8392,0.1245,0.0363,0.1743,0.8872,0.3526,0.6981,0.1833,2163509.38,727905.95,9,0.7605,0.8577
CASH-02275,3,TUBOD,moderate_stress,10,239,0.718,0.1883,0.0937,0.1407,0.743,0.581,0.6464,0.2575,1870572.02,850085.84,10,0.6988,0.7768
CASH-02276,2,KAPATAGAN,prime_healthy,5,541,0.8849,0.0995,0.0156,0.1811,0.8822,0.2211,0.733,0.0803,4266723.23,857503.42,8,0.8488,0.9119
CASH-02277,1,LALA,elevated_risk,9,412,0.5905,0.2677,0.1001,0.268,0.7155,0.3353,0.2393,0.1596,3157809.52,1134818.47,8,0.5976,0.7303
CASH-02278,1,LALA,moderate_stress,7,411,0.6488,0.195,0.0512,0.274,0.7202,0.7594,0.5633,0.2975,1206063.79,533438.71,16,0.6929,0.8209
CASH-02279,3,TUBOD,prime_healthy,6,263,0.748,0.0948,0.0522,0.101,0.7481,0.202,0.8263,0.0736,1977377.72,388530.43,9,0.6946,0.8668
CASH-02280,1,LALA,distressed,3,396,0.5044,0.2863,0.1837,0.4379,0.6379,0.1502,0.4586,0.2741,3350538.46,2631884.73,12,0.55,0.7
CASH-02281,1,LALA,elevated_risk,8,468,0.5901,0.2896,0.1203,0.3392,0.6849,0.6823,0.4378,0.2879,1884115.97,1148783.63,4,0.5611,0.7003
CASH-02282,1,LALA,prime_healthy,12,482,0.8411,0.1373,0.0216,0.1366,0.8753,0.2246,0.635,0.45,1911403.72,662184.48,15,0.8238,0.8987
CASH-02283,3,TUBOD,moderate_stress,1,435,0.6892,0.1859,0.0784,0.1899,0.8973,0.3235,0.4367,0.1075,1663065.39,682709.5,4,0.7381,0.7595
CASH-02284,1,LALA,prime_healthy,8,309,0.7863,0.178,0.0358,0.1811,0.8518,0.8127,0.5325,0.1447,2530853.5,950659.7,14,0.7213,0.8385
CASH-02285,1,LALA,elevated_risk,4,260,0.6105,0.2577,0.1205,0.3314,0.741,0.8966,0.3328,0.2217,1651233.96,967549.5,4,0.6393,0.7
CASH-02286,2,KAPATAGAN,moderate_stress,4,363,0.6057,0.2001,0.0734,0.2243,0.7566,0.5903,0.5502,0.2035,1341632.4,371843.38,10,0.6842,0.7591
CASH-02287,2,KAPATAGAN,moderate_stress,2,351,0.744,0.2021,0.054,0.3105,0.8018,0.7021,0.4222,0.2344,1225367.61,338868.0,11,0.6653,0.807
CASH-02288,1,LALA,elevated_risk,5,254,0.6496,0.2865,0.0639,0.3345,0.761,0.4441,0.4595,0.1578,2089600.23,1710097.87,11,0.6436,0.7717
CASH-02289,3,TUBOD,prime_healthy,12,418,0.7957,0.1437,0.0002,0.1591,0.9043,0.2158,0.5818,0.2705,3341174.83,825138.89,5,0.9282,0.8791
CASH-02290,3,TUBOD,distressed,1,300,0.4907,0.2671,0.1968,0.4249,0.4249,0.8851,0.2433,0.1626,1465322.93,1122983.53,5,0.55,0.7
CASH-02291,3,TUBOD,moderate_stress,11,325,0.6675,0.1796,0.0899,0.1959,0.7199,0.9085,0.7351,0.1396,2635467.43,1060993.86,9,0.7597,0.786
CASH-02292,1,LALA,moderate_stress,7,329,0.7566,0.1073,0.0111,0.1459,0.668,0.3884,0.6241,0.3344,2770998.87,355150.69,5,0.6849,0.8506
CASH-02293,1,LALA,elevated_risk,1,342,0.6216,0.2408,0.1183,0.3092,0.6716,0.7503,0.3429,0.45,2397388.6,1357867.11,9,0.55,0.7
CASH-02294,3,TUBOD,distressed,6,187,0.5323,0.2975,0.1702,0.4281,0.4756,0.5429,0.3265,0.372,1548695.96,512652.63,3,0.55,0.7
CASH-02295,3,TUBOD,prime_healthy,9,398,0.756,0.1113,0.0,0.1724,0.9489,0.5457,0.843,0.45,3218074.02,731597.17,9,0.8945,0.8995
CASH-02296,1,LALA,moderate_stress,12,374,0.6812,0.2182,0.1006,0.3619,0.8019,0.7044,0.6645,0.2835,2894887.46,1155031.93,13,0.7673,0.7856
CASH-02297,2,KAPATAGAN,elevated_risk,9,175,0.6247,0.2908,0.0837,0.3821,0.6436,0.42,0.4025,0.1732,726299.19,449501.33,3,0.55,0.7243
CASH-02298,3,TUBOD,moderate_stress,1,434,0.7562,0.1508,0.0931,0.246,0.6876,0.1696,0.6305,0.1138,2659978.58,800113.51,4,0.6366,0.7742
CASH-02299,1,LALA,elevated_risk,1,289,0.5092,0.3211,0.101,0.3001,0.6132,0.7536,0.4012,0.3463,1702201.32,976599.89,3,0.55,0.7
CASH-02300,3,TUBOD,prime_healthy,5,281,0.8479,0.1254,0.0267,0.152,0.9801,0.3599,0.7194,0.0951,1740591.39,427167.57,12,0.8579,0.8911
CASH-02301,1,LALA,elevated_risk,12,505,0.6013,0.253,0.0952,0.2958,0.6186,0.1518,0.3301,0.1939,4070873.47,1037331.8,11,0.6238,0.7737
CASH-02302,2,KAPATAGAN,moderate_stress,1,443,0.6561,0.2406,0.1004,0.2988,0.8652,0.8908,0.5753,0.3112,2764013.47,1331991.09,4,0.6769,0.7342
CASH-02303,3,TUBOD,distressed,3,240,0.4455,0.2896,0.1711,0.4638,0.5854,0.167,0.2558,0.2899,1359523.14,1127282.29,10,0.55,0.7
CASH-02304,1,LALA,moderate_stress,2,338,0.8217,0.1709,0.0074,0.1724,0.8557,0.751,0.5884,0.3367,2542661.74,687259.65,7,0.7603,0.8913
CASH-02305,1,LALA,elevated_risk,4,405,0.5534,0.2739,0.0959,0.3062,0.5867,0.4943,0.4298,0.3066,2976031.52,842634.19,6,0.55,0.7372
CASH-02306,1,LALA,prime_healthy,4,477,0.7716,0.1376,0.0244,0.2126,0.9861,0.6173,0.7494,0.316,3219404.11,1118703.18,8,0.8573,0.8799
CASH-02307,3,TUBOD,moderate_stress,7,355,0.6946,0.1998,0.0827,0.1866,0.8287,0.2221,0.6246,0.3601,1473704.14,761775.23,7,0.7397,0.7971
CASH-02308,3,TUBOD,prime_healthy,7,131,0.7706,0.0979,0.0163,0.1764,0.8477,0.8101,0.7246,0.3916,969516.43,117509.11,12,0.7798,0.9348
CASH-02309,1,LALA,distressed,8,415,0.4625,0.3158,0.1779,0.2949,0.5754,0.2871,0.2599,0.0906,1782321.11,1146269.46,11,0.55,0.7
CASH-02310,1,LALA,moderate_stress,2,465,0.6909,0.1851,0.0411,0.2175,0.7149,0.1431,0.5665,0.3883,2611009.39,548573.8,5,0.656,0.8375
CASH-02311,3,TUBOD,prime_healthy,5,409,0.8664,0.0909,0.0427,0.1502,1.0,0.7312,0.7708,0.1929,2196557.27,267911.44,10,0.8983,0.8382
CASH-02312,2,KAPATAGAN,elevated_risk,11,432,0.6347,0.2148,0.02,0.2856,0.6459,0.4697,0.5424,0.3095,1887485.83,472515.46,14,0.7022,0.8229
CASH-02313,3,TUBOD,prime_healthy,11,366,0.8563,0.1356,0.0081,0.159,0.9674,0.4626,0.8248,0.1777,1078748.3,381709.46,4,0.9142,0.9011
CASH-02314,2,KAPATAGAN,prime_healthy,6,313,0.9031,0.0275,0.0478,0.1635,0.9269,0.4919,0.6074,0.1579,1722222.1,72641.14,11,0.7487,0.8681
CASH-02315,3,TUBOD,prime_healthy,3,319,0.8964,0.0807,0.0229,0.0616,1.0,0.767,0.6846,0.2397,941786.21,211959.59,8,0.8706,0.913
CASH-02316,1,LALA,distressed,11,303,0.5147,0.2637,0.2044,0.3976,0.5034,0.5229,0.2468,0.1749,930363.94,758661.07,9,0.55,0.7
CASH-02317,2,KAPATAGAN,distressed,12,328,0.5301,0.3111,0.1588,0.475,0.568,0.8852,0.2513,0.3075,2758936.27,1721346.48,13,0.55,0.7
CASH-02318,3,TUBOD,prime_healthy,3,351,0.7806,0.0841,0.0434,0.1364,0.931,0.4603,0.6298,0.0901,1976933.49,387125.75,6,0.778,0.8648
CASH-02319,1,LALA,distressed,7,453,0.3736,0.3152,0.1656,0.3132,0.4322,0.9057,0.3676,0.2474,2783091.42,1096315.96,8,0.55,0.7
CASH-02320,3,TUBOD,prime_healthy,3,297,0.7645,0.1307,0.0248,0.1718,0.9285,0.8882,0.7321,0.3507,2345278.85,503413.4,12,0.7742,0.874
CASH-02321,1,LALA,prime_healthy,2,406,0.796,0.1269,0.0031,0.1476,0.8998,0.6013,0.6813,0.45,3124026.82,915699.72,5,0.7876,0.9104
CASH-02322,2,KAPATAGAN,prime_healthy,5,369,0.8143,0.0711,0.0605,0.1004,0.9302,0.8154,0.6789,0.4255,1786048.36,239526.84,9,0.7826,0.849
CASH-02323,3,TUBOD,prime_healthy,3,380,0.8655,0.1167,0.0178,0.1682,0.9368,0.8131,0.8032,0.422,1298610.54,373929.77,12,0.8307,0.8728
CASH-02324,2,KAPATAGAN,moderate_stress,12,386,0.6916,0.2481,0.0161,0.229,0.8301,0.8695,0.6731,0.0384,1073058.93,445192.29,11,0.9016,0.8334
CASH-02325,2,KAPATAGAN,prime_healthy,9,310,0.8556,0.1035,0.0233,0.1586,1.0,0.765,0.78,0.0707,2327029.62,375469.0,11,0.8976,0.91
CASH-02326,2,KAPATAGAN,distressed,2,338,0.4665,0.2999,0.2072,0.358,0.582,0.1029,0.1478,0.3044,2341681.38,1401893.55,9,0.55,0.7
CASH-02327,2,KAPATAGAN,prime_healthy,1,368,0.8139,0.0981,0.088,0.1775,0.862,0.717,0.6999,0.333,2351403.0,231297.73,7,0.7308,0.8039
CASH-02328,1,LALA,prime_healthy,5,488,0.8842,0.0431,0.0076,0.1712,0.858,0.659,0.584,0.2364,3783832.45,236686.26,7,0.7521,0.95
CASH-02329,3,TUBOD,moderate_stress,7,151,0.685,0.1927,0.072,0.2374,0.8008,0.4907,0.5928,0.1745,460126.86,182157.97,10,0.6862,0.8033
CASH-02330,1,LALA,elevated_risk,11,366,0.6153,0.2242,0.1436,0.2515,0.7188,0.2076,0.5046,0.0896,1521134.82,823514.76,13,0.6583,0.7312
CASH-02331,1,LALA,prime_healthy,6,319,0.8225,0.12,0.0576,0.2068,0.82,0.6822,0.7914,0.3182,2482658.59,337295.33,9,0.7097,0.8684
CASH-02332,2,KAPATAGAN,elevated_risk,12,431,0.5645,0.2099,0.1402,0.3309,0.8152,0.4588,0.4039,0.1564,2307696.23,1492628.75,7,0.751,0.7
CASH-02333,2,KAPATAGAN,moderate_stress,7,386,0.7063,0.1665,0.1272,0.1624,0.9337,0.6694,0.5306,0.112,1756176.94,701294.3,3,0.7485,0.7224
CASH-02334,2,KAPATAGAN,prime_healthy,6,394,0.854,0.0991,0.047,0.1863,0.9077,0.3318,0.7486,0.45,2979061.48,935909.09,12,0.7733,0.8428
CASH-02335,3,TUBOD,prime_healthy,7,407,0.8436,0.152,0.0044,0.1599,0.9563,0.5155,0.7076,0.198,1843777.45,366478.36,8,0.8416,0.9067
CASH-02336,1,LALA,distressed,8,526,0.3964,0.3685,0.2082,0.383,0.4768,0.7505,0.2153,0.0877,3867905.24,4047931.57,12,0.55,0.7
CASH-02337,3,TUBOD,distressed,12,336,0.4814,0.282,0.176,0.4511,0.4255,0.8915,0.2744,0.1665,1520857.45,780466.16,12,0.55,0.7
CASH-02338,2,KAPATAGAN,moderate_stress,12,384,0.7692,0.165,0.0651,0.243,0.9199,0.2244,0.5462,0.2142,1239202.31,402277.89,11,0.8762,0.7972
CASH-02339,1,LALA,moderate_stress,3,414,0.6976,0.1586,0.0625,0.2548,0.6988,0.105,0.5047,0.3357,3240419.63,1193061.85,13,0.6873,0.815
CASH-02340,2,KAPATAGAN,moderate_stress,9,398,0.7142,0.2069,0.0789,0.2262,0.7258,0.8308,0.5139,0.319,1586732.18,983819.08,4,0.6295,0.7453
CASH-02341,2,KAPATAGAN,distressed,1,238,0.4924,0.2753,0.2248,0.3645,0.4676,0.4521,0.126,0.3435,1209289.43,446548.65,8,0.55,0.7
CASH-02342,1,LALA,moderate_stress,1,408,0.7492,0.1491,0.1017,0.2936,0.7759,0.6159,0.632,0.0807,1795054.84,577489.24,4,0.6603,0.7908
CASH-02343,3,TUBOD,prime_healthy,3,341,0.8387,0.122,0.0393,0.1794,0.9553,0.3211,0.6723,0.2623,2187186.76,702850.69,5,0.8193,0.8679
CASH-02344,2,KAPATAGAN,elevated_risk,4,365,0.632,0.2844,0.0837,0.3405,0.5457,0.1384,0.4636,0.4421,984227.39,677563.34,8,0.5549,0.7286
CASH-02345,1,LALA,moderate_stress,5,472,0.624,0.2148,0.0739,0.2071,0.7854,0.429,0.4695,0.3016,2027743.05,848225.71,7,0.7092,0.7794
CASH-02346,2,KAPATAGAN,moderate_stress,5,395,0.7046,0.1808,0.0335,0.1828,0.9289,0.5363,0.7316,0.2979,1234815.09,654563.39,4,0.8112,0.8694
CASH-02347,1,LALA,elevated_risk,1,405,0.6431,0.2705,0.0649,0.2534,0.6772,0.106,0.4315,0.1446,1829417.56,1292188.38,10,0.5717,0.7386
CASH-02348,3,TUBOD,elevated_risk,1,221,0.6729,0.2214,0.1057,0.3286,0.7396,0.7947,0.4643,0.45,957185.3,305685.19,5,0.5776,0.7279
CASH-02349,1,LALA,moderate_stress,9,497,0.6966,0.2039,0.0989,0.2769,0.8296,0.4264,0.5412,0.1197,1537569.84,542163.26,16,0.7498,0.7401
CASH-02350,1,LALA,moderate_stress,12,377,0.5806,0.2406,0.0524,0.2443,0.8953,0.4393,0.6216,0.3283,2178026.8,1073475.1,10,0.8547,0.8037
CASH-02351,1,LALA,moderate_stress,11,541,0.7351,0.1314,0.0537,0.284,0.7693,0.5567,0.6594,0.0923,1508109.19,487145.3,7,0.7986,0.827
CASH-02352,3,TUBOD,distressed,10,284,0.4767,0.3387,0.1846,0.4265,0.4911,0.8426,0.3101,0.1261,1408724.28,506622.59,6,0.55,0.7
CASH-02353,3,TUBOD,moderate_stress,7,419,0.6279,0.213,0.0647,0.2195,0.8902,0.5227,0.6628,0.1035,2922537.77,727105.35,6,0.7895,0.8017
CASH-02354,2,KAPATAGAN,distressed,3,361,0.467,0.2717,0.2399,0.3945,0.613,0.1532,0.376,0.2401,1006214.41,542195.81,10,0.55,0.7
CASH-02355,2,KAPATAGAN,prime_healthy,6,555,0.8405,0.1081,0.0,0.1447,0.8793,0.8102,0.6537,0.2449,2970966.29,829823.08,10,0.7924,0.8859
CASH-02356,3,TUBOD,moderate_stress,2,428,0.6807,0.1569,0.0689,0.2452,0.7751,0.7871,0.6537,0.266,2150679.56,891360.71,5,0.706,0.8109
CASH-02357,1,LALA,prime_healthy,1,341,0.8168,0.1157,0.0675,0.1456,0.958,0.7298,0.8076,0.4232,1650357.53,221823.02,7,0.7399,0.8355
CASH-02358,3,TUBOD,moderate_stress,4,262,0.7092,0.1493,0.1009,0.2329,0.788,0.5836,0.6233,0.1723,1266385.48,547593.08,7,0.7375,0.7765
CASH-02359,2,KAPATAGAN,prime_healthy,4,421,0.7287,0.114,0.0353,0.1843,0.8238,0.4134,0.7858,0.45,3098050.57,379995.71,9,0.7679,0.8685
CASH-02360,1,LALA,elevated_risk,7,400,0.5789,0.2361,0.0575,0.2341,0.6042,0.282,0.3118,0.224,3100909.46,1925388.65,11,0.6123,0.7832
CASH-02361,1,LALA,elevated_risk,2,433,0.5118,0.2632,0.0983,0.4111,0.6545,0.6453,0.4712,0.0634,2349126.01,1597109.29,17,0.55,0.7293
CASH-02362,3,TUBOD,prime_healthy,12,356,0.9198,0.0397,0.0405,0.1596,0.9125,0.8022,0.7736,0.1467,1326156.92,97659.49,1,0.9277,0.8859
CASH-02363,2,KAPATAGAN,moderate_stress,9,401,0.7131,0.1257,0.0918,0.2803,0.7557,0.4281,0.5461,0.2205,3382585.98,802276.84,7,0.7032,0.7889
CASH-02364,1,LALA,distressed,3,420,0.4789,0.3357,0.1679,0.4029,0.5497,0.6614,0.1,0.0542,2971318.7,1137059.89,6,0.55,0.7
CASH-02365,3,TUBOD,prime_healthy,3,424,0.7321,0.1066,0.0356,0.2493,0.9036,0.5286,0.6949,0.1659,1367949.81,450187.35,8,0.8542,0.8711
CASH-02366,2,KAPATAGAN,distressed,10,474,0.4554,0.338,0.2066,0.4416,0.528,0.6443,0.2345,0.1292,3866206.83,3099380.34,7,0.55,0.7
CASH-02367,1,LALA,prime_healthy,12,387,0.7776,0.0959,0.0363,0.1695,0.9853,0.6672,0.6416,0.3003,1827380.76,410433.19,9,0.9239,0.8616
CASH-02368,1,LALA,prime_healthy,12,501,0.8862,0.0853,0.0284,0.2229,0.986,0.5965,0.5053,0.3,4006879.78,1072468.8,17,0.987,0.8818
CASH-02369,2,KAPATAGAN,elevated_risk,11,406,0.6075,0.2929,0.0996,0.3484,0.6673,0.5054,0.5313,0.0983,2261918.26,1272931.11,14,0.6401,0.7
CASH-02370,3,TUBOD,moderate_stress,5,170,0.7906,0.1113,0.0561,0.1991,0.8414,0.734,0.4921,0.101,871047.12,101464.57,6,0.7483,0.7947
CASH-02371,1,LALA,moderate_stress,1,405,0.6741,0.1604,0.0549,0.2709,0.9257,0.2538,0.6641,0.0858,2004562.56,342817.93,9,0.7837,0.8281
CASH-02372,3,TUBOD,prime_healthy,9,365,0.7737,0.0521,0.0571,0.1804,0.8537,0.4456,0.6911,0.1703,1840044.97,137073.92,5,0.7737,0.8811
CASH-02373,1,LALA,moderate_stress,1,343,0.7296,0.1458,0.0139,0.2319,0.7464,0.4572,0.4492,0.45,1629509.2,722200.33,10,0.6574,0.8599
CASH-02374,3,TUBOD,moderate_stress,12,292,0.6768,0.2202,0.1029,0.2231,0.759,0.286,0.6764,0.1088,1906984.49,636007.42,12,0.7952,0.7758
CASH-02375,3,TUBOD,distressed,4,363,0.4331,0.2607,0.1525,0.3677,0.5763,0.2136,0.319,0.1619,1388782.69,572183.51,11,0.55,0.7
CASH-02376,1,LALA,elevated_risk,1,202,0.6873,0.2196,0.0495,0.3388,0.6053,0.651,0.3269,0.2631,550654.43,347852.56,11,0.6411,0.7838
CASH-02377,2,KAPATAGAN,elevated_risk,10,469,0.5611,0.314,0.1086,0.4055,0.7316,0.2702,0.4135,0.2071,3017474.14,1406477.89,3,0.5968,0.7
CASH-02378,2,KAPATAGAN,elevated_risk,7,263,0.624,0.2662,0.1098,0.2975,0.7482,0.8923,0.4736,0.183,1085110.45,449219.19,14,0.6887,0.7134
CASH-02379,1,LALA,elevated_risk,9,331,0.5094,0.258,0.0948,0.32,0.5823,0.1834,0.2875,0.3427,1331588.37,474847.32,6,0.55,0.72
CASH-02380,2,KAPATAGAN,prime_healthy,9,476,0.7909,0.115,0.0787,0.1962,0.9565,0.331,0.6039,0.45,3331942.05,809045.37,5,0.7847,0.7986
CASH-02381,3,TUBOD,prime_healthy,5,415,0.8817,0.0913,0.027,0.1802,0.9787,0.7447,0.8336,0.1926,1631607.33,385073.36,7,0.8802,0.8975
CASH-02382,3,TUBOD,moderate_stress,11,365,0.7659,0.15,0.084,0.2234,0.8497,0.2057,0.555,0.3811,2071147.21,445610.84,3,0.7656,0.7535
CASH-02383,3,TUBOD,moderate_stress,11,241,0.7704,0.1386,0.0326,0.1617,0.7554,0.6672,0.7684,0.1436,639407.16,254141.78,4,0.8355,0.8727
CASH-02384,2,KAPATAGAN,moderate_stress,1,436,0.6925,0.1844,0.079,0.2018,0.76,0.2414,0.5209,0.3051,1778227.75,373816.97,2,0.6408,0.8066
CASH-02385,2,KAPATAGAN,elevated_risk,7,441,0.6706,0.2397,0.0664,0.2216,0.629,0.5288,0.4541,0.04,1663271.1,423367.29,4,0.5928,0.8048
CASH-02386,2,KAPATAGAN,moderate_stress,5,485,0.7115,0.191,0.0976,0.2652,0.8344,0.7876,0.6296,0.3188,2694319.7,854576.85,5,0.7331,0.7926
CASH-02387,2,KAPATAGAN,distressed,4,463,0.4755,0.2539,0.2266,0.4007,0.4661,0.1111,0.2658,0.2007,1850772.08,561344.25,11,0.55,0.7
CASH-02388,2,KAPATAGAN,distressed,11,327,0.4804,0.3343,0.1853,0.3944,0.5225,0.6014,0.3273,0.3783,1628164.85,1557139.3,15,0.55,0.7
CASH-02389,1,LALA,prime_healthy,4,394,0.8784,0.1149,0.0067,0.1349,0.8833,0.7475,0.7175,0.3041,1216983.4,426420.76,5,0.8157,0.9055
CASH-02390,3,TUBOD,distressed,2,342,0.5067,0.2461,0.2299,0.4687,0.4768,0.3736,0.2114,0.3764,2255863.93,808092.98,3,0.55,0.7
CASH-02391,3,TUBOD,moderate_stress,6,383,0.6945,0.1861,0.1165,0.2445,0.7874,0.9099,0.5214,0.1009,1153064.78,655628.06,9,0.6518,0.7375
CASH-02392,1,LALA,moderate_stress,7,608,0.7737,0.1592,0.0671,0.3073,0.8639,0.2298,0.5195,0.1692,1560309.18,792359.29,10,0.7327,0.7554
CASH-02393,3,TUBOD,distressed,6,246,0.4253,0.3466,0.1984,0.3583,0.4236,0.849,0.3241,0.4416,1678996.37,1668401.99,6,0.55,0.7
CASH-02394,1,LALA,prime_healthy,6,496,0.8106,0.1449,0.0,0.1811,0.9713,0.6803,0.7721,0.0991,3332194.22,523596.53,7,0.8324,0.8847
CASH-02395,3,TUBOD,moderate_stress,7,362,0.6651,0.1701,0.0474,0.1992,0.7907,0.1116,0.6403,0.254,1046044.07,334718.82,6,0.7265,0.8381
CASH-02396,2,KAPATAGAN,prime_healthy,1,389,0.7711,0.0539,0.0,0.1894,0.9178,0.4543,0.7162,0.45,3137645.69,525659.49,12,0.8133,0.9168
CASH-02397,2,KAPATAGAN,moderate_stress,1,301,0.7952,0.1635,0.0413,0.2391,0.8623,0.2676,0.4855,0.2749,2033837.27,555095.15,8,0.7458,0.8593
CASH-02398,2,KAPATAGAN,elevated_risk,4,307,0.6653,0.1901,0.1446,0.3955,0.6551,0.6075,0.2602,0.0568,990772.23,458415.85,5,0.5697,0.7
CASH-02399,3,TUBOD,distressed,3,204,0.4388,0.3088,0.209,0.4052,0.5899,0.502,0.3074,0.1973,1150088.31,632887.6,7,0.55,0.7
CASH-02400,2,KAPATAGAN,elevated_risk,8,287,0.5736,0.2833,0.1432,0.3798,0.5572,0.5236,0.3145,0.4152,1009972.52,489525.02,7,0.55,0.7
CASH-02401,3,TUBOD,moderate_stress,9,339,0.6675,0.136,0.0772,0.263,0.8843,0.2107,0.6455,0.1562,2477497.88,755490.73,5,0.815,0.7834
CASH-02402,2,KAPATAGAN,distressed,1,320,0.4574,0.386,0.1566,0.3863,0.4677,0.5205,0.4951,0.1357,952593.75,1050343.22,8,0.55,0.7
CASH-02403,1,LALA,prime_healthy,6,313,0.855,0.0623,0.0612,0.2382,1.0,0.8452,0.7477,0.3049,2166746.62,302263.77,7,0.8037,0.8706
CASH-02404,3,TUBOD,moderate_stress,7,253,0.7539,0.1979,0.0482,0.2883,0.7187,0.2543,0.4886,0.1345,1319476.1,786221.42,5,0.663,0.8031
CASH-02405,2,KAPATAGAN,prime_healthy,7,370,0.7812,0.1271,0.0917,0.1996,0.9173,0.1556,0.683,0.388,1202698.18,171711.5,8,0.7478,0.7697
CASH-02406,3,TUBOD,elevated_risk,4,392,0.6147,0.2938,0.0915,0.3272,0.7647,0.4721,0.4858,0.1428,2197803.06,947343.31,9,0.6775,0.7161
CASH-02407,3,TUBOD,moderate_stress,11,275,0.7185,0.1961,0.0854,0.2591,0.9096,0.4894,0.6767,0.3805,1916041.88,415438.86,13,0.7811,0.7887
CASH-02408,3,TUBOD,prime_healthy,9,347,0.8537,0.073,0.0196,0.179,0.9853,0.5815,0.6731,0.1211,870225.96,130366.46,7,0.824,0.909
CASH-02409,1,LALA,moderate_stress,9,352,0.7099,0.2096,0.0805,0.291,0.7455,0.591,0.5947,0.1749,2479481.67,605469.43,16,0.6702,0.7818
CASH-02410,2,KAPATAGAN,prime_healthy,12,472,0.8784,0.0649,0.0567,0.107,0.9581,0.5615,0.7138,0.2676,3796523.25,260615.91,9,0.9325,0.8441
CASH-02411,3,TUBOD,prime_healthy,9,427,0.8502,0.1047,0.0451,0.1913,0.9468,0.8129,0.7419,0.45,3585334.02,832114.43,3,0.8035,0.8683
CASH-02412,1,LALA,moderate_stress,8,341,0.6752,0.0839,0.1098,0.2936,0.7806,0.685,0.6532,0.3511,909006.34,76327.86,13,0.6819,0.8283
CASH-02413,2,KAPATAGAN,moderate_stress,6,541,0.7067,0.1601,0.0402,0.2781,0.9587,0.2621,0.6668,0.2843,3888990.26,1812905.29,6,0.7941,0.8422
CASH-02414,2,KAPATAGAN,distressed,6,309,0.4968,0.2773,0.2163,0.3877,0.5016,0.4013,0.1448,0.0874,2110438.36,1170358.83,4,0.55,0.7
CASH-02415,2,KAPATAGAN,moderate_stress,5,268,0.6463,0.2753,0.0784,0.2679,0.8643,0.5334,0.564,0.45,1761809.53,606996.67,9,0.7355,0.7336
CASH-02416,3,TUBOD,prime_healthy,2,323,0.8509,0.1213,0.0278,0.1856,0.8786,0.5901,0.7775,0.047,2172880.33,426912.84,8,0.8137,0.8619
CASH-02417,1,LALA,distressed,3,268,0.4532,0.3315,0.1412,0.3769,0.5946,0.6566,0.2466,0.45,1969894.09,1704034.7,7,0.5551,0.7
CASH-02418,2,KAPATAGAN,prime_healthy,2,431,0.7822,0.1495,0.0175,0.0951,0.9174,0.3634,0.6899,0.1679,2938192.69,1302826.59,11,0.814,0.873
CASH-02419,2,KAPATAGAN,elevated_risk,8,386,0.633,0.2716,0.0954,0.2527,0.7402,0.9114,0.3702,0.216,2040236.35,1191027.6,7,0.64,0.7211
CASH-02420,3,TUBOD,prime_healthy,12,324,0.7943,0.1386,0.0017,0.198,0.9282,0.2468,0.7327,0.1912,2501564.84,842255.37,7,0.9336,0.896
CASH-02421,1,LALA,elevated_risk,7,450,0.5443,0.3319,0.1005,0.25,0.7184,0.1161,0.285,0.3673,2803538.49,1506952.21,7,0.6104,0.7
CASH-02422,3,TUBOD,prime_healthy,8,346,0.943,0.0097,0.0473,0.1933,0.8984,0.2675,0.8473,0.153,1697375.54,21590.39,8,0.796,0.94
CASH-02423,3,TUBOD,prime_healthy,5,273,0.7514,0.153,0.0066,0.1741,0.7712,0.3023,0.7283,0.2039,2114849.1,805843.2,4,0.7747,0.8778
CASH-02424,2,KAPATAGAN,moderate_stress,1,363,0.7126,0.1837,0.0455,0.2449,0.8336,0.1471,0.4554,0.4148,2068094.53,782645.43,9,0.7163,0.8153
CASH-02425,1,LALA,prime_healthy,10,315,0.8628,0.01,0.0104,0.2174,0.8658,0.6456,0.69,0.2091,1029244.35,26391.47,12,0.8581,0.95
CASH-02426,1,LALA,moderate_stress,10,317,0.6389,0.0526,0.0373,0.3305,0.8092,0.2622,0.5416,0.2858,1230067.64,121789.23,9,0.7543,0.8723
CASH-02427,1,LALA,moderate_stress,4,356,0.7157,0.1567,0.1203,0.2404,0.7987,0.7382,0.5012,0.1384,2572363.67,877227.42,7,0.7737,0.7712
CASH-02428,1,LALA,moderate_stress,10,443,0.7393,0.1727,0.0567,0.1939,0.7967,0.4819,0.5461,0.2863,2265114.51,965832.7,11,0.6947,0.8135
CASH-02429,1,LALA,prime_healthy,3,290,0.8808,0.0959,0.0204,0.2533,0.9261,0.4102,0.6478,0.2104,1878014.96,535249.23,7,0.8754,0.8609
CASH-02430,1,LALA,elevated_risk,2,507,0.4965,0.2379,0.136,0.3808,0.6369,0.5405,0.4871,0.2725,3686532.44,2680767.22,13,0.55,0.7228
CASH-02431,3,TUBOD,distressed,6,288,0.5543,0.2729,0.1728,0.4029,0.5546,0.8741,0.3288,0.1676,2409900.36,1925678.9,7,0.55,0.7
CASH-02432,3,TUBOD,elevated_risk,5,227,0.6689,0.2746,0.0566,0.4265,0.7106,0.4679,0.4798,0.4327,817344.96,372233.54,2,0.5966,0.7951
CASH-02433,1,LALA,prime_healthy,9,420,0.8666,0.0439,0.0426,0.1607,1.0,0.8896,0.7775,0.0842,3255125.05,370965.31,12,0.9004,0.8761
CASH-02434,1,LALA,prime_healthy,2,422,0.8113,0.1144,0.0159,0.2682,0.9862,0.4047,0.6846,0.1547,1810569.55,525250.87,9,0.7933,0.8649
CASH-02435,3,TUBOD,elevated_risk,6,377,0.6084,0.2753,0.1162,0.3126,0.7875,0.1582,0.4812,0.0675,1043128.14,726529.88,6,0.6239,0.7016
CASH-02436,3,TUBOD,distressed,12,204,0.4516,0.3082,0.1602,0.4028,0.5545,0.8735,0.3062,0.45,1382869.37,985831.35,10,0.55,0.7
CASH-02437,2,KAPATAGAN,elevated_risk,9,372,0.653,0.2993,0.0477,0.2775,0.6799,0.5619,0.5062,0.228,1108617.44,608480.06,10,0.6608,0.7593
CASH-02438,1,LALA,elevated_risk,2,262,0.5803,0.2743,0.12,0.3795,0.6805,0.7478,0.4719,0.45,1299499.21,559626.04,12,0.55,0.7
CASH-02439,2,KAPATAGAN,distressed,7,483,0.3787,0.3185,0.1697,0.4492,0.5191,0.8907,0.2513,0.3708,1897045.56,1372072.93,10,0.55,0.7
CASH-02440,2,KAPATAGAN,prime_healthy,10,365,0.8324,0.0841,0.0834,0.1106,0.973,0.2163,0.7814,0.2352,1805347.38,401988.02,3,0.8752,0.8502
CASH-02441,3,TUBOD,moderate_stress,11,221,0.6465,0.1185,0.0589,0.2406,0.7,0.4664,0.4128,0.2279,1698966.22,432526.11,12,0.6832,0.8239
CASH-02442,3,TUBOD,moderate_stress,9,409,0.7552,0.1631,0.0817,0.2268,0.7818,0.7184,0.7548,0.4421,2307384.64,770873.9,3,0.6726,0.8141
CASH-02443,2,KAPATAGAN,prime_healthy,3,353,0.7845,0.0378,0.0108,0.1597,0.9403,0.202,0.8227,0.2314,2825323.36,324991.05,8,0.8109,0.9487
CASH-02444,1,LALA,prime_healthy,10,418,0.8135,0.0618,0.0629,0.1479,0.9085,0.4673,0.7309,0.0905,3517885.7,229668.72,6,0.8725,0.8513
CASH-02445,2,KAPATAGAN,prime_healthy,9,572,0.8489,0.078,0.0064,0.1482,0.9737,0.5845,0.8849,0.1927,4217785.18,937470.65,9,0.8499,0.9104
CASH-02446,1,LALA,moderate_stress,10,547,0.6934,0.1552,0.0737,0.3091,0.8576,0.4066,0.7442,0.4236,3701191.27,1381007.9,4,0.6834,0.8133
CASH-02447,1,LALA,moderate_stress,7,462,0.7507,0.1166,0.1076,0.2668,0.8925,0.1869,0.6589,0.2406,3133405.2,590263.96,9,0.7506,0.7565
CASH-02448,1,LALA,distressed,7,285,0.4627,0.3399,0.1974,0.3278,0.541,0.3565,0.236,0.2659,759908.6,311646.97,8,0.55,0.7
CASH-02449,1,LALA,moderate_stress,7,387,0.6881,0.2273,0.0845,0.2311,0.8695,0.7363,0.5307,0.3065,3230013.78,1255123.77,4,0.6752,0.7723
CASH-02450,3,TUBOD,prime_healthy,8,336,0.8578,0.1415,0.0,0.1952,0.821,0.448,0.7773,0.1458,1979630.11,386312.42,12,0.7617,0.8851
CASH-02451,1,LALA,moderate_stress,2,530,0.7652,0.1659,0.0689,0.2513,0.769,0.267,0.526,0.1441,2317927.9,1026786.56,11,0.7082,0.8048
CASH-02452,3,TUBOD,elevated_risk,1,226,0.5671,0.214,0.0736,0.2753,0.792,0.7644,0.3793,0.4482,1557680.5,723373.84,0,0.676,0.7577
CASH-02453,2,KAPATAGAN,prime_healthy,1,464,0.7156,0.1443,0.0005,0.2558,0.9013,0.6036,0.7572,0.3854,2219517.84,622824.75,8,0.7584,0.857
CASH-02454,1,LALA,moderate_stress,4,331,0.6991,0.1519,0.0913,0.3125,0.8151,0.5068,0.5821,0.0983,1673191.61,648393.06,10,0.7064,0.7992
CASH-02455,3,TUBOD,distressed,1,233,0.5307,0.2887,0.1807,0.4268,0.4926,0.7525,0.3138,0.1602,1392137.94,464659.43,4,0.55,0.7
CASH-02456,3,TUBOD,moderate_stress,9,370,0.7695,0.1559,0.0414,0.2829,0.7198,0.8645,0.6095,0.2534,964481.37,158753.57,5,0.6959,0.8078
CASH-02457,1,LALA,moderate_stress,2,527,0.6356,0.128,0.0518,0.2237,0.7631,0.546,0.6698,0.3657,2466367.88,710079.42,10,0.6803,0.8495
CASH-02458,2,KAPATAGAN,prime_healthy,12,320,0.8168,0.1061,0.0714,0.2737,0.8741,0.5157,0.6838,0.092,2383706.93,533698.06,13,0.8603,0.8357
CASH-02459,1,LALA,moderate_stress,12,479,0.6804,0.1313,0.0313,0.2362,0.8471,0.1923,0.5636,0.2468,1858723.11,498677.42,9,0.8447,0.8687
CASH-02460,2,KAPATAGAN,elevated_risk,10,350,0.5809,0.2778,0.0991,0.3045,0.6771,0.1739,0.516,0.3389,1350002.11,933517.06,6,0.6314,0.7383
CASH-02461,3,TUBOD,moderate_stress,2,355,0.723,0.1369,0.1003,0.3127,0.7331,0.3728,0.6597,0.4441,1452765.72,538373.09,4,0.6185,0.8057
CASH-02462,1,LALA,prime_healthy,6,392,0.9321,0.06,0.0079,0.2383,0.7119,0.8811,0.616,0.3326,1343930.31,246423.86,6,0.643,0.9145
CASH-02463,3,TUBOD,moderate_stress,7,343,0.7324,0.1328,0.0635,0.2945,0.8102,0.6633,0.535,0.1728,1039182.5,439474.46,2,0.753,0.8453
CASH-02464,1,LALA,moderate_stress,11,303,0.6077,0.1918,0.0977,0.274,0.7975,0.4644,0.337,0.1418,1179066.87,599446.43,11,0.7656,0.7585
CASH-02465,1,LALA,moderate_stress,6,406,0.6711,0.1949,0.0792,0.201,0.765,0.4069,0.4421,0.0516,1986938.95,550028.68,6,0.7056,0.7912
CASH-02466,2,KAPATAGAN,moderate_stress,2,519,0.7449,0.141,0.0913,0.1938,0.8934,0.1626,0.6218,0.1239,3851880.48,826227.86,10,0.79,0.7799
CASH-02467,1,LALA,distressed,11,497,0.4603,0.3085,0.134,0.4294,0.5386,0.6842,0.3108,0.0604,1662517.87,643965.57,15,0.5882,0.7
CASH-02468,1,LALA,moderate_stress,8,581,0.7346,0.0883,0.0764,0.2172,0.7917,0.9197,0.5731,0.2219,3523545.2,896688.96,9,0.6945,0.841
CASH-02469,2,KAPATAGAN,moderate_stress,4,453,0.7139,0.1643,0.1052,0.22,0.9134,0.2719,0.4596,0.1127,1760617.53,839011.68,5,0.776,0.7369
CASH-02470,1,LALA,distressed,2,537,0.4817,0.3388,0.1795,0.4091,0.5514,0.3206,0.2939,0.3038,2379151.53,1209129.92,11,0.55,0.7
CASH-02471,3,TUBOD,moderate_stress,7,266,0.6745,0.1852,0.0664,0.3138,0.7837,0.2844,0.5829,0.4077,901229.29,204728.67,12,0.6897,0.7813
CASH-02472,3,TUBOD,elevated_risk,11,375,0.5927,0.2967,0.1106,0.29,0.6816,0.2861,0.3845,0.45,1213275.39,756878.3,5,0.6386,0.7
CASH-02473,1,LALA,prime_healthy,3,401,0.9129,0.01,0.0007,0.1976,1.0,0.8726,0.7524,0.1499,1268630.4,26670.93,15,0.9333,0.95
CASH-02474,1,LALA,moderate_stress,11,447,0.6947,0.1924,0.0671,0.2965,0.9088,0.3914,0.5702,0.2437,3685640.89,963778.71,14,0.8596,0.7861
CASH-02475,3,TUBOD,prime_healthy,5,297,0.8071,0.0358,0.0219,0.1542,0.9399,0.8832,0.6123,0.2789,902034.81,42678.1,5,0.846,0.9037
CASH-02476,3,TUBOD,prime_healthy,7,221,0.8155,0.1312,0.0533,0.1983,0.821,0.3851,0.7431,0.2037,1845497.49,520213.87,3,0.7363,0.8046
CASH-02477,3,TUBOD,distressed,6,293,0.459,0.3489,0.1554,0.4177,0.7021,0.3952,0.2947,0.1669,1431276.92,528381.04,10,0.55,0.7
CASH-02478,3,TUBOD,moderate_stress,8,261,0.6842,0.1918,0.0471,0.1875,0.7539,0.7401,0.624,0.2051,1824751.67,630476.16,5,0.672,0.8331
CASH-02479,1,LALA,moderate_stress,2,309,0.74,0.1731,0.0822,0.3094,0.9062,0.8134,0.5117,0.2508,2096554.17,964406.52,11,0.7226,0.7613
CASH-02480,1,LALA,prime_healthy,4,410,0.8032,0.1055,0.0887,0.1433,0.8816,0.5852,0.6635,0.2794,2464027.94,598794.6,15,0.7792,0.8166
CASH-02481,3,TUBOD,elevated_risk,12,299,0.6117,0.2419,0.124,0.2835,0.6963,0.1157,0.4233,0.2209,1564084.35,529641.46,3,0.6717,0.7041
CASH-02482,3,TUBOD,elevated_risk,3,339,0.5782,0.3058,0.116,0.3586,0.693,0.1826,0.4568,0.0634,2147930.72,1804858.82,9,0.6294,0.7
CASH-02483,1,LALA,prime_healthy,2,426,0.855,0.145,0.0,0.2552,1.0,0.16,0.7583,0.2291,2927027.11,1356031.33,3,0.8609,0.9209
CASH-02484,1,LALA,distressed,7,321,0.4285,0.3406,0.138,0.4006,0.5754,0.52,0.2176,0.2108,1157087.8,407041.32,7,0.55,0.7
CASH-02485,2,KAPATAGAN,elevated_risk,2,453,0.5977,0.215,0.1586,0.3111,0.8329,0.8017,0.4485,0.362,3819661.57,1262521.08,7,0.6174,0.7
CASH-02486,3,TUBOD,prime_healthy,10,311,0.828,0.1561,0.0,0.1888,0.8771,0.9163,0.7036,0.3312,1060204.48,454863.29,8,0.801,0.9046
CASH-02487,3,TUBOD,distressed,9,301,0.5552,0.2408,0.1818,0.3574,0.6218,0.7509,0.282,0.0739,1561931.42,467451.52,8,0.55,0.7
CASH-02488,1,LALA,moderate_stress,3,437,0.7445,0.2057,0.0498,0.2611,0.8241,0.7481,0.5153,0.45,1418373.41,640348.01,6,0.716,0.801
CASH-02489,3,TUBOD,moderate_stress,5,393,0.6862,0.1838,0.0819,0.2722,0.7327,0.8609,0.7482,0.2505,1035923.21,413407.62,9,0.6426,0.7665
CASH-02490,1,LALA,prime_healthy,3,509,0.7998,0.13,0.0702,0.145,0.8529,0.3395,0.7955,0.0781,2945280.73,946748.15,12,0.7281,0.8304
CASH-02491,2,KAPATAGAN,moderate_stress,11,261,0.7396,0.148,0.0736,0.2441,0.7632,0.7919,0.7507,0.2806,1288266.05,483176.74,11,0.7548,0.8271
CASH-02492,1,LALA,distressed,12,469,0.4405,0.3248,0.1841,0.5271,0.4887,0.3993,0.2717,0.0643,1654119.07,1147765.54,14,0.55,0.7
CASH-02493,2,KAPATAGAN,moderate_stress,12,358,0.7118,0.204,0.0727,0.2714,0.6858,0.424,0.6911,0.2593,2894078.79,1108880.53,9,0.6939,0.7743
CASH-02494,2,KAPATAGAN,elevated_risk,1,239,0.5812,0.2648,0.1072,0.372,0.622,0.5459,0.6369,0.2688,1454397.08,887368.0,10,0.5702,0.7453
CASH-02495,3,TUBOD,distressed,1,252,0.3938,0.2954,0.2002,0.3925,0.526,0.342,0.3222,0.0736,713004.95,555924.53,6,0.55,0.7
CASH-02496,1,LALA,elevated_risk,6,398,0.5469,0.2928,0.113,0.3077,0.6482,0.2197,0.4786,0.212,1004251.51,607914.28,3,0.55,0.7
CASH-02497,1,LALA,elevated_risk,7,517,0.6737,0.2239,0.0964,0.3518,0.6258,0.361,0.3574,0.2158,2755934.33,1238226.76,9,0.5623,0.7083
CASH-02498,2,KAPATAGAN,distressed,3,205,0.4659,0.3409,0.1932,0.4368,0.5455,0.7446,0.2005,0.0758,1574201.33,1186855.09,5,0.55,0.7
CASH-02499,1,LALA,prime_healthy,10,534,0.8335,0.0757,0.0405,0.1773,1.0,0.7771,0.7052,0.1095,4413898.31,573340.64,8,0.9007,0.8485
CASH-02500,1,LALA,prime_healthy,8,356,0.8549,0.1045,0.0406,0.1721,0.894,0.8999,0.809,0.1025,950499.19,240472.03,4,0.7931,0.8732
CASH-02501,1,LALA,elevated_risk,4,355,0.7022,0.2325,0.0653,0.2718,0.6491,0.4906,0.3057,0.166,2427779.77,1706697.86,13,0.628,0.7743
CASH-02502,3,TUBOD,prime_healthy,3,302,0.824,0.1674,0.0086,0.159,0.9612,0.8096,0.7586,0.2663,1788202.91,511054.3,7,0.8115,0.889
CASH-02503,1,LALA,moderate_stress,11,405,0.7049,0.2181,0.0682,0.2656,0.7964,0.1952,0.6665,0.1501,2433982.88,1246647.84,11,0.7323,0.8263
CASH-02504,1,LALA,prime_healthy,9,408,0.8132,0.1186,0.0347,0.2822,0.9049,0.72,0.8318,0.1416,3138120.5,945305.64,5,0.83,0.9063
CASH-02505,1,LALA,elevated_risk,10,389,0.5661,0.2619,0.1207,0.2631,0.6289,0.8185,0.3591,0.0536,1569547.97,936642.4,12,0.6865,0.7
CASH-02506,1,LALA,distressed,6,452,0.4658,0.3499,0.18,0.4747,0.5379,0.4787,0.4528,0.4377,1956377.73,1513703.75,5,0.55,0.7
CASH-02507,1,LALA,elevated_risk,7,249,0.6513,0.2491,0.0806,0.3653,0.7156,0.8993,0.4784,0.4101,1944184.02,1352468.8,10,0.55,0.745
CASH-02508,1,LALA,moderate_stress,6,421,0.5863,0.1831,0.0978,0.2729,0.8899,0.2978,0.6878,0.1881,2976116.04,1735819.83,6,0.7015,0.7581
CASH-02509,1,LALA,moderate_stress,2,217,0.7317,0.2077,0.0605,0.2358,0.7818,0.2171,0.5471,0.2092,1474097.46,968201.86,16,0.7026,0.8098
CASH-02510,1,LALA,distressed,9,451,0.4431,0.3672,0.133,0.4014,0.5695,0.4685,0.3104,0.2926,1867301.35,1195797.33,13,0.55,0.7
CASH-02511,2,KAPATAGAN,prime_healthy,7,499,0.8505,0.1495,0.0,0.2001,1.0,0.34,0.8065,0.0635,1340177.52,229421.02,8,0.8889,0.9199
CASH-02512,3,TUBOD,prime_healthy,1,277,0.879,0.0729,0.0461,0.0966,0.9141,0.5566,0.7527,0.2093,2314425.54,177692.21,7,0.7649,0.9045
CASH-02513,3,TUBOD,prime_healthy,8,166,0.8601,0.1331,0.0068,0.1695,0.8784,0.4203,0.7558,0.0558,1168244.41,342059.5,4,0.7939,0.887
CASH-02514,1,LALA,elevated_risk,7,466,0.558,0.3127,0.1168,0.4048,0.7038,0.2546,0.3626,0.1543,1446287.28,1066793.61,6,0.6062,0.7
CASH-02515,2,KAPATAGAN,moderate_stress,7,430,0.7474,0.106,0.0793,0.2923,0.7288,0.3431,0.6692,0.1342,1218242.62,303096.95,6,0.6805,0.8451
CASH-02516,1,LALA,prime_healthy,5,404,0.8676,0.1138,0.0186,0.1718,0.8383,0.1649,0.7376,0.4454,1408840.68,258042.96,8,0.7415,0.8773
CASH-02517,3,TUBOD,elevated_risk,11,399,0.5487,0.284,0.12,0.344,0.6415,0.674,0.4568,0.45,1099914.61,894668.27,5,0.5709,0.7019
CASH-02518,1,LALA,moderate_stress,1,331,0.7244,0.0884,0.1024,0.1738,0.7869,0.2174,0.756,0.1436,2628571.46,624952.91,9,0.7242,0.8012
CASH-02519,2,KAPATAGAN,elevated_risk,1,333,0.6278,0.2621,0.0787,0.2556,0.6298,0.3318,0.2252,0.1626,987566.05,617117.4,5,0.5681,0.7345
CASH-02520,2,KAPATAGAN,moderate_stress,5,368,0.6925,0.1585,0.1133,0.2154,0.8767,0.4426,0.6905,0.3578,2997539.75,1004746.98,7,0.7722,0.7684
CASH-02521,1,LALA,distressed,6,291,0.5116,0.3391,0.1493,0.3873,0.5609,0.6231,0.2592,0.3775,1221791.47,554258.83,3,0.55,0.7
CASH-02522,3,TUBOD,prime_healthy,6,241,0.8696,0.0812,0.0028,0.198,0.9235,0.895,0.7829,0.1366,734341.06,112520.25,3,0.8064,0.9198
CASH-02523,3,TUBOD,prime_healthy,12,230,0.862,0.0773,0.0144,0.1759,0.9477,0.7796,0.733,0.45,1037454.92,239001.29,7,0.9309,0.9041
CASH-02524,2,KAPATAGAN,prime_healthy,1,615,0.7848,0.1425,0.0728,0.1862,0.8912,0.6749,0.7421,0.1285,2214319.77,968155.23,7,0.7252,0.8146
CASH-02525,2,KAPATAGAN,moderate_stress,5,374,0.6631,0.1749,0.0718,0.2433,0.7552,0.7677,0.589,0.02,1598699.24,731883.02,13,0.7002,0.8261
CASH-02526,1,LALA,elevated_risk,11,423,0.626,0.1828,0.0951,0.2719,0.7288,0.5683,0.5444,0.073,3270807.67,747669.54,12,0.718,0.7316
CASH-02527,1,LALA,prime_healthy,7,436,0.7894,0.1318,0.0788,0.1757,0.7735,0.6754,0.7954,0.2604,2595844.01,747754.18,7,0.6674,0.7974
CASH-02528,3,TUBOD,elevated_risk,4,308,0.5923,0.2589,0.1488,0.2919,0.6499,0.5939,0.3799,0.0837,1090587.49,828617.2,9,0.6357,0.7
CASH-02529,2,KAPATAGAN,prime_healthy,7,339,0.8033,0.1569,0.0334,0.2057,0.9341,0.8483,0.6844,0.3195,855346.53,145622.19,8,0.7936,0.8626
CASH-02530,2,KAPATAGAN,moderate_stress,6,412,0.6275,0.2403,0.0667,0.2501,0.7809,0.3711,0.4922,0.3175,1779805.34,890927.14,9,0.5939,0.7596
CASH-02531,3,TUBOD,moderate_stress,11,238,0.7203,0.2034,0.0763,0.1883,0.9857,0.3678,0.6442,0.2102,1387757.34,736038.08,5,0.8866,0.7937
CASH-02532,2,KAPATAGAN,elevated_risk,7,506,0.5383,0.3589,0.0638,0.3109,0.6969,0.7403,0.4415,0.2277,3334840.9,3708723.25,11,0.6321,0.7252
CASH-02533,2,KAPATAGAN,distressed,7,441,0.5083,0.3043,0.1874,0.4639,0.5113,0.3317,0.2779,0.1441,3534269.99,2274577.37,10,0.55,0.7
CASH-02534,2,KAPATAGAN,distressed,10,347,0.504,0.3009,0.1923,0.4555,0.5701,0.4381,0.1057,0.2643,1961276.34,1012538.3,7,0.55,0.7
CASH-02535,3,TUBOD,elevated_risk,10,345,0.6378,0.2578,0.1044,0.3156,0.729,0.5766,0.3998,0.2071,1817474.06,1217978.36,4,0.6871,0.7
CASH-02536,2,KAPATAGAN,moderate_stress,2,415,0.7192,0.139,0.0544,0.1666,0.7993,0.4553,0.6482,0.45,2287620.11,760994.98,4,0.6849,0.8494
CASH-02537,2,KAPATAGAN,elevated_risk,6,471,0.6156,0.311,0.0735,0.3425,0.6699,0.6278,0.4447,0.2331,2563489.22,2375044.32,6,0.5939,0.7
CASH-02538,1,LALA,moderate_stress,8,429,0.6784,0.1987,0.0385,0.2216,0.8217,0.6326,0.5191,0.2888,2310559.52,1207681.21,6,0.7095,0.7915
CASH-02539,2,KAPATAGAN,moderate_stress,12,308,0.7035,0.2062,0.0903,0.2763,0.8663,0.867,0.5225,0.3878,2476301.13,722948.9,7,0.8396,0.7714
CASH-02540,2,KAPATAGAN,prime_healthy,2,320,0.8113,0.094,0.0237,0.2532,0.9897,0.1276,0.7197,0.1511,2128631.47,211958.91,3,0.7829,0.9172
CASH-02541,2,KAPATAGAN,moderate_stress,2,356,0.5885,0.1837,0.0446,0.2801,0.8606,0.3599,0.4889,0.23,2960754.25,735589.61,4,0.7045,0.8037
CASH-02542,1,LALA,moderate_stress,6,431,0.7083,0.1679,0.0845,0.3216,0.7128,0.5071,0.5659,0.4172,1437232.97,610471.01,6,0.6244,0.8043
CASH-02543,2,KAPATAGAN,distressed,8,415,0.4795,0.3406,0.1799,0.3973,0.4935,0.6268,0.2796,0.45,2961011.3,3085806.9,5,0.55,0.7
CASH-02544,1,LALA,prime_healthy,3,234,0.802,0.158,0.0401,0.2325,0.9272,0.6587,0.695,0.2631,865191.92,143812.77,11,0.7958,0.8602
CASH-02545,3,TUBOD,elevated_risk,2,303,0.5161,0.2224,0.18,0.3031,0.6463,0.7176,0.3415,0.3218,1248347.63,473112.42,9,0.55,0.7
CASH-02546,3,TUBOD,moderate_stress,12,411,0.751,0.1371,0.058,0.3365,0.8845,0.1624,0.4499,0.3705,1386068.03,360731.06,14,0.792,0.8028
CASH-02547,3,TUBOD,moderate_stress,7,318,0.7171,0.1712,0.0534,0.2218,0.8271,0.5371,0.6151,0.2041,1341325.86,306885.36,8,0.7007,0.8202
CASH-02548,1,LALA,moderate_stress,12,519,0.7492,0.144,0.0645,0.3508,0.8449,0.4228,0.564,0.2611,2606154.19,1038678.27,11,0.8372,0.8585
CASH-02549,2,KAPATAGAN,moderate_stress,11,339,0.7763,0.1511,0.0727,0.227,0.8236,0.3134,0.6099,0.2391,1310623.05,269389.97,10,0.7868,0.8062
CASH-02550,3,TUBOD,moderate_stress,11,364,0.6816,0.1992,0.0384,0.2507,0.8903,0.5449,0.6122,0.3379,1287877.58,657339.35,6,0.8266,0.8492
CASH-02551,3,TUBOD,elevated_risk,10,427,0.6691,0.2281,0.1028,0.2961,0.6896,0.2254,0.3842,0.0823,2943305.48,879703.32,9,0.6648,0.7562
CASH-02552,2,KAPATAGAN,moderate_stress,8,516,0.7592,0.1686,0.0722,0.2448,0.7808,0.1631,0.6327,0.336,2206453.23,914443.07,1,0.7214,0.7841
CASH-02553,3,TUBOD,moderate_stress,2,303,0.7018,0.1619,0.1363,0.2451,0.8783,0.6426,0.5415,0.1239,1107095.91,506437.44,6,0.6917,0.707
CASH-02554,2,KAPATAGAN,prime_healthy,10,427,0.8459,0.0833,0.0708,0.1379,0.9287,0.2338,0.7499,0.4299,2002436.91,531647.14,8,0.8106,0.804
CASH-02555,2,KAPATAGAN,prime_healthy,7,403,0.7935,0.1225,0.084,0.0549,0.9121,0.6215,0.6324,0.1496,2509128.82,745438.17,6,0.7702,0.7913
CASH-02556,2,KAPATAGAN,prime_healthy,7,344,0.7904,0.1302,0.0404,0.2373,0.8925,0.1213,0.6671,0.2121,2113220.87,383534.18,7,0.7745,0.8645
CASH-02557,3,TUBOD,prime_healthy,12,218,0.8815,0.0505,0.0629,0.1692,0.9587,0.4668,0.7003,0.45,724955.14,38402.26,8,0.9295,0.843
CASH-02558,1,LALA,moderate_stress,7,364,0.706,0.2128,0.0812,0.3108,0.7171,0.5953,0.5121,0.2417,2215463.68,869312.75,5,0.6083,0.7925
CASH-02559,3,TUBOD,moderate_stress,2,313,0.6977,0.1707,0.078,0.2264,0.8795,0.5469,0.6307,0.3345,1110503.96,312198.5,6,0.712,0.8037
CASH-02560,2,KAPATAGAN,prime_healthy,5,391,0.7948,0.1273,0.0779,0.1942,1.0,0.6625,0.6954,0.2408,1995207.39,514387.25,9,0.846,0.7939
CASH-02561,2,KAPATAGAN,prime_healthy,7,450,0.8082,0.1824,0.0094,0.1136,0.872,0.6665,0.7305,0.2503,2548096.34,1186694.66,10,0.7512,0.8881
CASH-02562,3,TUBOD,prime_healthy,1,191,0.8168,0.0813,0.0,0.267,0.9354,0.1652,0.8755,0.1541,826350.98,143685.12,5,0.7911,0.95
CASH-02563,1,LALA,moderate_stress,2,247,0.7498,0.1317,0.1185,0.137,0.8758,0.6779,0.5562,0.2922,1960559.56,414266.75,4,0.6945,0.7573
CASH-02564,3,TUBOD,prime_healthy,7,244,0.81,0.1491,0.0,0.1179,0.8895,0.4496,0.5537,0.3236,1410490.26,233733.22,8,0.799,0.8414
CASH-02565,2,KAPATAGAN,prime_healthy,10,409,0.8251,0.1346,0.0364,0.1813,0.9326,0.5689,0.7387,0.1533,2520293.72,417486.62,6,0.8057,0.8275
CASH-02566,1,LALA,moderate_stress,3,344,0.6568,0.1855,0.1121,0.2326,0.816,0.3226,0.6882,0.2098,1504381.59,366189.87,3,0.6929,0.7752
CASH-02567,3,TUBOD,moderate_stress,8,287,0.8139,0.1446,0.0415,0.2076,0.7651,0.8761,0.6254,0.2252,1425722.99,449973.73,7,0.7249,0.8337
CASH-02568,3,TUBOD,prime_healthy,10,130,0.8387,0.1066,0.0547,0.2411,0.9387,0.7486,0.7389,0.3399,732219.3,208995.12,6,0.8103,0.8629
CASH-02569,1,LALA,elevated_risk,10,307,0.6356,0.2448,0.1196,0.3699,0.6661,0.3021,0.3499,0.45,2145692.08,1140974.75,4,0.6134,0.7
CASH-02570,1,LALA,elevated_risk,6,462,0.6384,0.2197,0.1419,0.384,0.6326,0.3836,0.4799,0.213,1893635.63,481706.58,3,0.55,0.7
CASH-02571,2,KAPATAGAN,moderate_stress,6,362,0.6727,0.184,0.1089,0.2373,0.8403,0.433,0.5765,0.45,985829.96,234467.78,10,0.6558,0.7496
CASH-02572,1,LALA,prime_healthy,7,510,0.8714,0.01,0.0393,0.1036,0.8725,0.1583,0.7314,0.1165,3558766.12,46121.32,9,0.8026,0.909
CASH-02573,1,LALA,distressed,8,468,0.3858,0.2938,0.2006,0.3604,0.5849,0.8014,0.3356,0.0881,1692194.24,927812.84,3,0.55,0.7
CASH-02574,3,TUBOD,moderate_stress,12,279,0.7542,0.1469,0.0768,0.2655,0.8418,0.5393,0.5016,0.1527,934492.74,325985.01,8,0.8287,0.8134
CASH-02575,1,LALA,prime_healthy,2,408,0.7632,0.0991,0.0,0.2492,1.0,0.3262,0.6239,0.3594,1815843.77,198617.31,7,0.7848,0.8726
CASH-02576,3,TUBOD,elevated_risk,8,219,0.5435,0.2772,0.0786,0.2969,0.9046,0.1667,0.405,0.4099,1569884.21,702146.72,7,0.7019,0.731
CASH-02577,3,TUBOD,elevated_risk,5,365,0.4408,0.2451,0.1096,0.3787,0.7037,0.2107,0.4246,0.2506,2322060.82,672499.9,3,0.606,0.7393
CASH-02578,2,KAPATAGAN,elevated_risk,1,298,0.5975,0.2727,0.1298,0.3707,0.7379,0.5218,0.3109,0.45,1397537.4,716843.41,9,0.55,0.7
CASH-02579,3,TUBOD,moderate_stress,11,348,0.7019,0.1589,0.0942,0.2887,0.7955,0.2531,0.6753,0.3783,1271724.46,286806.13,7,0.7619,0.7685
CASH-02580,2,KAPATAGAN,elevated_risk,12,311,0.4694,0.2638,0.0934,0.3196,0.7865,0.4275,0.3825,0.0298,1568024.17,1136559.18,9,0.7686,0.7618
CASH-02581,3,TUBOD,prime_healthy,10,232,0.8521,0.1292,0.0187,0.2142,0.8706,0.4951,0.9,0.2775,1890086.58,376605.18,4,0.7981,0.8993
CASH-02582,3,TUBOD,prime_healthy,11,255,0.833,0.1064,0.0282,0.2302,0.836,0.2081,0.7568,0.1973,1525839.97,269522.23,6,0.8342,0.8782
CASH-02583,3,TUBOD,prime_healthy,8,194,0.8624,0.1314,0.0025,0.2909,0.8929,0.4134,0.8487,0.1178,731153.81,138119.82,9,0.7933,0.8957
CASH-02584,3,TUBOD,prime_healthy,12,134,0.7936,0.0969,0.0064,0.1688,0.9197,0.8833,0.6505,0.1806,703134.0,113126.66,6,0.9166,0.9147
CASH-02585,1,LALA,moderate_stress,6,612,0.6989,0.1682,0.0755,0.3049,0.7744,0.469,0.5591,0.2959,3715838.55,1030489.51,5,0.6897,0.8333
CASH-02586,1,LALA,prime_healthy,6,288,0.8603,0.111,0.0,0.1326,0.9825,0.7678,0.6765,0.193,1162290.8,273194.81,5,0.8215,0.8976
CASH-02587,2,KAPATAGAN,prime_healthy,3,306,0.896,0.1015,0.0,0.1782,0.8465,0.3541,0.8147,0.3011,2247835.23,358133.82,8,0.7749,0.9377
CASH-02588,3,TUBOD,prime_healthy,10,271,0.8028,0.1594,0.0378,0.2143,0.9067,0.8578,0.7808,0.339,1126909.89,326294.08,4,0.8229,0.89
CASH-02589,1,LALA,prime_healthy,3,565,0.8882,0.0839,0.0018,0.1577,0.7978,0.1297,0.7806,0.1512,1442540.78,322479.14,8,0.7922,0.9131
CASH-02590,2,KAPATAGAN,elevated_risk,4,433,0.6061,0.2777,0.1161,0.3257,0.6158,0.6075,0.4533,0.3543,3487517.49,2585980.7,9,0.6117,0.7
CASH-02591,1,LALA,elevated_risk,11,317,0.6225,0.248,0.1296,0.3538,0.6572,0.601,0.4141,0.1691,2394051.24,1192679.33,9,0.6634,0.7023
CASH-02592,3,TUBOD,moderate_stress,1,310,0.6915,0.1956,0.0818,0.2875,0.808,0.4138,0.6466,0.2515,1651227.31,824595.67,4,0.6941,0.7809
CASH-02593,3,TUBOD,moderate_stress,12,274,0.7163,0.1161,0.0488,0.2396,0.7836,0.7891,0.5196,0.2132,1730137.56,519995.34,10,0.8275,0.8614
CASH-02594,2,KAPATAGAN,elevated_risk,11,554,0.5011,0.2826,0.117,0.3019,0.705,0.2613,0.3114,0.2417,4667515.26,2720915.77,10,0.6805,0.7
CASH-02595,1,LALA,elevated_risk,7,352,0.6216,0.2672,0.1112,0.3099,0.6687,0.3982,0.5342,0.2022,1952125.71,538794.59,4,0.6392,0.708
CASH-02596,3,TUBOD,distressed,11,290,0.5292,0.3224,0.147,0.4582,0.5419,0.2033,0.2783,0.2268,1288441.19,1243588.68,3,0.5693,0.7
CASH-02597,1,LALA,distressed,12,448,0.5123,0.2911,0.1746,0.4235,0.6192,0.6059,0.4275,0.45,3401186.0,1320829.81,13,0.55,0.7
CASH-02598,3,TUBOD,elevated_risk,7,248,0.5343,0.3031,0.1272,0.3636,0.717,0.7404,0.4544,0.1492,670799.18,626892.24,8,0.6089,0.7
CASH-02599,1,LALA,moderate_stress,10,523,0.6592,0.1355,0.0622,0.2419,0.7672,0.6735,0.7733,0.1178,2876118.07,694517.89,6,0.7163,0.8368
CASH-02600,3,TUBOD,prime_healthy,5,212,0.7893,0.0648,0.0453,0.2653,0.7977,0.6322,0.7836,0.45,1524425.32,185383.97,3,0.7238,0.8831
CASH-02601,2,KAPATAGAN,elevated_risk,10,465,0.5129,0.2572,0.0871,0.3638,0.6753,0.5444,0.283,0.1827,2313592.07,1303320.59,12,0.6243,0.7295
CASH-02602,2,KAPATAGAN,prime_healthy,12,219,0.6967,0.1143,0.0659,0.1476,0.8957,0.2463,0.7596,0.237,978624.97,246134.43,11,0.8664,0.8321
CASH-02603,2,KAPATAGAN,distressed,8,386,0.3784,0.2258,0.1825,0.4023,0.4527,0.4425,0.4235,0.3606,2565392.21,1444719.98,7,0.55,0.7
CASH-02604,2,KAPATAGAN,distressed,4,324,0.4341,0.2637,0.2,0.3485,0.5172,0.5502,0.1831,0.3916,2693832.28,1923784.4,13,0.55,0.7
CASH-02605,3,TUBOD,prime_healthy,5,117,0.8609,0.0475,0.0827,0.1835,0.9602,0.3416,0.7556,0.29,360045.26,30111.91,9,0.8486,0.8719
CASH-02606,3,TUBOD,moderate_stress,3,222,0.7494,0.1306,0.0985,0.274,0.7385,0.4791,0.6108,0.1967,1674645.12,446383.3,9,0.6499,0.7861
CASH-02607,1,LALA,distressed,4,546,0.4905,0.2844,0.2251,0.3586,0.5296,0.8127,0.1336,0.2269,1601675.29,564137.6,7,0.55,0.7
CASH-02608,2,KAPATAGAN,prime_healthy,10,348,0.886,0.0825,0.0239,0.2018,0.9268,0.6221,0.8132,0.3135,1098093.12,265211.05,9,0.8358,0.8835
CASH-02609,3,TUBOD,elevated_risk,12,257,0.6088,0.2483,0.115,0.4245,0.597,0.5837,0.3743,0.2138,1959040.93,715030.7,9,0.6044,0.7
CASH-02610,3,TUBOD,moderate_stress,5,340,0.779,0.1551,0.0658,0.2948,0.8445,0.542,0.632,0.3084,2784994.08,1349023.38,11,0.7259,0.7903
CASH-02611,3,TUBOD,prime_healthy,5,296,0.7937,0.0674,0.0108,0.1623,0.8695,0.8633,0.6672,0.1303,1865680.21,366885.13,8,0.836,0.9387
CASH-02612,2,KAPATAGAN,moderate_stress,5,297,0.6772,0.1276,0.0889,0.3538,0.7843,0.3839,0.5503,0.0943,1684110.48,299035.72,14,0.6389,0.7736
CASH-02613,2,KAPATAGAN,prime_healthy,1,232,0.9072,0.0928,0.0,0.2286,1.0,0.6604,0.7966,0.45,597096.12,80219.07,6,0.8244,0.9312
CASH-02614,2,KAPATAGAN,distressed,1,413,0.5056,0.2879,0.199,0.4254,0.5743,0.3473,0.1,0.157,1589676.2,1091016.71,11,0.55,0.7
CASH-02615,3,TUBOD,moderate_stress,12,355,0.6301,0.1719,0.0648,0.2311,0.6986,0.5122,0.5432,0.1847,1120069.28,515751.58,7,0.7208,0.8278
CASH-02616,2,KAPATAGAN,prime_healthy,11,400,0.788,0.1419,0.0701,0.2516,0.867,0.5196,0.6426,0.2206,2751715.67,1114894.27,8,0.823,0.7924
CASH-02617,3,TUBOD,elevated_risk,8,199,0.6469,0.2439,0.1092,0.3679,0.6355,0.8405,0.6095,0.416,1362017.55,601122.79,8,0.5748,0.7141
CASH-02618,3,TUBOD,moderate_stress,10,354,0.6644,0.1538,0.0982,0.109,0.764,0.7682,0.6182,0.45,1119927.04,499674.0,5,0.7603,0.7501
CASH-02619,1,LALA,elevated_risk,11,348,0.5471,0.1652,0.0804,0.307,0.7463,0.3475,0.3782,0.3064,961050.88,458511.23,9,0.7454,0.7842
CASH-02620,3,TUBOD,moderate_stress,4,303,0.7031,0.2232,0.0428,0.2787,0.8468,0.3268,0.6267,0.1828,2105929.24,570520.3,12,0.7679,0.8215
CASH-02621,2,KAPATAGAN,moderate_stress,2,390,0.7434,0.1084,0.0843,0.1573,0.8062,0.6502,0.4755,0.4481,1067001.04,135518.02,7,0.6882,0.7749
CASH-02622,3,TUBOD,prime_healthy,11,418,0.8684,0.0936,0.038,0.2226,0.9085,0.8187,0.7839,0.3439,1915578.69,531322.21,9,0.8637,0.8722
CASH-02623,1,LALA,distressed,7,406,0.4305,0.3673,0.1555,0.4964,0.4634,0.666,0.2211,0.1863,1399854.71,1467914.34,16,0.55,0.7
CASH-02624,2,KAPATAGAN,moderate_stress,2,245,0.6937,0.1488,0.1221,0.275,0.7534,0.2679,0.5084,0.1046,651634.75,122812.96,1,0.6126,0.757
CASH-02625,1,LALA,distressed,7,447,0.4957,0.3218,0.1826,0.3567,0.4687,0.5008,0.3348,0.3062,3372844.95,1647668.01,13,0.55,0.7
CASH-02626,2,KAPATAGAN,prime_healthy,3,170,0.8763,0.1099,0.0138,0.1546,0.8325,0.5841,0.8894,0.3132,1117921.48,141359.3,8,0.7321,0.926
CASH-02627,3,TUBOD,prime_healthy,9,204,0.8295,0.0944,0.0318,0.2292,0.8387,0.6529,0.7739,0.4408,1393962.92,384044.48,7,0.7793,0.9206
CASH-02628,3,TUBOD,prime_healthy,2,244,0.8573,0.0869,0.0559,0.1984,0.9327,0.2542,0.7539,0.1263,1586222.45,282386.04,3,0.8075,0.8945
CASH-02629,2,KAPATAGAN,prime_healthy,7,245,0.8292,0.1273,0.0435,0.1331,0.9347,0.1304,0.6889,0.2405,1246877.71,479003.69,9,0.7971,0.8387
CASH-02630,1,LALA,prime_healthy,7,396,0.928,0.0611,0.0109,0.1498,0.9578,0.5915,0.6325,0.0983,1973795.87,366314.87,9,0.857,0.8984
CASH-02631,2,KAPATAGAN,distressed,1,439,0.4888,0.2493,0.1952,0.4219,0.5919,0.8445,0.2888,0.0285,2350454.69,626749.14,9,0.55,0.7
CASH-02632,1,LALA,moderate_stress,12,371,0.6986,0.2054,0.0661,0.2016,0.8417,0.7653,0.5528,0.226,1672922.53,1087970.57,10,0.7757,0.7726
CASH-02633,3,TUBOD,moderate_stress,11,241,0.6782,0.1833,0.1114,0.1824,0.9008,0.1011,0.5962,0.315,1685882.52,855082.21,7,0.8351,0.7595
CASH-02634,3,TUBOD,elevated_risk,3,408,0.6014,0.287,0.1116,0.2613,0.76,0.3151,0.425,0.214,1422793.88,946436.67,5,0.6905,0.701
CASH-02635,1,LALA,prime_healthy,12,209,0.7548,0.0867,0.045,0.0905,0.9339,0.5336,0.7107,0.2351,945485.86,243116.21,11,0.9393,0.8447
CASH-02636,1,LALA,elevated_risk,3,417,0.6045,0.3016,0.0925,0.4112,0.6012,0.2141,0.2942,0.0745,1067890.12,982531.57,12,0.5693,0.7
CASH-02637,1,LALA,prime_healthy,3,440,0.896,0.0304,0.0479,0.2378,0.8102,0.7524,0.726,0.1687,2528677.92,121200.04,5,0.8158,0.8478
CASH-02638,2,KAPATAGAN,elevated_risk,3,466,0.5781,0.2984,0.0352,0.2801,0.763,0.5689,0.3979,0.3248,2151662.7,1699725.09,13,0.6884,0.8094
CASH-02639,2,KAPATAGAN,prime_healthy,3,334,0.8447,0.1169,0.0384,0.2592,0.9686,0.9185,0.6742,0.0892,1643707.44,417531.84,11,0.8381,0.8504
CASH-02640,3,TUBOD,moderate_stress,3,464,0.7699,0.1697,0.0604,0.2518,0.791,0.2488,0.5883,0.2775,2124528.48,737194.38,6,0.7776,0.8092
CASH-02641,3,TUBOD,moderate_stress,10,402,0.6806,0.2554,0.064,0.2482,0.7855,0.2988,0.6863,0.1651,1151238.07,481714.14,2,0.7274,0.7919
CASH-02642,3,TUBOD,prime_healthy,8,276,0.8111,0.1073,0.0,0.1212,0.8002,0.4325,0.685,0.1793,2106059.07,486391.04,6,0.7933,0.9097
CASH-02643,2,KAPATAGAN,prime_healthy,9,369,0.8796,0.0818,0.0387,0.3193,0.8145,0.6462,0.6254,0.1167,2840235.8,507536.95,12,0.7174,0.8723
CASH-02644,2,KAPATAGAN,moderate_stress,8,318,0.709,0.1822,0.1088,0.3393,0.8522,0.7454,0.5996,0.287,1610299.7,453665.94,12,0.6591,0.7325
CASH-02645,1,LALA,distressed,8,528,0.4445,0.3478,0.1805,0.3893,0.5212,0.4404,0.226,0.1115,1522300.74,805821.06,8,0.55,0.7
CASH-02646,1,LALA,elevated_risk,8,397,0.5426,0.3227,0.1347,0.3114,0.7083,0.5605,0.4497,0.3414,2323596.63,1634510.34,13,0.5727,0.7
CASH-02647,3,TUBOD,moderate_stress,8,249,0.6941,0.1856,0.1203,0.2476,0.7778,0.9052,0.6501,0.393,648985.38,380645.52,1,0.6547,0.7352
CASH-02648,1,LALA,elevated_risk,4,398,0.5525,0.158,0.1208,0.3432,0.6308,0.6645,0.5035,0.1385,1587619.03,677123.95,17,0.6208,0.722
CASH-02649,3,TUBOD,elevated_risk,2,230,0.562,0.2839,0.0851,0.3422,0.708,0.4214,0.3686,0.0795,1752462.61,1470770.2,6,0.6431,0.7629
CASH-02650,2,KAPATAGAN,moderate_stress,7,306,0.6886,0.1555,0.0865,0.3047,0.6925,0.2278,0.7531,0.45,2025472.03,385339.24,13,0.6466,0.7719
CASH-02651,3,TUBOD,distressed,5,189,0.4618,0.2868,0.1364,0.3135,0.4583,0.6389,0.2717,0.1382,1491937.64,1119822.68,8,0.55,0.7
CASH-02652,1,LALA,distressed,3,393,0.4768,0.3102,0.213,0.4292,0.5278,0.88,0.3988,0.2497,2052323.6,681699.55,11,0.55,0.7
CASH-02653,2,KAPATAGAN,elevated_risk,1,344,0.6144,0.2735,0.1121,0.2573,0.7531,0.8785,0.347,0.1799,1396366.29,845197.52,8,0.6361,0.7033
CASH-02654,1,LALA,prime_healthy,11,430,0.8481,0.12,0.015,0.1363,0.9967,0.6974,0.7347,0.1568,1161249.06,375889.01,12,0.8738,0.8724
CASH-02655,1,LALA,elevated_risk,10,444,0.6052,0.2558,0.139,0.2945,0.6931,0.4642,0.3731,0.1466,2495876.28,1237519.63,9,0.6296,0.7
CASH-02656,2,KAPATAGAN,distressed,10,421,0.4865,0.2801,0.172,0.3176,0.6103,0.3304,0.165,0.4134,1687429.88,943226.45,9,0.55,0.7
CASH-02657,3,TUBOD,moderate_stress,1,351,0.7035,0.1965,0.1,0.2532,0.7911,0.5694,0.6197,0.1312,2578172.22,670810.84,5,0.659,0.7239
CASH-02658,3,TUBOD,moderate_stress,9,244,0.6552,0.1836,0.0592,0.2236,0.7875,0.2795,0.55,0.16,925708.01,226859.91,4,0.7727,0.7891
CASH-02659,1,LALA,moderate_stress,6,326,0.6726,0.1843,0.0516,0.2185,0.7864,0.5034,0.8036,0.1887,2697774.7,1087378.33,8,0.6735,0.8177
CASH-02660,1,LALA,prime_healthy,4,423,0.7648,0.1876,0.0476,0.2228,0.9954,0.1959,0.7011,0.3045,1682070.34,509723.24,10,0.8366,0.8089
CASH-02661,3,TUBOD,elevated_risk,2,297,0.5732,0.3042,0.1226,0.357,0.6805,0.329,0.4989,0.45,2045376.21,1528981.02,6,0.55,0.7009
CASH-02662,3,TUBOD,prime_healthy,6,349,0.8067,0.0518,0.0355,0.293,0.8824,0.8689,0.7778,0.3466,1572520.18,240286.34,6,0.7447,0.9057
CASH-02663,3,TUBOD,distressed,12,271,0.432,0.2854,0.2332,0.3535,0.5511,0.8814,0.2191,0.1406,958473.46,575455.52,9,0.55,0.7
CASH-02664,3,TUBOD,distressed,8,320,0.4836,0.3091,0.2073,0.3622,0.5674,0.6663,0.1,0.2862,1304570.13,1170745.11,2,0.55,0.7
CASH-02665,2,KAPATAGAN,distressed,8,362,0.4815,0.2453,0.1971,0.2606,0.6562,0.8838,0.2774,0.307,2087591.2,697391.67,8,0.5546,0.7
CASH-02666,3,TUBOD,elevated_risk,3,431,0.5767,0.1595,0.0976,0.4117,0.6525,0.6992,0.319,0.287,3091639.68,539523.91,9,0.5887,0.7304
CASH-02667,2,KAPATAGAN,prime_healthy,6,343,0.7811,0.01,0.0348,0.2061,0.8731,0.2071,0.807,0.3571,2849180.46,42343.03,11,0.788,0.9039
CASH-02668,2,KAPATAGAN,moderate_stress,10,261,0.714,0.1871,0.0766,0.2278,0.9667,0.3809,0.591,0.2583,1314040.69,633911.12,2,0.8382,0.814
CASH-02669,1,LALA,moderate_stress,2,361,0.6923,0.2012,0.1065,0.2136,0.6459,0.4594,0.6199,0.2612,1226576.72,315263.65,12,0.6105,0.7637
CASH-02670,3,TUBOD,elevated_risk,3,288,0.5402,0.232,0.175,0.3734,0.6504,0.4924,0.5093,0.3732,852451.05,348266.79,6,0.5823,0.7
CASH-02671,1,LALA,moderate_stress,3,347,0.7054,0.2029,0.0447,0.2087,0.7502,0.274,0.4096,0.3811,1126957.7,556482.02,9,0.6922,0.7986
CASH-02672,2,KAPATAGAN,elevated_risk,7,407,0.593,0.2797,0.1272,0.232,0.5424,0.5579,0.4118,0.45,2201596.76,1533113.98,6,0.55,0.7
CASH-02673,2,KAPATAGAN,moderate_stress,2,254,0.6351,0.2905,0.052,0.2989,0.8117,0.3553,0.7152,0.1606,718001.41,354200.47,3,0.6546,0.7848
CASH-02674,1,LALA,moderate_stress,10,577,0.6766,0.1136,0.0592,0.2639,0.8007,0.3981,0.468,0.1623,1471265.9,255900.03,10,0.7634,0.8263
CASH-02675,3,TUBOD,elevated_risk,7,232,0.5894,0.3162,0.0455,0.3128,0.6073,0.2727,0.4165,0.0893,860538.96,591520.37,5,0.5956,0.7341
CASH-02676,1,LALA,elevated_risk,10,415,0.6199,0.2725,0.1076,0.2728,0.6832,0.426,0.5155,0.3296,1741267.89,492944.67,4,0.6503,0.7145
CASH-02677,1,LALA,distressed,2,382,0.5505,0.2703,0.1792,0.4246,0.5366,0.4919,0.386,0.3919,2992024.12,1592583.83,5,0.55,0.7
CASH-02678,3,TUBOD,elevated_risk,2,203,0.6295,0.2732,0.0972,0.244,0.7583,0.1312,0.5154,0.3147,1053899.3,300853.62,7,0.6277,0.714
CASH-02679,2,KAPATAGAN,prime_healthy,6,285,0.7818,0.1137,0.0425,0.1369,0.8885,0.4995,0.6146,0.0807,1397625.27,338458.38,10,0.778,0.8457
CASH-02680,1,LALA,moderate_stress,2,248,0.6091,0.2437,0.0513,0.256,0.8447,0.8397,0.5155,0.026,1149133.37,763656.76,5,0.743,0.8004
CASH-02681,1,LALA,prime_healthy,11,371,0.8214,0.1298,0.0,0.1855,0.8939,0.4672,0.6096,0.2968,2782790.97,516229.39,10,0.8706,0.9072
CASH-02682,2,KAPATAGAN,moderate_stress,5,127,0.7549,0.1805,0.0646,0.3164,0.7354,0.6922,0.5527,0.1706,749578.05,393608.64,13,0.672,0.8394
CASH-02683,3,TUBOD,moderate_stress,9,240,0.7357,0.1975,0.0668,0.2339,0.8609,0.7753,0.4678,0.204,834811.93,488394.12,10,0.741,0.7851
CASH-02684,3,TUBOD,distressed,9,332,0.4619,0.3536,0.1845,0.4705,0.3975,0.9137,0.1851,0.2846,1360864.43,1218593.14,8,0.55,0.7
CASH-02685,1,LALA,moderate_stress,9,380,0.6863,0.1597,0.0977,0.269,0.7194,0.6089,0.5561,0.1293,2589487.88,784351.92,5,0.6499,0.7923
CASH-02686,1,LALA,prime_healthy,8,540,0.8092,0.1292,0.0155,0.1107,1.0,0.4516,0.6951,0.1367,3282368.01,714705.91,6,0.8425,0.9008
CASH-02687,2,KAPATAGAN,moderate_stress,4,385,0.66,0.1955,0.0473,0.2336,0.8112,0.408,0.6367,0.3949,2818425.04,1402350.1,10,0.7191,0.8174
CASH-02688,2,KAPATAGAN,prime_healthy,8,333,0.7065,0.0686,0.0091,0.2439,0.9504,0.1163,0.6615,0.1794,1848596.16,132601.19,9,0.7784,0.9362
CASH-02689,2,KAPATAGAN,elevated_risk,1,406,0.5745,0.2285,0.0779,0.3202,0.7415,0.5493,0.4478,0.1372,1455767.86,392525.18,9,0.6121,0.7832
CASH-02690,1,LALA,prime_healthy,11,526,0.7889,0.1732,0.0379,0.238,0.935,0.8819,0.7529,0.3955,4382281.81,1423851.61,7,0.8765,0.8563
CASH-02691,1,LALA,prime_healthy,8,414,0.7899,0.1083,0.0106,0.239,0.9184,0.7064,0.7224,0.3072,2254568.98,569618.97,9,0.7662,0.9051
CASH-02692,2,KAPATAGAN,distressed,3,402,0.4645,0.346,0.1895,0.3976,0.4443,0.7257,0.2801,0.3175,3395297.02,1295073.16,11,0.55,0.7
CASH-02693,2,KAPATAGAN,moderate_stress,12,413,0.6859,0.1782,0.1359,0.2718,0.8622,0.5124,0.5926,0.4467,1138982.77,300061.94,11,0.7908,0.7141
CASH-02694,1,LALA,distressed,7,410,0.4891,0.3323,0.1786,0.3415,0.5856,0.4816,0.372,0.2902,1358652.37,909021.02,2,0.55,0.7
CASH-02695,1,LALA,elevated_risk,2,359,0.642,0.2378,0.1202,0.3128,0.7131,0.7739,0.3785,0.1475,2805930.67,1509067.11,7,0.6349,0.7308
CASH-02696,3,TUBOD,moderate_stress,12,232,0.7374,0.1355,0.0735,0.3174,0.766,0.6673,0.5802,0.3114,664837.45,155596.76,5,0.7485,0.7767
CASH-02697,1,LALA,prime_healthy,1,478,0.8409,0.0592,0.0637,0.1268,0.954,0.6729,0.9,0.2108,1349206.82,96968.1,9,0.8153,0.8461
CASH-02698,2,KAPATAGAN,moderate_stress,4,256,0.6888,0.1586,0.0779,0.1828,0.78,0.1233,0.5694,0.0938,1171003.32,494430.77,1,0.7478,0.8081
CASH-02699,3,TUBOD,prime_healthy,11,350,0.7735,0.1247,0.0765,0.1584,1.0,0.8417,0.8016,0.3345,2375236.94,303862.92,6,0.8961,0.8269
CASH-02700,3,TUBOD,moderate_stress,12,262,0.7976,0.1407,0.0617,0.2335,0.844,0.2594,0.5956,0.1769,1749578.39,665811.2,8,0.8553,0.8417
CASH-02701,1,LALA,prime_healthy,4,440,0.8337,0.1502,0.0,0.2219,0.7814,0.1406,0.6966,0.2173,2757797.42,1271266.68,11,0.7577,0.9226
CASH-02702,2,KAPATAGAN,moderate_stress,2,297,0.7949,0.1256,0.0603,0.1847,0.917,0.1418,0.5965,0.4299,2053343.67,269800.02,7,0.7458,0.845
CASH-02703,3,TUBOD,moderate_stress,11,311,0.7163,0.191,0.0928,0.3087,0.7792,0.8665,0.5524,0.1243,1825361.73,1021977.25,2,0.7653,0.7505
CASH-02704,2,KAPATAGAN,distressed,6,406,0.4617,0.3395,0.1987,0.3627,0.6704,0.6424,0.2513,0.1447,2323413.95,2178421.32,10,0.55,0.7
CASH-02705,3,TUBOD,moderate_stress,2,363,0.7046,0.0996,0.1333,0.203,0.8013,0.6552,0.5467,0.3067,1883848.4,194874.35,12,0.6929,0.7202
CASH-02706,1,LALA,distressed,5,585,0.3837,0.339,0.2103,0.4083,0.5286,0.1078,0.3334,0.3385,2105030.67,1525058.92,8,0.55,0.7
CASH-02707,3,TUBOD,prime_healthy,6,233,0.7642,0.01,0.0689,0.1509,0.9132,0.3409,0.7215,0.2651,1909545.79,50586.36,7,0.7755,0.9036
CASH-02708,2,KAPATAGAN,elevated_risk,11,385,0.6187,0.2811,0.1002,0.308,0.6836,0.6341,0.3754,0.2501,2423376.02,1549730.23,12,0.6382,0.7105
CASH-02709,2,KAPATAGAN,prime_healthy,4,202,0.8817,0.0949,0.0234,0.2226,0.8343,0.5653,0.7943,0.1331,1308260.92,241185.67,8,0.8023,0.8909
CASH-02710,2,KAPATAGAN,moderate_stress,4,527,0.7395,0.1281,0.072,0.2356,0.7714,0.7719,0.4217,0.1241,3306484.98,1172095.92,12,0.7059,0.8029
CASH-02711,2,KAPATAGAN,prime_healthy,1,409,0.7915,0.1361,0.0,0.147,0.927,0.6451,0.7037,0.1808,2052028.04,505199.38,13,0.7855,0.8965
CASH-02712,3,TUBOD,moderate_stress,3,183,0.7685,0.174,0.0575,0.2307,0.7086,0.7442,0.6017,0.3409,664926.74,223282.92,4,0.6631,0.7639
CASH-02713,2,KAPATAGAN,prime_healthy,12,506,0.8605,0.01,0.0,0.1684,1.0,0.7422,0.5814,0.2616,3385596.15,62575.03,11,0.9463,0.95
CASH-02714,3,TUBOD,moderate_stress,2,163,0.7466,0.1355,0.0812,0.2404,0.8661,0.8382,0.7476,0.2846,751581.22,209200.64,6,0.709,0.7657
CASH-02715,2,KAPATAGAN,prime_healthy,6,375,0.8732,0.1136,0.0132,0.1511,0.939,0.5959,0.6449,0.2727,2349715.79,363668.11,4,0.7922,0.899
CASH-02716,2,KAPATAGAN,prime_healthy,5,330,0.8863,0.0856,0.0281,0.1659,0.8535,0.766,0.7249,0.2646,1164599.62,129134.22,10,0.8057,0.9075
CASH-02717,2,KAPATAGAN,moderate_stress,1,368,0.7375,0.1843,0.0782,0.2257,0.8546,0.2599,0.7699,0.1029,3077650.15,1563040.73,7,0.7621,0.7976
CASH-02718,2,KAPATAGAN,elevated_risk,4,357,0.5622,0.2744,0.0415,0.3083,0.6784,0.7353,0.3238,0.0957,1593241.92,978646.73,10,0.6622,0.7796
CASH-02719,3,TUBOD,moderate_stress,11,335,0.6824,0.2284,0.0888,0.3252,0.777,0.3697,0.589,0.1752,1019363.35,662193.87,13,0.7595,0.7633
CASH-02720,1,LALA,prime_healthy,7,386,0.8471,0.0847,0.0154,0.2879,1.0,0.3645,0.8879,0.2313,2819912.42,311742.37,10,0.8789,0.9412
CASH-02721,2,KAPATAGAN,prime_healthy,6,462,0.8265,0.1115,0.0619,0.2213,0.8165,0.7601,0.7612,0.2159,1544435.0,181710.58,10,0.7363,0.8324
CASH-02722,2,KAPATAGAN,moderate_stress,2,256,0.7764,0.1787,0.0061,0.2674,0.8464,0.4741,0.5287,0.1701,755726.45,154477.28,11,0.7051,0.8658
CASH-02723,1,LALA,prime_healthy,12,445,0.8683,0.0883,0.0434,0.1551,0.8501,0.4092,0.7362,0.0347,1459010.95,189793.0,10,0.8827,0.8512
CASH-02724,2,KAPATAGAN,moderate_stress,4,329,0.6723,0.1539,0.0818,0.2524,0.7433,0.3709,0.4527,0.2132,2579875.22,1172235.71,10,0.7687,0.7886
CASH-02725,2,KAPATAGAN,elevated_risk,2,262,0.5529,0.322,0.0906,0.3353,0.6725,0.2134,0.4283,0.1581,1618635.07,1225054.72,7,0.583,0.7
CASH-02726,3,TUBOD,moderate_stress,5,214,0.7631,0.1868,0.0398,0.162,0.8573,0.1816,0.5339,0.1735,853802.74,406989.01,10,0.7713,0.8419
CASH-02727,1,LALA,distressed,5,297,0.4966,0.3119,0.1914,0.4154,0.5418,0.2675,0.2223,0.1532,1816784.96,800405.72,15,0.55,0.7
CASH-02728,2,KAPATAGAN,elevated_risk,2,246,0.5562,0.2655,0.0901,0.3769,0.6147,0.8862,0.4816,0.286,1619928.22,566706.48,10,0.55,0.7273
CASH-02729,1,LALA,prime_healthy,2,705,0.8546,0.0908,0.0,0.145,0.932,0.1077,0.8846,0.1627,5110996.96,1220802.31,2,0.8437,0.9478
CASH-02730,3,TUBOD,prime_healthy,10,202,0.831,0.1466,0.0225,0.1453,0.8261,0.3282,0.7994,0.1825,1282155.37,586412.76,1,0.7892,0.8926
CASH-02731,3,TUBOD,prime_healthy,5,258,0.8598,0.01,0.0477,0.1571,0.956,0.5692,0.7284,0.1846,1312563.31,28076.3,9,0.8839,0.95
CASH-02732,3,TUBOD,moderate_stress,7,384,0.6787,0.278,0.0433,0.3418,0.8562,0.3274,0.6504,0.1768,2738320.29,804871.98,3,0.7368,0.8049
CASH-02733,2,KAPATAGAN,distressed,8,332,0.4679,0.3369,0.1952,0.3819,0.5633,0.1771,0.3138,0.1719,1836375.27,1687962.43,7,0.55,0.7
CASH-02734,1,LALA,moderate_stress,6,379,0.7716,0.1513,0.0771,0.2636,0.7248,0.8289,0.6651,0.226,2235314.49,431537.31,7,0.6743,0.833
CASH-02735,3,TUBOD,moderate_stress,1,406,0.68,0.2525,0.0675,0.3521,0.8184,0.1919,0.6053,0.2632,2804471.06,1797337.37,6,0.6249,0.7671
CASH-02736,2,KAPATAGAN,moderate_stress,7,264,0.7261,0.1638,0.0509,0.3317,0.8122,0.1198,0.4983,0.0585,1246094.73,293907.63,10,0.6858,0.8334
CASH-02737,2,KAPATAGAN,prime_healthy,10,225,0.8504,0.1338,0.0084,0.163,1.0,0.8229,0.723,0.205,1763805.67,254797.84,8,0.8662,0.8736
CASH-02738,3,TUBOD,elevated_risk,4,231,0.5861,0.2776,0.1024,0.3522,0.6386,0.8385,0.4983,0.4106,616046.82,204190.59,7,0.6079,0.719
CASH-02739,1,LALA,prime_healthy,8,273,0.774,0.1726,0.0534,0.2522,0.902,0.3954,0.7442,0.1958,1757490.6,751880.26,8,0.7696,0.8792
CASH-02740,3,TUBOD,moderate_stress,12,428,0.694,0.2096,0.0963,0.2474,0.8502,0.2911,0.4872,0.1805,2051248.23,907719.97,8,0.84,0.7801
CASH-02741,3,TUBOD,moderate_stress,2,310,0.7939,0.153,0.0531,0.1941,0.819,0.7291,0.5103,0.1465,2473555.38,533939.64,7,0.68,0.8482
CASH-02742,1,LALA,moderate_stress,12,445,0.652,0.1769,0.0638,0.3044,0.9437,0.3261,0.4477,0.3002,1969494.94,1107578.36,6,0.8342,0.7932
CASH-02743,2,KAPATAGAN,elevated_risk,2,366,0.633,0.1918,0.0851,0.425,0.7746,0.8321,0.5,0.2868,1625267.76,673895.89,10,0.6106,0.7766
CASH-02744,3,TUBOD,moderate_stress,1,304,0.6666,0.1749,0.0108,0.2876,0.7522,0.4442,0.5673,0.298,1722694.53,751523.06,2,0.6311,0.8633
CASH-02745,2,KAPATAGAN,distressed,9,356,0.4174,0.3389,0.1336,0.4377,0.4301,0.4545,0.1894,0.1151,2172245.42,1545677.55,3,0.55,0.7
CASH-02746,3,TUBOD,moderate_stress,5,218,0.6742,0.1644,0.0681,0.2259,0.7516,0.5249,0.3527,0.1145,1295168.65,243542.95,5,0.7107,0.8114
CASH-02747,1,LALA,elevated_risk,2,279,0.5597,0.2396,0.0689,0.3503,0.696,0.4659,0.2657,0.3135,1665260.13,834658.58,10,0.586,0.7612
CASH-02748,2,KAPATAGAN,prime_healthy,11,490,0.8432,0.1339,0.0141,0.1666,0.874,0.6965,0.8187,0.4044,2572277.11,965318.54,11,0.8365,0.9113
CASH-02749,3,TUBOD,elevated_risk,9,274,0.6722,0.2563,0.0716,0.3186,0.639,0.8438,0.3707,0.2249,1343007.52,477598.74,9,0.5638,0.7476
CASH-02750,2,KAPATAGAN,elevated_risk,9,360,0.6128,0.2791,0.1043,0.354,0.7267,0.8732,0.4895,0.1969,2316196.52,1688841.68,9,0.6047,0.7232
CASH-02751,1,LALA,elevated_risk,3,306,0.5645,0.265,0.1538,0.1953,0.5963,0.2968,0.4774,0.1208,2457637.42,1989845.45,6,0.572,0.7
CASH-02752,3,TUBOD,distressed,1,111,0.4802,0.2945,0.1515,0.3409,0.6544,0.9086,0.3454,0.1338,718614.54,428598.58,1,0.554,0.7
CASH-02753,3,TUBOD,elevated_risk,4,380,0.587,0.3155,0.0975,0.4305,0.8055,0.9153,0.2859,0.2962,2476491.57,2418930.5,1,0.6415,0.7228
CASH-02754,3,TUBOD,distressed,5,252,0.3818,0.3783,0.2196,0.4335,0.5913,0.188,0.2764,0.1633,1900077.15,2195588.37,7,0.55,0.7
CASH-02755,2,KAPATAGAN,distressed,2,362,0.4595,0.3395,0.201,0.3745,0.481,0.4107,0.4982,0.2259,1090952.32,942898.75,7,0.55,0.7
CASH-02756,1,LALA,elevated_risk,11,343,0.6196,0.2516,0.0712,0.3131,0.709,0.5515,0.3688,0.0393,1002753.17,364998.01,9,0.7215,0.758
CASH-02757,3,TUBOD,moderate_stress,5,205,0.776,0.1773,0.0467,0.2942,0.7448,0.8172,0.5304,0.3933,677081.77,353118.15,9,0.699,0.8622
CASH-02758,1,LALA,moderate_stress,11,528,0.6945,0.2471,0.0584,0.2747,0.8913,0.3521,0.5221,0.2121,3777366.92,2403609.24,9,0.7934,0.7708
CASH-02759,3,TUBOD,distressed,10,391,0.3854,0.3547,0.1921,0.4384,0.522,0.3257,0.4518,0.2754,2253313.03,1309762.13,5,0.55,0.7
CASH-02760,1,LALA,moderate_stress,1,416,0.6407,0.142,0.0792,0.2655,0.9023,0.7269,0.6883,0.2678,1067925.53,408906.86,8,0.731,0.8335
CASH-02761,2,KAPATAGAN,moderate_stress,3,253,0.7572,0.197,0.0262,0.1847,0.8429,0.4918,0.585,0.2654,1957376.98,1062970.83,11,0.7519,0.8873
CASH-02762,2,KAPATAGAN,elevated_risk,4,405,0.6191,0.2248,0.1561,0.2615,0.6831,0.3831,0.4031,0.45,2770464.86,863600.62,9,0.6152,0.7
CASH-02763,2,KAPATAGAN,distressed,1,353,0.3755,0.3229,0.212,0.4251,0.3798,0.5527,0.3202,0.0757,2598107.06,2620934.37,3,0.55,0.7
CASH-02764,3,TUBOD,prime_healthy,1,325,0.8418,0.0701,0.053,0.1927,0.8861,0.2055,0.6384,0.3174,2217732.14,216796.89,10,0.76,0.8743
CASH-02765,3,TUBOD,prime_healthy,5,302,0.8698,0.1215,0.0,0.1118,0.7984,0.6028,0.7892,0.1711,1407722.09,307666.9,4,0.7707,0.8899
CASH-02766,2,KAPATAGAN,prime_healthy,4,393,0.8425,0.0913,0.026,0.1708,0.9407,0.5662,0.614,0.2617,1389537.76,312652.47,7,0.855,0.9004
CASH-02767,3,TUBOD,prime_healthy,4,230,0.864,0.0798,0.0562,0.1704,1.0,0.2723,0.735,0.3585,1899472.59,194307.14,13,0.8765,0.868
CASH-02768,3,TUBOD,distressed,4,220,0.4735,0.3009,0.195,0.3684,0.4685,0.4647,0.361,0.4043,754167.7,499179.83,6,0.55,0.7
CASH-02769,1,LALA,moderate_stress,6,515,0.6683,0.1695,0.0422,0.2161,0.6982,0.2256,0.7097,0.0791,3608650.32,1542522.52,7,0.6813,0.8491
CASH-02770,2,KAPATAGAN,elevated_risk,3,300,0.4805,0.3169,0.1197,0.344,0.6617,0.6909,0.365,0.1194,912086.34,664557.54,4,0.6253,0.7
CASH-02771,1,LALA,elevated_risk,8,326,0.5563,0.219,0.1064,0.3054,0.6792,0.5854,0.3313,0.45,1444535.8,442309.39,7,0.6068,0.7452
CASH-02772,3,TUBOD,moderate_stress,5,307,0.6192,0.2004,0.043,0.2399,0.9067,0.7073,0.5825,0.2884,1225352.96,531601.65,4,0.774,0.828
CASH-02773,3,TUBOD,moderate_stress,1,353,0.6471,0.154,0.0606,0.2649,0.826,0.7105,0.5726,0.45,2089639.86,503525.15,6,0.6717,0.8587
CASH-02774,1,LALA,distressed,1,622,0.4206,0.2752,0.1747,0.3845,0.5495,0.1742,0.3187,0.218,1561376.48,1312582.8,6,0.55,0.7
CASH-02775,3,TUBOD,moderate_stress,1,402,0.6615,0.217,0.119,0.259,0.781,0.1055,0.6731,0.3303,2006881.42,607250.86,3,0.6544,0.7384
CASH-02776,3,TUBOD,moderate_stress,10,170,0.712,0.2101,0.0408,0.2937,0.9153,0.1445,0.3893,0.1657,989057.38,527486.69,6,0.812,0.7961
CASH-02777,2,KAPATAGAN,moderate_stress,11,363,0.6832,0.1683,0.0597,0.2333,0.7424,0.3362,0.5697,0.1617,935562.32,424848.16,13,0.7705,0.8017
CASH-02778,2,KAPATAGAN,prime_healthy,2,291,0.9396,0.0503,0.0102,0.2172,0.8629,0.8183,0.8055,0.0865,1446432.99,105486.11,5,0.838,0.95
CASH-02779,3,TUBOD,moderate_stress,1,255,0.7103,0.2203,0.0694,0.2033,0.7208,0.8198,0.5577,0.0933,846201.29,433324.77,8,0.6674,0.7801
CASH-02780,1,LALA,elevated_risk,8,298,0.5869,0.3132,0.0551,0.2778,0.5741,0.7772,0.4206,0.311,1658075.82,798480.15,10,0.5884,0.7599
CASH-02781,3,TUBOD,distressed,12,312,0.4185,0.3128,0.2446,0.38,0.6684,0.1877,0.2776,0.3602,1219144.33,525529.79,0,0.55,0.7
CASH-02782,1,LALA,moderate_stress,8,451,0.7759,0.1582,0.0656,0.3424,0.8316,0.32,0.5181,0.2311,2400344.54,765244.14,8,0.684,0.8192
CASH-02783,3,TUBOD,elevated_risk,8,287,0.6189,0.2621,0.11,0.4025,0.6651,0.4176,0.4133,0.2665,765212.98,351253.14,5,0.5751,0.7
CASH-02784,2,KAPATAGAN,elevated_risk,12,414,0.5167,0.2758,0.0898,0.3213,0.7127,0.6952,0.465,0.444,3413936.82,1971231.85,8,0.7055,0.7563
CASH-02785,1,LALA,elevated_risk,6,171,0.599,0.23,0.1252,0.3269,0.5211,0.2345,0.3374,0.1003,1167003.14,519946.26,11,0.55,0.7267
CASH-02786,2,KAPATAGAN,prime_healthy,3,402,0.8628,0.1372,0.0,0.2047,0.9098,0.4864,0.5766,0.3034,1572281.84,472545.78,10,0.778,0.9278
CASH-02787,1,LALA,distressed,4,417,0.5493,0.247,0.1565,0.3776,0.5862,0.5109,0.2005,0.1685,3414028.27,924078.76,12,0.55,0.7
CASH-02788,2,KAPATAGAN,prime_healthy,5,191,0.8178,0.1216,0.0138,0.0889,0.8481,0.2846,0.7931,0.2839,1131548.1,172370.9,11,0.7927,0.9075
CASH-02789,1,LALA,elevated_risk,1,276,0.6534,0.2515,0.0951,0.269,0.7445,0.4177,0.4297,0.1527,2050799.0,714598.26,10,0.6024,0.7302
CASH-02790,1,LALA,prime_healthy,12,412,0.7866,0.1063,0.0389,0.1596,0.9625,0.1012,0.8862,0.1387,1871408.53,293981.4,9,0.9277,0.9146
CASH-02791,2,KAPATAGAN,prime_healthy,6,457,0.8339,0.1661,0.0,0.2492,0.9,0.7182,0.6266,0.0865,3379473.24,1226864.62,2,0.7485,0.8614
CASH-02792,3,TUBOD,prime_healthy,8,287,0.8538,0.0897,0.0379,0.2664,0.9056,0.1093,0.6988,0.3042,2227927.7,558529.13,3,0.7603,0.8734
CASH-02793,3,TUBOD,moderate_stress,6,340,0.7495,0.1658,0.0469,0.1594,0.8888,0.4492,0.3911,0.2809,1763337.12,348165.78,8,0.7447,0.814
CASH-02794,1,LALA,distressed,11,337,0.5197,0.3161,0.16,0.3602,0.631,0.2035,0.2792,0.0789,2108859.47,1681271.35,9,0.5915,0.7
CASH-02795,2,KAPATAGAN,moderate_stress,4,420,0.6497,0.1615,0.0483,0.2518,0.8364,0.3972,0.6848,0.1134,3110742.06,1534274.38,11,0.7922,0.8469
CASH-02796,2,KAPATAGAN,moderate_stress,3,283,0.6489,0.145,0.091,0.2257,0.7784,0.2949,0.5723,0.2787,2082007.1,307319.47,10,0.6779,0.8194
CASH-02797,2,KAPATAGAN,prime_healthy,11,179,0.8491,0.1312,0.0197,0.1826,0.8929,0.2139,0.6828,0.0959,955174.46,378325.71,7,0.8797,0.883
CASH-02798,1,LALA,moderate_stress,4,294,0.6421,0.1607,0.1416,0.2322,0.7272,0.1887,0.4782,0.1356,1349037.15,225997.88,9,0.6642,0.7041
CASH-02799,1,LALA,distressed,6,259,0.5226,0.2702,0.1787,0.5359,0.6453,0.4569,0.1327,0.4463,949873.46,656961.74,7,0.55,0.7
CASH-02800,2,KAPATAGAN,moderate_stress,9,392,0.6859,0.0675,0.0072,0.2577,0.5792,0.7405,0.7826,0.2472,3244575.18,285471.59,8,0.6802,0.9415
CASH-02801,3,TUBOD,distressed,6,389,0.4821,0.3331,0.1418,0.3924,0.5428,0.5128,0.2786,0.45,1842874.67,1800117.21,7,0.55,0.7
CASH-02802,1,LALA,moderate_stress,11,430,0.7633,0.1415,0.0597,0.2374,0.9323,0.2186,0.5724,0.2085,2396137.34,462308.04,11,0.872,0.8199
CASH-02803,1,LALA,prime_healthy,7,437,0.8499,0.0686,0.0354,0.2291,0.814,0.5513,0.8875,0.3295,1174050.85,199496.04,11,0.7432,0.8624
CASH-02804,3,TUBOD,prime_healthy,5,178,0.779,0.0736,0.0588,0.3114,0.9036,0.4396,0.8047,0.1948,1406594.93,220673.0,10,0.8249,0.8551
CASH-02805,2,KAPATAGAN,prime_healthy,9,419,0.8927,0.1008,0.0066,0.1645,0.8492,0.81,0.6863,0.3049,1769162.28,225959.36,10,0.7998,0.95
CASH-02806,1,LALA,prime_healthy,4,392,0.8142,0.1239,0.0581,0.19,0.9558,0.8053,0.6675,0.2492,2904331.22,453135.12,11,0.8463,0.8515
CASH-02807,2,KAPATAGAN,elevated_risk,7,374,0.5802,0.29,0.089,0.3254,0.7623,0.7941,0.3868,0.2109,1278508.2,1105343.96,4,0.7022,0.7179
CASH-02808,3,TUBOD,prime_healthy,10,288,0.8827,0.1023,0.0,0.1475,0.9272,0.7596,0.74,0.0915,1757953.46,493492.28,3,0.8465,0.9078
CASH-02809,1,LALA,moderate_stress,11,365,0.64,0.2231,0.069,0.2953,0.7533,0.902,0.6303,0.3317,2341564.08,1050460.67,11,0.7366,0.786
CASH-02810,2,KAPATAGAN,prime_healthy,4,347,0.7846,0.0585,0.0,0.2366,0.8574,0.1614,0.6917,0.2621,2523642.56,207692.63,3,0.8363,0.9209
CASH-02811,1,LALA,moderate_stress,1,563,0.721,0.1176,0.0591,0.1869,0.7826,0.5761,0.6041,0.2984,3080032.63,915441.27,10,0.7049,0.8301
CASH-02812,1,LALA,moderate_stress,2,343,0.7053,0.1597,0.0885,0.2262,0.8375,0.8469,0.4926,0.0954,2780610.92,604128.52,8,0.7053,0.7604
CASH-02813,2,KAPATAGAN,prime_healthy,1,450,0.8797,0.111,0.0093,0.235,1.0,0.8229,0.7353,0.2991,2833432.86,657992.73,10,0.7894,0.8781
CASH-02814,2,KAPATAGAN,distressed,8,311,0.452,0.3239,0.1774,0.4014,0.4966,0.7673,0.2776,0.2514,1703889.66,1112834.45,12,0.55,0.7
CASH-02815,1,LALA,moderate_stress,9,332,0.6795,0.1293,0.0242,0.2596,0.7483,0.3282,0.5346,0.45,1115172.77,233545.84,9,0.7236,0.8807
CASH-02816,1,LALA,moderate_stress,1,392,0.6663,0.1999,0.1099,0.3225,0.8694,0.9185,0.6815,0.1766,2346069.54,566848.5,6,0.6702,0.755
CASH-02817,2,KAPATAGAN,prime_healthy,4,298,0.7939,0.0942,0.0075,0.1634,0.8957,0.5139,0.8672,0.4272,979456.5,265419.07,4,0.8462,0.9268
CASH-02818,1,LALA,elevated_risk,6,212,0.6117,0.2732,0.1076,0.3324,0.7328,0.7144,0.3485,0.45,874880.29,298232.54,7,0.6563,0.7029
CASH-02819,3,TUBOD,moderate_stress,3,282,0.6458,0.2722,0.082,0.2295,0.8225,0.6082,0.5635,0.0309,2337241.33,732444.54,9,0.7328,0.7711
CASH-02820,2,KAPATAGAN,moderate_stress,3,405,0.7165,0.1857,0.0613,0.328,0.8107,0.8409,0.3373,0.0505,1535150.4,791579.94,11,0.7214,0.7791
CASH-02821,3,TUBOD,elevated_risk,1,352,0.5496,0.2876,0.1628,0.3988,0.7511,0.1627,0.4335,0.3972,1649645.3,1146725.37,3,0.5688,0.7
CASH-02822,3,TUBOD,elevated_risk,7,274,0.608,0.2724,0.1196,0.2222,0.6355,0.2744,0.4514,0.0838,734873.32,629705.89,8,0.5685,0.7024
CASH-02823,2,KAPATAGAN,elevated_risk,7,489,0.5572,0.2326,0.1898,0.3215,0.7973,0.4898,0.4686,0.0893,3709528.03,2395086.49,11,0.6768,0.7
CASH-02824,3,TUBOD,distressed,11,268,0.4769,0.337,0.1861,0.405,0.6118,0.4262,0.1965,0.1487,737797.25,745036.7,7,0.5644,0.7
CASH-02825,3,TUBOD,moderate_stress,7,258,0.7606,0.1696,0.0698,0.2638,0.7304,0.7119,0.5854,0.1831,1032909.44,247205.66,6,0.7181,0.808
CASH-02826,3,TUBOD,elevated_risk,6,374,0.63,0.2314,0.1386,0.3519,0.7176,0.608,0.4056,0.1291,1366770.63,831468.35,6,0.6115,0.7
CASH-02827,3,TUBOD,elevated_risk,1,378,0.5658,0.2689,0.1162,0.2386,0.7021,0.3382,0.4635,0.3972,2890836.3,1878385.37,9,0.5889,0.701
CASH-02828,3,TUBOD,moderate_stress,1,275,0.7963,0.0919,0.0959,0.2431,0.8298,0.5388,0.5462,0.349,1118268.39,282397.8,7,0.67,0.8124
CASH-02829,1,LALA,distressed,5,283,0.5008,0.3064,0.1929,0.3959,0.4311,0.7771,0.3185,0.2684,1981676.29,1741347.78,10,0.55,0.7
CASH-02830,3,TUBOD,moderate_stress,2,298,0.7121,0.2171,0.0709,0.229,0.8323,0.532,0.4574,0.3438,2523771.63,1430019.26,2,0.704,0.7985
CASH-02831,1,LALA,moderate_stress,3,381,0.7207,0.1658,0.0557,0.2718,0.8161,0.8253,0.5384,0.1702,2803983.18,920673.92,11,0.7299,0.8208
CASH-02832,2,KAPATAGAN,moderate_stress,9,459,0.7926,0.0819,0.0636,0.2831,0.7011,0.2907,0.7286,0.3116,2182587.92,507447.18,0,0.6751,0.8451
CASH-02833,1,LALA,elevated_risk,2,343,0.5934,0.303,0.0914,0.297,0.7331,0.1498,0.4869,0.3366,2602684.4,1310285.18,11,0.6613,0.7425
CASH-02834,2,KAPATAGAN,moderate_stress,2,412,0.7128,0.1572,0.0634,0.2486,0.7897,0.8312,0.5507,0.1196,2080366.92,892176.55,6,0.7025,0.8247
CASH-02835,3,TUBOD,prime_healthy,6,326,0.8541,0.0258,0.0503,0.2386,0.9038,0.8017,0.7575,0.3786,1055585.72,68182.52,4,0.8485,0.913
CASH-02836,2,KAPATAGAN,prime_healthy,8,296,0.8211,0.0187,0.0141,0.2752,0.8394,0.5165,0.7295,0.1403,1048565.88,37262.37,7,0.7691,0.95
CASH-02837,1,LALA,moderate_stress,2,319,0.7592,0.1624,0.0471,0.204,0.7314,0.8893,0.5143,0.45,1982174.75,468107.33,5,0.6801,0.7943
CASH-02838,1,LALA,elevated_risk,4,458,0.6008,0.2531,0.1461,0.3416,0.6157,0.8656,0.3645,0.0402,2522939.26,825331.81,8,0.5674,0.7
CASH-02839,1,LALA,prime_healthy,2,499,0.8732,0.0741,0.0527,0.1188,0.8098,0.2177,0.5516,0.195,1254979.9,180769.91,5,0.7656,0.8388
CASH-02840,3,TUBOD,prime_healthy,9,398,0.8705,0.1083,0.0212,0.2502,1.0,0.9186,0.6156,0.027,2529623.04,674209.97,10,0.8864,0.86
CASH-02841,3,TUBOD,moderate_stress,1,333,0.7413,0.2062,0.044,0.2966,0.817,0.6482,0.4392,0.158,1685133.36,636168.67,5,0.688,0.791
CASH-02842,3,TUBOD,prime_healthy,5,314,0.8391,0.1446,0.0163,0.1903,0.8688,0.9045,0.7976,0.0851,1283188.98,390197.79,13,0.8582,0.8627
CASH-02843,2,KAPATAGAN,moderate_stress,5,278,0.6897,0.2214,0.0889,0.2408,0.8341,0.6978,0.4886,0.1332,1467729.05,977604.73,6,0.7495,0.7774
CASH-02844,2,KAPATAGAN,elevated_risk,11,425,0.6447,0.2183,0.1194,0.3365,0.6404,0.6536,0.3836,0.0753,1895401.53,1192734.95,8,0.6301,0.7
CASH-02845,2,KAPATAGAN,moderate_stress,11,192,0.6516,0.236,0.1123,0.1971,0.7605,0.4412,0.5521,0.0412,729686.17,461844.63,12,0.7499,0.7327
CASH-02846,1,LALA,elevated_risk,1,256,0.6154,0.2874,0.0972,0.246,0.5167,0.4196,0.5191,0.2948,1631773.49,783797.21,9,0.55,0.7371
CASH-02847,3,TUBOD,elevated_risk,3,311,0.6017,0.2775,0.1208,0.3893,0.6112,0.6177,0.3478,0.2741,792338.89,587247.34,7,0.55,0.7
CASH-02848,2,KAPATAGAN,distressed,6,491,0.4342,0.3271,0.1416,0.4183,0.5179,0.6059,0.2669,0.3423,4129407.23,1994488.81,13,0.55,0.7
CASH-02849,3,TUBOD,moderate_stress,5,207,0.7069,0.1915,0.0846,0.2794,0.843,0.8334,0.393,0.1442,1339075.76,749002.68,5,0.7768,0.759
CASH-02850,3,TUBOD,prime_healthy,5,226,0.8148,0.1727,0.0124,0.1463,0.9363,0.8439,0.6094,0.0991,997441.05,495344.26,4,0.8171,0.8647
CASH-02851,3,TUBOD,distressed,2,304,0.4569,0.345,0.1982,0.4518,0.5448,0.4496,0.2863,0.1672,767418.11,447857.82,12,0.55,0.7
CASH-02852,1,LALA,moderate_stress,8,539,0.7593,0.1175,0.1027,0.3334,0.7566,0.1049,0.4683,0.2905,2653782.27,611479.23,2,0.6402,0.7714
CASH-02853,1,LALA,elevated_risk,6,447,0.519,0.3167,0.0707,0.2608,0.8304,0.8197,0.4388,0.2823,1123850.17,1124664.86,10,0.6749,0.7311
CASH-02854,2,KAPATAGAN,moderate_stress,8,435,0.7292,0.178,0.0842,0.3067,0.798,0.1559,0.5862,0.2082,1450615.54,450697.81,13,0.6936,0.7594
CASH-02855,2,KAPATAGAN,moderate_stress,10,442,0.744,0.2208,0.0352,0.3319,0.7767,0.4297,0.6326,0.45,3645140.7,1199881.82,7,0.716,0.8149
CASH-02856,3,TUBOD,distressed,4,309,0.3959,0.2817,0.1526,0.3448,0.6651,0.162,0.2726,0.1092,1497052.72,1209139.89,2,0.6087,0.7
CASH-02857,3,TUBOD,moderate_stress,2,230,0.7492,0.2073,0.0435,0.2199,0.8317,0.5135,0.598,0.2964,1630319.69,566470.05,4,0.7526,0.8528
CASH-02858,2,KAPATAGAN,moderate_stress,12,287,0.7368,0.164,0.0993,0.2615,0.8199,0.3385,0.6441,0.291,1749304.95,418027.76,6,0.7825,0.7819
CASH-02859,2,KAPATAGAN,prime_healthy,8,375,0.8484,0.1038,0.0478,0.1475,0.8607,0.1927,0.6838,0.1212,2546157.15,789075.64,5,0.7586,0.8888
CASH-02860,1,LALA,moderate_stress,4,288,0.6519,0.2028,0.0598,0.3185,0.8463,0.6095,0.5446,0.2643,2304127.04,806181.66,7,0.743,0.8161
CASH-02861,3,TUBOD,moderate_stress,12,271,0.6835,0.2569,0.0596,0.2712,0.7159,0.7195,0.5251,0.2124,1731145.08,1344420.7,9,0.7262,0.7667
CASH-02862,1,LALA,prime_healthy,9,366,0.8514,0.1486,0.0,0.1306,0.8897,0.7581,0.7703,0.1593,2395900.91,644018.15,9,0.8087,0.9282
CASH-02863,3,TUBOD,prime_healthy,8,181,0.7996,0.0819,0.0379,0.2459,1.0,0.2489,0.6316,0.3231,646262.12,139982.81,5,0.7495,0.8778
CASH-02864,3,TUBOD,elevated_risk,5,349,0.6219,0.2054,0.1072,0.3287,0.6903,0.6955,0.3155,0.2755,1925353.39,679827.59,10,0.6347,0.7097
CASH-02865,2,KAPATAGAN,elevated_risk,1,535,0.5834,0.2208,0.0744,0.3243,0.705,0.5006,0.4655,0.3253,3597334.48,1874126.19,5,0.6255,0.7642
CASH-02866,1,LALA,distressed,5,450,0.495,0.2364,0.1608,0.4193,0.4469,0.4452,0.3118,0.25,2241877.07,634455.84,8,0.55,0.7
CASH-02867,1,LALA,moderate_stress,2,326,0.7101,0.1295,0.0883,0.2654,0.7635,0.2829,0.5498,0.1108,1064540.44,335896.71,8,0.6624,0.8269
CASH-02868,2,KAPATAGAN,distressed,2,334,0.4884,0.339,0.1727,0.444,0.5655,0.5449,0.3295,0.2325,2682353.0,1745588.86,4,0.55,0.7
CASH-02869,1,LALA,distressed,3,366,0.4378,0.3086,0.1866,0.4291,0.4161,0.1248,0.2811,0.3312,2457415.39,1674719.72,8,0.55,0.7
CASH-02870,2,KAPATAGAN,prime_healthy,5,247,0.8213,0.1091,0.0695,0.1601,1.0,0.397,0.6688,0.3717,961407.51,295826.25,8,0.7869,0.8606
CASH-02871,1,LALA,moderate_stress,3,323,0.652,0.1712,0.0691,0.2324,0.6545,0.6835,0.5928,0.2957,2669345.76,998166.36,13,0.6446,0.8262
CASH-02872,3,TUBOD,elevated_risk,5,291,0.6068,0.2841,0.1092,0.3213,0.7657,0.2096,0.3187,0.3054,1822466.77,687811.43,7,0.6376,0.7022
CASH-02873,3,TUBOD,moderate_stress,6,364,0.7508,0.16,0.0883,0.224,0.7902,0.3958,0.5741,0.1056,928744.81,409399.46,11,0.6683,0.7631
CASH-02874,3,TUBOD,prime_healthy,2,335,0.8207,0.1654,0.0139,0.2051,0.9385,0.249,0.7334,0.3181,2253442.4,763613.97,5,0.8059,0.8855
CASH-02875,3,TUBOD,moderate_stress,3,329,0.6513,0.2437,0.0416,0.3041,0.8017,0.6006,0.6834,0.2225,2183867.72,1440866.64,10,0.7298,0.7902
CASH-02876,1,LALA,distressed,12,365,0.4733,0.2985,0.2282,0.44,0.4938,0.8228,0.2413,0.2377,2864235.09,893560.67,9,0.55,0.7
CASH-02877,1,LALA,prime_healthy,1,310,0.8342,0.0901,0.0757,0.1307,0.8853,0.8452,0.7902,0.45,1512802.5,292206.8,11,0.7252,0.8734
CASH-02878,2,KAPATAGAN,moderate_stress,6,173,0.7191,0.159,0.1219,0.2244,0.6747,0.5583,0.5038,0.1506,854627.5,311423.27,3,0.6399,0.7403
CASH-02879,2,KAPATAGAN,prime_healthy,10,545,0.8503,0.1065,0.0432,0.2009,0.8468,0.2248,0.7799,0.4207,2608581.58,537380.48,7,0.7398,0.8597
CASH-02880,2,KAPATAGAN,distressed,6,375,0.3845,0.2612,0.2065,0.4386,0.5293,0.4202,0.1883,0.3415,951735.63,337145.72,15,0.55,0.7
CASH-02881,1,LALA,elevated_risk,7,531,0.6209,0.2348,0.1443,0.3918,0.5846,0.2006,0.3025,0.3834,1966523.32,1001943.56,10,0.55,0.7
CASH-02882,2,KAPATAGAN,moderate_stress,3,295,0.7166,0.1245,0.0272,0.2153,0.792,0.3488,0.6355,0.0678,1799639.24,437211.07,13,0.7702,0.8971
CASH-02883,2,KAPATAGAN,moderate_stress,1,443,0.717,0.1737,0.0836,0.3133,0.8458,0.4319,0.5185,0.15,1700890.82,389706.72,9,0.654,0.7982
CASH-02884,3,TUBOD,elevated_risk,2,403,0.5982,0.2646,0.1278,0.3618,0.5825,0.145,0.4435,0.244,2538144.36,1682575.33,3,0.55,0.7
CASH-02885,2,KAPATAGAN,elevated_risk,9,295,0.6089,0.2203,0.1708,0.2694,0.6164,0.7726,0.3213,0.1202,2026778.74,875388.66,11,0.5991,0.7
CASH-02886,2,KAPATAGAN,moderate_stress,7,195,0.753,0.1344,0.0737,0.3172,0.699,0.1155,0.7632,0.1528,1475231.62,413053.15,7,0.6802,0.8169
CASH-02887,3,TUBOD,moderate_stress,3,332,0.6684,0.2109,0.0884,0.2771,0.8656,0.3961,0.3519,0.1007,907964.26,542998.19,7,0.7835,0.7598
CASH-02888,3,TUBOD,elevated_risk,10,302,0.5841,0.2478,0.1174,0.3312,0.6764,0.914,0.4764,0.1616,2480676.35,1230928.44,4,0.5915,0.7071
CASH-02889,1,LALA,moderate_stress,8,378,0.7378,0.1931,0.0691,0.2248,0.9323,0.1283,0.5432,0.2445,1625404.96,654685.83,5,0.779,0.7982
CASH-02890,2,KAPATAGAN,moderate_stress,10,372,0.5603,0.1682,0.0484,0.257,0.7632,0.3263,0.6245,0.1163,1972557.08,434991.47,8,0.7152,0.827
CASH-02891,2,KAPATAGAN,elevated_risk,3,229,0.6335,0.2545,0.1121,0.2818,0.7557,0.3296,0.4322,0.1488,1394463.61,1076285.91,14,0.6513,0.7216
CASH-02892,2,KAPATAGAN,prime_healthy,12,376,0.8135,0.0636,0.0025,0.1234,1.0,0.6169,0.8516,0.1189,2772202.39,342857.54,8,0.9738,0.9424
CASH-02893,1,LALA,prime_healthy,2,398,0.8683,0.0916,0.0401,0.2152,0.9475,0.3951,0.712,0.1579,2638783.16,549152.1,5,0.806,0.8956
CASH-02894,1,LALA,moderate_stress,11,418,0.7906,0.117,0.076,0.2601,0.769,0.8029,0.4913,0.1201,2210947.66,648929.11,16,0.7839,0.7789
CASH-02895,1,LALA,moderate_stress,9,281,0.7401,0.1562,0.1038,0.266,0.8612,0.5231,0.5868,0.3676,1988966.56,741045.7,5,0.7466,0.7589
CASH-02896,3,TUBOD,prime_healthy,7,285,0.9377,0.0511,0.0,0.2254,0.8468,0.2234,0.7739,0.2125,2284194.7,203078.95,6,0.7899,0.9489
CASH-02897,2,KAPATAGAN,prime_healthy,11,482,0.8169,0.01,0.0424,0.106,0.8909,0.6115,0.7731,0.2378,3282222.08,81808.8,11,0.8549,0.8521
CASH-02898,2,KAPATAGAN,prime_healthy,3,298,0.8331,0.1154,0.006,0.1489,0.9241,0.6941,0.8079,0.2598,1910329.44,529528.52,7,0.8536,0.95
CASH-02899,2,KAPATAGAN,prime_healthy,8,356,0.803,0.0326,0.0,0.1494,0.9148,0.1511,0.7587,0.1698,2520052.52,244782.5,4,0.8378,0.9492
CASH-02900,2,KAPATAGAN,moderate_stress,3,259,0.7469,0.1833,0.0699,0.2917,0.816,0.1376,0.6134,0.185,1780509.0,747949.55,12,0.7363,0.7731
CASH-02901,1,LALA,elevated_risk,10,264,0.6486,0.2369,0.1144,0.3084,0.6466,0.1786,0.4483,0.45,770398.29,460853.82,4,0.574,0.7594
CASH-02902,2,KAPATAGAN,distressed,1,562,0.4829,0.3206,0.19,0.4108,0.5839,0.5381,0.4865,0.2784,2995432.8,2994416.33,9,0.55,0.7
CASH-02903,3,TUBOD,elevated_risk,7,273,0.5819,0.2665,0.1515,0.3372,0.6744,0.8883,0.4481,0.2269,1525567.11,1267947.86,11,0.553,0.7
CASH-02904,2,KAPATAGAN,elevated_risk,2,327,0.5078,0.2067,0.0864,0.2565,0.6806,0.4863,0.3774,0.2846,2008235.76,1017619.55,10,0.6349,0.7579
CASH-02905,2,KAPATAGAN,distressed,1,330,0.4329,0.3852,0.1206,0.377,0.5462,0.8555,0.251,0.45,1427683.25,1091882.79,6,0.55,0.7
CASH-02906,2,KAPATAGAN,moderate_stress,12,290,0.7269,0.175,0.0754,0.2437,0.7014,0.4204,0.4573,0.3222,1700135.47,933218.36,11,0.7776,0.7637
CASH-02907,2,KAPATAGAN,elevated_risk,3,216,0.5756,0.2391,0.1243,0.34,0.6906,0.7883,0.4136,0.45,1355588.26,800789.59,5,0.5649,0.7291
CASH-02908,2,KAPATAGAN,elevated_risk,11,414,0.5719,0.3018,0.1039,0.3261,0.8041,0.5506,0.5155,0.1339,2861892.79,1714342.57,7,0.7145,0.7
CASH-02909,2,KAPATAGAN,prime_healthy,8,282,0.7009,0.0691,0.0426,0.2769,0.9326,0.8614,0.7476,0.2028,1826168.48,180430.61,6,0.7941,0.8676
CASH-02910,3,TUBOD,prime_healthy,4,234,0.865,0.0908,0.0442,0.2439,1.0,0.4174,0.7005,0.1871,860771.79,117401.08,2,0.9291,0.8656
CASH-02911,3,TUBOD,moderate_stress,9,332,0.752,0.1584,0.0896,0.2787,0.7848,0.3294,0.5564,0.1751,1634932.64,823385.0,7,0.7085,0.7875
CASH-02912,2,KAPATAGAN,prime_healthy,2,469,0.8351,0.0981,0.0668,0.277,1.0,0.7292,0.7296,0.067,2382239.9,616602.96,7,0.8347,0.8448
CASH-02913,3,TUBOD,moderate_stress,7,340,0.6045,0.1725,0.0804,0.1671,0.7476,0.1137,0.6833,0.1515,2614875.74,1045510.86,3,0.7049,0.8215
CASH-02914,3,TUBOD,moderate_stress,12,221,0.6491,0.1415,0.0862,0.2193,0.9025,0.1761,0.5555,0.3073,1467749.2,359331.05,6,0.8532,0.7689
CASH-02915,3,TUBOD,prime_healthy,7,331,0.807,0.1473,0.0457,0.1273,0.9873,0.1052,0.6685,0.1158,1230310.41,315884.45,1,0.8386,0.8085
CASH-02916,3,TUBOD,moderate_stress,7,263,0.633,0.1383,0.0883,0.1711,0.8087,0.2767,0.5556,0.45,1488012.39,443482.31,8,0.6598,0.7768
CASH-02917,1,LALA,moderate_stress,12,521,0.7357,0.1683,0.096,0.2446,0.7256,0.464,0.4096,0.2514,2427533.7,1060938.08,12,0.7979,0.7486
CASH-02918,1,LALA,moderate_stress,12,312,0.7999,0.1213,0.0728,0.2363,0.7397,0.436,0.4749,0.1046,2018702.68,549778.7,10,0.7687,0.8499
CASH-02919,1,LALA,prime_healthy,4,306,0.7992,0.1063,0.0547,0.1628,0.9335,0.3786,0.7851,0.2483,1674119.81,283991.35,9,0.8504,0.8745
CASH-02920,1,LALA,elevated_risk,7,483,0.5095,0.2075,0.0672,0.3311,0.6066,0.3934,0.3198,0.1,4040569.49,969377.24,4,0.5893,0.7693
CASH-02921,3,TUBOD,prime_healthy,9,307,0.8281,0.0913,0.0652,0.066,0.9501,0.5239,0.7582,0.3698,2562000.15,497392.46,9,0.8233,0.8445
CASH-02922,1,LALA,prime_healthy,9,401,0.7833,0.1262,0.0905,0.1506,0.9344,0.4638,0.6985,0.2443,3025378.62,568433.94,7,0.781,0.8318
CASH-02923,2,KAPATAGAN,moderate_stress,2,473,0.6621,0.2747,0.0631,0.2814,0.7254,0.3076,0.4908,0.1692,3513166.92,1641628.5,7,0.653,0.7779
CASH-02924,1,LALA,moderate_stress,1,486,0.7378,0.1617,0.1005,0.2014,0.7219,0.151,0.4129,0.2194,3788279.55,1703536.43,13,0.5939,0.7693
CASH-02925,1,LALA,elevated_risk,12,356,0.6381,0.2452,0.0993,0.213,0.722,0.5293,0.4804,0.1389,3000194.69,1883877.04,6,0.7792,0.7463
CASH-02926,3,TUBOD,prime_healthy,12,240,0.7989,0.1429,0.0582,0.1878,0.9419,0.2846,0.8005,0.45,1395039.67,322362.68,8,0.8664,0.8319
CASH-02927,3,TUBOD,prime_healthy,2,335,0.8386,0.1074,0.054,0.2342,0.9432,0.2535,0.8737,0.2634,1379749.17,306507.39,8,0.8172,0.8305
CASH-02928,1,LALA,moderate_stress,4,375,0.7336,0.1776,0.0889,0.2271,0.808,0.699,0.4492,0.1251,2713843.54,667372.13,10,0.7695,0.7696
CASH-02929,1,LALA,distressed,6,424,0.4487,0.3189,0.1909,0.3912,0.4885,0.3595,0.2037,0.1646,2073273.44,1384054.87,8,0.55,0.7
CASH-02930,1,LALA,elevated_risk,4,338,0.6396,0.3003,0.0601,0.3221,0.6119,0.4008,0.38,0.1465,869919.93,809441.11,8,0.5865,0.7875
CASH-02931,2,KAPATAGAN,prime_healthy,2,398,0.7665,0.0719,0.0326,0.132,1.0,0.7566,0.7249,0.0294,3193342.23,437764.95,2,0.8619,0.8615
CASH-02932,2,KAPATAGAN,distressed,9,303,0.4757,0.348,0.1763,0.4289,0.6997,0.5782,0.2857,0.2508,1643903.06,1638082.43,9,0.5665,0.7
CASH-02933,3,TUBOD,moderate_stress,2,346,0.7196,0.1662,0.1143,0.1639,0.756,0.8532,0.6833,0.079,1373487.05,257733.24,5,0.6822,0.7817
CASH-02934,2,KAPATAGAN,distressed,12,281,0.4393,0.2885,0.2184,0.3733,0.5748,0.775,0.3564,0.45,1283474.42,444671.12,8,0.55,0.7
CASH-02935,1,LALA,distressed,7,329,0.5039,0.325,0.1711,0.4278,0.6194,0.6165,0.2199,0.2294,2599694.59,2421584.32,14,0.55,0.7
CASH-02936,1,LALA,prime_healthy,11,244,0.855,0.1233,0.0042,0.1686,0.8338,0.3299,0.5768,0.316,739176.18,266882.16,9,0.8346,0.924
CASH-02937,3,TUBOD,prime_healthy,8,370,0.8548,0.1452,0.0,0.1633,0.8418,0.2205,0.8385,0.2471,3005615.16,642495.6,8,0.8256,0.9256
CASH-02938,2,KAPATAGAN,moderate_stress,2,397,0.7437,0.1831,0.0409,0.2684,0.7526,0.4075,0.5188,0.2758,1329072.18,662719.77,4,0.6492,0.8672
CASH-02939,1,LALA,moderate_stress,8,307,0.7056,0.1612,0.0717,0.2757,0.7905,0.8707,0.568,0.3439,1063969.45,452593.64,8,0.6962,0.7707
CASH-02940,3,TUBOD,moderate_stress,11,352,0.7417,0.1585,0.0644,0.1948,0.8057,0.1888,0.4395,0.389,1850421.4,600735.08,4,0.7704,0.8057
CASH-02941,3,TUBOD,moderate_stress,8,262,0.7126,0.1492,0.0964,0.2165,0.7868,0.1945,0.7246,0.1798,995271.18,324511.97,7,0.6883,0.789
CASH-02942,2,KAPATAGAN,prime_healthy,1,454,0.835,0.0829,0.037,0.2442,0.8972,0.1045,0.9,0.45,3204494.72,685856.65,17,0.7987,0.8767
CASH-02943,2,KAPATAGAN,elevated_risk,3,382,0.5917,0.2356,0.1728,0.3187,0.4706,0.3987,0.3666,0.1169,2254950.85,689175.67,3,0.55,0.7
CASH-02944,3,TUBOD,moderate_stress,12,264,0.7145,0.2248,0.0607,0.2692,0.8184,0.372,0.6625,0.1742,2057253.61,929973.9,5,0.8209,0.7739
CASH-02945,3,TUBOD,moderate_stress,8,296,0.6531,0.2015,0.0651,0.2921,0.7889,0.1552,0.5334,0.2291,926225.21,561944.95,2,0.6505,0.7903
CASH-02946,2,KAPATAGAN,moderate_stress,9,269,0.6841,0.226,0.0898,0.2627,0.8514,0.7361,0.6002,0.45,1834255.03,659944.59,9,0.7113,0.7438
CASH-02947,3,TUBOD,moderate_stress,10,443,0.6799,0.1318,0.0238,0.2867,0.7468,0.2369,0.5991,0.1746,1503443.41,429353.19,6,0.6992,0.896
CASH-02948,2,KAPATAGAN,distressed,9,363,0.5214,0.3306,0.148,0.3953,0.5045,0.4149,0.2726,0.0458,1927957.57,640283.72,11,0.55,0.7
CASH-02949,1,LALA,elevated_risk,10,301,0.5695,0.2765,0.1072,0.311,0.6593,0.8874,0.442,0.2912,2394248.3,1443238.39,11,0.6041,0.7306
CASH-02950,2,KAPATAGAN,moderate_stress,7,403,0.7157,0.2115,0.049,0.1784,0.9575,0.2191,0.6303,0.0692,1890546.28,449746.04,4,0.7768,0.8067
CASH-02951,3,TUBOD,prime_healthy,8,288,0.8185,0.1452,0.0363,0.1094,0.8806,0.9189,0.8405,0.3973,1071325.46,241260.97,4,0.74,0.8949
CASH-02952,3,TUBOD,moderate_stress,5,366,0.747,0.1696,0.0834,0.2563,0.7327,0.8393,0.598,0.409,1387143.78,285186.23,7,0.7015,0.807
CASH-02953,2,KAPATAGAN,prime_healthy,11,331,0.8675,0.1325,0.0,0.1757,0.7958,0.2106,0.6581,0.3125,1068145.57,142763.99,9,0.7749,0.908
CASH-02954,2,KAPATAGAN,moderate_stress,7,420,0.6782,0.1595,0.0823,0.3479,0.7821,0.8892,0.5653,0.1577,2657725.32,912374.6,3,0.6729,0.793
CASH-02955,3,TUBOD,prime_healthy,5,170,0.8444,0.1408,0.0148,0.0871,0.7921,0.7324,0.4836,0.3426,506498.34,78601.04,7,0.7047,0.8427
CASH-02956,3,TUBOD,moderate_stress,9,268,0.7749,0.1407,0.0844,0.2641,0.8802,0.669,0.6306,0.3012,1763116.6,572100.49,10,0.724,0.7908
CASH-02957,1,LALA,moderate_stress,5,327,0.6957,0.212,0.0777,0.2922,0.7496,0.842,0.57,0.2234,2452991.98,711579.96,10,0.6935,0.7999
CASH-02958,3,TUBOD,elevated_risk,4,404,0.5748,0.2392,0.0926,0.2857,0.7123,0.2055,0.4438,0.1202,2659335.25,1031385.94,10,0.701,0.7269
CASH-02959,3,TUBOD,moderate_stress,6,413,0.7606,0.1953,0.0441,0.2047,0.8773,0.127,0.6254,0.2678,2717219.14,1273549.25,9,0.7468,0.8205
CASH-02960,1,LALA,prime_healthy,1,422,0.8586,0.1105,0.0122,0.159,0.9399,0.5293,0.7583,0.1232,1696624.97,591116.79,9,0.8136,0.919
CASH-02961,2,KAPATAGAN,prime_healthy,7,429,0.8281,0.1383,0.0,0.1708,0.8343,0.4421,0.7363,0.089,1925794.15,519933.35,8,0.7599,0.9094
CASH-02962,2,KAPATAGAN,prime_healthy,1,501,0.8998,0.0843,0.0159,0.2023,0.8998,0.8522,0.8111,0.1902,1898274.22,266437.79,1,0.7346,0.8714
CASH-02963,3,TUBOD,moderate_stress,7,179,0.7591,0.1355,0.066,0.2674,0.7278,0.2862,0.5906,0.0698,802106.46,283642.68,7,0.7346,0.8367
CASH-02964,2,KAPATAGAN,distressed,12,474,0.4655,0.3408,0.1929,0.5041,0.4711,0.2609,0.291,0.0662,1626601.46,896115.77,5,0.55,0.7
CASH-02965,2,KAPATAGAN,distressed,5,483,0.4495,0.3264,0.2241,0.4911,0.4531,0.4574,0.178,0.2214,4056633.92,2180070.46,5,0.55,0.7
CASH-02966,1,LALA,distressed,4,485,0.4875,0.2879,0.2027,0.3297,0.5512,0.8322,0.2378,0.2373,4067950.35,1311910.33,8,0.55,0.7
CASH-02967,3,TUBOD,moderate_stress,7,346,0.6946,0.1982,0.1072,0.27,0.9229,0.4377,0.4905,0.3854,1563726.14,975761.3,3,0.7862,0.7301
CASH-02968,1,LALA,elevated_risk,9,365,0.6104,0.2111,0.1327,0.2947,0.6217,0.369,0.4963,0.326,1051503.03,285031.85,9,0.5714,0.7
CASH-02969,1,LALA,moderate_stress,5,433,0.7809,0.1539,0.0653,0.3223,0.7689,0.593,0.5825,0.266,1647953.79,681972.15,6,0.7195,0.8228
CASH-02970,2,KAPATAGAN,distressed,11,393,0.4943,0.259,0.1862,0.5023,0.5176,0.3304,0.2346,0.2673,2732870.9,723984.61,8,0.55,0.7
CASH-02971,2,KAPATAGAN,prime_healthy,9,393,0.8581,0.1194,0.0224,0.1683,0.8772,0.1378,0.7367,0.1848,1032469.41,253428.15,10,0.7909,0.8436
CASH-02972,1,LALA,moderate_stress,8,490,0.7891,0.1429,0.068,0.2771,0.8575,0.7482,0.5596,0.192,2804869.39,471291.03,8,0.7568,0.7892
CASH-02973,2,KAPATAGAN,prime_healthy,9,219,0.928,0.0333,0.0115,0.2354,0.9667,0.4086,0.7187,0.2211,1074701.94,110227.94,4,0.8725,0.9464
CASH-02974,3,TUBOD,prime_healthy,3,318,0.7969,0.1274,0.0757,0.1097,0.8587,0.2911,0.7796,0.0564,2395033.97,636255.08,9,0.7674,0.7808
CASH-02975,1,LALA,elevated_risk,4,395,0.5635,0.2344,0.0823,0.2397,0.5863,0.7738,0.4947,0.3639,3303332.83,1694217.09,10,0.5975,0.7805
CASH-02976,3,TUBOD,prime_healthy,5,361,0.8502,0.1202,0.0296,0.0968,1.0,0.1786,0.676,0.3433,1708436.3,450763.76,5,0.8039,0.8576
CASH-02977,3,TUBOD,elevated_risk,9,359,0.575,0.2846,0.1255,0.2813,0.6996,0.1107,0.4351,0.1538,911574.04,512282.44,8,0.6152,0.7
CASH-02978,3,TUBOD,elevated_risk,8,283,0.557,0.2362,0.1232,0.3529,0.5683,0.1345,0.4764,0.116,1497291.59,422113.27,6,0.55,0.7
CASH-02979,2,KAPATAGAN,distressed,7,427,0.5045,0.2982,0.1973,0.4221,0.5561,0.5002,0.2769,0.2197,1571984.93,1213869.4,8,0.55,0.7
CASH-02980,2,KAPATAGAN,elevated_risk,12,403,0.6713,0.2483,0.0804,0.3592,0.6073,0.3575,0.3453,0.4269,1466265.73,458142.32,9,0.6601,0.734
CASH-02981,3,TUBOD,prime_healthy,9,330,0.9343,0.0633,0.0024,0.2381,0.8158,0.7151,0.6848,0.1392,1625663.69,324331.46,9,0.7621,0.9289
CASH-02982,3,TUBOD,prime_healthy,12,358,0.9164,0.0815,0.0021,0.2346,0.9671,0.1565,0.7669,0.4229,2529057.95,479034.78,5,0.9283,0.95
CASH-02983,3,TUBOD,prime_healthy,3,173,0.8846,0.0728,0.0426,0.1471,0.9355,0.5435,0.7439,0.2716,1125948.56,128242.44,8,0.8187,0.8647
CASH-02984,1,LALA,elevated_risk,5,378,0.6143,0.2136,0.143,0.3645,0.6623,0.3127,0.5625,0.0244,1467257.64,920628.74,9,0.5945,0.7
CASH-02985,3,TUBOD,distressed,4,304,0.5156,0.3052,0.1793,0.4283,0.5082,0.6871,0.1257,0.1916,1352893.71,973592.09,7,0.55,0.7
CASH-02986,2,KAPATAGAN,prime_healthy,5,176,0.8389,0.141,0.0201,0.1004,0.8463,0.2962,0.7664,0.3888,1158382.6,448173.46,10,0.7185,0.9113
CASH-02987,2,KAPATAGAN,prime_healthy,3,328,0.8387,0.0261,0.043,0.2341,0.7697,0.1196,0.7593,0.2054,2082149.22,97780.39,10,0.7565,0.8789
CASH-02988,2,KAPATAGAN,moderate_stress,12,323,0.7073,0.0921,0.0835,0.2117,0.7235,0.185,0.7507,0.198,1333387.23,193586.09,9,0.7751,0.8377
CASH-02989,1,LALA,elevated_risk,2,323,0.5899,0.2358,0.0877,0.2956,0.611,0.8176,0.454,0.1629,1545200.57,944132.56,11,0.5961,0.7419
CASH-02990,1,LALA,distressed,2,492,0.5021,0.3271,0.1708,0.4183,0.5427,0.9102,0.1813,0.3933,2141899.45,1986877.52,6,0.55,0.7
CASH-02991,3,TUBOD,prime_healthy,1,301,0.8366,0.0897,0.0105,0.2348,0.9903,0.9101,0.6732,0.246,938327.44,146080.77,2,0.8252,0.9061
CASH-02992,3,TUBOD,elevated_risk,11,310,0.5995,0.266,0.1259,0.262,0.5975,0.8068,0.4476,0.3982,1530236.43,1251053.71,3,0.5998,0.7155
CASH-02993,2,KAPATAGAN,moderate_stress,6,376,0.6952,0.2067,0.0981,0.1896,0.7155,0.2199,0.5711,0.0748,1030138.83,274160.44,5,0.6159,0.7479
CASH-02994,2,KAPATAGAN,moderate_stress,11,438,0.7338,0.1545,0.0885,0.2181,0.7628,0.5113,0.6756,0.2573,2044797.35,535688.75,8,0.7727,0.7993
CASH-02995,1,LALA,elevated_risk,11,378,0.6143,0.2664,0.1193,0.2807,0.7991,0.5164,0.4951,0.2844,1904477.77,831326.57,11,0.7441,0.7552
CASH-02996,1,LALA,distressed,12,183,0.5192,0.3508,0.1301,0.3988,0.5364,0.6599,0.2196,0.2382,1474283.61,838238.84,7,0.5584,0.7
CASH-02997,1,LALA,moderate_stress,3,306,0.6713,0.1911,0.0065,0.2901,0.7666,0.5283,0.5559,0.2475,1833100.46,829649.94,4,0.7395,0.8458
CASH-02998,3,TUBOD,elevated_risk,2,258,0.6142,0.2823,0.1035,0.3564,0.5293,0.3794,0.4114,0.315,774385.84,511858.76,3,0.55,0.7244
CASH-02999,2,KAPATAGAN,distressed,9,440,0.4585,0.3383,0.1768,0.4429,0.4908,0.4219,0.205,0.2914,1160600.05,1106387.85,11,0.55,0.7
CASH-03000,3,TUBOD,elevated_risk,3,431,0.6027,0.2388,0.1401,0.3458,0.6685,0.1705,0.2271,0.2572,1930553.61,1165806.26,10,0.566,0.7
CASH-03001,1,LALA,elevated_risk,9,159,0.5758,0.2579,0.1101,0.3686,0.6886,0.3051,0.4673,0.2578,1267211.72,826219.28,15,0.615,0.7286
CASH-03002,3,TUBOD,moderate_stress,9,225,0.7062,0.2353,0.0585,0.0658,0.7866,0.8868,0.4542,0.2769,894189.22,310680.16,9,0.676,0.7872
CASH-03003,1,LALA,prime_healthy,4,404,0.8362,0.086,0.0778,0.1199,0.8703,0.734,0.7185,0.45,2094946.63,373761.26,13,0.7715,0.8274
CASH-03004,2,KAPATAGAN,prime_healthy,8,322,0.8316,0.1579,0.0106,0.2324,0.7839,0.7393,0.6835,0.1373,2673146.7,1102766.69,12,0.6909,0.9115
CASH-03005,3,TUBOD,distressed,2,439,0.4512,0.3291,0.2197,0.4069,0.5863,0.5283,0.1737,0.0567,3558087.89,3334969.73,10,0.55,0.7
CASH-03006,1,LALA,distressed,6,431,0.4754,0.3089,0.1854,0.4306,0.5331,0.3447,0.4092,0.303,2094981.86,985268.95,7,0.55,0.7
CASH-03007,2,KAPATAGAN,prime_healthy,11,198,0.8227,0.0914,0.028,0.1021,0.9569,0.3191,0.6839,0.044,1260322.68,356598.32,8,0.9333,0.8851
CASH-03008,3,TUBOD,distressed,10,195,0.4727,0.3198,0.1775,0.4975,0.6377,0.4665,0.2733,0.2909,1432511.49,778708.62,4,0.55,0.7
CASH-03009,2,KAPATAGAN,elevated_risk,6,445,0.5993,0.2413,0.1594,0.2849,0.5923,0.2828,0.4777,0.1596,3073821.99,2054608.51,2,0.55,0.7
CASH-03010,2,KAPATAGAN,prime_healthy,12,229,0.8702,0.1151,0.0147,0.1499,0.9683,0.864,0.6725,0.1901,1861665.38,220353.78,9,0.9434,0.8966
CASH-03011,2,KAPATAGAN,prime_healthy,11,347,0.8905,0.0839,0.0256,0.2014,0.916,0.2714,0.6208,0.022,2824744.82,696543.22,14,0.9264,0.892
CASH-03012,2,KAPATAGAN,distressed,12,325,0.3956,0.3341,0.2123,0.4081,0.53,0.8944,0.218,0.1427,1590234.0,1153164.14,8,0.55,0.7
CASH-03013,2,KAPATAGAN,moderate_stress,8,465,0.7146,0.211,0.0743,0.238,0.7539,0.5784,0.5614,0.4166,2945472.01,757663.99,5,0.6431,0.7648
CASH-03014,2,KAPATAGAN,moderate_stress,8,393,0.7159,0.1037,0.063,0.1894,0.7416,0.8988,0.7684,0.3049,997515.93,317335.38,7,0.6983,0.8306
CASH-03015,1,LALA,moderate_stress,10,407,0.6881,0.2178,0.094,0.3031,0.8606,0.5768,0.485,0.2099,3131067.0,1985772.4,7,0.7439,0.7213
CASH-03016,3,TUBOD,moderate_stress,6,228,0.7356,0.1838,0.0806,0.2854,0.9001,0.4593,0.699,0.45,1207237.17,386158.87,4,0.7207,0.7846
CASH-03017,3,TUBOD,prime_healthy,5,350,0.8088,0.0576,0.1337,0.143,1.0,0.3668,0.8483,0.2072,2355897.76,281884.43,3,0.8641,0.776
CASH-03018,1,LALA,prime_healthy,12,311,0.7663,0.1598,0.0739,0.2222,0.8801,0.1113,0.6129,0.1825,1936766.89,452994.24,9,0.8111,0.8103
CASH-03019,2,KAPATAGAN,moderate_stress,1,293,0.7279,0.1649,0.0405,0.1481,0.8255,0.4597,0.5534,0.1772,1653878.16,850836.32,9,0.7015,0.8541
CASH-03020,1,LALA,elevated_risk,7,397,0.5385,0.3069,0.1545,0.329,0.6916,0.7958,0.4478,0.2023,2976583.27,2583431.52,10,0.5656,0.7
CASH-03021,3,TUBOD,moderate_stress,9,268,0.6716,0.2084,0.0148,0.2211,0.8175,0.9159,0.711,0.3639,1842879.87,882406.47,6,0.731,0.8473
CASH-03022,1,LALA,prime_healthy,1,493,0.897,0.069,0.034,0.1804,0.8778,0.5999,0.7079,0.1795,2926528.72,419027.26,8,0.7612,0.8655
CASH-03023,2,KAPATAGAN,prime_healthy,10,338,0.8226,0.0919,0.0218,0.1993,0.973,0.3791,0.6703,0.3888,2768983.63,354956.56,8,0.9073,0.8672
CASH-03024,3,TUBOD,prime_healthy,3,154,0.8875,0.0587,0.0538,0.2149,0.9767,0.2726,0.7861,0.1951,741641.03,94274.58,5,0.8469,0.8524
CASH-03025,3,TUBOD,elevated_risk,7,232,0.6043,0.2435,0.1522,0.3631,0.696,0.7764,0.3973,0.2494,1662478.99,936861.35,15,0.5833,0.7
CASH-03026,3,TUBOD,prime_healthy,3,245,0.8353,0.1496,0.0,0.1102,0.9259,0.8654,0.8176,0.2481,1951159.59,857457.48,7,0.8076,0.8829
CASH-03027,2,KAPATAGAN,prime_healthy,4,407,0.8818,0.0603,0.0251,0.1943,0.9081,0.5654,0.9,0.2865,2742705.07,217482.55,10,0.8695,0.8774
CASH-03028,2,KAPATAGAN,distressed,3,447,0.4551,0.3103,0.196,0.4351,0.5646,0.3031,0.3695,0.0299,3338665.82,1145058.48,7,0.55,0.7
CASH-03029,2,KAPATAGAN,elevated_risk,3,455,0.6119,0.2924,0.0793,0.2864,0.6614,0.5986,0.3111,0.1859,3570898.76,1701045.38,10,0.5624,0.7258
CASH-03030,2,KAPATAGAN,prime_healthy,3,257,0.8407,0.0967,0.0159,0.2164,0.9334,0.701,0.759,0.359,1534550.11,214402.42,6,0.8115,0.9077
CASH-03031,1,LALA,elevated_risk,9,454,0.5471,0.2914,0.0935,0.3253,0.5769,0.6569,0.3113,0.2977,2487542.24,1650987.94,11,0.55,0.7045
CASH-03032,3,TUBOD,prime_healthy,5,368,0.7941,0.1173,0.0,0.2005,0.9276,0.8372,0.6741,0.0456,1069037.14,383071.86,5,0.8262,0.9047
CASH-03033,1,LALA,moderate_stress,3,433,0.7375,0.1901,0.0502,0.1918,0.7987,0.896,0.6681,0.1293,2445154.82,985194.85,7,0.7428,0.8513
CASH-03034,3,TUBOD,prime_healthy,12,320,0.8323,0.1207,0.047,0.1475,0.6911,0.5895,0.7352,0.3175,1291920.91,223814.13,7,0.8301,0.8405
CASH-03035,3,TUBOD,prime_healthy,12,305,0.8533,0.116,0.0307,0.2911,0.827,0.2663,0.6334,0.45,1949595.9,395353.12,5,0.8591,0.8946
CASH-03036,2,KAPATAGAN,distressed,10,286,0.4863,0.4015,0.1122,0.4015,0.4753,0.6584,0.2915,0.2787,1517469.79,1603604.1,8,0.55,0.7
CASH-03037,3,TUBOD,moderate_stress,4,423,0.826,0.1307,0.0427,0.222,0.7619,0.8812,0.7029,0.2079,1392436.6,220111.33,10,0.7725,0.8323
CASH-03038,3,TUBOD,moderate_stress,4,354,0.676,0.2091,0.0771,0.2558,0.8283,0.5932,0.6646,0.213,940606.59,518704.65,6,0.7328,0.7863
CASH-03039,2,KAPATAGAN,elevated_risk,11,341,0.5577,0.2648,0.0265,0.356,0.7448,0.699,0.4853,0.1776,2590188.94,1707940.37,13,0.7265,0.7734
CASH-03040,2,KAPATAGAN,prime_healthy,3,307,0.97,0.01,0.0044,0.1543,0.8723,0.4418,0.6627,0.0539,1442490.58,39784.66,13,0.8609,0.9204
CASH-03041,1,LALA,prime_healthy,3,356,0.7988,0.0826,0.0461,0.2912,0.9058,0.3263,0.7292,0.2675,2480780.43,375997.67,9,0.8163,0.8853
CASH-03042,1,LALA,moderate_stress,12,335,0.6822,0.2066,0.0695,0.2562,0.753,0.2467,0.5632,0.1304,1358345.78,439964.61,14,0.8126,0.8045
CASH-03043,1,LALA,prime_healthy,1,354,0.8602,0.1297,0.0101,0.249,0.9967,0.219,0.8203,0.3902,2517308.71,492378.67,9,0.7807,0.8893
CASH-03044,1,LALA,moderate_stress,6,421,0.7354,0.1189,0.0987,0.2912,0.6593,0.5277,0.6059,0.1906,2119438.75,400536.22,9,0.6064,0.7601
CASH-03045,2,KAPATAGAN,moderate_stress,5,394,0.6598,0.146,0.085,0.3237,0.8522,0.3072,0.5527,0.2447,1587848.04,710611.6,9,0.7007,0.8149
CASH-03046,2,KAPATAGAN,moderate_stress,12,346,0.7421,0.1983,0.0462,0.3412,0.8581,0.8483,0.5837,0.2055,1487494.85,813897.93,13,0.8544,0.8177
CASH-03047,1,LALA,elevated_risk,3,306,0.6548,0.2409,0.0549,0.27,0.7102,0.7884,0.3514,0.1716,1545481.42,648431.08,10,0.6699,0.7726
CASH-03048,2,KAPATAGAN,elevated_risk,5,362,0.6162,0.2301,0.1537,0.2411,0.7966,0.2404,0.3701,0.2601,1246069.28,725698.65,14,0.6509,0.7
CASH-03049,3,TUBOD,prime_healthy,12,274,0.8485,0.1113,0.0,0.2462,1.0,0.5183,0.6401,0.1861,1361733.11,233227.8,11,0.9357,0.8769
CASH-03050,3,TUBOD,prime_healthy,5,271,0.8681,0.1209,0.011,0.1928,1.0,0.6083,0.7631,0.0991,2172113.66,590609.3,6,0.8126,0.8879
CASH-03051,2,KAPATAGAN,prime_healthy,7,426,0.82,0.1387,0.0413,0.214,0.9297,0.3875,0.6043,0.084,2713139.84,794956.27,8,0.7687,0.8502
CASH-03052,1,LALA,moderate_stress,6,437,0.5992,0.1894,0.0808,0.3672,0.7838,0.6351,0.5075,0.3649,2853273.87,1513575.24,10,0.6368,0.732
CASH-03053,3,TUBOD,prime_healthy,10,269,0.873,0.0927,0.0204,0.2946,0.8513,0.8006,0.7107,0.1097,1749540.64,470483.58,5,0.8156,0.886
CASH-03054,2,KAPATAGAN,distressed,9,264,0.4459,0.368,0.1474,0.4088,0.4702,0.8267,0.3269,0.45,1357312.29,610195.77,9,0.55,0.7
CASH-03055,2,KAPATAGAN,prime_healthy,7,282,0.8751,0.0921,0.0328,0.2283,0.954,0.5111,0.6845,0.0469,872689.68,151427.89,7,0.8701,0.8757
CASH-03056,2,KAPATAGAN,moderate_stress,9,352,0.7001,0.2091,0.0003,0.2837,0.7026,0.4396,0.5851,0.2122,2055777.08,1135733.52,9,0.7059,0.9255
CASH-03057,3,TUBOD,moderate_stress,8,324,0.761,0.2184,0.0205,0.1745,0.925,0.3892,0.6128,0.2225,1967813.24,1347343.67,11,0.7372,0.8006
CASH-03058,2,KAPATAGAN,moderate_stress,1,420,0.6585,0.2287,0.0386,0.2418,0.83,0.2473,0.5369,0.45,1089646.35,578267.21,9,0.6862,0.8194
CASH-03059,3,TUBOD,moderate_stress,7,339,0.7448,0.2076,0.0477,0.1604,0.7819,0.2264,0.4252,0.1704,1766963.93,573347.74,12,0.7096,0.8042
CASH-03060,3,TUBOD,prime_healthy,9,257,0.8792,0.0526,0.0682,0.062,0.9712,0.4505,0.6124,0.1386,2070942.25,206003.89,9,0.8628,0.8624
CASH-03061,1,LALA,distressed,5,474,0.5736,0.2933,0.1331,0.4716,0.6149,0.643,0.2666,0.1765,1790988.71,1594508.23,11,0.55,0.7
CASH-03062,1,LALA,prime_healthy,11,523,0.8091,0.1002,0.0,0.2733,0.941,0.3786,0.698,0.2488,1650329.29,423851.36,11,0.879,0.944
CASH-03063,3,TUBOD,elevated_risk,11,311,0.5637,0.2259,0.1661,0.4168,0.6759,0.3596,0.4037,0.1409,1899975.41,1063912.97,9,0.6803,0.7
CASH-03064,3,TUBOD,prime_healthy,2,276,0.7944,0.1387,0.0309,0.1653,0.9106,0.5571,0.7131,0.1821,1145904.39,415307.4,9,0.8112,0.8504
CASH-03065,3,TUBOD,elevated_risk,2,163,0.5482,0.2256,0.0978,0.2871,0.7312,0.2141,0.3554,0.3633,1090903.25,654552.13,8,0.6031,0.7317
CASH-03066,1,LALA,prime_healthy,2,317,0.7996,0.1194,0.0482,0.1444,1.0,0.1288,0.7763,0.3183,2415770.42,493827.44,9,0.8032,0.8727
CASH-03067,3,TUBOD,prime_healthy,2,374,0.8044,0.0803,0.0314,0.1318,0.8965,0.4155,0.7299,0.248,1034285.64,96855.3,9,0.7611,0.9056
CASH-03068,1,LALA,moderate_stress,5,513,0.7137,0.1162,0.1154,0.1662,0.9068,0.5767,0.5864,0.0873,3342640.36,1215560.03,11,0.7383,0.8121
CASH-03069,1,LALA,moderate_stress,5,395,0.6332,0.1663,0.0686,0.3612,0.8403,0.9037,0.5308,0.1297,1659419.81,502525.74,15,0.7682,0.8407
CASH-03070,3,TUBOD,prime_healthy,5,405,0.8355,0.1408,0.0139,0.2112,0.9216,0.3497,0.6723,0.2063,1537649.6,276285.11,7,0.8358,0.8903
CASH-03071,3,TUBOD,moderate_stress,4,316,0.698,0.1851,0.0673,0.2822,0.7118,0.6652,0.6226,0.1949,1582258.6,623926.18,3,0.6476,0.809
CASH-03072,3,TUBOD,elevated_risk,2,204,0.5346,0.2644,0.0723,0.2547,0.7512,0.1512,0.3229,0.0559,1596712.01,1178834.1,0,0.6599,0.7701
CASH-03073,3,TUBOD,moderate_stress,12,365,0.7488,0.1408,0.0955,0.3145,0.9147,0.8984,0.7691,0.0711,1342630.99,364441.81,8,0.9006,0.7968
CASH-03074,1,LALA,prime_healthy,3,374,0.8624,0.1051,0.0326,0.1991,1.0,0.6779,0.7318,0.45,1199286.47,175199.35,7,0.8905,0.8899
CASH-03075,1,LALA,elevated_risk,7,280,0.5574,0.2669,0.1087,0.3146,0.6231,0.6378,0.4643,0.2794,2095933.52,804507.39,9,0.55,0.7067
CASH-03076,3,TUBOD,elevated_risk,1,197,0.5145,0.2207,0.0973,0.3406,0.7715,0.1847,0.5527,0.45,1021354.09,460718.53,8,0.6366,0.7506
CASH-03077,2,KAPATAGAN,prime_healthy,8,407,0.7869,0.1297,0.0834,0.2521,0.9867,0.6011,0.8399,0.1681,1467394.5,296887.29,7,0.804,0.8203
CASH-03078,2,KAPATAGAN,prime_healthy,1,420,0.9395,0.0427,0.0178,0.1816,0.921,0.3179,0.6894,0.2942,2315314.2,306780.16,8,0.7847,0.9268
CASH-03079,1,LALA,prime_healthy,6,408,0.8275,0.0378,0.0243,0.1704,0.9365,0.2972,0.6031,0.217,1917578.87,82517.93,6,0.845,0.8863
CASH-03080,1,LALA,prime_healthy,4,381,0.8397,0.0542,0.1061,0.2073,0.8191,0.7221,0.6909,0.3196,2547754.9,368936.64,12,0.7768,0.8279
CASH-03081,2,KAPATAGAN,moderate_stress,1,404,0.7155,0.1601,0.0867,0.2156,0.6898,0.4415,0.52,0.2354,1649323.07,292110.28,8,0.5986,0.7541
CASH-03082,2,KAPATAGAN,distressed,11,360,0.482,0.2778,0.1786,0.4403,0.5311,0.4501,0.3384,0.3007,1204398.62,1035598.75,8,0.55,0.7
CASH-03083,3,TUBOD,elevated_risk,3,356,0.5099,0.2639,0.1153,0.3094,0.6233,0.6076,0.4051,0.1451,1409640.16,721143.85,7,0.6366,0.7
CASH-03084,3,TUBOD,elevated_risk,5,222,0.6543,0.276,0.0698,0.264,0.6501,0.2503,0.4422,0.3592,1778602.45,1196610.87,8,0.6371,0.7517
CASH-03085,3,TUBOD,distressed,2,230,0.4292,0.2877,0.1823,0.498,0.5317,0.6626,0.3529,0.0674,887348.49,310050.07,1,0.55,0.7
CASH-03086,1,LALA,moderate_stress,11,269,0.7107,0.2013,0.088,0.2996,0.8314,0.2178,0.6312,0.45,1682654.34,793365.23,8,0.7822,0.7641
CASH-03087,2,KAPATAGAN,prime_healthy,5,367,0.8403,0.0561,0.012,0.1991,0.9627,0.4317,0.7356,0.327,2577773.51,362281.9,8,0.8681,0.9396
CASH-03088,3,TUBOD,moderate_stress,12,328,0.7627,0.1699,0.0674,0.263,0.9175,0.4552,0.4372,0.2067,1232615.93,529772.33,9,0.8823,0.8176
CASH-03089,3,TUBOD,distressed,5,334,0.4822,0.349,0.1689,0.4049,0.5669,0.3812,0.3538,0.1149,1352993.41,565190.34,3,0.55,0.7
CASH-03090,3,TUBOD,elevated_risk,9,333,0.6464,0.2235,0.1274,0.2635,0.7405,0.2434,0.4615,0.2747,2774508.73,1408874.85,5,0.6566,0.7259
CASH-03091,2,KAPATAGAN,prime_healthy,5,224,0.7449,0.1354,0.0561,0.19,0.8435,0.5665,0.6336,0.2583,1342750.92,439744.78,10,0.7594,0.8531
CASH-03092,2,KAPATAGAN,prime_healthy,7,411,0.8329,0.1193,0.043,0.1219,0.8704,0.3763,0.8009,0.3405,1342334.43,346526.54,4,0.7864,0.8784
CASH-03093,1,LALA,moderate_stress,2,409,0.7505,0.1764,0.0731,0.178,0.8264,0.3126,0.5937,0.3275,3433187.07,1325960.08,11,0.6984,0.8159
CASH-03094,1,LALA,prime_healthy,11,559,0.8434,0.1031,0.0535,0.2251,0.9732,0.5667,0.5826,0.3763,4299632.13,690050.82,15,0.8655,0.8841
CASH-03095,2,KAPATAGAN,prime_healthy,11,307,0.8152,0.0869,0.0659,0.1008,0.9483,0.8768,0.6998,0.1598,1002129.49,265987.7,7,0.879,0.8631
CASH-03096,1,LALA,elevated_risk,10,421,0.5837,0.2765,0.1398,0.2549,0.6468,0.7998,0.4988,0.2304,3524886.25,1371447.26,9,0.6588,0.7
CASH-03097,3,TUBOD,elevated_risk,4,398,0.5574,0.2671,0.0619,0.361,0.6883,0.2972,0.4371,0.1563,2073160.39,1495908.91,8,0.635,0.7451
CASH-03098,2,KAPATAGAN,prime_healthy,11,445,0.8501,0.0965,0.0535,0.2421,0.9798,0.3494,0.6035,0.45,2568432.59,700123.6,4,0.9154,0.8504
CASH-03099,2,KAPATAGAN,prime_healthy,6,392,0.9137,0.0451,0.0,0.1797,1.0,0.3905,0.8345,0.1113,3273468.43,213335.88,12,0.8526,0.95
CASH-03100,1,LALA,elevated_risk,3,409,0.5898,0.25,0.0998,0.3019,0.6344,0.6287,0.5209,0.2241,2524379.29,1231532.16,4,0.6193,0.7425
CASH-03101,3,TUBOD,moderate_stress,11,335,0.6367,0.1565,0.0614,0.2615,0.7381,0.6524,0.5777,0.0782,2381470.52,1010124.72,2,0.7753,0.8253
CASH-03102,1,LALA,distressed,2,350,0.5008,0.3192,0.18,0.4389,0.6141,0.2555,0.2611,0.45,2028447.48,895612.79,7,0.55,0.7
CASH-03103,3,TUBOD,distressed,8,174,0.438,0.3349,0.1694,0.4184,0.5056,0.6014,0.3038,0.0785,725152.48,528633.57,9,0.55,0.7
CASH-03104,2,KAPATAGAN,moderate_stress,12,450,0.7054,0.1685,0.1261,0.3713,0.7139,0.4902,0.5801,0.2694,2458190.2,924999.78,17,0.6641,0.7219
CASH-03105,3,TUBOD,moderate_stress,7,171,0.7157,0.1756,0.087,0.2711,0.8403,0.2115,0.5789,0.3494,634537.09,341661.97,3,0.7237,0.7659
CASH-03106,3,TUBOD,prime_healthy,2,429,0.8219,0.1154,0.0574,0.0926,0.8696,0.4373,0.7176,0.3654,2235671.94,533548.96,6,0.7689,0.8583
CASH-03107,2,KAPATAGAN,moderate_stress,9,292,0.7006,0.2223,0.0654,0.3059,0.78,0.8417,0.6154,0.2191,2039787.44,980882.1,12,0.7197,0.7981
CASH-03108,1,LALA,elevated_risk,2,275,0.6405,0.2118,0.1341,0.2531,0.5459,0.3145,0.3118,0.1835,1057817.82,282218.03,8,0.55,0.7
CASH-03109,1,LALA,elevated_risk,2,451,0.5986,0.2515,0.0767,0.3977,0.7238,0.1956,0.2485,0.3266,1873957.35,635065.74,7,0.5879,0.7381
CASH-03110,3,TUBOD,distressed,9,312,0.5304,0.2633,0.2063,0.4133,0.445,0.6096,0.2498,0.2204,1403576.68,1042917.79,4,0.55,0.7
CASH-03111,2,KAPATAGAN,elevated_risk,6,362,0.6163,0.274,0.0478,0.3395,0.6842,0.5978,0.36,0.1042,2775006.04,1568435.68,4,0.6039,0.7395
CASH-03112,1,LALA,prime_healthy,12,542,0.8446,0.0987,0.0567,0.1222,0.9315,0.4106,0.7683,0.3921,3131721.81,622314.31,10,0.8776,0.876
CASH-03113,3,TUBOD,elevated_risk,12,345,0.6573,0.2562,0.0434,0.3278,0.6563,0.4631,0.4501,0.1866,2707341.49,1764502.57,6,0.6959,0.7788
CASH-03114,2,KAPATAGAN,distressed,8,310,0.5174,0.2633,0.2192,0.3794,0.5901,0.5891,0.2985,0.2655,2497251.8,842702.39,5,0.55,0.7
CASH-03115,2,KAPATAGAN,distressed,8,419,0.4686,0.2594,0.1754,0.4117,0.6123,0.4537,0.2784,0.1089,2565614.03,1721792.09,8,0.55,0.7
CASH-03116,2,KAPATAGAN,elevated_risk,7,265,0.5849,0.2349,0.0724,0.2973,0.8105,0.4655,0.5087,0.3995,1746504.39,1126072.61,9,0.6468,0.7822
CASH-03117,2,KAPATAGAN,moderate_stress,8,335,0.7568,0.1395,0.1037,0.2876,0.7973,0.4937,0.5084,0.1739,1621866.65,335983.72,5,0.6597,0.753
CASH-03118,1,LALA,moderate_stress,7,426,0.7928,0.1381,0.0267,0.2388,0.7932,0.2644,0.4479,0.188,1286661.32,450591.23,13,0.6933,0.8417
CASH-03119,3,TUBOD,distressed,7,221,0.5111,0.3502,0.1387,0.3977,0.5968,0.743,0.4269,0.0767,566397.74,261594.36,1,0.55,0.7
CASH-03120,1,LALA,elevated_risk,5,393,0.6348,0.2513,0.0713,0.3029,0.8137,0.8412,0.4406,0.1142,2204280.7,1399581.14,10,0.6988,0.7697
CASH-03121,2,KAPATAGAN,distressed,11,385,0.5411,0.3165,0.1424,0.417,0.5468,0.4294,0.2073,0.4002,2332673.93,1418865.78,13,0.55,0.7
CASH-03122,1,LALA,moderate_stress,7,529,0.6987,0.1971,0.0442,0.1572,0.6766,0.5819,0.5608,0.4031,4394683.05,1667066.39,11,0.5878,0.789
CASH-03123,3,TUBOD,moderate_stress,2,273,0.6834,0.1964,0.1202,0.2529,0.9159,0.4479,0.6958,0.1662,2075780.05,744672.43,7,0.7054,0.7075
CASH-03124,3,TUBOD,distressed,1,195,0.4808,0.3272,0.192,0.4003,0.6146,0.9038,0.3259,0.3288,789972.63,440685.21,7,0.55,0.7
CASH-03125,3,TUBOD,moderate_stress,8,310,0.611,0.1184,0.0459,0.2876,0.8945,0.6413,0.6613,0.215,1338106.31,383656.7,7,0.7202,0.8308
CASH-03126,3,TUBOD,distressed,7,234,0.4158,0.3016,0.1599,0.4537,0.6397,0.7765,0.2491,0.2185,1628375.85,1293924.33,0,0.55,0.7
CASH-03127,2,KAPATAGAN,moderate_stress,3,275,0.7215,0.195,0.0834,0.2096,0.7894,0.5931,0.5292,0.45,1760925.04,411146.49,7,0.6796,0.7751
CASH-03128,1,LALA,prime_healthy,7,308,0.8325,0.1339,0.0337,0.1322,0.9606,0.1571,0.6045,0.3632,1171995.26,362362.24,6,0.7902,0.8395
CASH-03129,2,KAPATAGAN,prime_healthy,10,238,0.8409,0.0992,0.0,0.1831,0.822,0.1083,0.7821,0.219,1713098.54,380252.08,5,0.7675,0.9439
CASH-03130,2,KAPATAGAN,moderate_stress,1,378,0.6459,0.2117,0.0727,0.2362,0.7243,0.9088,0.5926,0.2357,1246450.17,559172.78,7,0.6501,0.7886
CASH-03131,1,LALA,elevated_risk,8,494,0.6353,0.2662,0.0984,0.3993,0.7638,0.434,0.3042,0.1039,3757637.54,3017122.75,10,0.6302,0.7046
CASH-03132,2,KAPATAGAN,moderate_stress,12,492,0.6911,0.2115,0.0974,0.2759,0.9705,0.7687,0.7204,0.1901,1377344.97,687379.84,12,0.8618,0.7445
CASH-03133,3,TUBOD,distressed,10,273,0.4671,0.357,0.1733,0.3732,0.4671,0.1218,0.1881,0.3341,1335723.85,1222827.45,9,0.55,0.7
CASH-03134,1,LALA,moderate_stress,12,643,0.7245,0.1874,0.0594,0.2918,1.0,0.7271,0.5941,0.1575,2330699.91,994914.69,13,0.8752,0.8172
CASH-03135,2,KAPATAGAN,moderate_stress,9,292,0.7255,0.1814,0.0669,0.2415,0.8343,0.7693,0.4647,0.1182,1956663.35,449714.17,7,0.7217,0.7969
CASH-03136,2,KAPATAGAN,moderate_stress,1,317,0.7071,0.1822,0.0556,0.266,0.8414,0.3389,0.5439,0.1486,1458679.29,740097.07,9,0.7682,0.8217
CASH-03137,2,KAPATAGAN,moderate_stress,9,395,0.596,0.2009,0.0582,0.1825,0.8642,0.2198,0.6521,0.1132,2629186.08,683532.83,13,0.7903,0.8179
CASH-03138,1,LALA,distressed,6,206,0.436,0.3064,0.1613,0.369,0.5469,0.9073,0.2165,0.1551,515741.53,458003.58,6,0.55,0.7
CASH-03139,3,TUBOD,distressed,10,353,0.4951,0.3789,0.1057,0.4512,0.5771,0.8128,0.2023,0.251,2001488.16,1519329.46,14,0.55,0.7
CASH-03140,2,KAPATAGAN,moderate_stress,12,387,0.6619,0.1515,0.062,0.1814,0.7861,0.3331,0.6125,0.1379,1152348.73,457109.63,14,0.7949,0.8162
CASH-03141,1,LALA,prime_healthy,11,421,0.8295,0.0965,0.0345,0.1175,0.9523,0.544,0.7604,0.0913,2221384.88,671708.64,15,0.9166,0.8641
CASH-03142,1,LALA,prime_healthy,5,320,0.8236,0.1333,0.0431,0.1674,0.8394,0.8285,0.6397,0.0507,2191449.34,875979.9,12,0.7587,0.8749
CASH-03143,2,KAPATAGAN,moderate_stress,2,385,0.6279,0.1445,0.0487,0.2178,0.7787,0.5617,0.661,0.2673,2849541.73,447087.95,5,0.6694,0.8424
CASH-03144,3,TUBOD,distressed,6,282,0.5372,0.3168,0.146,0.3798,0.5084,0.8016,0.2575,0.1414,2352109.5,1472654.77,4,0.55,0.7
CASH-03145,1,LALA,moderate_stress,8,546,0.655,0.2534,0.0316,0.2015,0.8439,0.8728,0.6924,0.1992,4559766.71,3451047.85,12,0.7269,0.8269
CASH-03146,3,TUBOD,elevated_risk,6,248,0.6325,0.2424,0.1251,0.2312,0.7263,0.3691,0.2876,0.2069,706852.69,538897.74,9,0.6097,0.7
CASH-03147,1,LALA,prime_healthy,5,375,0.819,0.0979,0.0052,0.2134,0.9092,0.7183,0.7011,0.2234,3145505.13,940868.32,4,0.8295,0.9081
CASH-03148,1,LALA,moderate_stress,4,451,0.7061,0.1136,0.0796,0.2132,0.857,0.7526,0.6102,0.3213,1973802.08,516798.21,10,0.7873,0.8231
CASH-03149,3,TUBOD,distressed,10,228,0.4342,0.3464,0.2195,0.359,0.5798,0.3409,0.3068,0.45,1593674.71,717125.89,5,0.55,0.7
CASH-03150,2,KAPATAGAN,prime_healthy,4,424,0.8507,0.0983,0.0,0.14,0.8971,0.7533,0.668,0.1452,1666289.13,431018.47,11,0.7905,0.9267
CASH-03151,3,TUBOD,elevated_risk,11,396,0.4754,0.2777,0.1295,0.3643,0.7415,0.7626,0.4022,0.1473,3118277.89,1789833.37,9,0.666,0.71
CASH-03152,2,KAPATAGAN,distressed,8,285,0.4483,0.4248,0.1268,0.4402,0.5255,0.2438,0.4025,0.3378,1649457.87,1821171.44,8,0.55,0.7
CASH-03153,1,LALA,prime_healthy,12,383,0.8668,0.124,0.0091,0.3145,0.8319,0.7157,0.6758,0.2498,1722621.43,304251.6,10,0.843,0.8738
CASH-03154,3,TUBOD,distressed,6,284,0.516,0.2971,0.1869,0.4333,0.4418,0.6165,0.1,0.2132,941213.21,591224.66,4,0.55,0.7
CASH-03155,1,LALA,moderate_stress,11,455,0.7097,0.2023,0.088,0.2629,0.9413,0.4916,0.604,0.2227,3235415.1,1895919.24,12,0.8312,0.7645
CASH-03156,3,TUBOD,moderate_stress,6,326,0.6925,0.1391,0.0956,0.2256,0.7331,0.4409,0.5021,0.3711,2425758.86,1062088.65,9,0.6366,0.7825
CASH-03157,2,KAPATAGAN,elevated_risk,11,393,0.5972,0.3012,0.1016,0.335,0.5362,0.4476,0.4777,0.1834,1319805.1,812637.08,4,0.5947,0.7
CASH-03158,3,TUBOD,moderate_stress,5,336,0.5848,0.234,0.071,0.2945,0.9285,0.7555,0.5308,0.3379,2289700.52,1568550.09,8,0.7652,0.8056
CASH-03159,1,LALA,elevated_risk,9,570,0.6329,0.2765,0.0906,0.4312,0.7043,0.5078,0.4897,0.2726,4703372.56,2289186.12,4,0.6029,0.7447
CASH-03160,3,TUBOD,prime_healthy,8,366,0.8959,0.0823,0.0218,0.2935,0.948,0.3784,0.7672,0.1437,2793411.78,410740.23,3,0.8354,0.8975
CASH-03161,1,LALA,moderate_stress,2,397,0.7447,0.1648,0.0905,0.1818,0.6629,0.5434,0.5164,0.2378,2698879.47,858978.68,6,0.6312,0.7875
CASH-03162,3,TUBOD,elevated_risk,12,359,0.525,0.2452,0.1195,0.2966,0.7722,0.552,0.5007,0.2488,1730442.97,1299522.52,5,0.7457,0.7105
CASH-03163,2,KAPATAGAN,moderate_stress,3,281,0.6468,0.1892,0.1156,0.278,0.8072,0.5522,0.5491,0.4149,1668583.04,425626.81,7,0.6752,0.7716
CASH-03164,3,TUBOD,moderate_stress,8,275,0.6929,0.2444,0.0627,0.2194,0.8193,0.2963,0.5632,0.0228,2279979.13,1629729.86,4,0.6827,0.7731
CASH-03165,2,KAPATAGAN,prime_healthy,10,363,0.8079,0.0486,0.0898,0.1959,0.9352,0.7651,0.6821,0.2995,1474160.11,142946.23,12,0.845,0.8141
CASH-03166,2,KAPATAGAN,prime_healthy,1,366,0.8013,0.0436,0.0138,0.3027,0.8093,0.1505,0.8541,0.3563,2700563.48,154373.45,2,0.7524,0.9322
CASH-03167,2,KAPATAGAN,distressed,8,288,0.4451,0.3378,0.1773,0.3573,0.6006,0.1334,0.4337,0.2381,2285836.01,774834.41,14,0.55,0.7
CASH-03168,3,TUBOD,moderate_stress,9,278,0.705,0.1482,0.0784,0.2511,0.8854,0.2938,0.4841,0.2179,945200.35,207483.53,2,0.783,0.8119
CASH-03169,1,LALA,moderate_stress,11,334,0.8113,0.1399,0.0488,0.2009,0.7372,0.3561,0.4564,0.3547,2431733.17,454939.45,10,0.7158,0.8428
CASH-03170,1,LALA,elevated_risk,6,495,0.5869,0.2555,0.1089,0.3646,0.8724,0.2601,0.5315,0.0614,3189617.49,966730.19,4,0.6898,0.7099
CASH-03171,1,LALA,moderate_stress,3,445,0.7224,0.2002,0.0635,0.2239,0.7247,0.2819,0.5123,0.1472,1333006.98,760049.41,12,0.6792,0.8139
CASH-03172,1,LALA,moderate_stress,5,468,0.7267,0.1849,0.0361,0.2782,0.8793,0.1932,0.615,0.1274,3001510.06,1198905.86,11,0.8045,0.8387
CASH-03173,2,KAPATAGAN,moderate_stress,9,226,0.7577,0.1613,0.081,0.308,0.7081,0.1909,0.6333,0.1297,1765375.12,695432.8,8,0.6791,0.7935
CASH-03174,2,KAPATAGAN,moderate_stress,5,394,0.7883,0.1536,0.0581,0.1932,0.7716,0.7489,0.7558,0.0513,2742530.24,591307.85,7,0.7369,0.8163
CASH-03175,1,LALA,prime_healthy,11,400,0.8601,0.0519,0.0365,0.1442,1.0,0.1193,0.7229,0.2218,1963695.74,160878.94,9,0.9461,0.8954
CASH-03176,2,KAPATAGAN,elevated_risk,4,249,0.5408,0.2574,0.1035,0.3453,0.7332,0.7619,0.5499,0.0924,990008.28,487534.96,16,0.6717,0.7192
CASH-03177,2,KAPATAGAN,elevated_risk,2,397,0.4835,0.2908,0.1322,0.3209,0.6473,0.3123,0.4489,0.2733,1035019.77,838568.51,7,0.55,0.7
CASH-03178,3,TUBOD,moderate_stress,6,313,0.6497,0.1236,0.0071,0.2569,0.8538,0.7811,0.5776,0.1972,1899700.46,439963.35,1,0.7704,0.8617
CASH-03179,3,TUBOD,prime_healthy,1,272,0.8004,0.1617,0.003,0.1662,0.9501,0.6186,0.6879,0.3008,1205039.65,522650.12,3,0.7695,0.8849
CASH-03180,2,KAPATAGAN,prime_healthy,3,258,0.7459,0.0806,0.0289,0.2518,0.9001,0.4308,0.6692,0.0411,1142816.75,247224.49,4,0.8063,0.9039
CASH-03181,1,LALA,moderate_stress,12,341,0.7042,0.1734,0.1224,0.3394,0.8529,0.1494,0.5234,0.2389,2694364.8,1045755.61,14,0.7474,0.7309
CASH-03182,2,KAPATAGAN,prime_healthy,2,433,0.7572,0.0909,0.0164,0.1628,0.8485,0.2125,0.7367,0.3568,2468826.02,226249.42,8,0.816,0.9085
CASH-03183,1,LALA,moderate_stress,10,353,0.6732,0.126,0.0695,0.2872,0.7903,0.4199,0.4075,0.0846,2505352.66,522643.59,9,0.7726,0.8253
CASH-03184,1,LALA,moderate_stress,4,384,0.7274,0.1552,0.0517,0.2965,0.897,0.63,0.5498,0.2893,1412834.41,416657.55,11,0.7472,0.8367
CASH-03185,1,LALA,moderate_stress,10,560,0.6986,0.2551,0.0462,0.1167,0.7035,0.8869,0.5587,0.45,3397767.29,2715895.97,7,0.6638,0.8286
CASH-03186,2,KAPATAGAN,distressed,2,333,0.4213,0.2902,0.1781,0.4227,0.6143,0.3121,0.2478,0.3893,989474.88,790134.16,10,0.55,0.7
CASH-03187,2,KAPATAGAN,elevated_risk,9,441,0.4886,0.2688,0.1041,0.318,0.645,0.6889,0.4731,0.0392,2010823.51,1052899.84,7,0.5929,0.7257
CASH-03188,2,KAPATAGAN,moderate_stress,12,330,0.6791,0.2052,0.1158,0.2677,0.8914,0.4688,0.4813,0.3599,1770182.07,1095927.45,7,0.7671,0.7
CASH-03189,3,TUBOD,prime_healthy,8,258,0.7654,0.0762,0.0,0.1503,0.9502,0.5343,0.833,0.1879,651420.37,131514.7,7,0.8695,0.9171
CASH-03190,3,TUBOD,moderate_stress,8,244,0.7452,0.1248,0.062,0.2652,0.8035,0.2055,0.4957,0.1108,1280284.19,457783.88,0,0.7486,0.8349
CASH-03191,1,LALA,distressed,11,354,0.4483,0.3492,0.1306,0.3642,0.5386,0.8658,0.2355,0.3468,1211381.93,692135.45,3,0.55,0.7
CASH-03192,3,TUBOD,prime_healthy,9,162,0.8546,0.0727,0.0712,0.1315,0.9112,0.337,0.8633,0.1844,582989.07,68348.66,11,0.7733,0.8397
CASH-03193,3,TUBOD,moderate_stress,10,257,0.7376,0.1289,0.0622,0.2427,0.9173,0.5771,0.5923,0.0764,1377800.47,299085.75,3,0.8103,0.8353
CASH-03194,1,LALA,moderate_stress,3,379,0.7354,0.1761,0.0885,0.261,0.7824,0.7495,0.6171,0.1495,1835922.0,984552.64,1,0.7238,0.7268
CASH-03195,2,KAPATAGAN,moderate_stress,6,248,0.7479,0.1862,0.0621,0.2022,0.8711,0.6358,0.6128,0.1588,1718197.51,629520.49,8,0.7285,0.8006
CASH-03196,3,TUBOD,moderate_stress,5,260,0.7501,0.1761,0.0738,0.258,0.846,0.2499,0.539,0.3178,1051378.08,210294.59,1,0.7323,0.8225
CASH-03197,3,TUBOD,prime_healthy,11,249,0.8635,0.0866,0.0392,0.157,0.8812,0.4355,0.6269,0.1845,1198000.66,229514.01,5,0.8299,0.8557
CASH-03198,1,LALA,moderate_stress,12,408,0.6414,0.1518,0.0919,0.2256,0.9266,0.5106,0.7033,0.2491,2110995.26,721089.36,10,0.8547,0.7801
CASH-03199,2,KAPATAGAN,prime_healthy,5,351,0.8185,0.1393,0.0422,0.2919,0.879,0.8322,0.7414,0.0273,1733467.83,359950.54,4,0.8171,0.8591
CASH-03200,3,TUBOD,prime_healthy,4,336,0.7435,0.0959,0.0087,0.157,0.8438,0.636,0.8497,0.1345,2531110.75,749539.32,3,0.8331,0.917
CASH-03201,2,KAPATAGAN,prime_healthy,9,466,0.8635,0.0385,0.0504,0.2599,0.9104,0.3,0.8803,0.3872,2957614.53,253212.67,2,0.8412,0.8332
CASH-03202,2,KAPATAGAN,moderate_stress,7,299,0.676,0.1647,0.0628,0.337,0.7664,0.5837,0.6382,0.2212,1613825.37,683654.31,14,0.6955,0.7949
CASH-03203,2,KAPATAGAN,prime_healthy,10,514,0.8004,0.0725,0.0579,0.1051,0.8172,0.6214,0.7997,0.2688,3826058.34,457312.28,7,0.7974,0.8781
CASH-03204,2,KAPATAGAN,prime_healthy,8,484,0.8018,0.1982,0.0,0.2825,1.0,0.5144,0.6493,0.0757,2427419.27,1199764.31,11,0.8038,0.865
CASH-03205,3,TUBOD,moderate_stress,8,398,0.7266,0.2179,0.0555,0.2671,0.8434,0.1436,0.7406,0.1682,2649060.09,1028907.58,0,0.727,0.7792
CASH-03206,1,LALA,distressed,3,354,0.5082,0.2897,0.202,0.4234,0.4284,0.796,0.2887,0.176,1414586.45,859259.6,11,0.55,0.7
CASH-03207,1,LALA,elevated_risk,1,409,0.5226,0.2506,0.135,0.3668,0.5982,0.1891,0.3747,0.0837,1798112.56,798963.95,4,0.558,0.7156
CASH-03208,2,KAPATAGAN,moderate_stress,11,318,0.6798,0.1821,0.1127,0.226,0.7728,0.7749,0.5622,0.0498,1003211.76,481731.23,9,0.779,0.731
CASH-03209,3,TUBOD,distressed,1,315,0.3929,0.4135,0.1936,0.4215,0.4749,0.8117,0.3272,0.2189,2327454.39,2849184.66,4,0.55,0.7
CASH-03210,3,TUBOD,prime_healthy,9,445,0.8042,0.1375,0.0583,0.1257,1.0,0.4639,0.6196,0.3746,1667172.83,382966.89,5,0.8448,0.8111
CASH-03211,1,LALA,distressed,8,629,0.3729,0.356,0.1405,0.379,0.4975,0.8076,0.2682,0.1151,1659337.97,1249761.49,8,0.55,0.7
CASH-03212,1,LALA,moderate_stress,1,419,0.7116,0.248,0.0404,0.2688,0.9656,0.2059,0.6076,0.197,2099128.32,717762.46,8,0.7626,0.8081
CASH-03213,2,KAPATAGAN,moderate_stress,9,447,0.7671,0.2077,0.0252,0.1745,0.789,0.6488,0.5423,0.1204,2474534.97,968778.58,6,0.7278,0.8603
CASH-03214,2,KAPATAGAN,prime_healthy,4,494,0.7507,0.0803,0.0,0.1932,0.9482,0.5113,0.7024,0.2022,1268574.23,131337.0,5,0.8729,0.9158
CASH-03215,2,KAPATAGAN,moderate_stress,5,265,0.6982,0.1579,0.1196,0.2328,0.8656,0.6446,0.6046,0.3724,1566032.92,571154.13,9,0.6997,0.7393
CASH-03216,2,KAPATAGAN,prime_healthy,5,308,0.7268,0.1002,0.0074,0.2792,0.8555,0.1187,0.7618,0.1284,1265583.26,270780.81,8,0.7476,0.8893
CASH-03217,3,TUBOD,elevated_risk,9,303,0.6217,0.2402,0.1381,0.3007,0.6581,0.3961,0.2802,0.1621,1284100.11,662240.69,6,0.5735,0.7
CASH-03218,2,KAPATAGAN,prime_healthy,5,432,0.8421,0.1264,0.0315,0.2316,1.0,0.8727,0.6889,0.45,2015335.72,626575.33,8,0.8149,0.8751
CASH-03219,2,KAPATAGAN,prime_healthy,12,464,0.8124,0.1283,0.0593,0.1731,0.843,0.359,0.6237,0.2876,2847141.83,882459.29,11,0.8839,0.8179
CASH-03220,1,LALA,moderate_stress,9,281,0.7023,0.1776,0.0558,0.2664,0.7622,0.2682,0.6673,0.4376,818204.68,183331.84,11,0.6972,0.8174
CASH-03221,2,KAPATAGAN,prime_healthy,1,419,0.8472,0.1132,0.0116,0.1509,0.856,0.8611,0.679,0.2969,1712387.39,242797.84,10,0.7582,0.8739
CASH-03222,1,LALA,moderate_stress,5,303,0.7835,0.1423,0.0742,0.2524,0.8507,0.8108,0.4918,0.2541,967699.21,331186.57,8,0.785,0.775
CASH-03223,2,KAPATAGAN,moderate_stress,10,229,0.7603,0.1767,0.0582,0.3219,0.7647,0.6977,0.5406,0.4221,1219720.86,282148.89,11,0.7193,0.8281
CASH-03224,1,LALA,prime_healthy,7,393,0.8766,0.0638,0.0281,0.1661,0.8655,0.2252,0.5991,0.45,1711155.76,284254.48,10,0.7537,0.8975
CASH-03225,3,TUBOD,elevated_risk,12,310,0.6302,0.1826,0.1616,0.3141,0.561,0.5829,0.4784,0.0575,1734094.51,321298.03,7,0.6165,0.7
CASH-03226,2,KAPATAGAN,moderate_stress,12,311,0.6611,0.1648,0.0739,0.2287,0.9126,0.8695,0.4586,0.2777,954021.98,190002.66,11,0.8317,0.7654
CASH-03227,2,KAPATAGAN,moderate_stress,12,419,0.7214,0.1732,0.0665,0.2472,0.8759,0.162,0.5747,0.2411,2362315.86,1126835.54,8,0.8513,0.829
CASH-03228,3,TUBOD,prime_healthy,5,336,0.8732,0.0707,0.017,0.1877,0.9853,0.7684,0.7187,0.3264,1147021.87,145416.38,9,0.8411,0.9459
CASH-03229,1,LALA,elevated_risk,9,412,0.6157,0.252,0.1323,0.2375,0.6861,0.2031,0.4862,0.1024,3277239.6,1142186.04,15,0.6482,0.7
CASH-03230,3,TUBOD,moderate_stress,9,332,0.6014,0.1016,0.0958,0.3039,0.7691,0.4688,0.7109,0.2898,904238.6,212330.33,7,0.7339,0.8127
CASH-03231,2,KAPATAGAN,moderate_stress,3,421,0.7101,0.2108,0.0791,0.2805,0.9128,0.845,0.6686,0.1703,1128494.97,694118.79,7,0.8107,0.806
CASH-03232,2,KAPATAGAN,prime_healthy,4,370,0.8608,0.0853,0.0214,0.2201,0.8135,0.4615,0.8371,0.3136,2260075.62,516672.65,4,0.8339,0.9355
CASH-03233,3,TUBOD,elevated_risk,12,345,0.6268,0.2472,0.126,0.2725,0.8208,0.5855,0.4852,0.1314,2086052.77,741395.87,7,0.7893,0.7
CASH-03234,2,KAPATAGAN,moderate_stress,3,313,0.6287,0.2104,0.0455,0.2678,0.9586,0.2399,0.4779,0.1838,1592485.4,797930.72,13,0.7988,0.8202
CASH-03235,2,KAPATAGAN,moderate_stress,11,394,0.6869,0.2467,0.0664,0.2286,0.8109,0.2358,0.5454,0.1017,1548916.2,705183.69,9,0.7504,0.7802
CASH-03236,2,KAPATAGAN,distressed,5,309,0.4456,0.2519,0.1914,0.4111,0.4212,0.4873,0.3075,0.3333,1763173.17,1373021.8,10,0.55,0.7
CASH-03237,2,KAPATAGAN,moderate_stress,10,455,0.7333,0.1963,0.0705,0.2258,0.7923,0.2363,0.5498,0.0775,3833408.96,1768891.27,8,0.7202,0.7736
CASH-03238,2,KAPATAGAN,elevated_risk,6,161,0.575,0.2458,0.1017,0.3378,0.8166,0.5524,0.3625,0.2496,498960.17,391156.79,6,0.6946,0.7357
CASH-03239,1,LALA,prime_healthy,10,520,0.7657,0.0862,0.0096,0.2698,0.9262,0.4555,0.7918,0.082,4037951.15,1063838.78,6,0.86,0.9112
CASH-03240,3,TUBOD,distressed,8,331,0.5503,0.2378,0.1306,0.4062,0.6171,0.4622,0.3166,0.3167,2268551.14,1172675.92,3,0.55,0.7
CASH-03241,3,TUBOD,moderate_stress,10,299,0.7419,0.2061,0.052,0.3223,0.7489,0.4328,0.5314,0.0708,2365220.5,1163909.03,5,0.7082,0.8024
CASH-03242,2,KAPATAGAN,prime_healthy,12,398,0.834,0.0922,0.0193,0.1994,0.914,0.8972,0.7445,0.2421,1832644.41,355983.78,9,0.8979,0.9085
CASH-03243,3,TUBOD,moderate_stress,8,293,0.7265,0.2219,0.0516,0.2976,0.8354,0.4597,0.5453,0.0786,1352299.08,752378.79,7,0.7163,0.7966
CASH-03244,3,TUBOD,prime_healthy,7,353,0.8802,0.0927,0.027,0.1919,0.952,0.7389,0.6669,0.2592,1339766.77,133226.36,7,0.8115,0.8677
CASH-03245,3,TUBOD,moderate_stress,1,348,0.7026,0.175,0.0585,0.251,0.783,0.5561,0.6133,0.2949,1564814.45,812641.42,9,0.6394,0.8245
CASH-03246,1,LALA,prime_healthy,7,452,0.8817,0.114,0.0043,0.3025,0.9463,0.5836,0.6592,0.45,2595613.81,821761.67,5,0.7581,0.9164
CASH-03247,2,KAPATAGAN,prime_healthy,3,334,0.854,0.1224,0.0236,0.186,0.8612,0.1199,0.6351,0.2322,919090.53,201418.91,6,0.7724,0.916
CASH-03248,1,LALA,prime_healthy,6,420,0.8424,0.0852,0.0204,0.114,0.9499,0.7326,0.6903,0.2378,2331468.05,492369.63,7,0.8007,0.9016
CASH-03249,2,KAPATAGAN,moderate_stress,3,313,0.7803,0.1488,0.0709,0.2528,0.7789,0.9175,0.5562,0.268,2144066.8,794354.6,9,0.748,0.8091
CASH-03250,1,LALA,distressed,10,319,0.4929,0.3384,0.1687,0.3278,0.4051,0.4097,0.1697,0.0914,2414485.07,2348330.93,6,0.55,0.7
CASH-03251,1,LALA,elevated_risk,2,404,0.6095,0.2243,0.075,0.3654,0.7822,0.1948,0.4803,0.45,3210588.77,1751387.71,8,0.6445,0.7871
CASH-03252,1,LALA,moderate_stress,9,531,0.7072,0.1802,0.0504,0.2968,0.8627,0.2381,0.6163,0.3995,1433863.15,376588.24,14,0.7126,0.8423
CASH-03253,2,KAPATAGAN,moderate_stress,6,361,0.7943,0.1179,0.084,0.2511,0.9018,0.505,0.621,0.45,2691471.26,800543.87,5,0.7399,0.7911
CASH-03254,1,LALA,prime_healthy,8,356,0.8596,0.0652,0.0578,0.0915,0.9109,0.6306,0.7456,0.2784,1275767.44,116653.38,11,0.7856,0.8623
CASH-03255,3,TUBOD,moderate_stress,1,376,0.681,0.191,0.1039,0.2368,0.813,0.2794,0.6323,0.1841,2271653.67,831734.82,2,0.6591,0.7292
CASH-03256,2,KAPATAGAN,moderate_stress,1,451,0.69,0.1967,0.1133,0.3388,0.7948,0.1712,0.5927,0.45,3456814.78,1326506.68,8,0.7015,0.7495
CASH-03257,2,KAPATAGAN,moderate_stress,9,408,0.6972,0.1157,0.0366,0.3103,0.7675,0.5109,0.5254,0.1177,2317084.59,306702.14,8,0.7496,0.8585
CASH-03258,1,LALA,moderate_stress,9,416,0.6881,0.2001,0.1118,0.3483,0.7887,0.7063,0.6362,0.3741,1106414.73,350852.76,11,0.6564,0.7292
CASH-03259,1,LALA,moderate_stress,4,677,0.6928,0.2098,0.0975,0.2525,0.7619,0.6407,0.5739,0.1914,4737693.26,1867526.68,14,0.7254,0.712
CASH-03260,1,LALA,distressed,8,293,0.5146,0.2902,0.1952,0.4327,0.5551,0.207,0.1994,0.0781,1151232.39,356195.44,5,0.55,0.7
CASH-03261,2,KAPATAGAN,prime_healthy,10,497,0.8293,0.1128,0.0579,0.2508,0.8503,0.6667,0.8158,0.2921,3699285.72,844269.33,9,0.7739,0.8476
CASH-03262,1,LALA,prime_healthy,2,239,0.77,0.1286,0.0,0.2155,0.9169,0.5909,0.7507,0.1428,1022666.01,284303.47,9,0.8187,0.8869
CASH-03263,2,KAPATAGAN,moderate_stress,4,362,0.7292,0.2381,0.0,0.2703,0.9006,0.2237,0.4715,0.2011,1004206.98,278961.46,11,0.7617,0.88
CASH-03264,3,TUBOD,elevated_risk,10,311,0.6509,0.2412,0.108,0.2869,0.6053,0.1122,0.457,0.3451,2379629.59,763885.6,12,0.55,0.7
CASH-03265,3,TUBOD,elevated_risk,10,301,0.6073,0.2747,0.0896,0.3275,0.7021,0.2255,0.6088,0.45,1792271.68,1383140.09,6,0.6267,0.7036
CASH-03266,2,KAPATAGAN,moderate_stress,10,375,0.7555,0.1789,0.0656,0.3252,0.7982,0.3556,0.5621,0.1012,1148815.75,578635.32,11,0.7618,0.7723
CASH-03267,3,TUBOD,distressed,2,377,0.4829,0.2481,0.2025,0.376,0.4674,0.806,0.2704,0.3042,1958335.38,575098.51,6,0.55,0.7
CASH-03268,1,LALA,elevated_risk,8,477,0.5427,0.234,0.0406,0.3515,0.6556,0.1431,0.5103,0.0598,1791702.43,499514.93,6,0.6149,0.795
CASH-03269,3,TUBOD,prime_healthy,11,191,0.814,0.1144,0.0716,0.2371,0.8595,0.2102,0.7543,0.1978,780814.2,174719.48,11,0.8507,0.8688
CASH-03270,2,KAPATAGAN,moderate_stress,6,540,0.7445,0.1704,0.0262,0.2624,0.7364,0.9041,0.5367,0.208,3706387.01,1552810.96,11,0.6581,0.8513
CASH-03271,1,LALA,elevated_risk,1,364,0.6123,0.2824,0.1052,0.2536,0.6668,0.6844,0.3724,0.1802,2368706.8,681340.53,11,0.5944,0.7
CASH-03272,3,TUBOD,elevated_risk,6,402,0.574,0.2228,0.1322,0.3315,0.595,0.5068,0.4024,0.4495,1418006.73,896193.89,8,0.55,0.7
CASH-03273,2,KAPATAGAN,distressed,4,108,0.4804,0.3601,0.1595,0.4063,0.48,0.4944,0.3617,0.3561,832745.4,898672.56,8,0.55,0.7
CASH-03274,1,LALA,moderate_stress,6,486,0.7304,0.1246,0.0607,0.2881,0.7426,0.8881,0.4932,0.2442,1558047.25,210832.12,5,0.6593,0.8292
CASH-03275,3,TUBOD,distressed,12,240,0.4337,0.307,0.2588,0.4843,0.579,0.3342,0.1,0.3166,1779555.63,1707172.45,3,0.55,0.7
CASH-03276,3,TUBOD,moderate_stress,6,389,0.7245,0.1874,0.0881,0.3259,0.8897,0.7385,0.485,0.4413,2775025.28,930672.21,6,0.751,0.7968
CASH-03277,1,LALA,moderate_stress,11,330,0.7098,0.162,0.1023,0.2328,0.7606,0.347,0.6214,0.45,2714026.65,1339644.85,6,0.7491,0.7858
CASH-03278,1,LALA,distressed,6,354,0.5037,0.3087,0.1875,0.4695,0.4366,0.783,0.1689,0.3296,2487021.19,1817187.86,17,0.55,0.7
CASH-03279,2,KAPATAGAN,prime_healthy,12,337,0.8959,0.0666,0.0121,0.2012,0.7876,0.3597,0.5918,0.3403,2659509.9,370936.87,6,0.8126,0.9338
CASH-03280,3,TUBOD,prime_healthy,12,375,0.8217,0.0351,0.0609,0.2376,0.8327,0.2593,0.7443,0.2145,2510989.97,270731.78,6,0.8726,0.9014
CASH-03281,3,TUBOD,distressed,8,286,0.5164,0.3012,0.1824,0.4646,0.6062,0.4604,0.2395,0.0989,861032.11,606451.5,13,0.55,0.7
CASH-03282,2,KAPATAGAN,elevated_risk,12,380,0.5607,0.2606,0.1224,0.2996,0.7668,0.7823,0.2674,0.3103,1201016.55,569784.99,12,0.6884,0.7
CASH-03283,1,LALA,elevated_risk,10,341,0.587,0.2704,0.1427,0.3512,0.6039,0.3124,0.4626,0.3009,2817189.84,2378210.13,7,0.55,0.7
CASH-03284,2,KAPATAGAN,prime_healthy,2,400,0.9318,0.0682,0.0,0.1884,0.9708,0.7389,0.7492,0.1622,1248798.13,265771.92,6,0.8643,0.9329
CASH-03285,1,LALA,elevated_risk,2,356,0.6049,0.2123,0.1201,0.3513,0.7015,0.6558,0.2708,0.2693,2299932.8,1243047.56,8,0.5919,0.7
CASH-03286,3,TUBOD,prime_healthy,2,360,0.8236,0.1261,0.0472,0.1373,0.943,0.1688,0.627,0.3072,1050648.66,328898.97,4,0.731,0.8157
CASH-03287,1,LALA,moderate_stress,1,347,0.6718,0.1552,0.0535,0.2727,0.8614,0.2028,0.439,0.1321,1721438.03,366116.13,14,0.7051,0.8209
CASH-03288,3,TUBOD,moderate_stress,3,255,0.76,0.1727,0.0672,0.1427,0.7574,0.2046,0.6388,0.1955,1960255.07,1077642.84,9,0.7363,0.7953
CASH-03289,3,TUBOD,elevated_risk,4,263,0.576,0.1924,0.0825,0.296,0.6133,0.8916,0.3364,0.388,1560063.79,696740.16,12,0.5966,0.747
CASH-03290,1,LALA,moderate_stress,12,389,0.7126,0.2179,0.0695,0.267,0.8126,0.5562,0.6398,0.1435,2952378.11,1961906.51,12,0.8186,0.7986
CASH-03291,1,LALA,elevated_risk,7,539,0.6413,0.2245,0.0897,0.2962,0.6799,0.8723,0.4458,0.048,1871481.56,1278372.01,14,0.5919,0.737
CASH-03292,1,LALA,moderate_stress,8,342,0.7589,0.1828,0.0527,0.269,0.8232,0.5933,0.6806,0.1838,2447732.83,961659.51,9,0.7111,0.7958
CASH-03293,2,KAPATAGAN,moderate_stress,11,381,0.7517,0.2038,0.0445,0.2396,0.8744,0.7656,0.5477,0.3495,3053059.7,1130133.99,12,0.8155,0.8037
CASH-03294,3,TUBOD,prime_healthy,9,320,0.7516,0.0819,0.0536,0.1957,0.8723,0.5161,0.6783,0.1295,1727295.2,433337.71,5,0.7901,0.8862
CASH-03295,1,LALA,distressed,8,415,0.4821,0.3423,0.1683,0.4151,0.4816,0.8672,0.2556,0.1771,1167357.94,765372.3,11,0.55,0.7
CASH-03296,2,KAPATAGAN,elevated_risk,8,280,0.5035,0.2668,0.1013,0.3455,0.6081,0.1089,0.346,0.313,2007496.99,1038731.88,4,0.55,0.7
CASH-03297,3,TUBOD,moderate_stress,9,326,0.6687,0.1221,0.0925,0.2115,0.8915,0.3668,0.6127,0.3408,1685154.3,273035.97,6,0.7594,0.7991
CASH-03298,3,TUBOD,moderate_stress,4,132,0.6191,0.1789,0.0659,0.3464,0.7815,0.9008,0.4709,0.1893,781480.2,193461.68,6,0.7182,0.7794
CASH-03299,3,TUBOD,elevated_risk,4,380,0.5719,0.2831,0.0496,0.3572,0.7103,0.7649,0.3242,0.2654,1614699.56,482065.22,10,0.6106,0.766
CASH-03300,1,LALA,elevated_risk,10,351,0.4828,0.2769,0.0888,0.3628,0.691,0.6524,0.4645,0.1762,1897734.82,1150545.46,13,0.6889,0.7412
CASH-03301,3,TUBOD,moderate_stress,7,383,0.6762,0.2021,0.1218,0.3386,0.8531,0.7492,0.5178,0.1484,2538204.14,1549039.17,7,0.6905,0.736
CASH-03302,2,KAPATAGAN,elevated_risk,8,421,0.6088,0.2178,0.1308,0.347,0.6932,0.2618,0.4052,0.0984,3113052.21,930010.14,1,0.6132,0.7
CASH-03303,2,KAPATAGAN,prime_healthy,3,249,0.8458,0.0449,0.0454,0.2364,0.8583,0.8389,0.7755,0.45,861748.81,117527.74,3,0.788,0.8946
CASH-03304,2,KAPATAGAN,prime_healthy,3,475,0.8209,0.0914,0.0877,0.1089,0.8795,0.6128,0.7507,0.1301,2127148.02,236920.75,2,0.8032,0.8012
CASH-03305,2,KAPATAGAN,distressed,3,423,0.5364,0.2619,0.1287,0.3413,0.6458,0.7676,0.272,0.1051,3009708.11,975890.56,5,0.6184,0.7
CASH-03306,3,TUBOD,moderate_stress,7,297,0.7396,0.2026,0.0577,0.235,0.6615,0.2674,0.5325,0.1556,1783058.97,664898.07,8,0.6249,0.7713
CASH-03307,3,TUBOD,elevated_risk,3,324,0.6267,0.1947,0.0952,0.3212,0.6184,0.6301,0.5931,0.3358,2249963.19,819208.75,1,0.6057,0.7511
CASH-03308,1,LALA,prime_healthy,6,370,0.8585,0.1231,0.0184,0.1311,0.7981,0.2455,0.6641,0.1065,2547613.93,708345.33,9,0.6768,0.8976
CASH-03309,1,LALA,distressed,6,311,0.4979,0.2881,0.1828,0.4135,0.5042,0.7694,0.2145,0.3424,2231852.8,878249.33,12,0.55,0.7
CASH-03310,2,KAPATAGAN,moderate_stress,10,426,0.7138,0.2344,0.0518,0.3016,0.8668,0.4168,0.6349,0.45,3404890.52,2229154.63,12,0.7286,0.8041
CASH-03311,1,LALA,moderate_stress,9,319,0.7439,0.1024,0.061,0.2634,0.7519,0.7944,0.5234,0.1555,1589596.56,329749.45,7,0.7046,0.8689
CASH-03312,3,TUBOD,elevated_risk,6,197,0.6088,0.2825,0.1087,0.3925,0.726,0.69,0.4791,0.1879,1306452.78,683666.01,8,0.5976,0.7302
CASH-03313,2,KAPATAGAN,prime_healthy,12,155,0.8249,0.0607,0.0247,0.1061,0.9666,0.8064,0.722,0.4003,999209.79,156745.98,7,0.9524,0.9232
CASH-03314,1,LALA,distressed,9,422,0.3981,0.3,0.1676,0.3876,0.5356,0.5905,0.2747,0.2651,3461117.01,1305705.53,6,0.55,0.7
CASH-03315,1,LALA,prime_healthy,9,349,0.8034,0.1224,0.0742,0.1617,0.9966,0.5797,0.7076,0.297,1582988.76,200532.94,11,0.8226,0.836
CASH-03316,2,KAPATAGAN,moderate_stress,6,373,0.7288,0.1139,0.1031,0.2857,0.843,0.8665,0.8128,0.2345,2851956.21,1035115.42,9,0.668,0.8214
CASH-03317,3,TUBOD,prime_healthy,2,380,0.8353,0.1647,0.0,0.2349,0.9482,0.9074,0.7837,0.1015,1936239.08,936952.91,7,0.7906,0.8837
CASH-03318,2,KAPATAGAN,moderate_stress,11,486,0.6605,0.1446,0.0958,0.3251,0.9112,0.3617,0.6001,0.1534,2489096.38,1006519.73,6,0.833,0.7884
CASH-03319,3,TUBOD,prime_healthy,8,299,0.8273,0.1106,0.0537,0.1492,0.8672,0.4337,0.7664,0.1282,908007.35,191472.66,4,0.7587,0.8282
CASH-03320,3,TUBOD,elevated_risk,12,309,0.5969,0.2528,0.1396,0.2781,0.7858,0.1257,0.5258,0.3822,1562623.55,449841.69,11,0.7308,0.7
CASH-03321,3,TUBOD,prime_healthy,6,177,0.9075,0.0638,0.0,0.1832,0.847,0.2254,0.7482,0.2663,1216282.5,153754.58,4,0.81,0.9435
CASH-03322,3,TUBOD,prime_healthy,9,286,0.8117,0.1244,0.0639,0.1858,0.8299,0.1544,0.6919,0.1492,1407561.28,387528.35,4,0.7432,0.8049
CASH-03323,2,KAPATAGAN,distressed,7,349,0.3771,0.306,0.1693,0.2647,0.4834,0.4423,0.2108,0.1095,1682113.52,1342980.2,15,0.55,0.7
CASH-03324,1,LALA,elevated_risk,9,395,0.5945,0.2772,0.1282,0.2451,0.8061,0.1861,0.4073,0.45,1785160.62,1445108.44,4,0.6881,0.7
CASH-03325,1,LALA,distressed,8,591,0.3572,0.2619,0.12,0.3461,0.6299,0.7996,0.3175,0.1818,1968780.94,1576153.39,10,0.55,0.7
CASH-03326,3,TUBOD,prime_healthy,1,457,0.8106,0.0283,0.0,0.2236,0.8063,0.3771,0.9,0.45,1609015.53,46881.12,7,0.724,0.9494
CASH-03327,3,TUBOD,moderate_stress,5,289,0.7698,0.1303,0.0845,0.1973,0.7611,0.6169,0.4578,0.45,1341315.09,558235.64,5,0.7332,0.8023
CASH-03328,3,TUBOD,distressed,9,297,0.544,0.2711,0.185,0.3974,0.5329,0.737,0.2172,0.3297,1979691.29,553427.64,5,0.55,0.7
CASH-03329,1,LALA,prime_healthy,6,464,0.9245,0.0642,0.0,0.1544,0.9646,0.8835,0.7122,0.3029,2634108.96,421745.12,5,0.8327,0.9091
CASH-03330,3,TUBOD,elevated_risk,9,327,0.5993,0.1816,0.1455,0.3246,0.6314,0.3054,0.2473,0.1869,1478946.19,771071.51,6,0.6014,0.7
CASH-03331,2,KAPATAGAN,moderate_stress,11,278,0.6916,0.1621,0.0019,0.1915,0.8487,0.455,0.4646,0.3851,852964.82,174957.22,8,0.8309,0.8847
CASH-03332,2,KAPATAGAN,prime_healthy,7,428,0.8773,0.0681,0.0,0.139,0.8499,0.9027,0.74,0.2807,3422493.27,272919.75,10,0.7659,0.95
CASH-03333,3,TUBOD,elevated_risk,10,283,0.6416,0.2732,0.0851,0.3268,0.6115,0.2872,0.4807,0.3378,977651.34,352132.25,2,0.5839,0.749
CASH-03334,3,TUBOD,elevated_risk,10,256,0.5381,0.2559,0.1245,0.3701,0.6576,0.6482,0.2455,0.1119,2174371.71,858503.3,3,0.6022,0.7103
CASH-03335,2,KAPATAGAN,prime_healthy,8,238,0.8444,0.0703,0.0681,0.1384,0.8314,0.3472,0.7922,0.1174,1683131.2,161440.67,12,0.7655,0.8118
CASH-03336,3,TUBOD,moderate_stress,12,281,0.651,0.1377,0.1007,0.3153,0.7259,0.1458,0.7588,0.2948,2381678.79,428671.01,9,0.7546,0.7603
CASH-03337,3,TUBOD,moderate_stress,2,285,0.7244,0.1953,0.0802,0.2714,0.7486,0.7938,0.4948,0.286,762021.94,414803.42,5,0.6519,0.7678
CASH-03338,1,LALA,elevated_risk,7,305,0.5466,0.2832,0.1702,0.2588,0.6859,0.5055,0.5896,0.45,1311070.35,830703.57,4,0.55,0.7
CASH-03339,2,KAPATAGAN,prime_healthy,9,493,0.8189,0.1327,0.0,0.2157,1.0,0.586,0.6916,0.1649,2462225.37,1042741.36,3,0.8425,0.8988
CASH-03340,2,KAPATAGAN,moderate_stress,10,377,0.7421,0.1978,0.06,0.3026,0.7981,0.6991,0.6587,0.3097,2074016.87,1200646.22,9,0.646,0.802
CASH-03341,2,KAPATAGAN,distressed,10,530,0.4059,0.3426,0.1682,0.406,0.7018,0.7209,0.3574,0.4273,1505883.52,1164673.74,15,0.6008,0.7
CASH-03342,1,LALA,moderate_stress,12,493,0.7204,0.1859,0.0937,0.2427,0.7256,0.7494,0.5363,0.1106,3608779.48,1356394.77,16,0.7958,0.7748
CASH-03343,1,LALA,prime_healthy,9,325,0.7895,0.1051,0.0174,0.1373,0.97,0.8011,0.7038,0.153,2116217.33,569522.07,8,0.8528,0.9008
CASH-03344,3,TUBOD,moderate_stress,8,330,0.7622,0.181,0.0568,0.2965,0.8217,0.6581,0.5184,0.2493,1164466.14,404349.44,9,0.7063,0.8102
CASH-03345,3,TUBOD,moderate_stress,4,403,0.67,0.1957,0.076,0.195,0.8626,0.4306,0.6802,0.127,1950696.55,455214.42,5,0.8194,0.8143
CASH-03346,2,KAPATAGAN,prime_healthy,8,389,0.793,0.1139,0.0931,0.1918,0.9391,0.8107,0.6761,0.0823,1264635.91,375104.13,2,0.7599,0.7984
CASH-03347,2,KAPATAGAN,moderate_stress,4,264,0.7127,0.2067,0.0806,0.2193,0.8908,0.8024,0.6047,0.1348,1400842.53,887659.07,12,0.8232,0.7647
CASH-03348,3,TUBOD,moderate_stress,6,407,0.6694,0.1883,0.0447,0.2413,0.7788,0.8304,0.461,0.2486,2630629.88,649542.45,4,0.6976,0.8357
CASH-03349,2,KAPATAGAN,moderate_stress,5,231,0.6619,0.2391,0.0971,0.2031,0.8703,0.1389,0.5799,0.094,622132.02,336894.64,6,0.6986,0.7528
CASH-03350,2,KAPATAGAN,distressed,10,401,0.4743,0.335,0.1637,0.4318,0.5916,0.6874,0.1586,0.0455,2170132.47,2182408.57,6,0.55,0.7
CASH-03351,3,TUBOD,elevated_risk,7,350,0.6281,0.2379,0.134,0.4318,0.6487,0.8652,0.4904,0.2627,2030540.11,1045496.8,5,0.5694,0.7
CASH-03352,2,KAPATAGAN,moderate_stress,9,381,0.6234,0.1292,0.1058,0.285,0.7122,0.2888,0.6624,0.0957,2833795.67,469432.48,5,0.6882,0.7579
CASH-03353,1,LALA,distressed,9,390,0.5022,0.2695,0.1897,0.3193,0.5507,0.6993,0.1975,0.0906,2604408.02,2013289.58,12,0.55,0.7
CASH-03354,1,LALA,distressed,7,415,0.4687,0.2278,0.1395,0.3765,0.4203,0.343,0.2874,0.45,2943587.39,1169872.32,16,0.55,0.7
CASH-03355,2,KAPATAGAN,distressed,1,407,0.4612,0.3132,0.1684,0.3769,0.6223,0.2929,0.3362,0.45,1374888.06,1271229.37,13,0.55,0.7
CASH-03356,2,KAPATAGAN,prime_healthy,4,475,0.7034,0.1011,0.0,0.2236,0.9131,0.4738,0.9,0.1112,2054236.93,611377.61,11,0.8621,0.9195
CASH-03357,1,LALA,moderate_stress,10,271,0.7244,0.2008,0.0748,0.2333,0.8046,0.3172,0.754,0.0783,866746.7,339280.37,12,0.7398,0.7831
CASH-03358,2,KAPATAGAN,elevated_risk,12,348,0.6302,0.3108,0.059,0.37,0.7694,0.4289,0.3897,0.1134,939392.01,656258.96,9,0.7293,0.7269
CASH-03359,2,KAPATAGAN,distressed,1,406,0.4341,0.3847,0.1812,0.4499,0.5223,0.5647,0.2311,0.1533,2233545.33,1274710.97,5,0.55,0.7
CASH-03360,2,KAPATAGAN,elevated_risk,9,403,0.5922,0.2733,0.1218,0.2253,0.5656,0.7334,0.3331,0.45,1019410.96,396407.01,8,0.55,0.7
CASH-03361,3,TUBOD,moderate_stress,7,333,0.7273,0.1566,0.098,0.2508,0.7627,0.1312,0.3941,0.2818,2565410.22,799932.98,2,0.6775,0.7382
CASH-03362,3,TUBOD,moderate_stress,1,305,0.6857,0.1617,0.0279,0.2433,0.9053,0.1599,0.5185,0.1272,2575973.59,615695.57,8,0.7526,0.8358
CASH-03363,2,KAPATAGAN,moderate_stress,11,206,0.6715,0.1404,0.0907,0.2311,0.8508,0.7396,0.5748,0.45,916069.0,270212.4,10,0.8115,0.7849
CASH-03364,2,KAPATAGAN,moderate_stress,1,345,0.6682,0.24,0.0918,0.2756,0.7649,0.6398,0.5251,0.1519,2696751.39,1845895.57,10,0.6227,0.7671
CASH-03365,3,TUBOD,elevated_risk,5,203,0.5776,0.2827,0.1397,0.2702,0.5989,0.3167,0.5065,0.2719,1184397.28,343274.97,8,0.5946,0.7
CASH-03366,2,KAPATAGAN,moderate_stress,9,344,0.5874,0.1507,0.0578,0.2432,0.8355,0.652,0.6477,0.3753,2044007.55,700894.68,7,0.7309,0.8284
CASH-03367,3,TUBOD,prime_healthy,7,223,0.7182,0.1073,0.0351,0.2038,0.9392,0.3233,0.6691,0.1285,1569866.3,461691.64,4,0.8116,0.8859
CASH-03368,2,KAPATAGAN,moderate_stress,10,371,0.7928,0.1599,0.0473,0.1844,0.7167,0.2093,0.6067,0.1571,2018416.65,948965.68,7,0.7315,0.8111
CASH-03369,1,LALA,moderate_stress,11,521,0.7089,0.1507,0.1404,0.2514,0.8191,0.7995,0.5048,0.118,2164009.35,875671.48,11,0.7977,0.7026
CASH-03370,1,LALA,elevated_risk,9,498,0.5643,0.3048,0.1042,0.3145,0.7085,0.3831,0.2984,0.2308,1246251.43,1205493.28,10,0.6433,0.7
CASH-03371,2,KAPATAGAN,distressed,2,327,0.4333,0.3459,0.1409,0.4848,0.5932,0.3369,0.2378,0.1596,1188142.04,1048424.69,7,0.55,0.7
CASH-03372,3,TUBOD,prime_healthy,5,296,0.9481,0.0394,0.0126,0.1528,0.9582,0.7225,0.7395,0.1685,1740657.42,77470.64,7,0.8668,0.95
CASH-03373,3,TUBOD,prime_healthy,6,231,0.8246,0.1438,0.0,0.1839,1.0,0.8567,0.7359,0.297,1129420.33,439461.48,7,0.8297,0.9171
CASH-03374,1,LALA,elevated_risk,10,431,0.5938,0.2611,0.1135,0.3504,0.6978,0.677,0.4465,0.3894,1395137.26,412576.28,10,0.5842,0.7
CASH-03375,1,LALA,moderate_stress,11,349,0.6945,0.0863,0.0763,0.2029,0.9034,0.1827,0.5997,0.3952,922234.51,180993.37,13,0.851,0.8584
CASH-03376,1,LALA,prime_healthy,1,472,0.8501,0.1072,0.0327,0.0991,0.8419,0.505,0.719,0.1108,1984547.54,442054.22,14,0.7147,0.845
CASH-03377,1,LALA,distressed,6,547,0.4039,0.3308,0.1639,0.3344,0.5744,0.19,0.3103,0.077,3273634.27,2273565.39,8,0.55,0.7
CASH-03378,1,LALA,moderate_stress,7,468,0.767,0.1924,0.0406,0.2692,0.911,0.7308,0.6185,0.3768,3177001.79,1297117.09,8,0.7535,0.8363
CASH-03379,2,KAPATAGAN,moderate_stress,3,222,0.7252,0.185,0.0899,0.2867,0.7649,0.7547,0.4863,0.2872,565225.56,206876.63,9,0.653,0.7969
CASH-03380,3,TUBOD,distressed,4,297,0.4886,0.3303,0.1811,0.3681,0.5715,0.8886,0.2386,0.3718,2315323.29,2318318.36,7,0.55,0.7
CASH-03381,1,LALA,prime_healthy,11,303,0.8512,0.1121,0.0366,0.1579,0.8583,0.231,0.6461,0.2698,899482.89,225443.64,10,0.8513,0.8862
CASH-03382,1,LALA,elevated_risk,2,375,0.5951,0.1899,0.1244,0.4351,0.6037,0.804,0.317,0.1113,2835764.78,1072228.12,8,0.5699,0.7241
CASH-03383,1,LALA,moderate_stress,8,374,0.7292,0.1936,0.0772,0.3036,0.8224,0.2186,0.6627,0.1966,2823214.01,1409982.44,8,0.7356,0.7639
CASH-03384,3,TUBOD,moderate_stress,3,274,0.7005,0.1797,0.1198,0.2283,0.8574,0.2142,0.6383,0.2313,1799420.0,666444.87,15,0.7384,0.747
CASH-03385,1,LALA,prime_healthy,9,552,0.8751,0.1186,0.0062,0.1572,0.954,0.2403,0.8047,0.2531,4297746.26,922834.19,5,0.8224,0.8882
CASH-03386,3,TUBOD,moderate_stress,1,152,0.7892,0.1441,0.015,0.3666,0.7739,0.1303,0.6424,0.1279,838940.24,143026.75,7,0.6758,0.8485
CASH-03387,3,TUBOD,elevated_risk,6,292,0.5749,0.2523,0.0598,0.3057,0.7436,0.3748,0.3743,0.0447,1606413.05,833875.4,4,0.6477,0.781
CASH-03388,2,KAPATAGAN,moderate_stress,2,339,0.6192,0.2313,0.031,0.3073,0.7863,0.2439,0.571,0.3388,1650990.16,416294.88,13,0.6777,0.8058
CASH-03389,1,LALA,distressed,7,294,0.4643,0.356,0.1796,0.4627,0.5085,0.6007,0.2926,0.0648,2224167.76,2347863.93,13,0.55,0.7
CASH-03390,1,LALA,distressed,8,267,0.434,0.2656,0.1827,0.4476,0.5739,0.6769,0.4349,0.411,1469086.27,835687.11,11,0.55,0.7
CASH-03391,3,TUBOD,moderate_stress,2,229,0.6906,0.1354,0.1056,0.2259,0.8511,0.4237,0.3882,0.2785,1929429.18,446769.21,2,0.7398,0.7771
CASH-03392,1,LALA,prime_healthy,12,469,0.8089,0.01,0.0715,0.1747,0.9012,0.88,0.7524,0.0903,3376118.49,73983.75,7,0.9106,0.9058
CASH-03393,2,KAPATAGAN,moderate_stress,7,225,0.7364,0.1611,0.0907,0.1798,0.9265,0.6756,0.5155,0.2097,1507249.66,283780.59,4,0.7783,0.7898
CASH-03394,1,LALA,elevated_risk,1,489,0.5656,0.2708,0.0696,0.323,0.6907,0.7779,0.5288,0.0753,1382018.04,449340.04,17,0.5981,0.7579
CASH-03395,3,TUBOD,elevated_risk,9,288,0.6479,0.2509,0.0432,0.3351,0.5583,0.3846,0.5617,0.3161,1560207.25,1077474.36,4,0.5887,0.7885
CASH-03396,2,KAPATAGAN,prime_healthy,2,368,0.8057,0.1095,0.0,0.1753,0.9921,0.28,0.6676,0.3306,1388805.83,344430.39,10,0.8558,0.95
CASH-03397,3,TUBOD,prime_healthy,3,294,0.8124,0.1339,0.0537,0.0874,1.0,0.8768,0.7137,0.1575,852072.9,328852.49,0,0.8641,0.8277
CASH-03398,3,TUBOD,moderate_stress,10,259,0.6938,0.1585,0.0787,0.2052,0.8093,0.7706,0.6147,0.45,1024213.2,175207.18,6,0.7178,0.8261
CASH-03399,3,TUBOD,elevated_risk,1,197,0.6027,0.3015,0.0958,0.3283,0.6698,0.7889,0.3402,0.45,1331681.13,487114.44,6,0.55,0.7083
CASH-03400,3,TUBOD,elevated_risk,6,304,0.6092,0.2648,0.126,0.3302,0.7055,0.1061,0.4073,0.45,1587832.7,653665.94,9,0.5773,0.7
CASH-03401,1,LALA,moderate_stress,3,503,0.6981,0.2314,0.0705,0.2521,0.8017,0.3308,0.6291,0.1547,2277991.55,1034477.87,11,0.7096,0.7872
CASH-03402,1,LALA,moderate_stress,10,436,0.6783,0.2072,0.0849,0.2502,0.8769,0.2698,0.5828,0.3501,2139290.8,879033.13,10,0.7622,0.7735
CASH-03403,3,TUBOD,elevated_risk,7,270,0.492,0.2697,0.1653,0.239,0.7397,0.8566,0.3176,0.1109,1896698.52,1261851.95,2,0.5978,0.7
CASH-03404,2,KAPATAGAN,prime_healthy,10,431,0.8945,0.0772,0.0283,0.1353,0.8853,0.6056,0.7459,0.2485,3246357.75,469135.38,7,0.7955,0.9201
CASH-03405,3,TUBOD,prime_healthy,10,268,0.8187,0.0716,0.0561,0.1981,0.9524,0.5806,0.6752,0.3123,2166755.25,209912.74,9,0.8108,0.8519
CASH-03406,1,LALA,elevated_risk,12,286,0.5944,0.218,0.13,0.3227,0.7406,0.5143,0.3005,0.4417,2038621.35,1413888.66,10,0.7214,0.7
CASH-03407,3,TUBOD,elevated_risk,6,266,0.6271,0.2174,0.069,0.1748,0.7703,0.3359,0.3986,0.4414,1672777.85,939633.67,4,0.6404,0.779
CASH-03408,2,KAPATAGAN,prime_healthy,1,407,0.8457,0.1077,0.0022,0.1853,0.9014,0.3235,0.7535,0.0772,1711360.72,312833.93,5,0.8145,0.9449
CASH-03409,2,KAPATAGAN,moderate_stress,6,471,0.6323,0.1491,0.0549,0.2857,0.8155,0.405,0.6448,0.1323,2173253.21,994259.99,8,0.6914,0.8349
CASH-03410,1,LALA,elevated_risk,6,393,0.5933,0.2804,0.1263,0.3008,0.5938,0.6652,0.4359,0.0483,1990032.49,1249943.35,8,0.55,0.7
CASH-03411,2,KAPATAGAN,elevated_risk,4,285,0.6524,0.2348,0.1129,0.4021,0.6735,0.3717,0.4262,0.2762,1892532.94,1246117.86,12,0.6147,0.7087
CASH-03412,1,LALA,moderate_stress,12,501,0.6311,0.1477,0.0624,0.268,0.7201,0.7398,0.6373,0.2506,3774652.5,1130990.62,8,0.7383,0.7944
CASH-03413,1,LALA,prime_healthy,11,426,0.819,0.1116,0.0649,0.2981,0.7936,0.419,0.7041,0.2732,1676515.82,532987.21,9,0.8025,0.8072
CASH-03414,1,LALA,elevated_risk,7,541,0.5964,0.2683,0.0745,0.4064,0.4758,0.2568,0.4366,0.2708,1363895.76,575934.02,11,0.55,0.7587
CASH-03415,2,KAPATAGAN,prime_healthy,1,342,0.8159,0.048,0.0358,0.1792,0.9439,0.8503,0.7148,0.2485,1880093.62,147306.48,6,0.8001,0.9342
CASH-03416,2,KAPATAGAN,distressed,2,326,0.4053,0.3341,0.2294,0.4453,0.5667,0.4399,0.3886,0.1029,1664239.25,600268.75,11,0.55,0.7
CASH-03417,1,LALA,elevated_risk,4,385,0.5927,0.2788,0.1272,0.3691,0.7154,0.7788,0.4189,0.2194,3137354.01,1348138.6,14,0.6251,0.7
CASH-03418,3,TUBOD,moderate_stress,2,273,0.6069,0.2112,0.0613,0.3561,0.754,0.3682,0.6777,0.2437,890247.72,506320.36,10,0.6428,0.8031
CASH-03419,2,KAPATAGAN,moderate_stress,7,394,0.7053,0.2201,0.0746,0.2777,0.6363,0.4492,0.5093,0.1521,1121197.01,787904.58,10,0.5876,0.7854
CASH-03420,2,KAPATAGAN,distressed,3,325,0.5059,0.3521,0.1419,0.4415,0.4928,0.5633,0.3305,0.3658,1449286.56,1134482.84,6,0.55,0.7
CASH-03421,3,TUBOD,moderate_stress,5,368,0.6761,0.1536,0.0963,0.2568,0.8099,0.7727,0.7117,0.1685,2851436.1,478517.8,6,0.7237,0.7766
CASH-03422,3,TUBOD,elevated_risk,6,227,0.5751,0.2543,0.1294,0.3292,0.694,0.2771,0.3794,0.107,1658291.94,802200.87,8,0.5921,0.7
CASH-03423,1,LALA,prime_healthy,1,416,0.8087,0.1153,0.0079,0.1698,0.8925,0.3696,0.6501,0.2144,2077257.4,316706.55,11,0.7325,0.9184
CASH-03424,1,LALA,prime_healthy,2,438,0.7474,0.056,0.0534,0.2392,0.9386,0.9009,0.8452,0.0926,3107697.99,368616.33,12,0.8122,0.8729
CASH-03425,2,KAPATAGAN,prime_healthy,12,360,0.8701,0.0902,0.0126,0.1055,0.9974,0.8876,0.6598,0.1856,2472276.68,482065.44,8,0.9308,0.8783
CASH-03426,3,TUBOD,prime_healthy,2,293,0.8452,0.0599,0.012,0.1645,0.9462,0.1396,0.7048,0.2166,795414.81,119967.66,7,0.8265,0.9159
CASH-03427,1,LALA,prime_healthy,8,349,0.7729,0.1405,0.0681,0.1346,0.9164,0.3266,0.6248,0.3664,2786928.94,876348.41,8,0.8248,0.8107
CASH-03428,3,TUBOD,prime_healthy,1,359,0.8278,0.0699,0.0307,0.1743,0.8928,0.5459,0.7249,0.0434,2618894.68,354438.58,9,0.7992,0.8306
CASH-03429,1,LALA,elevated_risk,11,365,0.6544,0.2745,0.0711,0.3152,0.6715,0.2368,0.3295,0.1498,1379740.38,1151478.42,5,0.6802,0.7481
CASH-03430,3,TUBOD,moderate_stress,1,299,0.7334,0.1753,0.0579,0.2752,0.6624,0.3749,0.6316,0.2965,1038086.3,293492.51,4,0.6346,0.7973
CASH-03431,2,KAPATAGAN,prime_healthy,6,443,0.8606,0.0934,0.006,0.1557,0.9755,0.2558,0.7108,0.45,3076697.73,908220.22,14,0.7975,0.8953
CASH-03432,1,LALA,moderate_stress,5,523,0.6957,0.1471,0.0316,0.1912,0.7499,0.6115,0.5738,0.1531,2124488.05,633556.14,11,0.7477,0.8243
CASH-03433,1,LALA,moderate_stress,5,336,0.7393,0.1815,0.0599,0.156,0.8907,0.1363,0.5629,0.1542,1453590.24,752472.41,12,0.8071,0.8192
CASH-03434,1,LALA,moderate_stress,1,308,0.6147,0.1099,0.0484,0.2928,0.8406,0.2461,0.696,0.4493,2185391.12,739989.03,13,0.7241,0.8238
CASH-03435,1,LALA,moderate_stress,1,231,0.7835,0.1737,0.0243,0.2209,0.7767,0.6931,0.4738,0.284,1066822.82,242310.86,7,0.6986,0.8369
CASH-03436,3,TUBOD,moderate_stress,11,375,0.6883,0.1795,0.0502,0.2455,0.8658,0.7153,0.7108,0.1997,2801393.08,1084262.77,12,0.8587,0.7901
CASH-03437,3,TUBOD,elevated_risk,4,342,0.6223,0.2617,0.116,0.4464,0.7239,0.1798,0.3835,0.1076,2238770.39,1076815.42,11,0.6133,0.7
CASH-03438,1,LALA,elevated_risk,12,371,0.5058,0.2727,0.0765,0.2089,0.7248,0.6624,0.4085,0.4055,1724356.66,1337771.27,10,0.6972,0.771
CASH-03439,2,KAPATAGAN,moderate_stress,3,409,0.7085,0.1999,0.0,0.2437,0.7695,0.3576,0.7225,0.1438,1235966.53,695742.57,12,0.7412,0.8825
CASH-03440,2,KAPATAGAN,prime_healthy,1,326,0.7618,0.187,0.0303,0.2416,0.8633,0.2744,0.591,0.4187,1005954.78,495136.26,1,0.6954,0.8251
CASH-03441,3,TUBOD,moderate_stress,10,294,0.7222,0.2154,0.0624,0.1517,0.8682,0.3481,0.6943,0.3351,1572914.0,922774.16,0,0.7426,0.8063
CASH-03442,2,KAPATAGAN,moderate_stress,9,347,0.7267,0.2131,0.0603,0.2546,0.8022,0.773,0.4889,0.186,2091858.29,1034178.91,5,0.6819,0.7826
CASH-03443,1,LALA,moderate_stress,8,513,0.7367,0.1023,0.1023,0.2158,0.7722,0.4227,0.7444,0.268,3059652.25,552390.58,7,0.6951,0.8149
CASH-03444,2,KAPATAGAN,distressed,9,407,0.4693,0.2721,0.1756,0.4273,0.4973,0.8265,0.3772,0.1365,2191733.38,1437774.81,10,0.55,0.7
CASH-03445,3,TUBOD,moderate_stress,9,185,0.715,0.1831,0.1019,0.2688,0.7717,0.2552,0.4472,0.1888,487987.13,148271.49,9,0.6839,0.7522
CASH-03446,1,LALA,elevated_risk,7,512,0.5617,0.2792,0.1591,0.2998,0.695,0.7807,0.5317,0.45,1718329.2,543266.14,7,0.599,0.7
CASH-03447,1,LALA,prime_healthy,5,370,0.8325,0.1049,0.0625,0.1955,0.9941,0.6833,0.7129,0.3047,2883630.33,773341.15,11,0.8523,0.8252
CASH-03448,1,LALA,moderate_stress,8,107,0.6548,0.2132,0.1321,0.1782,0.6991,0.239,0.6853,0.4318,880875.48,305555.84,8,0.6256,0.7135
CASH-03449,1,LALA,moderate_stress,11,583,0.6616,0.19,0.046,0.2818,0.8106,0.168,0.5008,0.1546,2113601.06,512359.26,7,0.8198,0.8482
CASH-03450,2,KAPATAGAN,elevated_risk,1,445,0.5541,0.2194,0.0752,0.2997,0.5636,0.561,0.5163,0.1895,2225027.37,561384.93,9,0.55,0.7823
CASH-03451,1,LALA,elevated_risk,11,425,0.6254,0.2733,0.1013,0.3729,0.6503,0.3371,0.3536,0.45,2325184.36,1354183.33,8,0.5856,0.7051
CASH-03452,1,LALA,moderate_stress,4,266,0.7587,0.1862,0.0551,0.1857,0.7363,0.7696,0.5556,0.2461,1765405.7,879983.22,13,0.6907,0.765
CASH-03453,3,TUBOD,prime_healthy,7,267,0.7909,0.0802,0.0225,0.1922,0.9965,0.6871,0.7162,0.1872,746335.69,120405.65,9,0.862,0.8776
CASH-03454,3,TUBOD,prime_healthy,11,302,0.8666,0.0937,0.0249,0.1542,0.8863,0.7126,0.8482,0.2032,2188066.25,616019.14,11,0.8666,0.9161
CASH-03455,3,TUBOD,elevated_risk,10,327,0.5402,0.2647,0.1012,0.356,0.747,0.8995,0.4324,0.4308,2212913.09,1365041.01,3,0.6323,0.7336
CASH-03456,3,TUBOD,elevated_risk,8,382,0.5832,0.3111,0.0828,0.3775,0.5385,0.2716,0.3969,0.2214,2291874.49,1478846.35,4,0.55,0.7274
CASH-03457,1,LALA,distressed,5,547,0.35,0.3406,0.1653,0.3628,0.5307,0.675,0.3068,0.4367,2148154.14,1298849.84,13,0.55,0.7
CASH-03458,1,LALA,moderate_stress,12,373,0.7597,0.1755,0.0649,0.2296,0.8279,0.1664,0.6613,0.2402,1216911.26,333401.79,10,0.8531,0.8017
CASH-03459,2,KAPATAGAN,distressed,8,235,0.47,0.3318,0.1982,0.4322,0.4122,0.2712,0.385,0.2931,1290812.71,968491.82,7,0.55,0.7
CASH-03460,2,KAPATAGAN,prime_healthy,8,332,0.8026,0.0808,0.0,0.1924,0.9295,0.1816,0.6999,0.1757,890902.21,186022.05,3,0.8182,0.9197
CASH-03461,3,TUBOD,moderate_stress,5,440,0.7042,0.2174,0.0784,0.2281,0.9492,0.795,0.5499,0.45,1976703.01,682757.71,10,0.7792,0.7878
CASH-03462,2,KAPATAGAN,distressed,10,469,0.4887,0.335,0.143,0.4042,0.4684,0.2651,0.2362,0.2949,2975932.33,2332316.7,13,0.55,0.7
CASH-03463,3,TUBOD,distressed,5,250,0.4843,0.2645,0.1939,0.3887,0.6037,0.3558,0.3121,0.0627,1694692.32,689814.92,5,0.55,0.7
CASH-03464,1,LALA,prime_healthy,2,386,0.8079,0.063,0.0979,0.1748,0.9737,0.1943,0.7499,0.4146,1989789.37,295221.67,1,0.7877,0.8031
CASH-03465,1,LALA,moderate_stress,4,401,0.7007,0.2047,0.0345,0.3067,0.7624,0.162,0.5388,0.2929,2744314.19,1691979.25,4,0.7188,0.842
CASH-03466,3,TUBOD,distressed,9,200,0.4394,0.2725,0.1464,0.4326,0.5867,0.5548,0.1804,0.4185,573550.67,404487.24,7,0.55,0.7
CASH-03467,1,LALA,prime_healthy,10,409,0.7862,0.0497,0.0332,0.1481,0.9902,0.9033,0.6393,0.4373,1915805.94,207550.82,14,0.8195,0.9106
CASH-03468,1,LALA,prime_healthy,7,385,0.7953,0.0583,0.061,0.2076,1.0,0.712,0.7152,0.1014,1422252.98,169756.66,9,0.8471,0.8613
CASH-03469,3,TUBOD,prime_healthy,4,243,0.7729,0.1128,0.0086,0.1993,0.9284,0.7665,0.7792,0.188,1819621.6,217820.38,7,0.8429,0.9174
CASH-03470,1,LALA,distressed,2,390,0.3993,0.2989,0.1813,0.3982,0.6826,0.5443,0.3637,0.2711,1691701.01,1341861.15,13,0.5757,0.7
CASH-03471,3,TUBOD,moderate_stress,2,240,0.7152,0.1505,0.091,0.3631,0.8387,0.7196,0.6816,0.123,1946925.78,310950.44,6,0.6924,0.7674
CASH-03472,2,KAPATAGAN,moderate_stress,6,290,0.727,0.1843,0.0882,0.2926,0.7775,0.5878,0.5514,0.1745,1216993.85,500730.66,9,0.6529,0.7644
CASH-03473,1,LALA,elevated_risk,8,428,0.4973,0.2705,0.071,0.3745,0.5958,0.1799,0.4659,0.2532,2175048.56,645091.48,15,0.55,0.7395
CASH-03474,1,LALA,moderate_stress,7,269,0.774,0.136,0.0829,0.216,0.8877,0.5522,0.5155,0.4307,2200529.46,329258.63,9,0.7292,0.8057
CASH-03475,1,LALA,elevated_risk,3,464,0.5346,0.1767,0.148,0.2502,0.7595,0.6286,0.4074,0.1903,3793617.58,1128277.16,6,0.7245,0.7
CASH-03476,2,KAPATAGAN,moderate_stress,5,407,0.7838,0.1427,0.0735,0.3138,0.7539,0.4628,0.5033,0.2119,1455158.34,357599.1,11,0.6839,0.7968
CASH-03477,1,LALA,elevated_risk,1,484,0.659,0.2588,0.0822,0.3203,0.7325,0.8024,0.3676,0.148,1752697.52,1134503.48,11,0.6481,0.7363
CASH-03478,3,TUBOD,moderate_stress,1,240,0.7118,0.1937,0.0945,0.2865,0.8943,0.9056,0.6603,0.45,795762.71,454346.82,8,0.6746,0.7631
CASH-03479,2,KAPATAGAN,elevated_risk,7,420,0.636,0.2596,0.1044,0.3181,0.6894,0.8251,0.4791,0.2601,3383530.02,2585695.1,5,0.5984,0.7
CASH-03480,1,LALA,prime_healthy,2,517,0.7629,0.0828,0.0322,0.2632,0.8093,0.8947,0.6095,0.2623,3382492.17,812439.36,13,0.7016,0.8889
CASH-03481,2,KAPATAGAN,distressed,5,380,0.4258,0.3092,0.1809,0.3352,0.6067,0.8007,0.217,0.3124,2077857.88,873796.98,9,0.55,0.7
CASH-03482,3,TUBOD,moderate_stress,7,420,0.6722,0.2072,0.0667,0.231,0.9676,0.3021,0.5396,0.2467,1341800.84,298342.67,6,0.7886,0.7899
CASH-03483,2,KAPATAGAN,prime_healthy,12,334,0.841,0.1408,0.0116,0.1647,1.0,0.4256,0.8491,0.1903,1139141.3,188259.43,8,0.9777,0.8982
CASH-03484,3,TUBOD,moderate_stress,7,274,0.7469,0.1728,0.0803,0.1931,0.7514,0.8728,0.3419,0.1336,2051364.53,936771.82,5,0.6309,0.7402
CASH-03485,1,LALA,moderate_stress,4,230,0.616,0.1789,0.0629,0.2569,0.8328,0.67,0.549,0.3548,1626815.31,496163.96,8,0.7636,0.8132
CASH-03486,3,TUBOD,distressed,6,274,0.5501,0.294,0.156,0.3922,0.5315,0.6723,0.2691,0.2176,1621477.98,890373.16,7,0.55,0.7
CASH-03487,1,LALA,prime_healthy,1,444,0.875,0.0781,0.0227,0.1521,0.9503,0.9158,0.4999,0.3933,2407294.56,336945.54,6,0.8093,0.8715
CASH-03488,2,KAPATAGAN,distressed,12,255,0.4346,0.2602,0.1628,0.4004,0.5731,0.7088,0.3852,0.3718,1284417.86,467126.45,7,0.5815,0.7
CASH-03489,3,TUBOD,moderate_stress,2,257,0.7218,0.1773,0.076,0.3299,0.7247,0.6763,0.4845,0.0628,1339747.92,711812.19,14,0.66,0.7728
CASH-03490,2,KAPATAGAN,moderate_stress,8,364,0.764,0.1813,0.0546,0.1045,0.8221,0.5108,0.6122,0.1015,2901956.34,1321060.7,7,0.7475,0.8155
CASH-03491,3,TUBOD,elevated_risk,12,274,0.641,0.248,0.0964,0.2554,0.6612,0.6179,0.5142,0.3845,2226754.22,1578935.24,8,0.6538,0.7676
CASH-03492,1,LALA,elevated_risk,12,435,0.6292,0.2403,0.0916,0.361,0.6073,0.5233,0.4599,0.4093,2518938.69,1755457.15,10,0.6299,0.7588
CASH-03493,3,TUBOD,moderate_stress,2,327,0.7006,0.197,0.043,0.2461,0.803,0.6613,0.4996,0.0866,1391024.28,390473.9,3,0.6734,0.8495
CASH-03494,3,TUBOD,moderate_stress,10,305,0.6917,0.192,0.1035,0.2447,0.8597,0.4678,0.6536,0.1426,2052362.2,998173.86,7,0.7109,0.7467
CASH-03495,1,LALA,prime_healthy,9,417,0.8617,0.1053,0.033,0.1549,0.9748,0.906,0.6978,0.1473,1917450.89,558114.79,10,0.8354,0.8627
CASH-03496,2,KAPATAGAN,prime_healthy,12,350,0.8759,0.0977,0.0264,0.1002,0.8792,0.4801,0.6226,0.0902,1037434.37,168838.76,11,0.9099,0.8799
CASH-03497,3,TUBOD,prime_healthy,12,291,0.8277,0.0891,0.0405,0.1887,0.9162,0.9157,0.7366,0.1623,2019325.2,535210.38,11,0.8988,0.8506
CASH-03498,3,TUBOD,prime_healthy,3,259,0.8069,0.1396,0.0079,0.2684,0.9056,0.4375,0.7194,0.2329,2156270.33,842715.19,6,0.8273,0.8979
CASH-03499,2,KAPATAGAN,moderate_stress,8,386,0.5875,0.1436,0.0415,0.2201,0.686,0.2103,0.5754,0.3629,1760944.74,270171.46,9,0.6812,0.8651
CASH-03500,2,KAPATAGAN,prime_healthy,2,288,0.8185,0.0868,0.0596,0.2004,0.8349,0.4869,0.7756,0.2877,1503649.64,319843.48,8,0.7589,0.8566
CASH-03501,2,KAPATAGAN,prime_healthy,6,310,0.7242,0.1553,0.0494,0.1805,0.9173,0.3142,0.8246,0.2569,2206887.48,1016821.4,8,0.7836,0.8325
CASH-03502,1,LALA,prime_healthy,2,318,0.8594,0.055,0.0,0.1924,0.8404,0.8984,0.6694,0.103,994150.56,68040.44,8,0.7558,0.898
CASH-03503,1,LALA,prime_healthy,2,346,0.8605,0.0968,0.0376,0.0924,0.9533,0.4016,0.6694,0.1649,2377103.95,440165.11,9,0.812,0.8787
CASH-03504,2,KAPATAGAN,prime_healthy,2,410,0.9369,0.0326,0.0014,0.1402,0.8636,0.5177,0.6714,0.1764,2817374.5,114710.12,6,0.7577,0.9223
CASH-03505,3,TUBOD,prime_healthy,9,208,0.8413,0.0909,0.0678,0.2274,0.9856,0.2,0.6937,0.3267,1293424.63,321149.51,5,0.8086,0.8274
CASH-03506,2,KAPATAGAN,moderate_stress,12,234,0.7366,0.1554,0.0174,0.2365,0.822,0.7746,0.6103,0.1899,1820775.01,496659.77,10,0.8424,0.8804
CASH-03507,3,TUBOD,prime_healthy,3,376,0.7739,0.1059,0.0425,0.1459,0.7853,0.8094,0.8294,0.0821,1024127.49,207726.92,7,0.777,0.8672
CASH-03508,2,KAPATAGAN,distressed,9,335,0.4899,0.3422,0.1336,0.4401,0.4313,0.7814,0.2303,0.2602,928607.29,342851.71,8,0.55,0.7
CASH-03509,3,TUBOD,moderate_stress,12,226,0.6711,0.2085,0.1204,0.2837,0.7508,0.7321,0.5176,0.1826,1048007.56,667351.16,10,0.7832,0.7231
CASH-03510,3,TUBOD,moderate_stress,5,215,0.6332,0.2215,0.0796,0.1881,0.8732,0.3713,0.4045,0.1689,1707485.57,1070558.34,6,0.7342,0.7733
CASH-03511,2,KAPATAGAN,distressed,12,450,0.4381,0.3065,0.2554,0.3689,0.5918,0.7132,0.1685,0.2472,2999823.39,1985146.99,15,0.55,0.7
CASH-03512,2,KAPATAGAN,moderate_stress,11,383,0.7,0.1738,0.0776,0.2268,0.6518,0.3109,0.5308,0.1723,2743670.18,510579.97,7,0.7077,0.8021
CASH-03513,2,KAPATAGAN,prime_healthy,5,261,0.8312,0.0867,0.008,0.136,0.9343,0.2942,0.817,0.0668,1547116.43,399433.44,7,0.8303,0.9333
CASH-03514,1,LALA,prime_healthy,1,399,0.8095,0.0264,0.0,0.1875,0.9583,0.7201,0.6452,0.2359,1898522.7,158172.41,2,0.8612,0.9425
CASH-03515,2,KAPATAGAN,prime_healthy,12,551,0.8018,0.1383,0.017,0.1512,0.8981,0.8944,0.6548,0.2447,2034608.53,660327.38,8,0.8391,0.8425
CASH-03516,2,KAPATAGAN,distressed,5,362,0.5179,0.2833,0.1988,0.407,0.5705,0.5058,0.2158,0.1961,985642.53,592493.11,5,0.55,0.7
CASH-03517,1,LALA,elevated_risk,7,477,0.5953,0.2542,0.1325,0.3224,0.5932,0.5938,0.4168,0.2342,1247529.41,516666.62,2,0.55,0.7
CASH-03518,3,TUBOD,elevated_risk,3,403,0.568,0.2406,0.1243,0.2902,0.6254,0.6551,0.3006,0.3885,1917547.36,1208646.92,6,0.5766,0.7339
CASH-03519,3,TUBOD,elevated_risk,6,281,0.6922,0.2311,0.0765,0.4005,0.6826,0.1877,0.4266,0.2922,1106162.6,566223.56,9,0.5902,0.7545
CASH-03520,1,LALA,moderate_stress,3,370,0.656,0.1803,0.0316,0.2552,0.8213,0.4064,0.5075,0.2665,2238244.08,1160325.76,10,0.7396,0.8436
CASH-03521,3,TUBOD,distressed,10,287,0.5238,0.2623,0.2022,0.28,0.4673,0.2017,0.353,0.1734,1898016.67,876944.72,7,0.55,0.7
CASH-03522,3,TUBOD,elevated_risk,12,173,0.5639,0.2663,0.0991,0.3483,0.6862,0.4056,0.4719,0.45,818992.56,458741.19,8,0.6747,0.7155
CASH-03523,3,TUBOD,moderate_stress,1,190,0.738,0.1882,0.0738,0.171,0.8287,0.2356,0.559,0.272,1578930.03,523435.24,4,0.7206,0.7852
CASH-03524,2,KAPATAGAN,moderate_stress,12,399,0.6669,0.2101,0.079,0.2845,0.8385,0.2374,0.5356,0.4121,2102055.22,765089.88,10,0.7675,0.7288
CASH-03525,1,LALA,prime_healthy,3,526,0.8616,0.1227,0.0158,0.2402,1.0,0.2429,0.6519,0.1539,3269030.63,1277698.71,8,0.9263,0.877
CASH-03526,3,TUBOD,elevated_risk,2,189,0.5669,0.2802,0.1529,0.3383,0.6351,0.8713,0.412,0.2969,730368.63,474601.87,9,0.5524,0.7
CASH-03527,3,TUBOD,prime_healthy,9,349,0.8549,0.0906,0.0421,0.2165,0.9942,0.6234,0.731,0.1045,1939805.53,367458.0,6,0.8583,0.8604
CASH-03528,2,KAPATAGAN,prime_healthy,10,469,0.8539,0.0894,0.0567,0.0644,1.0,0.2891,0.7691,0.142,3227671.28,790154.6,9,0.8786,0.8855
CASH-03529,3,TUBOD,elevated_risk,7,379,0.6152,0.2939,0.0887,0.3082,0.6895,0.5232,0.3425,0.45,2088750.93,915026.09,3,0.5808,0.7295
CASH-03530,2,KAPATAGAN,prime_healthy,1,340,0.7745,0.0571,0.0398,0.1255,0.9537,0.8561,0.7066,0.1311,1498514.44,237078.88,7,0.8283,0.8968
CASH-03531,2,KAPATAGAN,prime_healthy,8,308,0.8417,0.1133,0.0276,0.2098,0.9581,0.6854,0.7763,0.45,788660.55,215428.01,8,0.8265,0.8848
CASH-03532,2,KAPATAGAN,moderate_stress,12,354,0.6869,0.1417,0.0896,0.1783,0.8304,0.3309,0.5662,0.2169,1076061.33,351554.49,13,0.8268,0.7705
CASH-03533,3,TUBOD,prime_healthy,6,398,0.8988,0.0819,0.0193,0.2012,0.9805,0.5482,0.7428,0.3155,3338659.8,672244.15,8,0.7775,0.8925
CASH-03534,3,TUBOD,moderate_stress,3,311,0.6735,0.1081,0.0673,0.1851,0.8295,0.1045,0.6987,0.2054,810324.53,117621.96,7,0.7297,0.8352
CASH-03535,3,TUBOD,prime_healthy,12,285,0.7936,0.0733,0.0,0.1684,1.0,0.5814,0.7581,0.2044,1307875.0,286463.85,8,0.9961,0.93
CASH-03536,1,LALA,moderate_stress,6,384,0.7226,0.2191,0.0584,0.2502,0.8225,0.9047,0.5788,0.4016,2015005.72,462357.56,7,0.6814,0.8196
CASH-03537,1,LALA,elevated_risk,10,517,0.642,0.2826,0.0606,0.3469,0.6884,0.7573,0.4592,0.0515,2785638.83,2124837.6,14,0.6562,0.7698
CASH-03538,1,LALA,moderate_stress,2,476,0.67,0.1985,0.1315,0.2694,0.8205,0.909,0.793,0.138,1493170.04,406803.46,8,0.6898,0.7397
CASH-03539,3,TUBOD,moderate_stress,9,176,0.6374,0.1669,0.094,0.2563,0.7885,0.2909,0.6253,0.45,1188309.76,377962.64,2,0.6959,0.782
CASH-03540,1,LALA,distressed,6,515,0.5042,0.341,0.1548,0.3137,0.49,0.1676,0.2328,0.3428,2933151.16,2853395.56,4,0.55,0.7
CASH-03541,1,LALA,moderate_stress,5,352,0.6789,0.1791,0.142,0.1702,0.7234,0.5725,0.5176,0.3787,2336763.31,767075.17,7,0.6625,0.7349
CASH-03542,3,TUBOD,distressed,2,294,0.4727,0.2693,0.1603,0.4307,0.5474,0.4825,0.3095,0.3954,1529325.18,1051892.53,6,0.55,0.7
CASH-03543,3,TUBOD,moderate_stress,2,180,0.6771,0.2336,0.0357,0.2275,0.7923,0.3253,0.7077,0.2347,657556.82,372957.64,6,0.7144,0.8005
CASH-03544,2,KAPATAGAN,prime_healthy,7,233,0.9013,0.0905,0.0083,0.1763,0.985,0.4473,0.6783,0.0665,1565003.01,381992.85,5,0.8605,0.92
CASH-03545,3,TUBOD,moderate_stress,1,376,0.6384,0.155,0.0867,0.1869,0.8993,0.5216,0.6157,0.45,1348239.1,303530.83,9,0.705,0.7826
CASH-03546,3,TUBOD,elevated_risk,2,226,0.4896,0.288,0.1258,0.3956,0.7169,0.1658,0.3106,0.1792,1621819.14,612636.15,5,0.5592,0.7
CASH-03547,2,KAPATAGAN,distressed,3,330,0.4342,0.3087,0.2263,0.4033,0.4921,0.7856,0.2574,0.3483,947477.21,869372.09,8,0.55,0.7
CASH-03548,3,TUBOD,prime_healthy,9,142,0.7926,0.2027,0.0047,0.1371,0.869,0.8383,0.6759,0.45,985837.85,280857.18,3,0.755,0.8637
CASH-03549,1,LALA,prime_healthy,5,493,0.8795,0.0624,0.0162,0.1331,0.8495,0.2196,0.6599,0.2725,3130704.65,518529.04,1,0.754,0.9178
CASH-03550,1,LALA,elevated_risk,8,602,0.5836,0.2452,0.0967,0.3383,0.5346,0.1325,0.3981,0.2048,2453345.03,1733674.48,10,0.5586,0.7
CASH-03551,3,TUBOD,distressed,6,328,0.5452,0.3438,0.1109,0.3932,0.5,0.6778,0.2122,0.225,1015388.32,997633.04,2,0.55,0.7
CASH-03552,1,LALA,moderate_stress,12,243,0.6576,0.1533,0.0792,0.2748,0.7426,0.6944,0.4798,0.2562,1751718.03,445662.48,11,0.7816,0.7692
CASH-03553,1,LALA,distressed,9,401,0.4564,0.2236,0.196,0.4927,0.5643,0.1878,0.4325,0.1837,3354299.47,1681514.12,11,0.55,0.7
CASH-03554,2,KAPATAGAN,distressed,10,475,0.4475,0.3586,0.171,0.4594,0.5072,0.7029,0.2442,0.2512,3025150.81,1841798.46,8,0.55,0.7
CASH-03555,3,TUBOD,elevated_risk,4,193,0.6551,0.2246,0.1203,0.3393,0.7284,0.232,0.4248,0.2312,799496.19,516416.56,4,0.6294,0.7
CASH-03556,1,LALA,prime_healthy,10,641,0.828,0.1089,0.0566,0.2144,0.9519,0.5381,0.7311,0.4306,3694402.11,902786.86,7,0.7793,0.8689
CASH-03557,2,KAPATAGAN,prime_healthy,3,376,0.787,0.1312,0.0818,0.0981,0.9542,0.1746,0.8789,0.1519,1431274.46,283799.15,9,0.8561,0.8348
CASH-03558,2,KAPATAGAN,moderate_stress,6,275,0.7147,0.2091,0.0252,0.0818,0.7788,0.1337,0.5785,0.4496,1132272.37,739557.82,5,0.6511,0.8378
CASH-03559,1,LALA,moderate_stress,2,372,0.6498,0.2527,0.0888,0.2563,0.816,0.3931,0.4891,0.3727,1471869.62,678550.51,8,0.65,0.7272
CASH-03560,2,KAPATAGAN,moderate_stress,5,293,0.6595,0.217,0.0203,0.1935,0.8327,0.6634,0.792,0.0969,976546.94,319108.35,14,0.7486,0.8992
CASH-03561,2,KAPATAGAN,moderate_stress,9,387,0.6921,0.2353,0.0726,0.2491,0.7253,0.1476,0.63,0.2586,1149167.46,569362.09,7,0.6348,0.7912
CASH-03562,3,TUBOD,elevated_risk,4,319,0.6355,0.2437,0.1208,0.2647,0.6577,0.5546,0.3329,0.207,1474300.95,574347.34,6,0.6202,0.7
CASH-03563,2,KAPATAGAN,prime_healthy,5,496,0.8222,0.1164,0.0472,0.1781,0.8966,0.1666,0.6348,0.0619,3280393.65,798859.72,13,0.7921,0.8544
CASH-03564,3,TUBOD,moderate_stress,11,324,0.6825,0.1621,0.1012,0.2455,0.8347,0.5612,0.5175,0.1054,1944858.2,824383.1,8,0.7335,0.7696
CASH-03565,3,TUBOD,moderate_stress,8,211,0.7548,0.1561,0.0891,0.2348,0.84,0.7184,0.5636,0.0334,961067.47,343425.5,6,0.7259,0.7357
CASH-03566,3,TUBOD,distressed,12,301,0.4623,0.3141,0.1712,0.3458,0.4485,0.3371,0.3243,0.1226,1651473.58,531661.81,9,0.55,0.7
CASH-03567,1,LALA,moderate_stress,5,485,0.7024,0.2532,0.0444,0.2735,0.8053,0.436,0.6422,0.3013,2738839.96,1411184.06,12,0.7426,0.7982
CASH-03568,3,TUBOD,distressed,3,235,0.4928,0.358,0.1492,0.3978,0.7233,0.5253,0.4118,0.2735,1572853.41,1009282.69,6,0.55,0.7
CASH-03569,2,KAPATAGAN,elevated_risk,4,346,0.5978,0.2368,0.1654,0.3019,0.5247,0.3519,0.4145,0.1965,2733190.17,1005207.59,9,0.55,0.7
CASH-03570,1,LALA,prime_healthy,8,300,0.8588,0.1037,0.0375,0.2096,0.8232,0.2601,0.7409,0.1965,1256559.02,217392.48,3,0.7265,0.8909
CASH-03571,3,TUBOD,prime_healthy,1,421,0.8272,0.0623,0.0293,0.2294,0.9054,0.4579,0.8788,0.1993,3515862.54,657011.62,3,0.7889,0.8752
CASH-03572,3,TUBOD,prime_healthy,9,343,0.8235,0.0837,0.0,0.1092,0.9116,0.4107,0.582,0.4244,2466492.56,609753.84,10,0.7997,0.9465
CASH-03573,1,LALA,prime_healthy,4,418,0.7949,0.0999,0.0095,0.2223,0.7942,0.1561,0.6808,0.3608,1577817.7,312704.92,16,0.7313,0.9244
CASH-03574,1,LALA,moderate_stress,5,208,0.7293,0.2217,0.0317,0.1716,0.7531,0.5413,0.557,0.0849,1517540.06,449741.64,6,0.7497,0.8541
CASH-03575,3,TUBOD,prime_healthy,1,316,0.724,0.1218,0.0723,0.2005,0.9081,0.4087,0.8447,0.0509,2319718.82,373981.6,8,0.7645,0.7903
CASH-03576,2,KAPATAGAN,moderate_stress,2,384,0.7896,0.1146,0.0958,0.2717,0.7087,0.5906,0.4656,0.1078,1305906.38,257928.09,8,0.6764,0.824
CASH-03577,1,LALA,prime_healthy,7,416,0.8228,0.1222,0.0228,0.0926,0.9991,0.6064,0.5156,0.1981,2001058.66,311314.94,8,0.8551,0.8562
CASH-03578,1,LALA,distressed,12,425,0.4356,0.3646,0.1998,0.4589,0.5998,0.5054,0.2539,0.0801,3586248.72,3495209.53,4,0.609,0.7
CASH-03579,3,TUBOD,elevated_risk,9,270,0.6382,0.216,0.1418,0.3678,0.665,0.1794,0.4756,0.022,2271729.95,809804.27,2,0.5953,0.7
CASH-03580,1,LALA,distressed,5,318,0.4431,0.2759,0.1395,0.3276,0.4739,0.7841,0.2955,0.2849,1687552.8,1339536.57,11,0.55,0.7
CASH-03581,2,KAPATAGAN,moderate_stress,11,411,0.6648,0.24,0.0633,0.21,0.7657,0.7446,0.4696,0.3824,3316675.72,2539883.9,11,0.7428,0.7825
CASH-03582,3,TUBOD,moderate_stress,3,386,0.702,0.2202,0.0538,0.2025,0.785,0.4946,0.5363,0.0746,1429168.52,917972.64,3,0.7319,0.8233
CASH-03583,3,TUBOD,prime_healthy,11,345,0.8616,0.0793,0.0592,0.1626,0.9067,0.1993,0.9,0.0823,2295492.19,276953.0,8,0.8924,0.8571
CASH-03584,2,KAPATAGAN,moderate_stress,9,526,0.6711,0.1834,0.0448,0.2258,0.8198,0.1713,0.5276,0.1524,3387719.93,1766684.78,9,0.7214,0.8144
CASH-03585,2,KAPATAGAN,elevated_risk,8,451,0.4914,0.3395,0.1047,0.3764,0.6352,0.3294,0.3219,0.1541,3519821.42,3296060.71,8,0.55,0.7
CASH-03586,2,KAPATAGAN,moderate_stress,5,379,0.7162,0.1971,0.0867,0.3074,0.7394,0.4797,0.5853,0.1951,1414623.21,312222.21,3,0.7302,0.8032
CASH-03587,1,LALA,prime_healthy,7,483,0.8313,0.1352,0.0335,0.2279,0.9938,0.5348,0.6883,0.2084,2951727.96,718057.12,1,0.8466,0.8607
CASH-03588,3,TUBOD,elevated_risk,5,291,0.5389,0.2185,0.1185,0.4047,0.6201,0.7724,0.2848,0.2184,1994485.06,1125769.28,10,0.5993,0.7
CASH-03589,3,TUBOD,distressed,3,214,0.5283,0.3158,0.1494,0.3843,0.5659,0.7128,0.3384,0.249,976887.44,563329.89,7,0.55,0.7
CASH-03590,2,KAPATAGAN,prime_healthy,5,544,0.8369,0.0917,0.0353,0.2247,0.9038,0.5113,0.7358,0.3751,3316402.03,732968.56,6,0.8159,0.872
CASH-03591,3,TUBOD,prime_healthy,8,251,0.8385,0.1615,0.0,0.1333,0.8897,0.695,0.786,0.3633,731309.97,287489.59,4,0.7481,0.8873
CASH-03592,2,KAPATAGAN,prime_healthy,2,515,0.7877,0.1415,0.0708,0.1599,0.958,0.4027,0.7956,0.269,2665487.0,619997.75,5,0.7623,0.8141
CASH-03593,3,TUBOD,moderate_stress,2,192,0.5303,0.1796,0.0629,0.2248,0.8138,0.5511,0.5994,0.1374,723957.49,130823.31,8,0.6781,0.7949
CASH-03594,1,LALA,distressed,10,418,0.4296,0.2882,0.1615,0.4086,0.5197,0.8273,0.3463,0.3429,2452223.43,1331136.36,11,0.55,0.7
CASH-03595,2,KAPATAGAN,prime_healthy,5,384,0.816,0.1004,0.0605,0.1672,0.9215,0.5611,0.7104,0.1883,1068111.02,301690.65,10,0.8362,0.8432
CASH-03596,2,KAPATAGAN,moderate_stress,7,302,0.7154,0.2298,0.0548,0.2567,0.8496,0.364,0.6121,0.288,2369555.74,1613178.6,7,0.7239,0.8029
CASH-03597,2,KAPATAGAN,elevated_risk,10,350,0.5376,0.285,0.1383,0.3056,0.6018,0.144,0.5414,0.45,2476106.14,1786746.69,7,0.573,0.7014
CASH-03598,3,TUBOD,prime_healthy,12,234,0.8034,0.1111,0.0401,0.0686,0.9397,0.8417,0.7032,0.3957,1941637.2,632879.13,3,0.9149,0.8835
CASH-03599,1,LALA,distressed,1,413,0.4391,0.3522,0.2033,0.4286,0.5673,0.7834,0.3608,0.2526,2744025.37,2634428.41,3,0.55,0.7
CASH-03600,2,KAPATAGAN,elevated_risk,8,443,0.4638,0.3006,0.1029,0.2294,0.7217,0.4797,0.4801,0.1966,2638840.98,1672289.62,11,0.55,0.7109
CASH-03601,3,TUBOD,moderate_stress,6,260,0.6887,0.1621,0.0715,0.2826,0.7955,0.8588,0.5938,0.3634,1267073.39,554523.13,7,0.6827,0.8293
CASH-03602,1,LALA,prime_healthy,12,471,0.7108,0.0899,0.0129,0.1979,0.8248,0.7794,0.7954,0.3198,3527894.4,672913.48,6,0.819,0.8903
CASH-03603,3,TUBOD,prime_healthy,1,246,0.8425,0.0344,0.0553,0.1358,0.8467,0.8405,0.5413,0.2826,1772768.84,133504.85,7,0.7753,0.9017
CASH-03604,2,KAPATAGAN,prime_healthy,9,219,0.8288,0.0594,0.0,0.1149,0.8792,0.6418,0.7008,0.1469,1841033.76,245977.47,12,0.8589,0.9284
CASH-03605,1,LALA,moderate_stress,10,483,0.7268,0.1988,0.0744,0.2924,0.8186,0.5128,0.6054,0.3908,1433833.34,310469.33,11,0.7247,0.7891
CASH-03606,1,LALA,prime_healthy,6,238,0.8637,0.1021,0.0282,0.1478,0.9005,0.7437,0.5441,0.2433,976683.43,300559.73,6,0.7538,0.8865
CASH-03607,3,TUBOD,distressed,1,255,0.3504,0.34,0.1589,0.4313,0.5445,0.49,0.2636,0.3273,1095177.91,667567.79,5,0.55,0.7
CASH-03608,3,TUBOD,moderate_stress,5,252,0.7015,0.1547,0.0031,0.2718,0.8914,0.5561,0.6326,0.1631,1291795.82,548686.73,8,0.8304,0.9038
CASH-03609,2,KAPATAGAN,prime_healthy,6,291,0.8269,0.1216,0.0515,0.2463,0.912,0.6089,0.7796,0.2193,1756014.07,492675.03,4,0.751,0.8563
CASH-03610,3,TUBOD,moderate_stress,7,397,0.7041,0.2207,0.0752,0.191,0.8168,0.2415,0.6352,0.0852,1425971.61,682179.72,7,0.7312,0.7926
CASH-03611,2,KAPATAGAN,moderate_stress,1,344,0.7181,0.1884,0.0464,0.1748,0.8071,0.8158,0.4863,0.2371,1909941.52,989407.14,10,0.6547,0.817
CASH-03612,3,TUBOD,moderate_stress,5,306,0.646,0.1334,0.0732,0.2094,0.8747,0.7688,0.5799,0.2641,2006294.62,669757.29,8,0.7549,0.7747
CASH-03613,2,KAPATAGAN,distressed,8,549,0.4286,0.2546,0.1471,0.4585,0.5964,0.3006,0.4133,0.0798,3815236.62,2975980.87,5,0.55,0.7
CASH-03614,2,KAPATAGAN,moderate_stress,3,322,0.7156,0.16,0.0706,0.2696,0.7446,0.196,0.4999,0.2365,1757656.34,296903.23,6,0.7133,0.7727
CASH-03615,2,KAPATAGAN,elevated_risk,12,388,0.6354,0.2154,0.1445,0.383,0.7694,0.3459,0.4525,0.154,3131907.05,937897.03,10,0.6924,0.7
CASH-03616,2,KAPATAGAN,moderate_stress,2,492,0.6903,0.2043,0.1054,0.2805,0.8202,0.2176,0.5523,0.45,1729787.16,884155.75,11,0.6338,0.7509
CASH-03617,1,LALA,prime_healthy,6,413,0.8371,0.1021,0.0,0.2675,0.8386,0.8452,0.845,0.45,1483387.62,346856.86,11,0.7353,0.922
CASH-03618,2,KAPATAGAN,moderate_stress,5,300,0.6506,0.1767,0.0869,0.1357,0.9447,0.7471,0.4213,0.1332,1008516.59,406319.44,12,0.8105,0.7707
CASH-03619,3,TUBOD,prime_healthy,1,290,0.8098,0.1069,0.0833,0.1635,0.9174,0.7149,0.698,0.4274,1881743.72,261409.24,0,0.7583,0.8455
CASH-03620,1,LALA,moderate_stress,7,351,0.7825,0.1469,0.0545,0.2349,0.8063,0.8863,0.5448,0.3938,2451454.21,806814.6,5,0.6558,0.831
CASH-03621,2,KAPATAGAN,moderate_stress,7,480,0.6249,0.2119,0.1073,0.1977,0.8513,0.534,0.5963,0.0883,3314503.09,984755.28,2,0.6792,0.7171
CASH-03622,1,LALA,prime_healthy,8,397,0.7965,0.1549,0.0453,0.2003,0.9216,0.7019,0.7505,0.1059,2619047.81,896538.23,9,0.7711,0.8481
CASH-03623,2,KAPATAGAN,elevated_risk,7,446,0.6761,0.2559,0.068,0.2812,0.6657,0.7355,0.351,0.2879,1480288.34,1124172.08,5,0.57,0.7642
CASH-03624,2,KAPATAGAN,elevated_risk,3,161,0.5069,0.2341,0.1182,0.301,0.5549,0.6929,0.489,0.3087,1174140.07,668416.32,6,0.5718,0.7584
CASH-03625,1,LALA,moderate_stress,12,344,0.6892,0.2256,0.064,0.2252,0.8045,0.1776,0.483,0.2298,1297162.19,907235.07,9,0.787,0.7896
CASH-03626,3,TUBOD,prime_healthy,10,218,0.776,0.063,0.0336,0.2685,0.9701,0.4349,0.8843,0.2872,1236640.03,96282.94,11,0.8526,0.9281
CASH-03627,1,LALA,distressed,2,258,0.4359,0.3578,0.2033,0.3848,0.5659,0.4212,0.2833,0.1537,971077.61,911215.51,7,0.55,0.7
CASH-03628,3,TUBOD,distressed,5,344,0.4999,0.3163,0.1757,0.4477,0.559,0.2269,0.1942,0.2192,2309511.22,779399.53,8,0.55,0.7
CASH-03629,3,TUBOD,moderate_stress,10,326,0.6873,0.2086,0.104,0.2293,0.7682,0.1734,0.5747,0.2827,926507.06,433096.93,8,0.6807,0.7366
CASH-03630,1,LALA,prime_healthy,6,321,0.8603,0.1091,0.0306,0.2309,0.9697,0.3936,0.7011,0.1066,1019231.15,280271.43,2,0.8352,0.902
CASH-03631,3,TUBOD,distressed,9,376,0.4978,0.2419,0.1319,0.3639,0.566,0.9077,0.2971,0.0513,1686494.95,1256896.78,12,0.55,0.7
CASH-03632,2,KAPATAGAN,elevated_risk,10,411,0.6247,0.2454,0.1299,0.3057,0.6875,0.7723,0.3823,0.217,3469836.56,1958850.81,7,0.5994,0.7202
CASH-03633,3,TUBOD,moderate_stress,3,318,0.7315,0.1617,0.0687,0.316,0.8342,0.3005,0.7599,0.1842,2180429.51,693406.07,7,0.7186,0.8036
CASH-03634,3,TUBOD,elevated_risk,8,343,0.6543,0.262,0.082,0.2975,0.5913,0.7518,0.452,0.0901,2756532.52,992601.4,1,0.6027,0.7586
CASH-03635,2,KAPATAGAN,moderate_stress,1,510,0.6723,0.1729,0.0518,0.2593,0.8763,0.2234,0.5556,0.2037,3058408.31,710035.3,10,0.7006,0.8158
CASH-03636,1,LALA,elevated_risk,7,421,0.5835,0.2415,0.1144,0.2926,0.6819,0.4229,0.4858,0.1586,2633526.91,1691531.68,14,0.6173,0.7352
CASH-03637,3,TUBOD,moderate_stress,2,237,0.6608,0.2141,0.0971,0.3026,0.8393,0.6412,0.5372,0.4022,1013319.58,224550.97,2,0.6548,0.7539
CASH-03638,2,KAPATAGAN,elevated_risk,2,242,0.6141,0.2775,0.0602,0.3514,0.6243,0.8375,0.5293,0.0969,1638879.55,782674.08,9,0.5676,0.7739
CASH-03639,1,LALA,moderate_stress,6,195,0.6899,0.1702,0.0429,0.1801,0.7799,0.1867,0.6452,0.1507,1242244.33,301570.21,6,0.7082,0.8303
CASH-03640,3,TUBOD,prime_healthy,5,311,0.8239,0.1392,0.0369,0.1596,1.0,0.8917,0.7416,0.4192,2147115.2,576244.0,6,0.8646,0.8584
CASH-03641,1,LALA,moderate_stress,6,351,0.783,0.1232,0.0088,0.1698,0.7687,0.3099,0.5225,0.1335,2360044.27,562224.52,11,0.7124,0.8362
CASH-03642,1,LALA,moderate_stress,2,339,0.7884,0.1661,0.0455,0.2293,0.8396,0.5568,0.5258,0.3469,2265340.72,551076.7,13,0.7159,0.8153
CASH-03643,3,TUBOD,moderate_stress,10,399,0.5339,0.2182,0.048,0.3191,0.7745,0.9192,0.635,0.3668,2319157.83,690571.6,8,0.6481,0.8215
CASH-03644,2,KAPATAGAN,distressed,5,306,0.4005,0.2827,0.2236,0.5241,0.4927,0.1595,0.3293,0.1875,1320109.74,1163589.78,9,0.55,0.7
CASH-03645,2,KAPATAGAN,elevated_risk,8,287,0.6089,0.2836,0.0905,0.2665,0.7178,0.3999,0.3785,0.3471,1043420.52,543831.31,3,0.5895,0.7257
CASH-03646,1,LALA,moderate_stress,10,525,0.6982,0.1349,0.0464,0.2257,0.8516,0.2395,0.704,0.2012,3481047.55,1075170.8,11,0.7635,0.8613
CASH-03647,2,KAPATAGAN,distressed,12,432,0.4535,0.3773,0.1692,0.48,0.5208,0.804,0.4961,0.1833,1784556.76,1244649.05,14,0.55,0.7
CASH-03648,2,KAPATAGAN,prime_healthy,11,374,0.861,0.1174,0.0216,0.05,0.7766,0.1859,0.6356,0.3843,2133895.53,267092.73,12,0.7551,0.8749
CASH-03649,3,TUBOD,elevated_risk,5,403,0.548,0.2548,0.1038,0.3931,0.6568,0.764,0.3388,0.0981,1051987.25,501614.13,11,0.5975,0.7221
CASH-03650,1,LALA,elevated_risk,3,314,0.6453,0.2497,0.0996,0.3033,0.6763,0.2636,0.525,0.117,1102183.92,635311.5,10,0.6655,0.7304
CASH-03651,3,TUBOD,elevated_risk,12,393,0.4913,0.2319,0.1005,0.1935,0.6527,0.6476,0.5386,0.3044,1450239.11,933538.56,6,0.7091,0.7798
CASH-03652,1,LALA,elevated_risk,9,457,0.6287,0.202,0.1358,0.3467,0.6386,0.4038,0.4145,0.0787,2503922.43,1364886.46,6,0.598,0.7183
CASH-03653,3,TUBOD,moderate_stress,3,174,0.6639,0.2102,0.0235,0.316,0.8018,0.6142,0.6183,0.3608,508165.53,120413.79,4,0.706,0.8533
CASH-03654,1,LALA,distressed,4,342,0.4618,0.3008,0.2074,0.424,0.5457,0.2199,0.263,0.4231,1008197.56,920889.6,12,0.55,0.7
CASH-03655,1,LALA,moderate_stress,4,479,0.6837,0.2431,0.0733,0.2848,0.7429,0.2629,0.6988,0.2315,3523502.18,1326596.62,7,0.7096,0.7522
CASH-03656,1,LALA,elevated_risk,3,365,0.6332,0.2398,0.0655,0.3198,0.7003,0.6195,0.3877,0.0937,2023622.83,852747.17,10,0.6525,0.8095
CASH-03657,2,KAPATAGAN,moderate_stress,12,630,0.7321,0.182,0.0499,0.207,0.7251,0.3576,0.5007,0.1509,3945935.13,920642.76,10,0.7471,0.8073
CASH-03658,3,TUBOD,moderate_stress,11,224,0.7094,0.1793,0.077,0.3289,0.6935,0.8558,0.4628,0.216,1401543.56,612422.83,5,0.7214,0.7694
CASH-03659,3,TUBOD,prime_healthy,4,320,0.8081,0.0496,0.0851,0.2078,0.9858,0.5968,0.6536,0.1839,986669.91,145265.21,4,0.861,0.8636
CASH-03660,1,LALA,distressed,11,457,0.4835,0.3513,0.1428,0.4369,0.6213,0.3802,0.2641,0.0495,3267279.72,2971034.05,11,0.6116,0.7
CASH-03661,1,LALA,distressed,3,542,0.4676,0.3276,0.1766,0.3772,0.6538,0.1958,0.4245,0.0894,3340767.73,3224778.52,12,0.5582,0.7
CASH-03662,3,TUBOD,distressed,1,218,0.4652,0.3027,0.2114,0.4132,0.5009,0.4048,0.241,0.222,1309883.38,407482.42,4,0.55,0.7
CASH-03663,2,KAPATAGAN,moderate_stress,11,346,0.7071,0.1329,0.0837,0.2098,0.8721,0.8888,0.4717,0.2284,2663331.99,798425.83,7,0.8413,0.7808
CASH-03664,2,KAPATAGAN,elevated_risk,2,304,0.5663,0.2361,0.0717,0.3088,0.6819,0.7639,0.3932,0.3576,2511437.18,622771.61,12,0.6067,0.7711
CASH-03665,1,LALA,elevated_risk,1,292,0.5903,0.2963,0.1134,0.4057,0.5887,0.2433,0.3758,0.3695,2479433.01,1155543.8,7,0.55,0.7
CASH-03666,1,LALA,distressed,5,446,0.443,0.3194,0.1447,0.4524,0.4006,0.9049,0.3114,0.0638,1498115.43,1303558.13,12,0.55,0.7
CASH-03667,1,LALA,elevated_risk,3,380,0.4643,0.232,0.1055,0.2371,0.6052,0.5302,0.4775,0.3893,1371624.35,525517.58,7,0.584,0.7348
CASH-03668,1,LALA,elevated_risk,5,496,0.5851,0.2529,0.0795,0.3755,0.6984,0.166,0.4332,0.137,2591675.92,1997153.07,10,0.6135,0.7214
CASH-03669,3,TUBOD,moderate_stress,12,197,0.7567,0.124,0.0591,0.1997,0.8339,0.2248,0.5971,0.1349,1656867.1,495920.92,7,0.7767,0.8449
CASH-03670,3,TUBOD,distressed,9,391,0.5305,0.326,0.1435,0.3678,0.5594,0.2217,0.1085,0.2664,2367390.56,908687.84,6,0.55,0.7
CASH-03671,2,KAPATAGAN,moderate_stress,11,370,0.6836,0.1536,0.103,0.2918,0.8261,0.1962,0.5824,0.305,1186105.91,252327.53,10,0.7958,0.7546
CASH-03672,3,TUBOD,distressed,12,240,0.3671,0.3537,0.1921,0.3493,0.5388,0.1929,0.1971,0.1616,635338.42,392751.53,6,0.55,0.7
CASH-03673,3,TUBOD,elevated_risk,10,370,0.5129,0.2759,0.111,0.3761,0.651,0.8089,0.4533,0.1473,2220303.12,736762.79,7,0.5949,0.7
CASH-03674,2,KAPATAGAN,elevated_risk,11,488,0.5526,0.3221,0.125,0.4401,0.7547,0.4655,0.2496,0.1839,2581204.41,1020771.53,7,0.6401,0.7
CASH-03675,3,TUBOD,distressed,12,381,0.5793,0.2631,0.1576,0.396,0.5571,0.3713,0.2279,0.45,2416244.08,1598759.5,10,0.5632,0.7
CASH-03676,2,KAPATAGAN,distressed,12,371,0.5346,0.3136,0.1518,0.3734,0.5549,0.7594,0.3642,0.1324,2332315.72,2052381.77,5,0.5817,0.7
CASH-03677,2,KAPATAGAN,elevated_risk,12,273,0.5684,0.2887,0.1429,0.2729,0.6985,0.7276,0.3585,0.2611,1884181.47,1224288.9,7,0.6423,0.7
CASH-03678,1,LALA,distressed,5,439,0.5166,0.3329,0.1505,0.3959,0.4655,0.1186,0.2802,0.45,1454239.25,1337581.81,7,0.55,0.7
CASH-03679,1,LALA,elevated_risk,11,400,0.5799,0.3345,0.0856,0.4148,0.7239,0.1444,0.5413,0.1189,3230450.36,3178228.47,10,0.6406,0.7291
CASH-03680,2,KAPATAGAN,moderate_stress,3,475,0.7187,0.208,0.0733,0.3883,0.8162,0.4656,0.6475,0.0765,2972322.57,844848.71,10,0.767,0.8023
CASH-03681,3,TUBOD,prime_healthy,2,252,0.7792,0.1611,0.0598,0.0721,0.9406,0.1939,0.7141,0.1123,971549.98,351705.01,10,0.8131,0.7994
CASH-03682,3,TUBOD,elevated_risk,5,272,0.5192,0.2752,0.0896,0.3428,0.5837,0.493,0.4717,0.33,703505.09,412109.59,5,0.5607,0.7627
CASH-03683,2,KAPATAGAN,distressed,6,321,0.3971,0.2884,0.1699,0.5169,0.5677,0.4044,0.1964,0.1002,2660191.94,1680434.98,13,0.55,0.7
CASH-03684,1,LALA,moderate_stress,2,234,0.8014,0.1773,0.0213,0.1479,0.7528,0.1198,0.6361,0.1354,1580140.77,761378.93,5,0.6971,0.8399
CASH-03685,2,KAPATAGAN,elevated_risk,10,482,0.5913,0.2728,0.1359,0.2906,0.5452,0.5778,0.5639,0.0536,3693470.88,2792563.66,6,0.5648,0.7
CASH-03686,3,TUBOD,prime_healthy,8,118,0.8433,0.1051,0.0516,0.1416,1.0,0.8863,0.7568,0.257,390409.56,47293.7,11,0.852,0.8419
CASH-03687,3,TUBOD,prime_healthy,5,247,0.7764,0.1742,0.0494,0.2144,0.8526,0.3166,0.6934,0.325,921259.02,509866.0,6,0.7764,0.8395
CASH-03688,2,KAPATAGAN,elevated_risk,7,306,0.4936,0.2944,0.0604,0.3206,0.7597,0.1507,0.301,0.3986,2282021.5,1874963.56,12,0.6085,0.717
CASH-03689,3,TUBOD,elevated_risk,11,346,0.622,0.2796,0.0984,0.3693,0.705,0.3977,0.4238,0.1129,1110237.15,783916.91,6,0.6661,0.7
CASH-03690,2,KAPATAGAN,prime_healthy,3,402,0.8469,0.1395,0.0136,0.1966,0.8802,0.8003,0.8201,0.2175,3254253.44,611599.02,9,0.797,0.9187
CASH-03691,1,LALA,elevated_risk,11,346,0.4685,0.2328,0.1318,0.277,0.6925,0.7959,0.3977,0.166,2753054.08,1392771.92,11,0.6722,0.7
CASH-03692,3,TUBOD,elevated_risk,7,315,0.5987,0.2841,0.0999,0.3709,0.7055,0.4733,0.4595,0.1247,1819160.81,938228.56,11,0.5938,0.7191
CASH-03693,2,KAPATAGAN,moderate_stress,4,350,0.6714,0.1668,0.0118,0.2843,0.7671,0.2463,0.6418,0.2155,1137658.71,445156.67,1,0.7053,0.8543
CASH-03694,3,TUBOD,moderate_stress,6,280,0.7349,0.1559,0.0646,0.2653,0.7265,0.7494,0.6843,0.0905,2250726.6,517426.5,7,0.699,0.7772
CASH-03695,2,KAPATAGAN,prime_healthy,5,374,0.8117,0.1106,0.0166,0.1446,0.8571,0.1452,0.6629,0.4322,2608947.91,693784.45,4,0.7818,0.8583
CASH-03696,3,TUBOD,elevated_risk,3,403,0.5852,0.2282,0.0898,0.3412,0.5983,0.6337,0.5942,0.3587,1455623.36,1060375.73,3,0.5504,0.756
CASH-03697,3,TUBOD,distressed,6,301,0.4043,0.2994,0.1767,0.396,0.5652,0.6456,0.3249,0.1472,1234321.5,442341.69,8,0.55,0.7
CASH-03698,3,TUBOD,moderate_stress,12,135,0.6661,0.2146,0.068,0.2282,0.9236,0.6634,0.496,0.2013,1084032.25,472501.78,6,0.874,0.7743
CASH-03699,2,KAPATAGAN,moderate_stress,1,340,0.7502,0.1188,0.036,0.2157,0.7339,0.1012,0.5964,0.2774,1663988.49,584201.88,10,0.6928,0.8387
CASH-03700,1,LALA,prime_healthy,3,192,0.9017,0.0822,0.0161,0.2614,0.9216,0.7278,0.728,0.0862,1452961.79,202417.0,13,0.8242,0.8964
CASH-03701,2,KAPATAGAN,prime_healthy,3,520,0.8146,0.1234,0.062,0.1729,0.9363,0.4337,0.8935,0.1728,4292500.6,779328.48,9,0.8071,0.7979
CASH-03702,3,TUBOD,prime_healthy,11,300,0.8283,0.1441,0.0277,0.1746,1.0,0.5328,0.7647,0.1672,2026382.52,596248.4,7,0.924,0.8747
CASH-03703,1,LALA,prime_healthy,11,564,0.8571,0.1006,0.0423,0.1292,0.9429,0.123,0.7327,0.3324,3808005.28,465296.83,11,0.9214,0.8454
CASH-03704,1,LALA,distressed,3,365,0.4578,0.3145,0.1922,0.3517,0.4958,0.6851,0.317,0.45,1889561.1,638840.65,10,0.55,0.7
CASH-03705,3,TUBOD,moderate_stress,1,404,0.6367,0.1011,0.0468,0.2608,0.7161,0.5677,0.6364,0.0602,1390798.42,235723.09,13,0.6798,0.8492
CASH-03706,2,KAPATAGAN,prime_healthy,12,311,0.7547,0.0787,0.033,0.2633,0.8357,0.7482,0.6229,0.1491,1297372.18,227917.29,13,0.8923,0.8571
CASH-03707,2,KAPATAGAN,prime_healthy,7,358,0.8827,0.0829,0.034,0.1814,0.9548,0.8682,0.6633,0.0553,2498850.43,541987.67,12,0.7807,0.8782
CASH-03708,2,KAPATAGAN,moderate_stress,7,455,0.6876,0.1329,0.0011,0.2024,0.8755,0.4895,0.6,0.2219,1581028.55,533964.18,9,0.7864,0.8903
CASH-03709,1,LALA,elevated_risk,6,243,0.6202,0.2676,0.1122,0.2974,0.8008,0.7543,0.4205,0.0201,706715.45,202777.51,11,0.6387,0.7038
CASH-03710,3,TUBOD,prime_healthy,11,296,0.7604,0.1283,0.0349,0.1413,0.8925,0.2402,0.7411,0.3316,2189441.1,348154.74,7,0.9076,0.8407
CASH-03711,1,LALA,elevated_risk,9,329,0.6729,0.2791,0.0481,0.296,0.5544,0.1213,0.3561,0.3955,869576.48,249487.05,12,0.55,0.769
CASH-03712,1,LALA,moderate_stress,7,514,0.712,0.1728,0.0623,0.2267,0.8026,0.8173,0.5933,0.2758,3501090.0,1798746.23,6,0.7163,0.8112
CASH-03713,1,LALA,distressed,4,372,0.5208,0.3326,0.1466,0.4125,0.559,0.6498,0.2552,0.45,1805289.39,762863.64,14,0.55,0.7
CASH-03714,3,TUBOD,moderate_stress,1,402,0.7195,0.1112,0.1176,0.1907,0.7851,0.4672,0.5352,0.3482,1746986.41,307666.97,2,0.6411,0.7567
CASH-03715,3,TUBOD,moderate_stress,5,244,0.7533,0.1392,0.0512,0.3133,0.8928,0.8203,0.6586,0.45,1306791.28,569357.98,4,0.7754,0.8041
CASH-03716,1,LALA,distressed,7,350,0.5644,0.271,0.1646,0.3188,0.6091,0.2069,0.2423,0.2198,2824162.58,1869019.59,10,0.55,0.7
CASH-03717,1,LALA,elevated_risk,7,375,0.6208,0.2597,0.1195,0.305,0.691,0.5676,0.2368,0.3184,2963140.62,1937023.93,12,0.5659,0.7
CASH-03718,1,LALA,prime_healthy,7,181,0.8895,0.0611,0.0137,0.166,0.8114,0.3895,0.8651,0.1396,810084.83,99630.0,11,0.7405,0.9178
CASH-03719,3,TUBOD,moderate_stress,4,296,0.6971,0.2099,0.093,0.2355,0.6896,0.5789,0.5197,0.4041,1787869.81,814643.16,0,0.7052,0.7824
CASH-03720,3,TUBOD,moderate_stress,6,312,0.6949,0.226,0.0791,0.2603,0.7266,0.7928,0.4525,0.1761,1366349.73,555971.96,8,0.6676,0.7737
CASH-03721,1,LALA,distressed,5,369,0.4039,0.266,0.1929,0.4088,0.5161,0.8602,0.2443,0.0573,1348215.45,839064.1,10,0.55,0.7
CASH-03722,3,TUBOD,moderate_stress,3,301,0.7401,0.2416,0.0183,0.2925,0.8085,0.6799,0.5634,0.2193,1105161.03,384615.01,0,0.7032,0.8434
CASH-03723,2,KAPATAGAN,moderate_stress,8,509,0.7672,0.1573,0.0755,0.2689,0.807,0.6602,0.6314,0.0288,2287862.3,839644.45,12,0.7051,0.8344
CASH-03724,1,LALA,moderate_stress,4,300,0.7347,0.2132,0.0521,0.2359,0.7213,0.6315,0.5189,0.0776,1930368.67,750427.61,13,0.654,0.8157
CASH-03725,3,TUBOD,moderate_stress,2,331,0.6404,0.1283,0.0719,0.3237,0.7297,0.1676,0.5775,0.3027,1711819.78,405131.27,9,0.6636,0.8328
CASH-03726,2,KAPATAGAN,moderate_stress,7,335,0.6832,0.1915,0.0439,0.3095,0.6443,0.5512,0.5721,0.3302,2689555.6,577286.56,13,0.5974,0.8271
CASH-03727,2,KAPATAGAN,moderate_stress,6,468,0.7026,0.1925,0.1049,0.2015,0.7165,0.3658,0.6301,0.4005,2185800.01,1172931.42,7,0.6414,0.7481
CASH-03728,2,KAPATAGAN,elevated_risk,2,385,0.4836,0.2674,0.0996,0.221,0.6645,0.2705,0.5024,0.4256,1763242.16,1343031.33,2,0.5752,0.7006
CASH-03729,3,TUBOD,elevated_risk,8,237,0.5936,0.2415,0.1402,0.3959,0.7429,0.3535,0.3307,0.233,1540463.43,1026971.98,6,0.5693,0.7
CASH-03730,1,LALA,prime_healthy,12,530,0.8834,0.0551,0.0276,0.1063,1.0,0.8177,0.7431,0.189,3175419.69,177668.17,9,0.988,0.9499
CASH-03731,1,LALA,prime_healthy,7,470,0.7859,0.0793,0.0957,0.23,0.8412,0.1276,0.6417,0.1846,1371933.14,243687.75,8,0.7655,0.7933
CASH-03732,3,TUBOD,distressed,2,339,0.5315,0.2872,0.1813,0.4327,0.4997,0.1935,0.2281,0.1745,1473941.82,862216.29,6,0.55,0.7
CASH-03733,3,TUBOD,moderate_stress,10,187,0.6928,0.2042,0.0968,0.236,0.8183,0.5227,0.5745,0.2334,584716.11,212003.66,8,0.7475,0.7518
CASH-03734,2,KAPATAGAN,elevated_risk,3,350,0.5622,0.3043,0.1335,0.3482,0.6838,0.2216,0.5412,0.1671,1845773.9,633949.66,8,0.6061,0.7
CASH-03735,2,KAPATAGAN,elevated_risk,1,414,0.5833,0.2842,0.1324,0.4049,0.5258,0.902,0.3352,0.2413,3090157.94,1970607.11,4,0.55,0.7
CASH-03736,2,KAPATAGAN,moderate_stress,11,269,0.6878,0.1167,0.1035,0.1985,0.7383,0.3395,0.6758,0.0506,750117.9,225066.51,10,0.784,0.7758
CASH-03737,3,TUBOD,distressed,1,351,0.4965,0.2985,0.1848,0.3874,0.6221,0.8325,0.2722,0.3843,2777490.68,1778928.36,11,0.55,0.7
CASH-03738,1,LALA,prime_healthy,11,476,0.8151,0.1584,0.0265,0.247,0.9237,0.9098,0.7904,0.127,2606077.65,812555.37,7,0.9052,0.8539
CASH-03739,3,TUBOD,elevated_risk,6,275,0.5526,0.2152,0.0778,0.2525,0.5402,0.5257,0.5097,0.1734,1231822.39,332191.43,9,0.55,0.7795
CASH-03740,3,TUBOD,distressed,5,240,0.5032,0.2842,0.2126,0.402,0.5346,0.4582,0.2846,0.2151,626387.1,301450.83,4,0.55,0.7
CASH-03741,2,KAPATAGAN,moderate_stress,1,213,0.7773,0.1898,0.0329,0.2543,0.8097,0.5238,0.5642,0.3205,670684.49,227680.22,8,0.6679,0.8768
CASH-03742,2,KAPATAGAN,prime_healthy,12,317,0.8507,0.1217,0.0276,0.1111,0.8937,0.2825,0.6569,0.2787,1386568.17,456758.54,7,0.8893,0.8613
CASH-03743,1,LALA,prime_healthy,9,412,0.7827,0.1563,0.061,0.1105,0.8843,0.5929,0.7489,0.396,2095995.19,383491.26,3,0.7808,0.8425
CASH-03744,2,KAPATAGAN,moderate_stress,2,377,0.7368,0.1404,0.0656,0.1763,0.7164,0.2461,0.5326,0.3819,1992460.36,331822.36,11,0.6166,0.8412
CASH-03745,2,KAPATAGAN,moderate_stress,5,346,0.6873,0.214,0.0987,0.1891,0.7945,0.569,0.5855,0.3869,1743290.14,402640.2,5,0.6812,0.7605
CASH-03746,3,TUBOD,distressed,1,364,0.5368,0.2907,0.1726,0.3404,0.5294,0.1905,0.3204,0.1655,2203679.58,1546193.15,1,0.55,0.7
CASH-03747,1,LALA,elevated_risk,11,375,0.3721,0.2131,0.1251,0.4295,0.6859,0.8637,0.5413,0.0695,2264477.25,1063922.18,8,0.6786,0.7
CASH-03748,3,TUBOD,moderate_stress,10,298,0.7091,0.1997,0.0912,0.2454,0.7915,0.8791,0.4718,0.1766,2443096.1,769553.79,6,0.7409,0.7777
CASH-03749,3,TUBOD,prime_healthy,8,348,0.7779,0.0902,0.0453,0.2006,0.9518,0.7522,0.7346,0.3752,1046318.72,295535.81,4,0.8253,0.8637
CASH-03750,3,TUBOD,moderate_stress,2,205,0.7249,0.2192,0.0559,0.1888,0.6784,0.7128,0.662,0.2206,1479502.0,628140.2,9,0.6399,0.8245
CASH-03751,2,KAPATAGAN,distressed,1,392,0.452,0.2961,0.1759,0.317,0.5014,0.6823,0.3973,0.1628,2957261.05,1252195.38,0,0.55,0.7
CASH-03752,2,KAPATAGAN,elevated_risk,9,465,0.4765,0.208,0.1073,0.3666,0.5202,0.1656,0.53,0.3639,1592975.94,508748.83,9,0.576,0.7143
CASH-03753,3,TUBOD,prime_healthy,8,257,0.7325,0.1409,0.081,0.151,0.9299,0.3875,0.7981,0.2013,1627874.4,385826.05,4,0.7785,0.8287
CASH-03754,3,TUBOD,distressed,4,275,0.5716,0.2847,0.1437,0.4576,0.5349,0.1286,0.2441,0.321,690144.03,623214.79,6,0.55,0.7
CASH-03755,3,TUBOD,prime_healthy,12,197,0.7702,0.0381,0.0,0.174,0.7875,0.1348,0.5939,0.3828,813757.33,64840.22,5,0.8518,0.9488
CASH-03756,1,LALA,moderate_stress,12,584,0.7521,0.1502,0.0977,0.265,0.9106,0.1759,0.6504,0.2419,1515705.84,585986.71,9,0.8548,0.7691
CASH-03757,1,LALA,moderate_stress,9,518,0.7136,0.1899,0.0965,0.2714,0.8401,0.1777,0.5191,0.4321,1456174.82,847798.44,7,0.6684,0.7621
CASH-03758,3,TUBOD,distressed,9,446,0.4124,0.3055,0.1811,0.4242,0.4863,0.6424,0.1158,0.1385,1666537.55,1153917.66,12,0.55,0.7
CASH-03759,3,TUBOD,prime_healthy,12,309,0.7697,0.1419,0.0112,0.1391,0.8751,0.3056,0.7654,0.0985,1492576.23,337390.97,6,0.9276,0.92
CASH-03760,1,LALA,elevated_risk,3,360,0.6265,0.2029,0.1391,0.353,0.6104,0.2021,0.6145,0.1297,2946708.95,606212.26,13,0.5933,0.7212
CASH-03761,3,TUBOD,moderate_stress,12,309,0.6341,0.2069,0.063,0.225,0.8066,0.5919,0.427,0.3166,1501194.24,439219.87,6,0.7587,0.7658
CASH-03762,1,LALA,moderate_stress,8,566,0.7406,0.2121,0.041,0.2448,0.8408,0.4431,0.6592,0.1432,2525432.73,1153343.85,11,0.7456,0.8237
CASH-03763,3,TUBOD,moderate_stress,10,308,0.6963,0.2142,0.0895,0.2553,0.7569,0.89,0.7175,0.1487,863398.49,344615.71,4,0.6688,0.7423
CASH-03764,2,KAPATAGAN,moderate_stress,7,542,0.7124,0.1768,0.0792,0.3452,0.5964,0.7095,0.6777,0.1555,2268085.88,728070.38,8,0.6636,0.7989
CASH-03765,1,LALA,prime_healthy,2,461,0.7746,0.0745,0.0285,0.2146,0.9174,0.631,0.7207,0.2309,1173057.56,158656.6,6,0.7833,0.9087
CASH-03766,3,TUBOD,elevated_risk,12,254,0.6163,0.2502,0.113,0.2224,0.7441,0.4492,0.6242,0.1634,1312367.77,1014758.08,6,0.7738,0.7268
CASH-03767,1,LALA,elevated_risk,7,271,0.6372,0.2624,0.0917,0.3012,0.6903,0.5368,0.5367,0.11,1879108.41,1316718.11,8,0.5868,0.7332
CASH-03768,3,TUBOD,moderate_stress,2,329,0.7347,0.21,0.0128,0.273,0.9063,0.2742,0.4679,0.3798,1501364.28,764947.28,7,0.7951,0.8655
CASH-03769,1,LALA,moderate_stress,9,402,0.7039,0.1636,0.0199,0.2387,0.6893,0.1,0.4169,0.1068,1053043.71,384286.22,11,0.7021,0.8483
CASH-03770,1,LALA,moderate_stress,4,401,0.7226,0.1441,0.0398,0.2051,0.7924,0.7292,0.5274,0.4349,3039183.38,1153356.14,2,0.7534,0.8074
CASH-03771,3,TUBOD,moderate_stress,6,233,0.6427,0.1727,0.1003,0.2524,0.9318,0.4102,0.6338,0.3419,899127.77,161058.07,8,0.7646,0.7948
CASH-03772,3,TUBOD,distressed,10,429,0.4796,0.3109,0.1453,0.4241,0.5441,0.6134,0.2875,0.2263,1848524.38,985683.39,5,0.55,0.7
CASH-03773,1,LALA,moderate_stress,3,441,0.6729,0.1898,0.0802,0.2326,0.8332,0.5321,0.6592,0.2486,3344846.9,1764767.6,13,0.7283,0.7766
CASH-03774,2,KAPATAGAN,prime_healthy,3,223,0.7409,0.1392,0.0566,0.1378,0.8842,0.1691,0.7303,0.1284,839137.4,254460.52,15,0.7796,0.8195
CASH-03775,3,TUBOD,prime_healthy,7,275,0.7772,0.1046,0.0531,0.1457,0.8421,0.5701,0.7286,0.2896,1370936.37,204821.51,7,0.744,0.8559
CASH-03776,2,KAPATAGAN,distressed,11,340,0.5152,0.2776,0.2072,0.2796,0.5096,0.6567,0.2994,0.3032,1961114.15,733831.89,6,0.5773,0.7
CASH-03777,3,TUBOD,elevated_risk,12,209,0.5236,0.2894,0.091,0.2869,0.831,0.5792,0.4945,0.2227,1170317.01,615336.29,9,0.7596,0.7298
CASH-03778,1,LALA,distressed,7,337,0.5048,0.3192,0.1609,0.3599,0.5378,0.1609,0.3317,0.1173,1065661.81,498821.17,6,0.55,0.7
CASH-03779,1,LALA,moderate_stress,5,515,0.7141,0.2026,0.0833,0.2299,0.7093,0.1113,0.6697,0.2539,2195049.78,1087593.8,5,0.6576,0.7944
CASH-03780,3,TUBOD,distressed,7,373,0.5005,0.2846,0.1469,0.4455,0.5074,0.5023,0.1521,0.447,2814063.28,1892413.34,0,0.55,0.7
CASH-03781,3,TUBOD,distressed,4,320,0.487,0.3399,0.1731,0.4424,0.4655,0.6835,0.273,0.1965,1151113.61,920957.03,5,0.55,0.7
CASH-03782,2,KAPATAGAN,distressed,6,298,0.5305,0.2364,0.176,0.3897,0.5754,0.2963,0.3231,0.2654,2056001.04,1183408.36,3,0.55,0.7
CASH-03783,2,KAPATAGAN,prime_healthy,4,116,0.7876,0.0815,0.0162,0.2546,1.0,0.7073,0.7134,0.3,698965.13,162547.06,9,0.8629,0.9117
CASH-03784,1,LALA,elevated_risk,8,399,0.5572,0.2589,0.0895,0.3018,0.6603,0.2934,0.3996,0.217,3329578.69,1695119.96,14,0.5703,0.743
CASH-03785,2,KAPATAGAN,moderate_stress,9,409,0.726,0.1358,0.1382,0.2012,0.7697,0.4459,0.5959,0.2543,2156013.39,640843.91,7,0.6456,0.7
CASH-03786,2,KAPATAGAN,prime_healthy,11,429,0.8481,0.0417,0.0578,0.2526,0.918,0.5148,0.7831,0.0738,2040608.47,122207.35,3,0.9216,0.8664
CASH-03787,3,TUBOD,moderate_stress,9,285,0.6081,0.2015,0.0977,0.2188,0.7681,0.6488,0.6155,0.0988,2279339.48,601334.92,6,0.6976,0.7472
CASH-03788,1,LALA,elevated_risk,4,364,0.5804,0.2737,0.1459,0.3409,0.7652,0.2361,0.4575,0.1458,1031193.22,770500.95,10,0.6527,0.7
CASH-03789,1,LALA,elevated_risk,10,364,0.6621,0.2062,0.0676,0.3429,0.6266,0.2286,0.3355,0.2321,2203951.29,610085.12,9,0.5932,0.7681
CASH-03790,1,LALA,prime_healthy,4,349,0.7946,0.1026,0.0,0.1752,0.9328,0.6632,0.6656,0.3399,2813212.14,792191.56,16,0.8279,0.9438
CASH-03791,2,KAPATAGAN,distressed,9,247,0.5001,0.3373,0.1626,0.428,0.6518,0.228,0.1536,0.1619,901130.41,786248.46,2,0.55,0.7
CASH-03792,2,KAPATAGAN,elevated_risk,9,573,0.5609,0.2867,0.1339,0.3429,0.659,0.6532,0.5422,0.2648,2158958.79,924031.6,8,0.55,0.7
CASH-03793,3,TUBOD,distressed,9,347,0.5114,0.32,0.1301,0.452,0.4866,0.396,0.2627,0.1063,2044366.9,1936930.79,6,0.55,0.7
CASH-03794,1,LALA,moderate_stress,1,248,0.6987,0.2124,0.0294,0.1925,0.7908,0.4,0.4881,0.2035,1791833.63,672374.6,5,0.6523,0.7834
CASH-03795,3,TUBOD,elevated_risk,1,263,0.6607,0.2024,0.1369,0.3259,0.616,0.6538,0.3554,0.2763,1050767.63,410998.45,5,0.55,0.7
CASH-03796,2,KAPATAGAN,prime_healthy,7,319,0.8155,0.1389,0.0261,0.2225,0.8184,0.287,0.7839,0.1426,1301515.25,530945.66,12,0.755,0.8813
CASH-03797,2,KAPATAGAN,prime_healthy,3,382,0.9054,0.0946,0.0,0.3015,0.8794,0.555,0.6627,0.1213,2181629.16,284656.63,5,0.8081,0.9035
CASH-03798,1,LALA,elevated_risk,7,330,0.643,0.2935,0.0635,0.3057,0.727,0.7747,0.5143,0.1453,951808.76,593549.85,8,0.6396,0.7561
CASH-03799,1,LALA,moderate_stress,3,544,0.6302,0.1895,0.0796,0.2313,0.7258,0.7225,0.6217,0.4088,3348227.81,1317025.46,13,0.6867,0.7987
CASH-03800,1,LALA,distressed,11,469,0.4797,0.3061,0.1955,0.3586,0.6216,0.6701,0.2547,0.45,3190820.26,2819984.41,15,0.55,0.7
CASH-03801,1,LALA,prime_healthy,7,471,0.853,0.0931,0.0539,0.1484,1.0,0.2166,0.7394,0.45,1523364.88,428532.06,11,0.8307,0.852
CASH-03802,1,LALA,prime_healthy,4,417,0.8439,0.1165,0.0396,0.1737,1.0,0.8612,0.7035,0.2621,1103354.04,407372.89,9,0.8923,0.8773
CASH-03803,2,KAPATAGAN,distressed,1,275,0.4333,0.309,0.1555,0.4196,0.4485,0.3798,0.3246,0.1417,1944173.9,1470931.46,11,0.55,0.7
CASH-03804,3,TUBOD,prime_healthy,10,331,0.8558,0.1442,0.0,0.1731,0.8054,0.5991,0.7415,0.45,2021112.94,930673.91,6,0.7751,0.9137
CASH-03805,3,TUBOD,moderate_stress,3,252,0.736,0.1709,0.0659,0.1295,0.7958,0.1255,0.6068,0.1341,1795075.35,312598.97,13,0.7453,0.8222
CASH-03806,3,TUBOD,prime_healthy,4,259,0.9064,0.0811,0.0124,0.1936,0.7439,0.2382,0.7548,0.2469,1478659.9,163329.94,4,0.7766,0.9178
CASH-03807,2,KAPATAGAN,moderate_stress,9,342,0.7466,0.1659,0.0875,0.2203,0.8049,0.1605,0.5893,0.1064,2315244.11,845679.07,3,0.7496,0.7615
CASH-03808,2,KAPATAGAN,prime_healthy,6,275,0.8556,0.0568,0.0316,0.2012,0.9287,0.2732,0.7751,0.2283,1858690.88,336382.84,9,0.827,0.9431
CASH-03809,2,KAPATAGAN,distressed,11,347,0.4448,0.35,0.2052,0.4119,0.514,0.4254,0.2816,0.2172,2600445.74,1439609.66,8,0.55,0.7
CASH-03810,3,TUBOD,elevated_risk,2,341,0.5135,0.3119,0.148,0.3571,0.6624,0.899,0.4227,0.2592,1580047.97,619605.27,1,0.5885,0.7
CASH-03811,1,LALA,moderate_stress,4,255,0.7727,0.1291,0.0982,0.2848,0.7587,0.3777,0.5945,0.45,1143434.72,315244.03,11,0.6944,0.7591
CASH-03812,1,LALA,prime_healthy,6,417,0.8747,0.04,0.0249,0.0733,0.848,0.8624,0.5963,0.1951,2525024.33,199795.95,13,0.7543,0.8952
CASH-03813,1,LALA,moderate_stress,11,484,0.6669,0.0892,0.0735,0.2649,0.7688,0.2638,0.6049,0.45,1516737.29,222567.45,6,0.7792,0.8212
CASH-03814,1,LALA,moderate_stress,12,585,0.6438,0.2333,0.106,0.2612,0.7596,0.2987,0.5147,0.3147,4606540.38,2230079.34,10,0.719,0.7285
CASH-03815,2,KAPATAGAN,prime_healthy,6,224,0.9214,0.059,0.0184,0.1982,0.8877,0.1635,0.7543,0.2542,1329956.44,94710.12,7,0.776,0.8812
CASH-03816,1,LALA,moderate_stress,9,458,0.7464,0.206,0.0476,0.1845,0.7602,0.8295,0.5812,0.0933,2327657.67,1392275.45,9,0.7252,0.8316
CASH-03817,3,TUBOD,moderate_stress,12,255,0.7427,0.1889,0.0597,0.1634,0.8858,0.6473,0.5924,0.43,1549675.51,910848.87,8,0.8874,0.8043
CASH-03818,2,KAPATAGAN,moderate_stress,9,392,0.7648,0.1238,0.0505,0.2418,0.8266,0.4303,0.6182,0.2548,2394356.06,808415.21,10,0.751,0.8434
CASH-03819,3,TUBOD,moderate_stress,5,353,0.6678,0.1922,0.1008,0.199,0.7651,0.261,0.7053,0.1607,2625861.44,726671.53,4,0.6724,0.7577
CASH-03820,1,LALA,prime_healthy,1,529,0.8803,0.1197,0.0,0.1821,0.8106,0.6118,0.8372,0.1537,1908781.19,293607.45,7,0.7374,0.9154
CASH-03821,2,KAPATAGAN,elevated_risk,5,403,0.6112,0.2693,0.1195,0.3067,0.6766,0.4713,0.3666,0.0514,1284074.91,935055.3,5,0.6133,0.7
CASH-03822,2,KAPATAGAN,prime_healthy,11,451,0.8836,0.1118,0.0046,0.2284,0.7841,0.7893,0.747,0.4247,1190217.57,413327.53,9,0.8125,0.9467
CASH-03823,1,LALA,moderate_stress,8,247,0.7169,0.1516,0.0653,0.2561,0.768,0.5401,0.6798,0.2475,1650250.02,454772.51,11,0.6668,0.8519
CASH-03824,3,TUBOD,prime_healthy,6,248,0.8043,0.1254,0.0333,0.2539,0.9332,0.1047,0.9,0.1783,1821539.16,417675.01,2,0.815,0.8728
CASH-03825,3,TUBOD,distressed,1,222,0.5172,0.3103,0.1725,0.3849,0.4826,0.4653,0.1969,0.2353,1169649.65,410995.44,9,0.55,0.7
CASH-03826,2,KAPATAGAN,moderate_stress,9,410,0.6944,0.1501,0.0805,0.2183,0.8118,0.6603,0.5169,0.3927,3315466.05,1106749.17,7,0.7292,0.7853
CASH-03827,1,LALA,prime_healthy,3,362,0.7692,0.1136,0.0342,0.2121,0.8122,0.8491,0.7336,0.4341,2277423.76,475540.08,11,0.7734,0.8878
CASH-03828,1,LALA,moderate_stress,2,410,0.6868,0.213,0.1001,0.232,0.8238,0.4835,0.7161,0.45,3108312.55,1518244.96,2,0.6584,0.7744
CASH-03829,3,TUBOD,moderate_stress,9,365,0.6888,0.2636,0.0477,0.2465,0.8373,0.3202,0.5218,0.2669,2202919.39,1345189.27,2,0.7042,0.7887
CASH-03830,2,KAPATAGAN,prime_healthy,1,266,0.8678,0.0326,0.0168,0.2562,0.7915,0.1169,0.7068,0.45,1202499.36,79994.46,11,0.7181,0.9231
CASH-03831,1,LALA,elevated_risk,12,389,0.6173,0.242,0.1392,0.2845,0.769,0.4836,0.3641,0.1601,2865196.75,1525270.48,12,0.7058,0.7
CASH-03832,3,TUBOD,elevated_risk,1,233,0.607,0.2611,0.132,0.3696,0.7109,0.5592,0.3479,0.45,1718009.72,1077392.91,4,0.55,0.7
CASH-03833,1,LALA,elevated_risk,10,358,0.5385,0.3023,0.0828,0.289,0.7078,0.2568,0.5005,0.3223,2188843.6,1317453.71,8,0.6618,0.7438
CASH-03834,2,KAPATAGAN,distressed,12,372,0.4562,0.3077,0.1589,0.4059,0.5647,0.3707,0.2518,0.1185,2680155.24,889055.23,13,0.5793,0.7
CASH-03835,2,KAPATAGAN,moderate_stress,7,190,0.6399,0.2206,0.0979,0.1551,0.787,0.8437,0.483,0.0714,819783.69,516634.15,10,0.7074,0.7376
CASH-03836,3,TUBOD,moderate_stress,5,323,0.7321,0.1638,0.0743,0.2638,0.7541,0.2054,0.6844,0.267,1409385.84,557400.96,4,0.72,0.8055
CASH-03837,3,TUBOD,distressed,12,423,0.5113,0.2821,0.2067,0.4478,0.6085,0.3279,0.3391,0.333,2807485.07,1544859.31,4,0.5845,0.7
CASH-03838,3,TUBOD,moderate_stress,2,396,0.669,0.2076,0.0412,0.2463,0.8519,0.7018,0.5193,0.2452,2967725.78,951921.52,13,0.7064,0.7737
CASH-03839,1,LALA,elevated_risk,6,691,0.5819,0.2333,0.1353,0.3021,0.7183,0.5746,0.4038,0.1303,4656545.77,1482431.36,11,0.6094,0.7
CASH-03840,3,TUBOD,moderate_stress,3,289,0.6124,0.1449,0.0321,0.2876,0.7132,0.4315,0.5728,0.3488,892865.97,201722.56,6,0.6966,0.8642
CASH-03841,3,TUBOD,distressed,12,247,0.3773,0.3551,0.225,0.4264,0.4512,0.1018,0.2541,0.192,2021113.12,926693.46,9,0.55,0.7
CASH-03842,1,LALA,elevated_risk,4,219,0.5912,0.2874,0.1214,0.3692,0.6683,0.5241,0.4814,0.2311,802190.14,715364.26,10,0.615,0.7
CASH-03843,3,TUBOD,moderate_stress,9,263,0.7192,0.1915,0.0875,0.2961,0.7643,0.4882,0.5676,0.0786,739636.06,157043.07,5,0.6926,0.7894
CASH-03844,2,KAPATAGAN,moderate_stress,5,489,0.7434,0.1718,0.0363,0.2353,0.8532,0.1857,0.5509,0.3374,1459540.03,274543.77,8,0.7291,0.8794
CASH-03845,3,TUBOD,moderate_stress,7,354,0.6538,0.2232,0.1231,0.194,0.7656,0.5718,0.6005,0.45,1907021.26,431203.55,8,0.6593,0.7321
CASH-03846,3,TUBOD,moderate_stress,9,200,0.6782,0.1538,0.0717,0.1558,0.6541,0.545,0.6378,0.1237,533270.4,88803.27,9,0.6758,0.8165
CASH-03847,3,TUBOD,prime_healthy,6,339,0.9008,0.026,0.0706,0.2338,0.8449,0.6792,0.8312,0.2513,1735984.98,140100.45,5,0.7838,0.8087
CASH-03848,1,LALA,distressed,12,356,0.3821,0.2354,0.1408,0.4144,0.5308,0.8771,0.1326,0.222,2314144.65,660147.44,18,0.5522,0.7
CASH-03849,1,LALA,moderate_stress,4,295,0.7526,0.1942,0.0531,0.287,0.7666,0.8773,0.5905,0.1765,859980.91,515577.51,6,0.7664,0.8316
CASH-03850,3,TUBOD,prime_healthy,7,243,0.8011,0.0429,0.0235,0.1861,0.9855,0.2898,0.8637,0.1461,1660649.94,94312.84,5,0.8342,0.9115
CASH-03851,2,KAPATAGAN,prime_healthy,10,281,0.8475,0.0894,0.0631,0.2511,0.8217,0.3512,0.6654,0.3525,1873200.12,333882.22,8,0.7806,0.8013
CASH-03852,2,KAPATAGAN,elevated_risk,6,367,0.54,0.2452,0.1463,0.3199,0.7048,0.3091,0.5023,0.45,2774620.85,1273663.74,11,0.5978,0.7
CASH-03853,1,LALA,elevated_risk,12,360,0.6276,0.2179,0.1041,0.3078,0.5675,0.3446,0.3678,0.2579,1728500.32,637979.6,9,0.6289,0.7
CASH-03854,3,TUBOD,moderate_stress,11,318,0.6719,0.1118,0.1247,0.2913,0.8423,0.3401,0.5514,0.45,2301925.89,571226.11,1,0.8002,0.7341
CASH-03855,2,KAPATAGAN,moderate_stress,8,333,0.6991,0.1739,0.1269,0.2194,0.7097,0.651,0.6439,0.2098,1769527.32,547021.43,5,0.657,0.7055
CASH-03856,3,TUBOD,elevated_risk,12,357,0.5943,0.2659,0.1399,0.3785,0.7048,0.4078,0.3756,0.1842,1303290.7,614400.47,11,0.6393,0.7
CASH-03857,1,LALA,prime_healthy,4,474,0.8358,0.1133,0.0509,0.2282,0.856,0.8199,0.8115,0.1299,1799043.42,612890.27,13,0.7876,0.8749
CASH-03858,1,LALA,moderate_stress,6,292,0.7634,0.1664,0.0701,0.2389,0.7111,0.4028,0.5009,0.1695,2338201.99,1152283.16,6,0.6568,0.7996
CASH-03859,2,KAPATAGAN,moderate_stress,4,126,0.7367,0.1242,0.0374,0.155,0.6788,0.5862,0.6844,0.2235,1061222.24,250494.85,5,0.6837,0.8647
CASH-03860,1,LALA,moderate_stress,10,402,0.7138,0.167,0.1192,0.2727,0.7308,0.627,0.727,0.3811,2653186.6,869574.65,5,0.6721,0.7528
CASH-03861,1,LALA,prime_healthy,3,412,0.8257,0.111,0.062,0.1509,0.8882,0.1397,0.6003,0.1483,2909142.82,421243.21,13,0.8193,0.8503
CASH-03862,1,LALA,prime_healthy,10,455,0.8719,0.0793,0.0487,0.2183,0.9159,0.663,0.7418,0.2063,2915316.72,319920.44,12,0.822,0.8651
CASH-03863,3,TUBOD,moderate_stress,6,334,0.65,0.1578,0.1158,0.287,0.8251,0.7661,0.6377,0.1682,837386.92,192358.85,13,0.7031,0.7631
CASH-03864,2,KAPATAGAN,prime_healthy,9,366,0.6716,0.1451,0.0,0.1884,0.9586,0.8729,0.6001,0.2219,1888646.41,682778.79,9,0.8098,0.9128
CASH-03865,2,KAPATAGAN,moderate_stress,5,230,0.7446,0.1981,0.0573,0.2741,0.7812,0.4887,0.7057,0.0706,1115347.07,237002.81,8,0.7542,0.8298
CASH-03866,2,KAPATAGAN,prime_healthy,4,281,0.7305,0.0896,0.0486,0.1932,0.9085,0.287,0.6231,0.1835,947809.32,92126.4,5,0.8297,0.8336
CASH-03867,3,TUBOD,elevated_risk,12,172,0.5096,0.24,0.1075,0.3771,0.6199,0.6659,0.3368,0.0908,639226.12,167255.79,9,0.6301,0.7
CASH-03868,1,LALA,distressed,9,391,0.5382,0.3202,0.1415,0.3062,0.4786,0.4311,0.2896,0.2607,1878108.87,1181174.08,10,0.55,0.7
CASH-03869,2,KAPATAGAN,distressed,9,443,0.4086,0.3647,0.1316,0.5154,0.5488,0.8249,0.1956,0.2943,1327407.59,589954.07,3,0.55,0.7
CASH-03870,2,KAPATAGAN,moderate_stress,6,422,0.7155,0.1877,0.0908,0.3201,0.7026,0.5778,0.4766,0.1375,1903309.53,766149.88,12,0.6591,0.7766
CASH-03871,3,TUBOD,moderate_stress,1,529,0.7444,0.21,0.0455,0.2117,0.7821,0.4284,0.659,0.2013,4127059.72,1543189.91,7,0.7055,0.796
CASH-03872,2,KAPATAGAN,elevated_risk,8,419,0.5801,0.3088,0.1111,0.2854,0.5778,0.3717,0.3557,0.0501,2579350.09,1448035.45,7,0.5774,0.7263
CASH-03873,1,LALA,distressed,3,519,0.4442,0.3343,0.2216,0.3697,0.5572,0.1687,0.2893,0.3758,4353025.03,3223977.53,4,0.55,0.7
CASH-03874,1,LALA,prime_healthy,7,406,0.821,0.1139,0.0133,0.2532,0.7698,0.8421,0.7018,0.2316,3097151.65,764241.95,6,0.7124,0.9056
CASH-03875,1,LALA,moderate_stress,4,559,0.7377,0.1913,0.071,0.2321,0.6979,0.1715,0.5223,0.2874,1665173.03,510031.09,8,0.648,0.7916
CASH-03876,1,LALA,moderate_stress,1,523,0.6761,0.1056,0.121,0.2613,0.9537,0.536,0.4449,0.3199,4402170.13,1270563.64,6,0.7197,0.7545
CASH-03877,2,KAPATAGAN,moderate_stress,7,411,0.777,0.1642,0.0588,0.2753,0.7555,0.1331,0.6029,0.1682,1356410.13,456222.06,4,0.7017,0.8086
CASH-03878,2,KAPATAGAN,moderate_stress,2,221,0.6876,0.2187,0.042,0.216,0.6624,0.2276,0.5233,0.4403,871175.7,224937.17,10,0.5975,0.8318
CASH-03879,1,LALA,prime_healthy,4,385,0.8063,0.0961,0.0269,0.0503,0.8156,0.2924,0.7324,0.1563,2919258.23,553301.17,5,0.7985,0.9376
CASH-03880,1,LALA,elevated_risk,2,389,0.4509,0.3145,0.1727,0.2788,0.7082,0.5255,0.3532,0.0787,1430649.13,1241895.53,8,0.5964,0.7
CASH-03881,2,KAPATAGAN,moderate_stress,8,478,0.7427,0.1366,0.016,0.3555,0.7456,0.6566,0.5776,0.1632,3640031.96,1245597.97,12,0.6881,0.9033
CASH-03882,3,TUBOD,prime_healthy,3,229,0.8066,0.0235,0.0795,0.1859,0.9959,0.1212,0.804,0.2901,1911088.03,62167.67,7,0.883,0.8616
CASH-03883,3,TUBOD,distressed,6,292,0.4925,0.3096,0.1482,0.3629,0.4747,0.8905,0.3497,0.2855,2213316.3,858413.33,4,0.55,0.7
CASH-03884,2,KAPATAGAN,prime_healthy,2,443,0.7991,0.1764,0.0245,0.2139,0.9848,0.239,0.734,0.1255,3154061.53,1039529.29,3,0.8173,0.8761
CASH-03885,3,TUBOD,moderate_stress,5,176,0.7112,0.1131,0.0422,0.272,0.6696,0.9138,0.5855,0.0217,502831.05,101046.47,4,0.7072,0.8488
CASH-03886,1,LALA,prime_healthy,3,508,0.8559,0.0772,0.0669,0.1948,0.9748,0.1179,0.6546,0.45,2025579.24,173844.72,11,0.8488,0.8358
CASH-03887,1,LALA,moderate_stress,11,473,0.7537,0.1675,0.0429,0.3011,0.7973,0.7776,0.5881,0.0497,3104833.39,638939.87,15,0.7839,0.8572
CASH-03888,1,LALA,elevated_risk,12,256,0.5951,0.2593,0.1456,0.2953,0.7277,0.4069,0.3521,0.1753,1825769.18,1302197.74,13,0.717,0.7
CASH-03889,1,LALA,moderate_stress,6,690,0.6931,0.2099,0.097,0.3062,0.7236,0.3966,0.6974,0.2167,3768970.47,2029727.93,7,0.6273,0.7802
CASH-03890,3,TUBOD,moderate_stress,4,237,0.7319,0.1804,0.0877,0.2543,0.8933,0.3416,0.5613,0.2529,680059.15,370213.44,11,0.8071,0.7611
CASH-03891,3,TUBOD,prime_healthy,2,362,0.8569,0.0916,0.0515,0.1575,0.986,0.1246,0.702,0.2378,1881189.89,257038.81,7,0.8448,0.8505
CASH-03892,1,LALA,elevated_risk,7,261,0.6311,0.2693,0.0997,0.3676,0.7263,0.1301,0.3901,0.45,1685612.88,490802.71,4,0.6007,0.7001
CASH-03893,3,TUBOD,prime_healthy,10,282,0.8576,0.1123,0.0021,0.1705,0.9132,0.2341,0.6599,0.1167,1643932.22,503500.18,15,0.8428,0.9134
CASH-03894,3,TUBOD,moderate_stress,2,305,0.755,0.1457,0.0993,0.2222,0.8885,0.3791,0.5935,0.0963,858544.6,194980.8,2,0.72,0.738
CASH-03895,3,TUBOD,elevated_risk,3,328,0.6289,0.2083,0.1007,0.2588,0.7166,0.7427,0.4566,0.1402,2657832.14,1142594.6,0,0.6806,0.764
CASH-03896,3,TUBOD,elevated_risk,9,284,0.4604,0.2542,0.0779,0.3518,0.6071,0.1241,0.475,0.3874,1964201.47,1579984.26,1,0.55,0.7536
CASH-03897,3,TUBOD,moderate_stress,12,232,0.7451,0.1001,0.0943,0.2898,0.8785,0.5417,0.6203,0.2556,592614.89,157254.07,4,0.8349,0.7902
CASH-03898,2,KAPATAGAN,prime_healthy,7,325,0.8621,0.0406,0.0513,0.1609,0.9827,0.8439,0.7982,0.1273,2411680.24,236522.58,8,0.8315,0.8983
CASH-03899,1,LALA,moderate_stress,12,214,0.6713,0.2362,0.0926,0.2399,0.851,0.7427,0.4503,0.1433,1029772.69,284903.57,15,0.7841,0.7205
CASH-03900,3,TUBOD,distressed,9,335,0.4923,0.3297,0.1757,0.3505,0.6412,0.4036,0.2817,0.1814,1496563.54,1160995.2,4,0.55,0.7
CASH-03901,1,LALA,prime_healthy,10,344,0.8191,0.1417,0.0377,0.16,0.9266,0.2571,0.7384,0.335,2590444.75,371195.24,8,0.8429,0.8593
CASH-03902,3,TUBOD,distressed,8,195,0.4913,0.3096,0.1861,0.3778,0.4642,0.3694,0.3429,0.284,1373241.79,1181819.61,2,0.55,0.7
CASH-03903,2,KAPATAGAN,distressed,9,345,0.4497,0.341,0.2093,0.3459,0.609,0.7346,0.2442,0.2315,1267839.86,854652.33,7,0.55,0.7
CASH-03904,3,TUBOD,moderate_stress,12,331,0.6175,0.1809,0.0635,0.1915,0.7673,0.4213,0.546,0.2275,2678536.36,605891.76,5,0.7529,0.818
CASH-03905,2,KAPATAGAN,prime_healthy,1,393,0.7949,0.0382,0.0019,0.135,1.0,0.2943,0.6431,0.4351,2196205.82,225436.53,6,0.7903,0.95
CASH-03906,1,LALA,distressed,1,514,0.4502,0.2959,0.1481,0.4119,0.5619,0.2072,0.2225,0.0987,1709588.37,1233949.96,9,0.55,0.7
CASH-03907,1,LALA,elevated_risk,10,414,0.5345,0.2598,0.0906,0.3451,0.702,0.4713,0.3251,0.4071,2809184.89,1057122.29,12,0.6206,0.7251
CASH-03908,2,KAPATAGAN,prime_healthy,11,333,0.8933,0.1052,0.0015,0.1811,0.9603,0.9128,0.6083,0.2293,1626598.05,493836.83,7,0.9127,0.8908
CASH-03909,2,KAPATAGAN,prime_healthy,3,446,0.8555,0.0789,0.0656,0.1379,0.9814,0.3598,0.7427,0.3729,2996844.77,578656.59,12,0.81,0.8799
CASH-03910,3,TUBOD,prime_healthy,12,429,0.8237,0.1513,0.0251,0.2186,0.9117,0.5098,0.7697,0.3657,1902431.79,751077.65,10,0.892,0.8715
CASH-03911,1,LALA,prime_healthy,10,190,0.8892,0.026,0.0848,0.155,0.8505,0.8864,0.6215,0.2867,990190.34,46679.53,8,0.794,0.8243
CASH-03912,3,TUBOD,elevated_risk,9,440,0.7126,0.1733,0.1141,0.2881,0.781,0.7562,0.3359,0.3114,3073935.85,782896.45,4,0.6792,0.7
CASH-03913,1,LALA,elevated_risk,10,466,0.5747,0.224,0.0494,0.3153,0.5584,0.3536,0.4333,0.2087,2538370.98,1441198.5,5,0.6213,0.7494
CASH-03914,2,KAPATAGAN,distressed,9,474,0.4618,0.3916,0.1466,0.3379,0.6034,0.849,0.3519,0.45,2250876.47,1149821.97,6,0.55,0.7
CASH-03915,1,LALA,distressed,3,463,0.4241,0.345,0.1291,0.3987,0.5822,0.5369,0.2976,0.1888,1532049.23,1048744.14,8,0.55,0.7
CASH-03916,2,KAPATAGAN,moderate_stress,1,313,0.7236,0.1954,0.0678,0.2634,0.7316,0.8794,0.5964,0.062,1259816.24,388458.38,6,0.6647,0.8002
CASH-03917,3,TUBOD,elevated_risk,9,278,0.5588,0.2535,0.0987,0.2673,0.772,0.8777,0.2827,0.0967,2114619.72,1639644.04,9,0.6579,0.7102
CASH-03918,1,LALA,elevated_risk,6,480,0.4496,0.2321,0.1023,0.3137,0.7257,0.1767,0.4515,0.1717,3393861.43,1626718.71,8,0.6471,0.741
CASH-03919,1,LALA,moderate_stress,9,409,0.7308,0.2228,0.0464,0.3096,0.8824,0.377,0.5888,0.2236,3034219.85,708120.83,1,0.7434,0.7957
CASH-03920,2,KAPATAGAN,prime_healthy,1,394,0.897,0.0666,0.0,0.2171,1.0,0.1505,0.7836,0.4061,1982948.84,132392.13,6,0.8033,0.95
CASH-03921,1,LALA,prime_healthy,9,412,0.8085,0.1647,0.0,0.256,0.9549,0.4195,0.729,0.1516,2922781.03,855166.5,6,0.8529,0.9112
CASH-03922,1,LALA,distressed,3,494,0.3926,0.3747,0.1577,0.3756,0.5697,0.2,0.4889,0.4477,3829703.05,2287824.66,7,0.55,0.7
CASH-03923,1,LALA,moderate_stress,6,389,0.7791,0.1583,0.0627,0.2894,0.725,0.8831,0.6161,0.3844,1045452.66,295835.28,7,0.6915,0.8205
CASH-03924,2,KAPATAGAN,elevated_risk,7,283,0.6167,0.2655,0.1177,0.2327,0.6442,0.3791,0.3829,0.1094,2167083.06,968577.08,10,0.5833,0.7118
CASH-03925,3,TUBOD,prime_healthy,2,385,0.8841,0.0534,0.0,0.1826,0.8818,0.4428,0.7532,0.1701,2094457.68,126481.92,6,0.7686,0.9029
CASH-03926,3,TUBOD,prime_healthy,7,333,0.799,0.1325,0.0684,0.0947,1.0,0.6019,0.747,0.3946,2404528.97,881184.23,11,0.855,0.8016
CASH-03927,3,TUBOD,elevated_risk,8,282,0.5669,0.2815,0.1274,0.3681,0.7387,0.5508,0.2735,0.3738,1120073.66,848771.21,8,0.5785,0.7
CASH-03928,2,KAPATAGAN,distressed,11,263,0.3951,0.3869,0.218,0.3271,0.5531,0.143,0.3059,0.2319,2004018.11,1439987.14,7,0.55,0.7
CASH-03929,2,KAPATAGAN,moderate_stress,4,403,0.6506,0.2224,0.095,0.2566,0.7808,0.3595,0.4811,0.45,1791082.8,571956.9,5,0.6772,0.7552
CASH-03930,1,LALA,prime_healthy,12,397,0.8413,0.1543,0.0044,0.1877,0.9695,0.3383,0.7045,0.2081,2369007.76,394983.62,6,0.8931,0.8914
CASH-03931,3,TUBOD,moderate_stress,11,197,0.7039,0.1237,0.0709,0.1768,0.6953,0.7844,0.6334,0.1309,1355240.94,347654.86,3,0.7002,0.8146
CASH-03932,3,TUBOD,elevated_risk,1,295,0.5902,0.2286,0.1207,0.3836,0.6154,0.8814,0.4806,0.1676,2304676.61,527670.14,9,0.55,0.7
CASH-03933,3,TUBOD,moderate_stress,10,293,0.6387,0.1803,0.1285,0.2287,0.808,0.6483,0.6005,0.0321,1837067.44,861074.61,4,0.7215,0.7277
CASH-03934,2,KAPATAGAN,moderate_stress,11,345,0.7309,0.197,0.0721,0.1458,0.9391,0.5648,0.6798,0.2248,2015926.51,912010.55,9,0.8517,0.811
CASH-03935,2,KAPATAGAN,moderate_stress,1,335,0.7152,0.1326,0.1521,0.1686,0.7568,0.4081,0.5717,0.1911,1873879.87,533722.1,10,0.6631,0.7187
CASH-03936,2,KAPATAGAN,moderate_stress,11,353,0.6545,0.1896,0.0765,0.2205,0.7848,0.3268,0.5811,0.3549,1996756.97,1192745.7,8,0.7408,0.8062
CASH-03937,1,LALA,moderate_stress,8,557,0.5934,0.2127,0.068,0.0972,0.7637,0.2755,0.5215,0.3224,2416126.82,799156.51,10,0.6068,0.7824
CASH-03938,1,LALA,elevated_risk,4,425,0.6363,0.2962,0.0675,0.2878,0.7921,0.1362,0.3276,0.255,1593821.06,1223302.47,5,0.7298,0.7005
CASH-03939,2,KAPATAGAN,elevated_risk,6,562,0.5334,0.2687,0.1267,0.3556,0.7485,0.1915,0.378,0.0613,3392338.66,963298.76,7,0.6285,0.7
CASH-03940,2,KAPATAGAN,prime_healthy,8,379,0.8269,0.1119,0.0,0.1789,0.9668,0.6809,0.7451,0.4466,3104153.66,740005.87,7,0.766,0.9005
CASH-03941,3,TUBOD,prime_healthy,5,352,0.7091,0.0905,0.041,0.1949,0.9525,0.7275,0.791,0.3682,2883913.42,675864.55,6,0.8348,0.847
CASH-03942,1,LALA,elevated_risk,4,394,0.5374,0.282,0.087,0.4717,0.637,0.3092,0.5778,0.2387,3284787.42,939955.57,7,0.5517,0.7075
CASH-03943,1,LALA,moderate_stress,5,358,0.7074,0.1791,0.0924,0.2538,0.7921,0.5667,0.7118,0.2675,2297413.13,415545.99,11,0.7139,0.7679
CASH-03944,3,TUBOD,prime_healthy,6,335,0.7964,0.0993,0.0291,0.1652,1.0,0.6483,0.7033,0.1354,1609031.22,267259.06,8,0.8283,0.9011
CASH-03945,1,LALA,prime_healthy,9,365,0.859,0.1194,0.0217,0.1236,1.0,0.7781,0.7464,0.1227,1308310.4,273250.55,12,0.807,0.8446
CASH-03946,1,LALA,elevated_risk,6,425,0.5617,0.3087,0.1297,0.2904,0.7187,0.2245,0.4661,0.1853,1812794.87,1340982.95,9,0.5692,0.7
CASH-03947,3,TUBOD,moderate_stress,11,241,0.7173,0.167,0.0253,0.2733,0.7893,0.1524,0.6656,0.2368,929340.26,430213.93,4,0.8157,0.8396
CASH-03948,2,KAPATAGAN,moderate_stress,1,256,0.7656,0.1744,0.0601,0.2396,0.8006,0.4669,0.5809,0.3039,1880580.92,408141.26,5,0.6615,0.8348
CASH-03949,3,TUBOD,moderate_stress,8,275,0.724,0.1498,0.1137,0.277,0.8179,0.6845,0.714,0.1402,1527577.4,427209.08,5,0.6696,0.7243
CASH-03950,3,TUBOD,distressed,12,299,0.4581,0.3288,0.1699,0.4471,0.5973,0.8345,0.277,0.3903,1833042.05,1784180.56,11,0.554,0.7
CASH-03951,1,LALA,moderate_stress,2,681,0.7089,0.1878,0.0578,0.262,0.7667,0.7669,0.5292,0.0458,2354179.9,682573.48,12,0.6648,0.8115
CASH-03952,3,TUBOD,prime_healthy,5,409,0.8254,0.1458,0.0288,0.155,0.8639,0.8919,0.8452,0.1899,2890349.4,558901.37,9,0.8292,0.818
CASH-03953,3,TUBOD,prime_healthy,7,368,0.7022,0.0831,0.0,0.179,0.7834,0.6968,0.8077,0.3652,2289750.37,500268.53,11,0.7409,0.95
CASH-03954,3,TUBOD,prime_healthy,1,261,0.836,0.1322,0.0139,0.2377,0.8835,0.7532,0.665,0.3332,1738482.38,425343.79,7,0.7174,0.9204
CASH-03955,3,TUBOD,distressed,9,271,0.4903,0.3297,0.176,0.3483,0.682,0.3726,0.2831,0.4034,2193138.85,2163390.59,8,0.55,0.7
CASH-03956,1,LALA,moderate_stress,4,440,0.662,0.2118,0.1263,0.2936,0.8791,0.4474,0.7831,0.45,1244962.14,362160.58,6,0.7519,0.7269
CASH-03957,2,KAPATAGAN,moderate_stress,4,510,0.7426,0.1944,0.063,0.2548,0.7737,0.7465,0.5523,0.4133,3441299.77,1736543.9,15,0.6568,0.7878
CASH-03958,3,TUBOD,prime_healthy,7,382,0.856,0.1059,0.0381,0.168,0.9341,0.7227,0.8005,0.3174,2683646.61,812964.64,3,0.7735,0.873
CASH-03959,1,LALA,moderate_stress,2,456,0.7119,0.2286,0.0234,0.1839,0.7947,0.4711,0.7103,0.1154,3670428.86,966677.94,8,0.7521,0.8349
CASH-03960,2,KAPATAGAN,prime_healthy,9,258,0.8482,0.0787,0.0731,0.2316,0.9558,0.2735,0.7032,0.2389,1766668.57,179738.61,8,0.8109,0.8854
CASH-03961,3,TUBOD,moderate_stress,1,241,0.7894,0.1424,0.0682,0.2517,0.7921,0.5833,0.3638,0.45,1219338.09,425677.8,9,0.6571,0.8043
CASH-03962,3,TUBOD,moderate_stress,12,288,0.7498,0.1659,0.083,0.2365,0.8164,0.4156,0.6552,0.3581,1020996.56,538544.24,7,0.7712,0.7793
CASH-03963,1,LALA,distressed,11,510,0.4792,0.275,0.1706,0.3474,0.689,0.1149,0.1164,0.0995,3559460.59,2302576.99,12,0.5861,0.7
CASH-03964,1,LALA,prime_healthy,7,339,0.9101,0.0762,0.0137,0.2044,0.8939,0.1937,0.7101,0.119,2395236.9,342753.38,10,0.8258,0.8868
CASH-03965,2,KAPATAGAN,distressed,6,357,0.3901,0.3157,0.2091,0.3301,0.4925,0.4859,0.3341,0.3009,1546449.43,1047915.47,11,0.55,0.7
CASH-03966,2,KAPATAGAN,moderate_stress,10,314,0.6865,0.1445,0.1338,0.2813,0.9376,0.3422,0.4577,0.1788,1082965.83,319710.37,16,0.78,0.7307
CASH-03967,1,LALA,prime_healthy,12,524,0.8422,0.1578,0.0,0.2255,0.8665,0.9041,0.6284,0.2107,2648216.56,1141594.02,9,0.8964,0.868
CASH-03968,2,KAPATAGAN,prime_healthy,7,224,0.9119,0.0533,0.0,0.2465,0.83,0.557,0.7273,0.201,1237312.58,107267.75,13,0.8029,0.9286
CASH-03969,3,TUBOD,moderate_stress,10,276,0.6721,0.1346,0.07,0.2138,0.8812,0.6679,0.4237,0.2365,2205984.21,499914.98,6,0.7928,0.8648
CASH-03970,2,KAPATAGAN,distressed,8,417,0.4785,0.2426,0.1841,0.3442,0.6238,0.8368,0.2544,0.2509,2110263.2,1497064.61,7,0.55,0.7
CASH-03971,1,LALA,moderate_stress,11,425,0.7561,0.1566,0.0873,0.2345,0.8082,0.8003,0.599,0.2263,2840808.03,814091.75,3,0.8353,0.7855
CASH-03972,1,LALA,distressed,1,350,0.5841,0.2993,0.1166,0.4248,0.5721,0.3053,0.3801,0.0279,1507666.05,926055.69,7,0.55,0.7
CASH-03973,3,TUBOD,distressed,12,262,0.4364,0.3254,0.2303,0.4381,0.6157,0.6873,0.1695,0.1757,773895.42,500090.54,9,0.55,0.7
CASH-03974,2,KAPATAGAN,distressed,10,480,0.4687,0.3752,0.1561,0.3626,0.5397,0.7468,0.3859,0.088,2624710.3,1544425.51,11,0.55,0.7
CASH-03975,1,LALA,elevated_risk,4,395,0.6428,0.2482,0.0943,0.3734,0.8067,0.7029,0.4759,0.1719,2600452.82,673549.01,10,0.7161,0.744
CASH-03976,1,LALA,elevated_risk,2,564,0.6331,0.2395,0.1275,0.2855,0.646,0.4292,0.3141,0.2897,3707681.57,1112818.06,10,0.5745,0.7
CASH-03977,3,TUBOD,moderate_stress,3,259,0.6661,0.171,0.0249,0.2293,0.8035,0.6306,0.7584,0.069,848526.7,370511.89,4,0.7469,0.8604
CASH-03978,3,TUBOD,moderate_stress,12,315,0.6785,0.2261,0.0955,0.2768,0.7423,0.6829,0.6084,0.3126,1371863.05,846653.1,8,0.719,0.7555
CASH-03979,1,LALA,elevated_risk,8,502,0.6136,0.2368,0.1496,0.3406,0.6948,0.3896,0.4355,0.45,2110569.43,1495804.94,7,0.5523,0.7
CASH-03980,3,TUBOD,elevated_risk,4,149,0.6547,0.2127,0.1327,0.3091,0.6272,0.22,0.5471,0.2857,951551.08,546561.9,12,0.5754,0.7191
CASH-03981,2,KAPATAGAN,distressed,11,400,0.5061,0.2519,0.1562,0.4346,0.5469,0.8927,0.3263,0.1509,1687330.93,931440.0,8,0.5695,0.7
CASH-03982,1,LALA,elevated_risk,12,345,0.5851,0.231,0.099,0.2393,0.7735,0.3746,0.5402,0.45,2010159.86,528918.82,9,0.77,0.7671
CASH-03983,1,LALA,moderate_stress,7,385,0.569,0.1813,0.0683,0.2512,0.6208,0.5124,0.5887,0.45,1889072.27,758552.23,9,0.602,0.8088
CASH-03984,1,LALA,moderate_stress,9,430,0.6484,0.2565,0.0951,0.2962,0.7372,0.1417,0.6096,0.1651,1852174.96,478758.56,8,0.6744,0.7602
CASH-03985,2,KAPATAGAN,moderate_stress,6,286,0.7382,0.1538,0.0933,0.2538,0.7987,0.9062,0.5756,0.1379,2136541.3,730169.1,4,0.6772,0.7476
CASH-03986,1,LALA,moderate_stress,5,396,0.6397,0.1812,0.0414,0.3374,0.8112,0.6368,0.5941,0.072,1796363.22,452637.16,7,0.7294,0.8123
CASH-03987,3,TUBOD,elevated_risk,12,313,0.5732,0.2974,0.1294,0.3549,0.6575,0.5034,0.4667,0.1684,1718699.82,1000527.51,8,0.6317,0.7
CASH-03988,3,TUBOD,distressed,8,272,0.3966,0.3111,0.1668,0.3907,0.4832,0.231,0.1978,0.2303,1193587.83,671832.49,7,0.55,0.7
CASH-03989,2,KAPATAGAN,distressed,1,343,0.4636,0.3156,0.1893,0.4633,0.5381,0.1094,0.3963,0.1827,2822420.6,1238701.23,9,0.55,0.7
CASH-03990,2,KAPATAGAN,moderate_stress,3,386,0.6606,0.1494,0.1109,0.1971,0.9398,0.34,0.5617,0.1425,2643409.82,747763.21,6,0.7785,0.768
CASH-03991,3,TUBOD,distressed,12,303,0.472,0.3645,0.1635,0.4173,0.6123,0.1066,0.2103,0.2616,1414124.58,800241.0,9,0.5672,0.7
CASH-03992,1,LALA,prime_healthy,11,255,0.8378,0.1158,0.0446,0.1495,0.9059,0.8774,0.7561,0.3585,1431427.39,179700.14,11,0.8642,0.8616
CASH-03993,3,TUBOD,prime_healthy,7,394,0.7814,0.0796,0.0208,0.2656,0.9802,0.6916,0.7713,0.1571,2535988.57,351433.0,7,0.8346,0.9141
CASH-03994,2,KAPATAGAN,elevated_risk,12,497,0.6408,0.2458,0.0775,0.2839,0.7479,0.2028,0.337,0.2608,4009684.2,2930739.21,10,0.7585,0.7637
CASH-03995,2,KAPATAGAN,moderate_stress,9,394,0.7334,0.2083,0.0584,0.2236,0.7949,0.4755,0.6722,0.1457,1671031.35,828203.71,14,0.7261,0.7982
CASH-03996,3,TUBOD,moderate_stress,3,417,0.7363,0.1718,0.0919,0.2911,0.796,0.6522,0.5423,0.1337,1066138.13,251253.41,6,0.6967,0.7535
CASH-03997,3,TUBOD,prime_healthy,7,211,0.8726,0.0728,0.0278,0.1998,0.9228,0.6772,0.6938,0.45,644345.65,130228.74,4,0.7835,0.8907
CASH-03998,3,TUBOD,moderate_stress,4,270,0.6761,0.1831,0.065,0.2961,0.8122,0.4124,0.5048,0.2414,2176078.43,809932.5,7,0.7183,0.7928
CASH-03999,2,KAPATAGAN,prime_healthy,6,242,0.8452,0.0854,0.0222,0.1906,1.0,0.8888,0.7958,0.175,607915.28,82832.37,3,0.8455,0.9042
CASH-04000,1,LALA,moderate_stress,11,394,0.7428,0.1965,0.0607,0.2534,0.7226,0.541,0.553,0.0926,1841622.67,970849.42,10,0.7704,0.7817
