brand,model_code,vehicle_category,base_price,branch_id,branch_name,avg_days_on_lot,trailing_sales_count,season_month,monthly_sales_velocity
YAMAHA,AEROX 155,Sport Scooter,125400.0,3,TUBOD,16.3,10,11,3.47
HONDA,CLICK 160,Scooter,122900.0,1,LALA,17.2,15,8,5.03
SUZUKI,RAIDER 150 FI,Sport Underbone,119900.0,1,LALA,13.4,13,11,4.38
HONDA,PCX160,Maxi-Scooter,134900.0,1,LALA,47.9,8,5,2.48
SUZUKI,RAIDER 150 FI,Sport Underbone,119900.0,2,KAPATAGAN,6.1,15,4,4.85
HONDA,ADV160,Adventure Scooter,166900.0,2,KAPATAGAN,33.0,7,8,2.52
HONDA,WAVE RSX,Underbone,64900.0,1,LALA,25.0,15,9,4.6
KAWASAKI,CT100B,Backbone/Utility,54000.0,3,TUBOD,22.4,10,8,3.01
YAMAHA,AEROX 155,Sport Scooter,125400.0,3,TUBOD,22.7,8,10,2.86
YAMAHA,MIO GEAR 125,Scooter,79400.0,2,KAPATAGAN,10.1,19,12,6.79
YAMAHA,MIO FAZZIO,Retro Scooter,93900.0,1,LALA,24.1,13,9,3.97
SUZUKI,RAIDER 150 FI,Sport Underbone,119900.0,1,LALA,26.2,10,1,3.31
HONDA,CLICK 125I,Scooter,81400.0,1,LALA,33.3,24,3,7.5
HONDA,BEAT PREMIUM,Scooter,72400.0,2,KAPATAGAN,30.0,12,4,4.37
HONDA,PCX160,Maxi-Scooter,134900.0,1,LALA,25.5,9,4,3.18
SUZUKI,SMASH 115,Underbone,62400.0,3,TUBOD,50.1,7,8,2.48
HONDA,BEAT PREMIUM,Scooter,72400.0,1,LALA,27.0,26,11,8.35
HONDA,PCX160,Maxi-Scooter,134900.0,2,KAPATAGAN,24.0,10,9,3.66
YAMAHA,NMAX 155,Maxi-Scooter,151900.0,3,TUBOD,19.6,10,6,3.72
YAMAHA,SNIPER 155,Sport Underbone,123900.0,1,LALA,47.0,12,3,4.09
HONDA,PCX160,Maxi-Scooter,134900.0,2,KAPATAGAN,64.3,11,12,3.5
SUZUKI,RAIDER 150 FI,Sport Underbone,119900.0,2,KAPATAGAN,14.8,10,8,3.08
HONDA,CLICK 125I,Scooter,81400.0,1,LALA,14.9,18,8,6.06
SUZUKI,RAIDER 150 FI,Sport Underbone,119900.0,1,LALA,3.7,20,4,6.21
HONDA,WAVE RSX,Underbone,64900.0,1,LALA,24.9,10,4,3.81
HONDA,BEAT PREMIUM,Scooter,72400.0,3,TUBOD,19.4,10,10,3.68
YAMAHA,SNIPER 155,Sport Underbone,123900.0,2,KAPATAGAN,27.0,7,9,2.69
YAMAHA,SNIPER 155,Sport Underbone,123900.0,2,KAPATAGAN,11.0,12,5,4.13
KAWASAKI,ROUSER NS125,Sport Backbone,82000.0,2,KAPATAGAN,32.5,11,10,3.77
HONDA,CLICK 125I,Scooter,81400.0,1,LALA,35.6,18,3,6.88
YAMAHA,NMAX 155,Maxi-Scooter,151900.0,3,TUBOD,35.5,9,2,3.09
KAWASAKI,CT100B,Backbone/Utility,54000.0,1,LALA,16.7,15,8,4.86
HONDA,BEAT PREMIUM,Scooter,72400.0,2,KAPATAGAN,10.3,31,12,9.46
SUZUKI,BURGMAN STREET 125,Maxi-Scooter,83400.0,3,TUBOD,3.9,20,1,6.12
YAMAHA,AEROX 155,Sport Scooter,125400.0,3,TUBOD,4.6,17,5,5.46
YAMAHA,MIO GEAR 125,Scooter,79400.0,3,TUBOD,15.9,15,9,4.89
HONDA,CLICK 160,Scooter,122900.0,2,KAPATAGAN,71.2,14,5,4.32
SUZUKI,BURGMAN STREET 125,Maxi-Scooter,83400.0,2,KAPATAGAN,12.5,18,12,6.18
KAWASAKI,P24KK (BARAKO II),Backbone/Tricycle,68500.0,2,KAPATAGAN,15.7,21,9,6.4
YAMAHA,MIO GEAR 125,Scooter,79400.0,2,KAPATAGAN,3.7,18,5,6.07
KAWASAKI,CT100B,Backbone/Utility,54000.0,3,TUBOD,31.4,9,1,3.25
KAWASAKI,CT100B,Backbone/Utility,54000.0,1,LALA,19.8,21,4,6.11
YAMAHA,MIO FAZZIO,Retro Scooter,93900.0,1,LALA,43.7,12,3,4.05
SUZUKI,SMASH 115,Underbone,62400.0,1,LALA,38.7,15,1,4.81
HONDA,PCX160,Maxi-Scooter,134900.0,1,LALA,21.9,10,1,3.38
KAWASAKI,P24KK (BARAKO II),Backbone/Tricycle,68500.0,2,KAPATAGAN,33.0,23,7,7.28
SUZUKI,RAIDER 150 FI,Sport Underbone,119900.0,1,LALA,15.8,8,7,3.46
YAMAHA,AEROX 155,Sport Scooter,125400.0,2,KAPATAGAN,38.2,16,11,4.36
SUZUKI,BURGMAN STREET 125,Maxi-Scooter,83400.0,2,KAPATAGAN,23.7,9,1,3.23
YAMAHA,MIO SPORTY,Scooter,73900.0,1,LALA,7.1,20,11,7.35
HONDA,PCX160,Maxi-Scooter,134900.0,1,LALA,11.8,17,3,5.24
HONDA,CLICK 125I,Scooter,81400.0,2,KAPATAGAN,25.2,16,5,5.13
YAMAHA,AEROX 155,Sport Scooter,125400.0,1,LALA,14.7,10,9,4.1
YAMAHA,NMAX 155,Maxi-Scooter,151900.0,2,KAPATAGAN,15.9,9,10,3.5
YAMAHA,AEROX 155,Sport Scooter,125400.0,3,TUBOD,11.7,11,7,3.42
HONDA,WAVE RSX,Underbone,64900.0,2,KAPATAGAN,17.3,12,9,3.88
HONDA,PCX160,Maxi-Scooter,134900.0,2,KAPATAGAN,22.2,10,9,3.05
KAWASAKI,CT100B,Backbone/Utility,54000.0,3,TUBOD,76.4,7,7,2.23
YAMAHA,AEROX 155,Sport Scooter,125400.0,2,KAPATAGAN,12.7,11,11,3.44
HONDA,CLICK 125I,Scooter,81400.0,3,TUBOD,67.8,9,10,3.03
SUZUKI,RAIDER 150 FI,Sport Underbone,119900.0,1,LALA,13.1,23,9,6.73
HONDA,PCX160,Maxi-Scooter,134900.0,3,TUBOD,15.6,11,1,3.53
SUZUKI,BURGMAN STREET 125,Maxi-Scooter,83400.0,2,KAPATAGAN,12.2,12,6,3.59
HONDA,WAVE RSX,Underbone,64900.0,3,TUBOD,23.5,11,3,4.04
HONDA,TMX125 ALPHA,Backbone/Utility,57900.0,1,LALA,8.3,19,9,6.21
YAMAHA,MIO FAZZIO,Retro Scooter,93900.0,2,KAPATAGAN,35.1,11,4,3.93
HONDA,CLICK 160,Scooter,122900.0,1,LALA,13.9,18,11,6.31
YAMAHA,AEROX 155,Sport Scooter,125400.0,3,TUBOD,23.8,10,10,3.41
SUZUKI,BURGMAN STREET 125,Maxi-Scooter,83400.0,2,KAPATAGAN,17.3,8,8,2.9
SUZUKI,BURGMAN STREET 125,Maxi-Scooter,83400.0,2,KAPATAGAN,13.3,15,8,4.89
YAMAHA,MIO SPORTY,Scooter,73900.0,3,TUBOD,28.7,9,6,3.31
HONDA,TMX125 ALPHA,Backbone/Utility,57900.0,3,TUBOD,29.1,7,5,2.71
KAWASAKI,P24KK (BARAKO II),Backbone/Tricycle,68500.0,3,TUBOD,8.1,16,1,5.58
YAMAHA,SNIPER 155,Sport Underbone,123900.0,1,LALA,27.4,8,8,2.6
YAMAHA,NMAX 155,Maxi-Scooter,151900.0,3,TUBOD,20.6,5,2,2.17
SUZUKI,BURGMAN STREET 125,Maxi-Scooter,83400.0,3,TUBOD,81.2,10,1,3.11
SUZUKI,BURGMAN STREET 125,Maxi-Scooter,83400.0,1,LALA,37.6,12,4,4.15
HONDA,BEAT PREMIUM,Scooter,72400.0,1,LALA,16.2,18,6,6.66
YAMAHA,NMAX 155,Maxi-Scooter,151900.0,3,TUBOD,16.6,12,7,3.82
YAMAHA,NMAX 155,Maxi-Scooter,151900.0,3,TUBOD,42.5,15,4,4.52
HONDA,ADV160,Adventure Scooter,166900.0,2,KAPATAGAN,33.9,2,9,1.56
HONDA,WAVE RSX,Underbone,64900.0,1,LALA,30.5,5,10,2.87
HONDA,CLICK 125I,Scooter,81400.0,3,TUBOD,39.3,12,3,4.31
HONDA,CLICK 160,Scooter,122900.0,2,KAPATAGAN,14.3,16,7,5.62
YAMAHA,MIO FAZZIO,Retro Scooter,93900.0,2,KAPATAGAN,8.7,15,11,4.55
HONDA,PCX160,Maxi-Scooter,134900.0,3,TUBOD,4.3,6,3,2.94
SUZUKI,RAIDER 150 FI,Sport Underbone,119900.0,3,TUBOD,31.2,11,1,3.49
HONDA,WAVE RSX,Underbone,64900.0,3,TUBOD,15.4,12,5,4.01
HONDA,PCX160,Maxi-Scooter,134900.0,2,KAPATAGAN,5.0,16,12,5.21
YAMAHA,MIO FAZZIO,Retro Scooter,93900.0,1,LALA,11.8,12,2,3.64
HONDA,WAVE RSX,Underbone,64900.0,3,TUBOD,22.2,12,4,3.71
HONDA,WAVE RSX,Underbone,64900.0,3,TUBOD,15.5,11,4,3.85
HONDA,BEAT PREMIUM,Scooter,72400.0,2,KAPATAGAN,7.7,17,9,5.92
YAMAHA,NMAX 155,Maxi-Scooter,151900.0,3,TUBOD,52.5,7,8,1.92
HONDA,PCX160,Maxi-Scooter,134900.0,1,LALA,88.6,8,8,2.57
HONDA,ADV160,Adventure Scooter,166900.0,1,LALA,4.6,12,5,3.33
HONDA,BEAT PREMIUM,Scooter,72400.0,1,LALA,68.2,17,1,5.9
HONDA,TMX125 ALPHA,Backbone/Utility,57900.0,1,LALA,83.3,13,8,4.12
HONDA,TMX125 ALPHA,Backbone/Utility,57900.0,3,TUBOD,5.7,22,12,7.23
SUZUKI,SMASH 115,Underbone,62400.0,3,TUBOD,12.5,8,4,3.07
SUZUKI,RAIDER 150 FI,Sport Underbone,119900.0,1,LALA,35.9,10,8,3.54
SUZUKI,RAIDER 150 FI,Sport Underbone,119900.0,2,KAPATAGAN,48.4,9,10,2.85
YAMAHA,MIO GEAR 125,Scooter,79400.0,1,LALA,40.5,15,7,5.28
HONDA,PCX160,Maxi-Scooter,134900.0,1,LALA,5.8,6,9,2.25
YAMAHA,MIO SPORTY,Scooter,73900.0,2,KAPATAGAN,44.1,15,11,5.37
HONDA,PCX160,Maxi-Scooter,134900.0,2,KAPATAGAN,29.2,11,1,3.22
YAMAHA,AEROX 155,Sport Scooter,125400.0,2,KAPATAGAN,3.0,13,9,4.43
HONDA,CLICK 160,Scooter,122900.0,1,LALA,44.6,17,8,5.18
HONDA,TMX125 ALPHA,Backbone/Utility,57900.0,3,TUBOD,14.8,13,11,4.41
HONDA,CLICK 125I,Scooter,81400.0,2,KAPATAGAN,43.5,19,10,5.56
HONDA,WAVE RSX,Underbone,64900.0,1,LALA,25.0,21,2,6.26
HONDA,WAVE RSX,Underbone,64900.0,1,LALA,41.8,11,9,4.1
YAMAHA,MIO SPORTY,Scooter,73900.0,3,TUBOD,34.9,5,4,3.05
YAMAHA,MIO GEAR 125,Scooter,79400.0,3,TUBOD,17.8,9,9,3.27
SUZUKI,BURGMAN STREET 125,Maxi-Scooter,83400.0,3,TUBOD,55.3,7,12,2.62
HONDA,BEAT PREMIUM,Scooter,72400.0,2,KAPATAGAN,39.2,17,4,5.29
HONDA,CLICK 160,Scooter,122900.0,2,KAPATAGAN,17.8,18,4,6.07
YAMAHA,AEROX 155,Sport Scooter,125400.0,1,LALA,5.2,17,1,5.41
YAMAHA,AEROX 155,Sport Scooter,125400.0,1,LALA,36.6,10,8,4.01
YAMAHA,AEROX 155,Sport Scooter,125400.0,1,LALA,18.0,20,11,6.81
KAWASAKI,P24KK (BARAKO II),Backbone/Tricycle,68500.0,1,LALA,19.1,19,11,6.55
YAMAHA,AEROX 155,Sport Scooter,125400.0,3,TUBOD,6.5,2,6,1.55
HONDA,BEAT PREMIUM,Scooter,72400.0,2,KAPATAGAN,22.6,14,5,4.39
SUZUKI,SMASH 115,Underbone,62400.0,3,TUBOD,14.3,14,7,4.62
KAWASAKI,P24KK (BARAKO II),Backbone/Tricycle,68500.0,3,TUBOD,6.2,22,2,6.39
SUZUKI,RAIDER 150 FI,Sport Underbone,119900.0,2,KAPATAGAN,46.4,12,10,3.8
YAMAHA,SNIPER 155,Sport Underbone,123900.0,3,TUBOD,14.3,11,5,3.68
HONDA,WAVE RSX,Underbone,64900.0,1,LALA,35.8,12,9,4.01
SUZUKI,RAIDER 150 FI,Sport Underbone,119900.0,1,LALA,10.6,15,1,5.61
HONDA,TMX125 ALPHA,Backbone/Utility,57900.0,2,KAPATAGAN,3.4,31,12,10.23
YAMAHA,MIO SPORTY,Scooter,73900.0,3,TUBOD,16.8,11,7,4.29
HONDA,ADV160,Adventure Scooter,166900.0,1,LALA,9.5,13,11,4.01
HONDA,WAVE RSX,Underbone,64900.0,2,KAPATAGAN,53.3,6,7,2.42
KAWASAKI,CT100B,Backbone/Utility,54000.0,1,LALA,29.0,13,10,4.8
SUZUKI,BURGMAN STREET 125,Maxi-Scooter,83400.0,2,KAPATAGAN,36.7,12,4,4.24
HONDA,CLICK 125I,Scooter,81400.0,2,KAPATAGAN,12.1,13,7,4.55
YAMAHA,NMAX 155,Maxi-Scooter,151900.0,1,LALA,44.7,11,9,4.02
YAMAHA,NMAX 155,Maxi-Scooter,151900.0,3,TUBOD,28.4,9,3,3.51
KAWASAKI,CT100B,Backbone/Utility,54000.0,3,TUBOD,9.2,9,8,2.97
SUZUKI,RAIDER 150 FI,Sport Underbone,119900.0,2,KAPATAGAN,31.6,20,3,5.69
YAMAHA,AEROX 155,Sport Scooter,125400.0,3,TUBOD,30.2,4,9,1.61
HONDA,TMX125 ALPHA,Backbone/Utility,57900.0,2,KAPATAGAN,38.9,23,6,7.48
HONDA,ADV160,Adventure Scooter,166900.0,2,KAPATAGAN,6.9,11,1,3.62
HONDA,PCX160,Maxi-Scooter,134900.0,1,LALA,12.1,9,8,2.51
HONDA,ADV160,Adventure Scooter,166900.0,1,LALA,39.1,4,1,1.82
YAMAHA,NMAX 155,Maxi-Scooter,151900.0,1,LALA,10.5,18,4,5.88
SUZUKI,BURGMAN STREET 125,Maxi-Scooter,83400.0,3,TUBOD,47.6,4,5,1.79
HONDA,ADV160,Adventure Scooter,166900.0,1,LALA,19.9,12,4,3.77
SUZUKI,SMASH 115,Underbone,62400.0,3,TUBOD,18.1,11,5,4.01
HONDA,CLICK 160,Scooter,122900.0,2,KAPATAGAN,39.8,9,11,3.55
SUZUKI,SMASH 115,Underbone,62400.0,1,LALA,6.4,13,5,4.25
HONDA,ADV160,Adventure Scooter,166900.0,1,LALA,8.5,11,2,3.48
YAMAHA,MIO SPORTY,Scooter,73900.0,1,LALA,42.4,13,7,5.3
HONDA,BEAT PREMIUM,Scooter,72400.0,1,LALA,3.7,13,8,4.98
KAWASAKI,P24KK (BARAKO II),Backbone/Tricycle,68500.0,1,LALA,88.7,15,10,4.97
KAWASAKI,P24KK (BARAKO II),Backbone/Tricycle,68500.0,2,KAPATAGAN,3.4,25,10,7.43
YAMAHA,AEROX 155,Sport Scooter,125400.0,2,KAPATAGAN,3.2,22,2,6.34
KAWASAKI,P24KK (BARAKO II),Backbone/Tricycle,68500.0,3,TUBOD,34.6,12,2,4.04
SUZUKI,RAIDER 150 FI,Sport Underbone,119900.0,3,TUBOD,22.4,6,8,2.28
YAMAHA,AEROX 155,Sport Scooter,125400.0,1,LALA,25.5,15,2,4.88
YAMAHA,MIO SPORTY,Scooter,73900.0,3,TUBOD,18.9,12,9,4.45
HONDA,BEAT PREMIUM,Scooter,72400.0,3,TUBOD,27.4,17,1,5.37
YAMAHA,AEROX 155,Sport Scooter,125400.0,1,LALA,20.2,11,8,3.88
HONDA,WAVE RSX,Underbone,64900.0,2,KAPATAGAN,28.9,10,11,3.18
HONDA,TMX125 ALPHA,Backbone/Utility,57900.0,3,TUBOD,23.1,4,8,1.81
SUZUKI,RAIDER 150 FI,Sport Underbone,119900.0,1,LALA,17.9,10,7,3.56
HONDA,CLICK 160,Scooter,122900.0,2,KAPATAGAN,20.6,8,2,3.26
YAMAHA,SNIPER 155,Sport Underbone,123900.0,3,TUBOD,5.1,13,4,3.97
YAMAHA,MIO FAZZIO,Retro Scooter,93900.0,2,KAPATAGAN,10.2,11,1,4.08
KAWASAKI,ROUSER NS125,Sport Backbone,82000.0,1,LALA,37.5,9,2,2.44
HONDA,ADV160,Adventure Scooter,166900.0,1,LALA,85.7,2,6,0.96
HONDA,ADV160,Adventure Scooter,166900.0,1,LALA,4.2,9,5,2.92
YAMAHA,MIO SPORTY,Scooter,73900.0,2,KAPATAGAN,8.9,15,9,5.12
KAWASAKI,ROUSER NS125,Sport Backbone,82000.0,3,TUBOD,77.9,6,10,1.92
KAWASAKI,CT100B,Backbone/Utility,54000.0,1,LALA,56.3,8,1,2.56
HONDA,BEAT PREMIUM,Scooter,72400.0,1,LALA,49.4,20,2,6.01
KAWASAKI,P24KK (BARAKO II),Backbone/Tricycle,68500.0,3,TUBOD,31.5,7,6,2.58
YAMAHA,AEROX 155,Sport Scooter,125400.0,2,KAPATAGAN,5.1,18,8,5.05
SUZUKI,RAIDER 150 FI,Sport Underbone,119900.0,2,KAPATAGAN,31.6,10,2,3.6
YAMAHA,MIO SPORTY,Scooter,73900.0,2,KAPATAGAN,10.5,20,3,6.97
KAWASAKI,P24KK (BARAKO II),Backbone/Tricycle,68500.0,1,LALA,24.9,14,7,4.81
HONDA,PCX160,Maxi-Scooter,134900.0,1,LALA,7.7,13,11,3.91
HONDA,TMX125 ALPHA,Backbone/Utility,57900.0,2,KAPATAGAN,17.6,16,6,6.13
HONDA,CLICK 125I,Scooter,81400.0,3,TUBOD,42.3,17,4,5.09
YAMAHA,MIO GEAR 125,Scooter,79400.0,3,TUBOD,11.0,13,9,4.07
HONDA,CLICK 125I,Scooter,81400.0,1,LALA,10.1,25,5,8.04
SUZUKI,RAIDER 150 FI,Sport Underbone,119900.0,2,KAPATAGAN,16.7,15,5,4.48
KAWASAKI,P24KK (BARAKO II),Backbone/Tricycle,68500.0,1,LALA,36.1,12,7,4.37
YAMAHA,NMAX 155,Maxi-Scooter,151900.0,3,TUBOD,41.8,13,4,4.23
HONDA,CLICK 160,Scooter,122900.0,3,TUBOD,9.5,9,8,3.3
SUZUKI,RAIDER 150 FI,Sport Underbone,119900.0,3,TUBOD,10.2,14,9,3.82
YAMAHA,MIO SPORTY,Scooter,73900.0,2,KAPATAGAN,8.1,21,5,6.92
YAMAHA,SNIPER 155,Sport Underbone,123900.0,1,LALA,30.7,11,1,3.4
KAWASAKI,CT100B,Backbone/Utility,54000.0,1,LALA,40.7,12,9,3.83
YAMAHA,MIO GEAR 125,Scooter,79400.0,2,KAPATAGAN,52.7,10,9,3.74
YAMAHA,MIO GEAR 125,Scooter,79400.0,2,KAPATAGAN,43.8,15,3,5.3
SUZUKI,SMASH 115,Underbone,62400.0,2,KAPATAGAN,3.7,15,1,5.59
HONDA,PCX160,Maxi-Scooter,134900.0,2,KAPATAGAN,6.5,9,4,3.19
HONDA,WAVE RSX,Underbone,64900.0,1,LALA,10.5,13,5,4.82
SUZUKI,BURGMAN STREET 125,Maxi-Scooter,83400.0,1,LALA,41.9,10,11,3.43
YAMAHA,MIO GEAR 125,Scooter,79400.0,3,TUBOD,18.4,14,8,4.24
YAMAHA,AEROX 155,Sport Scooter,125400.0,1,LALA,41.8,18,7,5.7
SUZUKI,BURGMAN STREET 125,Maxi-Scooter,83400.0,1,LALA,12.3,23,12,7.64
YAMAHA,MIO SPORTY,Scooter,73900.0,3,TUBOD,11.5,11,10,4.43
HONDA,CLICK 160,Scooter,122900.0,1,LALA,44.8,18,6,5.88
SUZUKI,RAIDER 150 FI,Sport Underbone,119900.0,1,LALA,36.3,10,9,3.25
KAWASAKI,CT100B,Backbone/Utility,54000.0,3,TUBOD,17.6,10,5,3.31
YAMAHA,SNIPER 155,Sport Underbone,123900.0,3,TUBOD,20.7,7,10,2.46
HONDA,PCX160,Maxi-Scooter,134900.0,2,KAPATAGAN,9.6,14,11,4.39
HONDA,CLICK 125I,Scooter,81400.0,2,KAPATAGAN,55.3,13,4,4.63
YAMAHA,NMAX 155,Maxi-Scooter,151900.0,2,KAPATAGAN,18.7,9,6,3.43
KAWASAKI,ROUSER NS125,Sport Backbone,82000.0,1,LALA,42.2,19,12,5.5
YAMAHA,SNIPER 155,Sport Underbone,123900.0,1,LALA,23.9,10,6,3.17
YAMAHA,NMAX 155,Maxi-Scooter,151900.0,1,LALA,7.0,14,12,5.0
SUZUKI,RAIDER 150 FI,Sport Underbone,119900.0,3,TUBOD,35.6,9,3,2.95
KAWASAKI,CT100B,Backbone/Utility,54000.0,1,LALA,65.8,15,10,4.54
YAMAHA,MIO FAZZIO,Retro Scooter,93900.0,3,TUBOD,6.4,11,3,3.86
YAMAHA,MIO SPORTY,Scooter,73900.0,2,KAPATAGAN,14.8,26,3,8.29
YAMAHA,AEROX 155,Sport Scooter,125400.0,2,KAPATAGAN,20.0,19,3,6.02
KAWASAKI,CT100B,Backbone/Utility,54000.0,1,LALA,35.3,6,1,2.46
HONDA,TMX125 ALPHA,Backbone/Utility,57900.0,2,KAPATAGAN,81.4,16,11,5.26
YAMAHA,SNIPER 155,Sport Underbone,123900.0,2,KAPATAGAN,3.9,8,6,2.8
YAMAHA,NMAX 155,Maxi-Scooter,151900.0,3,TUBOD,42.7,11,8,3.45
SUZUKI,SMASH 115,Underbone,62400.0,2,KAPATAGAN,27.6,19,12,5.95
YAMAHA,NMAX 155,Maxi-Scooter,151900.0,3,TUBOD,35.7,1,2,1.06
HONDA,TMX125 ALPHA,Backbone/Utility,57900.0,2,KAPATAGAN,4.1,27,1,8.6
HONDA,CLICK 125I,Scooter,81400.0,3,TUBOD,41.1,16,11,4.82
HONDA,BEAT PREMIUM,Scooter,72400.0,3,TUBOD,32.3,14,1,4.68
YAMAHA,MIO SPORTY,Scooter,73900.0,3,TUBOD,39.0,10,5,3.76
SUZUKI,RAIDER 150 FI,Sport Underbone,119900.0,2,KAPATAGAN,29.6,13,5,4.34
KAWASAKI,CT100B,Backbone/Utility,54000.0,3,TUBOD,12.4,12,2,4.04
HONDA,PCX160,Maxi-Scooter,134900.0,2,KAPATAGAN,21.3,12,12,3.91
HONDA,PCX160,Maxi-Scooter,134900.0,3,TUBOD,17.0,13,9,4.33
YAMAHA,SNIPER 155,Sport Underbone,123900.0,3,TUBOD,11.9,5,1,1.95
HONDA,WAVE RSX,Underbone,64900.0,1,LALA,34.3,16,4,5.37
KAWASAKI,P24KK (BARAKO II),Backbone/Tricycle,68500.0,1,LALA,77.0,13,6,4.68
YAMAHA,MIO GEAR 125,Scooter,79400.0,3,TUBOD,44.8,12,10,4.24
YAMAHA,MIO GEAR 125,Scooter,79400.0,1,LALA,35.6,13,7,4.93
YAMAHA,MIO SPORTY,Scooter,73900.0,3,TUBOD,43.7,13,11,4.59
HONDA,BEAT PREMIUM,Scooter,72400.0,2,KAPATAGAN,51.0,14,4,4.94
YAMAHA,NMAX 155,Maxi-Scooter,151900.0,1,LALA,43.2,8,5,3.35
YAMAHA,MIO SPORTY,Scooter,73900.0,1,LALA,80.7,19,12,6.72
HONDA,TMX125 ALPHA,Backbone/Utility,57900.0,3,TUBOD,20.4,10,6,3.61
KAWASAKI,P24KK (BARAKO II),Backbone/Tricycle,68500.0,2,KAPATAGAN,38.0,20,10,6.42
YAMAHA,MIO GEAR 125,Scooter,79400.0,2,KAPATAGAN,39.6,17,9,5.17
KAWASAKI,P24KK (BARAKO II),Backbone/Tricycle,68500.0,3,TUBOD,63.1,2,11,1.44
HONDA,CLICK 160,Scooter,122900.0,3,TUBOD,32.8,6,3,2.55
YAMAHA,NMAX 155,Maxi-Scooter,151900.0,2,KAPATAGAN,16.4,15,1,4.65
YAMAHA,MIO FAZZIO,Retro Scooter,93900.0,2,KAPATAGAN,4.7,4,4,2.22
HONDA,ADV160,Adventure Scooter,166900.0,1,LALA,15.2,12,5,3.88
YAMAHA,NMAX 155,Maxi-Scooter,151900.0,3,TUBOD,58.3,10,12,3.58
HONDA,ADV160,Adventure Scooter,166900.0,2,KAPATAGAN,11.8,9,3,3.24
HONDA,PCX160,Maxi-Scooter,134900.0,1,LALA,24.8,12,3,4.06
HONDA,BEAT PREMIUM,Scooter,72400.0,2,KAPATAGAN,7.3,14,9,5.43
KAWASAKI,P24KK (BARAKO II),Backbone/Tricycle,68500.0,2,KAPATAGAN,9.5,18,1,6.54
SUZUKI,RAIDER 150 FI,Sport Underbone,119900.0,2,KAPATAGAN,35.8,11,4,3.38
HONDA,WAVE RSX,Underbone,64900.0,3,TUBOD,50.6,3,11,1.64
HONDA,PCX160,Maxi-Scooter,134900.0,1,LALA,70.3,6,1,1.89
KAWASAKI,P24KK (BARAKO II),Backbone/Tricycle,68500.0,3,TUBOD,41.1,11,10,4.21
HONDA,CLICK 125I,Scooter,81400.0,1,LALA,41.6,20,5,7.09
YAMAHA,MIO SPORTY,Scooter,73900.0,3,TUBOD,16.7,19,10,5.91
HONDA,PCX160,Maxi-Scooter,134900.0,3,TUBOD,42.7,6,2,2.07
YAMAHA,NMAX 155,Maxi-Scooter,151900.0,1,LALA,4.2,17,5,5.38
YAMAHA,MIO FAZZIO,Retro Scooter,93900.0,1,LALA,14.4,18,4,5.59
SUZUKI,SMASH 115,Underbone,62400.0,1,LALA,65.3,6,10,2.51
KAWASAKI,CT100B,Backbone/Utility,54000.0,2,KAPATAGAN,8.9,18,1,6.08
HONDA,TMX125 ALPHA,Backbone/Utility,57900.0,2,KAPATAGAN,52.7,8,6,3.3
YAMAHA,AEROX 155,Sport Scooter,125400.0,3,TUBOD,7.5,12,2,4.31
KAWASAKI,CT100B,Backbone/Utility,54000.0,2,KAPATAGAN,84.0,7,11,2.77
HONDA,ADV160,Adventure Scooter,166900.0,2,KAPATAGAN,9.4,13,2,3.93
YAMAHA,AEROX 155,Sport Scooter,125400.0,1,LALA,38.1,18,4,6.09
SUZUKI,RAIDER 150 FI,Sport Underbone,119900.0,3,TUBOD,17.9,8,5,2.6
KAWASAKI,ROUSER NS125,Sport Backbone,82000.0,3,TUBOD,40.6,6,2,2.05
HONDA,WAVE RSX,Underbone,64900.0,1,LALA,17.7,19,1,6.2
YAMAHA,MIO SPORTY,Scooter,73900.0,2,KAPATAGAN,30.7,23,11,6.8
YAMAHA,MIO FAZZIO,Retro Scooter,93900.0,3,TUBOD,13.0,8,4,3.21
YAMAHA,NMAX 155,Maxi-Scooter,151900.0,3,TUBOD,14.1,5,6,2.54
YAMAHA,AEROX 155,Sport Scooter,125400.0,1,LALA,45.4,16,4,5.5
YAMAHA,MIO FAZZIO,Retro Scooter,93900.0,1,LALA,40.2,10,7,3.25
KAWASAKI,CT100B,Backbone/Utility,54000.0,1,LALA,53.7,11,6,3.26
KAWASAKI,P24KK (BARAKO II),Backbone/Tricycle,68500.0,1,LALA,15.2,10,5,3.89
HONDA,ADV160,Adventure Scooter,166900.0,3,TUBOD,11.8,7,2,1.99
HONDA,PCX160,Maxi-Scooter,134900.0,3,TUBOD,10.0,10,10,3.46
SUZUKI,RAIDER 150 FI,Sport Underbone,119900.0,2,KAPATAGAN,10.1,12,7,4.29
YAMAHA,MIO SPORTY,Scooter,73900.0,1,LALA,20.2,27,10,8.73
SUZUKI,BURGMAN STREET 125,Maxi-Scooter,83400.0,2,KAPATAGAN,17.5,14,3,4.68
YAMAHA,SNIPER 155,Sport Underbone,123900.0,3,TUBOD,41.9,6,2,1.9
YAMAHA,NMAX 155,Maxi-Scooter,151900.0,2,KAPATAGAN,29.2,6,8,2.16
YAMAHA,AEROX 155,Sport Scooter,125400.0,2,KAPATAGAN,30.7,9,9,3.34
HONDA,WAVE RSX,Underbone,64900.0,3,TUBOD,78.7,13,12,3.81
HONDA,ADV160,Adventure Scooter,166900.0,2,KAPATAGAN,35.8,5,10,2.07
YAMAHA,AEROX 155,Sport Scooter,125400.0,3,TUBOD,23.3,13,1,3.86
YAMAHA,AEROX 155,Sport Scooter,125400.0,1,LALA,44.6,20,4,6.31
HONDA,TMX125 ALPHA,Backbone/Utility,57900.0,2,KAPATAGAN,73.4,19,5,5.59
KAWASAKI,P24KK (BARAKO II),Backbone/Tricycle,68500.0,2,KAPATAGAN,19.9,22,7,7.57
KAWASAKI,ROUSER NS125,Sport Backbone,82000.0,1,LALA,20.0,7,3,2.57
SUZUKI,BURGMAN STREET 125,Maxi-Scooter,83400.0,3,TUBOD,12.6,13,6,4.51
KAWASAKI,ROUSER NS125,Sport Backbone,82000.0,1,LALA,12.9,14,3,4.91
YAMAHA,MIO SPORTY,Scooter,73900.0,3,TUBOD,54.5,13,2,3.91
SUZUKI,SMASH 115,Underbone,62400.0,3,TUBOD,14.5,12,11,4.05
KAWASAKI,CT100B,Backbone/Utility,54000.0,3,TUBOD,23.9,6,6,2.42
YAMAHA,AEROX 155,Sport Scooter,125400.0,3,TUBOD,37.1,12,12,4.26
HONDA,ADV160,Adventure Scooter,166900.0,2,KAPATAGAN,12.9,7,6,2.62
KAWASAKI,CT100B,Backbone/Utility,54000.0,3,TUBOD,25.4,13,3,3.86
YAMAHA,MIO GEAR 125,Scooter,79400.0,3,TUBOD,42.3,14,1,4.31
HONDA,TMX125 ALPHA,Backbone/Utility,57900.0,2,KAPATAGAN,51.6,12,8,3.78
YAMAHA,NMAX 155,Maxi-Scooter,151900.0,3,TUBOD,6.7,9,8,3.15
HONDA,CLICK 160,Scooter,122900.0,2,KAPATAGAN,35.4,16,7,5.07
YAMAHA,MIO GEAR 125,Scooter,79400.0,3,TUBOD,11.3,21,12,6.27
YAMAHA,SNIPER 155,Sport Underbone,123900.0,1,LALA,14.3,13,2,3.69
KAWASAKI,CT100B,Backbone/Utility,54000.0,1,LALA,24.9,10,8,3.25
YAMAHA,SNIPER 155,Sport Underbone,123900.0,3,TUBOD,37.5,14,2,4.29
HONDA,PCX160,Maxi-Scooter,134900.0,3,TUBOD,86.7,5,6,2.09
HONDA,BEAT PREMIUM,Scooter,72400.0,3,TUBOD,54.8,8,4,3.04
YAMAHA,MIO FAZZIO,Retro Scooter,93900.0,1,LALA,16.5,13,10,4.35
YAMAHA,MIO FAZZIO,Retro Scooter,93900.0,2,KAPATAGAN,55.7,11,7,3.15
YAMAHA,SNIPER 155,Sport Underbone,123900.0,1,LALA,25.7,13,7,3.71
KAWASAKI,CT100B,Backbone/Utility,54000.0,1,LALA,19.9,12,6,4.45
YAMAHA,NMAX 155,Maxi-Scooter,151900.0,1,LALA,13.3,18,9,5.52
HONDA,CLICK 125I,Scooter,81400.0,1,LALA,14.5,14,10,5.69
KAWASAKI,P24KK (BARAKO II),Backbone/Tricycle,68500.0,3,TUBOD,7.8,10,9,3.92
SUZUKI,BURGMAN STREET 125,Maxi-Scooter,83400.0,2,KAPATAGAN,87.6,5,8,2.36
HONDA,ADV160,Adventure Scooter,166900.0,1,LALA,10.4,10,7,2.99
YAMAHA,NMAX 155,Maxi-Scooter,151900.0,3,TUBOD,18.5,17,9,5.38
SUZUKI,BURGMAN STREET 125,Maxi-Scooter,83400.0,2,KAPATAGAN,22.9,13,3,4.55
SUZUKI,SMASH 115,Underbone,62400.0,3,TUBOD,15.9,13,4,4.2
SUZUKI,RAIDER 150 FI,Sport Underbone,119900.0,3,TUBOD,5.0,11,4,3.35
HONDA,BEAT PREMIUM,Scooter,72400.0,1,LALA,28.6,29,6,9.33
KAWASAKI,P24KK (BARAKO II),Backbone/Tricycle,68500.0,2,KAPATAGAN,70.2,8,7,3.24
HONDA,BEAT PREMIUM,Scooter,72400.0,1,LALA,55.2,17,8,5.42
YAMAHA,MIO SPORTY,Scooter,73900.0,3,TUBOD,41.8,17,12,5.97
YAMAHA,AEROX 155,Sport Scooter,125400.0,3,TUBOD,21.3,11,2,3.34
YAMAHA,MIO FAZZIO,Retro Scooter,93900.0,2,KAPATAGAN,29.0,7,1,3.01
SUZUKI,RAIDER 150 FI,Sport Underbone,119900.0,1,LALA,6.5,12,5,4.23
HONDA,BEAT PREMIUM,Scooter,72400.0,3,TUBOD,74.5,8,10,3.02
YAMAHA,SNIPER 155,Sport Underbone,123900.0,2,KAPATAGAN,16.8,9,12,3.06
HONDA,TMX125 ALPHA,Backbone/Utility,57900.0,1,LALA,12.1,19,10,6.32
HONDA,PCX160,Maxi-Scooter,134900.0,2,KAPATAGAN,8.4,14,6,3.95
HONDA,WAVE RSX,Underbone,64900.0,3,TUBOD,8.4,10,10,3.57
HONDA,TMX125 ALPHA,Backbone/Utility,57900.0,2,KAPATAGAN,62.1,10,8,3.82
KAWASAKI,CT100B,Backbone/Utility,54000.0,2,KAPATAGAN,25.4,19,5,5.66
KAWASAKI,CT100B,Backbone/Utility,54000.0,1,LALA,81.2,10,3,3.74
YAMAHA,MIO FAZZIO,Retro Scooter,93900.0,3,TUBOD,44.9,8,11,2.73
KAWASAKI,ROUSER NS125,Sport Backbone,82000.0,3,TUBOD,4.4,4,10,1.4
YAMAHA,MIO FAZZIO,Retro Scooter,93900.0,1,LALA,84.1,5,7,2.0
YAMAHA,AEROX 155,Sport Scooter,125400.0,3,TUBOD,29.9,9,10,2.97
SUZUKI,RAIDER 150 FI,Sport Underbone,119900.0,1,LALA,7.4,9,8,3.53
HONDA,BEAT PREMIUM,Scooter,72400.0,1,LALA,11.2,23,3,7.91
HONDA,TMX125 ALPHA,Backbone/Utility,57900.0,3,TUBOD,23.1,14,4,4.43
HONDA,ADV160,Adventure Scooter,166900.0,2,KAPATAGAN,8.7,6,6,2.42
YAMAHA,MIO SPORTY,Scooter,73900.0,3,TUBOD,4.4,15,5,5.34
SUZUKI,BURGMAN STREET 125,Maxi-Scooter,83400.0,1,LALA,30.9,14,5,4.33
HONDA,WAVE RSX,Underbone,64900.0,2,KAPATAGAN,10.3,15,5,4.89
HONDA,CLICK 125I,Scooter,81400.0,3,TUBOD,39.8,7,12,2.71
YAMAHA,MIO SPORTY,Scooter,73900.0,2,KAPATAGAN,28.1,17,11,5.11
KAWASAKI,ROUSER NS125,Sport Backbone,82000.0,2,KAPATAGAN,28.1,10,12,4.12
SUZUKI,SMASH 115,Underbone,62400.0,1,LALA,44.9,13,11,4.43
HONDA,CLICK 160,Scooter,122900.0,1,LALA,39.4,20,4,6.57
YAMAHA,NMAX 155,Maxi-Scooter,151900.0,1,LALA,42.3,12,2,4.06
HONDA,CLICK 160,Scooter,122900.0,2,KAPATAGAN,9.9,15,10,4.81
HONDA,CLICK 125I,Scooter,81400.0,1,LALA,34.5,20,4,6.76
YAMAHA,MIO FAZZIO,Retro Scooter,93900.0,1,LALA,12.5,15,7,4.81
KAWASAKI,P24KK (BARAKO II),Backbone/Tricycle,68500.0,3,TUBOD,8.1,13,11,4.35
HONDA,CLICK 160,Scooter,122900.0,3,TUBOD,9.6,7,5,3.09
YAMAHA,MIO SPORTY,Scooter,73900.0,3,TUBOD,44.9,11,6,4.26
KAWASAKI,P24KK (BARAKO II),Backbone/Tricycle,68500.0,2,KAPATAGAN,9.2,26,3,8.3
HONDA,ADV160,Adventure Scooter,166900.0,3,TUBOD,11.5,5,3,1.93
YAMAHA,MIO FAZZIO,Retro Scooter,93900.0,3,TUBOD,82.5,6,12,2.0
YAMAHA,NMAX 155,Maxi-Scooter,151900.0,2,KAPATAGAN,35.3,14,4,4.88
HONDA,ADV160,Adventure Scooter,166900.0,1,LALA,60.2,12,9,3.07
SUZUKI,SMASH 115,Underbone,62400.0,1,LALA,28.6,10,12,4.13
YAMAHA,SNIPER 155,Sport Underbone,123900.0,3,TUBOD,9.8,9,4,2.98
HONDA,TMX125 ALPHA,Backbone/Utility,57900.0,2,KAPATAGAN,10.1,18,7,6.25
HONDA,CLICK 125I,Scooter,81400.0,3,TUBOD,36.9,14,1,4.43
SUZUKI,SMASH 115,Underbone,62400.0,3,TUBOD,4.7,12,9,3.75
YAMAHA,SNIPER 155,Sport Underbone,123900.0,1,LALA,5.6,15,3,5.0
YAMAHA,MIO SPORTY,Scooter,73900.0,2,KAPATAGAN,13.7,28,2,8.56
SUZUKI,BURGMAN STREET 125,Maxi-Scooter,83400.0,2,KAPATAGAN,45.5,12,5,3.73
YAMAHA,MIO GEAR 125,Scooter,79400.0,2,KAPATAGAN,34.2,8,7,3.59
HONDA,CLICK 125I,Scooter,81400.0,2,KAPATAGAN,40.5,16,12,5.51
HONDA,CLICK 160,Scooter,122900.0,2,KAPATAGAN,18.9,16,12,5.62
SUZUKI,RAIDER 150 FI,Sport Underbone,119900.0,3,TUBOD,40.5,6,9,1.92
YAMAHA,AEROX 155,Sport Scooter,125400.0,2,KAPATAGAN,29.9,11,3,3.8
HONDA,PCX160,Maxi-Scooter,134900.0,1,LALA,34.2,3,8,1.23
SUZUKI,RAIDER 150 FI,Sport Underbone,119900.0,1,LALA,28.3,14,5,4.65
SUZUKI,SMASH 115,Underbone,62400.0,1,LALA,21.9,15,11,5.11
KAWASAKI,CT100B,Backbone/Utility,54000.0,3,TUBOD,46.0,6,8,2.19
HONDA,CLICK 160,Scooter,122900.0,2,KAPATAGAN,12.3,12,10,4.18
SUZUKI,BURGMAN STREET 125,Maxi-Scooter,83400.0,3,TUBOD,37.2,11,3,3.9
SUZUKI,BURGMAN STREET 125,Maxi-Scooter,83400.0,2,KAPATAGAN,16.8,14,2,4.99
SUZUKI,RAIDER 150 FI,Sport Underbone,119900.0,2,KAPATAGAN,23.5,9,5,2.87
KAWASAKI,P24KK (BARAKO II),Backbone/Tricycle,68500.0,2,KAPATAGAN,15.4,26,12,9.26
YAMAHA,MIO SPORTY,Scooter,73900.0,3,TUBOD,28.9,9,11,3.9
SUZUKI,BURGMAN STREET 125,Maxi-Scooter,83400.0,2,KAPATAGAN,31.8,9,8,3.46
HONDA,CLICK 160,Scooter,122900.0,1,LALA,8.4,13,9,4.94
SUZUKI,SMASH 115,Underbone,62400.0,3,TUBOD,23.1,8,1,2.91
YAMAHA,MIO SPORTY,Scooter,73900.0,2,KAPATAGAN,18.1,20,2,6.35
SUZUKI,SMASH 115,Underbone,62400.0,3,TUBOD,10.4,16,2,4.8
KAWASAKI,ROUSER NS125,Sport Backbone,82000.0,3,TUBOD,11.8,6,10,2.71
YAMAHA,AEROX 155,Sport Scooter,125400.0,2,KAPATAGAN,16.9,8,2,2.78
YAMAHA,NMAX 155,Maxi-Scooter,151900.0,3,TUBOD,5.3,8,9,3.22
HONDA,WAVE RSX,Underbone,64900.0,1,LALA,43.3,7,2,2.88
SUZUKI,BURGMAN STREET 125,Maxi-Scooter,83400.0,2,KAPATAGAN,16.0,9,5,3.59
HONDA,TMX125 ALPHA,Backbone/Utility,57900.0,2,KAPATAGAN,30.7,18,3,6.81
YAMAHA,AEROX 155,Sport Scooter,125400.0,3,TUBOD,39.9,6,8,2.05
YAMAHA,MIO FAZZIO,Retro Scooter,93900.0,1,LALA,39.1,18,7,5.93
SUZUKI,RAIDER 150 FI,Sport Underbone,119900.0,1,LALA,6.9,8,8,2.78
HONDA,WAVE RSX,Underbone,64900.0,2,KAPATAGAN,59.1,8,11,2.8
YAMAHA,SNIPER 155,Sport Underbone,123900.0,3,TUBOD,24.9,13,6,3.6
SUZUKI,SMASH 115,Underbone,62400.0,2,KAPATAGAN,21.2,14,6,4.42
YAMAHA,AEROX 155,Sport Scooter,125400.0,3,TUBOD,71.2,5,9,1.82
HONDA,TMX125 ALPHA,Backbone/Utility,57900.0,3,TUBOD,65.3,9,8,2.57
HONDA,WAVE RSX,Underbone,64900.0,1,LALA,15.7,17,2,5.71
HONDA,CLICK 160,Scooter,122900.0,2,KAPATAGAN,38.3,9,7,4.08
SUZUKI,SMASH 115,Underbone,62400.0,1,LALA,9.4,13,11,5.0
SUZUKI,RAIDER 150 FI,Sport Underbone,119900.0,1,LALA,40.4,13,5,4.03
HONDA,ADV160,Adventure Scooter,166900.0,2,KAPATAGAN,16.7,10,3,3.32
SUZUKI,BURGMAN STREET 125,Maxi-Scooter,83400.0,3,TUBOD,12.4,12,6,3.73
HONDA,CLICK 125I,Scooter,81400.0,2,KAPATAGAN,8.1,21,2,6.38
HONDA,PCX160,Maxi-Scooter,134900.0,2,KAPATAGAN,6.2,18,2,5.34
YAMAHA,SNIPER 155,Sport Underbone,123900.0,1,LALA,10.5,21,12,6.53
HONDA,CLICK 160,Scooter,122900.0,3,TUBOD,31.1,8,4,3.1
KAWASAKI,CT100B,Backbone/Utility,54000.0,2,KAPATAGAN,23.0,13,4,4.97
HONDA,BEAT PREMIUM,Scooter,72400.0,3,TUBOD,16.0,18,2,5.93
HONDA,PCX160,Maxi-Scooter,134900.0,3,TUBOD,31.3,18,7,5.19
SUZUKI,SMASH 115,Underbone,62400.0,2,KAPATAGAN,6.1,17,10,5.72
HONDA,CLICK 125I,Scooter,81400.0,3,TUBOD,3.9,7,11,2.88
HONDA,CLICK 160,Scooter,122900.0,1,LALA,7.2,22,9,7.14
YAMAHA,MIO SPORTY,Scooter,73900.0,2,KAPATAGAN,42.1,12,5,4.31
YAMAHA,NMAX 155,Maxi-Scooter,151900.0,1,LALA,20.1,13,1,4.39
YAMAHA,AEROX 155,Sport Scooter,125400.0,1,LALA,78.5,11,11,3.72
HONDA,PCX160,Maxi-Scooter,134900.0,1,LALA,18.6,10,2,3.63
HONDA,PCX160,Maxi-Scooter,134900.0,1,LALA,43.5,10,8,3.23
YAMAHA,NMAX 155,Maxi-Scooter,151900.0,2,KAPATAGAN,11.2,14,7,4.99
YAMAHA,NMAX 155,Maxi-Scooter,151900.0,2,KAPATAGAN,42.4,11,12,3.93
KAWASAKI,ROUSER NS125,Sport Backbone,82000.0,2,KAPATAGAN,9.1,19,9,5.57
HONDA,ADV160,Adventure Scooter,166900.0,2,KAPATAGAN,48.1,9,3,3.03
YAMAHA,AEROX 155,Sport Scooter,125400.0,3,TUBOD,37.7,11,3,3.67
HONDA,CLICK 160,Scooter,122900.0,2,KAPATAGAN,22.5,12,9,4.2
HONDA,ADV160,Adventure Scooter,166900.0,1,LALA,43.1,8,2,2.41
KAWASAKI,ROUSER NS125,Sport Backbone,82000.0,1,LALA,41.4,6,12,2.41
HONDA,CLICK 125I,Scooter,81400.0,1,LALA,15.5,32,10,10.01
SUZUKI,BURGMAN STREET 125,Maxi-Scooter,83400.0,1,LALA,4.1,11,2,3.67
YAMAHA,MIO GEAR 125,Scooter,79400.0,2,KAPATAGAN,6.3,17,10,4.9
KAWASAKI,P24KK (BARAKO II),Backbone/Tricycle,68500.0,2,KAPATAGAN,21.1,15,7,5.27
SUZUKI,SMASH 115,Underbone,62400.0,2,KAPATAGAN,13.5,13,8,4.18
KAWASAKI,P24KK (BARAKO II),Backbone/Tricycle,68500.0,1,LALA,35.8,18,9,5.78
KAWASAKI,P24KK (BARAKO II),Backbone/Tricycle,68500.0,1,LALA,18.5,15,2,5.18
YAMAHA,MIO GEAR 125,Scooter,79400.0,3,TUBOD,44.1,5,2,2.27
KAWASAKI,P24KK (BARAKO II),Backbone/Tricycle,68500.0,3,TUBOD,16.6,19,12,6.28
SUZUKI,SMASH 115,Underbone,62400.0,2,KAPATAGAN,11.1,17,10,5.17
HONDA,BEAT PREMIUM,Scooter,72400.0,2,KAPATAGAN,51.7,9,7,3.17
HONDA,ADV160,Adventure Scooter,166900.0,2,KAPATAGAN,12.6,11,8,3.41
HONDA,CLICK 125I,Scooter,81400.0,1,LALA,14.9,28,7,8.82
SUZUKI,BURGMAN STREET 125,Maxi-Scooter,83400.0,1,LALA,27.6,11,6,4.07
YAMAHA,MIO SPORTY,Scooter,73900.0,2,KAPATAGAN,36.3,18,3,5.96
YAMAHA,AEROX 155,Sport Scooter,125400.0,2,KAPATAGAN,21.5,10,12,3.57
YAMAHA,NMAX 155,Maxi-Scooter,151900.0,3,TUBOD,20.4,9,10,3.05
HONDA,CLICK 160,Scooter,122900.0,3,TUBOD,37.9,14,7,3.7
SUZUKI,RAIDER 150 FI,Sport Underbone,119900.0,3,TUBOD,17.7,5,6,2.02
YAMAHA,SNIPER 155,Sport Underbone,123900.0,3,TUBOD,32.6,6,5,2.12
HONDA,BEAT PREMIUM,Scooter,72400.0,2,KAPATAGAN,53.1,12,7,3.84
KAWASAKI,P24KK (BARAKO II),Backbone/Tricycle,68500.0,3,TUBOD,15.2,8,1,2.82
SUZUKI,BURGMAN STREET 125,Maxi-Scooter,83400.0,3,TUBOD,22.8,9,4,3.74
HONDA,CLICK 125I,Scooter,81400.0,1,LALA,86.7,16,7,5.35
SUZUKI,BURGMAN STREET 125,Maxi-Scooter,83400.0,2,KAPATAGAN,20.0,9,1,3.19
YAMAHA,MIO FAZZIO,Retro Scooter,93900.0,2,KAPATAGAN,22.9,12,7,3.61
SUZUKI,RAIDER 150 FI,Sport Underbone,119900.0,1,LALA,37.0,13,2,3.82
HONDA,WAVE RSX,Underbone,64900.0,1,LALA,7.9,21,2,6.13
YAMAHA,NMAX 155,Maxi-Scooter,151900.0,3,TUBOD,11.8,15,5,4.81
HONDA,CLICK 125I,Scooter,81400.0,1,LALA,20.8,30,12,9.3
HONDA,CLICK 125I,Scooter,81400.0,1,LALA,20.2,20,10,6.76
SUZUKI,RAIDER 150 FI,Sport Underbone,119900.0,3,TUBOD,17.8,12,2,4.27
YAMAHA,SNIPER 155,Sport Underbone,123900.0,3,TUBOD,6.9,13,4,4.16
HONDA,BEAT PREMIUM,Scooter,72400.0,2,KAPATAGAN,6.3,23,12,8.02
HONDA,WAVE RSX,Underbone,64900.0,3,TUBOD,3.1,10,7,3.74
SUZUKI,SMASH 115,Underbone,62400.0,2,KAPATAGAN,51.0,4,5,2.24
HONDA,ADV160,Adventure Scooter,166900.0,2,KAPATAGAN,7.9,9,10,2.55
YAMAHA,MIO GEAR 125,Scooter,79400.0,3,TUBOD,16.2,15,9,4.82
YAMAHA,MIO FAZZIO,Retro Scooter,93900.0,1,LALA,6.8,21,4,6.34
KAWASAKI,CT100B,Backbone/Utility,54000.0,1,LALA,14.3,17,9,5.37
YAMAHA,MIO SPORTY,Scooter,73900.0,1,LALA,6.0,23,7,7.51
HONDA,CLICK 160,Scooter,122900.0,3,TUBOD,33.8,6,2,2.05
YAMAHA,AEROX 155,Sport Scooter,125400.0,2,KAPATAGAN,3.7,21,12,6.8
HONDA,TMX125 ALPHA,Backbone/Utility,57900.0,2,KAPATAGAN,30.9,13,6,4.82
HONDA,TMX125 ALPHA,Backbone/Utility,57900.0,2,KAPATAGAN,11.3,35,3,10.92
YAMAHA,MIO FAZZIO,Retro Scooter,93900.0,3,TUBOD,13.6,9,4,3.05
HONDA,CLICK 160,Scooter,122900.0,3,TUBOD,37.8,8,5,2.53
HONDA,WAVE RSX,Underbone,64900.0,3,TUBOD,39.7,8,4,3.05
HONDA,CLICK 125I,Scooter,81400.0,3,TUBOD,26.4,14,3,4.43
SUZUKI,SMASH 115,Underbone,62400.0,2,KAPATAGAN,40.6,13,12,4.62
HONDA,PCX160,Maxi-Scooter,134900.0,1,LALA,40.4,5,10,2.27
YAMAHA,AEROX 155,Sport Scooter,125400.0,3,TUBOD,32.3,8,8,2.55
YAMAHA,NMAX 155,Maxi-Scooter,151900.0,2,KAPATAGAN,33.7,12,2,3.92
HONDA,BEAT PREMIUM,Scooter,72400.0,1,LALA,29.9,14,6,5.32
YAMAHA,MIO SPORTY,Scooter,73900.0,1,LALA,12.9,31,12,10.72
HONDA,CLICK 160,Scooter,122900.0,2,KAPATAGAN,35.5,11,9,3.42
HONDA,CLICK 160,Scooter,122900.0,1,LALA,40.9,22,10,7.09
HONDA,CLICK 125I,Scooter,81400.0,1,LALA,10.3,19,1,6.76
KAWASAKI,ROUSER NS125,Sport Backbone,82000.0,3,TUBOD,25.6,9,3,2.65
HONDA,WAVE RSX,Underbone,64900.0,2,KAPATAGAN,56.4,11,9,3.38
YAMAHA,SNIPER 155,Sport Underbone,123900.0,1,LALA,22.7,11,10,3.53
SUZUKI,SMASH 115,Underbone,62400.0,1,LALA,5.1,8,2,3.63
KAWASAKI,CT100B,Backbone/Utility,54000.0,3,TUBOD,75.3,10,1,2.35
HONDA,BEAT PREMIUM,Scooter,72400.0,3,TUBOD,87.3,6,1,2.05
YAMAHA,AEROX 155,Sport Scooter,125400.0,2,KAPATAGAN,13.7,17,4,5.17
KAWASAKI,ROUSER NS125,Sport Backbone,82000.0,2,KAPATAGAN,42.7,8,6,3.25
HONDA,BEAT PREMIUM,Scooter,72400.0,2,KAPATAGAN,4.0,22,9,6.95
KAWASAKI,CT100B,Backbone/Utility,54000.0,1,LALA,30.5,18,10,5.51
YAMAHA,MIO GEAR 125,Scooter,79400.0,3,TUBOD,7.1,11,2,3.62
HONDA,WAVE RSX,Underbone,64900.0,2,KAPATAGAN,27.5,16,6,5.15
HONDA,ADV160,Adventure Scooter,166900.0,1,LALA,42.8,5,2,1.86
KAWASAKI,P24KK (BARAKO II),Backbone/Tricycle,68500.0,2,KAPATAGAN,83.3,13,2,4.48
SUZUKI,BURGMAN STREET 125,Maxi-Scooter,83400.0,2,KAPATAGAN,3.1,16,2,5.02
HONDA,WAVE RSX,Underbone,64900.0,3,TUBOD,6.0,12,10,3.8
SUZUKI,SMASH 115,Underbone,62400.0,2,KAPATAGAN,29.0,12,5,4.08
HONDA,TMX125 ALPHA,Backbone/Utility,57900.0,1,LALA,38.0,11,2,4.19
HONDA,TMX125 ALPHA,Backbone/Utility,57900.0,2,KAPATAGAN,12.1,21,10,7.15
KAWASAKI,CT100B,Backbone/Utility,54000.0,1,LALA,16.2,21,10,6.49
KAWASAKI,ROUSER NS125,Sport Backbone,82000.0,3,TUBOD,29.0,7,8,1.5
SUZUKI,SMASH 115,Underbone,62400.0,1,LALA,56.2,13,12,4.21
YAMAHA,SNIPER 155,Sport Underbone,123900.0,3,TUBOD,3.7,10,6,3.42
HONDA,PCX160,Maxi-Scooter,134900.0,1,LALA,29.2,16,6,4.73
HONDA,WAVE RSX,Underbone,64900.0,1,LALA,19.7,18,5,5.48
HONDA,WAVE RSX,Underbone,64900.0,2,KAPATAGAN,20.3,12,5,4.01
HONDA,TMX125 ALPHA,Backbone/Utility,57900.0,2,KAPATAGAN,52.8,17,9,6.0
HONDA,PCX160,Maxi-Scooter,134900.0,3,TUBOD,16.0,7,12,3.02
YAMAHA,SNIPER 155,Sport Underbone,123900.0,2,KAPATAGAN,45.0,5,2,2.21
YAMAHA,MIO FAZZIO,Retro Scooter,93900.0,2,KAPATAGAN,39.7,10,12,3.71
YAMAHA,SNIPER 155,Sport Underbone,123900.0,3,TUBOD,5.7,11,3,3.88
YAMAHA,MIO SPORTY,Scooter,73900.0,1,LALA,33.2,19,1,6.48
KAWASAKI,CT100B,Backbone/Utility,54000.0,2,KAPATAGAN,86.3,13,1,4.18
HONDA,ADV160,Adventure Scooter,166900.0,1,LALA,7.1,7,10,2.52
KAWASAKI,CT100B,Backbone/Utility,54000.0,1,LALA,39.0,15,6,4.8
HONDA,BEAT PREMIUM,Scooter,72400.0,1,LALA,34.6,23,6,7.37
KAWASAKI,ROUSER NS125,Sport Backbone,82000.0,3,TUBOD,11.8,4,1,1.98
KAWASAKI,CT100B,Backbone/Utility,54000.0,1,LALA,21.0,12,12,4.64
YAMAHA,SNIPER 155,Sport Underbone,123900.0,1,LALA,11.7,11,7,3.71
YAMAHA,MIO SPORTY,Scooter,73900.0,2,KAPATAGAN,35.5,16,10,5.39
SUZUKI,SMASH 115,Underbone,62400.0,2,KAPATAGAN,44.8,9,6,3.24
HONDA,WAVE RSX,Underbone,64900.0,3,TUBOD,38.1,8,9,2.7
HONDA,CLICK 160,Scooter,122900.0,3,TUBOD,12.0,10,6,3.6
HONDA,WAVE RSX,Underbone,64900.0,1,LALA,9.6,13,12,5.09
HONDA,PCX160,Maxi-Scooter,134900.0,2,KAPATAGAN,19.1,5,4,2.63
KAWASAKI,P24KK (BARAKO II),Backbone/Tricycle,68500.0,1,LALA,9.0,18,4,6.29
KAWASAKI,P24KK (BARAKO II),Backbone/Tricycle,68500.0,3,TUBOD,16.8,26,12,7.63
HONDA,WAVE RSX,Underbone,64900.0,1,LALA,18.5,20,6,6.46
HONDA,WAVE RSX,Underbone,64900.0,3,TUBOD,38.5,7,2,2.69
HONDA,ADV160,Adventure Scooter,166900.0,3,TUBOD,75.3,6,3,1.82
HONDA,CLICK 160,Scooter,122900.0,1,LALA,82.6,17,9,5.57
YAMAHA,AEROX 155,Sport Scooter,125400.0,1,LALA,40.7,17,6,5.7
KAWASAKI,P24KK (BARAKO II),Backbone/Tricycle,68500.0,2,KAPATAGAN,78.5,17,9,5.45
YAMAHA,NMAX 155,Maxi-Scooter,151900.0,2,KAPATAGAN,9.3,13,8,4.2
YAMAHA,AEROX 155,Sport Scooter,125400.0,2,KAPATAGAN,42.2,12,12,4.9
YAMAHA,MIO FAZZIO,Retro Scooter,93900.0,1,LALA,22.1,10,5,3.04
SUZUKI,RAIDER 150 FI,Sport Underbone,119900.0,1,LALA,9.9,16,9,4.55
YAMAHA,NMAX 155,Maxi-Scooter,151900.0,3,TUBOD,79.3,11,7,3.28
KAWASAKI,P24KK (BARAKO II),Backbone/Tricycle,68500.0,2,KAPATAGAN,10.8,21,9,7.42
SUZUKI,SMASH 115,Underbone,62400.0,1,LALA,16.6,29,12,9.03
YAMAHA,MIO FAZZIO,Retro Scooter,93900.0,2,KAPATAGAN,88.6,7,7,2.13
SUZUKI,SMASH 115,Underbone,62400.0,1,LALA,30.3,14,6,4.93
SUZUKI,SMASH 115,Underbone,62400.0,1,LALA,19.3,18,4,6.06
YAMAHA,MIO GEAR 125,Scooter,79400.0,2,KAPATAGAN,17.6,19,12,6.51
YAMAHA,MIO GEAR 125,Scooter,79400.0,2,KAPATAGAN,5.3,19,11,6.42
YAMAHA,MIO SPORTY,Scooter,73900.0,1,LALA,32.9,22,10,7.31
KAWASAKI,P24KK (BARAKO II),Backbone/Tricycle,68500.0,2,KAPATAGAN,51.5,16,11,4.89
YAMAHA,MIO GEAR 125,Scooter,79400.0,3,TUBOD,22.4,12,2,3.64
SUZUKI,RAIDER 150 FI,Sport Underbone,119900.0,2,KAPATAGAN,42.1,11,12,4.07
HONDA,ADV160,Adventure Scooter,166900.0,1,LALA,31.2,11,7,3.64
SUZUKI,RAIDER 150 FI,Sport Underbone,119900.0,1,LALA,4.1,16,12,5.45
HONDA,WAVE RSX,Underbone,64900.0,3,TUBOD,25.0,7,10,2.73
YAMAHA,MIO SPORTY,Scooter,73900.0,3,TUBOD,33.4,15,2,4.88
HONDA,TMX125 ALPHA,Backbone/Utility,57900.0,3,TUBOD,85.6,2,8,1.43
HONDA,CLICK 160,Scooter,122900.0,3,TUBOD,13.6,16,3,5.22
SUZUKI,SMASH 115,Underbone,62400.0,2,KAPATAGAN,28.4,15,10,4.51
HONDA,BEAT PREMIUM,Scooter,72400.0,3,TUBOD,9.1,16,4,5.28
YAMAHA,NMAX 155,Maxi-Scooter,151900.0,1,LALA,76.8,10,8,3.29
HONDA,PCX160,Maxi-Scooter,134900.0,2,KAPATAGAN,17.5,13,3,4.1
YAMAHA,MIO SPORTY,Scooter,73900.0,1,LALA,22.9,31,9,9.48
HONDA,BEAT PREMIUM,Scooter,72400.0,1,LALA,33.3,20,6,6.86
HONDA,TMX125 ALPHA,Backbone/Utility,57900.0,2,KAPATAGAN,16.3,14,6,5.46
HONDA,CLICK 125I,Scooter,81400.0,3,TUBOD,21.7,9,2,3.65
HONDA,TMX125 ALPHA,Backbone/Utility,57900.0,2,KAPATAGAN,37.4,18,3,6.06
KAWASAKI,CT100B,Backbone/Utility,54000.0,2,KAPATAGAN,10.3,8,8,3.31
HONDA,CLICK 160,Scooter,122900.0,1,LALA,78.6,15,8,4.51
HONDA,CLICK 125I,Scooter,81400.0,2,KAPATAGAN,16.7,19,8,5.99
HONDA,CLICK 160,Scooter,122900.0,2,KAPATAGAN,14.1,17,6,5.11
HONDA,PCX160,Maxi-Scooter,134900.0,3,TUBOD,16.6,9,4,2.87
SUZUKI,BURGMAN STREET 125,Maxi-Scooter,83400.0,2,KAPATAGAN,40.2,14,1,4.3
HONDA,CLICK 125I,Scooter,81400.0,1,LALA,7.5,23,9,7.23
YAMAHA,MIO GEAR 125,Scooter,79400.0,2,KAPATAGAN,17.6,12,10,4.32
KAWASAKI,P24KK (BARAKO II),Backbone/Tricycle,68500.0,1,LALA,17.6,16,1,5.78
HONDA,ADV160,Adventure Scooter,166900.0,1,LALA,6.0,15,9,4.23
SUZUKI,BURGMAN STREET 125,Maxi-Scooter,83400.0,1,LALA,80.7,18,12,5.48
HONDA,ADV160,Adventure Scooter,166900.0,1,LALA,13.3,12,6,3.51
HONDA,CLICK 125I,Scooter,81400.0,1,LALA,10.9,16,5,5.97
YAMAHA,NMAX 155,Maxi-Scooter,151900.0,1,LALA,29.1,16,11,4.98
HONDA,CLICK 160,Scooter,122900.0,1,LALA,33.4,21,5,6.52
YAMAHA,MIO SPORTY,Scooter,73900.0,2,KAPATAGAN,19.4,15,10,5.56
YAMAHA,AEROX 155,Sport Scooter,125400.0,1,LALA,8.5,11,5,4.29
SUZUKI,SMASH 115,Underbone,62400.0,3,TUBOD,15.2,16,9,4.32
YAMAHA,AEROX 155,Sport Scooter,125400.0,2,KAPATAGAN,18.4,14,7,4.6
HONDA,WAVE RSX,Underbone,64900.0,3,TUBOD,6.8,8,10,2.74
YAMAHA,MIO FAZZIO,Retro Scooter,93900.0,1,LALA,10.3,13,3,4.28
KAWASAKI,P24KK (BARAKO II),Backbone/Tricycle,68500.0,2,KAPATAGAN,7.5,21,10,6.8
YAMAHA,MIO SPORTY,Scooter,73900.0,2,KAPATAGAN,43.3,15,9,4.98
KAWASAKI,P24KK (BARAKO II),Backbone/Tricycle,68500.0,3,TUBOD,13.7,14,12,5.13
YAMAHA,MIO SPORTY,Scooter,73900.0,1,LALA,6.7,39,4,12.02
YAMAHA,MIO GEAR 125,Scooter,79400.0,3,TUBOD,6.6,12,11,4.33
KAWASAKI,ROUSER NS125,Sport Backbone,82000.0,2,KAPATAGAN,23.2,8,7,3.24
YAMAHA,MIO FAZZIO,Retro Scooter,93900.0,2,KAPATAGAN,13.1,10,10,3.66
YAMAHA,SNIPER 155,Sport Underbone,123900.0,3,TUBOD,42.7,14,2,3.84
KAWASAKI,ROUSER NS125,Sport Backbone,82000.0,3,TUBOD,13.9,7,6,2.63
KAWASAKI,P24KK (BARAKO II),Backbone/Tricycle,68500.0,1,LALA,3.5,18,6,5.92
KAWASAKI,ROUSER NS125,Sport Backbone,82000.0,3,TUBOD,17.0,7,1,2.76
YAMAHA,SNIPER 155,Sport Underbone,123900.0,3,TUBOD,18.3,8,9,2.98
KAWASAKI,CT100B,Backbone/Utility,54000.0,3,TUBOD,65.4,7,10,2.6
HONDA,CLICK 125I,Scooter,81400.0,2,KAPATAGAN,68.7,11,1,3.87
YAMAHA,SNIPER 155,Sport Underbone,123900.0,2,KAPATAGAN,33.9,6,1,2.38
SUZUKI,RAIDER 150 FI,Sport Underbone,119900.0,3,TUBOD,35.6,9,8,2.77
YAMAHA,MIO SPORTY,Scooter,73900.0,1,LALA,20.9,25,11,7.97
SUZUKI,SMASH 115,Underbone,62400.0,1,LALA,59.5,9,6,3.16
KAWASAKI,ROUSER NS125,Sport Backbone,82000.0,1,LALA,77.4,7,10,2.56
HONDA,CLICK 125I,Scooter,81400.0,2,KAPATAGAN,7.7,16,6,5.46
KAWASAKI,ROUSER NS125,Sport Backbone,82000.0,3,TUBOD,17.7,10,11,2.99
SUZUKI,BURGMAN STREET 125,Maxi-Scooter,83400.0,2,KAPATAGAN,38.3,11,11,3.84
HONDA,TMX125 ALPHA,Backbone/Utility,57900.0,3,TUBOD,7.7,22,12,6.78
SUZUKI,RAIDER 150 FI,Sport Underbone,119900.0,2,KAPATAGAN,10.0,20,4,6.57
SUZUKI,RAIDER 150 FI,Sport Underbone,119900.0,1,LALA,34.0,11,6,3.63
HONDA,WAVE RSX,Underbone,64900.0,2,KAPATAGAN,42.9,11,10,3.89
HONDA,WAVE RSX,Underbone,64900.0,2,KAPATAGAN,48.2,13,8,4.06
YAMAHA,NMAX 155,Maxi-Scooter,151900.0,3,TUBOD,56.5,8,11,2.59
HONDA,PCX160,Maxi-Scooter,134900.0,1,LALA,36.5,8,6,2.95
SUZUKI,RAIDER 150 FI,Sport Underbone,119900.0,2,KAPATAGAN,44.6,10,4,3.43
YAMAHA,MIO FAZZIO,Retro Scooter,93900.0,2,KAPATAGAN,16.7,12,6,4.04
HONDA,WAVE RSX,Underbone,64900.0,2,KAPATAGAN,10.3,17,10,5.39
YAMAHA,MIO FAZZIO,Retro Scooter,93900.0,2,KAPATAGAN,82.1,14,11,3.85
YAMAHA,MIO GEAR 125,Scooter,79400.0,1,LALA,40.8,24,12,7.59
HONDA,TMX125 ALPHA,Backbone/Utility,57900.0,3,TUBOD,19.8,19,8,5.21
YAMAHA,AEROX 155,Sport Scooter,125400.0,1,LALA,6.3,21,3,7.63
YAMAHA,MIO FAZZIO,Retro Scooter,93900.0,1,LALA,11.8,12,3,4.49
SUZUKI,RAIDER 150 FI,Sport Underbone,119900.0,2,KAPATAGAN,31.4,16,11,4.75
HONDA,PCX160,Maxi-Scooter,134900.0,1,LALA,44.6,13,4,4.36
HONDA,BEAT PREMIUM,Scooter,72400.0,3,TUBOD,29.3,9,2,3.01
KAWASAKI,ROUSER NS125,Sport Backbone,82000.0,2,KAPATAGAN,8.1,11,12,4.36
YAMAHA,MIO FAZZIO,Retro Scooter,93900.0,3,TUBOD,44.7,6,6,1.94
YAMAHA,NMAX 155,Maxi-Scooter,151900.0,2,KAPATAGAN,15.6,20,12,6.13
HONDA,BEAT PREMIUM,Scooter,72400.0,2,KAPATAGAN,6.7,19,11,6.34
YAMAHA,MIO FAZZIO,Retro Scooter,93900.0,3,TUBOD,76.0,7,12,2.81
KAWASAKI,ROUSER NS125,Sport Backbone,82000.0,3,TUBOD,14.3,4,10,2.32
HONDA,ADV160,Adventure Scooter,166900.0,1,LALA,78.9,9,10,2.64
HONDA,CLICK 125I,Scooter,81400.0,3,TUBOD,6.8,22,4,6.58
YAMAHA,MIO FAZZIO,Retro Scooter,93900.0,1,LALA,17.2,17,6,5.3
HONDA,CLICK 125I,Scooter,81400.0,2,KAPATAGAN,14.3,17,4,6.2
YAMAHA,MIO FAZZIO,Retro Scooter,93900.0,3,TUBOD,88.1,8,1,2.49
HONDA,BEAT PREMIUM,Scooter,72400.0,2,KAPATAGAN,39.8,12,1,4.45
HONDA,CLICK 125I,Scooter,81400.0,1,LALA,17.2,21,8,6.64
KAWASAKI,CT100B,Backbone/Utility,54000.0,2,KAPATAGAN,74.6,16,3,4.9
YAMAHA,MIO FAZZIO,Retro Scooter,93900.0,1,LALA,7.4,13,2,4.6
HONDA,BEAT PREMIUM,Scooter,72400.0,2,KAPATAGAN,8.0,18,9,6.18
HONDA,PCX160,Maxi-Scooter,134900.0,2,KAPATAGAN,30.2,13,7,4.09
HONDA,CLICK 125I,Scooter,81400.0,2,KAPATAGAN,55.1,11,10,3.16
YAMAHA,SNIPER 155,Sport Underbone,123900.0,1,LALA,20.0,14,3,4.5
YAMAHA,MIO GEAR 125,Scooter,79400.0,1,LALA,83.3,13,6,4.92
HONDA,BEAT PREMIUM,Scooter,72400.0,2,KAPATAGAN,71.1,10,7,3.66
KAWASAKI,CT100B,Backbone/Utility,54000.0,2,KAPATAGAN,27.4,15,7,4.7
YAMAHA,SNIPER 155,Sport Underbone,123900.0,1,LALA,64.7,11,12,3.68
YAMAHA,MIO GEAR 125,Scooter,79400.0,2,KAPATAGAN,42.5,14,9,5.08
HONDA,BEAT PREMIUM,Scooter,72400.0,3,TUBOD,3.7,15,3,5.01
HONDA,ADV160,Adventure Scooter,166900.0,1,LALA,8.4,10,1,3.12
KAWASAKI,CT100B,Backbone/Utility,54000.0,1,LALA,76.2,10,6,3.31
YAMAHA,AEROX 155,Sport Scooter,125400.0,3,TUBOD,15.6,12,8,3.86
HONDA,BEAT PREMIUM,Scooter,72400.0,1,LALA,12.5,22,11,7.77
HONDA,BEAT PREMIUM,Scooter,72400.0,3,TUBOD,64.2,6,7,1.97
SUZUKI,RAIDER 150 FI,Sport Underbone,119900.0,3,TUBOD,53.1,9,7,2.52
HONDA,CLICK 160,Scooter,122900.0,1,LALA,14.3,20,10,6.21
YAMAHA,NMAX 155,Maxi-Scooter,151900.0,1,LALA,19.3,8,6,3.32
SUZUKI,BURGMAN STREET 125,Maxi-Scooter,83400.0,2,KAPATAGAN,66.1,12,9,3.8
SUZUKI,BURGMAN STREET 125,Maxi-Scooter,83400.0,3,TUBOD,11.5,20,6,5.63
YAMAHA,SNIPER 155,Sport Underbone,123900.0,1,LALA,10.7,11,8,3.76
HONDA,WAVE RSX,Underbone,64900.0,2,KAPATAGAN,13.5,15,1,4.79
SUZUKI,SMASH 115,Underbone,62400.0,3,TUBOD,70.1,7,1,2.5
YAMAHA,AEROX 155,Sport Scooter,125400.0,1,LALA,42.6,14,1,4.57
YAMAHA,MIO FAZZIO,Retro Scooter,93900.0,3,TUBOD,17.7,13,3,4.26
YAMAHA,MIO SPORTY,Scooter,73900.0,3,TUBOD,10.2,11,5,3.73
SUZUKI,SMASH 115,Underbone,62400.0,2,KAPATAGAN,27.4,15,2,5.02
HONDA,CLICK 160,Scooter,122900.0,1,LALA,10.4,24,2,8.37
HONDA,PCX160,Maxi-Scooter,134900.0,1,LALA,32.0,12,11,3.9
SUZUKI,BURGMAN STREET 125,Maxi-Scooter,83400.0,1,LALA,40.3,12,8,4.31
KAWASAKI,CT100B,Backbone/Utility,54000.0,1,LALA,22.8,14,10,4.3
SUZUKI,BURGMAN STREET 125,Maxi-Scooter,83400.0,3,TUBOD,41.3,13,1,3.74
SUZUKI,BURGMAN STREET 125,Maxi-Scooter,83400.0,3,TUBOD,21.2,7,6,2.43
YAMAHA,MIO GEAR 125,Scooter,79400.0,1,LALA,18.8,23,10,7.56
HONDA,WAVE RSX,Underbone,64900.0,2,KAPATAGAN,3.7,14,11,4.95
SUZUKI,BURGMAN STREET 125,Maxi-Scooter,83400.0,1,LALA,7.0,13,10,4.64
KAWASAKI,P24KK (BARAKO II),Backbone/Tricycle,68500.0,3,TUBOD,11.2,17,4,5.75
YAMAHA,MIO GEAR 125,Scooter,79400.0,2,KAPATAGAN,8.4,15,11,5.16
YAMAHA,MIO SPORTY,Scooter,73900.0,2,KAPATAGAN,34.2,13,1,4.47
HONDA,CLICK 160,Scooter,122900.0,3,TUBOD,41.1,9,9,2.96
KAWASAKI,ROUSER NS125,Sport Backbone,82000.0,1,LALA,28.4,5,10,2.2
SUZUKI,BURGMAN STREET 125,Maxi-Scooter,83400.0,2,KAPATAGAN,41.9,9,10,3.07
SUZUKI,SMASH 115,Underbone,62400.0,1,LALA,31.3,9,10,3.49
YAMAHA,MIO GEAR 125,Scooter,79400.0,1,LALA,28.4,24,12,7.95
YAMAHA,SNIPER 155,Sport Underbone,123900.0,1,LALA,26.0,4,1,1.88
HONDA,CLICK 160,Scooter,122900.0,1,LALA,12.9,20,12,7.44
HONDA,CLICK 125I,Scooter,81400.0,3,TUBOD,84.8,12,7,3.55
KAWASAKI,ROUSER NS125,Sport Backbone,82000.0,3,TUBOD,24.9,3,3,1.7
SUZUKI,BURGMAN STREET 125,Maxi-Scooter,83400.0,1,LALA,12.0,17,6,5.25
YAMAHA,MIO FAZZIO,Retro Scooter,93900.0,2,KAPATAGAN,41.7,9,11,3.07
KAWASAKI,ROUSER NS125,Sport Backbone,82000.0,1,LALA,30.1,7,10,2.3
YAMAHA,SNIPER 155,Sport Underbone,123900.0,3,TUBOD,15.0,7,8,2.38
HONDA,CLICK 125I,Scooter,81400.0,1,LALA,25.0,18,4,6.46
YAMAHA,AEROX 155,Sport Scooter,125400.0,1,LALA,8.0,13,7,4.9
SUZUKI,RAIDER 150 FI,Sport Underbone,119900.0,2,KAPATAGAN,36.9,4,6,1.75
HONDA,CLICK 125I,Scooter,81400.0,3,TUBOD,4.9,22,2,6.56
YAMAHA,SNIPER 155,Sport Underbone,123900.0,3,TUBOD,18.3,13,5,4.01
HONDA,WAVE RSX,Underbone,64900.0,1,LALA,8.5,22,9,7.0
YAMAHA,MIO FAZZIO,Retro Scooter,93900.0,2,KAPATAGAN,14.6,11,6,3.46
SUZUKI,SMASH 115,Underbone,62400.0,2,KAPATAGAN,13.6,19,10,6.09
YAMAHA,MIO GEAR 125,Scooter,79400.0,3,TUBOD,36.4,14,3,4.32
YAMAHA,MIO SPORTY,Scooter,73900.0,2,KAPATAGAN,5.3,7,7,3.23
HONDA,WAVE RSX,Underbone,64900.0,1,LALA,8.6,21,3,6.81
HONDA,BEAT PREMIUM,Scooter,72400.0,1,LALA,17.3,38,12,12.32
HONDA,BEAT PREMIUM,Scooter,72400.0,3,TUBOD,39.1,20,12,6.0
SUZUKI,SMASH 115,Underbone,62400.0,3,TUBOD,3.5,17,10,5.29
YAMAHA,NMAX 155,Maxi-Scooter,151900.0,1,LALA,50.7,19,5,5.21
HONDA,CLICK 160,Scooter,122900.0,3,TUBOD,44.1,13,12,4.72
KAWASAKI,CT100B,Backbone/Utility,54000.0,2,KAPATAGAN,31.2,22,12,7.29
HONDA,PCX160,Maxi-Scooter,134900.0,2,KAPATAGAN,24.3,10,2,3.02
SUZUKI,BURGMAN STREET 125,Maxi-Scooter,83400.0,3,TUBOD,6.0,11,4,4.01
KAWASAKI,ROUSER NS125,Sport Backbone,82000.0,1,LALA,12.9,6,7,2.12
KAWASAKI,P24KK (BARAKO II),Backbone/Tricycle,68500.0,3,TUBOD,15.9,10,11,3.58
HONDA,ADV160,Adventure Scooter,166900.0,3,TUBOD,5.0,5,8,1.64
YAMAHA,AEROX 155,Sport Scooter,125400.0,3,TUBOD,6.5,12,11,3.83
HONDA,CLICK 125I,Scooter,81400.0,2,KAPATAGAN,14.4,26,2,7.45
YAMAHA,SNIPER 155,Sport Underbone,123900.0,1,LALA,37.1,7,8,2.9
KAWASAKI,P24KK (BARAKO II),Backbone/Tricycle,68500.0,1,LALA,22.1,23,11,6.85
HONDA,ADV160,Adventure Scooter,166900.0,3,TUBOD,16.0,8,11,2.52
HONDA,CLICK 125I,Scooter,81400.0,3,TUBOD,72.4,11,9,3.36
YAMAHA,AEROX 155,Sport Scooter,125400.0,3,TUBOD,32.2,8,5,2.09
KAWASAKI,CT100B,Backbone/Utility,54000.0,3,TUBOD,51.1,11,5,3.02
KAWASAKI,ROUSER NS125,Sport Backbone,82000.0,2,KAPATAGAN,12.6,18,12,6.24
YAMAHA,MIO SPORTY,Scooter,73900.0,1,LALA,12.2,22,11,7.34
YAMAHA,NMAX 155,Maxi-Scooter,151900.0,2,KAPATAGAN,26.7,10,3,3.4
SUZUKI,BURGMAN STREET 125,Maxi-Scooter,83400.0,2,KAPATAGAN,25.5,13,3,4.54
YAMAHA,MIO FAZZIO,Retro Scooter,93900.0,3,TUBOD,18.8,7,11,2.56
KAWASAKI,ROUSER NS125,Sport Backbone,82000.0,1,LALA,28.2,15,4,4.05
HONDA,CLICK 125I,Scooter,81400.0,1,LALA,27.2,19,6,6.32
YAMAHA,MIO FAZZIO,Retro Scooter,93900.0,3,TUBOD,12.3,15,5,4.6
YAMAHA,NMAX 155,Maxi-Scooter,151900.0,2,KAPATAGAN,19.1,7,3,2.9
SUZUKI,BURGMAN STREET 125,Maxi-Scooter,83400.0,2,KAPATAGAN,85.7,11,12,4.2
HONDA,BEAT PREMIUM,Scooter,72400.0,3,TUBOD,6.2,16,7,4.95
SUZUKI,RAIDER 150 FI,Sport Underbone,119900.0,3,TUBOD,35.7,7,12,3.15
HONDA,PCX160,Maxi-Scooter,134900.0,1,LALA,17.4,13,10,4.21
YAMAHA,MIO GEAR 125,Scooter,79400.0,1,LALA,15.3,25,12,8.44
HONDA,WAVE RSX,Underbone,64900.0,1,LALA,10.6,15,12,5.76
HONDA,CLICK 160,Scooter,122900.0,3,TUBOD,35.4,18,3,5.18
YAMAHA,NMAX 155,Maxi-Scooter,151900.0,1,LALA,19.3,15,12,5.54
YAMAHA,MIO SPORTY,Scooter,73900.0,3,TUBOD,20.7,18,6,5.34
HONDA,TMX125 ALPHA,Backbone/Utility,57900.0,3,TUBOD,22.8,10,5,3.48
YAMAHA,MIO FAZZIO,Retro Scooter,93900.0,2,KAPATAGAN,10.7,8,3,3.26
YAMAHA,SNIPER 155,Sport Underbone,123900.0,2,KAPATAGAN,32.7,9,8,3.04
HONDA,WAVE RSX,Underbone,64900.0,1,LALA,28.7,14,7,4.12
HONDA,TMX125 ALPHA,Backbone/Utility,57900.0,1,LALA,42.0,11,8,4.11
SUZUKI,BURGMAN STREET 125,Maxi-Scooter,83400.0,1,LALA,20.2,14,12,5.03
YAMAHA,MIO FAZZIO,Retro Scooter,93900.0,1,LALA,12.5,9,2,3.58
KAWASAKI,ROUSER NS125,Sport Backbone,82000.0,2,KAPATAGAN,51.5,12,5,4.08
HONDA,PCX160,Maxi-Scooter,134900.0,2,KAPATAGAN,14.4,8,12,3.13
YAMAHA,MIO FAZZIO,Retro Scooter,93900.0,3,TUBOD,43.5,2,1,0.8
HONDA,CLICK 160,Scooter,122900.0,2,KAPATAGAN,19.7,13,11,4.2
YAMAHA,MIO GEAR 125,Scooter,79400.0,3,TUBOD,5.7,13,9,4.15
SUZUKI,SMASH 115,Underbone,62400.0,2,KAPATAGAN,6.3,19,2,6.03
YAMAHA,MIO GEAR 125,Scooter,79400.0,1,LALA,22.8,20,1,6.76
YAMAHA,MIO SPORTY,Scooter,73900.0,2,KAPATAGAN,10.2,15,12,6.03
HONDA,CLICK 160,Scooter,122900.0,1,LALA,83.9,15,12,5.41
HONDA,CLICK 160,Scooter,122900.0,2,KAPATAGAN,41.9,9,7,2.98
YAMAHA,AEROX 155,Sport Scooter,125400.0,2,KAPATAGAN,20.3,12,11,3.69
HONDA,ADV160,Adventure Scooter,166900.0,1,LALA,26.6,13,1,3.82
SUZUKI,BURGMAN STREET 125,Maxi-Scooter,83400.0,1,LALA,11.1,32,4,9.62
YAMAHA,AEROX 155,Sport Scooter,125400.0,1,LALA,12.5,12,2,4.61
SUZUKI,RAIDER 150 FI,Sport Underbone,119900.0,2,KAPATAGAN,42.9,11,9,3.83
SUZUKI,BURGMAN STREET 125,Maxi-Scooter,83400.0,3,TUBOD,11.2,16,12,5.02
YAMAHA,SNIPER 155,Sport Underbone,123900.0,3,TUBOD,37.8,7,7,2.28
HONDA,ADV160,Adventure Scooter,166900.0,2,KAPATAGAN,11.8,11,10,3.39
HONDA,TMX125 ALPHA,Backbone/Utility,57900.0,3,TUBOD,61.4,9,2,3.22
HONDA,CLICK 125I,Scooter,81400.0,3,TUBOD,35.6,12,10,4.11
HONDA,ADV160,Adventure Scooter,166900.0,1,LALA,39.8,7,2,1.88
YAMAHA,SNIPER 155,Sport Underbone,123900.0,1,LALA,87.2,13,8,4.27
HONDA,CLICK 125I,Scooter,81400.0,2,KAPATAGAN,28.1,13,11,4.45
HONDA,PCX160,Maxi-Scooter,134900.0,2,KAPATAGAN,30.2,5,8,2.06
YAMAHA,AEROX 155,Sport Scooter,125400.0,2,KAPATAGAN,8.4,20,5,5.95
SUZUKI,RAIDER 150 FI,Sport Underbone,119900.0,2,KAPATAGAN,5.9,16,11,4.56
SUZUKI,RAIDER 150 FI,Sport Underbone,119900.0,3,TUBOD,71.6,1,5,0.77
SUZUKI,RAIDER 150 FI,Sport Underbone,119900.0,2,KAPATAGAN,14.9,15,8,4.42
HONDA,TMX125 ALPHA,Backbone/Utility,57900.0,2,KAPATAGAN,33.4,18,11,5.48
SUZUKI,SMASH 115,Underbone,62400.0,2,KAPATAGAN,71.2,18,3,5.44
SUZUKI,BURGMAN STREET 125,Maxi-Scooter,83400.0,3,TUBOD,33.4,6,11,2.63
YAMAHA,MIO SPORTY,Scooter,73900.0,2,KAPATAGAN,11.5,15,3,6.28
YAMAHA,SNIPER 155,Sport Underbone,123900.0,3,TUBOD,15.5,10,3,3.7
YAMAHA,AEROX 155,Sport Scooter,125400.0,3,TUBOD,5.4,8,6,2.64
KAWASAKI,P24KK (BARAKO II),Backbone/Tricycle,68500.0,3,TUBOD,26.2,12,12,4.32
YAMAHA,AEROX 155,Sport Scooter,125400.0,2,KAPATAGAN,14.7,10,11,3.47
YAMAHA,NMAX 155,Maxi-Scooter,151900.0,2,KAPATAGAN,8.3,16,2,5.15
HONDA,ADV160,Adventure Scooter,166900.0,3,TUBOD,32.8,12,6,2.91
HONDA,TMX125 ALPHA,Backbone/Utility,57900.0,2,KAPATAGAN,22.5,28,3,8.58
HONDA,CLICK 160,Scooter,122900.0,2,KAPATAGAN,18.0,23,12,7.44
YAMAHA,MIO SPORTY,Scooter,73900.0,2,KAPATAGAN,16.4,17,8,5.57
SUZUKI,RAIDER 150 FI,Sport Underbone,119900.0,2,KAPATAGAN,17.3,11,6,3.84
HONDA,BEAT PREMIUM,Scooter,72400.0,3,TUBOD,24.4,10,5,3.54
YAMAHA,SNIPER 155,Sport Underbone,123900.0,3,TUBOD,13.3,10,11,3.51
SUZUKI,BURGMAN STREET 125,Maxi-Scooter,83400.0,3,TUBOD,24.8,10,9,3.44
KAWASAKI,P24KK (BARAKO II),Backbone/Tricycle,68500.0,3,TUBOD,3.9,15,10,5.13
YAMAHA,MIO FAZZIO,Retro Scooter,93900.0,2,KAPATAGAN,24.5,13,4,4.23
KAWASAKI,ROUSER NS125,Sport Backbone,82000.0,1,LALA,12.3,3,2,1.74
HONDA,ADV160,Adventure Scooter,166900.0,1,LALA,29.9,2,8,1.04
HONDA,TMX125 ALPHA,Backbone/Utility,57900.0,1,LALA,5.7,24,12,7.88
HONDA,CLICK 160,Scooter,122900.0,3,TUBOD,20.2,11,6,3.56
YAMAHA,MIO SPORTY,Scooter,73900.0,3,TUBOD,45.0,15,9,4.73
YAMAHA,SNIPER 155,Sport Underbone,123900.0,2,KAPATAGAN,25.9,8,6,2.71
SUZUKI,RAIDER 150 FI,Sport Underbone,119900.0,1,LALA,37.1,11,1,3.83
SUZUKI,BURGMAN STREET 125,Maxi-Scooter,83400.0,1,LALA,40.9,9,4,3.74
YAMAHA,SNIPER 155,Sport Underbone,123900.0,1,LALA,18.0,10,7,3.16
YAMAHA,SNIPER 155,Sport Underbone,123900.0,1,LALA,4.8,14,3,4.96
HONDA,TMX125 ALPHA,Backbone/Utility,57900.0,1,LALA,14.0,36,12,10.57
SUZUKI,SMASH 115,Underbone,62400.0,1,LALA,43.2,8,6,3.05
YAMAHA,MIO SPORTY,Scooter,73900.0,3,TUBOD,35.6,15,2,4.65
KAWASAKI,ROUSER NS125,Sport Backbone,82000.0,2,KAPATAGAN,19.4,11,12,4.05
YAMAHA,SNIPER 155,Sport Underbone,123900.0,3,TUBOD,10.5,7,1,2.41
KAWASAKI,ROUSER NS125,Sport Backbone,82000.0,2,KAPATAGAN,22.9,15,12,5.31
YAMAHA,AEROX 155,Sport Scooter,125400.0,1,LALA,4.2,18,4,6.24
HONDA,ADV160,Adventure Scooter,166900.0,2,KAPATAGAN,11.3,6,8,2.08
KAWASAKI,CT100B,Backbone/Utility,54000.0,3,TUBOD,5.3,10,11,3.54
KAWASAKI,ROUSER NS125,Sport Backbone,82000.0,1,LALA,5.2,7,2,2.66
YAMAHA,AEROX 155,Sport Scooter,125400.0,1,LALA,51.9,11,2,3.65
YAMAHA,MIO SPORTY,Scooter,73900.0,3,TUBOD,76.0,12,11,3.63
YAMAHA,MIO FAZZIO,Retro Scooter,93900.0,1,LALA,71.8,5,5,2.02
KAWASAKI,ROUSER NS125,Sport Backbone,82000.0,3,TUBOD,43.0,5,3,2.17
HONDA,WAVE RSX,Underbone,64900.0,1,LALA,32.8,12,5,4.04
HONDA,PCX160,Maxi-Scooter,134900.0,3,TUBOD,7.6,8,2,2.57
YAMAHA,AEROX 155,Sport Scooter,125400.0,2,KAPATAGAN,32.7,18,12,6.06
SUZUKI,SMASH 115,Underbone,62400.0,2,KAPATAGAN,26.9,12,3,4.28
YAMAHA,MIO SPORTY,Scooter,73900.0,3,TUBOD,39.5,16,1,4.98
YAMAHA,SNIPER 155,Sport Underbone,123900.0,2,KAPATAGAN,10.7,20,12,6.11
HONDA,TMX125 ALPHA,Backbone/Utility,57900.0,1,LALA,21.8,10,5,3.5
KAWASAKI,P24KK (BARAKO II),Backbone/Tricycle,68500.0,1,LALA,19.4,12,5,4.49
HONDA,BEAT PREMIUM,Scooter,72400.0,2,KAPATAGAN,38.2,14,6,5.19
HONDA,ADV160,Adventure Scooter,166900.0,2,KAPATAGAN,37.1,7,12,2.35
HONDA,CLICK 125I,Scooter,81400.0,2,KAPATAGAN,6.4,23,1,6.85
HONDA,TMX125 ALPHA,Backbone/Utility,57900.0,3,TUBOD,19.8,10,5,3.67
HONDA,WAVE RSX,Underbone,64900.0,2,KAPATAGAN,9.8,19,12,6.66
KAWASAKI,P24KK (BARAKO II),Backbone/Tricycle,68500.0,1,LALA,3.3,14,1,5.19
HONDA,BEAT PREMIUM,Scooter,72400.0,1,LALA,18.8,31,3,10.12
HONDA,PCX160,Maxi-Scooter,134900.0,2,KAPATAGAN,7.4,12,7,3.8
HONDA,WAVE RSX,Underbone,64900.0,1,LALA,32.5,18,12,5.78
YAMAHA,SNIPER 155,Sport Underbone,123900.0,1,LALA,52.3,5,2,2.25
SUZUKI,RAIDER 150 FI,Sport Underbone,119900.0,1,LALA,34.8,21,9,5.75
YAMAHA,NMAX 155,Maxi-Scooter,151900.0,3,TUBOD,17.8,11,6,4.23
HONDA,WAVE RSX,Underbone,64900.0,2,KAPATAGAN,13.9,18,9,5.81
SUZUKI,BURGMAN STREET 125,Maxi-Scooter,83400.0,1,LALA,6.6,13,6,4.0
HONDA,TMX125 ALPHA,Backbone/Utility,57900.0,2,KAPATAGAN,75.3,19,6,6.34
YAMAHA,SNIPER 155,Sport Underbone,123900.0,3,TUBOD,40.3,5,12,1.91
HONDA,TMX125 ALPHA,Backbone/Utility,57900.0,1,LALA,17.4,19,3,6.48
KAWASAKI,P24KK (BARAKO II),Backbone/Tricycle,68500.0,2,KAPATAGAN,56.9,15,3,5.25
KAWASAKI,P24KK (BARAKO II),Backbone/Tricycle,68500.0,1,LALA,13.4,11,1,3.84
YAMAHA,AEROX 155,Sport Scooter,125400.0,3,TUBOD,36.9,4,10,1.6
HONDA,CLICK 160,Scooter,122900.0,2,KAPATAGAN,34.2,14,12,4.61
KAWASAKI,ROUSER NS125,Sport Backbone,82000.0,3,TUBOD,25.9,7,7,1.92
HONDA,CLICK 160,Scooter,122900.0,3,TUBOD,35.4,12,5,3.76
SUZUKI,BURGMAN STREET 125,Maxi-Scooter,83400.0,1,LALA,12.5,19,6,5.84
HONDA,TMX125 ALPHA,Backbone/Utility,57900.0,1,LALA,17.2,20,12,6.59
HONDA,BEAT PREMIUM,Scooter,72400.0,2,KAPATAGAN,41.6,18,11,5.8
HONDA,CLICK 160,Scooter,122900.0,2,KAPATAGAN,13.6,16,11,5.39
YAMAHA,SNIPER 155,Sport Underbone,123900.0,3,TUBOD,7.7,11,9,3.71
YAMAHA,NMAX 155,Maxi-Scooter,151900.0,3,TUBOD,73.9,7,8,1.93
SUZUKI,RAIDER 150 FI,Sport Underbone,119900.0,3,TUBOD,7.4,14,5,4.26
YAMAHA,AEROX 155,Sport Scooter,125400.0,1,LALA,20.8,11,8,3.89
YAMAHA,SNIPER 155,Sport Underbone,123900.0,1,LALA,66.9,8,8,2.55
KAWASAKI,CT100B,Backbone/Utility,54000.0,3,TUBOD,8.4,15,3,4.36
HONDA,CLICK 160,Scooter,122900.0,2,KAPATAGAN,86.2,12,7,3.86
KAWASAKI,CT100B,Backbone/Utility,54000.0,2,KAPATAGAN,10.4,17,12,6.24
YAMAHA,NMAX 155,Maxi-Scooter,151900.0,1,LALA,58.0,10,8,3.92
YAMAHA,SNIPER 155,Sport Underbone,123900.0,2,KAPATAGAN,40.8,11,3,3.45
SUZUKI,RAIDER 150 FI,Sport Underbone,119900.0,3,TUBOD,31.1,8,4,2.27
YAMAHA,MIO GEAR 125,Scooter,79400.0,2,KAPATAGAN,36.0,18,1,5.2
YAMAHA,MIO FAZZIO,Retro Scooter,93900.0,1,LALA,3.4,13,2,4.56
HONDA,PCX160,Maxi-Scooter,134900.0,3,TUBOD,8.2,6,8,1.96
YAMAHA,MIO FAZZIO,Retro Scooter,93900.0,2,KAPATAGAN,32.6,8,7,3.0
HONDA,CLICK 160,Scooter,122900.0,2,KAPATAGAN,14.4,14,9,4.69
HONDA,PCX160,Maxi-Scooter,134900.0,3,TUBOD,19.5,7,6,2.47
HONDA,CLICK 160,Scooter,122900.0,1,LALA,80.7,16,2,5.18
YAMAHA,NMAX 155,Maxi-Scooter,151900.0,2,KAPATAGAN,26.8,6,11,2.78
KAWASAKI,ROUSER NS125,Sport Backbone,82000.0,3,TUBOD,22.2,9,3,2.68
HONDA,TMX125 ALPHA,Backbone/Utility,57900.0,1,LALA,36.7,21,7,6.72
HONDA,ADV160,Adventure Scooter,166900.0,3,TUBOD,83.1,6,1,1.73
YAMAHA,MIO FAZZIO,Retro Scooter,93900.0,3,TUBOD,10.1,12,10,3.63
SUZUKI,SMASH 115,Underbone,62400.0,1,LALA,12.9,26,12,8.45
YAMAHA,MIO GEAR 125,Scooter,79400.0,2,KAPATAGAN,78.3,12,4,4.82
YAMAHA,NMAX 155,Maxi-Scooter,151900.0,1,LALA,27.9,13,8,3.86
SUZUKI,BURGMAN STREET 125,Maxi-Scooter,83400.0,3,TUBOD,16.2,10,7,3.48
HONDA,CLICK 125I,Scooter,81400.0,3,TUBOD,31.6,8,6,3.07
SUZUKI,BURGMAN STREET 125,Maxi-Scooter,83400.0,2,KAPATAGAN,3.8,16,12,5.43
YAMAHA,MIO GEAR 125,Scooter,79400.0,1,LALA,33.5,18,7,6.07
HONDA,TMX125 ALPHA,Backbone/Utility,57900.0,1,LALA,13.3,29,12,9.24
YAMAHA,MIO FAZZIO,Retro Scooter,93900.0,1,LALA,43.4,5,1,2.54
HONDA,TMX125 ALPHA,Backbone/Utility,57900.0,3,TUBOD,7.7,13,3,4.78
HONDA,ADV160,Adventure Scooter,166900.0,1,LALA,75.2,9,4,2.91
HONDA,WAVE RSX,Underbone,64900.0,2,KAPATAGAN,13.4,15,11,4.85
HONDA,CLICK 160,Scooter,122900.0,2,KAPATAGAN,20.5,18,6,5.65
YAMAHA,AEROX 155,Sport Scooter,125400.0,3,TUBOD,40.0,6,8,1.58
HONDA,CLICK 125I,Scooter,81400.0,3,TUBOD,30.4,8,3,3.14
YAMAHA,MIO FAZZIO,Retro Scooter,93900.0,2,KAPATAGAN,20.6,12,10,4.23
KAWASAKI,P24KK (BARAKO II),Backbone/Tricycle,68500.0,2,KAPATAGAN,20.9,15,7,5.3
KAWASAKI,CT100B,Backbone/Utility,54000.0,1,LALA,21.7,8,7,2.91
KAWASAKI,CT100B,Backbone/Utility,54000.0,1,LALA,25.6,21,12,6.75
HONDA,TMX125 ALPHA,Backbone/Utility,57900.0,3,TUBOD,12.8,17,5,5.65
YAMAHA,SNIPER 155,Sport Underbone,123900.0,3,TUBOD,27.8,8,4,2.83
YAMAHA,NMAX 155,Maxi-Scooter,151900.0,3,TUBOD,3.3,12,2,3.58
YAMAHA,NMAX 155,Maxi-Scooter,151900.0,2,KAPATAGAN,85.8,10,11,2.99
HONDA,PCX160,Maxi-Scooter,134900.0,2,KAPATAGAN,32.0,13,12,4.32
HONDA,ADV160,Adventure Scooter,166900.0,2,KAPATAGAN,74.8,8,8,2.09
HONDA,BEAT PREMIUM,Scooter,72400.0,1,LALA,54.5,24,11,7.16
SUZUKI,RAIDER 150 FI,Sport Underbone,119900.0,3,TUBOD,25.2,13,6,3.86
KAWASAKI,CT100B,Backbone/Utility,54000.0,2,KAPATAGAN,75.6,16,12,5.25
YAMAHA,NMAX 155,Maxi-Scooter,151900.0,2,KAPATAGAN,38.3,10,10,3.61
KAWASAKI,CT100B,Backbone/Utility,54000.0,2,KAPATAGAN,4.7,13,6,4.93
KAWASAKI,P24KK (BARAKO II),Backbone/Tricycle,68500.0,3,TUBOD,13.2,19,7,5.8
KAWASAKI,P24KK (BARAKO II),Backbone/Tricycle,68500.0,2,KAPATAGAN,17.4,15,1,5.7
YAMAHA,NMAX 155,Maxi-Scooter,151900.0,3,TUBOD,5.3,5,9,2.39
HONDA,WAVE RSX,Underbone,64900.0,3,TUBOD,15.4,14,2,4.37
YAMAHA,NMAX 155,Maxi-Scooter,151900.0,2,KAPATAGAN,20.3,8,9,3.07
KAWASAKI,ROUSER NS125,Sport Backbone,82000.0,2,KAPATAGAN,24.1,14,11,4.17
HONDA,BEAT PREMIUM,Scooter,72400.0,1,LALA,25.7,22,11,7.3
YAMAHA,SNIPER 155,Sport Underbone,123900.0,3,TUBOD,11.8,6,9,2.11
HONDA,CLICK 125I,Scooter,81400.0,1,LALA,32.1,22,5,6.85
YAMAHA,SNIPER 155,Sport Underbone,123900.0,3,TUBOD,14.4,12,6,3.97
HONDA,CLICK 125I,Scooter,81400.0,2,KAPATAGAN,9.9,15,10,5.5
KAWASAKI,ROUSER NS125,Sport Backbone,82000.0,3,TUBOD,14.2,8,7,2.84
HONDA,CLICK 160,Scooter,122900.0,2,KAPATAGAN,43.9,14,4,4.96
YAMAHA,MIO FAZZIO,Retro Scooter,93900.0,3,TUBOD,4.8,8,9,2.87
YAMAHA,SNIPER 155,Sport Underbone,123900.0,1,LALA,36.9,10,7,3.72
KAWASAKI,P24KK (BARAKO II),Backbone/Tricycle,68500.0,3,TUBOD,7.8,17,5,5.22
SUZUKI,RAIDER 150 FI,Sport Underbone,119900.0,1,LALA,44.2,11,10,3.77
SUZUKI,SMASH 115,Underbone,62400.0,2,KAPATAGAN,19.8,19,1,6.38
YAMAHA,SNIPER 155,Sport Underbone,123900.0,2,KAPATAGAN,11.7,17,4,4.77
YAMAHA,MIO FAZZIO,Retro Scooter,93900.0,1,LALA,17.2,6,2,2.63
KAWASAKI,CT100B,Backbone/Utility,54000.0,3,TUBOD,16.4,10,10,3.21
YAMAHA,MIO SPORTY,Scooter,73900.0,1,LALA,54.1,22,7,6.86
YAMAHA,MIO GEAR 125,Scooter,79400.0,2,KAPATAGAN,28.1,10,2,3.41
HONDA,CLICK 125I,Scooter,81400.0,2,KAPATAGAN,6.9,18,6,6.17
KAWASAKI,ROUSER NS125,Sport Backbone,82000.0,1,LALA,14.2,8,5,2.93
SUZUKI,BURGMAN STREET 125,Maxi-Scooter,83400.0,3,TUBOD,24.1,15,12,4.93
SUZUKI,SMASH 115,Underbone,62400.0,3,TUBOD,62.6,13,6,3.92
HONDA,BEAT PREMIUM,Scooter,72400.0,3,TUBOD,35.4,17,6,5.24
HONDA,WAVE RSX,Underbone,64900.0,3,TUBOD,42.9,10,6,3.41
KAWASAKI,ROUSER NS125,Sport Backbone,82000.0,1,LALA,21.1,5,7,2.39
YAMAHA,MIO FAZZIO,Retro Scooter,93900.0,2,KAPATAGAN,7.5,13,12,4.46
HONDA,CLICK 160,Scooter,122900.0,1,LALA,15.1,15,7,5.66
YAMAHA,SNIPER 155,Sport Underbone,123900.0,2,KAPATAGAN,8.9,15,10,4.41
SUZUKI,SMASH 115,Underbone,62400.0,2,KAPATAGAN,27.5,22,9,6.8
YAMAHA,MIO GEAR 125,Scooter,79400.0,1,LALA,29.5,19,3,6.6
SUZUKI,BURGMAN STREET 125,Maxi-Scooter,83400.0,2,KAPATAGAN,37.2,14,12,4.89
KAWASAKI,P24KK (BARAKO II),Backbone/Tricycle,68500.0,2,KAPATAGAN,57.3,17,5,5.41
HONDA,PCX160,Maxi-Scooter,134900.0,2,KAPATAGAN,20.6,10,3,3.32
YAMAHA,MIO GEAR 125,Scooter,79400.0,1,LALA,38.8,14,9,5.22
YAMAHA,MIO SPORTY,Scooter,73900.0,3,TUBOD,65.2,13,5,4.35
HONDA,CLICK 160,Scooter,122900.0,2,KAPATAGAN,37.2,20,10,5.64
HONDA,BEAT PREMIUM,Scooter,72400.0,2,KAPATAGAN,60.6,16,7,4.54
SUZUKI,BURGMAN STREET 125,Maxi-Scooter,83400.0,2,KAPATAGAN,24.5,9,5,3.56
KAWASAKI,ROUSER NS125,Sport Backbone,82000.0,3,TUBOD,9.0,7,8,2.01
YAMAHA,AEROX 155,Sport Scooter,125400.0,1,LALA,6.4,18,3,5.99
KAWASAKI,CT100B,Backbone/Utility,54000.0,2,KAPATAGAN,23.8,10,10,3.7
YAMAHA,AEROX 155,Sport Scooter,125400.0,2,KAPATAGAN,29.7,14,2,4.57
YAMAHA,SNIPER 155,Sport Underbone,123900.0,3,TUBOD,5.4,10,6,3.68
HONDA,TMX125 ALPHA,Backbone/Utility,57900.0,3,TUBOD,10.5,15,7,4.72
HONDA,BEAT PREMIUM,Scooter,72400.0,3,TUBOD,36.8,13,11,3.97
YAMAHA,MIO SPORTY,Scooter,73900.0,2,KAPATAGAN,29.0,22,5,6.88
HONDA,CLICK 125I,Scooter,81400.0,2,KAPATAGAN,9.4,14,9,5.39
YAMAHA,MIO GEAR 125,Scooter,79400.0,3,TUBOD,35.9,13,11,3.99
YAMAHA,SNIPER 155,Sport Underbone,123900.0,3,TUBOD,27.5,5,7,1.88
SUZUKI,SMASH 115,Underbone,62400.0,3,TUBOD,10.5,13,2,4.33
YAMAHA,MIO FAZZIO,Retro Scooter,93900.0,3,TUBOD,17.2,10,9,3.24
KAWASAKI,P24KK (BARAKO II),Backbone/Tricycle,68500.0,3,TUBOD,16.3,20,9,5.92
HONDA,BEAT PREMIUM,Scooter,72400.0,2,KAPATAGAN,19.1,23,9,7.13
HONDA,ADV160,Adventure Scooter,166900.0,1,LALA,5.8,10,1,3.29
HONDA,BEAT PREMIUM,Scooter,72400.0,2,KAPATAGAN,44.1,13,1,4.7
YAMAHA,AEROX 155,Sport Scooter,125400.0,3,TUBOD,60.7,9,6,2.61
SUZUKI,RAIDER 150 FI,Sport Underbone,119900.0,2,KAPATAGAN,37.2,12,10,3.64
HONDA,PCX160,Maxi-Scooter,134900.0,3,TUBOD,33.6,9,7,3.09
KAWASAKI,CT100B,Backbone/Utility,54000.0,2,KAPATAGAN,10.1,21,1,6.43
HONDA,TMX125 ALPHA,Backbone/Utility,57900.0,2,KAPATAGAN,34.9,17,2,6.1
YAMAHA,MIO FAZZIO,Retro Scooter,93900.0,1,LALA,19.4,8,2,3.4
YAMAHA,MIO FAZZIO,Retro Scooter,93900.0,3,TUBOD,10.0,9,7,3.6
KAWASAKI,CT100B,Backbone/Utility,54000.0,1,LALA,20.8,12,12,4.15
SUZUKI,RAIDER 150 FI,Sport Underbone,119900.0,1,LALA,16.3,10,7,3.8
HONDA,ADV160,Adventure Scooter,166900.0,3,TUBOD,70.8,8,3,2.85
YAMAHA,MIO SPORTY,Scooter,73900.0,1,LALA,28.5,32,4,9.85
HONDA,WAVE RSX,Underbone,64900.0,1,LALA,3.7,19,7,5.76
HONDA,BEAT PREMIUM,Scooter,72400.0,3,TUBOD,37.7,15,1,4.64
KAWASAKI,P24KK (BARAKO II),Backbone/Tricycle,68500.0,2,KAPATAGAN,76.0,9,11,4.17
HONDA,ADV160,Adventure Scooter,166900.0,3,TUBOD,16.8,12,7,3.52
KAWASAKI,CT100B,Backbone/Utility,54000.0,3,TUBOD,5.1,11,3,3.82
HONDA,WAVE RSX,Underbone,64900.0,2,KAPATAGAN,4.5,16,1,5.15
HONDA,WAVE RSX,Underbone,64900.0,2,KAPATAGAN,15.2,16,7,5.1
HONDA,BEAT PREMIUM,Scooter,72400.0,1,LALA,26.6,17,4,6.52
HONDA,CLICK 160,Scooter,122900.0,3,TUBOD,9.4,18,11,5.38
KAWASAKI,P24KK (BARAKO II),Backbone/Tricycle,68500.0,2,KAPATAGAN,7.7,13,1,5.16
HONDA,ADV160,Adventure Scooter,166900.0,1,LALA,43.2,13,12,3.96
KAWASAKI,ROUSER NS125,Sport Backbone,82000.0,3,TUBOD,52.9,13,3,3.58
YAMAHA,NMAX 155,Maxi-Scooter,151900.0,1,LALA,18.0,13,1,4.53
HONDA,CLICK 160,Scooter,122900.0,1,LALA,57.2,13,2,4.17
KAWASAKI,CT100B,Backbone/Utility,54000.0,1,LALA,10.6,5,7,2.6
YAMAHA,MIO GEAR 125,Scooter,79400.0,3,TUBOD,11.4,16,3,5.19
YAMAHA,NMAX 155,Maxi-Scooter,151900.0,1,LALA,10.0,17,2,5.23
HONDA,PCX160,Maxi-Scooter,134900.0,1,LALA,12.7,16,4,4.98
YAMAHA,MIO SPORTY,Scooter,73900.0,2,KAPATAGAN,76.4,16,2,4.97
SUZUKI,RAIDER 150 FI,Sport Underbone,119900.0,3,TUBOD,8.3,11,1,3.74
KAWASAKI,CT100B,Backbone/Utility,54000.0,2,KAPATAGAN,14.8,20,4,6.53
KAWASAKI,ROUSER NS125,Sport Backbone,82000.0,3,TUBOD,3.7,9,5,2.66
SUZUKI,RAIDER 150 FI,Sport Underbone,119900.0,1,LALA,66.2,7,4,2.58
KAWASAKI,P24KK (BARAKO II),Backbone/Tricycle,68500.0,1,LALA,42.4,10,7,3.53
HONDA,TMX125 ALPHA,Backbone/Utility,57900.0,3,TUBOD,38.9,15,11,4.94
YAMAHA,SNIPER 155,Sport Underbone,123900.0,1,LALA,30.9,10,4,3.35
YAMAHA,NMAX 155,Maxi-Scooter,151900.0,3,TUBOD,25.0,14,7,4.2
YAMAHA,MIO FAZZIO,Retro Scooter,93900.0,3,TUBOD,39.8,16,10,4.69
YAMAHA,MIO GEAR 125,Scooter,79400.0,3,TUBOD,73.6,3,11,1.41
HONDA,ADV160,Adventure Scooter,166900.0,1,LALA,12.5,7,1,2.63
KAWASAKI,ROUSER NS125,Sport Backbone,82000.0,3,TUBOD,30.4,3,5,1.35
YAMAHA,SNIPER 155,Sport Underbone,123900.0,1,LALA,22.9,8,10,3.08
HONDA,ADV160,Adventure Scooter,166900.0,2,KAPATAGAN,28.1,12,10,3.71
KAWASAKI,CT100B,Backbone/Utility,54000.0,3,TUBOD,4.7,6,8,2.1
HONDA,CLICK 160,Scooter,122900.0,1,LALA,19.5,28,12,9.44
SUZUKI,SMASH 115,Underbone,62400.0,1,LALA,17.8,15,2,4.95
KAWASAKI,CT100B,Backbone/Utility,54000.0,1,LALA,5.4,17,12,5.65
HONDA,ADV160,Adventure Scooter,166900.0,3,TUBOD,4.7,4,7,1.47
HONDA,WAVE RSX,Underbone,64900.0,1,LALA,68.8,11,3,3.87
HONDA,CLICK 125I,Scooter,81400.0,3,TUBOD,17.0,10,6,3.7
HONDA,CLICK 160,Scooter,122900.0,1,LALA,83.5,13,6,4.52
HONDA,PCX160,Maxi-Scooter,134900.0,3,TUBOD,28.5,11,2,3.75
YAMAHA,SNIPER 155,Sport Underbone,123900.0,1,LALA,16.7,16,3,5.18
HONDA,CLICK 125I,Scooter,81400.0,3,TUBOD,34.1,14,4,5.0
SUZUKI,RAIDER 150 FI,Sport Underbone,119900.0,3,TUBOD,30.0,10,2,3.48
SUZUKI,SMASH 115,Underbone,62400.0,2,KAPATAGAN,27.2,12,8,4.41
HONDA,TMX125 ALPHA,Backbone/Utility,57900.0,1,LALA,78.3,11,6,3.6
HONDA,CLICK 125I,Scooter,81400.0,2,KAPATAGAN,37.2,17,8,5.09
KAWASAKI,P24KK (BARAKO II),Backbone/Tricycle,68500.0,2,KAPATAGAN,10.2,26,11,8.27
YAMAHA,MIO SPORTY,Scooter,73900.0,2,KAPATAGAN,25.2,13,5,4.09
HONDA,TMX125 ALPHA,Backbone/Utility,57900.0,1,LALA,20.9,9,11,4.03
HONDA,CLICK 125I,Scooter,81400.0,1,LALA,14.0,23,3,7.98
HONDA,WAVE RSX,Underbone,64900.0,1,LALA,4.2,16,7,5.38
HONDA,CLICK 125I,Scooter,81400.0,2,KAPATAGAN,25.8,15,7,5.21
HONDA,WAVE RSX,Underbone,64900.0,2,KAPATAGAN,8.9,11,8,4.13
HONDA,ADV160,Adventure Scooter,166900.0,3,TUBOD,18.1,10,5,3.02
HONDA,BEAT PREMIUM,Scooter,72400.0,1,LALA,32.6,27,10,8.13
HONDA,PCX160,Maxi-Scooter,134900.0,2,KAPATAGAN,35.9,12,3,4.04
HONDA,TMX125 ALPHA,Backbone/Utility,57900.0,1,LALA,10.9,18,9,6.23
YAMAHA,MIO GEAR 125,Scooter,79400.0,1,LALA,6.0,23,9,7.43
SUZUKI,RAIDER 150 FI,Sport Underbone,119900.0,1,LALA,47.4,17,2,5.03
HONDA,PCX160,Maxi-Scooter,134900.0,3,TUBOD,29.4,10,1,3.06
SUZUKI,SMASH 115,Underbone,62400.0,2,KAPATAGAN,34.2,21,2,6.27
YAMAHA,SNIPER 155,Sport Underbone,123900.0,3,TUBOD,74.1,9,3,3.1
YAMAHA,AEROX 155,Sport Scooter,125400.0,2,KAPATAGAN,11.4,11,1,3.78
KAWASAKI,CT100B,Backbone/Utility,54000.0,2,KAPATAGAN,81.9,18,4,5.11
HONDA,BEAT PREMIUM,Scooter,72400.0,3,TUBOD,85.8,5,3,2.72
HONDA,CLICK 125I,Scooter,81400.0,2,KAPATAGAN,22.3,21,4,6.7
HONDA,WAVE RSX,Underbone,64900.0,2,KAPATAGAN,5.6,18,3,5.75
KAWASAKI,CT100B,Backbone/Utility,54000.0,1,LALA,6.3,16,12,5.71
SUZUKI,BURGMAN STREET 125,Maxi-Scooter,83400.0,2,KAPATAGAN,23.6,10,6,3.5
HONDA,CLICK 160,Scooter,122900.0,3,TUBOD,79.4,9,8,2.66
KAWASAKI,ROUSER NS125,Sport Backbone,82000.0,2,KAPATAGAN,11.5,15,9,4.82
KAWASAKI,ROUSER NS125,Sport Backbone,82000.0,1,LALA,29.5,11,12,3.68
HONDA,CLICK 125I,Scooter,81400.0,3,TUBOD,7.6,19,11,6.17
YAMAHA,MIO FAZZIO,Retro Scooter,93900.0,1,LALA,31.6,11,5,3.76
YAMAHA,MIO SPORTY,Scooter,73900.0,2,KAPATAGAN,21.2,13,8,4.23
YAMAHA,MIO GEAR 125,Scooter,79400.0,2,KAPATAGAN,11.7,17,10,5.38
SUZUKI,SMASH 115,Underbone,62400.0,1,LALA,39.5,13,4,4.58
YAMAHA,NMAX 155,Maxi-Scooter,151900.0,2,KAPATAGAN,43.2,16,3,4.62
HONDA,CLICK 125I,Scooter,81400.0,2,KAPATAGAN,8.6,22,3,6.75
KAWASAKI,P24KK (BARAKO II),Backbone/Tricycle,68500.0,2,KAPATAGAN,29.6,18,2,5.5
HONDA,BEAT PREMIUM,Scooter,72400.0,1,LALA,16.7,27,2,8.94
HONDA,WAVE RSX,Underbone,64900.0,3,TUBOD,61.9,6,12,2.53
YAMAHA,MIO SPORTY,Scooter,73900.0,3,TUBOD,44.7,14,7,4.55
YAMAHA,AEROX 155,Sport Scooter,125400.0,3,TUBOD,43.9,9,7,2.91
HONDA,BEAT PREMIUM,Scooter,72400.0,2,KAPATAGAN,36.1,10,5,4.12
KAWASAKI,ROUSER NS125,Sport Backbone,82000.0,2,KAPATAGAN,39.6,9,11,3.52
HONDA,PCX160,Maxi-Scooter,134900.0,1,LALA,9.6,14,3,4.17
YAMAHA,MIO FAZZIO,Retro Scooter,93900.0,1,LALA,12.7,12,11,4.39
HONDA,PCX160,Maxi-Scooter,134900.0,2,KAPATAGAN,79.4,6,3,2.07
HONDA,CLICK 125I,Scooter,81400.0,3,TUBOD,11.0,10,8,3.95
HONDA,CLICK 125I,Scooter,81400.0,1,LALA,17.7,23,4,8.11
HONDA,CLICK 125I,Scooter,81400.0,2,KAPATAGAN,41.9,17,4,5.77
HONDA,ADV160,Adventure Scooter,166900.0,2,KAPATAGAN,3.7,5,6,2.08
KAWASAKI,CT100B,Backbone/Utility,54000.0,3,TUBOD,79.4,7,9,2.27
HONDA,CLICK 125I,Scooter,81400.0,1,LALA,7.9,27,4,9.14
YAMAHA,MIO SPORTY,Scooter,73900.0,1,LALA,8.9,18,6,6.41
HONDA,TMX125 ALPHA,Backbone/Utility,57900.0,3,TUBOD,3.9,11,9,3.79
HONDA,TMX125 ALPHA,Backbone/Utility,57900.0,1,LALA,36.0,15,1,5.42
HONDA,TMX125 ALPHA,Backbone/Utility,57900.0,2,KAPATAGAN,16.8,23,12,8.57
SUZUKI,SMASH 115,Underbone,62400.0,2,KAPATAGAN,24.5,12,3,4.04
HONDA,WAVE RSX,Underbone,64900.0,2,KAPATAGAN,22.3,5,10,2.08
HONDA,PCX160,Maxi-Scooter,134900.0,1,LALA,16.8,8,5,3.12
HONDA,CLICK 160,Scooter,122900.0,3,TUBOD,31.7,12,9,3.48
YAMAHA,NMAX 155,Maxi-Scooter,151900.0,1,LALA,11.8,9,10,3.54
HONDA,PCX160,Maxi-Scooter,134900.0,1,LALA,39.8,11,7,3.61
HONDA,TMX125 ALPHA,Backbone/Utility,57900.0,3,TUBOD,53.0,10,6,3.56
HONDA,TMX125 ALPHA,Backbone/Utility,57900.0,2,KAPATAGAN,5.8,27,1,8.22
HONDA,CLICK 125I,Scooter,81400.0,2,KAPATAGAN,11.0,15,8,4.59
HONDA,TMX125 ALPHA,Backbone/Utility,57900.0,3,TUBOD,7.9,13,5,4.45
YAMAHA,NMAX 155,Maxi-Scooter,151900.0,1,LALA,17.5,21,4,6.28
YAMAHA,MIO GEAR 125,Scooter,79400.0,2,KAPATAGAN,30.4,22,3,6.5
SUZUKI,RAIDER 150 FI,Sport Underbone,119900.0,2,KAPATAGAN,10.7,8,3,3.05
YAMAHA,AEROX 155,Sport Scooter,125400.0,1,LALA,17.9,22,7,6.52
SUZUKI,BURGMAN STREET 125,Maxi-Scooter,83400.0,2,KAPATAGAN,11.9,14,11,4.59
KAWASAKI,CT100B,Backbone/Utility,54000.0,2,KAPATAGAN,9.3,19,9,5.86
YAMAHA,NMAX 155,Maxi-Scooter,151900.0,2,KAPATAGAN,16.5,7,9,3.01
SUZUKI,BURGMAN STREET 125,Maxi-Scooter,83400.0,2,KAPATAGAN,52.5,7,1,2.61
KAWASAKI,P24KK (BARAKO II),Backbone/Tricycle,68500.0,2,KAPATAGAN,8.5,25,6,8.23
SUZUKI,BURGMAN STREET 125,Maxi-Scooter,83400.0,3,TUBOD,4.0,11,11,4.0
SUZUKI,RAIDER 150 FI,Sport Underbone,119900.0,3,TUBOD,18.0,10,9,2.63
HONDA,CLICK 160,Scooter,122900.0,3,TUBOD,12.8,10,12,3.67
SUZUKI,RAIDER 150 FI,Sport Underbone,119900.0,3,TUBOD,65.4,3,10,1.32
HONDA,PCX160,Maxi-Scooter,134900.0,3,TUBOD,32.6,5,7,1.75
KAWASAKI,P24KK (BARAKO II),Backbone/Tricycle,68500.0,3,TUBOD,4.3,11,9,4.0
YAMAHA,NMAX 155,Maxi-Scooter,151900.0,2,KAPATAGAN,18.6,16,3,5.4
YAMAHA,SNIPER 155,Sport Underbone,123900.0,2,KAPATAGAN,24.0,12,3,4.02
YAMAHA,MIO GEAR 125,Scooter,79400.0,1,LALA,8.5,18,5,6.52
YAMAHA,NMAX 155,Maxi-Scooter,151900.0,3,TUBOD,12.3,10,4,3.88
HONDA,CLICK 125I,Scooter,81400.0,2,KAPATAGAN,28.1,13,6,4.97
KAWASAKI,CT100B,Backbone/Utility,54000.0,3,TUBOD,42.8,6,8,1.67
YAMAHA,MIO GEAR 125,Scooter,79400.0,3,TUBOD,7.7,21,12,6.88
HONDA,TMX125 ALPHA,Backbone/Utility,57900.0,3,TUBOD,32.7,6,11,2.13
HONDA,CLICK 160,Scooter,122900.0,3,TUBOD,14.1,8,2,2.84
YAMAHA,NMAX 155,Maxi-Scooter,151900.0,3,TUBOD,4.7,9,3,3.64
KAWASAKI,P24KK (BARAKO II),Backbone/Tricycle,68500.0,1,LALA,28.8,15,8,5.03
HONDA,PCX160,Maxi-Scooter,134900.0,2,KAPATAGAN,24.3,5,3,2.24
YAMAHA,MIO FAZZIO,Retro Scooter,93900.0,2,KAPATAGAN,8.6,16,4,5.15
HONDA,WAVE RSX,Underbone,64900.0,1,LALA,5.9,20,4,6.29
HONDA,CLICK 160,Scooter,122900.0,2,KAPATAGAN,7.5,19,2,5.5
HONDA,WAVE RSX,Underbone,64900.0,2,KAPATAGAN,38.2,14,11,3.84
HONDA,PCX160,Maxi-Scooter,134900.0,3,TUBOD,8.1,10,4,3.62
YAMAHA,SNIPER 155,Sport Underbone,123900.0,1,LALA,13.1,5,6,2.08
HONDA,CLICK 160,Scooter,122900.0,3,TUBOD,34.0,11,12,4.11
YAMAHA,MIO GEAR 125,Scooter,79400.0,1,LALA,84.1,12,6,4.77
HONDA,PCX160,Maxi-Scooter,134900.0,1,LALA,19.2,8,12,3.66
HONDA,CLICK 160,Scooter,122900.0,3,TUBOD,24.6,11,1,3.64
YAMAHA,AEROX 155,Sport Scooter,125400.0,2,KAPATAGAN,74.3,6,7,2.45
KAWASAKI,P24KK (BARAKO II),Backbone/Tricycle,68500.0,1,LALA,16.3,16,10,5.73
HONDA,TMX125 ALPHA,Backbone/Utility,57900.0,2,KAPATAGAN,40.7,27,5,8.48
HONDA,WAVE RSX,Underbone,64900.0,3,TUBOD,23.0,9,6,3.31
SUZUKI,BURGMAN STREET 125,Maxi-Scooter,83400.0,2,KAPATAGAN,71.2,7,3,2.77
HONDA,PCX160,Maxi-Scooter,134900.0,2,KAPATAGAN,51.5,7,7,2.05
SUZUKI,BURGMAN STREET 125,Maxi-Scooter,83400.0,3,TUBOD,33.3,12,1,3.82
SUZUKI,RAIDER 150 FI,Sport Underbone,119900.0,2,KAPATAGAN,86.7,7,6,2.21
YAMAHA,MIO FAZZIO,Retro Scooter,93900.0,3,TUBOD,37.0,7,2,2.48
HONDA,CLICK 125I,Scooter,81400.0,1,LALA,19.0,19,10,6.27
KAWASAKI,CT100B,Backbone/Utility,54000.0,1,LALA,19.7,9,8,3.18
SUZUKI,RAIDER 150 FI,Sport Underbone,119900.0,3,TUBOD,25.8,8,9,3.17
HONDA,ADV160,Adventure Scooter,166900.0,1,LALA,35.5,9,2,2.56
HONDA,CLICK 160,Scooter,122900.0,3,TUBOD,69.9,14,2,4.19
YAMAHA,NMAX 155,Maxi-Scooter,151900.0,1,LALA,23.5,21,4,6.41
SUZUKI,SMASH 115,Underbone,62400.0,3,TUBOD,23.6,11,5,3.81
YAMAHA,MIO FAZZIO,Retro Scooter,93900.0,3,TUBOD,11.9,14,8,4.4
YAMAHA,MIO SPORTY,Scooter,73900.0,3,TUBOD,19.8,11,8,3.8
SUZUKI,RAIDER 150 FI,Sport Underbone,119900.0,3,TUBOD,12.0,6,2,2.21
YAMAHA,NMAX 155,Maxi-Scooter,151900.0,3,TUBOD,44.6,7,8,2.92
HONDA,WAVE RSX,Underbone,64900.0,1,LALA,30.1,10,9,3.67
HONDA,CLICK 160,Scooter,122900.0,2,KAPATAGAN,18.8,20,2,6.11
HONDA,CLICK 160,Scooter,122900.0,1,LALA,18.8,14,8,5.07
HONDA,ADV160,Adventure Scooter,166900.0,3,TUBOD,4.0,8,3,2.92
SUZUKI,SMASH 115,Underbone,62400.0,2,KAPATAGAN,36.5,18,2,5.54
YAMAHA,AEROX 155,Sport Scooter,125400.0,1,LALA,30.0,8,6,3.17
YAMAHA,NMAX 155,Maxi-Scooter,151900.0,1,LALA,81.6,12,6,3.98
HONDA,CLICK 160,Scooter,122900.0,2,KAPATAGAN,46.0,10,4,3.86
HONDA,TMX125 ALPHA,Backbone/Utility,57900.0,3,TUBOD,17.0,12,12,4.18
SUZUKI,BURGMAN STREET 125,Maxi-Scooter,83400.0,2,KAPATAGAN,12.7,14,6,4.93
KAWASAKI,CT100B,Backbone/Utility,54000.0,3,TUBOD,12.5,11,11,3.59
HONDA,WAVE RSX,Underbone,64900.0,2,KAPATAGAN,71.5,8,9,2.59
HONDA,ADV160,Adventure Scooter,166900.0,3,TUBOD,12.8,6,4,2.17
YAMAHA,NMAX 155,Maxi-Scooter,151900.0,1,LALA,26.0,9,8,2.6
YAMAHA,MIO SPORTY,Scooter,73900.0,3,TUBOD,35.2,18,7,5.62
YAMAHA,NMAX 155,Maxi-Scooter,151900.0,1,LALA,57.9,16,7,4.62
YAMAHA,AEROX 155,Sport Scooter,125400.0,2,KAPATAGAN,11.0,12,10,4.56
HONDA,CLICK 160,Scooter,122900.0,3,TUBOD,19.6,17,7,4.79
HONDA,CLICK 125I,Scooter,81400.0,1,LALA,6.6,15,11,5.63
HONDA,ADV160,Adventure Scooter,166900.0,2,KAPATAGAN,30.4,6,4,2.38
HONDA,ADV160,Adventure Scooter,166900.0,2,KAPATAGAN,17.1,8,11,2.65
HONDA,TMX125 ALPHA,Backbone/Utility,57900.0,3,TUBOD,8.4,8,1,3.15
HONDA,CLICK 125I,Scooter,81400.0,3,TUBOD,18.9,18,7,5.74
KAWASAKI,ROUSER NS125,Sport Backbone,82000.0,2,KAPATAGAN,16.7,15,3,4.33
HONDA,PCX160,Maxi-Scooter,134900.0,2,KAPATAGAN,26.4,9,3,2.8
YAMAHA,NMAX 155,Maxi-Scooter,151900.0,2,KAPATAGAN,45.5,11,2,3.79
YAMAHA,NMAX 155,Maxi-Scooter,151900.0,2,KAPATAGAN,57.3,12,5,3.7
YAMAHA,NMAX 155,Maxi-Scooter,151900.0,3,TUBOD,3.6,12,3,3.98
SUZUKI,BURGMAN STREET 125,Maxi-Scooter,83400.0,3,TUBOD,15.5,6,8,2.53
YAMAHA,SNIPER 155,Sport Underbone,123900.0,1,LALA,71.3,8,3,2.63
KAWASAKI,P24KK (BARAKO II),Backbone/Tricycle,68500.0,2,KAPATAGAN,3.2,22,5,7.37
HONDA,CLICK 125I,Scooter,81400.0,1,LALA,36.8,19,11,6.9
KAWASAKI,P24KK (BARAKO II),Backbone/Tricycle,68500.0,3,TUBOD,15.1,10,5,3.75
HONDA,PCX160,Maxi-Scooter,134900.0,1,LALA,9.3,6,7,2.64
KAWASAKI,P24KK (BARAKO II),Backbone/Tricycle,68500.0,1,LALA,18.7,25,3,8.07
KAWASAKI,CT100B,Backbone/Utility,54000.0,3,TUBOD,62.1,8,5,2.63
HONDA,TMX125 ALPHA,Backbone/Utility,57900.0,3,TUBOD,14.1,19,10,5.44
SUZUKI,SMASH 115,Underbone,62400.0,1,LALA,43.7,17,11,5.55
KAWASAKI,P24KK (BARAKO II),Backbone/Tricycle,68500.0,3,TUBOD,42.5,5,2,1.9
YAMAHA,MIO SPORTY,Scooter,73900.0,3,TUBOD,16.3,12,1,4.66
HONDA,BEAT PREMIUM,Scooter,72400.0,2,KAPATAGAN,42.5,18,5,6.1
YAMAHA,MIO SPORTY,Scooter,73900.0,1,LALA,22.6,24,10,7.38
YAMAHA,AEROX 155,Sport Scooter,125400.0,3,TUBOD,22.6,8,8,2.67
KAWASAKI,P24KK (BARAKO II),Backbone/Tricycle,68500.0,3,TUBOD,20.5,13,10,3.93
KAWASAKI,CT100B,Backbone/Utility,54000.0,3,TUBOD,19.1,14,7,4.04
KAWASAKI,ROUSER NS125,Sport Backbone,82000.0,2,KAPATAGAN,31.6,10,7,3.2
YAMAHA,SNIPER 155,Sport Underbone,123900.0,2,KAPATAGAN,27.2,4,1,1.74
HONDA,TMX125 ALPHA,Backbone/Utility,57900.0,1,LALA,13.8,19,4,6.31
HONDA,BEAT PREMIUM,Scooter,72400.0,3,TUBOD,30.2,12,5,4.29
KAWASAKI,P24KK (BARAKO II),Backbone/Tricycle,68500.0,2,KAPATAGAN,6.1,23,5,7.36
SUZUKI,BURGMAN STREET 125,Maxi-Scooter,83400.0,3,TUBOD,81.0,5,2,2.12
SUZUKI,SMASH 115,Underbone,62400.0,1,LALA,37.4,19,7,5.83
HONDA,ADV160,Adventure Scooter,166900.0,2,KAPATAGAN,39.6,8,12,2.63
HONDA,TMX125 ALPHA,Backbone/Utility,57900.0,1,LALA,23.1,12,2,4.31
HONDA,BEAT PREMIUM,Scooter,72400.0,3,TUBOD,15.9,20,4,6.1
HONDA,ADV160,Adventure Scooter,166900.0,2,KAPATAGAN,37.6,8,3,2.57
HONDA,ADV160,Adventure Scooter,166900.0,1,LALA,72.3,1,10,0.91
SUZUKI,SMASH 115,Underbone,62400.0,1,LALA,8.7,11,1,4.09
HONDA,TMX125 ALPHA,Backbone/Utility,57900.0,3,TUBOD,25.4,17,3,5.28
HONDA,WAVE RSX,Underbone,64900.0,2,KAPATAGAN,86.8,5,7,2.16
HONDA,ADV160,Adventure Scooter,166900.0,1,LALA,66.1,8,1,2.4
HONDA,TMX125 ALPHA,Backbone/Utility,57900.0,3,TUBOD,26.2,13,3,4.59
SUZUKI,BURGMAN STREET 125,Maxi-Scooter,83400.0,1,LALA,14.7,18,3,5.64
SUZUKI,BURGMAN STREET 125,Maxi-Scooter,83400.0,1,LALA,19.0,20,10,5.82
KAWASAKI,P24KK (BARAKO II),Backbone/Tricycle,68500.0,3,TUBOD,36.9,10,7,3.7
YAMAHA,AEROX 155,Sport Scooter,125400.0,3,TUBOD,40.0,6,8,1.52
YAMAHA,MIO FAZZIO,Retro Scooter,93900.0,3,TUBOD,20.7,10,3,3.67
YAMAHA,AEROX 155,Sport Scooter,125400.0,3,TUBOD,19.6,8,1,3.03
YAMAHA,NMAX 155,Maxi-Scooter,151900.0,1,LALA,33.3,9,3,3.47
KAWASAKI,P24KK (BARAKO II),Backbone/Tricycle,68500.0,3,TUBOD,6.5,14,6,3.84
YAMAHA,MIO SPORTY,Scooter,73900.0,3,TUBOD,18.9,16,4,5.38
SUZUKI,SMASH 115,Underbone,62400.0,3,TUBOD,31.0,13,5,4.28
KAWASAKI,P24KK (BARAKO II),Backbone/Tricycle,68500.0,2,KAPATAGAN,24.8,21,10,7.09
HONDA,ADV160,Adventure Scooter,166900.0,3,TUBOD,10.8,12,2,3.63
HONDA,BEAT PREMIUM,Scooter,72400.0,1,LALA,33.1,26,11,8.17
HONDA,BEAT PREMIUM,Scooter,72400.0,3,TUBOD,40.9,11,10,3.96
YAMAHA,SNIPER 155,Sport Underbone,123900.0,3,TUBOD,3.2,10,7,3.31
YAMAHA,MIO GEAR 125,Scooter,79400.0,3,TUBOD,25.6,13,9,3.97
SUZUKI,BURGMAN STREET 125,Maxi-Scooter,83400.0,2,KAPATAGAN,23.3,13,10,3.83
HONDA,WAVE RSX,Underbone,64900.0,2,KAPATAGAN,8.9,18,12,6.05
HONDA,ADV160,Adventure Scooter,166900.0,3,TUBOD,26.2,6,2,1.69
YAMAHA,MIO GEAR 125,Scooter,79400.0,3,TUBOD,10.0,17,5,5.36
YAMAHA,MIO SPORTY,Scooter,73900.0,1,LALA,36.8,22,6,7.23
SUZUKI,RAIDER 150 FI,Sport Underbone,119900.0,1,LALA,75.3,7,2,2.25
KAWASAKI,CT100B,Backbone/Utility,54000.0,3,TUBOD,9.6,10,5,3.28
HONDA,WAVE RSX,Underbone,64900.0,1,LALA,44.8,9,7,3.42
HONDA,ADV160,Adventure Scooter,166900.0,2,KAPATAGAN,85.9,2,2,0.88
HONDA,PCX160,Maxi-Scooter,134900.0,1,LALA,68.6,4,12,1.37
YAMAHA,MIO SPORTY,Scooter,73900.0,1,LALA,13.4,23,1,7.81
HONDA,CLICK 160,Scooter,122900.0,2,KAPATAGAN,35.0,12,3,4.04
KAWASAKI,CT100B,Backbone/Utility,54000.0,1,LALA,30.2,18,12,5.71
KAWASAKI,CT100B,Backbone/Utility,54000.0,3,TUBOD,44.6,9,8,2.89
SUZUKI,SMASH 115,Underbone,62400.0,2,KAPATAGAN,31.6,9,6,3.42
KAWASAKI,P24KK (BARAKO II),Backbone/Tricycle,68500.0,1,LALA,17.9,11,10,4.2
KAWASAKI,P24KK (BARAKO II),Backbone/Tricycle,68500.0,2,KAPATAGAN,8.1,23,3,8.01
YAMAHA,NMAX 155,Maxi-Scooter,151900.0,2,KAPATAGAN,69.1,11,11,4.1
SUZUKI,RAIDER 150 FI,Sport Underbone,119900.0,1,LALA,39.5,12,9,3.75
YAMAHA,NMAX 155,Maxi-Scooter,151900.0,3,TUBOD,39.2,17,1,4.56
HONDA,TMX125 ALPHA,Backbone/Utility,57900.0,1,LALA,23.6,14,10,4.69
YAMAHA,AEROX 155,Sport Scooter,125400.0,1,LALA,16.3,20,2,6.54
YAMAHA,NMAX 155,Maxi-Scooter,151900.0,2,KAPATAGAN,21.2,19,7,5.81
YAMAHA,AEROX 155,Sport Scooter,125400.0,3,TUBOD,8.1,10,5,3.29
YAMAHA,MIO SPORTY,Scooter,73900.0,1,LALA,44.2,22,10,7.28
YAMAHA,MIO SPORTY,Scooter,73900.0,1,LALA,16.5,24,2,8.25
YAMAHA,NMAX 155,Maxi-Scooter,151900.0,1,LALA,87.0,5,9,2.33
YAMAHA,SNIPER 155,Sport Underbone,123900.0,1,LALA,83.5,12,5,3.55
YAMAHA,AEROX 155,Sport Scooter,125400.0,1,LALA,63.2,10,1,3.49
YAMAHA,NMAX 155,Maxi-Scooter,151900.0,3,TUBOD,26.6,16,9,4.99
KAWASAKI,CT100B,Backbone/Utility,54000.0,3,TUBOD,9.6,12,7,3.5
KAWASAKI,ROUSER NS125,Sport Backbone,82000.0,1,LALA,17.1,7,7,2.72
YAMAHA,MIO GEAR 125,Scooter,79400.0,1,LALA,29.8,21,5,6.66
HONDA,WAVE RSX,Underbone,64900.0,2,KAPATAGAN,30.9,10,4,4.05
SUZUKI,RAIDER 150 FI,Sport Underbone,119900.0,3,TUBOD,75.7,6,4,2.15
SUZUKI,RAIDER 150 FI,Sport Underbone,119900.0,1,LALA,14.6,14,5,4.84
KAWASAKI,ROUSER NS125,Sport Backbone,82000.0,1,LALA,7.0,6,2,2.31
YAMAHA,MIO GEAR 125,Scooter,79400.0,2,KAPATAGAN,13.1,21,8,6.56
HONDA,WAVE RSX,Underbone,64900.0,2,KAPATAGAN,43.0,8,12,3.12
HONDA,TMX125 ALPHA,Backbone/Utility,57900.0,1,LALA,5.3,27,12,8.76
HONDA,ADV160,Adventure Scooter,166900.0,1,LALA,21.7,12,6,3.6
YAMAHA,SNIPER 155,Sport Underbone,123900.0,2,KAPATAGAN,5.2,10,11,3.44
YAMAHA,AEROX 155,Sport Scooter,125400.0,3,TUBOD,84.8,5,1,1.66
YAMAHA,AEROX 155,Sport Scooter,125400.0,2,KAPATAGAN,5.3,13,5,4.77
KAWASAKI,P24KK (BARAKO II),Backbone/Tricycle,68500.0,3,TUBOD,32.6,15,9,4.65
HONDA,CLICK 160,Scooter,122900.0,2,KAPATAGAN,25.1,10,10,3.71
YAMAHA,MIO SPORTY,Scooter,73900.0,3,TUBOD,31.3,22,4,6.46
HONDA,TMX125 ALPHA,Backbone/Utility,57900.0,2,KAPATAGAN,3.8,33,3,9.99
YAMAHA,MIO SPORTY,Scooter,73900.0,2,KAPATAGAN,26.4,12,7,4.65
SUZUKI,RAIDER 150 FI,Sport Underbone,119900.0,1,LALA,13.8,8,11,3.17
YAMAHA,AEROX 155,Sport Scooter,125400.0,1,LALA,32.2,23,10,6.88
HONDA,TMX125 ALPHA,Backbone/Utility,57900.0,3,TUBOD,84.5,3,8,1.66
HONDA,WAVE RSX,Underbone,64900.0,3,TUBOD,67.3,8,2,2.59
YAMAHA,MIO FAZZIO,Retro Scooter,93900.0,2,KAPATAGAN,87.5,5,1,1.9
YAMAHA,SNIPER 155,Sport Underbone,123900.0,2,KAPATAGAN,9.7,7,9,2.83
HONDA,PCX160,Maxi-Scooter,134900.0,2,KAPATAGAN,30.0,5,6,1.79
HONDA,PCX160,Maxi-Scooter,134900.0,1,LALA,16.8,11,10,3.54
HONDA,PCX160,Maxi-Scooter,134900.0,1,LALA,25.4,18,12,5.43
YAMAHA,MIO FAZZIO,Retro Scooter,93900.0,2,KAPATAGAN,3.6,10,10,3.83
HONDA,CLICK 125I,Scooter,81400.0,3,TUBOD,44.2,9,8,3.05
HONDA,BEAT PREMIUM,Scooter,72400.0,1,LALA,43.5,22,12,7.54
YAMAHA,MIO FAZZIO,Retro Scooter,93900.0,1,LALA,28.3,14,8,4.41
YAMAHA,MIO FAZZIO,Retro Scooter,93900.0,1,LALA,32.8,13,12,4.53
YAMAHA,MIO SPORTY,Scooter,73900.0,3,TUBOD,39.6,11,6,3.48
HONDA,ADV160,Adventure Scooter,166900.0,2,KAPATAGAN,10.4,7,2,3.1
HONDA,ADV160,Adventure Scooter,166900.0,2,KAPATAGAN,87.2,2,10,1.45
YAMAHA,SNIPER 155,Sport Underbone,123900.0,2,KAPATAGAN,10.2,18,3,5.35
YAMAHA,SNIPER 155,Sport Underbone,123900.0,1,LALA,23.8,8,1,3.32
HONDA,CLICK 160,Scooter,122900.0,2,KAPATAGAN,24.5,14,2,4.24
YAMAHA,MIO GEAR 125,Scooter,79400.0,3,TUBOD,6.1,11,9,4.46
HONDA,TMX125 ALPHA,Backbone/Utility,57900.0,1,LALA,61.0,19,1,5.65
YAMAHA,NMAX 155,Maxi-Scooter,151900.0,2,KAPATAGAN,9.8,15,1,5.03
SUZUKI,BURGMAN STREET 125,Maxi-Scooter,83400.0,1,LALA,8.5,16,10,5.22
KAWASAKI,CT100B,Backbone/Utility,54000.0,1,LALA,17.9,14,1,4.79
HONDA,CLICK 125I,Scooter,81400.0,1,LALA,20.3,26,3,8.47
HONDA,ADV160,Adventure Scooter,166900.0,1,LALA,6.9,11,3,3.82
HONDA,CLICK 160,Scooter,122900.0,2,KAPATAGAN,16.0,13,6,4.56
HONDA,CLICK 125I,Scooter,81400.0,3,TUBOD,11.3,17,10,5.41
KAWASAKI,ROUSER NS125,Sport Backbone,82000.0,3,TUBOD,8.4,3,9,1.41
KAWASAKI,P24KK (BARAKO II),Backbone/Tricycle,68500.0,1,LALA,13.6,22,3,7.13
SUZUKI,SMASH 115,Underbone,62400.0,1,LALA,76.8,15,3,5.13
KAWASAKI,P24KK (BARAKO II),Backbone/Tricycle,68500.0,1,LALA,12.4,21,10,6.29
HONDA,PCX160,Maxi-Scooter,134900.0,3,TUBOD,11.5,6,1,2.25
HONDA,PCX160,Maxi-Scooter,134900.0,3,TUBOD,3.7,9,7,3.05
HONDA,PCX160,Maxi-Scooter,134900.0,1,LALA,13.1,15,6,4.64
YAMAHA,MIO FAZZIO,Retro Scooter,93900.0,2,KAPATAGAN,8.5,12,9,4.03
HONDA,TMX125 ALPHA,Backbone/Utility,57900.0,1,LALA,41.7,16,7,5.17
YAMAHA,AEROX 155,Sport Scooter,125400.0,3,TUBOD,35.7,5,10,2.32
YAMAHA,MIO FAZZIO,Retro Scooter,93900.0,2,KAPATAGAN,11.3,8,9,2.94
KAWASAKI,P24KK (BARAKO II),Backbone/Tricycle,68500.0,2,KAPATAGAN,37.6,22,3,6.94
YAMAHA,MIO FAZZIO,Retro Scooter,93900.0,3,TUBOD,10.2,11,5,3.62
YAMAHA,AEROX 155,Sport Scooter,125400.0,2,KAPATAGAN,44.8,16,4,5.45
YAMAHA,AEROX 155,Sport Scooter,125400.0,2,KAPATAGAN,41.4,12,3,3.91
HONDA,WAVE RSX,Underbone,64900.0,1,LALA,27.2,13,6,4.25
KAWASAKI,CT100B,Backbone/Utility,54000.0,1,LALA,15.0,13,9,4.45
SUZUKI,RAIDER 150 FI,Sport Underbone,119900.0,3,TUBOD,15.6,11,4,3.86
YAMAHA,NMAX 155,Maxi-Scooter,151900.0,1,LALA,28.0,17,10,5.12
HONDA,CLICK 125I,Scooter,81400.0,2,KAPATAGAN,36.5,27,12,8.21
KAWASAKI,ROUSER NS125,Sport Backbone,82000.0,1,LALA,44.6,3,9,1.22
YAMAHA,MIO GEAR 125,Scooter,79400.0,3,TUBOD,17.3,16,9,5.5
YAMAHA,MIO FAZZIO,Retro Scooter,93900.0,2,KAPATAGAN,44.7,10,9,3.61
SUZUKI,SMASH 115,Underbone,62400.0,2,KAPATAGAN,31.6,9,3,2.93
HONDA,BEAT PREMIUM,Scooter,72400.0,1,LALA,30.2,28,3,9.14
SUZUKI,RAIDER 150 FI,Sport Underbone,119900.0,2,KAPATAGAN,16.8,17,3,5.32
YAMAHA,NMAX 155,Maxi-Scooter,151900.0,2,KAPATAGAN,3.7,13,11,4.75
YAMAHA,SNIPER 155,Sport Underbone,123900.0,1,LALA,33.6,5,4,2.53
KAWASAKI,CT100B,Backbone/Utility,54000.0,3,TUBOD,61.9,3,6,1.51
HONDA,TMX125 ALPHA,Backbone/Utility,57900.0,3,TUBOD,15.9,10,6,3.38
KAWASAKI,ROUSER NS125,Sport Backbone,82000.0,2,KAPATAGAN,35.1,12,11,3.8
HONDA,PCX160,Maxi-Scooter,134900.0,2,KAPATAGAN,21.1,4,8,1.86
SUZUKI,RAIDER 150 FI,Sport Underbone,119900.0,1,LALA,43.3,11,2,3.9
YAMAHA,AEROX 155,Sport Scooter,125400.0,3,TUBOD,9.9,9,8,2.78
YAMAHA,NMAX 155,Maxi-Scooter,151900.0,3,TUBOD,13.9,11,11,3.51
KAWASAKI,CT100B,Backbone/Utility,54000.0,2,KAPATAGAN,65.4,16,3,4.72
SUZUKI,RAIDER 150 FI,Sport Underbone,119900.0,2,KAPATAGAN,24.5,12,4,3.76
KAWASAKI,CT100B,Backbone/Utility,54000.0,1,LALA,46.5,8,3,3.19
HONDA,WAVE RSX,Underbone,64900.0,2,KAPATAGAN,38.0,10,9,3.56
HONDA,PCX160,Maxi-Scooter,134900.0,1,LALA,9.2,9,8,3.34
SUZUKI,SMASH 115,Underbone,62400.0,1,LALA,18.3,26,4,7.83
HONDA,BEAT PREMIUM,Scooter,72400.0,2,KAPATAGAN,7.6,15,12,5.56
HONDA,CLICK 125I,Scooter,81400.0,2,KAPATAGAN,70.4,16,5,4.82
KAWASAKI,CT100B,Backbone/Utility,54000.0,1,LALA,20.8,13,11,4.36
HONDA,WAVE RSX,Underbone,64900.0,2,KAPATAGAN,58.1,6,9,2.16
HONDA,WAVE RSX,Underbone,64900.0,2,KAPATAGAN,17.9,16,5,5.2
YAMAHA,MIO GEAR 125,Scooter,79400.0,2,KAPATAGAN,37.1,10,8,3.23
HONDA,CLICK 160,Scooter,122900.0,1,LALA,24.1,18,11,5.6
HONDA,CLICK 160,Scooter,122900.0,1,LALA,5.1,22,2,6.87
SUZUKI,SMASH 115,Underbone,62400.0,1,LALA,20.7,14,4,5.02
HONDA,WAVE RSX,Underbone,64900.0,3,TUBOD,85.0,3,8,1.36
YAMAHA,MIO FAZZIO,Retro Scooter,93900.0,3,TUBOD,8.6,6,11,2.38
HONDA,PCX160,Maxi-Scooter,134900.0,1,LALA,7.8,4,10,1.99
HONDA,PCX160,Maxi-Scooter,134900.0,1,LALA,48.6,10,2,3.12
YAMAHA,SNIPER 155,Sport Underbone,123900.0,2,KAPATAGAN,37.5,14,6,4.23
KAWASAKI,ROUSER NS125,Sport Backbone,82000.0,2,KAPATAGAN,78.5,1,7,1.17
HONDA,CLICK 160,Scooter,122900.0,3,TUBOD,19.6,12,5,3.99
YAMAHA,NMAX 155,Maxi-Scooter,151900.0,2,KAPATAGAN,80.6,12,1,3.6
YAMAHA,SNIPER 155,Sport Underbone,123900.0,3,TUBOD,82.0,2,8,1.04
HONDA,BEAT PREMIUM,Scooter,72400.0,2,KAPATAGAN,3.6,22,9,6.66
HONDA,CLICK 125I,Scooter,81400.0,2,KAPATAGAN,60.9,4,8,1.86
HONDA,CLICK 160,Scooter,122900.0,1,LALA,18.9,19,3,6.8
YAMAHA,MIO SPORTY,Scooter,73900.0,2,KAPATAGAN,9.0,32,12,9.74
HONDA,TMX125 ALPHA,Backbone/Utility,57900.0,2,KAPATAGAN,81.8,16,5,5.15
SUZUKI,BURGMAN STREET 125,Maxi-Scooter,83400.0,3,TUBOD,66.2,3,9,1.34
KAWASAKI,ROUSER NS125,Sport Backbone,82000.0,2,KAPATAGAN,15.3,14,11,4.77
YAMAHA,MIO FAZZIO,Retro Scooter,93900.0,1,LALA,27.9,8,5,3.38
YAMAHA,MIO FAZZIO,Retro Scooter,93900.0,1,LALA,86.9,7,10,3.1
HONDA,PCX160,Maxi-Scooter,134900.0,1,LALA,83.2,7,10,2.26
KAWASAKI,ROUSER NS125,Sport Backbone,82000.0,1,LALA,12.4,7,8,2.44
HONDA,TMX125 ALPHA,Backbone/Utility,57900.0,1,LALA,76.9,9,10,3.43
HONDA,PCX160,Maxi-Scooter,134900.0,1,LALA,36.8,11,2,3.71
YAMAHA,AEROX 155,Sport Scooter,125400.0,2,KAPATAGAN,13.4,14,10,4.66
HONDA,ADV160,Adventure Scooter,166900.0,2,KAPATAGAN,43.8,11,4,3.29
KAWASAKI,CT100B,Backbone/Utility,54000.0,2,KAPATAGAN,73.8,12,4,4.06
KAWASAKI,ROUSER NS125,Sport Backbone,82000.0,2,KAPATAGAN,21.3,5,1,2.4
SUZUKI,BURGMAN STREET 125,Maxi-Scooter,83400.0,3,TUBOD,37.2,9,9,2.93
HONDA,TMX125 ALPHA,Backbone/Utility,57900.0,1,LALA,43.2,11,2,4.15
YAMAHA,MIO SPORTY,Scooter,73900.0,3,TUBOD,35.4,13,8,4.41
HONDA,CLICK 160,Scooter,122900.0,2,KAPATAGAN,3.6,12,11,4.44
HONDA,CLICK 125I,Scooter,81400.0,2,KAPATAGAN,36.8,13,11,4.36
HONDA,BEAT PREMIUM,Scooter,72400.0,3,TUBOD,13.7,11,9,3.97
SUZUKI,BURGMAN STREET 125,Maxi-Scooter,83400.0,1,LALA,84.8,8,9,3.19
KAWASAKI,CT100B,Backbone/Utility,54000.0,1,LALA,8.1,10,6,3.97
HONDA,ADV160,Adventure Scooter,166900.0,3,TUBOD,29.0,3,2,1.27
KAWASAKI,ROUSER NS125,Sport Backbone,82000.0,2,KAPATAGAN,22.4,9,7,3.27
HONDA,PCX160,Maxi-Scooter,134900.0,2,KAPATAGAN,62.0,6,4,2.18
KAWASAKI,ROUSER NS125,Sport Backbone,82000.0,1,LALA,6.5,9,4,2.98
HONDA,ADV160,Adventure Scooter,166900.0,1,LALA,19.2,15,7,4.74
SUZUKI,RAIDER 150 FI,Sport Underbone,119900.0,2,KAPATAGAN,15.2,15,4,4.59
KAWASAKI,CT100B,Backbone/Utility,54000.0,1,LALA,15.2,16,5,5.44
HONDA,BEAT PREMIUM,Scooter,72400.0,3,TUBOD,4.2,11,4,4.54
YAMAHA,MIO GEAR 125,Scooter,79400.0,2,KAPATAGAN,9.9,22,3,6.76
SUZUKI,BURGMAN STREET 125,Maxi-Scooter,83400.0,3,TUBOD,16.3,17,12,5.75
YAMAHA,NMAX 155,Maxi-Scooter,151900.0,3,TUBOD,9.8,16,12,5.46
HONDA,TMX125 ALPHA,Backbone/Utility,57900.0,3,TUBOD,20.0,7,11,2.77
KAWASAKI,P24KK (BARAKO II),Backbone/Tricycle,68500.0,3,TUBOD,71.1,8,7,2.75
SUZUKI,SMASH 115,Underbone,62400.0,3,TUBOD,6.7,14,1,4.71
HONDA,WAVE RSX,Underbone,64900.0,3,TUBOD,7.4,7,6,2.51
YAMAHA,MIO FAZZIO,Retro Scooter,93900.0,3,TUBOD,49.9,10,6,2.92
KAWASAKI,ROUSER NS125,Sport Backbone,82000.0,3,TUBOD,44.6,5,9,1.91
SUZUKI,BURGMAN STREET 125,Maxi-Scooter,83400.0,3,TUBOD,33.3,13,10,4.1
HONDA,CLICK 125I,Scooter,81400.0,2,KAPATAGAN,11.9,15,2,5.27
HONDA,CLICK 160,Scooter,122900.0,3,TUBOD,41.3,12,11,3.93
HONDA,TMX125 ALPHA,Backbone/Utility,57900.0,2,KAPATAGAN,9.4,21,1,7.0
HONDA,ADV160,Adventure Scooter,166900.0,3,TUBOD,35.7,8,8,2.83
HONDA,TMX125 ALPHA,Backbone/Utility,57900.0,3,TUBOD,25.8,10,8,3.74
YAMAHA,MIO GEAR 125,Scooter,79400.0,3,TUBOD,46.0,10,9,3.39
SUZUKI,SMASH 115,Underbone,62400.0,1,LALA,8.9,24,4,7.61
YAMAHA,SNIPER 155,Sport Underbone,123900.0,1,LALA,62.8,5,1,1.99
HONDA,PCX160,Maxi-Scooter,134900.0,3,TUBOD,35.5,15,10,4.24
YAMAHA,MIO SPORTY,Scooter,73900.0,1,LALA,33.6,19,11,6.4
KAWASAKI,P24KK (BARAKO II),Backbone/Tricycle,68500.0,3,TUBOD,37.1,4,11,2.4
KAWASAKI,ROUSER NS125,Sport Backbone,82000.0,1,LALA,9.4,14,6,4.39
HONDA,TMX125 ALPHA,Backbone/Utility,57900.0,2,KAPATAGAN,32.6,26,9,7.6
YAMAHA,MIO FAZZIO,Retro Scooter,93900.0,1,LALA,68.3,10,10,3.16
YAMAHA,AEROX 155,Sport Scooter,125400.0,2,KAPATAGAN,44.3,10,7,3.22
HONDA,WAVE RSX,Underbone,64900.0,2,KAPATAGAN,33.2,13,9,4.71
HONDA,PCX160,Maxi-Scooter,134900.0,3,TUBOD,33.7,7,9,1.97
HONDA,PCX160,Maxi-Scooter,134900.0,1,LALA,46.9,5,1,2.42
SUZUKI,SMASH 115,Underbone,62400.0,1,LALA,80.6,20,1,5.82
HONDA,TMX125 ALPHA,Backbone/Utility,57900.0,1,LALA,36.2,16,5,5.16
YAMAHA,SNIPER 155,Sport Underbone,123900.0,1,LALA,16.4,6,5,2.58
YAMAHA,MIO SPORTY,Scooter,73900.0,2,KAPATAGAN,23.3,17,6,5.66
KAWASAKI,P24KK (BARAKO II),Backbone/Tricycle,68500.0,2,KAPATAGAN,8.6,21,8,6.59
HONDA,TMX125 ALPHA,Backbone/Utility,57900.0,3,TUBOD,30.8,15,5,4.85
SUZUKI,BURGMAN STREET 125,Maxi-Scooter,83400.0,3,TUBOD,45.7,10,7,3.31
YAMAHA,AEROX 155,Sport Scooter,125400.0,1,LALA,39.1,16,12,5.43
HONDA,WAVE RSX,Underbone,64900.0,3,TUBOD,39.9,11,12,4.27
HONDA,TMX125 ALPHA,Backbone/Utility,57900.0,3,TUBOD,17.7,12,5,4.53
YAMAHA,MIO FAZZIO,Retro Scooter,93900.0,2,KAPATAGAN,46.7,8,3,2.29
HONDA,BEAT PREMIUM,Scooter,72400.0,3,TUBOD,36.5,15,11,4.55
HONDA,PCX160,Maxi-Scooter,134900.0,3,TUBOD,4.1,5,11,2.12
HONDA,ADV160,Adventure Scooter,166900.0,3,TUBOD,23.4,12,2,3.63
HONDA,ADV160,Adventure Scooter,166900.0,1,LALA,25.6,6,7,2.02
YAMAHA,MIO FAZZIO,Retro Scooter,93900.0,1,LALA,8.9,9,7,3.43
SUZUKI,SMASH 115,Underbone,62400.0,2,KAPATAGAN,5.9,20,10,6.29
YAMAHA,SNIPER 155,Sport Underbone,123900.0,2,KAPATAGAN,34.0,9,4,3.43
KAWASAKI,ROUSER NS125,Sport Backbone,82000.0,3,TUBOD,17.0,11,5,3.12
HONDA,ADV160,Adventure Scooter,166900.0,2,KAPATAGAN,14.2,10,5,3.09
HONDA,ADV160,Adventure Scooter,166900.0,1,LALA,6.1,12,3,3.87
HONDA,CLICK 160,Scooter,122900.0,1,LALA,3.4,22,1,7.39
YAMAHA,MIO GEAR 125,Scooter,79400.0,2,KAPATAGAN,19.4,8,11,3.55
YAMAHA,MIO GEAR 125,Scooter,79400.0,1,LALA,17.0,23,5,7.63
HONDA,ADV160,Adventure Scooter,166900.0,1,LALA,44.0,7,1,2.46
YAMAHA,MIO SPORTY,Scooter,73900.0,3,TUBOD,13.5,11,4,4.39
SUZUKI,BURGMAN STREET 125,Maxi-Scooter,83400.0,2,KAPATAGAN,10.3,6,8,2.12
HONDA,TMX125 ALPHA,Backbone/Utility,57900.0,1,LALA,16.6,19,4,6.66
YAMAHA,SNIPER 155,Sport Underbone,123900.0,3,TUBOD,56.0,13,5,3.65
YAMAHA,AEROX 155,Sport Scooter,125400.0,3,TUBOD,39.7,15,3,4.2
HONDA,TMX125 ALPHA,Backbone/Utility,57900.0,2,KAPATAGAN,27.8,19,2,6.18
SUZUKI,SMASH 115,Underbone,62400.0,1,LALA,8.6,14,1,4.76
YAMAHA,SNIPER 155,Sport Underbone,123900.0,3,TUBOD,84.9,8,6,2.4
YAMAHA,MIO GEAR 125,Scooter,79400.0,1,LALA,45.1,17,7,5.55
YAMAHA,MIO GEAR 125,Scooter,79400.0,3,TUBOD,41.0,10,1,3.52
SUZUKI,BURGMAN STREET 125,Maxi-Scooter,83400.0,1,LALA,23.0,15,3,5.12
YAMAHA,NMAX 155,Maxi-Scooter,151900.0,2,KAPATAGAN,35.2,7,7,2.27
YAMAHA,MIO SPORTY,Scooter,73900.0,2,KAPATAGAN,44.2,19,5,5.8
YAMAHA,MIO SPORTY,Scooter,73900.0,2,KAPATAGAN,24.4,13,2,4.9
HONDA,CLICK 125I,Scooter,81400.0,3,TUBOD,9.3,17,10,5.34
YAMAHA,MIO GEAR 125,Scooter,79400.0,1,LALA,7.4,19,7,6.56
HONDA,BEAT PREMIUM,Scooter,72400.0,1,LALA,3.6,28,4,8.99
YAMAHA,MIO GEAR 125,Scooter,79400.0,2,KAPATAGAN,21.5,18,12,5.93
SUZUKI,SMASH 115,Underbone,62400.0,1,LALA,5.5,23,12,7.9
KAWASAKI,P24KK (BARAKO II),Backbone/Tricycle,68500.0,2,KAPATAGAN,19.1,18,8,6.35
HONDA,TMX125 ALPHA,Backbone/Utility,57900.0,3,TUBOD,25.0,13,5,3.95
SUZUKI,SMASH 115,Underbone,62400.0,1,LALA,29.2,18,12,6.04
SUZUKI,RAIDER 150 FI,Sport Underbone,119900.0,3,TUBOD,25.7,11,6,3.05
HONDA,ADV160,Adventure Scooter,166900.0,2,KAPATAGAN,17.2,4,7,1.5
SUZUKI,RAIDER 150 FI,Sport Underbone,119900.0,1,LALA,13.6,14,3,4.86
YAMAHA,MIO GEAR 125,Scooter,79400.0,2,KAPATAGAN,31.2,13,9,4.79
YAMAHA,MIO SPORTY,Scooter,73900.0,1,LALA,9.6,24,10,7.84
KAWASAKI,ROUSER NS125,Sport Backbone,82000.0,2,KAPATAGAN,38.3,6,2,1.98
YAMAHA,NMAX 155,Maxi-Scooter,151900.0,2,KAPATAGAN,32.0,11,11,3.76
YAMAHA,MIO GEAR 125,Scooter,79400.0,2,KAPATAGAN,28.0,13,9,3.73
KAWASAKI,P24KK (BARAKO II),Backbone/Tricycle,68500.0,2,KAPATAGAN,18.9,23,10,7.73
YAMAHA,SNIPER 155,Sport Underbone,123900.0,1,LALA,4.1,11,9,3.74
YAMAHA,MIO SPORTY,Scooter,73900.0,1,LALA,25.1,19,9,6.08
HONDA,CLICK 125I,Scooter,81400.0,3,TUBOD,11.5,15,4,5.03
YAMAHA,SNIPER 155,Sport Underbone,123900.0,2,KAPATAGAN,21.4,9,8,2.71
YAMAHA,MIO GEAR 125,Scooter,79400.0,3,TUBOD,5.9,9,12,3.88
YAMAHA,MIO SPORTY,Scooter,73900.0,1,LALA,32.0,23,3,7.89
KAWASAKI,ROUSER NS125,Sport Backbone,82000.0,3,TUBOD,43.9,9,1,2.46
YAMAHA,MIO SPORTY,Scooter,73900.0,2,KAPATAGAN,67.2,13,6,4.36
HONDA,TMX125 ALPHA,Backbone/Utility,57900.0,2,KAPATAGAN,15.5,17,2,6.29
KAWASAKI,ROUSER NS125,Sport Backbone,82000.0,1,LALA,51.8,5,5,1.92
SUZUKI,BURGMAN STREET 125,Maxi-Scooter,83400.0,1,LALA,31.2,11,3,4.11
YAMAHA,MIO FAZZIO,Retro Scooter,93900.0,1,LALA,34.0,9,6,3.37
KAWASAKI,CT100B,Backbone/Utility,54000.0,1,LALA,16.3,12,5,4.25
YAMAHA,MIO GEAR 125,Scooter,79400.0,2,KAPATAGAN,4.3,19,9,5.75
HONDA,PCX160,Maxi-Scooter,134900.0,1,LALA,25.5,12,6,3.49
YAMAHA,MIO GEAR 125,Scooter,79400.0,3,TUBOD,6.0,13,2,4.33
HONDA,CLICK 160,Scooter,122900.0,1,LALA,17.5,17,2,5.93
YAMAHA,NMAX 155,Maxi-Scooter,151900.0,2,KAPATAGAN,22.0,6,6,2.62
YAMAHA,MIO SPORTY,Scooter,73900.0,1,LALA,20.5,15,9,6.11
HONDA,CLICK 160,Scooter,122900.0,3,TUBOD,11.3,11,6,3.96
HONDA,WAVE RSX,Underbone,64900.0,3,TUBOD,14.9,17,1,5.17
HONDA,TMX125 ALPHA,Backbone/Utility,57900.0,3,TUBOD,31.6,7,11,2.62
KAWASAKI,P24KK (BARAKO II),Backbone/Tricycle,68500.0,1,LALA,15.5,14,3,5.29
HONDA,ADV160,Adventure Scooter,166900.0,2,KAPATAGAN,28.2,9,4,3.17
YAMAHA,AEROX 155,Sport Scooter,125400.0,1,LALA,6.1,20,1,6.12
HONDA,CLICK 125I,Scooter,81400.0,2,KAPATAGAN,47.4,27,12,7.88
KAWASAKI,P24KK (BARAKO II),Backbone/Tricycle,68500.0,1,LALA,38.5,18,12,6.39
YAMAHA,MIO FAZZIO,Retro Scooter,93900.0,2,KAPATAGAN,39.1,14,9,4.05
KAWASAKI,P24KK (BARAKO II),Backbone/Tricycle,68500.0,3,TUBOD,19.2,7,6,2.58
HONDA,TMX125 ALPHA,Backbone/Utility,57900.0,1,LALA,28.5,16,9,5.43
YAMAHA,MIO SPORTY,Scooter,73900.0,3,TUBOD,6.8,30,4,8.66
HONDA,CLICK 160,Scooter,122900.0,1,LALA,16.1,20,11,6.64
YAMAHA,MIO FAZZIO,Retro Scooter,93900.0,2,KAPATAGAN,40.2,8,1,3.38
KAWASAKI,CT100B,Backbone/Utility,54000.0,1,LALA,11.7,18,1,5.48
HONDA,WAVE RSX,Underbone,64900.0,1,LALA,29.4,12,2,3.75
YAMAHA,MIO GEAR 125,Scooter,79400.0,1,LALA,89.9,16,2,5.25
YAMAHA,SNIPER 155,Sport Underbone,123900.0,1,LALA,81.4,9,1,3.1
HONDA,PCX160,Maxi-Scooter,134900.0,1,LALA,88.1,8,10,2.72
SUZUKI,RAIDER 150 FI,Sport Underbone,119900.0,3,TUBOD,28.3,10,11,3.59
YAMAHA,MIO SPORTY,Scooter,73900.0,1,LALA,11.1,27,6,9.23
HONDA,WAVE RSX,Underbone,64900.0,1,LALA,18.7,22,4,6.97
HONDA,PCX160,Maxi-Scooter,134900.0,1,LALA,8.5,13,3,4.54
HONDA,CLICK 160,Scooter,122900.0,2,KAPATAGAN,21.5,17,3,5.49
HONDA,BEAT PREMIUM,Scooter,72400.0,2,KAPATAGAN,12.8,19,11,6.09
SUZUKI,SMASH 115,Underbone,62400.0,2,KAPATAGAN,40.3,17,4,5.2
SUZUKI,RAIDER 150 FI,Sport Underbone,119900.0,1,LALA,56.8,5,4,2.0
SUZUKI,BURGMAN STREET 125,Maxi-Scooter,83400.0,3,TUBOD,14.9,14,6,4.54
HONDA,TMX125 ALPHA,Backbone/Utility,57900.0,1,LALA,10.7,16,9,5.44
YAMAHA,MIO SPORTY,Scooter,73900.0,3,TUBOD,15.6,11,10,4.16
SUZUKI,BURGMAN STREET 125,Maxi-Scooter,83400.0,3,TUBOD,18.9,8,9,3.72
YAMAHA,MIO SPORTY,Scooter,73900.0,2,KAPATAGAN,12.1,29,3,8.88
HONDA,BEAT PREMIUM,Scooter,72400.0,2,KAPATAGAN,43.3,17,11,5.39
HONDA,CLICK 160,Scooter,122900.0,1,LALA,66.7,14,9,4.79
YAMAHA,MIO GEAR 125,Scooter,79400.0,2,KAPATAGAN,41.1,10,3,3.71
KAWASAKI,ROUSER NS125,Sport Backbone,82000.0,2,KAPATAGAN,4.8,7,8,2.47
HONDA,PCX160,Maxi-Scooter,134900.0,1,LALA,20.0,13,2,4.3
HONDA,CLICK 125I,Scooter,81400.0,1,LALA,19.0,29,6,8.95
SUZUKI,RAIDER 150 FI,Sport Underbone,119900.0,1,LALA,7.8,12,2,4.09
YAMAHA,MIO FAZZIO,Retro Scooter,93900.0,1,LALA,4.9,12,5,3.99
SUZUKI,BURGMAN STREET 125,Maxi-Scooter,83400.0,1,LALA,25.0,10,9,3.58
SUZUKI,BURGMAN STREET 125,Maxi-Scooter,83400.0,1,LALA,5.7,15,7,4.95
HONDA,TMX125 ALPHA,Backbone/Utility,57900.0,2,KAPATAGAN,4.3,23,9,7.45
HONDA,BEAT PREMIUM,Scooter,72400.0,1,LALA,13.0,24,2,8.02
HONDA,ADV160,Adventure Scooter,166900.0,2,KAPATAGAN,21.3,8,5,2.39
SUZUKI,RAIDER 150 FI,Sport Underbone,119900.0,1,LALA,39.5,16,3,4.85
HONDA,ADV160,Adventure Scooter,166900.0,1,LALA,13.0,12,4,4.31
KAWASAKI,ROUSER NS125,Sport Backbone,82000.0,2,KAPATAGAN,38.3,18,4,5.4
YAMAHA,SNIPER 155,Sport Underbone,123900.0,3,TUBOD,52.4,8,5,2.47
HONDA,ADV160,Adventure Scooter,166900.0,3,TUBOD,13.6,8,12,2.46
HONDA,TMX125 ALPHA,Backbone/Utility,57900.0,1,LALA,28.6,14,6,5.12
YAMAHA,MIO FAZZIO,Retro Scooter,93900.0,1,LALA,9.2,10,2,3.33
HONDA,CLICK 160,Scooter,122900.0,1,LALA,16.9,16,1,5.74
SUZUKI,RAIDER 150 FI,Sport Underbone,119900.0,3,TUBOD,10.9,11,11,3.3
HONDA,TMX125 ALPHA,Backbone/Utility,57900.0,1,LALA,25.5,18,5,5.86
HONDA,WAVE RSX,Underbone,64900.0,2,KAPATAGAN,26.6,16,10,4.89
HONDA,BEAT PREMIUM,Scooter,72400.0,1,LALA,68.0,10,5,4.03
SUZUKI,BURGMAN STREET 125,Maxi-Scooter,83400.0,3,TUBOD,52.7,12,9,3.49
YAMAHA,NMAX 155,Maxi-Scooter,151900.0,1,LALA,78.2,9,12,3.2
YAMAHA,MIO GEAR 125,Scooter,79400.0,1,LALA,62.5,20,3,6.54
YAMAHA,SNIPER 155,Sport Underbone,123900.0,1,LALA,32.6,8,1,2.35
SUZUKI,BURGMAN STREET 125,Maxi-Scooter,83400.0,2,KAPATAGAN,18.8,14,7,4.27
YAMAHA,MIO FAZZIO,Retro Scooter,93900.0,1,LALA,5.9,17,9,5.62
KAWASAKI,ROUSER NS125,Sport Backbone,82000.0,2,KAPATAGAN,11.1,17,4,5.38
HONDA,PCX160,Maxi-Scooter,134900.0,2,KAPATAGAN,20.3,7,10,2.44
KAWASAKI,ROUSER NS125,Sport Backbone,82000.0,1,LALA,70.7,4,2,1.89
HONDA,ADV160,Adventure Scooter,166900.0,2,KAPATAGAN,84.0,6,11,1.57
SUZUKI,BURGMAN STREET 125,Maxi-Scooter,83400.0,3,TUBOD,51.0,4,5,2.07
KAWASAKI,P24KK (BARAKO II),Backbone/Tricycle,68500.0,2,KAPATAGAN,6.1,28,7,8.27
YAMAHA,MIO FAZZIO,Retro Scooter,93900.0,1,LALA,5.7,18,2,5.69
SUZUKI,SMASH 115,Underbone,62400.0,3,TUBOD,62.1,11,10,3.09
HONDA,TMX125 ALPHA,Backbone/Utility,57900.0,1,LALA,7.5,22,11,6.66
YAMAHA,MIO FAZZIO,Retro Scooter,93900.0,1,LALA,37.0,8,8,2.76
HONDA,ADV160,Adventure Scooter,166900.0,1,LALA,63.2,7,7,2.16
HONDA,CLICK 125I,Scooter,81400.0,2,KAPATAGAN,8.6,23,1,6.8
HONDA,CLICK 125I,Scooter,81400.0,2,KAPATAGAN,3.1,13,8,4.59
YAMAHA,SNIPER 155,Sport Underbone,123900.0,3,TUBOD,80.1,7,11,2.15
HONDA,PCX160,Maxi-Scooter,134900.0,3,TUBOD,60.8,11,9,3.42
SUZUKI,RAIDER 150 FI,Sport Underbone,119900.0,3,TUBOD,8.6,7,8,2.41
HONDA,ADV160,Adventure Scooter,166900.0,1,LALA,11.2,7,6,2.71
HONDA,CLICK 160,Scooter,122900.0,1,LALA,9.6,22,4,7.35
SUZUKI,BURGMAN STREET 125,Maxi-Scooter,83400.0,3,TUBOD,35.1,11,11,3.52
YAMAHA,AEROX 155,Sport Scooter,125400.0,2,KAPATAGAN,66.9,15,4,4.67
YAMAHA,NMAX 155,Maxi-Scooter,151900.0,1,LALA,9.5,11,8,3.89
YAMAHA,MIO FAZZIO,Retro Scooter,93900.0,2,KAPATAGAN,39.7,14,3,4.51
HONDA,PCX160,Maxi-Scooter,134900.0,3,TUBOD,33.2,16,10,4.6
HONDA,WAVE RSX,Underbone,64900.0,1,LALA,15.6,13,1,4.47
HONDA,CLICK 125I,Scooter,81400.0,3,TUBOD,8.6,21,4,6.45
YAMAHA,MIO SPORTY,Scooter,73900.0,3,TUBOD,42.3,7,7,2.92
HONDA,BEAT PREMIUM,Scooter,72400.0,1,LALA,15.1,33,1,10.15
HONDA,WAVE RSX,Underbone,64900.0,2,KAPATAGAN,13.6,26,4,7.67
HONDA,BEAT PREMIUM,Scooter,72400.0,2,KAPATAGAN,38.9,13,9,4.52
HONDA,TMX125 ALPHA,Backbone/Utility,57900.0,2,KAPATAGAN,15.9,20,3,7.52
YAMAHA,MIO GEAR 125,Scooter,79400.0,2,KAPATAGAN,23.2,16,2,4.77
HONDA,BEAT PREMIUM,Scooter,72400.0,2,KAPATAGAN,15.0,11,9,4.16
KAWASAKI,P24KK (BARAKO II),Backbone/Tricycle,68500.0,3,TUBOD,16.7,18,5,5.48
YAMAHA,MIO GEAR 125,Scooter,79400.0,2,KAPATAGAN,33.6,8,11,3.25
HONDA,CLICK 160,Scooter,122900.0,1,LALA,19.6,26,12,8.87
HONDA,BEAT PREMIUM,Scooter,72400.0,1,LALA,18.2,19,7,7.21
YAMAHA,MIO GEAR 125,Scooter,79400.0,1,LALA,31.1,20,1,6.68
YAMAHA,NMAX 155,Maxi-Scooter,151900.0,1,LALA,15.3,20,3,6.41
YAMAHA,AEROX 155,Sport Scooter,125400.0,2,KAPATAGAN,43.8,12,8,3.3
HONDA,CLICK 160,Scooter,122900.0,2,KAPATAGAN,27.5,13,6,4.16
HONDA,CLICK 125I,Scooter,81400.0,3,TUBOD,4.5,7,6,3.45
HONDA,WAVE RSX,Underbone,64900.0,2,KAPATAGAN,16.1,12,10,3.93
YAMAHA,AEROX 155,Sport Scooter,125400.0,2,KAPATAGAN,33.6,12,6,3.86
SUZUKI,SMASH 115,Underbone,62400.0,3,TUBOD,31.0,10,1,3.1
HONDA,CLICK 125I,Scooter,81400.0,2,KAPATAGAN,37.2,8,6,3.22
YAMAHA,MIO GEAR 125,Scooter,79400.0,2,KAPATAGAN,14.6,19,7,5.88
HONDA,PCX160,Maxi-Scooter,134900.0,3,TUBOD,12.4,9,9,3.25
HONDA,ADV160,Adventure Scooter,166900.0,1,LALA,67.5,8,7,2.48
YAMAHA,MIO SPORTY,Scooter,73900.0,3,TUBOD,14.0,13,8,3.92
HONDA,PCX160,Maxi-Scooter,134900.0,3,TUBOD,26.4,8,9,2.65
YAMAHA,MIO FAZZIO,Retro Scooter,93900.0,3,TUBOD,45.7,7,7,2.48
HONDA,WAVE RSX,Underbone,64900.0,1,LALA,5.4,9,7,3.63
SUZUKI,SMASH 115,Underbone,62400.0,2,KAPATAGAN,6.9,21,11,6.36
HONDA,ADV160,Adventure Scooter,166900.0,3,TUBOD,74.8,4,4,1.58
KAWASAKI,ROUSER NS125,Sport Backbone,82000.0,1,LALA,18.7,8,5,2.85
HONDA,WAVE RSX,Underbone,64900.0,1,LALA,7.3,18,1,5.95
HONDA,ADV160,Adventure Scooter,166900.0,2,KAPATAGAN,11.8,12,11,3.82
HONDA,TMX125 ALPHA,Backbone/Utility,57900.0,1,LALA,17.4,25,2,7.65
YAMAHA,MIO FAZZIO,Retro Scooter,93900.0,1,LALA,8.2,14,4,4.98
YAMAHA,NMAX 155,Maxi-Scooter,151900.0,3,TUBOD,53.0,9,2,2.86
YAMAHA,NMAX 155,Maxi-Scooter,151900.0,2,KAPATAGAN,77.4,11,2,3.69
YAMAHA,MIO GEAR 125,Scooter,79400.0,1,LALA,14.6,19,11,6.08
HONDA,ADV160,Adventure Scooter,166900.0,3,TUBOD,11.9,5,5,1.68
HONDA,CLICK 125I,Scooter,81400.0,1,LALA,16.6,19,11,7.29
YAMAHA,SNIPER 155,Sport Underbone,123900.0,1,LALA,21.3,14,5,4.38
SUZUKI,RAIDER 150 FI,Sport Underbone,119900.0,2,KAPATAGAN,34.0,10,8,3.51
HONDA,BEAT PREMIUM,Scooter,72400.0,2,KAPATAGAN,19.8,27,12,8.67
KAWASAKI,CT100B,Backbone/Utility,54000.0,1,LALA,9.1,21,8,5.72
HONDA,CLICK 160,Scooter,122900.0,1,LALA,43.9,30,3,9.26
YAMAHA,MIO GEAR 125,Scooter,79400.0,3,TUBOD,36.2,20,3,5.8
YAMAHA,MIO GEAR 125,Scooter,79400.0,3,TUBOD,19.2,11,5,3.75
YAMAHA,MIO FAZZIO,Retro Scooter,93900.0,1,LALA,36.2,13,7,3.9
HONDA,ADV160,Adventure Scooter,166900.0,3,TUBOD,20.8,5,9,1.93
SUZUKI,RAIDER 150 FI,Sport Underbone,119900.0,1,LALA,30.4,12,2,3.88
YAMAHA,AEROX 155,Sport Scooter,125400.0,1,LALA,16.7,15,4,5.42
YAMAHA,MIO SPORTY,Scooter,73900.0,1,LALA,41.0,25,11,8.04
SUZUKI,SMASH 115,Underbone,62400.0,3,TUBOD,20.4,11,11,3.48
HONDA,TMX125 ALPHA,Backbone/Utility,57900.0,2,KAPATAGAN,29.7,16,10,5.75
YAMAHA,MIO FAZZIO,Retro Scooter,93900.0,1,LALA,71.6,16,1,4.92
YAMAHA,NMAX 155,Maxi-Scooter,151900.0,3,TUBOD,18.2,14,9,4.35
HONDA,CLICK 125I,Scooter,81400.0,3,TUBOD,16.4,9,9,3.5
SUZUKI,SMASH 115,Underbone,62400.0,2,KAPATAGAN,27.2,13,9,3.88
KAWASAKI,CT100B,Backbone/Utility,54000.0,2,KAPATAGAN,65.2,15,10,5.03
HONDA,CLICK 160,Scooter,122900.0,3,TUBOD,38.1,11,12,4.01
KAWASAKI,ROUSER NS125,Sport Backbone,82000.0,3,TUBOD,34.2,8,2,1.71
SUZUKI,RAIDER 150 FI,Sport Underbone,119900.0,1,LALA,65.7,8,6,2.64
KAWASAKI,P24KK (BARAKO II),Backbone/Tricycle,68500.0,1,LALA,14.0,17,6,5.85
KAWASAKI,ROUSER NS125,Sport Backbone,82000.0,3,TUBOD,89.0,4,5,1.68
HONDA,CLICK 125I,Scooter,81400.0,2,KAPATAGAN,27.0,25,1,7.24
HONDA,BEAT PREMIUM,Scooter,72400.0,1,LALA,58.2,14,9,4.8
HONDA,PCX160,Maxi-Scooter,134900.0,2,KAPATAGAN,34.7,12,2,3.81
SUZUKI,SMASH 115,Underbone,62400.0,1,LALA,15.1,13,8,4.39
HONDA,WAVE RSX,Underbone,64900.0,2,KAPATAGAN,14.6,16,9,5.5
YAMAHA,MIO FAZZIO,Retro Scooter,93900.0,1,LALA,18.7,11,11,3.7
KAWASAKI,CT100B,Backbone/Utility,54000.0,3,TUBOD,25.5,9,7,2.96
YAMAHA,MIO FAZZIO,Retro Scooter,93900.0,2,KAPATAGAN,14.8,14,12,5.09
YAMAHA,SNIPER 155,Sport Underbone,123900.0,2,KAPATAGAN,26.5,10,5,3.39
YAMAHA,MIO SPORTY,Scooter,73900.0,2,KAPATAGAN,28.0,14,8,4.53
YAMAHA,MIO FAZZIO,Retro Scooter,93900.0,1,LALA,10.3,6,9,2.92
HONDA,ADV160,Adventure Scooter,166900.0,1,LALA,22.6,10,4,3.14
YAMAHA,AEROX 155,Sport Scooter,125400.0,3,TUBOD,36.9,7,11,2.15
YAMAHA,NMAX 155,Maxi-Scooter,151900.0,2,KAPATAGAN,76.0,7,8,2.26
HONDA,PCX160,Maxi-Scooter,134900.0,2,KAPATAGAN,15.0,11,3,4.04
KAWASAKI,P24KK (BARAKO II),Backbone/Tricycle,68500.0,2,KAPATAGAN,83.3,16,1,5.16
YAMAHA,AEROX 155,Sport Scooter,125400.0,2,KAPATAGAN,8.6,10,6,3.69
YAMAHA,SNIPER 155,Sport Underbone,123900.0,1,LALA,31.4,9,6,3.07
HONDA,BEAT PREMIUM,Scooter,72400.0,1,LALA,19.1,27,9,8.84
HONDA,WAVE RSX,Underbone,64900.0,2,KAPATAGAN,29.8,20,12,5.96
YAMAHA,MIO SPORTY,Scooter,73900.0,1,LALA,10.9,43,12,12.96
YAMAHA,SNIPER 155,Sport Underbone,123900.0,2,KAPATAGAN,17.7,10,3,3.72
YAMAHA,MIO SPORTY,Scooter,73900.0,3,TUBOD,6.0,14,1,4.43
YAMAHA,MIO FAZZIO,Retro Scooter,93900.0,1,LALA,76.3,7,12,2.92
YAMAHA,NMAX 155,Maxi-Scooter,151900.0,1,LALA,6.6,20,1,5.84
HONDA,CLICK 160,Scooter,122900.0,2,KAPATAGAN,28.1,10,7,3.23
KAWASAKI,ROUSER NS125,Sport Backbone,82000.0,3,TUBOD,4.6,8,3,2.75
HONDA,PCX160,Maxi-Scooter,134900.0,3,TUBOD,60.4,6,5,1.87
HONDA,BEAT PREMIUM,Scooter,72400.0,1,LALA,19.7,24,4,8.27
HONDA,CLICK 125I,Scooter,81400.0,1,LALA,32.8,13,8,4.36
HONDA,ADV160,Adventure Scooter,166900.0,2,KAPATAGAN,69.5,4,7,1.85
SUZUKI,SMASH 115,Underbone,62400.0,3,TUBOD,4.2,9,1,3.42
SUZUKI,BURGMAN STREET 125,Maxi-Scooter,83400.0,3,TUBOD,34.5,6,1,2.62
SUZUKI,BURGMAN STREET 125,Maxi-Scooter,83400.0,1,LALA,22.9,12,10,3.99
YAMAHA,SNIPER 155,Sport Underbone,123900.0,1,LALA,25.3,12,6,3.84
SUZUKI,SMASH 115,Underbone,62400.0,2,KAPATAGAN,44.6,19,3,5.57
HONDA,ADV160,Adventure Scooter,166900.0,2,KAPATAGAN,4.7,6,2,2.2
YAMAHA,SNIPER 155,Sport Underbone,123900.0,3,TUBOD,17.8,14,12,4.25
YAMAHA,MIO FAZZIO,Retro Scooter,93900.0,1,LALA,11.6,15,2,5.22
YAMAHA,SNIPER 155,Sport Underbone,123900.0,1,LALA,19.2,9,5,2.92
YAMAHA,NMAX 155,Maxi-Scooter,151900.0,1,LALA,70.9,11,6,3.48
YAMAHA,MIO FAZZIO,Retro Scooter,93900.0,1,LALA,6.3,11,6,4.14
SUZUKI,BURGMAN STREET 125,Maxi-Scooter,83400.0,2,KAPATAGAN,33.7,20,12,6.06
KAWASAKI,CT100B,Backbone/Utility,54000.0,1,LALA,27.4,15,12,5.02
YAMAHA,MIO FAZZIO,Retro Scooter,93900.0,1,LALA,6.3,15,4,4.91
SUZUKI,RAIDER 150 FI,Sport Underbone,119900.0,3,TUBOD,5.0,8,6,2.98
SUZUKI,SMASH 115,Underbone,62400.0,1,LALA,14.4,11,1,4.05
SUZUKI,BURGMAN STREET 125,Maxi-Scooter,83400.0,2,KAPATAGAN,25.0,9,6,3.19
KAWASAKI,CT100B,Backbone/Utility,54000.0,2,KAPATAGAN,42.3,18,6,5.58
SUZUKI,SMASH 115,Underbone,62400.0,3,TUBOD,8.8,11,8,3.66
SUZUKI,BURGMAN STREET 125,Maxi-Scooter,83400.0,2,KAPATAGAN,16.6,15,8,4.67
HONDA,WAVE RSX,Underbone,64900.0,1,LALA,8.7,13,7,5.09
HONDA,ADV160,Adventure Scooter,166900.0,3,TUBOD,38.2,7,12,2.58
HONDA,ADV160,Adventure Scooter,166900.0,2,KAPATAGAN,17.0,10,9,2.8
YAMAHA,AEROX 155,Sport Scooter,125400.0,1,LALA,6.2,22,4,7.06
HONDA,ADV160,Adventure Scooter,166900.0,1,LALA,84.5,6,5,1.96
HONDA,CLICK 160,Scooter,122900.0,3,TUBOD,88.8,9,9,3.57
HONDA,CLICK 160,Scooter,122900.0,1,LALA,10.8,10,9,4.71
YAMAHA,MIO SPORTY,Scooter,73900.0,2,KAPATAGAN,55.1,13,7,4.53
HONDA,CLICK 160,Scooter,122900.0,1,LALA,33.3,20,10,6.34
HONDA,BEAT PREMIUM,Scooter,72400.0,3,TUBOD,10.0,13,8,4.35
SUZUKI,RAIDER 150 FI,Sport Underbone,119900.0,3,TUBOD,17.9,9,3,3.42
YAMAHA,MIO GEAR 125,Scooter,79400.0,2,KAPATAGAN,24.6,8,7,3.14
SUZUKI,BURGMAN STREET 125,Maxi-Scooter,83400.0,1,LALA,38.5,15,9,4.96
YAMAHA,MIO SPORTY,Scooter,73900.0,2,KAPATAGAN,17.9,26,4,8.28
HONDA,TMX125 ALPHA,Backbone/Utility,57900.0,3,TUBOD,40.8,10,5,3.08
HONDA,BEAT PREMIUM,Scooter,72400.0,1,LALA,34.3,27,6,8.43
SUZUKI,BURGMAN STREET 125,Maxi-Scooter,83400.0,1,LALA,25.8,8,10,2.88
YAMAHA,MIO SPORTY,Scooter,73900.0,3,TUBOD,14.1,16,3,5.69
KAWASAKI,CT100B,Backbone/Utility,54000.0,3,TUBOD,40.9,10,5,3.44
HONDA,PCX160,Maxi-Scooter,134900.0,2,KAPATAGAN,65.1,8,5,2.91
YAMAHA,SNIPER 155,Sport Underbone,123900.0,1,LALA,18.3,15,10,4.36
SUZUKI,BURGMAN STREET 125,Maxi-Scooter,83400.0,1,LALA,40.0,10,2,3.08
YAMAHA,NMAX 155,Maxi-Scooter,151900.0,1,LALA,3.1,16,2,5.48
KAWASAKI,ROUSER NS125,Sport Backbone,82000.0,2,KAPATAGAN,10.8,8,9,3.1
HONDA,PCX160,Maxi-Scooter,134900.0,2,KAPATAGAN,4.9,10,7,3.58
HONDA,ADV160,Adventure Scooter,166900.0,3,TUBOD,8.2,7,6,2.47
YAMAHA,SNIPER 155,Sport Underbone,123900.0,2,KAPATAGAN,39.2,15,12,4.62
YAMAHA,SNIPER 155,Sport Underbone,123900.0,1,LALA,30.4,11,9,3.29
KAWASAKI,P24KK (BARAKO II),Backbone/Tricycle,68500.0,2,KAPATAGAN,65.0,15,7,5.06
YAMAHA,MIO FAZZIO,Retro Scooter,93900.0,1,LALA,4.2,13,6,4.74
HONDA,ADV160,Adventure Scooter,166900.0,2,KAPATAGAN,8.2,8,12,3.33
HONDA,ADV160,Adventure Scooter,166900.0,2,KAPATAGAN,22.3,10,8,2.65
KAWASAKI,P24KK (BARAKO II),Backbone/Tricycle,68500.0,1,LALA,7.4,16,11,5.49
HONDA,ADV160,Adventure Scooter,166900.0,2,KAPATAGAN,14.3,7,2,2.52
YAMAHA,SNIPER 155,Sport Underbone,123900.0,1,LALA,21.7,18,6,5.15
SUZUKI,RAIDER 150 FI,Sport Underbone,119900.0,1,LALA,18.3,7,9,3.17
HONDA,BEAT PREMIUM,Scooter,72400.0,1,LALA,44.9,19,9,6.59
SUZUKI,BURGMAN STREET 125,Maxi-Scooter,83400.0,1,LALA,24.3,16,11,5.13
HONDA,ADV160,Adventure Scooter,166900.0,2,KAPATAGAN,27.4,7,2,2.39
HONDA,CLICK 125I,Scooter,81400.0,3,TUBOD,3.0,16,1,5.2
HONDA,WAVE RSX,Underbone,64900.0,2,KAPATAGAN,9.9,11,4,4.25
SUZUKI,BURGMAN STREET 125,Maxi-Scooter,83400.0,2,KAPATAGAN,31.0,8,3,3.21
YAMAHA,MIO GEAR 125,Scooter,79400.0,3,TUBOD,14.6,8,7,3.01
YAMAHA,AEROX 155,Sport Scooter,125400.0,1,LALA,10.7,23,6,7.41
KAWASAKI,ROUSER NS125,Sport Backbone,82000.0,2,KAPATAGAN,24.5,14,9,4.31
KAWASAKI,CT100B,Backbone/Utility,54000.0,2,KAPATAGAN,9.7,23,2,7.16
SUZUKI,BURGMAN STREET 125,Maxi-Scooter,83400.0,2,KAPATAGAN,18.4,11,2,3.36
SUZUKI,SMASH 115,Underbone,62400.0,3,TUBOD,18.0,24,12,7.41
SUZUKI,SMASH 115,Underbone,62400.0,3,TUBOD,26.6,5,11,2.3
HONDA,TMX125 ALPHA,Backbone/Utility,57900.0,3,TUBOD,20.3,13,7,4.35
HONDA,BEAT PREMIUM,Scooter,72400.0,2,KAPATAGAN,24.2,11,2,3.86
HONDA,BEAT PREMIUM,Scooter,72400.0,3,TUBOD,18.0,8,7,2.94
HONDA,ADV160,Adventure Scooter,166900.0,3,TUBOD,9.2,7,1,2.48
SUZUKI,SMASH 115,Underbone,62400.0,1,LALA,78.2,19,4,5.6
HONDA,CLICK 160,Scooter,122900.0,3,TUBOD,38.9,10,5,3.11
HONDA,PCX160,Maxi-Scooter,134900.0,1,LALA,12.2,11,6,3.45
HONDA,CLICK 160,Scooter,122900.0,2,KAPATAGAN,6.0,23,11,7.42
KAWASAKI,CT100B,Backbone/Utility,54000.0,2,KAPATAGAN,54.6,17,12,5.55
YAMAHA,NMAX 155,Maxi-Scooter,151900.0,3,TUBOD,31.8,11,7,3.65
HONDA,CLICK 160,Scooter,122900.0,3,TUBOD,40.6,12,6,3.79
YAMAHA,SNIPER 155,Sport Underbone,123900.0,2,KAPATAGAN,29.2,9,5,2.9
YAMAHA,AEROX 155,Sport Scooter,125400.0,2,KAPATAGAN,7.5,15,5,4.92
YAMAHA,SNIPER 155,Sport Underbone,123900.0,3,TUBOD,3.1,7,6,3.04
HONDA,CLICK 160,Scooter,122900.0,2,KAPATAGAN,22.1,10,5,3.51
YAMAHA,AEROX 155,Sport Scooter,125400.0,1,LALA,44.2,17,10,5.31
KAWASAKI,ROUSER NS125,Sport Backbone,82000.0,3,TUBOD,8.5,12,5,3.51
YAMAHA,MIO GEAR 125,Scooter,79400.0,2,KAPATAGAN,43.8,8,2,3.37
SUZUKI,RAIDER 150 FI,Sport Underbone,119900.0,3,TUBOD,32.8,5,3,2.36
HONDA,CLICK 125I,Scooter,81400.0,2,KAPATAGAN,45.7,15,4,4.76
HONDA,ADV160,Adventure Scooter,166900.0,2,KAPATAGAN,7.2,11,7,4.0
YAMAHA,MIO FAZZIO,Retro Scooter,93900.0,1,LALA,29.6,12,11,3.88
HONDA,ADV160,Adventure Scooter,166900.0,2,KAPATAGAN,75.0,7,7,2.22
HONDA,PCX160,Maxi-Scooter,134900.0,2,KAPATAGAN,15.5,7,6,2.7
KAWASAKI,ROUSER NS125,Sport Backbone,82000.0,1,LALA,4.2,7,9,2.6
YAMAHA,MIO GEAR 125,Scooter,79400.0,3,TUBOD,20.8,8,8,3.0
YAMAHA,NMAX 155,Maxi-Scooter,151900.0,1,LALA,8.6,16,6,5.76
YAMAHA,SNIPER 155,Sport Underbone,123900.0,1,LALA,40.6,10,5,3.97
HONDA,ADV160,Adventure Scooter,166900.0,3,TUBOD,69.8,1,4,0.85
HONDA,CLICK 160,Scooter,122900.0,1,LALA,32.0,25,1,7.31
SUZUKI,RAIDER 150 FI,Sport Underbone,119900.0,2,KAPATAGAN,6.8,13,5,3.96
HONDA,ADV160,Adventure Scooter,166900.0,2,KAPATAGAN,39.4,5,5,2.14
KAWASAKI,P24KK (BARAKO II),Backbone/Tricycle,68500.0,3,TUBOD,39.0,21,3,5.76
YAMAHA,AEROX 155,Sport Scooter,125400.0,3,TUBOD,33.8,10,7,3.25
HONDA,BEAT PREMIUM,Scooter,72400.0,1,LALA,42.1,25,5,8.06
HONDA,BEAT PREMIUM,Scooter,72400.0,2,KAPATAGAN,8.2,18,7,5.69
SUZUKI,SMASH 115,Underbone,62400.0,1,LALA,20.8,17,2,5.52
YAMAHA,NMAX 155,Maxi-Scooter,151900.0,2,KAPATAGAN,35.7,8,8,2.6
HONDA,ADV160,Adventure Scooter,166900.0,1,LALA,16.6,8,4,3.04
YAMAHA,MIO FAZZIO,Retro Scooter,93900.0,2,KAPATAGAN,78.2,6,2,2.32
HONDA,TMX125 ALPHA,Backbone/Utility,57900.0,3,TUBOD,22.0,12,10,4.29
YAMAHA,AEROX 155,Sport Scooter,125400.0,3,TUBOD,43.2,6,9,2.13
YAMAHA,AEROX 155,Sport Scooter,125400.0,3,TUBOD,35.6,9,5,2.79
KAWASAKI,CT100B,Backbone/Utility,54000.0,2,KAPATAGAN,17.3,15,4,5.97
YAMAHA,MIO FAZZIO,Retro Scooter,93900.0,3,TUBOD,57.3,6,2,1.76
HONDA,TMX125 ALPHA,Backbone/Utility,57900.0,1,LALA,25.3,18,5,5.94
YAMAHA,NMAX 155,Maxi-Scooter,151900.0,3,TUBOD,15.0,8,8,2.98
KAWASAKI,P24KK (BARAKO II),Backbone/Tricycle,68500.0,1,LALA,23.2,14,1,4.93
HONDA,WAVE RSX,Underbone,64900.0,3,TUBOD,15.3,13,12,4.45
HONDA,WAVE RSX,Underbone,64900.0,1,LALA,11.5,14,3,5.36
HONDA,ADV160,Adventure Scooter,166900.0,2,KAPATAGAN,12.8,10,6,3.29
YAMAHA,MIO GEAR 125,Scooter,79400.0,2,KAPATAGAN,14.9,22,11,7.1
YAMAHA,MIO SPORTY,Scooter,73900.0,3,TUBOD,20.3,11,2,3.6
YAMAHA,MIO FAZZIO,Retro Scooter,93900.0,1,LALA,7.7,14,3,4.67
YAMAHA,SNIPER 155,Sport Underbone,123900.0,2,KAPATAGAN,15.8,11,8,3.67
YAMAHA,NMAX 155,Maxi-Scooter,151900.0,3,TUBOD,31.5,8,5,2.85
YAMAHA,NMAX 155,Maxi-Scooter,151900.0,3,TUBOD,27.7,7,9,2.53
YAMAHA,MIO FAZZIO,Retro Scooter,93900.0,2,KAPATAGAN,26.4,9,5,3.29
HONDA,PCX160,Maxi-Scooter,134900.0,3,TUBOD,28.6,7,8,2.33
KAWASAKI,CT100B,Backbone/Utility,54000.0,1,LALA,15.7,17,1,5.22
HONDA,PCX160,Maxi-Scooter,134900.0,2,KAPATAGAN,15.2,10,5,3.16
HONDA,PCX160,Maxi-Scooter,134900.0,1,LALA,17.2,12,7,3.92
HONDA,CLICK 125I,Scooter,81400.0,1,LALA,19.3,22,3,7.97
HONDA,CLICK 125I,Scooter,81400.0,2,KAPATAGAN,5.4,13,9,4.91
HONDA,PCX160,Maxi-Scooter,134900.0,1,LALA,5.7,12,10,3.4
YAMAHA,SNIPER 155,Sport Underbone,123900.0,3,TUBOD,12.3,9,11,2.95
HONDA,CLICK 160,Scooter,122900.0,1,LALA,26.4,18,3,5.99
HONDA,WAVE RSX,Underbone,64900.0,1,LALA,18.1,12,7,4.38
KAWASAKI,CT100B,Backbone/Utility,54000.0,1,LALA,44.1,8,8,2.55
YAMAHA,AEROX 155,Sport Scooter,125400.0,1,LALA,18.2,21,1,6.6
HONDA,PCX160,Maxi-Scooter,134900.0,2,KAPATAGAN,19.2,16,2,4.72
SUZUKI,RAIDER 150 FI,Sport Underbone,119900.0,1,LALA,4.9,17,1,5.44
YAMAHA,AEROX 155,Sport Scooter,125400.0,1,LALA,24.3,14,11,4.78
KAWASAKI,ROUSER NS125,Sport Backbone,82000.0,3,TUBOD,17.5,6,10,1.9
HONDA,CLICK 125I,Scooter,81400.0,3,TUBOD,15.3,16,11,5.6
YAMAHA,SNIPER 155,Sport Underbone,123900.0,1,LALA,16.1,18,5,5.56
SUZUKI,RAIDER 150 FI,Sport Underbone,119900.0,3,TUBOD,6.0,8,10,2.86
KAWASAKI,P24KK (BARAKO II),Backbone/Tricycle,68500.0,3,TUBOD,87.8,11,1,3.48
KAWASAKI,CT100B,Backbone/Utility,54000.0,2,KAPATAGAN,43.9,8,6,3.35
YAMAHA,SNIPER 155,Sport Underbone,123900.0,2,KAPATAGAN,8.7,17,12,5.75
HONDA,PCX160,Maxi-Scooter,134900.0,3,TUBOD,42.8,7,7,2.71
HONDA,TMX125 ALPHA,Backbone/Utility,57900.0,3,TUBOD,4.8,15,5,5.0
HONDA,BEAT PREMIUM,Scooter,72400.0,3,TUBOD,23.8,12,6,4.33
HONDA,WAVE RSX,Underbone,64900.0,2,KAPATAGAN,3.2,10,8,4.01
YAMAHA,MIO SPORTY,Scooter,73900.0,2,KAPATAGAN,19.8,24,10,7.25
YAMAHA,SNIPER 155,Sport Underbone,123900.0,3,TUBOD,42.3,6,12,2.57
HONDA,WAVE RSX,Underbone,64900.0,1,LALA,58.4,13,9,3.78
HONDA,ADV160,Adventure Scooter,166900.0,2,KAPATAGAN,18.2,12,8,3.38
YAMAHA,AEROX 155,Sport Scooter,125400.0,2,KAPATAGAN,32.3,9,8,3.13
YAMAHA,SNIPER 155,Sport Underbone,123900.0,3,TUBOD,34.3,6,4,2.27
HONDA,TMX125 ALPHA,Backbone/Utility,57900.0,2,KAPATAGAN,26.5,23,2,7.39
YAMAHA,MIO SPORTY,Scooter,73900.0,1,LALA,21.1,21,10,7.19
HONDA,ADV160,Adventure Scooter,166900.0,3,TUBOD,14.0,5,10,2.29
HONDA,ADV160,Adventure Scooter,166900.0,2,KAPATAGAN,38.2,9,6,3.41
HONDA,TMX125 ALPHA,Backbone/Utility,57900.0,2,KAPATAGAN,35.0,25,5,7.54
KAWASAKI,ROUSER NS125,Sport Backbone,82000.0,3,TUBOD,29.3,5,12,1.85
KAWASAKI,ROUSER NS125,Sport Backbone,82000.0,2,KAPATAGAN,11.0,11,7,3.94
HONDA,PCX160,Maxi-Scooter,134900.0,3,TUBOD,30.2,9,12,2.68
YAMAHA,MIO FAZZIO,Retro Scooter,93900.0,2,KAPATAGAN,41.4,4,11,1.56
YAMAHA,NMAX 155,Maxi-Scooter,151900.0,1,LALA,5.4,21,12,7.01
KAWASAKI,CT100B,Backbone/Utility,54000.0,2,KAPATAGAN,11.9,17,7,6.16
YAMAHA,MIO GEAR 125,Scooter,79400.0,2,KAPATAGAN,73.7,11,5,3.83
KAWASAKI,CT100B,Backbone/Utility,54000.0,1,LALA,10.2,15,11,5.26
KAWASAKI,ROUSER NS125,Sport Backbone,82000.0,1,LALA,22.5,8,12,2.77
YAMAHA,MIO SPORTY,Scooter,73900.0,3,TUBOD,19.2,16,10,4.75
YAMAHA,MIO SPORTY,Scooter,73900.0,1,LALA,15.4,20,1,6.97
SUZUKI,RAIDER 150 FI,Sport Underbone,119900.0,3,TUBOD,21.2,3,1,1.78
KAWASAKI,CT100B,Backbone/Utility,54000.0,3,TUBOD,4.5,9,5,3.36
YAMAHA,NMAX 155,Maxi-Scooter,151900.0,1,LALA,9.3,13,2,4.09
SUZUKI,SMASH 115,Underbone,62400.0,2,KAPATAGAN,14.6,14,6,4.95
HONDA,WAVE RSX,Underbone,64900.0,3,TUBOD,42.2,4,7,1.61
HONDA,PCX160,Maxi-Scooter,134900.0,3,TUBOD,24.8,10,8,3.47
YAMAHA,MIO GEAR 125,Scooter,79400.0,3,TUBOD,31.0,16,10,4.94
SUZUKI,BURGMAN STREET 125,Maxi-Scooter,83400.0,1,LALA,42.7,17,12,5.7
SUZUKI,SMASH 115,Underbone,62400.0,1,LALA,11.4,20,10,6.15
KAWASAKI,CT100B,Backbone/Utility,54000.0,2,KAPATAGAN,12.0,22,3,7.61
SUZUKI,RAIDER 150 FI,Sport Underbone,119900.0,1,LALA,15.1,14,1,4.94
YAMAHA,MIO GEAR 125,Scooter,79400.0,2,KAPATAGAN,29.2,13,12,4.97
HONDA,WAVE RSX,Underbone,64900.0,3,TUBOD,31.5,12,12,4.05
HONDA,WAVE RSX,Underbone,64900.0,2,KAPATAGAN,58.7,8,4,2.96
YAMAHA,MIO GEAR 125,Scooter,79400.0,2,KAPATAGAN,73.0,7,3,2.73
HONDA,CLICK 125I,Scooter,81400.0,1,LALA,11.1,33,1,9.79
KAWASAKI,ROUSER NS125,Sport Backbone,82000.0,3,TUBOD,16.4,10,9,3.27
SUZUKI,RAIDER 150 FI,Sport Underbone,119900.0,2,KAPATAGAN,44.1,5,2,2.15
HONDA,ADV160,Adventure Scooter,166900.0,3,TUBOD,9.8,8,3,2.72
HONDA,WAVE RSX,Underbone,64900.0,3,TUBOD,33.9,8,9,2.75
HONDA,CLICK 160,Scooter,122900.0,3,TUBOD,5.9,10,7,3.59
KAWASAKI,P24KK (BARAKO II),Backbone/Tricycle,68500.0,3,TUBOD,25.6,12,6,4.08
HONDA,CLICK 125I,Scooter,81400.0,1,LALA,5.9,21,1,7.42
KAWASAKI,CT100B,Backbone/Utility,54000.0,2,KAPATAGAN,6.0,19,12,6.72
YAMAHA,SNIPER 155,Sport Underbone,123900.0,3,TUBOD,13.6,14,12,4.08
HONDA,BEAT PREMIUM,Scooter,72400.0,2,KAPATAGAN,28.1,25,4,7.39
HONDA,CLICK 160,Scooter,122900.0,3,TUBOD,19.1,14,11,4.62
YAMAHA,MIO FAZZIO,Retro Scooter,93900.0,2,KAPATAGAN,5.0,17,2,5.27
HONDA,ADV160,Adventure Scooter,166900.0,3,TUBOD,39.8,8,1,2.81
HONDA,BEAT PREMIUM,Scooter,72400.0,1,LALA,29.6,26,7,8.36
YAMAHA,MIO FAZZIO,Retro Scooter,93900.0,2,KAPATAGAN,40.4,14,11,4.41
YAMAHA,MIO FAZZIO,Retro Scooter,93900.0,1,LALA,58.4,13,12,4.12
KAWASAKI,CT100B,Backbone/Utility,54000.0,2,KAPATAGAN,27.8,21,3,6.75
HONDA,ADV160,Adventure Scooter,166900.0,2,KAPATAGAN,11.5,11,3,3.62
YAMAHA,AEROX 155,Sport Scooter,125400.0,1,LALA,25.8,14,5,4.47
HONDA,CLICK 125I,Scooter,81400.0,2,KAPATAGAN,15.2,20,12,6.57
HONDA,TMX125 ALPHA,Backbone/Utility,57900.0,3,TUBOD,30.6,10,3,4.12
KAWASAKI,P24KK (BARAKO II),Backbone/Tricycle,68500.0,2,KAPATAGAN,10.8,16,5,5.7
YAMAHA,SNIPER 155,Sport Underbone,123900.0,2,KAPATAGAN,85.3,9,5,2.76
YAMAHA,MIO SPORTY,Scooter,73900.0,3,TUBOD,11.2,13,7,5.06
YAMAHA,MIO SPORTY,Scooter,73900.0,2,KAPATAGAN,14.6,15,8,5.47
SUZUKI,RAIDER 150 FI,Sport Underbone,119900.0,2,KAPATAGAN,11.3,17,5,5.34
YAMAHA,MIO FAZZIO,Retro Scooter,93900.0,3,TUBOD,81.7,6,6,2.06
HONDA,WAVE RSX,Underbone,64900.0,2,KAPATAGAN,23.7,16,12,5.7
SUZUKI,BURGMAN STREET 125,Maxi-Scooter,83400.0,3,TUBOD,44.8,10,2,2.99
KAWASAKI,P24KK (BARAKO II),Backbone/Tricycle,68500.0,3,TUBOD,58.6,10,8,2.77
KAWASAKI,ROUSER NS125,Sport Backbone,82000.0,3,TUBOD,17.5,11,6,3.51
KAWASAKI,CT100B,Backbone/Utility,54000.0,3,TUBOD,16.9,12,7,4.36
YAMAHA,NMAX 155,Maxi-Scooter,151900.0,1,LALA,75.6,13,7,3.84
YAMAHA,MIO FAZZIO,Retro Scooter,93900.0,1,LALA,13.5,11,5,4.02
SUZUKI,RAIDER 150 FI,Sport Underbone,119900.0,2,KAPATAGAN,28.9,9,3,3.41
YAMAHA,MIO FAZZIO,Retro Scooter,93900.0,2,KAPATAGAN,4.2,7,7,2.62
SUZUKI,SMASH 115,Underbone,62400.0,2,KAPATAGAN,76.5,7,7,2.71
KAWASAKI,CT100B,Backbone/Utility,54000.0,1,LALA,10.6,16,4,5.48
HONDA,TMX125 ALPHA,Backbone/Utility,57900.0,2,KAPATAGAN,15.7,26,3,8.96
SUZUKI,RAIDER 150 FI,Sport Underbone,119900.0,3,TUBOD,41.2,13,5,3.88
HONDA,WAVE RSX,Underbone,64900.0,1,LALA,14.4,12,1,4.52
KAWASAKI,P24KK (BARAKO II),Backbone/Tricycle,68500.0,1,LALA,10.8,20,12,7.13
HONDA,CLICK 160,Scooter,122900.0,1,LALA,32.6,10,8,3.6
KAWASAKI,P24KK (BARAKO II),Backbone/Tricycle,68500.0,1,LALA,21.7,12,6,3.92
YAMAHA,MIO SPORTY,Scooter,73900.0,3,TUBOD,16.9,14,10,4.7
SUZUKI,RAIDER 150 FI,Sport Underbone,119900.0,1,LALA,25.3,9,3,3.17
HONDA,CLICK 125I,Scooter,81400.0,1,LALA,18.0,21,10,7.05
HONDA,PCX160,Maxi-Scooter,134900.0,3,TUBOD,12.7,6,2,2.14
SUZUKI,BURGMAN STREET 125,Maxi-Scooter,83400.0,3,TUBOD,36.7,12,12,4.22
SUZUKI,SMASH 115,Underbone,62400.0,3,TUBOD,40.3,8,8,2.88
HONDA,CLICK 125I,Scooter,81400.0,2,KAPATAGAN,15.5,18,9,5.75
YAMAHA,SNIPER 155,Sport Underbone,123900.0,2,KAPATAGAN,34.2,7,7,2.39
KAWASAKI,ROUSER NS125,Sport Backbone,82000.0,3,TUBOD,8.9,5,2,1.59
KAWASAKI,ROUSER NS125,Sport Backbone,82000.0,1,LALA,36.6,13,8,3.79
YAMAHA,MIO SPORTY,Scooter,73900.0,3,TUBOD,30.3,19,12,6.29
HONDA,BEAT PREMIUM,Scooter,72400.0,2,KAPATAGAN,41.4,14,11,4.42
KAWASAKI,CT100B,Backbone/Utility,54000.0,3,TUBOD,18.6,10,5,2.94
HONDA,CLICK 125I,Scooter,81400.0,1,LALA,6.4,21,3,7.4
KAWASAKI,P24KK (BARAKO II),Backbone/Tricycle,68500.0,1,LALA,22.3,24,12,7.64
HONDA,PCX160,Maxi-Scooter,134900.0,1,LALA,53.5,9,12,3.15
SUZUKI,RAIDER 150 FI,Sport Underbone,119900.0,1,LALA,24.0,14,11,4.41
KAWASAKI,CT100B,Backbone/Utility,54000.0,1,LALA,4.2,9,11,3.69
HONDA,PCX160,Maxi-Scooter,134900.0,2,KAPATAGAN,6.5,14,5,4.3
KAWASAKI,CT100B,Backbone/Utility,54000.0,2,KAPATAGAN,8.8,22,6,6.62
YAMAHA,MIO FAZZIO,Retro Scooter,93900.0,2,KAPATAGAN,5.5,10,7,3.57
YAMAHA,NMAX 155,Maxi-Scooter,151900.0,3,TUBOD,34.3,6,6,2.14
SUZUKI,SMASH 115,Underbone,62400.0,1,LALA,84.1,11,2,3.42
KAWASAKI,P24KK (BARAKO II),Backbone/Tricycle,68500.0,1,LALA,73.7,25,2,6.98
HONDA,CLICK 160,Scooter,122900.0,3,TUBOD,19.2,8,6,3.38
YAMAHA,MIO FAZZIO,Retro Scooter,93900.0,3,TUBOD,30.2,10,12,3.95
KAWASAKI,CT100B,Backbone/Utility,54000.0,2,KAPATAGAN,26.4,14,4,5.22
KAWASAKI,ROUSER NS125,Sport Backbone,82000.0,1,LALA,12.4,14,12,5.32
YAMAHA,AEROX 155,Sport Scooter,125400.0,2,KAPATAGAN,9.9,12,8,3.98
YAMAHA,MIO SPORTY,Scooter,73900.0,1,LALA,6.3,36,2,11.23
SUZUKI,BURGMAN STREET 125,Maxi-Scooter,83400.0,2,KAPATAGAN,4.4,8,6,3.42
YAMAHA,MIO GEAR 125,Scooter,79400.0,2,KAPATAGAN,77.3,14,1,4.18
KAWASAKI,P24KK (BARAKO II),Backbone/Tricycle,68500.0,3,TUBOD,15.4,10,7,3.92
YAMAHA,MIO FAZZIO,Retro Scooter,93900.0,2,KAPATAGAN,3.1,17,3,5.26
YAMAHA,AEROX 155,Sport Scooter,125400.0,3,TUBOD,10.1,15,2,4.63
YAMAHA,MIO FAZZIO,Retro Scooter,93900.0,3,TUBOD,12.0,9,9,2.94
KAWASAKI,CT100B,Backbone/Utility,54000.0,1,LALA,14.3,12,1,4.07
HONDA,ADV160,Adventure Scooter,166900.0,1,LALA,8.9,9,5,2.97
KAWASAKI,P24KK (BARAKO II),Backbone/Tricycle,68500.0,2,KAPATAGAN,29.0,14,10,5.76
YAMAHA,MIO FAZZIO,Retro Scooter,93900.0,2,KAPATAGAN,50.5,4,2,2.01
HONDA,WAVE RSX,Underbone,64900.0,3,TUBOD,32.6,12,6,4.0
SUZUKI,SMASH 115,Underbone,62400.0,3,TUBOD,10.7,15,11,4.7
YAMAHA,AEROX 155,Sport Scooter,125400.0,2,KAPATAGAN,17.1,6,8,3.02
HONDA,CLICK 160,Scooter,122900.0,1,LALA,12.3,22,3,7.64
HONDA,BEAT PREMIUM,Scooter,72400.0,3,TUBOD,21.2,21,4,6.53
YAMAHA,MIO SPORTY,Scooter,73900.0,1,LALA,67.7,23,2,6.86
SUZUKI,RAIDER 150 FI,Sport Underbone,119900.0,1,LALA,19.6,12,8,4.12
YAMAHA,MIO GEAR 125,Scooter,79400.0,3,TUBOD,43.6,9,5,3.29
HONDA,PCX160,Maxi-Scooter,134900.0,1,LALA,39.3,10,8,3.2
SUZUKI,RAIDER 150 FI,Sport Underbone,119900.0,1,LALA,4.1,12,3,4.15
SUZUKI,RAIDER 150 FI,Sport Underbone,119900.0,1,LALA,9.0,15,10,4.78
SUZUKI,BURGMAN STREET 125,Maxi-Scooter,83400.0,3,TUBOD,42.6,6,9,2.49
KAWASAKI,P24KK (BARAKO II),Backbone/Tricycle,68500.0,1,LALA,9.4,16,8,5.04
SUZUKI,BURGMAN STREET 125,Maxi-Scooter,83400.0,3,TUBOD,12.6,14,5,4.41
SUZUKI,SMASH 115,Underbone,62400.0,2,KAPATAGAN,11.5,15,6,5.36
HONDA,CLICK 125I,Scooter,81400.0,2,KAPATAGAN,3.3,16,12,5.87
KAWASAKI,ROUSER NS125,Sport Backbone,82000.0,3,TUBOD,18.0,6,10,2.54
YAMAHA,NMAX 155,Maxi-Scooter,151900.0,3,TUBOD,21.5,7,3,2.86
YAMAHA,AEROX 155,Sport Scooter,125400.0,3,TUBOD,35.3,11,1,3.89
YAMAHA,SNIPER 155,Sport Underbone,123900.0,2,KAPATAGAN,7.7,9,8,3.18
KAWASAKI,P24KK (BARAKO II),Backbone/Tricycle,68500.0,1,LALA,4.6,26,4,7.63
HONDA,TMX125 ALPHA,Backbone/Utility,57900.0,1,LALA,16.9,17,1,5.92
HONDA,CLICK 160,Scooter,122900.0,1,LALA,31.2,18,4,6.67
YAMAHA,MIO SPORTY,Scooter,73900.0,1,LALA,5.7,27,11,8.46
HONDA,CLICK 160,Scooter,122900.0,3,TUBOD,4.1,9,9,3.51
HONDA,CLICK 125I,Scooter,81400.0,1,LALA,19.5,28,3,9.7
HONDA,WAVE RSX,Underbone,64900.0,1,LALA,68.1,9,2,3.44
HONDA,TMX125 ALPHA,Backbone/Utility,57900.0,2,KAPATAGAN,23.0,18,3,6.07
KAWASAKI,P24KK (BARAKO II),Backbone/Tricycle,68500.0,3,TUBOD,17.2,12,10,4.04
KAWASAKI,CT100B,Backbone/Utility,54000.0,2,KAPATAGAN,42.5,14,10,4.44
HONDA,CLICK 125I,Scooter,81400.0,1,LALA,76.6,22,8,5.95
KAWASAKI,ROUSER NS125,Sport Backbone,82000.0,1,LALA,17.3,14,7,4.63
YAMAHA,MIO SPORTY,Scooter,73900.0,3,TUBOD,33.0,9,7,3.68
KAWASAKI,P24KK (BARAKO II),Backbone/Tricycle,68500.0,2,KAPATAGAN,16.1,17,5,5.85
KAWASAKI,CT100B,Backbone/Utility,54000.0,3,TUBOD,21.8,17,1,4.75
YAMAHA,MIO SPORTY,Scooter,73900.0,1,LALA,25.4,26,6,8.64
YAMAHA,AEROX 155,Sport Scooter,125400.0,2,KAPATAGAN,35.7,13,7,4.09
YAMAHA,MIO SPORTY,Scooter,73900.0,2,KAPATAGAN,9.3,19,2,6.77
SUZUKI,SMASH 115,Underbone,62400.0,2,KAPATAGAN,83.6,5,11,2.8
SUZUKI,RAIDER 150 FI,Sport Underbone,119900.0,2,KAPATAGAN,19.5,9,2,3.14
HONDA,WAVE RSX,Underbone,64900.0,3,TUBOD,16.5,19,9,5.33
HONDA,CLICK 160,Scooter,122900.0,2,KAPATAGAN,71.9,15,4,5.21
HONDA,CLICK 125I,Scooter,81400.0,1,LALA,89.4,14,10,5.14
HONDA,PCX160,Maxi-Scooter,134900.0,2,KAPATAGAN,70.8,10,11,2.74
YAMAHA,MIO FAZZIO,Retro Scooter,93900.0,2,KAPATAGAN,42.4,12,6,3.81
HONDA,ADV160,Adventure Scooter,166900.0,2,KAPATAGAN,25.2,8,1,2.37
SUZUKI,BURGMAN STREET 125,Maxi-Scooter,83400.0,3,TUBOD,8.5,10,3,3.68
YAMAHA,MIO FAZZIO,Retro Scooter,93900.0,2,KAPATAGAN,21.8,10,6,3.4
HONDA,WAVE RSX,Underbone,64900.0,1,LALA,19.3,24,1,7.23
KAWASAKI,P24KK (BARAKO II),Backbone/Tricycle,68500.0,1,LALA,19.8,17,7,5.76
YAMAHA,SNIPER 155,Sport Underbone,123900.0,1,LALA,14.9,11,6,4.01
YAMAHA,MIO FAZZIO,Retro Scooter,93900.0,2,KAPATAGAN,25.8,10,11,3.31
YAMAHA,AEROX 155,Sport Scooter,125400.0,1,LALA,32.9,10,2,4.2
HONDA,BEAT PREMIUM,Scooter,72400.0,1,LALA,39.0,25,12,9.03
YAMAHA,AEROX 155,Sport Scooter,125400.0,1,LALA,33.6,17,4,5.78
HONDA,PCX160,Maxi-Scooter,134900.0,2,KAPATAGAN,74.9,10,6,3.12
HONDA,TMX125 ALPHA,Backbone/Utility,57900.0,3,TUBOD,11.7,8,5,3.37
HONDA,WAVE RSX,Underbone,64900.0,3,TUBOD,12.9,17,8,4.84
KAWASAKI,P24KK (BARAKO II),Backbone/Tricycle,68500.0,1,LALA,5.4,7,8,2.92
HONDA,CLICK 160,Scooter,122900.0,3,TUBOD,8.2,15,10,4.53
HONDA,BEAT PREMIUM,Scooter,72400.0,3,TUBOD,37.5,13,6,4.42
SUZUKI,BURGMAN STREET 125,Maxi-Scooter,83400.0,3,TUBOD,36.3,14,4,4.3
HONDA,WAVE RSX,Underbone,64900.0,3,TUBOD,67.0,11,3,3.47
KAWASAKI,ROUSER NS125,Sport Backbone,82000.0,3,TUBOD,6.2,13,12,3.8
YAMAHA,MIO SPORTY,Scooter,73900.0,2,KAPATAGAN,15.4,21,11,7.19
HONDA,PCX160,Maxi-Scooter,134900.0,3,TUBOD,4.1,12,3,3.7
SUZUKI,SMASH 115,Underbone,62400.0,2,KAPATAGAN,24.7,14,9,4.15
HONDA,PCX160,Maxi-Scooter,134900.0,3,TUBOD,29.2,7,3,2.65
YAMAHA,MIO GEAR 125,Scooter,79400.0,3,TUBOD,29.9,3,8,1.28
SUZUKI,SMASH 115,Underbone,62400.0,1,LALA,35.0,11,8,3.55
YAMAHA,NMAX 155,Maxi-Scooter,151900.0,2,KAPATAGAN,35.2,17,9,5.03
YAMAHA,NMAX 155,Maxi-Scooter,151900.0,3,TUBOD,4.5,13,3,4.29
KAWASAKI,CT100B,Backbone/Utility,54000.0,2,KAPATAGAN,33.8,18,6,5.91
HONDA,CLICK 160,Scooter,122900.0,2,KAPATAGAN,37.9,9,5,3.3
SUZUKI,RAIDER 150 FI,Sport Underbone,119900.0,1,LALA,34.4,8,7,2.92
HONDA,PCX160,Maxi-Scooter,134900.0,3,TUBOD,20.9,13,6,3.72
HONDA,BEAT PREMIUM,Scooter,72400.0,2,KAPATAGAN,6.6,19,11,5.93
KAWASAKI,P24KK (BARAKO II),Backbone/Tricycle,68500.0,3,TUBOD,54.6,5,6,2.25
YAMAHA,MIO SPORTY,Scooter,73900.0,1,LALA,61.7,17,6,5.7
KAWASAKI,CT100B,Backbone/Utility,54000.0,2,KAPATAGAN,35.9,16,10,5.21
YAMAHA,AEROX 155,Sport Scooter,125400.0,1,LALA,15.1,20,1,6.59
HONDA,PCX160,Maxi-Scooter,134900.0,1,LALA,30.5,13,4,3.99
KAWASAKI,P24KK (BARAKO II),Backbone/Tricycle,68500.0,1,LALA,9.7,23,4,7.19
HONDA,PCX160,Maxi-Scooter,134900.0,1,LALA,7.0,7,4,2.84
KAWASAKI,ROUSER NS125,Sport Backbone,82000.0,3,TUBOD,10.5,5,4,1.92
SUZUKI,RAIDER 150 FI,Sport Underbone,119900.0,1,LALA,13.1,15,4,5.07
YAMAHA,MIO SPORTY,Scooter,73900.0,1,LALA,19.4,28,5,8.98
KAWASAKI,CT100B,Backbone/Utility,54000.0,2,KAPATAGAN,71.6,7,11,2.64
HONDA,WAVE RSX,Underbone,64900.0,2,KAPATAGAN,42.3,7,6,2.88
KAWASAKI,CT100B,Backbone/Utility,54000.0,3,TUBOD,12.5,16,12,5.3
HONDA,TMX125 ALPHA,Backbone/Utility,57900.0,2,KAPATAGAN,20.0,16,11,5.48
SUZUKI,BURGMAN STREET 125,Maxi-Scooter,83400.0,1,LALA,21.2,12,2,3.88
YAMAHA,MIO SPORTY,Scooter,73900.0,1,LALA,3.3,40,10,11.78
YAMAHA,MIO SPORTY,Scooter,73900.0,3,TUBOD,19.4,22,10,6.75
SUZUKI,BURGMAN STREET 125,Maxi-Scooter,83400.0,2,KAPATAGAN,5.8,9,5,3.09
HONDA,CLICK 125I,Scooter,81400.0,2,KAPATAGAN,6.9,18,1,6.02
KAWASAKI,CT100B,Backbone/Utility,54000.0,1,LALA,19.2,18,5,5.54
SUZUKI,SMASH 115,Underbone,62400.0,1,LALA,83.6,11,11,4.09
KAWASAKI,CT100B,Backbone/Utility,54000.0,1,LALA,44.9,14,8,4.72
SUZUKI,SMASH 115,Underbone,62400.0,3,TUBOD,24.0,10,7,3.5
YAMAHA,MIO SPORTY,Scooter,73900.0,1,LALA,81.3,27,2,8.26
KAWASAKI,ROUSER NS125,Sport Backbone,82000.0,1,LALA,42.2,12,5,3.89
SUZUKI,SMASH 115,Underbone,62400.0,3,TUBOD,25.5,7,9,2.97
SUZUKI,BURGMAN STREET 125,Maxi-Scooter,83400.0,2,KAPATAGAN,29.7,16,4,5.72
HONDA,PCX160,Maxi-Scooter,134900.0,1,LALA,18.0,12,10,4.03
HONDA,CLICK 160,Scooter,122900.0,1,LALA,72.5,15,11,5.07
HONDA,CLICK 160,Scooter,122900.0,3,TUBOD,23.7,11,4,3.56
KAWASAKI,P24KK (BARAKO II),Backbone/Tricycle,68500.0,1,LALA,4.1,21,4,6.57
YAMAHA,NMAX 155,Maxi-Scooter,151900.0,1,LALA,9.3,16,10,5.06
HONDA,TMX125 ALPHA,Backbone/Utility,57900.0,1,LALA,22.4,14,10,5.47
YAMAHA,MIO FAZZIO,Retro Scooter,93900.0,2,KAPATAGAN,89.5,11,12,4.1
HONDA,CLICK 160,Scooter,122900.0,1,LALA,37.6,14,9,5.35
HONDA,ADV160,Adventure Scooter,166900.0,1,LALA,13.4,12,3,3.68
SUZUKI,SMASH 115,Underbone,62400.0,2,KAPATAGAN,14.4,20,4,6.64
HONDA,ADV160,Adventure Scooter,166900.0,2,KAPATAGAN,53.4,9,11,2.7
SUZUKI,BURGMAN STREET 125,Maxi-Scooter,83400.0,1,LALA,42.8,16,9,4.89
SUZUKI,RAIDER 150 FI,Sport Underbone,119900.0,2,KAPATAGAN,22.6,11,4,3.54
HONDA,TMX125 ALPHA,Backbone/Utility,57900.0,2,KAPATAGAN,15.3,19,7,6.84
YAMAHA,SNIPER 155,Sport Underbone,123900.0,1,LALA,5.5,10,6,3.2
YAMAHA,MIO SPORTY,Scooter,73900.0,2,KAPATAGAN,39.2,9,3,3.78
YAMAHA,AEROX 155,Sport Scooter,125400.0,3,TUBOD,38.3,8,10,2.61
HONDA,ADV160,Adventure Scooter,166900.0,3,TUBOD,9.8,5,1,1.77
HONDA,PCX160,Maxi-Scooter,134900.0,2,KAPATAGAN,38.4,13,10,4.04
HONDA,ADV160,Adventure Scooter,166900.0,1,LALA,17.3,12,10,3.29
HONDA,BEAT PREMIUM,Scooter,72400.0,2,KAPATAGAN,36.0,16,8,5.07
YAMAHA,NMAX 155,Maxi-Scooter,151900.0,1,LALA,14.4,19,7,5.77
YAMAHA,MIO GEAR 125,Scooter,79400.0,3,TUBOD,8.2,16,6,5.05
HONDA,TMX125 ALPHA,Backbone/Utility,57900.0,1,LALA,6.1,27,12,8.81
YAMAHA,SNIPER 155,Sport Underbone,123900.0,3,TUBOD,28.9,14,4,4.21
KAWASAKI,ROUSER NS125,Sport Backbone,82000.0,3,TUBOD,43.6,4,12,1.77
SUZUKI,BURGMAN STREET 125,Maxi-Scooter,83400.0,3,TUBOD,72.8,5,10,2.19
YAMAHA,MIO GEAR 125,Scooter,79400.0,3,TUBOD,12.5,18,7,5.43
YAMAHA,SNIPER 155,Sport Underbone,123900.0,3,TUBOD,32.5,14,12,4.54
YAMAHA,MIO FAZZIO,Retro Scooter,93900.0,2,KAPATAGAN,42.7,9,11,3.56
HONDA,PCX160,Maxi-Scooter,134900.0,3,TUBOD,63.6,4,2,1.87
YAMAHA,MIO SPORTY,Scooter,73900.0,1,LALA,5.7,32,1,10.02
YAMAHA,MIO SPORTY,Scooter,73900.0,3,TUBOD,19.9,11,11,4.3
HONDA,CLICK 160,Scooter,122900.0,2,KAPATAGAN,17.9,20,4,6.25
YAMAHA,NMAX 155,Maxi-Scooter,151900.0,2,KAPATAGAN,31.0,12,8,3.84
HONDA,PCX160,Maxi-Scooter,134900.0,3,TUBOD,27.1,13,1,3.95
SUZUKI,RAIDER 150 FI,Sport Underbone,119900.0,2,KAPATAGAN,11.7,11,7,3.59
YAMAHA,AEROX 155,Sport Scooter,125400.0,3,TUBOD,12.0,14,7,4.49
YAMAHA,AEROX 155,Sport Scooter,125400.0,2,KAPATAGAN,19.5,10,3,4.04
YAMAHA,MIO FAZZIO,Retro Scooter,93900.0,1,LALA,25.9,9,5,3.6
HONDA,ADV160,Adventure Scooter,166900.0,3,TUBOD,15.0,7,9,2.04
HONDA,BEAT PREMIUM,Scooter,72400.0,3,TUBOD,25.3,7,8,3.01
SUZUKI,RAIDER 150 FI,Sport Underbone,119900.0,2,KAPATAGAN,6.4,15,1,4.59
KAWASAKI,ROUSER NS125,Sport Backbone,82000.0,1,LALA,63.7,14,12,3.96
YAMAHA,SNIPER 155,Sport Underbone,123900.0,3,TUBOD,18.1,8,11,2.38
HONDA,BEAT PREMIUM,Scooter,72400.0,1,LALA,41.8,18,3,6.0
KAWASAKI,P24KK (BARAKO II),Backbone/Tricycle,68500.0,1,LALA,55.9,13,10,4.43
HONDA,ADV160,Adventure Scooter,166900.0,1,LALA,43.8,8,12,2.76
HONDA,WAVE RSX,Underbone,64900.0,2,KAPATAGAN,7.9,10,3,4.22
YAMAHA,MIO SPORTY,Scooter,73900.0,2,KAPATAGAN,26.9,12,5,4.53
HONDA,CLICK 125I,Scooter,81400.0,3,TUBOD,5.7,18,7,5.41
SUZUKI,SMASH 115,Underbone,62400.0,3,TUBOD,4.6,15,12,5.14
HONDA,TMX125 ALPHA,Backbone/Utility,57900.0,1,LALA,16.6,16,8,5.1
SUZUKI,BURGMAN STREET 125,Maxi-Scooter,83400.0,1,LALA,35.4,12,7,4.11
YAMAHA,AEROX 155,Sport Scooter,125400.0,2,KAPATAGAN,27.7,10,8,3.36
KAWASAKI,ROUSER NS125,Sport Backbone,82000.0,3,TUBOD,18.5,8,3,2.72
YAMAHA,SNIPER 155,Sport Underbone,123900.0,3,TUBOD,42.1,5,4,2.07
SUZUKI,RAIDER 150 FI,Sport Underbone,119900.0,3,TUBOD,28.4,8,6,2.5
YAMAHA,MIO SPORTY,Scooter,73900.0,1,LALA,6.3,27,5,8.92
YAMAHA,MIO GEAR 125,Scooter,79400.0,1,LALA,21.1,20,1,6.5
SUZUKI,BURGMAN STREET 125,Maxi-Scooter,83400.0,1,LALA,33.2,6,2,2.47
KAWASAKI,ROUSER NS125,Sport Backbone,82000.0,2,KAPATAGAN,10.6,13,11,4.75
SUZUKI,BURGMAN STREET 125,Maxi-Scooter,83400.0,2,KAPATAGAN,25.4,12,11,3.51
HONDA,PCX160,Maxi-Scooter,134900.0,2,KAPATAGAN,11.0,17,9,4.77
KAWASAKI,P24KK (BARAKO II),Backbone/Tricycle,68500.0,3,TUBOD,38.5,8,1,2.54
HONDA,TMX125 ALPHA,Backbone/Utility,57900.0,1,LALA,61.6,11,5,3.83
YAMAHA,AEROX 155,Sport Scooter,125400.0,3,TUBOD,8.8,11,2,3.7
SUZUKI,RAIDER 150 FI,Sport Underbone,119900.0,3,TUBOD,28.9,8,2,2.37
SUZUKI,RAIDER 150 FI,Sport Underbone,119900.0,3,TUBOD,42.9,5,6,1.99
SUZUKI,SMASH 115,Underbone,62400.0,3,TUBOD,43.4,9,5,2.63
YAMAHA,NMAX 155,Maxi-Scooter,151900.0,3,TUBOD,3.6,23,12,6.83
HONDA,TMX125 ALPHA,Backbone/Utility,57900.0,2,KAPATAGAN,54.9,11,7,4.31
HONDA,BEAT PREMIUM,Scooter,72400.0,2,KAPATAGAN,69.2,13,8,4.11
HONDA,CLICK 125I,Scooter,81400.0,3,TUBOD,86.1,9,2,3.15
KAWASAKI,P24KK (BARAKO II),Backbone/Tricycle,68500.0,2,KAPATAGAN,38.1,25,3,8.02
KAWASAKI,CT100B,Backbone/Utility,54000.0,2,KAPATAGAN,11.6,17,4,5.43
KAWASAKI,CT100B,Backbone/Utility,54000.0,2,KAPATAGAN,15.3,25,1,7.76
YAMAHA,SNIPER 155,Sport Underbone,123900.0,3,TUBOD,21.8,14,7,4.44
YAMAHA,MIO SPORTY,Scooter,73900.0,1,LALA,32.5,18,3,6.6
KAWASAKI,ROUSER NS125,Sport Backbone,82000.0,2,KAPATAGAN,15.5,14,12,4.56
HONDA,BEAT PREMIUM,Scooter,72400.0,2,KAPATAGAN,43.2,15,7,5.14
SUZUKI,RAIDER 150 FI,Sport Underbone,119900.0,2,KAPATAGAN,24.3,8,1,2.48
YAMAHA,SNIPER 155,Sport Underbone,123900.0,1,LALA,44.1,8,2,2.42
YAMAHA,MIO FAZZIO,Retro Scooter,93900.0,2,KAPATAGAN,27.1,10,1,3.49
YAMAHA,SNIPER 155,Sport Underbone,123900.0,3,TUBOD,7.0,10,10,3.49
HONDA,BEAT PREMIUM,Scooter,72400.0,1,LALA,5.7,19,8,6.62
YAMAHA,MIO SPORTY,Scooter,73900.0,3,TUBOD,7.4,12,11,4.98
YAMAHA,MIO FAZZIO,Retro Scooter,93900.0,1,LALA,43.6,16,10,4.58
SUZUKI,BURGMAN STREET 125,Maxi-Scooter,83400.0,3,TUBOD,43.4,9,6,2.89
HONDA,TMX125 ALPHA,Backbone/Utility,57900.0,2,KAPATAGAN,8.9,27,3,8.69
YAMAHA,MIO FAZZIO,Retro Scooter,93900.0,3,TUBOD,38.9,9,8,2.68
SUZUKI,RAIDER 150 FI,Sport Underbone,119900.0,2,KAPATAGAN,43.5,12,2,4.04
YAMAHA,MIO FAZZIO,Retro Scooter,93900.0,1,LALA,30.1,15,4,4.55
HONDA,WAVE RSX,Underbone,64900.0,1,LALA,87.8,11,11,3.66
HONDA,TMX125 ALPHA,Backbone/Utility,57900.0,1,LALA,30.2,11,6,4.39
SUZUKI,BURGMAN STREET 125,Maxi-Scooter,83400.0,1,LALA,86.6,13,4,4.03
HONDA,TMX125 ALPHA,Backbone/Utility,57900.0,2,KAPATAGAN,5.3,21,8,6.85
SUZUKI,RAIDER 150 FI,Sport Underbone,119900.0,1,LALA,7.8,14,6,4.48
HONDA,CLICK 125I,Scooter,81400.0,2,KAPATAGAN,61.5,12,6,4.42
YAMAHA,MIO GEAR 125,Scooter,79400.0,2,KAPATAGAN,26.3,19,11,5.76
YAMAHA,SNIPER 155,Sport Underbone,123900.0,3,TUBOD,11.4,11,6,3.83
YAMAHA,MIO FAZZIO,Retro Scooter,93900.0,2,KAPATAGAN,8.4,9,4,3.97
KAWASAKI,P24KK (BARAKO II),Backbone/Tricycle,68500.0,1,LALA,30.7,16,5,5.33
YAMAHA,MIO FAZZIO,Retro Scooter,93900.0,1,LALA,40.0,11,4,4.1
YAMAHA,NMAX 155,Maxi-Scooter,151900.0,3,TUBOD,23.5,7,7,2.64
HONDA,CLICK 125I,Scooter,81400.0,1,LALA,35.7,18,10,6.09
HONDA,PCX160,Maxi-Scooter,134900.0,2,KAPATAGAN,3.7,8,1,2.9
YAMAHA,MIO FAZZIO,Retro Scooter,93900.0,1,LALA,5.4,11,10,3.56
KAWASAKI,P24KK (BARAKO II),Backbone/Tricycle,68500.0,1,LALA,30.6,11,9,4.1
HONDA,CLICK 125I,Scooter,81400.0,2,KAPATAGAN,29.2,20,12,6.43
HONDA,CLICK 160,Scooter,122900.0,1,LALA,16.8,28,4,9.14
HONDA,WAVE RSX,Underbone,64900.0,2,KAPATAGAN,39.5,17,6,4.62
YAMAHA,MIO FAZZIO,Retro Scooter,93900.0,3,TUBOD,21.3,11,5,3.32
YAMAHA,NMAX 155,Maxi-Scooter,151900.0,3,TUBOD,15.9,6,5,2.11
HONDA,ADV160,Adventure Scooter,166900.0,1,LALA,12.4,9,7,2.97
SUZUKI,BURGMAN STREET 125,Maxi-Scooter,83400.0,3,TUBOD,3.4,17,4,5.6
HONDA,PCX160,Maxi-Scooter,134900.0,3,TUBOD,84.4,4,12,1.6
YAMAHA,MIO FAZZIO,Retro Scooter,93900.0,2,KAPATAGAN,31.9,10,6,3.57
HONDA,WAVE RSX,Underbone,64900.0,2,KAPATAGAN,6.1,21,3,6.98
YAMAHA,AEROX 155,Sport Scooter,125400.0,3,TUBOD,10.2,9,10,3.07
HONDA,PCX160,Maxi-Scooter,134900.0,1,LALA,26.9,10,9,2.85
KAWASAKI,ROUSER NS125,Sport Backbone,82000.0,2,KAPATAGAN,21.7,4,3,1.88
YAMAHA,MIO FAZZIO,Retro Scooter,93900.0,1,LALA,25.8,12,3,3.55
SUZUKI,SMASH 115,Underbone,62400.0,3,TUBOD,50.4,9,3,2.89
HONDA,TMX125 ALPHA,Backbone/Utility,57900.0,2,KAPATAGAN,66.0,21,2,6.66
YAMAHA,MIO FAZZIO,Retro Scooter,93900.0,3,TUBOD,30.3,8,6,2.26
HONDA,CLICK 125I,Scooter,81400.0,1,LALA,12.9,14,7,5.49
HONDA,WAVE RSX,Underbone,64900.0,3,TUBOD,27.7,15,6,4.66
YAMAHA,MIO FAZZIO,Retro Scooter,93900.0,3,TUBOD,11.7,9,10,3.27
SUZUKI,RAIDER 150 FI,Sport Underbone,119900.0,2,KAPATAGAN,39.0,11,12,4.42
HONDA,ADV160,Adventure Scooter,166900.0,1,LALA,32.9,5,6,1.79
HONDA,WAVE RSX,Underbone,64900.0,2,KAPATAGAN,42.9,10,12,4.24
HONDA,CLICK 125I,Scooter,81400.0,3,TUBOD,44.9,14,3,4.67
HONDA,TMX125 ALPHA,Backbone/Utility,57900.0,1,LALA,8.0,19,11,6.43
HONDA,CLICK 125I,Scooter,81400.0,2,KAPATAGAN,9.6,15,9,4.97
HONDA,BEAT PREMIUM,Scooter,72400.0,3,TUBOD,40.0,5,8,2.29
HONDA,ADV160,Adventure Scooter,166900.0,1,LALA,11.0,5,4,1.93
YAMAHA,SNIPER 155,Sport Underbone,123900.0,2,KAPATAGAN,35.2,9,12,2.99
SUZUKI,BURGMAN STREET 125,Maxi-Scooter,83400.0,3,TUBOD,17.6,12,6,4.49
SUZUKI,BURGMAN STREET 125,Maxi-Scooter,83400.0,1,LALA,8.8,15,10,4.65
YAMAHA,AEROX 155,Sport Scooter,125400.0,3,TUBOD,21.2,9,4,3.23
HONDA,CLICK 125I,Scooter,81400.0,3,TUBOD,21.1,16,12,4.99
HONDA,TMX125 ALPHA,Backbone/Utility,57900.0,3,TUBOD,10.1,19,3,5.44
YAMAHA,SNIPER 155,Sport Underbone,123900.0,3,TUBOD,3.2,10,10,3.21
YAMAHA,MIO GEAR 125,Scooter,79400.0,3,TUBOD,4.5,12,10,4.15
HONDA,PCX160,Maxi-Scooter,134900.0,2,KAPATAGAN,10.9,10,3,3.77
YAMAHA,NMAX 155,Maxi-Scooter,151900.0,2,KAPATAGAN,29.6,11,1,3.56
HONDA,BEAT PREMIUM,Scooter,72400.0,2,KAPATAGAN,6.1,16,5,5.55
YAMAHA,NMAX 155,Maxi-Scooter,151900.0,1,LALA,4.0,17,7,5.57
YAMAHA,NMAX 155,Maxi-Scooter,151900.0,1,LALA,44.4,19,1,5.18
HONDA,TMX125 ALPHA,Backbone/Utility,57900.0,1,LALA,49.5,18,2,6.48
HONDA,ADV160,Adventure Scooter,166900.0,2,KAPATAGAN,32.0,8,2,2.71
HONDA,TMX125 ALPHA,Backbone/Utility,57900.0,2,KAPATAGAN,15.1,27,9,8.24
YAMAHA,MIO FAZZIO,Retro Scooter,93900.0,3,TUBOD,9.1,7,6,2.55
KAWASAKI,CT100B,Backbone/Utility,54000.0,1,LALA,36.2,5,1,2.57
SUZUKI,BURGMAN STREET 125,Maxi-Scooter,83400.0,2,KAPATAGAN,18.9,15,2,4.66
SUZUKI,SMASH 115,Underbone,62400.0,2,KAPATAGAN,24.3,13,1,4.64
SUZUKI,BURGMAN STREET 125,Maxi-Scooter,83400.0,1,LALA,7.5,11,8,3.58
HONDA,WAVE RSX,Underbone,64900.0,2,KAPATAGAN,17.4,10,8,3.76
YAMAHA,MIO SPORTY,Scooter,73900.0,1,LALA,44.6,24,7,7.72
KAWASAKI,CT100B,Backbone/Utility,54000.0,2,KAPATAGAN,23.7,12,11,4.7
YAMAHA,MIO GEAR 125,Scooter,79400.0,1,LALA,5.6,32,12,10.31
HONDA,WAVE RSX,Underbone,64900.0,3,TUBOD,16.6,15,12,4.88
YAMAHA,NMAX 155,Maxi-Scooter,151900.0,3,TUBOD,14.2,12,2,4.32
HONDA,PCX160,Maxi-Scooter,134900.0,1,LALA,4.7,13,10,4.37
HONDA,PCX160,Maxi-Scooter,134900.0,2,KAPATAGAN,11.4,7,11,2.51
KAWASAKI,P24KK (BARAKO II),Backbone/Tricycle,68500.0,3,TUBOD,36.8,8,2,2.43
HONDA,BEAT PREMIUM,Scooter,72400.0,3,TUBOD,34.5,16,2,5.27
KAWASAKI,P24KK (BARAKO II),Backbone/Tricycle,68500.0,1,LALA,38.5,16,4,5.09
HONDA,ADV160,Adventure Scooter,166900.0,2,KAPATAGAN,9.7,12,6,3.62
YAMAHA,AEROX 155,Sport Scooter,125400.0,3,TUBOD,10.5,6,8,2.33
HONDA,ADV160,Adventure Scooter,166900.0,1,LALA,6.2,14,2,4.19
SUZUKI,SMASH 115,Underbone,62400.0,1,LALA,72.0,10,10,3.42
SUZUKI,RAIDER 150 FI,Sport Underbone,119900.0,1,LALA,6.3,14,9,4.62
HONDA,PCX160,Maxi-Scooter,134900.0,3,TUBOD,5.9,11,10,3.37
YAMAHA,MIO SPORTY,Scooter,73900.0,2,KAPATAGAN,23.5,13,10,4.13
YAMAHA,MIO GEAR 125,Scooter,79400.0,3,TUBOD,12.2,14,3,5.14
SUZUKI,SMASH 115,Underbone,62400.0,1,LALA,73.9,4,8,1.75
YAMAHA,SNIPER 155,Sport Underbone,123900.0,3,TUBOD,62.9,9,11,2.52
HONDA,WAVE RSX,Underbone,64900.0,1,LALA,7.0,25,11,7.18
SUZUKI,RAIDER 150 FI,Sport Underbone,119900.0,3,TUBOD,41.9,11,6,3.36
HONDA,WAVE RSX,Underbone,64900.0,2,KAPATAGAN,46.6,10,6,3.69
HONDA,BEAT PREMIUM,Scooter,72400.0,2,KAPATAGAN,11.1,15,1,5.13
YAMAHA,MIO GEAR 125,Scooter,79400.0,2,KAPATAGAN,38.7,22,4,6.25
YAMAHA,MIO GEAR 125,Scooter,79400.0,2,KAPATAGAN,25.0,13,2,4.15
YAMAHA,MIO GEAR 125,Scooter,79400.0,3,TUBOD,25.0,12,7,3.18
KAWASAKI,CT100B,Backbone/Utility,54000.0,1,LALA,17.2,11,8,3.82
HONDA,ADV160,Adventure Scooter,166900.0,1,LALA,17.3,6,2,2.22
HONDA,TMX125 ALPHA,Backbone/Utility,57900.0,1,LALA,18.5,22,1,6.77
HONDA,CLICK 125I,Scooter,81400.0,2,KAPATAGAN,78.0,10,9,3.47
HONDA,BEAT PREMIUM,Scooter,72400.0,3,TUBOD,40.8,11,9,3.83
HONDA,CLICK 160,Scooter,122900.0,3,TUBOD,15.5,11,9,3.68
KAWASAKI,ROUSER NS125,Sport Backbone,82000.0,3,TUBOD,39.6,6,11,1.95
HONDA,TMX125 ALPHA,Backbone/Utility,57900.0,2,KAPATAGAN,32.2,17,5,6.03
SUZUKI,SMASH 115,Underbone,62400.0,3,TUBOD,18.3,17,4,4.7
HONDA,PCX160,Maxi-Scooter,134900.0,3,TUBOD,29.5,8,12,2.82
HONDA,BEAT PREMIUM,Scooter,72400.0,2,KAPATAGAN,4.4,16,4,5.93
HONDA,TMX125 ALPHA,Backbone/Utility,57900.0,2,KAPATAGAN,35.2,12,11,4.94
KAWASAKI,ROUSER NS125,Sport Backbone,82000.0,1,LALA,6.4,8,6,2.91
HONDA,TMX125 ALPHA,Backbone/Utility,57900.0,1,LALA,19.3,18,4,5.78
YAMAHA,MIO FAZZIO,Retro Scooter,93900.0,3,TUBOD,78.4,11,12,3.39
HONDA,TMX125 ALPHA,Backbone/Utility,57900.0,1,LALA,20.0,25,6,7.56
SUZUKI,BURGMAN STREET 125,Maxi-Scooter,83400.0,2,KAPATAGAN,9.5,15,1,4.69
HONDA,ADV160,Adventure Scooter,166900.0,3,TUBOD,3.6,2,7,0.57
YAMAHA,NMAX 155,Maxi-Scooter,151900.0,2,KAPATAGAN,7.3,11,7,4.37
HONDA,PCX160,Maxi-Scooter,134900.0,3,TUBOD,37.5,10,4,3.08
HONDA,ADV160,Adventure Scooter,166900.0,1,LALA,44.3,9,8,3.16
HONDA,BEAT PREMIUM,Scooter,72400.0,1,LALA,8.6,38,1,11.29
HONDA,ADV160,Adventure Scooter,166900.0,2,KAPATAGAN,29.4,8,9,2.8
KAWASAKI,CT100B,Backbone/Utility,54000.0,3,TUBOD,14.3,13,3,3.77
YAMAHA,MIO FAZZIO,Retro Scooter,93900.0,1,LALA,17.4,14,1,4.5
HONDA,CLICK 125I,Scooter,81400.0,2,KAPATAGAN,14.1,14,7,4.73
HONDA,CLICK 160,Scooter,122900.0,1,LALA,11.0,22,5,7.31
SUZUKI,RAIDER 150 FI,Sport Underbone,119900.0,1,LALA,34.5,5,5,2.28
KAWASAKI,ROUSER NS125,Sport Backbone,82000.0,3,TUBOD,5.1,5,1,2.05
HONDA,CLICK 125I,Scooter,81400.0,2,KAPATAGAN,24.0,18,11,6.32
YAMAHA,MIO SPORTY,Scooter,73900.0,3,TUBOD,82.7,8,10,2.41
YAMAHA,NMAX 155,Maxi-Scooter,151900.0,2,KAPATAGAN,9.1,19,12,6.11
SUZUKI,SMASH 115,Underbone,62400.0,3,TUBOD,40.1,14,9,4.38
SUZUKI,RAIDER 150 FI,Sport Underbone,119900.0,1,LALA,35.1,7,10,2.41
HONDA,ADV160,Adventure Scooter,166900.0,1,LALA,84.9,10,2,3.3
YAMAHA,MIO SPORTY,Scooter,73900.0,1,LALA,30.8,19,7,6.86
SUZUKI,BURGMAN STREET 125,Maxi-Scooter,83400.0,3,TUBOD,31.8,17,12,5.11
YAMAHA,NMAX 155,Maxi-Scooter,151900.0,1,LALA,15.9,12,5,4.52
HONDA,CLICK 125I,Scooter,81400.0,1,LALA,8.7,20,11,6.74
SUZUKI,BURGMAN STREET 125,Maxi-Scooter,83400.0,1,LALA,34.7,12,6,4.36
KAWASAKI,P24KK (BARAKO II),Backbone/Tricycle,68500.0,2,KAPATAGAN,17.3,17,11,5.64
HONDA,BEAT PREMIUM,Scooter,72400.0,3,TUBOD,11.5,10,10,3.76
YAMAHA,AEROX 155,Sport Scooter,125400.0,2,KAPATAGAN,34.5,13,2,4.57
YAMAHA,AEROX 155,Sport Scooter,125400.0,2,KAPATAGAN,36.3,12,9,3.92
YAMAHA,SNIPER 155,Sport Underbone,123900.0,2,KAPATAGAN,34.5,8,4,3.29
YAMAHA,MIO GEAR 125,Scooter,79400.0,3,TUBOD,17.7,13,10,4.74
HONDA,PCX160,Maxi-Scooter,134900.0,1,LALA,7.7,14,7,4.75
YAMAHA,SNIPER 155,Sport Underbone,123900.0,1,LALA,19.3,19,12,6.21
HONDA,CLICK 125I,Scooter,81400.0,3,TUBOD,43.3,7,1,2.51
KAWASAKI,P24KK (BARAKO II),Backbone/Tricycle,68500.0,1,LALA,58.5,9,9,3.12
SUZUKI,SMASH 115,Underbone,62400.0,1,LALA,15.3,15,8,4.73
HONDA,CLICK 125I,Scooter,81400.0,1,LALA,39.9,16,5,5.63
SUZUKI,SMASH 115,Underbone,62400.0,3,TUBOD,32.3,16,12,5.16
SUZUKI,SMASH 115,Underbone,62400.0,3,TUBOD,71.9,6,11,1.79
KAWASAKI,ROUSER NS125,Sport Backbone,82000.0,1,LALA,16.3,10,11,3.87
YAMAHA,MIO SPORTY,Scooter,73900.0,3,TUBOD,14.1,26,3,7.85
YAMAHA,SNIPER 155,Sport Underbone,123900.0,2,KAPATAGAN,19.8,10,1,3.5
HONDA,TMX125 ALPHA,Backbone/Utility,57900.0,3,TUBOD,39.7,9,2,3.22
HONDA,TMX125 ALPHA,Backbone/Utility,57900.0,2,KAPATAGAN,13.8,24,9,8.02
YAMAHA,MIO SPORTY,Scooter,73900.0,1,LALA,18.0,19,7,7.23
SUZUKI,RAIDER 150 FI,Sport Underbone,119900.0,2,KAPATAGAN,26.6,6,9,2.77
YAMAHA,MIO SPORTY,Scooter,73900.0,2,KAPATAGAN,19.7,25,12,8.03
YAMAHA,MIO FAZZIO,Retro Scooter,93900.0,2,KAPATAGAN,75.6,7,7,2.0
KAWASAKI,CT100B,Backbone/Utility,54000.0,3,TUBOD,62.4,7,6,2.43
KAWASAKI,ROUSER NS125,Sport Backbone,82000.0,2,KAPATAGAN,72.6,4,7,2.11
YAMAHA,MIO FAZZIO,Retro Scooter,93900.0,1,LALA,68.2,8,12,2.97
KAWASAKI,CT100B,Backbone/Utility,54000.0,2,KAPATAGAN,41.3,18,3,5.89
SUZUKI,SMASH 115,Underbone,62400.0,3,TUBOD,9.7,18,7,5.61
HONDA,TMX125 ALPHA,Backbone/Utility,57900.0,3,TUBOD,30.1,13,7,4.35
HONDA,WAVE RSX,Underbone,64900.0,1,LALA,5.7,17,6,5.82
YAMAHA,NMAX 155,Maxi-Scooter,151900.0,3,TUBOD,4.8,7,1,2.9
YAMAHA,NMAX 155,Maxi-Scooter,151900.0,2,KAPATAGAN,14.6,6,7,2.91
YAMAHA,MIO SPORTY,Scooter,73900.0,2,KAPATAGAN,87.9,11,8,3.53
YAMAHA,MIO SPORTY,Scooter,73900.0,1,LALA,26.2,19,7,6.39
YAMAHA,MIO FAZZIO,Retro Scooter,93900.0,2,KAPATAGAN,25.1,13,12,4.21
YAMAHA,MIO FAZZIO,Retro Scooter,93900.0,3,TUBOD,11.0,13,6,4.21
HONDA,ADV160,Adventure Scooter,166900.0,2,KAPATAGAN,38.1,9,1,2.35
YAMAHA,MIO SPORTY,Scooter,73900.0,3,TUBOD,43.8,10,9,3.68
HONDA,TMX125 ALPHA,Backbone/Utility,57900.0,3,TUBOD,85.3,8,9,2.82
HONDA,CLICK 125I,Scooter,81400.0,3,TUBOD,10.1,15,11,4.96
SUZUKI,RAIDER 150 FI,Sport Underbone,119900.0,2,KAPATAGAN,19.0,22,3,6.73
HONDA,CLICK 160,Scooter,122900.0,1,LALA,14.0,25,12,8.48
YAMAHA,MIO FAZZIO,Retro Scooter,93900.0,3,TUBOD,37.0,7,8,2.83
YAMAHA,MIO FAZZIO,Retro Scooter,93900.0,2,KAPATAGAN,4.5,16,4,5.05
SUZUKI,SMASH 115,Underbone,62400.0,1,LALA,27.5,12,9,3.96
KAWASAKI,CT100B,Backbone/Utility,54000.0,1,LALA,22.7,14,5,4.71
HONDA,CLICK 125I,Scooter,81400.0,2,KAPATAGAN,17.3,17,6,5.85
SUZUKI,BURGMAN STREET 125,Maxi-Scooter,83400.0,3,TUBOD,4.9,9,1,3.57
YAMAHA,AEROX 155,Sport Scooter,125400.0,2,KAPATAGAN,24.8,6,5,2.75
HONDA,BEAT PREMIUM,Scooter,72400.0,2,KAPATAGAN,8.0,18,1,5.64
HONDA,PCX160,Maxi-Scooter,134900.0,1,LALA,14.0,8,11,2.95
YAMAHA,SNIPER 155,Sport Underbone,123900.0,3,TUBOD,3.2,9,7,2.99
SUZUKI,SMASH 115,Underbone,62400.0,2,KAPATAGAN,89.1,10,5,3.23
HONDA,BEAT PREMIUM,Scooter,72400.0,1,LALA,30.3,23,1,7.42
YAMAHA,MIO SPORTY,Scooter,73900.0,2,KAPATAGAN,15.2,16,7,6.1
HONDA,TMX125 ALPHA,Backbone/Utility,57900.0,1,LALA,13.4,22,9,7.47
HONDA,TMX125 ALPHA,Backbone/Utility,57900.0,2,KAPATAGAN,25.6,17,1,6.46
SUZUKI,SMASH 115,Underbone,62400.0,3,TUBOD,20.9,12,10,3.91
SUZUKI,BURGMAN STREET 125,Maxi-Scooter,83400.0,1,LALA,52.1,15,1,4.48
KAWASAKI,P24KK (BARAKO II),Backbone/Tricycle,68500.0,2,KAPATAGAN,7.0,25,3,8.44
YAMAHA,MIO GEAR 125,Scooter,79400.0,2,KAPATAGAN,40.9,15,12,5.09
YAMAHA,AEROX 155,Sport Scooter,125400.0,3,TUBOD,36.2,7,2,2.22
KAWASAKI,ROUSER NS125,Sport Backbone,82000.0,2,KAPATAGAN,21.2,14,11,4.62
HONDA,ADV160,Adventure Scooter,166900.0,1,LALA,20.3,3,5,1.3
SUZUKI,RAIDER 150 FI,Sport Underbone,119900.0,3,TUBOD,4.0,8,2,2.63
KAWASAKI,ROUSER NS125,Sport Backbone,82000.0,2,KAPATAGAN,15.2,7,8,2.51
HONDA,PCX160,Maxi-Scooter,134900.0,3,TUBOD,5.5,8,5,2.62
KAWASAKI,CT100B,Backbone/Utility,54000.0,1,LALA,6.2,17,10,5.32
YAMAHA,MIO FAZZIO,Retro Scooter,93900.0,1,LALA,6.2,13,8,4.06
YAMAHA,NMAX 155,Maxi-Scooter,151900.0,3,TUBOD,17.5,14,4,4.39
HONDA,CLICK 160,Scooter,122900.0,2,KAPATAGAN,4.2,13,10,4.74
HONDA,PCX160,Maxi-Scooter,134900.0,2,KAPATAGAN,17.4,14,1,4.18
YAMAHA,MIO GEAR 125,Scooter,79400.0,2,KAPATAGAN,65.0,15,3,4.71
YAMAHA,AEROX 155,Sport Scooter,125400.0,2,KAPATAGAN,6.8,8,4,3.79
YAMAHA,MIO SPORTY,Scooter,73900.0,3,TUBOD,35.1,13,4,4.56
SUZUKI,RAIDER 150 FI,Sport Underbone,119900.0,1,LALA,29.6,12,1,3.91
YAMAHA,MIO GEAR 125,Scooter,79400.0,2,KAPATAGAN,14.9,13,6,4.61
YAMAHA,MIO FAZZIO,Retro Scooter,93900.0,2,KAPATAGAN,82.0,8,2,2.5
HONDA,CLICK 125I,Scooter,81400.0,3,TUBOD,7.6,16,8,5.01
HONDA,BEAT PREMIUM,Scooter,72400.0,2,KAPATAGAN,5.8,24,6,7.55
HONDA,CLICK 125I,Scooter,81400.0,3,TUBOD,8.1,11,6,4.27
YAMAHA,MIO SPORTY,Scooter,73900.0,2,KAPATAGAN,37.6,16,8,4.79
YAMAHA,NMAX 155,Maxi-Scooter,151900.0,2,KAPATAGAN,88.5,9,8,2.64
YAMAHA,MIO FAZZIO,Retro Scooter,93900.0,1,LALA,36.3,4,6,1.59
YAMAHA,NMAX 155,Maxi-Scooter,151900.0,1,LALA,53.5,11,2,3.76
YAMAHA,NMAX 155,Maxi-Scooter,151900.0,2,KAPATAGAN,19.7,9,12,3.64
HONDA,WAVE RSX,Underbone,64900.0,2,KAPATAGAN,4.4,13,8,3.89
HONDA,TMX125 ALPHA,Backbone/Utility,57900.0,2,KAPATAGAN,76.0,12,6,3.87
YAMAHA,MIO SPORTY,Scooter,73900.0,1,LALA,26.2,20,3,7.29
YAMAHA,MIO FAZZIO,Retro Scooter,93900.0,1,LALA,26.4,13,6,4.28
HONDA,WAVE RSX,Underbone,64900.0,2,KAPATAGAN,18.7,9,1,3.02
YAMAHA,NMAX 155,Maxi-Scooter,151900.0,2,KAPATAGAN,25.3,14,9,4.34
YAMAHA,MIO GEAR 125,Scooter,79400.0,1,LALA,26.2,31,12,9.89
HONDA,TMX125 ALPHA,Backbone/Utility,57900.0,2,KAPATAGAN,27.8,15,10,5.58
HONDA,ADV160,Adventure Scooter,166900.0,2,KAPATAGAN,8.3,7,4,2.92
HONDA,CLICK 125I,Scooter,81400.0,3,TUBOD,11.9,21,12,6.94
YAMAHA,MIO FAZZIO,Retro Scooter,93900.0,2,KAPATAGAN,10.7,10,8,3.29
YAMAHA,MIO GEAR 125,Scooter,79400.0,3,TUBOD,14.6,22,4,6.06
HONDA,WAVE RSX,Underbone,64900.0,1,LALA,66.6,10,5,3.16
HONDA,PCX160,Maxi-Scooter,134900.0,3,TUBOD,26.2,6,8,1.92
SUZUKI,SMASH 115,Underbone,62400.0,2,KAPATAGAN,22.5,15,2,5.16
KAWASAKI,CT100B,Backbone/Utility,54000.0,2,KAPATAGAN,44.7,12,10,4.29
HONDA,ADV160,Adventure Scooter,166900.0,3,TUBOD,4.9,7,12,2.55
HONDA,PCX160,Maxi-Scooter,134900.0,2,KAPATAGAN,38.4,8,7,2.98
KAWASAKI,ROUSER NS125,Sport Backbone,82000.0,3,TUBOD,12.5,6,5,2.09
HONDA,PCX160,Maxi-Scooter,134900.0,3,TUBOD,11.1,4,5,1.75
YAMAHA,SNIPER 155,Sport Underbone,123900.0,1,LALA,50.8,7,7,2.23
YAMAHA,NMAX 155,Maxi-Scooter,151900.0,1,LALA,27.0,8,11,3.27
KAWASAKI,CT100B,Backbone/Utility,54000.0,1,LALA,20.4,21,11,6.22
YAMAHA,MIO GEAR 125,Scooter,79400.0,2,KAPATAGAN,85.5,8,8,2.69
HONDA,WAVE RSX,Underbone,64900.0,1,LALA,18.2,15,4,5.31
HONDA,ADV160,Adventure Scooter,166900.0,3,TUBOD,18.0,11,3,3.51
HONDA,CLICK 160,Scooter,122900.0,1,LALA,28.2,11,1,4.07
YAMAHA,SNIPER 155,Sport Underbone,123900.0,1,LALA,49.2,6,7,2.59
SUZUKI,BURGMAN STREET 125,Maxi-Scooter,83400.0,1,LALA,70.8,15,3,4.62
YAMAHA,MIO SPORTY,Scooter,73900.0,2,KAPATAGAN,32.8,15,12,5.68
KAWASAKI,ROUSER NS125,Sport Backbone,82000.0,1,LALA,17.1,11,11,3.55
SUZUKI,RAIDER 150 FI,Sport Underbone,119900.0,2,KAPATAGAN,31.2,10,6,3.66
SUZUKI,SMASH 115,Underbone,62400.0,1,LALA,7.1,19,12,6.46
YAMAHA,MIO FAZZIO,Retro Scooter,93900.0,2,KAPATAGAN,30.3,13,11,4.29
SUZUKI,BURGMAN STREET 125,Maxi-Scooter,83400.0,2,KAPATAGAN,20.1,14,10,4.94
YAMAHA,MIO SPORTY,Scooter,73900.0,1,LALA,28.6,28,10,8.55
KAWASAKI,CT100B,Backbone/Utility,54000.0,2,KAPATAGAN,33.7,13,2,4.36
YAMAHA,SNIPER 155,Sport Underbone,123900.0,3,TUBOD,15.6,11,9,3.69
YAMAHA,MIO GEAR 125,Scooter,79400.0,3,TUBOD,25.8,12,4,4.01
YAMAHA,MIO SPORTY,Scooter,73900.0,3,TUBOD,5.8,11,9,3.92
SUZUKI,RAIDER 150 FI,Sport Underbone,119900.0,3,TUBOD,19.7,19,3,5.73
HONDA,WAVE RSX,Underbone,64900.0,2,KAPATAGAN,34.5,15,7,4.44
YAMAHA,MIO FAZZIO,Retro Scooter,93900.0,3,TUBOD,59.1,4,6,1.5
KAWASAKI,CT100B,Backbone/Utility,54000.0,2,KAPATAGAN,8.0,16,5,5.09
KAWASAKI,P24KK (BARAKO II),Backbone/Tricycle,68500.0,1,LALA,21.1,11,7,4.16
KAWASAKI,ROUSER NS125,Sport Backbone,82000.0,3,TUBOD,19.4,13,11,4.28
YAMAHA,MIO GEAR 125,Scooter,79400.0,3,TUBOD,76.6,14,12,3.75
KAWASAKI,P24KK (BARAKO II),Backbone/Tricycle,68500.0,2,KAPATAGAN,30.7,12,1,4.29
SUZUKI,RAIDER 150 FI,Sport Underbone,119900.0,1,LALA,31.4,12,6,4.15
HONDA,ADV160,Adventure Scooter,166900.0,3,TUBOD,16.6,10,9,2.82
HONDA,ADV160,Adventure Scooter,166900.0,2,KAPATAGAN,6.8,7,1,2.46
YAMAHA,AEROX 155,Sport Scooter,125400.0,1,LALA,86.5,16,3,4.68
HONDA,CLICK 160,Scooter,122900.0,3,TUBOD,10.0,9,3,3.3
HONDA,WAVE RSX,Underbone,64900.0,3,TUBOD,52.5,10,6,3.05
YAMAHA,NMAX 155,Maxi-Scooter,151900.0,1,LALA,81.0,7,5,2.18
YAMAHA,SNIPER 155,Sport Underbone,123900.0,3,TUBOD,16.9,8,3,2.81
SUZUKI,SMASH 115,Underbone,62400.0,1,LALA,36.2,13,3,4.36
YAMAHA,MIO SPORTY,Scooter,73900.0,1,LALA,4.5,24,8,8.11
HONDA,TMX125 ALPHA,Backbone/Utility,57900.0,1,LALA,44.0,16,10,5.63
YAMAHA,SNIPER 155,Sport Underbone,123900.0,3,TUBOD,3.5,9,8,2.93
KAWASAKI,P24KK (BARAKO II),Backbone/Tricycle,68500.0,1,LALA,10.4,25,3,8.12
SUZUKI,RAIDER 150 FI,Sport Underbone,119900.0,2,KAPATAGAN,17.3,18,4,5.49
HONDA,ADV160,Adventure Scooter,166900.0,1,LALA,29.3,3,8,1.82
YAMAHA,AEROX 155,Sport Scooter,125400.0,3,TUBOD,16.6,20,1,6.33
HONDA,CLICK 160,Scooter,122900.0,2,KAPATAGAN,37.3,18,12,5.88
YAMAHA,NMAX 155,Maxi-Scooter,151900.0,2,KAPATAGAN,36.6,14,7,4.15
KAWASAKI,CT100B,Backbone/Utility,54000.0,1,LALA,11.2,17,4,5.55
HONDA,CLICK 160,Scooter,122900.0,3,TUBOD,87.3,9,11,2.82
KAWASAKI,CT100B,Backbone/Utility,54000.0,2,KAPATAGAN,13.4,13,3,5.34
SUZUKI,RAIDER 150 FI,Sport Underbone,119900.0,3,TUBOD,28.8,3,9,1.67
HONDA,CLICK 160,Scooter,122900.0,3,TUBOD,28.8,8,2,2.93
YAMAHA,MIO SPORTY,Scooter,73900.0,2,KAPATAGAN,5.8,15,1,5.38
KAWASAKI,CT100B,Backbone/Utility,54000.0,2,KAPATAGAN,5.7,17,5,5.91
HONDA,PCX160,Maxi-Scooter,134900.0,3,TUBOD,4.7,17,7,4.46
YAMAHA,MIO FAZZIO,Retro Scooter,93900.0,2,KAPATAGAN,17.8,11,8,3.32
SUZUKI,RAIDER 150 FI,Sport Underbone,119900.0,3,TUBOD,70.8,7,11,2.37
YAMAHA,MIO SPORTY,Scooter,73900.0,2,KAPATAGAN,43.2,11,2,4.22
KAWASAKI,P24KK (BARAKO II),Backbone/Tricycle,68500.0,1,LALA,21.1,17,3,5.27
YAMAHA,AEROX 155,Sport Scooter,125400.0,1,LALA,40.7,24,3,7.47
HONDA,PCX160,Maxi-Scooter,134900.0,1,LALA,30.0,14,12,4.23
YAMAHA,MIO GEAR 125,Scooter,79400.0,2,KAPATAGAN,21.4,12,11,3.61
YAMAHA,NMAX 155,Maxi-Scooter,151900.0,3,TUBOD,13.2,12,10,4.4
YAMAHA,MIO GEAR 125,Scooter,79400.0,3,TUBOD,16.7,8,10,3.18
KAWASAKI,CT100B,Backbone/Utility,54000.0,1,LALA,12.3,17,11,5.67
KAWASAKI,CT100B,Backbone/Utility,54000.0,3,TUBOD,44.1,7,11,2.47
HONDA,CLICK 160,Scooter,122900.0,1,LALA,41.0,18,2,5.9
YAMAHA,MIO GEAR 125,Scooter,79400.0,3,TUBOD,38.2,8,2,2.64
YAMAHA,SNIPER 155,Sport Underbone,123900.0,2,KAPATAGAN,22.7,12,4,3.89
KAWASAKI,P24KK (BARAKO II),Backbone/Tricycle,68500.0,1,LALA,22.4,17,5,5.54
SUZUKI,RAIDER 150 FI,Sport Underbone,119900.0,1,LALA,16.4,15,6,5.2
YAMAHA,MIO GEAR 125,Scooter,79400.0,3,TUBOD,59.1,6,4,2.81
HONDA,BEAT PREMIUM,Scooter,72400.0,2,KAPATAGAN,25.2,14,9,5.16
KAWASAKI,ROUSER NS125,Sport Backbone,82000.0,3,TUBOD,32.6,5,10,1.82
HONDA,PCX160,Maxi-Scooter,134900.0,1,LALA,37.2,7,11,2.73
KAWASAKI,ROUSER NS125,Sport Backbone,82000.0,1,LALA,51.8,6,2,2.18
HONDA,WAVE RSX,Underbone,64900.0,2,KAPATAGAN,75.8,6,10,2.38
YAMAHA,MIO SPORTY,Scooter,73900.0,2,KAPATAGAN,13.6,21,5,6.66
SUZUKI,BURGMAN STREET 125,Maxi-Scooter,83400.0,3,TUBOD,8.3,10,8,3.49
YAMAHA,MIO GEAR 125,Scooter,79400.0,2,KAPATAGAN,43.4,16,7,5.02
YAMAHA,AEROX 155,Sport Scooter,125400.0,1,LALA,78.1,10,6,3.51
KAWASAKI,CT100B,Backbone/Utility,54000.0,1,LALA,63.4,9,12,3.27
HONDA,ADV160,Adventure Scooter,166900.0,2,KAPATAGAN,40.6,7,4,2.56
YAMAHA,MIO SPORTY,Scooter,73900.0,3,TUBOD,27.3,10,6,3.82
HONDA,CLICK 160,Scooter,122900.0,2,KAPATAGAN,19.0,9,6,3.73
KAWASAKI,CT100B,Backbone/Utility,54000.0,3,TUBOD,11.0,10,3,3.5
KAWASAKI,P24KK (BARAKO II),Backbone/Tricycle,68500.0,3,TUBOD,19.8,14,4,4.88
KAWASAKI,P24KK (BARAKO II),Backbone/Tricycle,68500.0,1,LALA,30.2,8,10,3.5
SUZUKI,SMASH 115,Underbone,62400.0,1,LALA,15.9,17,10,6.04
KAWASAKI,P24KK (BARAKO II),Backbone/Tricycle,68500.0,1,LALA,23.3,10,10,3.8
KAWASAKI,P24KK (BARAKO II),Backbone/Tricycle,68500.0,2,KAPATAGAN,31.8,17,12,6.53
YAMAHA,MIO FAZZIO,Retro Scooter,93900.0,2,KAPATAGAN,7.7,16,8,4.85
KAWASAKI,CT100B,Backbone/Utility,54000.0,1,LALA,18.3,18,12,5.57
